mtllib model_1.mtl
o model_1
v 33.79702377319336 -14.415493965148926 73.56242370605469 
v 33.79702377319336 -14.415493965148926 36.79917907714844 
v 33.566009521484375 -14.474690437316895 73.56242370605469 
v 33.566009521484375 -14.474690437316895 36.79917907714844 
v 33.566009521484375 -14.474690437316895 73.56242370605469 
v 33.4010009765625 -14.637481689453125 73.56242370605469 
v 33.79702377319336 -14.415493965148926 36.79917907714844 
v 33.79702377319336 -14.415493965148926 -7.105430068106433e-14 
v 33.4010009765625 -14.637481689453125 73.56242370605469 
v 33.4010009765625 -14.637481689453125 36.79917907714844 
v 33.4010009765625 -14.637481689453125 73.56242370605469 
v 33.235992431640625 -14.800272941589355 73.56242370605469 
v 33.235992431640625 -14.800272941589355 73.56242370605469 
v 33.235992431640625 -14.800272941589355 36.79917907714844 
v 33.4010009765625 -14.637481689453125 -7.105430068106433e-14 
v 33.566009521484375 -14.474690437316895 -7.105430068106433e-14 
v 33.4010009765625 -14.637481689453125 36.79917907714844 
v 33.79702377319336 -14.415493965148926 -7.105430068106433e-14 
v 33.16999053955078 -15.022260665893555 -7.105430068106433e-14 
v 33.235992431640625 -14.800272941589355 -7.105430068106433e-14 
v 33.4010009765625 -14.637481689453125 -7.105430068106433e-14 
v 33.235992431640625 -14.800272941589355 73.56242370605469 
v 33.16999053955078 -15.022260665893555 36.79917907714844 
v 33.16999053955078 -15.022260665893555 -7.105430068106433e-14 
v 33.136985778808594 -15.244248390197754 -7.105430068106433e-14 
v 33.136985778808594 -15.244248390197754 36.79917907714844 
v 33.16999053955078 -15.481036186218262 -7.105430068106433e-14 
v 33.16999053955078 -15.481036186218262 36.79917907714844 
v 33.16999053955078 -15.022260665893555 73.56242370605469 
v 33.136985778808594 -15.244248390197754 73.56242370605469 
v 33.16999053955078 -15.481036186218262 73.56242370605469 
v 33.16999053955078 -15.022260665893555 73.56242370605469 
v 33.136985778808594 -15.244248390197754 73.56242370605469 
v 33.16999053955078 -15.481036186218262 36.79917907714844 
v 33.136985778808594 -15.244248390197754 73.56242370605469 
v 33.16999053955078 -15.481036186218262 -7.105430068106433e-14 
v 33.235992431640625 -15.703023910522461 -7.105430068106433e-14 
v 33.235992431640625 -15.703023910522461 36.79917907714844 
v 33.4010009765625 -15.865815162658691 36.79917907714844 
v 33.4010009765625 -15.865815162658691 73.56242370605469 
v 33.566009521484375 -16.028606414794922 73.56242370605469 
v 33.16999053955078 -15.481036186218262 73.56242370605469 
v 33.4010009765625 -15.865815162658691 -7.105430068106433e-14 
v 33.566009521484375 -16.028606414794922 36.79917907714844 
v 33.566009521484375 -16.028606414794922 73.56242370605469 
v 33.235992431640625 -15.703023910522461 73.56242370605469 
v 33.4010009765625 -15.865815162658691 73.56242370605469 
v 33.16999053955078 -15.481036186218262 73.56242370605469 
v 33.235992431640625 -15.703023910522461 73.56242370605469 
v 33.566009521484375 -16.028606414794922 73.56242370605469 
v 33.79702377319336 -16.08780288696289 73.56242370605469 
v 33.79702377319336 -16.08780288696289 73.56242370605469 
v 33.79702377319336 -16.08780288696289 36.79917907714844 
v 33.79702377319336 -16.08780288696289 73.56242370605469 
v 34.02803421020508 -16.14699935913086 73.56242370605469 
v 33.79702377319336 -16.08780288696289 -7.105430068106433e-14 
v 34.02803421020508 -16.14699935913086 36.79917907714844 
v 34.25904846191406 -16.08780288696289 73.56242370605469 
v 34.02803421020508 -16.14699935913086 73.56242370605469 
v 33.79702377319336 -16.08780288696289 36.79917907714844 
v 33.566009521484375 -16.028606414794922 -7.105430068106433e-14 
v 33.4010009765625 -15.865815162658691 -7.105430068106433e-14 
v 33.79702377319336 -16.08780288696289 36.79917907714844 
v 33.79702377319336 -16.08780288696289 -7.105430068106433e-14 
v 34.25904846191406 -16.08780288696289 73.56242370605469 
v 34.25904846191406 -16.08780288696289 36.79917907714844 
v 34.25904846191406 -16.08780288696289 73.56242370605469 
v 34.45705795288086 -16.028606414794922 73.56242370605469 
v 34.25904846191406 -16.08780288696289 -7.105430068106433e-14 
v 34.45705795288086 -16.028606414794922 36.79917907714844 
v 34.45705795288086 -16.028606414794922 -7.105430068106433e-14 
v 34.622066497802734 -15.865815162658691 36.79917907714844 
v 34.45705795288086 -16.028606414794922 73.56242370605469 
v 34.25904846191406 -16.08780288696289 36.79917907714844 
v 34.45705795288086 -16.028606414794922 73.56242370605469 
v 34.622066497802734 -15.865815162658691 73.56242370605469 
v 34.622066497802734 -15.865815162658691 73.56242370605469 
v 34.622066497802734 -15.865815162658691 36.79917907714844 
v 34.622066497802734 -15.865815162658691 -7.105430068106433e-14 
v 34.787078857421875 -15.703023910522461 36.79917907714844 
v 34.787078857421875 -15.703023910522461 73.56242370605469 
v 34.787078857421875 -15.703023910522461 -7.105430068106433e-14 
v 34.85308074951172 -15.481036186218262 -7.105430068106433e-14 
v 34.85308074951172 -15.481036186218262 36.79917907714844 
v 34.91908645629883 -15.244248390197754 -7.105430068106433e-14 
v 34.85308074951172 -15.481036186218262 73.56242370605469 
v 34.787078857421875 -15.703023910522461 73.56242370605469 
v 34.85308074951172 -15.481036186218262 36.79917907714844 
v 34.787078857421875 -15.703023910522461 73.56242370605469 
v 34.85308074951172 -15.481036186218262 73.56242370605469 
v 34.91908645629883 -15.244248390197754 36.79917907714844 
v 34.85308074951172 -15.022260665893555 -7.105430068106433e-14 
v 34.91908645629883 -15.244248390197754 73.56242370605469 
v 34.85308074951172 -15.481036186218262 73.56242370605469 
v 34.91908645629883 -15.244248390197754 73.56242370605469 
v 34.85308074951172 -15.022260665893555 36.79917907714844 
v 34.85308074951172 -15.022260665893555 -7.105430068106433e-14 
v 34.787078857421875 -14.800272941589355 -7.105430068106433e-14 
v 34.787078857421875 -14.800272941589355 36.79917907714844 
v 34.622066497802734 -14.637481689453125 36.79917907714844 
v 34.622066497802734 -14.637481689453125 73.56242370605469 
v 34.85308074951172 -15.022260665893555 73.56242370605469 
v 34.622066497802734 -14.637481689453125 -7.105430068106433e-14 
v 34.45705795288086 -14.474690437316895 36.79917907714844 
v 34.622066497802734 -14.637481689453125 -7.105430068106433e-14 
v 34.45705795288086 -14.474690437316895 -7.105430068106433e-14 
v 34.45705795288086 -14.474690437316895 73.56242370605469 
v 34.622066497802734 -14.637481689453125 36.79917907714844 
v 34.622066497802734 -14.637481689453125 73.56242370605469 
v 34.45705795288086 -14.474690437316895 73.56242370605469 
v 34.85308074951172 -15.022260665893555 73.56242370605469 
v 34.91908645629883 -15.244248390197754 73.56242370605469 
v 34.622066497802734 -14.637481689453125 73.56242370605469 
v 34.787078857421875 -14.800272941589355 73.56242370605469 
v 34.787078857421875 -14.800272941589355 73.56242370605469 
v 34.85308074951172 -15.022260665893555 73.56242370605469 
v 33.79702377319336 -14.415493965148926 73.56242370605469 
v 33.566009521484375 -14.474690437316895 73.56242370605469 
v 33.79702377319336 -14.415493965148926 36.79917907714844 
v 33.566009521484375 -14.474690437316895 36.79917907714844 
v 33.4010009765625 -14.637481689453125 73.56242370605469 
v 33.566009521484375 -14.474690437316895 73.56242370605469 
v 33.79702377319336 -14.415493965148926 36.79917907714844 
v 33.79702377319336 -14.415493965148926 -7.105430068106433e-14 
v 33.4010009765625 -14.637481689453125 36.79917907714844 
v 33.4010009765625 -14.637481689453125 73.56242370605469 
v 33.4010009765625 -14.637481689453125 73.56242370605469 
v 33.235992431640625 -14.800272941589355 73.56242370605469 
v 33.235992431640625 -14.800272941589355 73.56242370605469 
v 33.235992431640625 -14.800272941589355 36.79917907714844 
v 33.4010009765625 -14.637481689453125 -7.105430068106433e-14 
v 33.566009521484375 -14.474690437316895 -7.105430068106433e-14 
v 33.79702377319336 -14.415493965148926 -7.105430068106433e-14 
v 33.4010009765625 -14.637481689453125 36.79917907714844 
v 33.16999053955078 -15.022260665893555 -7.105430068106433e-14 
v 33.235992431640625 -14.800272941589355 -7.105430068106433e-14 
v 33.4010009765625 -14.637481689453125 -7.105430068106433e-14 
v 33.235992431640625 -14.800272941589355 73.56242370605469 
v 33.16999053955078 -15.022260665893555 36.79917907714844 
v 33.16999053955078 -15.022260665893555 -7.105430068106433e-14 
v 33.136985778808594 -15.244248390197754 -7.105430068106433e-14 
v 33.136985778808594 -15.244248390197754 36.79917907714844 
v 33.16999053955078 -15.481036186218262 -7.105430068106433e-14 
v 33.16999053955078 -15.481036186218262 36.79917907714844 
v 33.16999053955078 -15.022260665893555 73.56242370605469 
v 33.16999053955078 -15.481036186218262 73.56242370605469 
v 33.136985778808594 -15.244248390197754 73.56242370605469 
v 33.136985778808594 -15.244248390197754 73.56242370605469 
v 33.16999053955078 -15.022260665893555 73.56242370605469 
v 33.136985778808594 -15.244248390197754 73.56242370605469 
v 33.16999053955078 -15.481036186218262 36.79917907714844 
v 33.16999053955078 -15.481036186218262 -7.105430068106433e-14 
v 33.235992431640625 -15.703023910522461 -7.105430068106433e-14 
v 33.235992431640625 -15.703023910522461 36.79917907714844 
v 33.4010009765625 -15.865815162658691 36.79917907714844 
v 33.4010009765625 -15.865815162658691 73.56242370605469 
v 33.566009521484375 -16.028606414794922 73.56242370605469 
v 33.16999053955078 -15.481036186218262 73.56242370605469 
v 33.4010009765625 -15.865815162658691 -7.105430068106433e-14 
v 33.566009521484375 -16.028606414794922 36.79917907714844 
v 33.566009521484375 -16.028606414794922 73.56242370605469 
v 33.235992431640625 -15.703023910522461 73.56242370605469 
v 33.4010009765625 -15.865815162658691 73.56242370605469 
v 33.235992431640625 -15.703023910522461 73.56242370605469 
v 33.16999053955078 -15.481036186218262 73.56242370605469 
v 33.79702377319336 -16.08780288696289 73.56242370605469 
v 33.566009521484375 -16.028606414794922 73.56242370605469 
v 33.79702377319336 -16.08780288696289 36.79917907714844 
v 33.79702377319336 -16.08780288696289 73.56242370605469 
v 34.02803421020508 -16.14699935913086 73.56242370605469 
v 33.79702377319336 -16.08780288696289 73.56242370605469 
v 34.02803421020508 -16.14699935913086 36.79917907714844 
v 33.79702377319336 -16.08780288696289 -7.105430068106433e-14 
v 34.25904846191406 -16.08780288696289 73.56242370605469 
v 34.02803421020508 -16.14699935913086 73.56242370605469 
v 33.79702377319336 -16.08780288696289 36.79917907714844 
v 33.566009521484375 -16.028606414794922 -7.105430068106433e-14 
v 33.4010009765625 -15.865815162658691 -7.105430068106433e-14 
v 33.79702377319336 -16.08780288696289 -7.105430068106433e-14 
v 33.79702377319336 -16.08780288696289 36.79917907714844 
v 34.25904846191406 -16.08780288696289 36.79917907714844 
v 34.25904846191406 -16.08780288696289 73.56242370605469 
v 34.45705795288086 -16.028606414794922 73.56242370605469 
v 34.25904846191406 -16.08780288696289 73.56242370605469 
v 34.25904846191406 -16.08780288696289 -7.105430068106433e-14 
v 34.45705795288086 -16.028606414794922 36.79917907714844 
v 34.45705795288086 -16.028606414794922 -7.105430068106433e-14 
v 34.622066497802734 -15.865815162658691 36.79917907714844 
v 34.25904846191406 -16.08780288696289 36.79917907714844 
v 34.45705795288086 -16.028606414794922 73.56242370605469 
v 34.622066497802734 -15.865815162658691 73.56242370605469 
v 34.45705795288086 -16.028606414794922 73.56242370605469 
v 34.622066497802734 -15.865815162658691 36.79917907714844 
v 34.622066497802734 -15.865815162658691 73.56242370605469 
v 34.622066497802734 -15.865815162658691 -7.105430068106433e-14 
v 34.787078857421875 -15.703023910522461 36.79917907714844 
v 34.787078857421875 -15.703023910522461 73.56242370605469 
v 34.787078857421875 -15.703023910522461 -7.105430068106433e-14 
v 34.85308074951172 -15.481036186218262 -7.105430068106433e-14 
v 34.85308074951172 -15.481036186218262 36.79917907714844 
v 34.91908645629883 -15.244248390197754 -7.105430068106433e-14 
v 34.85308074951172 -15.481036186218262 73.56242370605469 
v 34.787078857421875 -15.703023910522461 73.56242370605469 
v 34.622066497802734 -15.865815162658691 73.56242370605469 
v 34.787078857421875 -15.703023910522461 73.56242370605469 
v 34.85308074951172 -15.481036186218262 36.79917907714844 
v 34.787078857421875 -15.703023910522461 73.56242370605469 
v 34.85308074951172 -15.022260665893555 -7.105430068106433e-14 
v 34.91908645629883 -15.244248390197754 36.79917907714844 
v 34.85308074951172 -15.481036186218262 73.56242370605469 
v 34.91908645629883 -15.244248390197754 73.56242370605469 
v 34.85308074951172 -15.481036186218262 73.56242370605469 
v 34.91908645629883 -15.244248390197754 73.56242370605469 
v 34.85308074951172 -15.022260665893555 36.79917907714844 
v 34.85308074951172 -15.022260665893555 -7.105430068106433e-14 
v 34.787078857421875 -14.800272941589355 -7.105430068106433e-14 
v 34.787078857421875 -14.800272941589355 36.79917907714844 
v 34.622066497802734 -14.637481689453125 36.79917907714844 
v 34.622066497802734 -14.637481689453125 73.56242370605469 
v 34.85308074951172 -15.022260665893555 73.56242370605469 
v 34.622066497802734 -14.637481689453125 -7.105430068106433e-14 
v 34.45705795288086 -14.474690437316895 36.79917907714844 
v 34.622066497802734 -14.637481689453125 73.56242370605469 
v 34.787078857421875 -14.800272941589355 73.56242370605469 
v 34.85308074951172 -15.022260665893555 73.56242370605469 
v 34.787078857421875 -14.800272941589355 73.56242370605469 
v 34.85308074951172 -15.022260665893555 73.56242370605469 
v 34.91908645629883 -15.244248390197754 73.56242370605469 
v 34.45705795288086 -14.474690437316895 -7.105430068106433e-14 
v 34.622066497802734 -14.637481689453125 -7.105430068106433e-14 
v 34.45705795288086 -14.474690437316895 73.56242370605469 
v 34.622066497802734 -14.637481689453125 36.79917907714844 
v 34.45705795288086 -14.474690437316895 73.56242370605469 
v 34.622066497802734 -14.637481689453125 73.56242370605469 
v 33.79702377319336 -14.415493965148926 73.56242370605469 
v 33.79702377319336 -14.415493965148926 36.79917907714844 
v 34.02803421020508 -14.35629653930664 36.79917907714844 
v 34.02803421020508 -14.35629653930664 73.56242370605469 
v 33.79702377319336 -14.415493965148926 73.56242370605469 
v 34.25904846191406 -14.415493965148926 -7.105430068106433e-14 
v 34.25904846191406 -14.415493965148926 36.79917907714844 
v 34.02803421020508 -14.35629653930664 73.56242370605469 
v 34.25904846191406 -14.415493965148926 73.56242370605469 
v 34.25904846191406 -14.415493965148926 36.79917907714844 
v 34.25904846191406 -14.415493965148926 -7.105430068106433e-14 
v 34.02803421020508 -14.35629653930664 -7.105430068106433e-14 
v 33.79702377319336 -14.415493965148926 36.79917907714844 
v 33.79702377319336 -14.415493965148926 -7.105430068106433e-14 
v 33.79702377319336 -14.415493965148926 36.79917907714844 
v 33.79702377319336 -14.415493965148926 73.56242370605469 
v 34.02803421020508 -14.35629653930664 36.79917907714844 
v 33.79702377319336 -14.415493965148926 73.56242370605469 
v 34.02803421020508 -14.35629653930664 73.56242370605469 
v 34.25904846191406 -14.415493965148926 -7.105430068106433e-14 
v 34.25904846191406 -14.415493965148926 36.79917907714844 
v 34.02803421020508 -14.35629653930664 73.56242370605469 
v 34.25904846191406 -14.415493965148926 73.56242370605469 
v 34.25904846191406 -14.415493965148926 36.79917907714844 
v 34.25904846191406 -14.415493965148926 -7.105430068106433e-14 
v 34.02803421020508 -14.35629653930664 -7.105430068106433e-14 
v 33.79702377319336 -14.415493965148926 -7.105430068106433e-14 
v 33.79702377319336 -14.415493965148926 36.79917907714844 
v 34.25904846191406 -14.415493965148926 36.79917907714844 
v 34.25904846191406 -14.415493965148926 -7.105430068106433e-14 
v 34.45705795288086 -14.474690437316895 -7.105430068106433e-14 
v 34.25904846191406 -14.415493965148926 -7.105430068106433e-14 
v 34.45705795288086 -14.474690437316895 -7.105430068106433e-14 
v 34.25904846191406 -14.415493965148926 36.79917907714844 
v 34.25904846191406 -14.415493965148926 73.56242370605469 
v 34.25904846191406 -14.415493965148926 36.79917907714844 
v 34.45705795288086 -14.474690437316895 36.79917907714844 
v 34.45705795288086 -14.474690437316895 73.56242370605469 
v 34.25904846191406 -14.415493965148926 73.56242370605469 
v 34.45705795288086 -14.474690437316895 36.79917907714844 
v 34.45705795288086 -14.474690437316895 -7.105430068106433e-14 
v 34.25904846191406 -14.415493965148926 36.79917907714844 
v 34.45705795288086 -14.474690437316895 36.79917907714844 
v 34.25904846191406 -14.415493965148926 73.56242370605469 
v 34.45705795288086 -14.474690437316895 36.79917907714844 
v 34.45705795288086 -14.474690437316895 -7.105430068106433e-14 
v 34.25904846191406 -14.415493965148926 73.56242370605469 
v 34.45705795288086 -14.474690437316895 73.56242370605469 
v 33.235992431640625 -14.800272941589355 73.56242370605469 
v 33.16999053955078 -15.022260665893555 73.56242370605469 
v 33.16999053955078 -15.022260665893555 36.79917907714844 
v 33.16999053955078 -15.022260665893555 73.56242370605469 
v 33.16999053955078 -15.022260665893555 36.79917907714844 
v 33.235992431640625 -14.800272941589355 73.56242370605469 
v 33.79702377319336 -16.08780288696289 -7.105430068106433e-14 
v 34.02803421020508 -16.14699935913086 -7.105430068106433e-14 
v 34.25904846191406 -16.08780288696289 36.79917907714844 
v 34.25904846191406 -16.08780288696289 36.79917907714844 
v 34.25904846191406 -16.08780288696289 -7.105430068106433e-14 
v 33.79702377319336 -16.08780288696289 -7.105430068106433e-14 
v 34.02803421020508 -16.14699935913086 -7.105430068106433e-14 
v 34.25904846191406 -16.08780288696289 36.79917907714844 
v 34.25904846191406 -16.08780288696289 -7.105430068106433e-14 
v 34.25904846191406 -16.08780288696289 36.79917907714844 
v 34.787078857421875 -15.703023910522461 73.56242370605469 
v 34.622066497802734 -15.865815162658691 73.56242370605469 
v -31.513538360595703 -14.415493965148926 73.56242370605469 
v -31.28252601623535 -14.474690437316895 73.56242370605469 
v -31.513538360595703 -14.415493965148926 36.79917907714844 
v -31.28252601623535 -14.474690437316895 36.79917907714844 
v -31.117517471313477 -14.637481689453125 73.56242370605469 
v -31.28252601623535 -14.474690437316895 73.56242370605469 
v -31.513538360595703 -14.415493965148926 36.79917907714844 
v -31.513538360595703 -14.415493965148926 -7.105430068106433e-14 
v -31.117517471313477 -14.637481689453125 36.79917907714844 
v -31.117517471313477 -14.637481689453125 73.56242370605469 
v -31.117517471313477 -14.637481689453125 73.56242370605469 
v -30.9525089263916 -14.800272941589355 73.56242370605469 
v -30.9525089263916 -14.800272941589355 73.56242370605469 
v -30.9525089263916 -14.800272941589355 36.79917907714844 
v -31.117517471313477 -14.637481689453125 -7.105430068106433e-14 
v -31.28252601623535 -14.474690437316895 -7.105430068106433e-14 
v -31.513538360595703 -14.415493965148926 -7.105430068106433e-14 
v -31.117517471313477 -14.637481689453125 36.79917907714844 
v -30.886505126953125 -15.022260665893555 -7.105430068106433e-14 
v -30.9525089263916 -14.800272941589355 -7.105430068106433e-14 
v -31.117517471313477 -14.637481689453125 -7.105430068106433e-14 
v -30.9525089263916 -14.800272941589355 73.56242370605469 
v -30.886505126953125 -15.022260665893555 36.79917907714844 
v -30.886505126953125 -15.022260665893555 -7.105430068106433e-14 
v -30.85350227355957 -15.244248390197754 -7.105430068106433e-14 
v -30.85350227355957 -15.244248390197754 36.79917907714844 
v -30.886505126953125 -15.481036186218262 -7.105430068106433e-14 
v -30.886505126953125 -15.481036186218262 36.79917907714844 
v -30.886505126953125 -15.022260665893555 73.56242370605469 
v -30.886505126953125 -15.481036186218262 73.56242370605469 
v -30.85350227355957 -15.244248390197754 73.56242370605469 
v -30.85350227355957 -15.244248390197754 73.56242370605469 
v -30.886505126953125 -15.022260665893555 73.56242370605469 
v -30.85350227355957 -15.244248390197754 73.56242370605469 
v -30.886505126953125 -15.481036186218262 36.79917907714844 
v -30.886505126953125 -15.481036186218262 -7.105430068106433e-14 
v -30.9525089263916 -15.703023910522461 -7.105430068106433e-14 
v -30.9525089263916 -15.703023910522461 36.79917907714844 
v -31.117517471313477 -15.865815162658691 36.79917907714844 
v -31.117517471313477 -15.865815162658691 73.56242370605469 
v -31.28252601623535 -16.028606414794922 73.56242370605469 
v -30.886505126953125 -15.481036186218262 73.56242370605469 
v -31.117517471313477 -15.865815162658691 -7.105430068106433e-14 
v -31.28252601623535 -16.028606414794922 36.79917907714844 
v -31.28252601623535 -16.028606414794922 73.56242370605469 
v -30.9525089263916 -15.703023910522461 73.56242370605469 
v -31.117517471313477 -15.865815162658691 73.56242370605469 
v -30.9525089263916 -15.703023910522461 73.56242370605469 
v -30.886505126953125 -15.481036186218262 73.56242370605469 
v -31.513538360595703 -16.08780288696289 73.56242370605469 
v -31.28252601623535 -16.028606414794922 73.56242370605469 
v -31.513538360595703 -16.08780288696289 36.79917907714844 
v -31.513538360595703 -16.08780288696289 73.56242370605469 
v -31.744550704956055 -16.14699935913086 73.56242370605469 
v -31.513538360595703 -16.08780288696289 73.56242370605469 
v -31.744550704956055 -16.14699935913086 36.79917907714844 
v -31.513538360595703 -16.08780288696289 -7.105430068106433e-14 
v -31.975563049316406 -16.08780288696289 73.56242370605469 
v -31.744550704956055 -16.14699935913086 73.56242370605469 
v -31.513538360595703 -16.08780288696289 36.79917907714844 
v -31.28252601623535 -16.028606414794922 -7.105430068106433e-14 
v -31.117517471313477 -15.865815162658691 -7.105430068106433e-14 
v -31.513538360595703 -16.08780288696289 -7.105430068106433e-14 
v -31.513538360595703 -16.08780288696289 36.79917907714844 
v -31.975563049316406 -16.08780288696289 36.79917907714844 
v -31.975563049316406 -16.08780288696289 73.56242370605469 
v -32.17357635498047 -16.028606414794922 73.56242370605469 
v -31.975563049316406 -16.08780288696289 73.56242370605469 
v -31.975563049316406 -16.08780288696289 -7.105430068106433e-14 
v -32.17357635498047 -16.028606414794922 36.79917907714844 
v -32.17357635498047 -16.028606414794922 -7.105430068106433e-14 
v -32.338584899902344 -15.865815162658691 36.79917907714844 
v -31.975563049316406 -16.08780288696289 36.79917907714844 
v -32.17357635498047 -16.028606414794922 73.56242370605469 
v -32.338584899902344 -15.865815162658691 73.56242370605469 
v -32.17357635498047 -16.028606414794922 73.56242370605469 
v -32.338584899902344 -15.865815162658691 36.79917907714844 
v -32.338584899902344 -15.865815162658691 73.56242370605469 
v -32.338584899902344 -15.865815162658691 -7.105430068106433e-14 
v -32.50359344482422 -15.703023910522461 36.79917907714844 
v -32.50359344482422 -15.703023910522461 73.56242370605469 
v -32.50359344482422 -15.703023910522461 -7.105430068106433e-14 
v -32.56959533691406 -15.481036186218262 -7.105430068106433e-14 
v -32.56959533691406 -15.481036186218262 36.79917907714844 
v -32.63560104370117 -15.244248390197754 -7.105430068106433e-14 
v -32.56959533691406 -15.481036186218262 73.56242370605469 
v -32.50359344482422 -15.703023910522461 73.56242370605469 
v -32.338584899902344 -15.865815162658691 73.56242370605469 
v -32.50359344482422 -15.703023910522461 73.56242370605469 
v -32.56959533691406 -15.481036186218262 36.79917907714844 
v -32.50359344482422 -15.703023910522461 73.56242370605469 
v -32.56959533691406 -15.022260665893555 -7.105430068106433e-14 
v -32.63560104370117 -15.244248390197754 36.79917907714844 
v -32.56959533691406 -15.481036186218262 73.56242370605469 
v -32.63560104370117 -15.244248390197754 73.56242370605469 
v -32.56959533691406 -15.481036186218262 73.56242370605469 
v -32.63560104370117 -15.244248390197754 73.56242370605469 
v -32.56959533691406 -15.022260665893555 36.79917907714844 
v -32.56959533691406 -15.022260665893555 -7.105430068106433e-14 
v -32.50359344482422 -14.800272941589355 -7.105430068106433e-14 
v -32.50359344482422 -14.800272941589355 36.79917907714844 
v -32.338584899902344 -14.637481689453125 36.79917907714844 
v -32.338584899902344 -14.637481689453125 73.56242370605469 
v -32.56959533691406 -15.022260665893555 73.56242370605469 
v -32.338584899902344 -14.637481689453125 -7.105430068106433e-14 
v -32.17357635498047 -14.474690437316895 36.79917907714844 
v -32.338584899902344 -14.637481689453125 73.56242370605469 
v -32.50359344482422 -14.800272941589355 73.56242370605469 
v -32.56959533691406 -15.022260665893555 73.56242370605469 
v -32.50359344482422 -14.800272941589355 73.56242370605469 
v -32.56959533691406 -15.022260665893555 73.56242370605469 
v -32.63560104370117 -15.244248390197754 73.56242370605469 
v -32.17357635498047 -14.474690437316895 -7.105430068106433e-14 
v -32.338584899902344 -14.637481689453125 -7.105430068106433e-14 
v -32.17357635498047 -14.474690437316895 73.56242370605469 
v -32.338584899902344 -14.637481689453125 36.79917907714844 
v -32.17357635498047 -14.474690437316895 73.56242370605469 
v -32.338584899902344 -14.637481689453125 73.56242370605469 
v -31.513538360595703 -14.415493965148926 73.56242370605469 
v -31.28252601623535 -14.474690437316895 73.56242370605469 
v -31.513538360595703 -14.415493965148926 36.79917907714844 
v -31.28252601623535 -14.474690437316895 36.79917907714844 
v -31.28252601623535 -14.474690437316895 73.56242370605469 
v -31.117517471313477 -14.637481689453125 73.56242370605469 
v -31.513538360595703 -14.415493965148926 36.79917907714844 
v -31.513538360595703 -14.415493965148926 -7.105430068106433e-14 
v -31.117517471313477 -14.637481689453125 73.56242370605469 
v -31.117517471313477 -14.637481689453125 36.79917907714844 
v -30.9525089263916 -14.800272941589355 73.56242370605469 
v -31.117517471313477 -14.637481689453125 73.56242370605469 
v -30.9525089263916 -14.800272941589355 73.56242370605469 
v -30.9525089263916 -14.800272941589355 36.79917907714844 
v -31.117517471313477 -14.637481689453125 -7.105430068106433e-14 
v -31.28252601623535 -14.474690437316895 -7.105430068106433e-14 
v -31.117517471313477 -14.637481689453125 36.79917907714844 
v -31.513538360595703 -14.415493965148926 -7.105430068106433e-14 
v -30.886505126953125 -15.022260665893555 -7.105430068106433e-14 
v -30.9525089263916 -14.800272941589355 -7.105430068106433e-14 
v -31.117517471313477 -14.637481689453125 -7.105430068106433e-14 
v -30.9525089263916 -14.800272941589355 73.56242370605469 
v -30.886505126953125 -15.022260665893555 36.79917907714844 
v -30.886505126953125 -15.022260665893555 -7.105430068106433e-14 
v -30.85350227355957 -15.244248390197754 -7.105430068106433e-14 
v -30.85350227355957 -15.244248390197754 36.79917907714844 
v -30.886505126953125 -15.481036186218262 -7.105430068106433e-14 
v -30.886505126953125 -15.481036186218262 36.79917907714844 
v -30.886505126953125 -15.022260665893555 73.56242370605469 
v -30.85350227355957 -15.244248390197754 73.56242370605469 
v -30.886505126953125 -15.481036186218262 73.56242370605469 
v -30.886505126953125 -15.022260665893555 73.56242370605469 
v -30.85350227355957 -15.244248390197754 73.56242370605469 
v -30.886505126953125 -15.481036186218262 36.79917907714844 
v -30.85350227355957 -15.244248390197754 73.56242370605469 
v -30.886505126953125 -15.481036186218262 -7.105430068106433e-14 
v -30.9525089263916 -15.703023910522461 -7.105430068106433e-14 
v -30.9525089263916 -15.703023910522461 36.79917907714844 
v -31.117517471313477 -15.865815162658691 36.79917907714844 
v -31.117517471313477 -15.865815162658691 73.56242370605469 
v -31.28252601623535 -16.028606414794922 73.56242370605469 
v -30.886505126953125 -15.481036186218262 73.56242370605469 
v -31.117517471313477 -15.865815162658691 -7.105430068106433e-14 
v -31.28252601623535 -16.028606414794922 36.79917907714844 
v -31.28252601623535 -16.028606414794922 73.56242370605469 
v -30.9525089263916 -15.703023910522461 73.56242370605469 
v -31.117517471313477 -15.865815162658691 73.56242370605469 
v -30.886505126953125 -15.481036186218262 73.56242370605469 
v -30.9525089263916 -15.703023910522461 73.56242370605469 
v -31.28252601623535 -16.028606414794922 73.56242370605469 
v -31.513538360595703 -16.08780288696289 73.56242370605469 
v -31.513538360595703 -16.08780288696289 73.56242370605469 
v -31.513538360595703 -16.08780288696289 36.79917907714844 
v -31.513538360595703 -16.08780288696289 73.56242370605469 
v -31.744550704956055 -16.14699935913086 73.56242370605469 
v -31.513538360595703 -16.08780288696289 -7.105430068106433e-14 
v -31.744550704956055 -16.14699935913086 36.79917907714844 
v -31.975563049316406 -16.08780288696289 73.56242370605469 
v -31.744550704956055 -16.14699935913086 73.56242370605469 
v -31.513538360595703 -16.08780288696289 36.79917907714844 
v -31.28252601623535 -16.028606414794922 -7.105430068106433e-14 
v -31.117517471313477 -15.865815162658691 -7.105430068106433e-14 
v -31.513538360595703 -16.08780288696289 36.79917907714844 
v -31.513538360595703 -16.08780288696289 -7.105430068106433e-14 
v -31.975563049316406 -16.08780288696289 73.56242370605469 
v -31.975563049316406 -16.08780288696289 36.79917907714844 
v -31.975563049316406 -16.08780288696289 73.56242370605469 
v -32.17357635498047 -16.028606414794922 73.56242370605469 
v -31.975563049316406 -16.08780288696289 -7.105430068106433e-14 
v -32.17357635498047 -16.028606414794922 36.79917907714844 
v -32.17357635498047 -16.028606414794922 -7.105430068106433e-14 
v -32.338584899902344 -15.865815162658691 36.79917907714844 
v -32.17357635498047 -16.028606414794922 73.56242370605469 
v -31.975563049316406 -16.08780288696289 36.79917907714844 
v -32.17357635498047 -16.028606414794922 73.56242370605469 
v -32.338584899902344 -15.865815162658691 73.56242370605469 
v -32.338584899902344 -15.865815162658691 73.56242370605469 
v -32.338584899902344 -15.865815162658691 36.79917907714844 
v -32.338584899902344 -15.865815162658691 -7.105430068106433e-14 
v -32.50359344482422 -15.703023910522461 36.79917907714844 
v -32.50359344482422 -15.703023910522461 73.56242370605469 
v -32.50359344482422 -15.703023910522461 -7.105430068106433e-14 
v -32.56959533691406 -15.481036186218262 -7.105430068106433e-14 
v -32.56959533691406 -15.481036186218262 36.79917907714844 
v -32.63560104370117 -15.244248390197754 -7.105430068106433e-14 
v -32.56959533691406 -15.481036186218262 73.56242370605469 
v -32.50359344482422 -15.703023910522461 73.56242370605469 
v -32.56959533691406 -15.481036186218262 36.79917907714844 
v -32.50359344482422 -15.703023910522461 73.56242370605469 
v -32.56959533691406 -15.481036186218262 73.56242370605469 
v -32.63560104370117 -15.244248390197754 36.79917907714844 
v -32.56959533691406 -15.022260665893555 -7.105430068106433e-14 
v -32.63560104370117 -15.244248390197754 73.56242370605469 
v -32.56959533691406 -15.481036186218262 73.56242370605469 
v -32.63560104370117 -15.244248390197754 73.56242370605469 
v -32.56959533691406 -15.022260665893555 36.79917907714844 
v -32.56959533691406 -15.022260665893555 -7.105430068106433e-14 
v -32.50359344482422 -14.800272941589355 -7.105430068106433e-14 
v -32.50359344482422 -14.800272941589355 36.79917907714844 
v -32.338584899902344 -14.637481689453125 36.79917907714844 
v -32.338584899902344 -14.637481689453125 73.56242370605469 
v -32.56959533691406 -15.022260665893555 73.56242370605469 
v -32.338584899902344 -14.637481689453125 -7.105430068106433e-14 
v -32.17357635498047 -14.474690437316895 36.79917907714844 
v -32.338584899902344 -14.637481689453125 -7.105430068106433e-14 
v -32.17357635498047 -14.474690437316895 -7.105430068106433e-14 
v -32.17357635498047 -14.474690437316895 73.56242370605469 
v -32.338584899902344 -14.637481689453125 36.79917907714844 
v -32.338584899902344 -14.637481689453125 73.56242370605469 
v -32.17357635498047 -14.474690437316895 73.56242370605469 
v -32.56959533691406 -15.022260665893555 73.56242370605469 
v -32.63560104370117 -15.244248390197754 73.56242370605469 
v -32.338584899902344 -14.637481689453125 73.56242370605469 
v -32.50359344482422 -14.800272941589355 73.56242370605469 
v -32.50359344482422 -14.800272941589355 73.56242370605469 
v -32.56959533691406 -15.022260665893555 73.56242370605469 
v -31.513538360595703 -14.415493965148926 36.79917907714844 
v -31.744550704956055 -14.35629653930664 36.79917907714844 
v -31.513538360595703 -14.415493965148926 73.56242370605469 
v -31.513538360595703 -14.415493965148926 73.56242370605469 
v -31.744550704956055 -14.35629653930664 73.56242370605469 
v -31.975563049316406 -14.415493965148926 -7.105430068106433e-14 
v -31.975563049316406 -14.415493965148926 36.79917907714844 
v -31.744550704956055 -14.35629653930664 73.56242370605469 
v -31.975563049316406 -14.415493965148926 36.79917907714844 
v -31.975563049316406 -14.415493965148926 73.56242370605469 
v -31.975563049316406 -14.415493965148926 -7.105430068106433e-14 
v -31.744550704956055 -14.35629653930664 -7.105430068106433e-14 
v -31.513538360595703 -14.415493965148926 -7.105430068106433e-14 
v -31.513538360595703 -14.415493965148926 36.79917907714844 
v -31.513538360595703 -14.415493965148926 73.56242370605469 
v -31.744550704956055 -14.35629653930664 36.79917907714844 
v -31.513538360595703 -14.415493965148926 36.79917907714844 
v -31.744550704956055 -14.35629653930664 73.56242370605469 
v -31.513538360595703 -14.415493965148926 73.56242370605469 
v -31.975563049316406 -14.415493965148926 -7.105430068106433e-14 
v -31.975563049316406 -14.415493965148926 36.79917907714844 
v -31.744550704956055 -14.35629653930664 73.56242370605469 
v -31.975563049316406 -14.415493965148926 73.56242370605469 
v -31.975563049316406 -14.415493965148926 36.79917907714844 
v -31.975563049316406 -14.415493965148926 -7.105430068106433e-14 
v -31.744550704956055 -14.35629653930664 -7.105430068106433e-14 
v -31.513538360595703 -14.415493965148926 36.79917907714844 
v -31.513538360595703 -14.415493965148926 -7.105430068106433e-14 
v -31.975563049316406 -14.415493965148926 -7.105430068106433e-14 
v -32.17357635498047 -14.474690437316895 -7.105430068106433e-14 
v -31.975563049316406 -14.415493965148926 36.79917907714844 
v -31.975563049316406 -14.415493965148926 36.79917907714844 
v -31.975563049316406 -14.415493965148926 -7.105430068106433e-14 
v -32.17357635498047 -14.474690437316895 -7.105430068106433e-14 
v -31.975563049316406 -14.415493965148926 36.79917907714844 
v -32.17357635498047 -14.474690437316895 36.79917907714844 
v -31.975563049316406 -14.415493965148926 73.56242370605469 
v -32.17357635498047 -14.474690437316895 36.79917907714844 
v -32.17357635498047 -14.474690437316895 -7.105430068106433e-14 
v -31.975563049316406 -14.415493965148926 73.56242370605469 
v -32.17357635498047 -14.474690437316895 73.56242370605469 
v -31.975563049316406 -14.415493965148926 73.56242370605469 
v -31.975563049316406 -14.415493965148926 36.79917907714844 
v -32.17357635498047 -14.474690437316895 36.79917907714844 
v -32.17357635498047 -14.474690437316895 73.56242370605469 
v -31.975563049316406 -14.415493965148926 73.56242370605469 
v -32.17357635498047 -14.474690437316895 36.79917907714844 
v -32.17357635498047 -14.474690437316895 -7.105430068106433e-14 
v -30.886505126953125 -15.022260665893555 73.56242370605469 
v -30.886505126953125 -15.022260665893555 36.79917907714844 
v -30.9525089263916 -14.800272941589355 73.56242370605469 
v -30.9525089263916 -14.800272941589355 73.56242370605469 
v -30.886505126953125 -15.022260665893555 73.56242370605469 
v -30.886505126953125 -15.022260665893555 36.79917907714844 
v -31.513538360595703 -16.08780288696289 -7.105430068106433e-14 
v -31.744550704956055 -16.14699935913086 -7.105430068106433e-14 
v -31.975563049316406 -16.08780288696289 36.79917907714844 
v -31.975563049316406 -16.08780288696289 -7.105430068106433e-14 
v -31.975563049316406 -16.08780288696289 36.79917907714844 
v -31.513538360595703 -16.08780288696289 -7.105430068106433e-14 
v -31.744550704956055 -16.14699935913086 -7.105430068106433e-14 
v -31.975563049316406 -16.08780288696289 36.79917907714844 
v -31.975563049316406 -16.08780288696289 36.79917907714844 
v -31.975563049316406 -16.08780288696289 -7.105430068106433e-14 
v -32.50359344482422 -15.703023910522461 73.56242370605469 
v -32.338584899902344 -15.865815162658691 73.56242370605469 
v 33.79702377319336 12.41545581817627 73.56242370605469 
v 33.79702377319336 12.41545581817627 36.79917907714844 
v 33.566009521484375 12.474653244018555 73.56242370605469 
v 33.566009521484375 12.474653244018555 36.79917907714844 
v 33.4010009765625 12.637443542480469 73.56242370605469 
v 33.566009521484375 12.474653244018555 73.56242370605469 
v 33.79702377319336 12.41545581817627 -7.105430068106433e-14 
v 33.79702377319336 12.41545581817627 36.79917907714844 
v 33.4010009765625 12.637443542480469 36.79917907714844 
v 33.4010009765625 12.637443542480469 73.56242370605469 
v 33.4010009765625 12.637443542480469 73.56242370605469 
v 33.235992431640625 12.8002347946167 73.56242370605469 
v 33.235992431640625 12.8002347946167 73.56242370605469 
v 33.235992431640625 12.8002347946167 36.79917907714844 
v 33.4010009765625 12.637443542480469 -7.105430068106433e-14 
v 33.566009521484375 12.474653244018555 -7.105430068106433e-14 
v 33.79702377319336 12.41545581817627 -7.105430068106433e-14 
v 33.4010009765625 12.637443542480469 36.79917907714844 
v 33.16999053955078 13.022223472595215 -7.105430068106433e-14 
v 33.235992431640625 12.8002347946167 -7.105430068106433e-14 
v 33.4010009765625 12.637443542480469 -7.105430068106433e-14 
v 33.235992431640625 12.8002347946167 73.56242370605469 
v 33.16999053955078 13.022223472595215 36.79917907714844 
v 33.16999053955078 13.022223472595215 -7.105430068106433e-14 
v 33.136985778808594 13.244211196899414 -7.105430068106433e-14 
v 33.136985778808594 13.244211196899414 36.79917907714844 
v 33.16999053955078 13.480998039245605 -7.105430068106433e-14 
v 33.16999053955078 13.480998039245605 36.79917907714844 
v 33.16999053955078 13.022223472595215 73.56242370605469 
v 33.16999053955078 13.480998039245605 73.56242370605469 
v 33.136985778808594 13.244211196899414 73.56242370605469 
v 33.136985778808594 13.244211196899414 73.56242370605469 
v 33.16999053955078 13.022223472595215 73.56242370605469 
v 33.136985778808594 13.244211196899414 73.56242370605469 
v 33.16999053955078 13.480998039245605 36.79917907714844 
v 33.16999053955078 13.480998039245605 -7.105430068106433e-14 
v 33.235992431640625 13.702986717224121 -7.105430068106433e-14 
v 33.235992431640625 13.702986717224121 36.79917907714844 
v 33.4010009765625 13.865777969360352 36.79917907714844 
v 33.4010009765625 13.865777969360352 73.56242370605469 
v 33.566009521484375 14.028569221496582 73.56242370605469 
v 33.16999053955078 13.480998039245605 73.56242370605469 
v 33.4010009765625 13.865777969360352 -7.105430068106433e-14 
v 33.566009521484375 14.028569221496582 36.79917907714844 
v 33.566009521484375 14.028569221496582 73.56242370605469 
v 33.235992431640625 13.702986717224121 73.56242370605469 
v 33.4010009765625 13.865777969360352 73.56242370605469 
v 33.235992431640625 13.702986717224121 73.56242370605469 
v 33.16999053955078 13.480998039245605 73.56242370605469 
v 33.79702377319336 14.08776569366455 73.56242370605469 
v 33.566009521484375 14.028569221496582 73.56242370605469 
v 33.79702377319336 14.08776569366455 36.79917907714844 
v 33.79702377319336 14.08776569366455 73.56242370605469 
v 34.02803421020508 14.14696216583252 73.56242370605469 
v 33.79702377319336 14.08776569366455 73.56242370605469 
v 34.02803421020508 14.14696216583252 36.79917907714844 
v 33.79702377319336 14.08776569366455 -7.105430068106433e-14 
v 34.25904846191406 14.08776569366455 73.56242370605469 
v 34.02803421020508 14.14696216583252 73.56242370605469 
v 33.79702377319336 14.08776569366455 36.79917907714844 
v 33.566009521484375 14.028569221496582 -7.105430068106433e-14 
v 33.4010009765625 13.865777969360352 -7.105430068106433e-14 
v 33.79702377319336 14.08776569366455 -7.105430068106433e-14 
v 33.79702377319336 14.08776569366455 36.79917907714844 
v 34.25904846191406 14.08776569366455 36.79917907714844 
v 34.25904846191406 14.08776569366455 73.56242370605469 
v 34.45705795288086 14.028569221496582 73.56242370605469 
v 34.25904846191406 14.08776569366455 73.56242370605469 
v 34.25904846191406 14.08776569366455 -7.105430068106433e-14 
v 34.45705795288086 14.028569221496582 36.79917907714844 
v 34.45705795288086 14.028569221496582 -7.105430068106433e-14 
v 34.622066497802734 13.865777969360352 36.79917907714844 
v 34.25904846191406 14.08776569366455 36.79917907714844 
v 34.45705795288086 14.028569221496582 73.56242370605469 
v 34.622066497802734 13.865777969360352 73.56242370605469 
v 34.45705795288086 14.028569221496582 73.56242370605469 
v 34.622066497802734 13.865777969360352 36.79917907714844 
v 34.622066497802734 13.865777969360352 73.56242370605469 
v 34.622066497802734 13.865777969360352 -7.105430068106433e-14 
v 34.787078857421875 13.702986717224121 36.79917907714844 
v 34.787078857421875 13.702986717224121 73.56242370605469 
v 34.787078857421875 13.702986717224121 -7.105430068106433e-14 
v 34.85308074951172 13.480998039245605 -7.105430068106433e-14 
v 34.85308074951172 13.480998039245605 36.79917907714844 
v 34.91908645629883 13.244211196899414 -7.105430068106433e-14 
v 34.85308074951172 13.480998039245605 73.56242370605469 
v 34.787078857421875 13.702986717224121 73.56242370605469 
v 34.622066497802734 13.865777969360352 73.56242370605469 
v 34.787078857421875 13.702986717224121 73.56242370605469 
v 34.85308074951172 13.480998039245605 36.79917907714844 
v 34.787078857421875 13.702986717224121 73.56242370605469 
v 34.85308074951172 13.022223472595215 -7.105430068106433e-14 
v 34.91908645629883 13.244211196899414 36.79917907714844 
v 34.85308074951172 13.480998039245605 73.56242370605469 
v 34.91908645629883 13.244211196899414 73.56242370605469 
v 34.85308074951172 13.480998039245605 73.56242370605469 
v 34.91908645629883 13.244211196899414 73.56242370605469 
v 34.85308074951172 13.022223472595215 36.79917907714844 
v 34.85308074951172 13.022223472595215 -7.105430068106433e-14 
v 34.787078857421875 12.8002347946167 -7.105430068106433e-14 
v 34.787078857421875 12.8002347946167 36.79917907714844 
v 34.622066497802734 12.637443542480469 36.79917907714844 
v 34.622066497802734 12.637443542480469 73.56242370605469 
v 34.85308074951172 13.022223472595215 73.56242370605469 
v 34.622066497802734 12.637443542480469 -7.105430068106433e-14 
v 34.45705795288086 12.474653244018555 36.79917907714844 
v 34.622066497802734 12.637443542480469 73.56242370605469 
v 34.787078857421875 12.8002347946167 73.56242370605469 
v 34.85308074951172 13.022223472595215 73.56242370605469 
v 34.787078857421875 12.8002347946167 73.56242370605469 
v 34.85308074951172 13.022223472595215 73.56242370605469 
v 34.91908645629883 13.244211196899414 73.56242370605469 
v 34.45705795288086 12.474653244018555 -7.105430068106433e-14 
v 34.622066497802734 12.637443542480469 -7.105430068106433e-14 
v 34.45705795288086 12.474653244018555 73.56242370605469 
v 34.622066497802734 12.637443542480469 36.79917907714844 
v 34.45705795288086 12.474653244018555 73.56242370605469 
v 34.622066497802734 12.637443542480469 73.56242370605469 
v 33.79702377319336 12.41545581817627 73.56242370605469 
v 33.566009521484375 12.474653244018555 73.56242370605469 
v 33.79702377319336 12.41545581817627 36.79917907714844 
v 33.566009521484375 12.474653244018555 36.79917907714844 
v 33.566009521484375 12.474653244018555 73.56242370605469 
v 33.4010009765625 12.637443542480469 73.56242370605469 
v 33.79702377319336 12.41545581817627 36.79917907714844 
v 33.79702377319336 12.41545581817627 -7.105430068106433e-14 
v 33.4010009765625 12.637443542480469 73.56242370605469 
v 33.4010009765625 12.637443542480469 36.79917907714844 
v 33.235992431640625 12.8002347946167 73.56242370605469 
v 33.4010009765625 12.637443542480469 73.56242370605469 
v 33.235992431640625 12.8002347946167 73.56242370605469 
v 33.235992431640625 12.8002347946167 36.79917907714844 
v 33.4010009765625 12.637443542480469 -7.105430068106433e-14 
v 33.566009521484375 12.474653244018555 -7.105430068106433e-14 
v 33.4010009765625 12.637443542480469 36.79917907714844 
v 33.79702377319336 12.41545581817627 -7.105430068106433e-14 
v 33.16999053955078 13.022223472595215 -7.105430068106433e-14 
v 33.235992431640625 12.8002347946167 -7.105430068106433e-14 
v 33.4010009765625 12.637443542480469 -7.105430068106433e-14 
v 33.235992431640625 12.8002347946167 73.56242370605469 
v 33.16999053955078 13.022223472595215 36.79917907714844 
v 33.16999053955078 13.022223472595215 -7.105430068106433e-14 
v 33.136985778808594 13.244211196899414 -7.105430068106433e-14 
v 33.136985778808594 13.244211196899414 36.79917907714844 
v 33.16999053955078 13.480998039245605 -7.105430068106433e-14 
v 33.16999053955078 13.480998039245605 36.79917907714844 
v 33.16999053955078 13.022223472595215 73.56242370605469 
v 33.136985778808594 13.244211196899414 73.56242370605469 
v 33.16999053955078 13.480998039245605 73.56242370605469 
v 33.16999053955078 13.022223472595215 73.56242370605469 
v 33.136985778808594 13.244211196899414 73.56242370605469 
v 33.16999053955078 13.480998039245605 36.79917907714844 
v 33.136985778808594 13.244211196899414 73.56242370605469 
v 33.16999053955078 13.480998039245605 -7.105430068106433e-14 
v 33.235992431640625 13.702986717224121 -7.105430068106433e-14 
v 33.235992431640625 13.702986717224121 36.79917907714844 
v 33.4010009765625 13.865777969360352 36.79917907714844 
v 33.4010009765625 13.865777969360352 73.56242370605469 
v 33.566009521484375 14.028569221496582 73.56242370605469 
v 33.16999053955078 13.480998039245605 73.56242370605469 
v 33.4010009765625 13.865777969360352 -7.105430068106433e-14 
v 33.566009521484375 14.028569221496582 36.79917907714844 
v 33.566009521484375 14.028569221496582 73.56242370605469 
v 33.235992431640625 13.702986717224121 73.56242370605469 
v 33.4010009765625 13.865777969360352 73.56242370605469 
v 33.16999053955078 13.480998039245605 73.56242370605469 
v 33.235992431640625 13.702986717224121 73.56242370605469 
v 33.566009521484375 14.028569221496582 73.56242370605469 
v 33.79702377319336 14.08776569366455 73.56242370605469 
v 33.79702377319336 14.08776569366455 73.56242370605469 
v 33.79702377319336 14.08776569366455 36.79917907714844 
v 33.79702377319336 14.08776569366455 73.56242370605469 
v 34.02803421020508 14.14696216583252 73.56242370605469 
v 33.79702377319336 14.08776569366455 -7.105430068106433e-14 
v 34.02803421020508 14.14696216583252 36.79917907714844 
v 34.25904846191406 14.08776569366455 73.56242370605469 
v 34.02803421020508 14.14696216583252 73.56242370605469 
v 33.79702377319336 14.08776569366455 36.79917907714844 
v 33.566009521484375 14.028569221496582 -7.105430068106433e-14 
v 33.4010009765625 13.865777969360352 -7.105430068106433e-14 
v 33.79702377319336 14.08776569366455 36.79917907714844 
v 33.79702377319336 14.08776569366455 -7.105430068106433e-14 
v 34.25904846191406 14.08776569366455 73.56242370605469 
v 34.25904846191406 14.08776569366455 36.79917907714844 
v 34.25904846191406 14.08776569366455 73.56242370605469 
v 34.45705795288086 14.028569221496582 73.56242370605469 
v 34.25904846191406 14.08776569366455 -7.105430068106433e-14 
v 34.45705795288086 14.028569221496582 36.79917907714844 
v 34.45705795288086 14.028569221496582 -7.105430068106433e-14 
v 34.622066497802734 13.865777969360352 36.79917907714844 
v 34.45705795288086 14.028569221496582 73.56242370605469 
v 34.25904846191406 14.08776569366455 36.79917907714844 
v 34.45705795288086 14.028569221496582 73.56242370605469 
v 34.622066497802734 13.865777969360352 73.56242370605469 
v 34.622066497802734 13.865777969360352 73.56242370605469 
v 34.622066497802734 13.865777969360352 36.79917907714844 
v 34.622066497802734 13.865777969360352 -7.105430068106433e-14 
v 34.787078857421875 13.702986717224121 36.79917907714844 
v 34.787078857421875 13.702986717224121 73.56242370605469 
v 34.787078857421875 13.702986717224121 -7.105430068106433e-14 
v 34.85308074951172 13.480998039245605 -7.105430068106433e-14 
v 34.85308074951172 13.480998039245605 36.79917907714844 
v 34.91908645629883 13.244211196899414 -7.105430068106433e-14 
v 34.85308074951172 13.480998039245605 73.56242370605469 
v 34.787078857421875 13.702986717224121 73.56242370605469 
v 34.85308074951172 13.480998039245605 36.79917907714844 
v 34.787078857421875 13.702986717224121 73.56242370605469 
v 34.85308074951172 13.480998039245605 73.56242370605469 
v 34.91908645629883 13.244211196899414 36.79917907714844 
v 34.85308074951172 13.022223472595215 -7.105430068106433e-14 
v 34.91908645629883 13.244211196899414 73.56242370605469 
v 34.85308074951172 13.480998039245605 73.56242370605469 
v 34.91908645629883 13.244211196899414 73.56242370605469 
v 34.85308074951172 13.022223472595215 36.79917907714844 
v 34.85308074951172 13.022223472595215 -7.105430068106433e-14 
v 34.787078857421875 12.8002347946167 -7.105430068106433e-14 
v 34.787078857421875 12.8002347946167 36.79917907714844 
v 34.622066497802734 12.637443542480469 36.79917907714844 
v 34.622066497802734 12.637443542480469 73.56242370605469 
v 34.85308074951172 13.022223472595215 73.56242370605469 
v 34.622066497802734 12.637443542480469 -7.105430068106433e-14 
v 34.45705795288086 12.474653244018555 36.79917907714844 
v 34.622066497802734 12.637443542480469 -7.105430068106433e-14 
v 34.45705795288086 12.474653244018555 -7.105430068106433e-14 
v 34.45705795288086 12.474653244018555 73.56242370605469 
v 34.622066497802734 12.637443542480469 36.79917907714844 
v 34.622066497802734 12.637443542480469 73.56242370605469 
v 34.45705795288086 12.474653244018555 73.56242370605469 
v 34.85308074951172 13.022223472595215 73.56242370605469 
v 34.91908645629883 13.244211196899414 73.56242370605469 
v 34.622066497802734 12.637443542480469 73.56242370605469 
v 34.787078857421875 12.8002347946167 73.56242370605469 
v 34.787078857421875 12.8002347946167 73.56242370605469 
v 34.85308074951172 13.022223472595215 73.56242370605469 
v 33.79702377319336 12.41545581817627 36.79917907714844 
v 34.02803421020508 12.3562593460083 36.79917907714844 
v 33.79702377319336 12.41545581817627 73.56242370605469 
v 33.79702377319336 12.41545581817627 73.56242370605469 
v 34.02803421020508 12.3562593460083 73.56242370605469 
v 34.25904846191406 12.41545581817627 -7.105430068106433e-14 
v 34.25904846191406 12.41545581817627 36.79917907714844 
v 34.02803421020508 12.3562593460083 73.56242370605469 
v 34.25904846191406 12.41545581817627 36.79917907714844 
v 34.25904846191406 12.41545581817627 73.56242370605469 
v 34.25904846191406 12.41545581817627 -7.105430068106433e-14 
v 34.02803421020508 12.3562593460083 -7.105430068106433e-14 
v 33.79702377319336 12.41545581817627 -7.105430068106433e-14 
v 33.79702377319336 12.41545581817627 36.79917907714844 
v 33.79702377319336 12.41545581817627 73.56242370605469 
v 34.02803421020508 12.3562593460083 36.79917907714844 
v 33.79702377319336 12.41545581817627 36.79917907714844 
v 34.02803421020508 12.3562593460083 73.56242370605469 
v 33.79702377319336 12.41545581817627 73.56242370605469 
v 34.25904846191406 12.41545581817627 -7.105430068106433e-14 
v 34.25904846191406 12.41545581817627 36.79917907714844 
v 34.02803421020508 12.3562593460083 73.56242370605469 
v 34.25904846191406 12.41545581817627 73.56242370605469 
v 34.25904846191406 12.41545581817627 36.79917907714844 
v 34.25904846191406 12.41545581817627 -7.105430068106433e-14 
v 34.02803421020508 12.3562593460083 -7.105430068106433e-14 
v 33.79702377319336 12.41545581817627 36.79917907714844 
v 33.79702377319336 12.41545581817627 -7.105430068106433e-14 
v 34.25904846191406 12.41545581817627 -7.105430068106433e-14 
v 34.45705795288086 12.474653244018555 -7.105430068106433e-14 
v 34.25904846191406 12.41545581817627 36.79917907714844 
v 34.25904846191406 12.41545581817627 36.79917907714844 
v 34.25904846191406 12.41545581817627 -7.105430068106433e-14 
v 34.45705795288086 12.474653244018555 -7.105430068106433e-14 
v 34.25904846191406 12.41545581817627 36.79917907714844 
v 34.45705795288086 12.474653244018555 36.79917907714844 
v 34.25904846191406 12.41545581817627 73.56242370605469 
v 34.45705795288086 12.474653244018555 36.79917907714844 
v 34.45705795288086 12.474653244018555 -7.105430068106433e-14 
v 34.25904846191406 12.41545581817627 73.56242370605469 
v 34.45705795288086 12.474653244018555 73.56242370605469 
v 34.25904846191406 12.41545581817627 73.56242370605469 
v 34.25904846191406 12.41545581817627 36.79917907714844 
v 34.45705795288086 12.474653244018555 36.79917907714844 
v 34.45705795288086 12.474653244018555 73.56242370605469 
v 34.25904846191406 12.41545581817627 73.56242370605469 
v 34.45705795288086 12.474653244018555 36.79917907714844 
v 34.45705795288086 12.474653244018555 -7.105430068106433e-14 
v 33.16999053955078 13.022223472595215 73.56242370605469 
v 33.16999053955078 13.022223472595215 36.79917907714844 
v 33.235992431640625 12.8002347946167 73.56242370605469 
v 33.235992431640625 12.8002347946167 73.56242370605469 
v 33.16999053955078 13.022223472595215 73.56242370605469 
v 33.16999053955078 13.022223472595215 36.79917907714844 
v 33.79702377319336 14.08776569366455 -7.105430068106433e-14 
v 34.02803421020508 14.14696216583252 -7.105430068106433e-14 
v 34.25904846191406 14.08776569366455 36.79917907714844 
v 34.25904846191406 14.08776569366455 -7.105430068106433e-14 
v 34.25904846191406 14.08776569366455 36.79917907714844 
v 33.79702377319336 14.08776569366455 -7.105430068106433e-14 
v 34.02803421020508 14.14696216583252 -7.105430068106433e-14 
v 34.25904846191406 14.08776569366455 36.79917907714844 
v 34.25904846191406 14.08776569366455 36.79917907714844 
v 34.25904846191406 14.08776569366455 -7.105430068106433e-14 
v 34.787078857421875 13.702986717224121 73.56242370605469 
v 34.622066497802734 13.865777969360352 73.56242370605469 
v -31.513538360595703 12.41545581817627 73.56242370605469 
v -31.28252601623535 12.474653244018555 73.56242370605469 
v -31.513538360595703 12.41545581817627 36.79917907714844 
v -31.28252601623535 12.474653244018555 36.79917907714844 
v -31.28252601623535 12.474653244018555 73.56242370605469 
v -31.117517471313477 12.637443542480469 73.56242370605469 
v -31.513538360595703 12.41545581817627 36.79917907714844 
v -31.513538360595703 12.41545581817627 -7.105430068106433e-14 
v -31.117517471313477 12.637443542480469 73.56242370605469 
v -31.117517471313477 12.637443542480469 36.79917907714844 
v -30.9525089263916 12.8002347946167 73.56242370605469 
v -31.117517471313477 12.637443542480469 73.56242370605469 
v -30.9525089263916 12.8002347946167 73.56242370605469 
v -30.9525089263916 12.8002347946167 36.79917907714844 
v -31.117517471313477 12.637443542480469 -7.105430068106433e-14 
v -31.28252601623535 12.474653244018555 -7.105430068106433e-14 
v -31.117517471313477 12.637443542480469 36.79917907714844 
v -31.513538360595703 12.41545581817627 -7.105430068106433e-14 
v -30.886505126953125 13.022223472595215 -7.105430068106433e-14 
v -30.9525089263916 12.8002347946167 -7.105430068106433e-14 
v -31.117517471313477 12.637443542480469 -7.105430068106433e-14 
v -30.9525089263916 12.8002347946167 73.56242370605469 
v -30.886505126953125 13.022223472595215 36.79917907714844 
v -30.886505126953125 13.022223472595215 -7.105430068106433e-14 
v -30.85350227355957 13.244211196899414 -7.105430068106433e-14 
v -30.85350227355957 13.244211196899414 36.79917907714844 
v -30.886505126953125 13.480998039245605 -7.105430068106433e-14 
v -30.886505126953125 13.480998039245605 36.79917907714844 
v -30.886505126953125 13.022223472595215 73.56242370605469 
v -30.85350227355957 13.244211196899414 73.56242370605469 
v -30.886505126953125 13.480998039245605 73.56242370605469 
v -30.886505126953125 13.022223472595215 73.56242370605469 
v -30.85350227355957 13.244211196899414 73.56242370605469 
v -30.886505126953125 13.480998039245605 36.79917907714844 
v -30.85350227355957 13.244211196899414 73.56242370605469 
v -30.886505126953125 13.480998039245605 -7.105430068106433e-14 
v -30.9525089263916 13.702986717224121 -7.105430068106433e-14 
v -30.9525089263916 13.702986717224121 36.79917907714844 
v -31.117517471313477 13.865777969360352 36.79917907714844 
v -31.117517471313477 13.865777969360352 73.56242370605469 
v -31.28252601623535 14.028569221496582 73.56242370605469 
v -30.886505126953125 13.480998039245605 73.56242370605469 
v -31.117517471313477 13.865777969360352 -7.105430068106433e-14 
v -31.28252601623535 14.028569221496582 36.79917907714844 
v -31.28252601623535 14.028569221496582 73.56242370605469 
v -30.9525089263916 13.702986717224121 73.56242370605469 
v -31.117517471313477 13.865777969360352 73.56242370605469 
v -30.886505126953125 13.480998039245605 73.56242370605469 
v -30.9525089263916 13.702986717224121 73.56242370605469 
v -31.28252601623535 14.028569221496582 73.56242370605469 
v -31.513538360595703 14.08776569366455 73.56242370605469 
v -31.513538360595703 14.08776569366455 73.56242370605469 
v -31.513538360595703 14.08776569366455 36.79917907714844 
v -31.513538360595703 14.08776569366455 73.56242370605469 
v -31.744550704956055 14.14696216583252 73.56242370605469 
v -31.513538360595703 14.08776569366455 -7.105430068106433e-14 
v -31.744550704956055 14.14696216583252 36.79917907714844 
v -31.975563049316406 14.08776569366455 73.56242370605469 
v -31.744550704956055 14.14696216583252 73.56242370605469 
v -31.513538360595703 14.08776569366455 36.79917907714844 
v -31.28252601623535 14.028569221496582 -7.105430068106433e-14 
v -31.117517471313477 13.865777969360352 -7.105430068106433e-14 
v -31.513538360595703 14.08776569366455 36.79917907714844 
v -31.513538360595703 14.08776569366455 -7.105430068106433e-14 
v -31.975563049316406 14.08776569366455 73.56242370605469 
v -31.975563049316406 14.08776569366455 36.79917907714844 
v -31.975563049316406 14.08776569366455 73.56242370605469 
v -32.17357635498047 14.028569221496582 73.56242370605469 
v -31.975563049316406 14.08776569366455 -7.105430068106433e-14 
v -32.17357635498047 14.028569221496582 36.79917907714844 
v -32.17357635498047 14.028569221496582 -7.105430068106433e-14 
v -32.338584899902344 13.865777969360352 36.79917907714844 
v -32.17357635498047 14.028569221496582 73.56242370605469 
v -31.975563049316406 14.08776569366455 36.79917907714844 
v -32.17357635498047 14.028569221496582 73.56242370605469 
v -32.338584899902344 13.865777969360352 73.56242370605469 
v -32.338584899902344 13.865777969360352 73.56242370605469 
v -32.338584899902344 13.865777969360352 36.79917907714844 
v -32.338584899902344 13.865777969360352 -7.105430068106433e-14 
v -32.50359344482422 13.702986717224121 36.79917907714844 
v -32.50359344482422 13.702986717224121 73.56242370605469 
v -32.50359344482422 13.702986717224121 -7.105430068106433e-14 
v -32.56959533691406 13.480998039245605 -7.105430068106433e-14 
v -32.56959533691406 13.480998039245605 36.79917907714844 
v -32.63560104370117 13.244211196899414 -7.105430068106433e-14 
v -32.56959533691406 13.480998039245605 73.56242370605469 
v -32.50359344482422 13.702986717224121 73.56242370605469 
v -32.56959533691406 13.480998039245605 36.79917907714844 
v -32.50359344482422 13.702986717224121 73.56242370605469 
v -32.56959533691406 13.480998039245605 73.56242370605469 
v -32.63560104370117 13.244211196899414 36.79917907714844 
v -32.56959533691406 13.022223472595215 -7.105430068106433e-14 
v -32.63560104370117 13.244211196899414 73.56242370605469 
v -32.56959533691406 13.480998039245605 73.56242370605469 
v -32.63560104370117 13.244211196899414 73.56242370605469 
v -32.56959533691406 13.022223472595215 36.79917907714844 
v -32.56959533691406 13.022223472595215 -7.105430068106433e-14 
v -32.50359344482422 12.8002347946167 -7.105430068106433e-14 
v -32.50359344482422 12.8002347946167 36.79917907714844 
v -32.338584899902344 12.637443542480469 36.79917907714844 
v -32.338584899902344 12.637443542480469 73.56242370605469 
v -32.56959533691406 13.022223472595215 73.56242370605469 
v -32.338584899902344 12.637443542480469 -7.105430068106433e-14 
v -32.17357635498047 12.474653244018555 36.79917907714844 
v -32.338584899902344 12.637443542480469 -7.105430068106433e-14 
v -32.17357635498047 12.474653244018555 -7.105430068106433e-14 
v -32.17357635498047 12.474653244018555 73.56242370605469 
v -32.338584899902344 12.637443542480469 36.79917907714844 
v -32.338584899902344 12.637443542480469 73.56242370605469 
v -32.17357635498047 12.474653244018555 73.56242370605469 
v -32.56959533691406 13.022223472595215 73.56242370605469 
v -32.63560104370117 13.244211196899414 73.56242370605469 
v -32.338584899902344 12.637443542480469 73.56242370605469 
v -32.50359344482422 12.8002347946167 73.56242370605469 
v -32.50359344482422 12.8002347946167 73.56242370605469 
v -32.56959533691406 13.022223472595215 73.56242370605469 
v -31.513538360595703 12.41545581817627 73.56242370605469 
v -31.28252601623535 12.474653244018555 73.56242370605469 
v -31.513538360595703 12.41545581817627 36.79917907714844 
v -31.28252601623535 12.474653244018555 36.79917907714844 
v -31.117517471313477 12.637443542480469 73.56242370605469 
v -31.28252601623535 12.474653244018555 73.56242370605469 
v -31.513538360595703 12.41545581817627 36.79917907714844 
v -31.513538360595703 12.41545581817627 -7.105430068106433e-14 
v -31.117517471313477 12.637443542480469 36.79917907714844 
v -31.117517471313477 12.637443542480469 73.56242370605469 
v -31.117517471313477 12.637443542480469 73.56242370605469 
v -30.9525089263916 12.8002347946167 73.56242370605469 
v -30.9525089263916 12.8002347946167 73.56242370605469 
v -30.9525089263916 12.8002347946167 36.79917907714844 
v -31.117517471313477 12.637443542480469 -7.105430068106433e-14 
v -31.28252601623535 12.474653244018555 -7.105430068106433e-14 
v -31.513538360595703 12.41545581817627 -7.105430068106433e-14 
v -31.117517471313477 12.637443542480469 36.79917907714844 
v -30.886505126953125 13.022223472595215 -7.105430068106433e-14 
v -30.9525089263916 12.8002347946167 -7.105430068106433e-14 
v -31.117517471313477 12.637443542480469 -7.105430068106433e-14 
v -30.9525089263916 12.8002347946167 73.56242370605469 
v -30.886505126953125 13.022223472595215 36.79917907714844 
v -30.886505126953125 13.022223472595215 -7.105430068106433e-14 
v -30.85350227355957 13.244211196899414 -7.105430068106433e-14 
v -30.85350227355957 13.244211196899414 36.79917907714844 
v -30.886505126953125 13.480998039245605 -7.105430068106433e-14 
v -30.886505126953125 13.480998039245605 36.79917907714844 
v -30.886505126953125 13.022223472595215 73.56242370605469 
v -30.886505126953125 13.480998039245605 73.56242370605469 
v -30.85350227355957 13.244211196899414 73.56242370605469 
v -30.85350227355957 13.244211196899414 73.56242370605469 
v -30.886505126953125 13.022223472595215 73.56242370605469 
v -30.85350227355957 13.244211196899414 73.56242370605469 
v -30.886505126953125 13.480998039245605 36.79917907714844 
v -30.886505126953125 13.480998039245605 -7.105430068106433e-14 
v -30.9525089263916 13.702986717224121 -7.105430068106433e-14 
v -30.9525089263916 13.702986717224121 36.79917907714844 
v -31.117517471313477 13.865777969360352 36.79917907714844 
v -31.117517471313477 13.865777969360352 73.56242370605469 
v -31.28252601623535 14.028569221496582 73.56242370605469 
v -30.886505126953125 13.480998039245605 73.56242370605469 
v -31.117517471313477 13.865777969360352 -7.105430068106433e-14 
v -31.28252601623535 14.028569221496582 36.79917907714844 
v -31.28252601623535 14.028569221496582 73.56242370605469 
v -30.9525089263916 13.702986717224121 73.56242370605469 
v -31.117517471313477 13.865777969360352 73.56242370605469 
v -30.9525089263916 13.702986717224121 73.56242370605469 
v -30.886505126953125 13.480998039245605 73.56242370605469 
v -31.513538360595703 14.08776569366455 73.56242370605469 
v -31.28252601623535 14.028569221496582 73.56242370605469 
v -31.513538360595703 14.08776569366455 36.79917907714844 
v -31.513538360595703 14.08776569366455 73.56242370605469 
v -31.744550704956055 14.14696216583252 73.56242370605469 
v -31.513538360595703 14.08776569366455 73.56242370605469 
v -31.744550704956055 14.14696216583252 36.79917907714844 
v -31.513538360595703 14.08776569366455 -7.105430068106433e-14 
v -31.975563049316406 14.08776569366455 73.56242370605469 
v -31.744550704956055 14.14696216583252 73.56242370605469 
v -31.513538360595703 14.08776569366455 36.79917907714844 
v -31.28252601623535 14.028569221496582 -7.105430068106433e-14 
v -31.117517471313477 13.865777969360352 -7.105430068106433e-14 
v -31.513538360595703 14.08776569366455 -7.105430068106433e-14 
v -31.513538360595703 14.08776569366455 36.79917907714844 
v -31.975563049316406 14.08776569366455 36.79917907714844 
v -31.975563049316406 14.08776569366455 73.56242370605469 
v -32.17357635498047 14.028569221496582 73.56242370605469 
v -31.975563049316406 14.08776569366455 73.56242370605469 
v -31.975563049316406 14.08776569366455 -7.105430068106433e-14 
v -32.17357635498047 14.028569221496582 36.79917907714844 
v -32.17357635498047 14.028569221496582 -7.105430068106433e-14 
v -32.338584899902344 13.865777969360352 36.79917907714844 
v -31.975563049316406 14.08776569366455 36.79917907714844 
v -32.17357635498047 14.028569221496582 73.56242370605469 
v -32.338584899902344 13.865777969360352 73.56242370605469 
v -32.17357635498047 14.028569221496582 73.56242370605469 
v -32.338584899902344 13.865777969360352 36.79917907714844 
v -32.338584899902344 13.865777969360352 73.56242370605469 
v -32.338584899902344 13.865777969360352 -7.105430068106433e-14 
v -32.50359344482422 13.702986717224121 36.79917907714844 
v -32.50359344482422 13.702986717224121 73.56242370605469 
v -32.50359344482422 13.702986717224121 -7.105430068106433e-14 
v -32.56959533691406 13.480998039245605 -7.105430068106433e-14 
v -32.56959533691406 13.480998039245605 36.79917907714844 
v -32.63560104370117 13.244211196899414 -7.105430068106433e-14 
v -32.56959533691406 13.480998039245605 73.56242370605469 
v -32.50359344482422 13.702986717224121 73.56242370605469 
v -32.338584899902344 13.865777969360352 73.56242370605469 
v -32.50359344482422 13.702986717224121 73.56242370605469 
v -32.56959533691406 13.480998039245605 36.79917907714844 
v -32.50359344482422 13.702986717224121 73.56242370605469 
v -32.56959533691406 13.022223472595215 -7.105430068106433e-14 
v -32.63560104370117 13.244211196899414 36.79917907714844 
v -32.56959533691406 13.480998039245605 73.56242370605469 
v -32.63560104370117 13.244211196899414 73.56242370605469 
v -32.56959533691406 13.480998039245605 73.56242370605469 
v -32.63560104370117 13.244211196899414 73.56242370605469 
v -32.56959533691406 13.022223472595215 36.79917907714844 
v -32.56959533691406 13.022223472595215 -7.105430068106433e-14 
v -32.50359344482422 12.8002347946167 -7.105430068106433e-14 
v -32.50359344482422 12.8002347946167 36.79917907714844 
v -32.338584899902344 12.637443542480469 36.79917907714844 
v -32.338584899902344 12.637443542480469 73.56242370605469 
v -32.56959533691406 13.022223472595215 73.56242370605469 
v -32.338584899902344 12.637443542480469 -7.105430068106433e-14 
v -32.17357635498047 12.474653244018555 36.79917907714844 
v -32.338584899902344 12.637443542480469 73.56242370605469 
v -32.50359344482422 12.8002347946167 73.56242370605469 
v -32.56959533691406 13.022223472595215 73.56242370605469 
v -32.50359344482422 12.8002347946167 73.56242370605469 
v -32.56959533691406 13.022223472595215 73.56242370605469 
v -32.63560104370117 13.244211196899414 73.56242370605469 
v -32.17357635498047 12.474653244018555 -7.105430068106433e-14 
v -32.338584899902344 12.637443542480469 -7.105430068106433e-14 
v -32.17357635498047 12.474653244018555 73.56242370605469 
v -32.338584899902344 12.637443542480469 36.79917907714844 
v -32.17357635498047 12.474653244018555 73.56242370605469 
v -32.338584899902344 12.637443542480469 73.56242370605469 
v -31.513538360595703 12.41545581817627 73.56242370605469 
v -31.513538360595703 12.41545581817627 36.79917907714844 
v -31.744550704956055 12.3562593460083 36.79917907714844 
v -31.744550704956055 12.3562593460083 73.56242370605469 
v -31.513538360595703 12.41545581817627 73.56242370605469 
v -31.975563049316406 12.41545581817627 -7.105430068106433e-14 
v -31.975563049316406 12.41545581817627 36.79917907714844 
v -31.744550704956055 12.3562593460083 73.56242370605469 
v -31.975563049316406 12.41545581817627 73.56242370605469 
v -31.975563049316406 12.41545581817627 36.79917907714844 
v -31.975563049316406 12.41545581817627 -7.105430068106433e-14 
v -31.744550704956055 12.3562593460083 -7.105430068106433e-14 
v -31.513538360595703 12.41545581817627 36.79917907714844 
v -31.513538360595703 12.41545581817627 -7.105430068106433e-14 
v -31.513538360595703 12.41545581817627 36.79917907714844 
v -31.513538360595703 12.41545581817627 73.56242370605469 
v -31.744550704956055 12.3562593460083 36.79917907714844 
v -31.513538360595703 12.41545581817627 73.56242370605469 
v -31.744550704956055 12.3562593460083 73.56242370605469 
v -31.975563049316406 12.41545581817627 -7.105430068106433e-14 
v -31.975563049316406 12.41545581817627 36.79917907714844 
v -31.744550704956055 12.3562593460083 73.56242370605469 
v -31.975563049316406 12.41545581817627 73.56242370605469 
v -31.975563049316406 12.41545581817627 36.79917907714844 
v -31.975563049316406 12.41545581817627 -7.105430068106433e-14 
v -31.744550704956055 12.3562593460083 -7.105430068106433e-14 
v -31.513538360595703 12.41545581817627 -7.105430068106433e-14 
v -31.513538360595703 12.41545581817627 36.79917907714844 
v -31.975563049316406 12.41545581817627 36.79917907714844 
v -31.975563049316406 12.41545581817627 -7.105430068106433e-14 
v -32.17357635498047 12.474653244018555 -7.105430068106433e-14 
v -31.975563049316406 12.41545581817627 -7.105430068106433e-14 
v -32.17357635498047 12.474653244018555 -7.105430068106433e-14 
v -31.975563049316406 12.41545581817627 36.79917907714844 
v -31.975563049316406 12.41545581817627 73.56242370605469 
v -31.975563049316406 12.41545581817627 36.79917907714844 
v -32.17357635498047 12.474653244018555 36.79917907714844 
v -32.17357635498047 12.474653244018555 73.56242370605469 
v -31.975563049316406 12.41545581817627 73.56242370605469 
v -32.17357635498047 12.474653244018555 36.79917907714844 
v -32.17357635498047 12.474653244018555 -7.105430068106433e-14 
v -31.975563049316406 12.41545581817627 36.79917907714844 
v -32.17357635498047 12.474653244018555 36.79917907714844 
v -31.975563049316406 12.41545581817627 73.56242370605469 
v -32.17357635498047 12.474653244018555 36.79917907714844 
v -32.17357635498047 12.474653244018555 -7.105430068106433e-14 
v -31.975563049316406 12.41545581817627 73.56242370605469 
v -32.17357635498047 12.474653244018555 73.56242370605469 
v -30.9525089263916 12.8002347946167 73.56242370605469 
v -30.886505126953125 13.022223472595215 73.56242370605469 
v -30.886505126953125 13.022223472595215 36.79917907714844 
v -30.886505126953125 13.022223472595215 73.56242370605469 
v -30.886505126953125 13.022223472595215 36.79917907714844 
v -30.9525089263916 12.8002347946167 73.56242370605469 
v -31.513538360595703 14.08776569366455 -7.105430068106433e-14 
v -31.744550704956055 14.14696216583252 -7.105430068106433e-14 
v -31.975563049316406 14.08776569366455 36.79917907714844 
v -31.975563049316406 14.08776569366455 36.79917907714844 
v -31.975563049316406 14.08776569366455 -7.105430068106433e-14 
v -31.513538360595703 14.08776569366455 -7.105430068106433e-14 
v -31.744550704956055 14.14696216583252 -7.105430068106433e-14 
v -31.975563049316406 14.08776569366455 36.79917907714844 
v -31.975563049316406 14.08776569366455 -7.105430068106433e-14 
v -31.975563049316406 14.08776569366455 36.79917907714844 
v -32.50359344482422 13.702986717224121 73.56242370605469 
v -32.338584899902344 13.865777969360352 73.56242370605469 
vn -0.2612491250038147 0.9652689099311829 0.002184694167226553 
vn -0.2612491250038147 0.9652689099311829 0.002184694167226553 
vn -0.49781718850135803 0.8672792315483093 0.002184694167226553 
vn -0.49781718850135803 0.8672792315483093 0.002184694167226553 
vn -0.49781718850135803 0.8672792315483093 0.002184694167226553 
vn -0.7071051001548767 0.7071051001548767 0.002184694167226553 
vn -0.2612491250038147 0.9652689099311829 0.002184694167226553 
vn -0.2612491250038147 0.9652689099311829 0.002184694167226553 
vn -0.7071051001548767 0.7071051001548767 0.002184694167226553 
vn -0.7071051001548767 0.7071051001548767 0.002184694167226553 
vn -0.7071051001548767 0.7071051001548767 0.002184694167226553 
vn -0.8672792315483093 0.49781718850135803 0.002184694167226553 
vn -0.8672792315483093 0.49781718850135803 0.002184694167226553 
vn -0.8672792315483093 0.49781718850135803 0.002184694167226553 
vn -0.7071051001548767 0.7071051001548767 0.002184694167226553 
vn -0.49781718850135803 0.8672792315483093 0.002184694167226553 
vn -0.7071051001548767 0.7071051001548767 0.002184694167226553 
vn -0.2612491250038147 0.9652689099311829 0.002184694167226553 
vn -0.9652689099311829 0.2612491250038147 0.002184694167226553 
vn -0.8672792315483093 0.49781718850135803 0.002184694167226553 
vn -0.7071051001548767 0.7071051001548767 0.002184694167226553 
vn -0.8672792315483093 0.49781718850135803 0.002184694167226553 
vn -0.9652689099311829 0.2612491250038147 0.002184694167226553 
vn -0.9652689099311829 0.2612491250038147 0.002184694167226553 
vn -0.999997615814209 -2.0682260971124217e-13 0.002184694167226553 
vn -0.999997615814209 -2.0682260971124217e-13 0.002184694167226553 
vn -0.9652689099311829 -0.2612491250038147 0.002184694167226553 
vn -0.9652689099311829 -0.2612491250038147 0.002184694167226553 
vn -0.9652689099311829 0.2612491250038147 0.002184694167226553 
vn -0.999997615814209 -2.0682260971124217e-13 0.002184694167226553 
vn -0.9652689099311829 -0.2612491250038147 0.002184694167226553 
vn -0.9652689099311829 0.2612491250038147 0.002184694167226553 
vn -0.999997615814209 -2.0682260971124217e-13 0.002184694167226553 
vn -0.9652689099311829 -0.2612491250038147 0.002184694167226553 
vn -0.999997615814209 -2.0682260971124217e-13 0.002184694167226553 
vn -0.9652689099311829 -0.2612491250038147 0.002184694167226553 
vn -0.8672792315483093 -0.49781718850135803 0.002184694167226553 
vn -0.8672792315483093 -0.49781718850135803 0.002184694167226553 
vn -0.7071051001548767 -0.7071051001548767 0.002184694167226553 
vn -0.7071051001548767 -0.7071051001548767 0.002184694167226553 
vn -0.49781718850135803 -0.8672792315483093 0.002184694167226553 
vn -0.9652689099311829 -0.2612491250038147 0.002184694167226553 
vn -0.7071051001548767 -0.7071051001548767 0.002184694167226553 
vn -0.49781718850135803 -0.8672792315483093 0.002184694167226553 
vn -0.49781718850135803 -0.8672792315483093 0.002184694167226553 
vn -0.8672792315483093 -0.49781718850135803 0.002184694167226553 
vn -0.7071051001548767 -0.7071051001548767 0.002184694167226553 
vn -0.9652689099311829 -0.2612491250038147 0.002184694167226553 
vn -0.8672792315483093 -0.49781718850135803 0.002184694167226553 
vn -0.49781718850135803 -0.8672792315483093 0.002184694167226553 
vn -0.2612491250038147 -0.9652689099311829 0.002184694167226553 
vn -0.2612491250038147 -0.9652689099311829 0.002184694167226553 
vn -0.2612491250038147 -0.9652689099311829 0.002184694167226553 
vn -0.2612491250038147 -0.9652689099311829 0.002184694167226553 
vn 3.097898456858039e-13 -0.999997615814209 0.002184694167226553 
vn -0.2612491250038147 -0.9652689099311829 0.002184694167226553 
vn 3.097898456858039e-13 -0.999997615814209 0.002184694167226553 
vn 0.2612491250038147 -0.9652689099311829 0.002184694167226553 
vn 3.097898456858039e-13 -0.999997615814209 0.002184694167226553 
vn -0.2612491250038147 -0.9652689099311829 0.002184694167226553 
vn -0.49781718850135803 -0.8672792315483093 0.002184694167226553 
vn -0.7071051001548767 -0.7071051001548767 0.002184694167226553 
vn -0.2612491250038147 -0.9652689099311829 0.002184694167226553 
vn -0.2612491250038147 -0.9652689099311829 0.002184694167226553 
vn 0.2612491250038147 -0.9652689099311829 0.002184694167226553 
vn 0.2612491250038147 -0.9652689099311829 0.002184694167226553 
vn 0.2612491250038147 -0.9652689099311829 0.002184694167226553 
vn 0.49781718850135803 -0.8672792315483093 0.002184694167226553 
vn 0.2612491250038147 -0.9652689099311829 0.002184694167226553 
vn 0.49781718850135803 -0.8672792315483093 0.002184694167226553 
vn 0.49781718850135803 -0.8672792315483093 0.002184694167226553 
vn 0.7071051001548767 -0.7071051001548767 0.002184694167226553 
vn 0.49781718850135803 -0.8672792315483093 0.002184694167226553 
vn 0.2612491250038147 -0.9652689099311829 0.002184694167226553 
vn 0.49781718850135803 -0.8672792315483093 0.002184694167226553 
vn 0.7071051001548767 -0.7071051001548767 0.002184694167226553 
vn 0.7071051001548767 -0.7071051001548767 0.002184694167226553 
vn 0.7071051001548767 -0.7071051001548767 0.002184694167226553 
vn 0.7071051001548767 -0.7071051001548767 0.002184694167226553 
vn 0.8672792315483093 -0.49781718850135803 0.002184694167226553 
vn 0.8672792315483093 -0.49781718850135803 0.002184694167226553 
vn 0.8672792315483093 -0.49781718850135803 0.002184694167226553 
vn 0.9652689099311829 -0.2612491250038147 0.002184694167226553 
vn 0.9652689099311829 -0.2612491250038147 0.002184694167226553 
vn 0.999997615814209 0 0.002184694167226553 
vn 0.9652689099311829 -0.2612491250038147 0.002184694167226553 
vn 0.8672792315483093 -0.49781718850135803 0.002184694167226553 
vn 0.9652689099311829 -0.2612491250038147 0.002184694167226553 
vn 0.8672792315483093 -0.49781718850135803 0.002184694167226553 
vn 0.9652689099311829 -0.2612491250038147 0.002184694167226553 
vn 0.999997615814209 0 0.002184694167226553 
vn 0.9652689099311829 0.2612491250038147 0.002184694167226553 
vn 0.999997615814209 0 0.002184694167226553 
vn 0.9652689099311829 -0.2612491250038147 0.002184694167226553 
vn 0.999997615814209 0 0.002184694167226553 
vn 0.9652689099311829 0.2612491250038147 0.002184694167226553 
vn 0.9652689099311829 0.2612491250038147 0.002184694167226553 
vn 0.8672792315483093 0.49781718850135803 0.002184694167226553 
vn 0.8672792315483093 0.49781718850135803 0.002184694167226553 
vn 0.7071051001548767 0.7071051001548767 0.002184694167226553 
vn 0.7071051001548767 0.7071051001548767 0.002184694167226553 
vn 0.9652689099311829 0.2612491250038147 0.002184694167226553 
vn 0.7071051001548767 0.7071051001548767 0.002184694167226553 
vn 0.49781718850135803 0.8672792315483093 0.002184694167226553 
vn 0.7071051001548767 0.7071051001548767 0.002184694167226553 
vn 0.49781718850135803 0.8672792315483093 0.002184694167226553 
vn 0.49781718850135803 0.8672792315483093 0.002184694167226553 
vn 0.7071051001548767 0.7071051001548767 0.002184694167226553 
vn 0.7071051001548767 0.7071051001548767 0.002184694167226553 
vn 0.49781718850135803 0.8672792315483093 0.002184694167226553 
vn 0.9652689099311829 0.2612491250038147 0.002184694167226553 
vn 0.999997615814209 0 0.002184694167226553 
vn 0.7071051001548767 0.7071051001548767 0.002184694167226553 
vn 0.8672792315483093 0.49781718850135803 0.002184694167226553 
vn 0.8672792315483093 0.49781718850135803 0.002184694167226553 
vn 0.9652689099311829 0.2612491250038147 0.002184694167226553 
vn 0.2612491250038147 -0.9652689099311829 0.002184694167226553 
vn 0.49781718850135803 -0.8672792315483093 0.002184694167226553 
vn 0.2612491250038147 -0.9652689099311829 0.002184694167226553 
vn 0.49781718850135803 -0.8672792315483093 0.002184694167226553 
vn 0.7071051001548767 -0.7071051001548767 0.002184694167226553 
vn 0.49781718850135803 -0.8672792315483093 0.002184694167226553 
vn 0.2612491250038147 -0.9652689099311829 0.002184694167226553 
vn 0.2612491250038147 -0.9652689099311829 0.002184694167226553 
vn 0.7071051001548767 -0.7071051001548767 0.002184694167226553 
vn 0.7071051001548767 -0.7071051001548767 0.002184694167226553 
vn 0.7071051001548767 -0.7071051001548767 0.002184694167226553 
vn 0.8672792315483093 -0.49781718850135803 0.002184694167226553 
vn 0.8672792315483093 -0.49781718850135803 0.002184694167226553 
vn 0.8672792315483093 -0.49781718850135803 0.002184694167226553 
vn 0.7071051001548767 -0.7071051001548767 0.002184694167226553 
vn 0.49781718850135803 -0.8672792315483093 0.002184694167226553 
vn 0.2612491250038147 -0.9652689099311829 0.002184694167226553 
vn 0.7071051001548767 -0.7071051001548767 0.002184694167226553 
vn 0.9652689099311829 -0.2612491250038147 0.002184694167226553 
vn 0.8672792315483093 -0.49781718850135803 0.002184694167226553 
vn 0.7071051001548767 -0.7071051001548767 0.002184694167226553 
vn 0.8672792315483093 -0.49781718850135803 0.002184694167226553 
vn 0.9652689099311829 -0.2612491250038147 0.002184694167226553 
vn 0.9652689099311829 -0.2612491250038147 0.002184694167226553 
vn 0.999997615814209 0 0.002184694167226553 
vn 0.999997615814209 0 0.002184694167226553 
vn 0.9652689099311829 0.2612491250038147 0.002184694167226553 
vn 0.9652689099311829 0.2612491250038147 0.002184694167226553 
vn 0.9652689099311829 -0.2612491250038147 0.002184694167226553 
vn 0.9652689099311829 0.2612491250038147 0.002184694167226553 
vn 0.999997615814209 0 0.002184694167226553 
vn 0.999997615814209 0 0.002184694167226553 
vn 0.9652689099311829 -0.2612491250038147 0.002184694167226553 
vn 0.999997615814209 0 0.002184694167226553 
vn 0.9652689099311829 0.2612491250038147 0.002184694167226553 
vn 0.9652689099311829 0.2612491250038147 0.002184694167226553 
vn 0.8672792315483093 0.49781718850135803 0.002184694167226553 
vn 0.8672792315483093 0.49781718850135803 0.002184694167226553 
vn 0.7071051001548767 0.7071051001548767 0.002184694167226553 
vn 0.7071051001548767 0.7071051001548767 0.002184694167226553 
vn 0.49781718850135803 0.8672792315483093 0.002184694167226553 
vn 0.9652689099311829 0.2612491250038147 0.002184694167226553 
vn 0.7071051001548767 0.7071051001548767 0.002184694167226553 
vn 0.49781718850135803 0.8672792315483093 0.002184694167226553 
vn 0.49781718850135803 0.8672792315483093 0.002184694167226553 
vn 0.8672792315483093 0.49781718850135803 0.002184694167226553 
vn 0.7071051001548767 0.7071051001548767 0.002184694167226553 
vn 0.8672792315483093 0.49781718850135803 0.002184694167226553 
vn 0.9652689099311829 0.2612491250038147 0.002184694167226553 
vn 0.2612491250038147 0.9652689099311829 0.002184694167226553 
vn 0.49781718850135803 0.8672792315483093 0.002184694167226553 
vn 0.2612491250038147 0.9652689099311829 0.002184694167226553 
vn 0.2612491250038147 0.9652689099311829 0.002184694167226553 
vn -1.0341130485562108e-13 0.999997615814209 0.002184694167226553 
vn 0.2612491250038147 0.9652689099311829 0.002184694167226553 
vn -1.0341130485562108e-13 0.999997615814209 0.002184694167226553 
vn 0.2612491250038147 0.9652689099311829 0.002184694167226553 
vn -0.2612491250038147 0.9652689099311829 0.002184694167226553 
vn -1.0341130485562108e-13 0.999997615814209 0.002184694167226553 
vn 0.2612491250038147 0.9652689099311829 0.002184694167226553 
vn 0.49781718850135803 0.8672792315483093 0.002184694167226553 
vn 0.7071051001548767 0.7071051001548767 0.002184694167226553 
vn 0.2612491250038147 0.9652689099311829 0.002184694167226553 
vn 0.2612491250038147 0.9652689099311829 0.002184694167226553 
vn -0.2612491250038147 0.9652689099311829 0.002184694167226553 
vn -0.2612491250038147 0.9652689099311829 0.002184694167226553 
vn -0.49781718850135803 0.8672792315483093 0.002184694167226553 
vn -0.2612491250038147 0.9652689099311829 0.002184694167226553 
vn -0.2612491250038147 0.9652689099311829 0.002184694167226553 
vn -0.49781718850135803 0.8672792315483093 0.002184694167226553 
vn -0.49781718850135803 0.8672792315483093 0.002184694167226553 
vn -0.7071051001548767 0.7071051001548767 0.002184694167226553 
vn -0.2612491250038147 0.9652689099311829 0.002184694167226553 
vn -0.49781718850135803 0.8672792315483093 0.002184694167226553 
vn -0.7071051001548767 0.7071051001548767 0.002184694167226553 
vn -0.49781718850135803 0.8672792315483093 0.002184694167226553 
vn -0.7071051001548767 0.7071051001548767 0.002184694167226553 
vn -0.7071051001548767 0.7071051001548767 0.002184694167226553 
vn -0.7071051001548767 0.7071051001548767 0.002184694167226553 
vn -0.8672792315483093 0.49781718850135803 0.002184694167226553 
vn -0.8672792315483093 0.49781718850135803 0.002184694167226553 
vn -0.8672792315483093 0.49781718850135803 0.002184694167226553 
vn -0.9652689099311829 0.2612491250038147 0.002184694167226553 
vn -0.9652689099311829 0.2612491250038147 0.002184694167226553 
vn -0.999997615814209 -2.0682260971124217e-13 0.002184694167226553 
vn -0.9652689099311829 0.2612491250038147 0.002184694167226553 
vn -0.8672792315483093 0.49781718850135803 0.002184694167226553 
vn -0.7071051001548767 0.7071051001548767 0.002184694167226553 
vn -0.8672792315483093 0.49781718850135803 0.002184694167226553 
vn -0.9652689099311829 0.2612491250038147 0.002184694167226553 
vn -0.8672792315483093 0.49781718850135803 0.002184694167226553 
vn -0.9652689099311829 -0.2612491250038147 0.002184694167226553 
vn -0.999997615814209 -2.0682260971124217e-13 0.002184694167226553 
vn -0.9652689099311829 0.2612491250038147 0.002184694167226553 
vn -0.999997615814209 -2.0682260971124217e-13 0.002184694167226553 
vn -0.9652689099311829 0.2612491250038147 0.002184694167226553 
vn -0.999997615814209 -2.0682260971124217e-13 0.002184694167226553 
vn -0.9652689099311829 -0.2612491250038147 0.002184694167226553 
vn -0.9652689099311829 -0.2612491250038147 0.002184694167226553 
vn -0.8672792315483093 -0.49781718850135803 0.002184694167226553 
vn -0.8672792315483093 -0.49781718850135803 0.002184694167226553 
vn -0.7071051001548767 -0.7071051001548767 0.002184694167226553 
vn -0.7071051001548767 -0.7071051001548767 0.002184694167226553 
vn -0.9652689099311829 -0.2612491250038147 0.002184694167226553 
vn -0.7071051001548767 -0.7071051001548767 0.002184694167226553 
vn -0.49781718850135803 -0.8672792315483093 0.002184694167226553 
vn -0.7071051001548767 -0.7071051001548767 0.002184694167226553 
vn -0.8672792315483093 -0.49781718850135803 0.002184694167226553 
vn -0.9652689099311829 -0.2612491250038147 0.002184694167226553 
vn -0.8672792315483093 -0.49781718850135803 0.002184694167226553 
vn -0.9652689099311829 -0.2612491250038147 0.002184694167226553 
vn -0.999997615814209 -2.0682260971124217e-13 0.002184694167226553 
vn -0.49781718850135803 -0.8672792315483093 0.002184694167226553 
vn -0.7071051001548767 -0.7071051001548767 0.002184694167226553 
vn -0.49781718850135803 -0.8672792315483093 0.002184694167226553 
vn -0.7071051001548767 -0.7071051001548767 0.002184694167226553 
vn -0.49781718850135803 -0.8672792315483093 0.002184694167226553 
vn -0.7071051001548767 -0.7071051001548767 0.002184694167226553 
vn -0.2612491250038147 0.9652689099311829 0.002184694167226553 
vn -0.2612491250038147 0.9652689099311829 0.002184694167226553 
vn -1.0341130485562108e-13 0.999997615814209 0.002184694167226553 
vn -1.0341130485562108e-13 0.999997615814209 0.002184694167226553 
vn -0.2612491250038147 0.9652689099311829 0.002184694167226553 
vn 0.2612491250038147 0.9652689099311829 0.002184694167226553 
vn 0.2612491250038147 0.9652689099311829 0.002184694167226553 
vn -1.0341130485562108e-13 0.999997615814209 0.002184694167226553 
vn 0.2612491250038147 0.9652689099311829 0.002184694167226553 
vn 0.2612491250038147 0.9652689099311829 0.002184694167226553 
vn 0.2612491250038147 0.9652689099311829 0.002184694167226553 
vn -1.0341130485562108e-13 0.999997615814209 0.002184694167226553 
vn -0.2612491250038147 0.9652689099311829 0.002184694167226553 
vn -0.2612491250038147 0.9652689099311829 0.002184694167226553 
vn 0.2612491250038147 -0.9652689099311829 0.002184694167226553 
vn 0.2612491250038147 -0.9652689099311829 0.002184694167226553 
vn 3.097898456858039e-13 -0.999997615814209 0.002184694167226553 
vn 0.2612491250038147 -0.9652689099311829 0.002184694167226553 
vn 3.097898456858039e-13 -0.999997615814209 0.002184694167226553 
vn -0.2612491250038147 -0.9652689099311829 0.002184694167226553 
vn -0.2612491250038147 -0.9652689099311829 0.002184694167226553 
vn 3.097898456858039e-13 -0.999997615814209 0.002184694167226553 
vn -0.2612491250038147 -0.9652689099311829 0.002184694167226553 
vn -0.2612491250038147 -0.9652689099311829 0.002184694167226553 
vn -0.2612491250038147 -0.9652689099311829 0.002184694167226553 
vn 3.097898456858039e-13 -0.999997615814209 0.002184694167226553 
vn 0.2612491250038147 -0.9652689099311829 0.002184694167226553 
vn 0.2612491250038147 -0.9652689099311829 0.002184694167226553 
vn 0.2612491250038147 0.9652689099311829 0.002184694167226553 
vn 0.2612491250038147 0.9652689099311829 0.002184694167226553 
vn 0.49781718850135803 0.8672792315483093 0.002184694167226553 
vn -0.2612491250038147 -0.9652689099311829 0.002184694167226553 
vn -0.49781718850135803 -0.8672792315483093 0.002184694167226553 
vn -0.2612491250038147 -0.9652689099311829 0.002184694167226553 
vn 0.2612491250038147 0.9652689099311829 0.002184694167226553 
vn 0.2612491250038147 0.9652689099311829 0.002184694167226553 
vn 0.49781718850135803 0.8672792315483093 0.002184694167226553 
vn 0.49781718850135803 0.8672792315483093 0.002184694167226553 
vn 0.2612491250038147 0.9652689099311829 0.002184694167226553 
vn 0.49781718850135803 0.8672792315483093 0.002184694167226553 
vn 0.49781718850135803 0.8672792315483093 0.002184694167226553 
vn -0.2612491250038147 -0.9652689099311829 0.002184694167226553 
vn -0.49781718850135803 -0.8672792315483093 0.002184694167226553 
vn -0.2612491250038147 -0.9652689099311829 0.002184694167226553 
vn -0.49781718850135803 -0.8672792315483093 0.002184694167226553 
vn -0.49781718850135803 -0.8672792315483093 0.002184694167226553 
vn -0.2612491250038147 -0.9652689099311829 0.002184694167226553 
vn -0.49781718850135803 -0.8672792315483093 0.002184694167226553 
vn -0.8672792315483093 0.49781718850135803 0.002184694167226553 
vn -0.9652689099311829 0.2612491250038147 0.002184694167226553 
vn -0.9652689099311829 0.2612491250038147 0.002184694167226553 
vn 0.9652689099311829 -0.2612491250038147 0.002184694167226553 
vn 0.9652689099311829 -0.2612491250038147 0.002184694167226553 
vn 0.8672792315483093 -0.49781718850135803 0.002184694167226553 
vn -0.2612491250038147 -0.9652689099311829 0.002184694167226553 
vn 3.097898456858039e-13 -0.999997615814209 0.002184694167226553 
vn 0.2612491250038147 -0.9652689099311829 0.002184694167226553 
vn 0.2612491250038147 -0.9652689099311829 0.002184694167226553 
vn 0.2612491250038147 -0.9652689099311829 0.002184694167226553 
vn 0.2612491250038147 0.9652689099311829 0.002184694167226553 
vn -1.0341130485562108e-13 0.999997615814209 0.002184694167226553 
vn -0.2612491250038147 0.9652689099311829 0.002184694167226553 
vn -0.2612491250038147 0.9652689099311829 0.002184694167226553 
vn -0.2612491250038147 0.9652689099311829 0.002184694167226553 
vn 0.8672792315483093 -0.49781718850135803 0.002184694167226553 
vn 0.7071051001548767 -0.7071051001548767 0.002184694167226553 
vn 0.2612491250038147 0.9652689099311829 0.002184694167226553 
vn 0.49781718850135803 0.8672792315483093 0.002184694167226553 
vn 0.2612491250038147 0.9652689099311829 0.002184694167226553 
vn 0.49781718850135803 0.8672792315483093 0.002184694167226553 
vn 0.7071051001548767 0.7071051001548767 0.002184694167226553 
vn 0.49781718850135803 0.8672792315483093 0.002184694167226553 
vn 0.2612491250038147 0.9652689099311829 0.002184694167226553 
vn 0.2612491250038147 0.9652689099311829 0.002184694167226553 
vn 0.7071051001548767 0.7071051001548767 0.002184694167226553 
vn 0.7071051001548767 0.7071051001548767 0.002184694167226553 
vn 0.7071051001548767 0.7071051001548767 0.002184694167226553 
vn 0.8672792315483093 0.49781718850135803 0.002184694167226553 
vn 0.8672792315483093 0.49781718850135803 0.002184694167226553 
vn 0.8672792315483093 0.49781718850135803 0.002184694167226553 
vn 0.7071051001548767 0.7071051001548767 0.002184694167226553 
vn 0.49781718850135803 0.8672792315483093 0.002184694167226553 
vn 0.2612491250038147 0.9652689099311829 0.002184694167226553 
vn 0.7071051001548767 0.7071051001548767 0.002184694167226553 
vn 0.9652689099311829 0.2612491250038147 0.002184694167226553 
vn 0.8672792315483093 0.49781718850135803 0.002184694167226553 
vn 0.7071051001548767 0.7071051001548767 0.002184694167226553 
vn 0.8672792315483093 0.49781718850135803 0.002184694167226553 
vn 0.9652689099311829 0.2612491250038147 0.002184694167226553 
vn 0.9652689099311829 0.2612491250038147 0.002184694167226553 
vn 0.999997615814209 0 0.002184694167226553 
vn 0.999997615814209 0 0.002184694167226553 
vn 0.9652689099311829 -0.2612491250038147 0.002184694167226553 
vn 0.9652689099311829 -0.2612491250038147 0.002184694167226553 
vn 0.9652689099311829 0.2612491250038147 0.002184694167226553 
vn 0.9652689099311829 -0.2612491250038147 0.002184694167226553 
vn 0.999997615814209 0 0.002184694167226553 
vn 0.999997615814209 0 0.002184694167226553 
vn 0.9652689099311829 0.2612491250038147 0.002184694167226553 
vn 0.999997615814209 0 0.002184694167226553 
vn 0.9652689099311829 -0.2612491250038147 0.002184694167226553 
vn 0.9652689099311829 -0.2612491250038147 0.002184694167226553 
vn 0.8672792315483093 -0.49781718850135803 0.002184694167226553 
vn 0.8672792315483093 -0.49781718850135803 0.002184694167226553 
vn 0.7071051001548767 -0.7071051001548767 0.002184694167226553 
vn 0.7071051001548767 -0.7071051001548767 0.002184694167226553 
vn 0.49781718850135803 -0.8672792315483093 0.002184694167226553 
vn 0.9652689099311829 -0.2612491250038147 0.002184694167226553 
vn 0.7071051001548767 -0.7071051001548767 0.002184694167226553 
vn 0.49781718850135803 -0.8672792315483093 0.002184694167226553 
vn 0.49781718850135803 -0.8672792315483093 0.002184694167226553 
vn 0.8672792315483093 -0.49781718850135803 0.002184694167226553 
vn 0.7071051001548767 -0.7071051001548767 0.002184694167226553 
vn 0.8672792315483093 -0.49781718850135803 0.002184694167226553 
vn 0.9652689099311829 -0.2612491250038147 0.002184694167226553 
vn 0.2612491250038147 -0.9652689099311829 0.002184694167226553 
vn 0.49781718850135803 -0.8672792315483093 0.002184694167226553 
vn 0.2612491250038147 -0.9652689099311829 0.002184694167226553 
vn 0.2612491250038147 -0.9652689099311829 0.002184694167226553 
vn 3.097898456858039e-13 -0.999997615814209 0.002184694167226553 
vn 0.2612491250038147 -0.9652689099311829 0.002184694167226553 
vn 3.097898456858039e-13 -0.999997615814209 0.002184694167226553 
vn 0.2612491250038147 -0.9652689099311829 0.002184694167226553 
vn -0.2612491250038147 -0.9652689099311829 0.002184694167226553 
vn 3.097898456858039e-13 -0.999997615814209 0.002184694167226553 
vn 0.2612491250038147 -0.9652689099311829 0.002184694167226553 
vn 0.49781718850135803 -0.8672792315483093 0.002184694167226553 
vn 0.7071051001548767 -0.7071051001548767 0.002184694167226553 
vn 0.2612491250038147 -0.9652689099311829 0.002184694167226553 
vn 0.2612491250038147 -0.9652689099311829 0.002184694167226553 
vn -0.2612491250038147 -0.9652689099311829 0.002184694167226553 
vn -0.2612491250038147 -0.9652689099311829 0.002184694167226553 
vn -0.49781718850135803 -0.8672792315483093 0.002184694167226553 
vn -0.2612491250038147 -0.9652689099311829 0.002184694167226553 
vn -0.2612491250038147 -0.9652689099311829 0.002184694167226553 
vn -0.49781718850135803 -0.8672792315483093 0.002184694167226553 
vn -0.49781718850135803 -0.8672792315483093 0.002184694167226553 
vn -0.7071051001548767 -0.7071051001548767 0.002184694167226553 
vn -0.2612491250038147 -0.9652689099311829 0.002184694167226553 
vn -0.49781718850135803 -0.8672792315483093 0.002184694167226553 
vn -0.7071051001548767 -0.7071051001548767 0.002184694167226553 
vn -0.49781718850135803 -0.8672792315483093 0.002184694167226553 
vn -0.7071051001548767 -0.7071051001548767 0.002184694167226553 
vn -0.7071051001548767 -0.7071051001548767 0.002184694167226553 
vn -0.7071051001548767 -0.7071051001548767 0.002184694167226553 
vn -0.8672792315483093 -0.49781718850135803 0.002184694167226553 
vn -0.8672792315483093 -0.49781718850135803 0.002184694167226553 
vn -0.8672792315483093 -0.49781718850135803 0.002184694167226553 
vn -0.9652689099311829 -0.2612491250038147 0.002184694167226553 
vn -0.9652689099311829 -0.2612491250038147 0.002184694167226553 
vn -0.999997615814209 -2.0682260971124217e-13 0.002184694167226553 
vn -0.9652689099311829 -0.2612491250038147 0.002184694167226553 
vn -0.8672792315483093 -0.49781718850135803 0.002184694167226553 
vn -0.7071051001548767 -0.7071051001548767 0.002184694167226553 
vn -0.8672792315483093 -0.49781718850135803 0.002184694167226553 
vn -0.9652689099311829 -0.2612491250038147 0.002184694167226553 
vn -0.8672792315483093 -0.49781718850135803 0.002184694167226553 
vn -0.9652689099311829 0.2612491250038147 0.002184694167226553 
vn -0.999997615814209 -2.0682260971124217e-13 0.002184694167226553 
vn -0.9652689099311829 -0.2612491250038147 0.002184694167226553 
vn -0.999997615814209 -2.0682260971124217e-13 0.002184694167226553 
vn -0.9652689099311829 -0.2612491250038147 0.002184694167226553 
vn -0.999997615814209 -2.0682260971124217e-13 0.002184694167226553 
vn -0.9652689099311829 0.2612491250038147 0.002184694167226553 
vn -0.9652689099311829 0.2612491250038147 0.002184694167226553 
vn -0.8672792315483093 0.49781718850135803 0.002184694167226553 
vn -0.8672792315483093 0.49781718850135803 0.002184694167226553 
vn -0.7071051001548767 0.7071051001548767 0.002184694167226553 
vn -0.7071051001548767 0.7071051001548767 0.002184694167226553 
vn -0.9652689099311829 0.2612491250038147 0.002184694167226553 
vn -0.7071051001548767 0.7071051001548767 0.002184694167226553 
vn -0.49781718850135803 0.8672792315483093 0.002184694167226553 
vn -0.7071051001548767 0.7071051001548767 0.002184694167226553 
vn -0.8672792315483093 0.49781718850135803 0.002184694167226553 
vn -0.9652689099311829 0.2612491250038147 0.002184694167226553 
vn -0.8672792315483093 0.49781718850135803 0.002184694167226553 
vn -0.9652689099311829 0.2612491250038147 0.002184694167226553 
vn -0.999997615814209 -2.0682260971124217e-13 0.002184694167226553 
vn -0.49781718850135803 0.8672792315483093 0.002184694167226553 
vn -0.7071051001548767 0.7071051001548767 0.002184694167226553 
vn -0.49781718850135803 0.8672792315483093 0.002184694167226553 
vn -0.7071051001548767 0.7071051001548767 0.002184694167226553 
vn -0.49781718850135803 0.8672792315483093 0.002184694167226553 
vn -0.7071051001548767 0.7071051001548767 0.002184694167226553 
vn -0.2612491250038147 -0.9652689099311829 0.002184694167226553 
vn -0.49781718850135803 -0.8672792315483093 0.002184694167226553 
vn -0.2612491250038147 -0.9652689099311829 0.002184694167226553 
vn -0.49781718850135803 -0.8672792315483093 0.002184694167226553 
vn -0.49781718850135803 -0.8672792315483093 0.002184694167226553 
vn -0.7071051001548767 -0.7071051001548767 0.002184694167226553 
vn -0.2612491250038147 -0.9652689099311829 0.002184694167226553 
vn -0.2612491250038147 -0.9652689099311829 0.002184694167226553 
vn -0.7071051001548767 -0.7071051001548767 0.002184694167226553 
vn -0.7071051001548767 -0.7071051001548767 0.002184694167226553 
vn -0.8672792315483093 -0.49781718850135803 0.002184694167226553 
vn -0.7071051001548767 -0.7071051001548767 0.002184694167226553 
vn -0.8672792315483093 -0.49781718850135803 0.002184694167226553 
vn -0.8672792315483093 -0.49781718850135803 0.002184694167226553 
vn -0.7071051001548767 -0.7071051001548767 0.002184694167226553 
vn -0.49781718850135803 -0.8672792315483093 0.002184694167226553 
vn -0.7071051001548767 -0.7071051001548767 0.002184694167226553 
vn -0.2612491250038147 -0.9652689099311829 0.002184694167226553 
vn -0.9652689099311829 -0.2612491250038147 0.002184694167226553 
vn -0.8672792315483093 -0.49781718850135803 0.002184694167226553 
vn -0.7071051001548767 -0.7071051001548767 0.002184694167226553 
vn -0.8672792315483093 -0.49781718850135803 0.002184694167226553 
vn -0.9652689099311829 -0.2612491250038147 0.002184694167226553 
vn -0.9652689099311829 -0.2612491250038147 0.002184694167226553 
vn -0.999997615814209 -2.0682260971124217e-13 0.002184694167226553 
vn -0.999997615814209 -2.0682260971124217e-13 0.002184694167226553 
vn -0.9652689099311829 0.2612491250038147 0.002184694167226553 
vn -0.9652689099311829 0.2612491250038147 0.002184694167226553 
vn -0.9652689099311829 -0.2612491250038147 0.002184694167226553 
vn -0.999997615814209 -2.0682260971124217e-13 0.002184694167226553 
vn -0.9652689099311829 0.2612491250038147 0.002184694167226553 
vn -0.9652689099311829 -0.2612491250038147 0.002184694167226553 
vn -0.999997615814209 -2.0682260971124217e-13 0.002184694167226553 
vn -0.9652689099311829 0.2612491250038147 0.002184694167226553 
vn -0.999997615814209 -2.0682260971124217e-13 0.002184694167226553 
vn -0.9652689099311829 0.2612491250038147 0.002184694167226553 
vn -0.8672792315483093 0.49781718850135803 0.002184694167226553 
vn -0.8672792315483093 0.49781718850135803 0.002184694167226553 
vn -0.7071051001548767 0.7071051001548767 0.002184694167226553 
vn -0.7071051001548767 0.7071051001548767 0.002184694167226553 
vn -0.49781718850135803 0.8672792315483093 0.002184694167226553 
vn -0.9652689099311829 0.2612491250038147 0.002184694167226553 
vn -0.7071051001548767 0.7071051001548767 0.002184694167226553 
vn -0.49781718850135803 0.8672792315483093 0.002184694167226553 
vn -0.49781718850135803 0.8672792315483093 0.002184694167226553 
vn -0.8672792315483093 0.49781718850135803 0.002184694167226553 
vn -0.7071051001548767 0.7071051001548767 0.002184694167226553 
vn -0.9652689099311829 0.2612491250038147 0.002184694167226553 
vn -0.8672792315483093 0.49781718850135803 0.002184694167226553 
vn -0.49781718850135803 0.8672792315483093 0.002184694167226553 
vn -0.2612491250038147 0.9652689099311829 0.002184694167226553 
vn -0.2612491250038147 0.9652689099311829 0.002184694167226553 
vn -0.2612491250038147 0.9652689099311829 0.002184694167226553 
vn -0.2612491250038147 0.9652689099311829 0.002184694167226553 
vn -1.0341130485562108e-13 0.999997615814209 0.002184694167226553 
vn -0.2612491250038147 0.9652689099311829 0.002184694167226553 
vn -1.0341130485562108e-13 0.999997615814209 0.002184694167226553 
vn 0.2612491250038147 0.9652689099311829 0.002184694167226553 
vn -1.0341130485562108e-13 0.999997615814209 0.002184694167226553 
vn -0.2612491250038147 0.9652689099311829 0.002184694167226553 
vn -0.49781718850135803 0.8672792315483093 0.002184694167226553 
vn -0.7071051001548767 0.7071051001548767 0.002184694167226553 
vn -0.2612491250038147 0.9652689099311829 0.002184694167226553 
vn -0.2612491250038147 0.9652689099311829 0.002184694167226553 
vn 0.2612491250038147 0.9652689099311829 0.002184694167226553 
vn 0.2612491250038147 0.9652689099311829 0.002184694167226553 
vn 0.2612491250038147 0.9652689099311829 0.002184694167226553 
vn 0.49781718850135803 0.8672792315483093 0.002184694167226553 
vn 0.2612491250038147 0.9652689099311829 0.002184694167226553 
vn 0.49781718850135803 0.8672792315483093 0.002184694167226553 
vn 0.49781718850135803 0.8672792315483093 0.002184694167226553 
vn 0.7071051001548767 0.7071051001548767 0.002184694167226553 
vn 0.49781718850135803 0.8672792315483093 0.002184694167226553 
vn 0.2612491250038147 0.9652689099311829 0.002184694167226553 
vn 0.49781718850135803 0.8672792315483093 0.002184694167226553 
vn 0.7071051001548767 0.7071051001548767 0.002184694167226553 
vn 0.7071051001548767 0.7071051001548767 0.002184694167226553 
vn 0.7071051001548767 0.7071051001548767 0.002184694167226553 
vn 0.7071051001548767 0.7071051001548767 0.002184694167226553 
vn 0.8672792315483093 0.49781718850135803 0.002184694167226553 
vn 0.8672792315483093 0.49781718850135803 0.002184694167226553 
vn 0.8672792315483093 0.49781718850135803 0.002184694167226553 
vn 0.9652689099311829 0.2612491250038147 0.002184694167226553 
vn 0.9652689099311829 0.2612491250038147 0.002184694167226553 
vn 0.999997615814209 0 0.002184694167226553 
vn 0.9652689099311829 0.2612491250038147 0.002184694167226553 
vn 0.8672792315483093 0.49781718850135803 0.002184694167226553 
vn 0.9652689099311829 0.2612491250038147 0.002184694167226553 
vn 0.8672792315483093 0.49781718850135803 0.002184694167226553 
vn 0.9652689099311829 0.2612491250038147 0.002184694167226553 
vn 0.999997615814209 0 0.002184694167226553 
vn 0.9652689099311829 -0.2612491250038147 0.002184694167226553 
vn 0.999997615814209 0 0.002184694167226553 
vn 0.9652689099311829 0.2612491250038147 0.002184694167226553 
vn 0.999997615814209 0 0.002184694167226553 
vn 0.9652689099311829 -0.2612491250038147 0.002184694167226553 
vn 0.9652689099311829 -0.2612491250038147 0.002184694167226553 
vn 0.8672792315483093 -0.49781718850135803 0.002184694167226553 
vn 0.8672792315483093 -0.49781718850135803 0.002184694167226553 
vn 0.7071051001548767 -0.7071051001548767 0.002184694167226553 
vn 0.7071051001548767 -0.7071051001548767 0.002184694167226553 
vn 0.9652689099311829 -0.2612491250038147 0.002184694167226553 
vn 0.7071051001548767 -0.7071051001548767 0.002184694167226553 
vn 0.49781718850135803 -0.8672792315483093 0.002184694167226553 
vn 0.7071051001548767 -0.7071051001548767 0.002184694167226553 
vn 0.49781718850135803 -0.8672792315483093 0.002184694167226553 
vn 0.49781718850135803 -0.8672792315483093 0.002184694167226553 
vn 0.7071051001548767 -0.7071051001548767 0.002184694167226553 
vn 0.7071051001548767 -0.7071051001548767 0.002184694167226553 
vn 0.49781718850135803 -0.8672792315483093 0.002184694167226553 
vn 0.9652689099311829 -0.2612491250038147 0.002184694167226553 
vn 0.999997615814209 0 0.002184694167226553 
vn 0.7071051001548767 -0.7071051001548767 0.002184694167226553 
vn 0.8672792315483093 -0.49781718850135803 0.002184694167226553 
vn 0.8672792315483093 -0.49781718850135803 0.002184694167226553 
vn 0.9652689099311829 -0.2612491250038147 0.002184694167226553 
vn 0.2612491250038147 0.9652689099311829 0.002184694167226553 
vn -1.0341130485562108e-13 0.999997615814209 0.002184694167226553 
vn 0.2612491250038147 0.9652689099311829 0.002184694167226553 
vn 0.2612491250038147 0.9652689099311829 0.002184694167226553 
vn -1.0341130485562108e-13 0.999997615814209 0.002184694167226553 
vn -0.2612491250038147 0.9652689099311829 0.002184694167226553 
vn -0.2612491250038147 0.9652689099311829 0.002184694167226553 
vn -1.0341130485562108e-13 0.999997615814209 0.002184694167226553 
vn -0.2612491250038147 0.9652689099311829 0.002184694167226553 
vn -0.2612491250038147 0.9652689099311829 0.002184694167226553 
vn -0.2612491250038147 0.9652689099311829 0.002184694167226553 
vn -1.0341130485562108e-13 0.999997615814209 0.002184694167226553 
vn 0.2612491250038147 0.9652689099311829 0.002184694167226553 
vn 0.2612491250038147 0.9652689099311829 0.002184694167226553 
vn -0.2612491250038147 -0.9652689099311829 0.002184694167226553 
vn 3.097898456858039e-13 -0.999997615814209 0.002184694167226553 
vn -0.2612491250038147 -0.9652689099311829 0.002184694167226553 
vn 3.097898456858039e-13 -0.999997615814209 0.002184694167226553 
vn -0.2612491250038147 -0.9652689099311829 0.002184694167226553 
vn 0.2612491250038147 -0.9652689099311829 0.002184694167226553 
vn 0.2612491250038147 -0.9652689099311829 0.002184694167226553 
vn 3.097898456858039e-13 -0.999997615814209 0.002184694167226553 
vn 0.2612491250038147 -0.9652689099311829 0.002184694167226553 
vn 0.2612491250038147 -0.9652689099311829 0.002184694167226553 
vn 0.2612491250038147 -0.9652689099311829 0.002184694167226553 
vn 3.097898456858039e-13 -0.999997615814209 0.002184694167226553 
vn -0.2612491250038147 -0.9652689099311829 0.002184694167226553 
vn -0.2612491250038147 -0.9652689099311829 0.002184694167226553 
vn -0.2612491250038147 0.9652689099311829 0.002184694167226553 
vn -0.49781718850135803 0.8672792315483093 0.002184694167226553 
vn -0.2612491250038147 0.9652689099311829 0.002184694167226553 
vn 0.2612491250038147 -0.9652689099311829 0.002184694167226553 
vn 0.2612491250038147 -0.9652689099311829 0.002184694167226553 
vn 0.49781718850135803 -0.8672792315483093 0.002184694167226553 
vn -0.2612491250038147 0.9652689099311829 0.002184694167226553 
vn -0.49781718850135803 0.8672792315483093 0.002184694167226553 
vn -0.2612491250038147 0.9652689099311829 0.002184694167226553 
vn -0.49781718850135803 0.8672792315483093 0.002184694167226553 
vn -0.49781718850135803 0.8672792315483093 0.002184694167226553 
vn -0.2612491250038147 0.9652689099311829 0.002184694167226553 
vn -0.49781718850135803 0.8672792315483093 0.002184694167226553 
vn 0.2612491250038147 -0.9652689099311829 0.002184694167226553 
vn 0.2612491250038147 -0.9652689099311829 0.002184694167226553 
vn 0.49781718850135803 -0.8672792315483093 0.002184694167226553 
vn 0.49781718850135803 -0.8672792315483093 0.002184694167226553 
vn 0.2612491250038147 -0.9652689099311829 0.002184694167226553 
vn 0.49781718850135803 -0.8672792315483093 0.002184694167226553 
vn 0.49781718850135803 -0.8672792315483093 0.002184694167226553 
vn 0.9652689099311829 0.2612491250038147 0.002184694167226553 
vn 0.9652689099311829 0.2612491250038147 0.002184694167226553 
vn 0.8672792315483093 0.49781718850135803 0.002184694167226553 
vn -0.8672792315483093 -0.49781718850135803 0.002184694167226553 
vn -0.9652689099311829 -0.2612491250038147 0.002184694167226553 
vn -0.9652689099311829 -0.2612491250038147 0.002184694167226553 
vn 0.2612491250038147 -0.9652689099311829 0.002184694167226553 
vn 3.097898456858039e-13 -0.999997615814209 0.002184694167226553 
vn -0.2612491250038147 -0.9652689099311829 0.002184694167226553 
vn -0.2612491250038147 -0.9652689099311829 0.002184694167226553 
vn -0.2612491250038147 -0.9652689099311829 0.002184694167226553 
vn -0.2612491250038147 0.9652689099311829 0.002184694167226553 
vn -1.0341130485562108e-13 0.999997615814209 0.002184694167226553 
vn 0.2612491250038147 0.9652689099311829 0.002184694167226553 
vn 0.2612491250038147 0.9652689099311829 0.002184694167226553 
vn 0.2612491250038147 0.9652689099311829 0.002184694167226553 
vn 0.8672792315483093 0.49781718850135803 0.002184694167226553 
vn 0.7071051001548767 0.7071051001548767 0.002184694167226553 
vn -0.2612491250038147 -0.9652689099311829 0.002184694167226553 
vn -0.2612491250038147 -0.9652689099311829 0.002184694167226553 
vn -0.49781718850135803 -0.8672792315483093 0.002184694167226553 
vn -0.49781718850135803 -0.8672792315483093 0.002184694167226553 
vn -0.7071051001548767 -0.7071051001548767 0.002184694167226553 
vn -0.49781718850135803 -0.8672792315483093 0.002184694167226553 
vn -0.2612491250038147 -0.9652689099311829 0.002184694167226553 
vn -0.2612491250038147 -0.9652689099311829 0.002184694167226553 
vn -0.7071051001548767 -0.7071051001548767 0.002184694167226553 
vn -0.7071051001548767 -0.7071051001548767 0.002184694167226553 
vn -0.7071051001548767 -0.7071051001548767 0.002184694167226553 
vn -0.8672792315483093 -0.49781718850135803 0.002184694167226553 
vn -0.8672792315483093 -0.49781718850135803 0.002184694167226553 
vn -0.8672792315483093 -0.49781718850135803 0.002184694167226553 
vn -0.7071051001548767 -0.7071051001548767 0.002184694167226553 
vn -0.49781718850135803 -0.8672792315483093 0.002184694167226553 
vn -0.2612491250038147 -0.9652689099311829 0.002184694167226553 
vn -0.7071051001548767 -0.7071051001548767 0.002184694167226553 
vn -0.9652689099311829 -0.2612491250038147 0.002184694167226553 
vn -0.8672792315483093 -0.49781718850135803 0.002184694167226553 
vn -0.7071051001548767 -0.7071051001548767 0.002184694167226553 
vn -0.8672792315483093 -0.49781718850135803 0.002184694167226553 
vn -0.9652689099311829 -0.2612491250038147 0.002184694167226553 
vn -0.9652689099311829 -0.2612491250038147 0.002184694167226553 
vn -0.999997615814209 -2.0682260971124217e-13 0.002184694167226553 
vn -0.999997615814209 -2.0682260971124217e-13 0.002184694167226553 
vn -0.9652689099311829 0.2612491250038147 0.002184694167226553 
vn -0.9652689099311829 0.2612491250038147 0.002184694167226553 
vn -0.9652689099311829 -0.2612491250038147 0.002184694167226553 
vn -0.9652689099311829 0.2612491250038147 0.002184694167226553 
vn -0.999997615814209 -2.0682260971124217e-13 0.002184694167226553 
vn -0.999997615814209 -2.0682260971124217e-13 0.002184694167226553 
vn -0.9652689099311829 -0.2612491250038147 0.002184694167226553 
vn -0.999997615814209 -2.0682260971124217e-13 0.002184694167226553 
vn -0.9652689099311829 0.2612491250038147 0.002184694167226553 
vn -0.9652689099311829 0.2612491250038147 0.002184694167226553 
vn -0.8672792315483093 0.49781718850135803 0.002184694167226553 
vn -0.8672792315483093 0.49781718850135803 0.002184694167226553 
vn -0.7071051001548767 0.7071051001548767 0.002184694167226553 
vn -0.7071051001548767 0.7071051001548767 0.002184694167226553 
vn -0.49781718850135803 0.8672792315483093 0.002184694167226553 
vn -0.9652689099311829 0.2612491250038147 0.002184694167226553 
vn -0.7071051001548767 0.7071051001548767 0.002184694167226553 
vn -0.49781718850135803 0.8672792315483093 0.002184694167226553 
vn -0.49781718850135803 0.8672792315483093 0.002184694167226553 
vn -0.8672792315483093 0.49781718850135803 0.002184694167226553 
vn -0.7071051001548767 0.7071051001548767 0.002184694167226553 
vn -0.8672792315483093 0.49781718850135803 0.002184694167226553 
vn -0.9652689099311829 0.2612491250038147 0.002184694167226553 
vn -0.2612491250038147 0.9652689099311829 0.002184694167226553 
vn -0.49781718850135803 0.8672792315483093 0.002184694167226553 
vn -0.2612491250038147 0.9652689099311829 0.002184694167226553 
vn -0.2612491250038147 0.9652689099311829 0.002184694167226553 
vn -1.0341130485562108e-13 0.999997615814209 0.002184694167226553 
vn -0.2612491250038147 0.9652689099311829 0.002184694167226553 
vn -1.0341130485562108e-13 0.999997615814209 0.002184694167226553 
vn -0.2612491250038147 0.9652689099311829 0.002184694167226553 
vn 0.2612491250038147 0.9652689099311829 0.002184694167226553 
vn -1.0341130485562108e-13 0.999997615814209 0.002184694167226553 
vn -0.2612491250038147 0.9652689099311829 0.002184694167226553 
vn -0.49781718850135803 0.8672792315483093 0.002184694167226553 
vn -0.7071051001548767 0.7071051001548767 0.002184694167226553 
vn -0.2612491250038147 0.9652689099311829 0.002184694167226553 
vn -0.2612491250038147 0.9652689099311829 0.002184694167226553 
vn 0.2612491250038147 0.9652689099311829 0.002184694167226553 
vn 0.2612491250038147 0.9652689099311829 0.002184694167226553 
vn 0.49781718850135803 0.8672792315483093 0.002184694167226553 
vn 0.2612491250038147 0.9652689099311829 0.002184694167226553 
vn 0.2612491250038147 0.9652689099311829 0.002184694167226553 
vn 0.49781718850135803 0.8672792315483093 0.002184694167226553 
vn 0.49781718850135803 0.8672792315483093 0.002184694167226553 
vn 0.7071051001548767 0.7071051001548767 0.002184694167226553 
vn 0.2612491250038147 0.9652689099311829 0.002184694167226553 
vn 0.49781718850135803 0.8672792315483093 0.002184694167226553 
vn 0.7071051001548767 0.7071051001548767 0.002184694167226553 
vn 0.49781718850135803 0.8672792315483093 0.002184694167226553 
vn 0.7071051001548767 0.7071051001548767 0.002184694167226553 
vn 0.7071051001548767 0.7071051001548767 0.002184694167226553 
vn 0.7071051001548767 0.7071051001548767 0.002184694167226553 
vn 0.8672792315483093 0.49781718850135803 0.002184694167226553 
vn 0.8672792315483093 0.49781718850135803 0.002184694167226553 
vn 0.8672792315483093 0.49781718850135803 0.002184694167226553 
vn 0.9652689099311829 0.2612491250038147 0.002184694167226553 
vn 0.9652689099311829 0.2612491250038147 0.002184694167226553 
vn 0.999997615814209 0 0.002184694167226553 
vn 0.9652689099311829 0.2612491250038147 0.002184694167226553 
vn 0.8672792315483093 0.49781718850135803 0.002184694167226553 
vn 0.7071051001548767 0.7071051001548767 0.002184694167226553 
vn 0.8672792315483093 0.49781718850135803 0.002184694167226553 
vn 0.9652689099311829 0.2612491250038147 0.002184694167226553 
vn 0.8672792315483093 0.49781718850135803 0.002184694167226553 
vn 0.9652689099311829 -0.2612491250038147 0.002184694167226553 
vn 0.999997615814209 0 0.002184694167226553 
vn 0.9652689099311829 0.2612491250038147 0.002184694167226553 
vn 0.999997615814209 0 0.002184694167226553 
vn 0.9652689099311829 0.2612491250038147 0.002184694167226553 
vn 0.999997615814209 0 0.002184694167226553 
vn 0.9652689099311829 -0.2612491250038147 0.002184694167226553 
vn 0.9652689099311829 -0.2612491250038147 0.002184694167226553 
vn 0.8672792315483093 -0.49781718850135803 0.002184694167226553 
vn 0.8672792315483093 -0.49781718850135803 0.002184694167226553 
vn 0.7071051001548767 -0.7071051001548767 0.002184694167226553 
vn 0.7071051001548767 -0.7071051001548767 0.002184694167226553 
vn 0.9652689099311829 -0.2612491250038147 0.002184694167226553 
vn 0.7071051001548767 -0.7071051001548767 0.002184694167226553 
vn 0.49781718850135803 -0.8672792315483093 0.002184694167226553 
vn 0.7071051001548767 -0.7071051001548767 0.002184694167226553 
vn 0.8672792315483093 -0.49781718850135803 0.002184694167226553 
vn 0.9652689099311829 -0.2612491250038147 0.002184694167226553 
vn 0.8672792315483093 -0.49781718850135803 0.002184694167226553 
vn 0.9652689099311829 -0.2612491250038147 0.002184694167226553 
vn 0.999997615814209 0 0.002184694167226553 
vn 0.49781718850135803 -0.8672792315483093 0.002184694167226553 
vn 0.7071051001548767 -0.7071051001548767 0.002184694167226553 
vn 0.49781718850135803 -0.8672792315483093 0.002184694167226553 
vn 0.7071051001548767 -0.7071051001548767 0.002184694167226553 
vn 0.49781718850135803 -0.8672792315483093 0.002184694167226553 
vn 0.7071051001548767 -0.7071051001548767 0.002184694167226553 
vn 0.2612491250038147 0.9652689099311829 0.002184694167226553 
vn 0.49781718850135803 0.8672792315483093 0.002184694167226553 
vn 0.2612491250038147 0.9652689099311829 0.002184694167226553 
vn 0.49781718850135803 0.8672792315483093 0.002184694167226553 
vn 0.49781718850135803 0.8672792315483093 0.002184694167226553 
vn 0.7071051001548767 0.7071051001548767 0.002184694167226553 
vn 0.2612491250038147 0.9652689099311829 0.002184694167226553 
vn 0.2612491250038147 0.9652689099311829 0.002184694167226553 
vn 0.7071051001548767 0.7071051001548767 0.002184694167226553 
vn 0.7071051001548767 0.7071051001548767 0.002184694167226553 
vn 0.8672792315483093 0.49781718850135803 0.002184694167226553 
vn 0.7071051001548767 0.7071051001548767 0.002184694167226553 
vn 0.8672792315483093 0.49781718850135803 0.002184694167226553 
vn 0.8672792315483093 0.49781718850135803 0.002184694167226553 
vn 0.7071051001548767 0.7071051001548767 0.002184694167226553 
vn 0.49781718850135803 0.8672792315483093 0.002184694167226553 
vn 0.7071051001548767 0.7071051001548767 0.002184694167226553 
vn 0.2612491250038147 0.9652689099311829 0.002184694167226553 
vn 0.9652689099311829 0.2612491250038147 0.002184694167226553 
vn 0.8672792315483093 0.49781718850135803 0.002184694167226553 
vn 0.7071051001548767 0.7071051001548767 0.002184694167226553 
vn 0.8672792315483093 0.49781718850135803 0.002184694167226553 
vn 0.9652689099311829 0.2612491250038147 0.002184694167226553 
vn 0.9652689099311829 0.2612491250038147 0.002184694167226553 
vn 0.999997615814209 0 0.002184694167226553 
vn 0.999997615814209 0 0.002184694167226553 
vn 0.9652689099311829 -0.2612491250038147 0.002184694167226553 
vn 0.9652689099311829 -0.2612491250038147 0.002184694167226553 
vn 0.9652689099311829 0.2612491250038147 0.002184694167226553 
vn 0.999997615814209 0 0.002184694167226553 
vn 0.9652689099311829 -0.2612491250038147 0.002184694167226553 
vn 0.9652689099311829 0.2612491250038147 0.002184694167226553 
vn 0.999997615814209 0 0.002184694167226553 
vn 0.9652689099311829 -0.2612491250038147 0.002184694167226553 
vn 0.999997615814209 0 0.002184694167226553 
vn 0.9652689099311829 -0.2612491250038147 0.002184694167226553 
vn 0.8672792315483093 -0.49781718850135803 0.002184694167226553 
vn 0.8672792315483093 -0.49781718850135803 0.002184694167226553 
vn 0.7071051001548767 -0.7071051001548767 0.002184694167226553 
vn 0.7071051001548767 -0.7071051001548767 0.002184694167226553 
vn 0.49781718850135803 -0.8672792315483093 0.002184694167226553 
vn 0.9652689099311829 -0.2612491250038147 0.002184694167226553 
vn 0.7071051001548767 -0.7071051001548767 0.002184694167226553 
vn 0.49781718850135803 -0.8672792315483093 0.002184694167226553 
vn 0.49781718850135803 -0.8672792315483093 0.002184694167226553 
vn 0.8672792315483093 -0.49781718850135803 0.002184694167226553 
vn 0.7071051001548767 -0.7071051001548767 0.002184694167226553 
vn 0.9652689099311829 -0.2612491250038147 0.002184694167226553 
vn 0.8672792315483093 -0.49781718850135803 0.002184694167226553 
vn 0.49781718850135803 -0.8672792315483093 0.002184694167226553 
vn 0.2612491250038147 -0.9652689099311829 0.002184694167226553 
vn 0.2612491250038147 -0.9652689099311829 0.002184694167226553 
vn 0.2612491250038147 -0.9652689099311829 0.002184694167226553 
vn 0.2612491250038147 -0.9652689099311829 0.002184694167226553 
vn 3.097898456858039e-13 -0.999997615814209 0.002184694167226553 
vn 0.2612491250038147 -0.9652689099311829 0.002184694167226553 
vn 3.097898456858039e-13 -0.999997615814209 0.002184694167226553 
vn -0.2612491250038147 -0.9652689099311829 0.002184694167226553 
vn 3.097898456858039e-13 -0.999997615814209 0.002184694167226553 
vn 0.2612491250038147 -0.9652689099311829 0.002184694167226553 
vn 0.49781718850135803 -0.8672792315483093 0.002184694167226553 
vn 0.7071051001548767 -0.7071051001548767 0.002184694167226553 
vn 0.2612491250038147 -0.9652689099311829 0.002184694167226553 
vn 0.2612491250038147 -0.9652689099311829 0.002184694167226553 
vn -0.2612491250038147 -0.9652689099311829 0.002184694167226553 
vn -0.2612491250038147 -0.9652689099311829 0.002184694167226553 
vn -0.2612491250038147 -0.9652689099311829 0.002184694167226553 
vn -0.49781718850135803 -0.8672792315483093 0.002184694167226553 
vn -0.2612491250038147 -0.9652689099311829 0.002184694167226553 
vn -0.49781718850135803 -0.8672792315483093 0.002184694167226553 
vn -0.49781718850135803 -0.8672792315483093 0.002184694167226553 
vn -0.7071051001548767 -0.7071051001548767 0.002184694167226553 
vn -0.49781718850135803 -0.8672792315483093 0.002184694167226553 
vn -0.2612491250038147 -0.9652689099311829 0.002184694167226553 
vn -0.49781718850135803 -0.8672792315483093 0.002184694167226553 
vn -0.7071051001548767 -0.7071051001548767 0.002184694167226553 
vn -0.7071051001548767 -0.7071051001548767 0.002184694167226553 
vn -0.7071051001548767 -0.7071051001548767 0.002184694167226553 
vn -0.7071051001548767 -0.7071051001548767 0.002184694167226553 
vn -0.8672792315483093 -0.49781718850135803 0.002184694167226553 
vn -0.8672792315483093 -0.49781718850135803 0.002184694167226553 
vn -0.8672792315483093 -0.49781718850135803 0.002184694167226553 
vn -0.9652689099311829 -0.2612491250038147 0.002184694167226553 
vn -0.9652689099311829 -0.2612491250038147 0.002184694167226553 
vn -0.999997615814209 -2.0682260971124217e-13 0.002184694167226553 
vn -0.9652689099311829 -0.2612491250038147 0.002184694167226553 
vn -0.8672792315483093 -0.49781718850135803 0.002184694167226553 
vn -0.9652689099311829 -0.2612491250038147 0.002184694167226553 
vn -0.8672792315483093 -0.49781718850135803 0.002184694167226553 
vn -0.9652689099311829 -0.2612491250038147 0.002184694167226553 
vn -0.999997615814209 -2.0682260971124217e-13 0.002184694167226553 
vn -0.9652689099311829 0.2612491250038147 0.002184694167226553 
vn -0.999997615814209 -2.0682260971124217e-13 0.002184694167226553 
vn -0.9652689099311829 -0.2612491250038147 0.002184694167226553 
vn -0.999997615814209 -2.0682260971124217e-13 0.002184694167226553 
vn -0.9652689099311829 0.2612491250038147 0.002184694167226553 
vn -0.9652689099311829 0.2612491250038147 0.002184694167226553 
vn -0.8672792315483093 0.49781718850135803 0.002184694167226553 
vn -0.8672792315483093 0.49781718850135803 0.002184694167226553 
vn -0.7071051001548767 0.7071051001548767 0.002184694167226553 
vn -0.7071051001548767 0.7071051001548767 0.002184694167226553 
vn -0.9652689099311829 0.2612491250038147 0.002184694167226553 
vn -0.7071051001548767 0.7071051001548767 0.002184694167226553 
vn -0.49781718850135803 0.8672792315483093 0.002184694167226553 
vn -0.7071051001548767 0.7071051001548767 0.002184694167226553 
vn -0.49781718850135803 0.8672792315483093 0.002184694167226553 
vn -0.49781718850135803 0.8672792315483093 0.002184694167226553 
vn -0.7071051001548767 0.7071051001548767 0.002184694167226553 
vn -0.7071051001548767 0.7071051001548767 0.002184694167226553 
vn -0.49781718850135803 0.8672792315483093 0.002184694167226553 
vn -0.9652689099311829 0.2612491250038147 0.002184694167226553 
vn -0.999997615814209 -2.0682260971124217e-13 0.002184694167226553 
vn -0.7071051001548767 0.7071051001548767 0.002184694167226553 
vn -0.8672792315483093 0.49781718850135803 0.002184694167226553 
vn -0.8672792315483093 0.49781718850135803 0.002184694167226553 
vn -0.9652689099311829 0.2612491250038147 0.002184694167226553 
vn -0.2612491250038147 -0.9652689099311829 0.002184694167226553 
vn 3.097898456858039e-13 -0.999997615814209 0.002184694167226553 
vn -0.2612491250038147 -0.9652689099311829 0.002184694167226553 
vn -0.2612491250038147 -0.9652689099311829 0.002184694167226553 
vn 3.097898456858039e-13 -0.999997615814209 0.002184694167226553 
vn 0.2612491250038147 -0.9652689099311829 0.002184694167226553 
vn 0.2612491250038147 -0.9652689099311829 0.002184694167226553 
vn 3.097898456858039e-13 -0.999997615814209 0.002184694167226553 
vn 0.2612491250038147 -0.9652689099311829 0.002184694167226553 
vn 0.2612491250038147 -0.9652689099311829 0.002184694167226553 
vn 0.2612491250038147 -0.9652689099311829 0.002184694167226553 
vn 3.097898456858039e-13 -0.999997615814209 0.002184694167226553 
vn -0.2612491250038147 -0.9652689099311829 0.002184694167226553 
vn -0.2612491250038147 -0.9652689099311829 0.002184694167226553 
vn 0.2612491250038147 0.9652689099311829 0.002184694167226553 
vn -1.0341130485562108e-13 0.999997615814209 0.002184694167226553 
vn 0.2612491250038147 0.9652689099311829 0.002184694167226553 
vn -1.0341130485562108e-13 0.999997615814209 0.002184694167226553 
vn 0.2612491250038147 0.9652689099311829 0.002184694167226553 
vn -0.2612491250038147 0.9652689099311829 0.002184694167226553 
vn -0.2612491250038147 0.9652689099311829 0.002184694167226553 
vn -1.0341130485562108e-13 0.999997615814209 0.002184694167226553 
vn -0.2612491250038147 0.9652689099311829 0.002184694167226553 
vn -0.2612491250038147 0.9652689099311829 0.002184694167226553 
vn -0.2612491250038147 0.9652689099311829 0.002184694167226553 
vn -1.0341130485562108e-13 0.999997615814209 0.002184694167226553 
vn 0.2612491250038147 0.9652689099311829 0.002184694167226553 
vn 0.2612491250038147 0.9652689099311829 0.002184694167226553 
vn 0.2612491250038147 -0.9652689099311829 0.002184694167226553 
vn 0.49781718850135803 -0.8672792315483093 0.002184694167226553 
vn 0.2612491250038147 -0.9652689099311829 0.002184694167226553 
vn -0.2612491250038147 0.9652689099311829 0.002184694167226553 
vn -0.2612491250038147 0.9652689099311829 0.002184694167226553 
vn -0.49781718850135803 0.8672792315483093 0.002184694167226553 
vn 0.2612491250038147 -0.9652689099311829 0.002184694167226553 
vn 0.49781718850135803 -0.8672792315483093 0.002184694167226553 
vn 0.2612491250038147 -0.9652689099311829 0.002184694167226553 
vn 0.49781718850135803 -0.8672792315483093 0.002184694167226553 
vn 0.49781718850135803 -0.8672792315483093 0.002184694167226553 
vn 0.2612491250038147 -0.9652689099311829 0.002184694167226553 
vn 0.49781718850135803 -0.8672792315483093 0.002184694167226553 
vn -0.2612491250038147 0.9652689099311829 0.002184694167226553 
vn -0.2612491250038147 0.9652689099311829 0.002184694167226553 
vn -0.49781718850135803 0.8672792315483093 0.002184694167226553 
vn -0.49781718850135803 0.8672792315483093 0.002184694167226553 
vn -0.2612491250038147 0.9652689099311829 0.002184694167226553 
vn -0.49781718850135803 0.8672792315483093 0.002184694167226553 
vn -0.49781718850135803 0.8672792315483093 0.002184694167226553 
vn -0.9652689099311829 -0.2612491250038147 0.002184694167226553 
vn -0.9652689099311829 -0.2612491250038147 0.002184694167226553 
vn -0.8672792315483093 -0.49781718850135803 0.002184694167226553 
vn 0.8672792315483093 0.49781718850135803 0.002184694167226553 
vn 0.9652689099311829 0.2612491250038147 0.002184694167226553 
vn 0.9652689099311829 0.2612491250038147 0.002184694167226553 
vn -0.2612491250038147 0.9652689099311829 0.002184694167226553 
vn -1.0341130485562108e-13 0.999997615814209 0.002184694167226553 
vn 0.2612491250038147 0.9652689099311829 0.002184694167226553 
vn 0.2612491250038147 0.9652689099311829 0.002184694167226553 
vn 0.2612491250038147 0.9652689099311829 0.002184694167226553 
vn 0.2612491250038147 -0.9652689099311829 0.002184694167226553 
vn 3.097898456858039e-13 -0.999997615814209 0.002184694167226553 
vn -0.2612491250038147 -0.9652689099311829 0.002184694167226553 
vn -0.2612491250038147 -0.9652689099311829 0.002184694167226553 
vn -0.2612491250038147 -0.9652689099311829 0.002184694167226553 
vn -0.8672792315483093 -0.49781718850135803 0.002184694167226553 
vn -0.7071051001548767 -0.7071051001548767 0.002184694167226553 
vn 0.2612491250038147 -0.9652689099311829 0.002184694167226553 
vn 0.49781718850135803 -0.8672792315483093 0.002184694167226553 
vn 0.2612491250038147 -0.9652689099311829 0.002184694167226553 
vn 0.49781718850135803 -0.8672792315483093 0.002184694167226553 
vn 0.49781718850135803 -0.8672792315483093 0.002184694167226553 
vn 0.7071051001548767 -0.7071051001548767 0.002184694167226553 
vn 0.2612491250038147 -0.9652689099311829 0.002184694167226553 
vn 0.2612491250038147 -0.9652689099311829 0.002184694167226553 
vn 0.7071051001548767 -0.7071051001548767 0.002184694167226553 
vn 0.7071051001548767 -0.7071051001548767 0.002184694167226553 
vn 0.8672792315483093 -0.49781718850135803 0.002184694167226553 
vn 0.7071051001548767 -0.7071051001548767 0.002184694167226553 
vn 0.8672792315483093 -0.49781718850135803 0.002184694167226553 
vn 0.8672792315483093 -0.49781718850135803 0.002184694167226553 
vn 0.7071051001548767 -0.7071051001548767 0.002184694167226553 
vn 0.49781718850135803 -0.8672792315483093 0.002184694167226553 
vn 0.7071051001548767 -0.7071051001548767 0.002184694167226553 
vn 0.2612491250038147 -0.9652689099311829 0.002184694167226553 
vn 0.9652689099311829 -0.2612491250038147 0.002184694167226553 
vn 0.8672792315483093 -0.49781718850135803 0.002184694167226553 
vn 0.7071051001548767 -0.7071051001548767 0.002184694167226553 
vn 0.8672792315483093 -0.49781718850135803 0.002184694167226553 
vn 0.9652689099311829 -0.2612491250038147 0.002184694167226553 
vn 0.9652689099311829 -0.2612491250038147 0.002184694167226553 
vn 0.999997615814209 0 0.002184694167226553 
vn 0.999997615814209 0 0.002184694167226553 
vn 0.9652689099311829 0.2612491250038147 0.002184694167226553 
vn 0.9652689099311829 0.2612491250038147 0.002184694167226553 
vn 0.9652689099311829 -0.2612491250038147 0.002184694167226553 
vn 0.999997615814209 0 0.002184694167226553 
vn 0.9652689099311829 0.2612491250038147 0.002184694167226553 
vn 0.9652689099311829 -0.2612491250038147 0.002184694167226553 
vn 0.999997615814209 0 0.002184694167226553 
vn 0.9652689099311829 0.2612491250038147 0.002184694167226553 
vn 0.999997615814209 0 0.002184694167226553 
vn 0.9652689099311829 0.2612491250038147 0.002184694167226553 
vn 0.8672792315483093 0.49781718850135803 0.002184694167226553 
vn 0.8672792315483093 0.49781718850135803 0.002184694167226553 
vn 0.7071051001548767 0.7071051001548767 0.002184694167226553 
vn 0.7071051001548767 0.7071051001548767 0.002184694167226553 
vn 0.49781718850135803 0.8672792315483093 0.002184694167226553 
vn 0.9652689099311829 0.2612491250038147 0.002184694167226553 
vn 0.7071051001548767 0.7071051001548767 0.002184694167226553 
vn 0.49781718850135803 0.8672792315483093 0.002184694167226553 
vn 0.49781718850135803 0.8672792315483093 0.002184694167226553 
vn 0.8672792315483093 0.49781718850135803 0.002184694167226553 
vn 0.7071051001548767 0.7071051001548767 0.002184694167226553 
vn 0.9652689099311829 0.2612491250038147 0.002184694167226553 
vn 0.8672792315483093 0.49781718850135803 0.002184694167226553 
vn 0.49781718850135803 0.8672792315483093 0.002184694167226553 
vn 0.2612491250038147 0.9652689099311829 0.002184694167226553 
vn 0.2612491250038147 0.9652689099311829 0.002184694167226553 
vn 0.2612491250038147 0.9652689099311829 0.002184694167226553 
vn 0.2612491250038147 0.9652689099311829 0.002184694167226553 
vn -1.0341130485562108e-13 0.999997615814209 0.002184694167226553 
vn 0.2612491250038147 0.9652689099311829 0.002184694167226553 
vn -1.0341130485562108e-13 0.999997615814209 0.002184694167226553 
vn -0.2612491250038147 0.9652689099311829 0.002184694167226553 
vn -1.0341130485562108e-13 0.999997615814209 0.002184694167226553 
vn 0.2612491250038147 0.9652689099311829 0.002184694167226553 
vn 0.49781718850135803 0.8672792315483093 0.002184694167226553 
vn 0.7071051001548767 0.7071051001548767 0.002184694167226553 
vn 0.2612491250038147 0.9652689099311829 0.002184694167226553 
vn 0.2612491250038147 0.9652689099311829 0.002184694167226553 
vn -0.2612491250038147 0.9652689099311829 0.002184694167226553 
vn -0.2612491250038147 0.9652689099311829 0.002184694167226553 
vn -0.2612491250038147 0.9652689099311829 0.002184694167226553 
vn -0.49781718850135803 0.8672792315483093 0.002184694167226553 
vn -0.2612491250038147 0.9652689099311829 0.002184694167226553 
vn -0.49781718850135803 0.8672792315483093 0.002184694167226553 
vn -0.49781718850135803 0.8672792315483093 0.002184694167226553 
vn -0.7071051001548767 0.7071051001548767 0.002184694167226553 
vn -0.49781718850135803 0.8672792315483093 0.002184694167226553 
vn -0.2612491250038147 0.9652689099311829 0.002184694167226553 
vn -0.49781718850135803 0.8672792315483093 0.002184694167226553 
vn -0.7071051001548767 0.7071051001548767 0.002184694167226553 
vn -0.7071051001548767 0.7071051001548767 0.002184694167226553 
vn -0.7071051001548767 0.7071051001548767 0.002184694167226553 
vn -0.7071051001548767 0.7071051001548767 0.002184694167226553 
vn -0.8672792315483093 0.49781718850135803 0.002184694167226553 
vn -0.8672792315483093 0.49781718850135803 0.002184694167226553 
vn -0.8672792315483093 0.49781718850135803 0.002184694167226553 
vn -0.9652689099311829 0.2612491250038147 0.002184694167226553 
vn -0.9652689099311829 0.2612491250038147 0.002184694167226553 
vn -0.999997615814209 -2.0682260971124217e-13 0.002184694167226553 
vn -0.9652689099311829 0.2612491250038147 0.002184694167226553 
vn -0.8672792315483093 0.49781718850135803 0.002184694167226553 
vn -0.9652689099311829 0.2612491250038147 0.002184694167226553 
vn -0.8672792315483093 0.49781718850135803 0.002184694167226553 
vn -0.9652689099311829 0.2612491250038147 0.002184694167226553 
vn -0.999997615814209 -2.0682260971124217e-13 0.002184694167226553 
vn -0.9652689099311829 -0.2612491250038147 0.002184694167226553 
vn -0.999997615814209 -2.0682260971124217e-13 0.002184694167226553 
vn -0.9652689099311829 0.2612491250038147 0.002184694167226553 
vn -0.999997615814209 -2.0682260971124217e-13 0.002184694167226553 
vn -0.9652689099311829 -0.2612491250038147 0.002184694167226553 
vn -0.9652689099311829 -0.2612491250038147 0.002184694167226553 
vn -0.8672792315483093 -0.49781718850135803 0.002184694167226553 
vn -0.8672792315483093 -0.49781718850135803 0.002184694167226553 
vn -0.7071051001548767 -0.7071051001548767 0.002184694167226553 
vn -0.7071051001548767 -0.7071051001548767 0.002184694167226553 
vn -0.9652689099311829 -0.2612491250038147 0.002184694167226553 
vn -0.7071051001548767 -0.7071051001548767 0.002184694167226553 
vn -0.49781718850135803 -0.8672792315483093 0.002184694167226553 
vn -0.7071051001548767 -0.7071051001548767 0.002184694167226553 
vn -0.49781718850135803 -0.8672792315483093 0.002184694167226553 
vn -0.49781718850135803 -0.8672792315483093 0.002184694167226553 
vn -0.7071051001548767 -0.7071051001548767 0.002184694167226553 
vn -0.7071051001548767 -0.7071051001548767 0.002184694167226553 
vn -0.49781718850135803 -0.8672792315483093 0.002184694167226553 
vn -0.9652689099311829 -0.2612491250038147 0.002184694167226553 
vn -0.999997615814209 -2.0682260971124217e-13 0.002184694167226553 
vn -0.7071051001548767 -0.7071051001548767 0.002184694167226553 
vn -0.8672792315483093 -0.49781718850135803 0.002184694167226553 
vn -0.8672792315483093 -0.49781718850135803 0.002184694167226553 
vn -0.9652689099311829 -0.2612491250038147 0.002184694167226553 
vn -0.2612491250038147 0.9652689099311829 0.002184694167226553 
vn -0.49781718850135803 0.8672792315483093 0.002184694167226553 
vn -0.2612491250038147 0.9652689099311829 0.002184694167226553 
vn -0.49781718850135803 0.8672792315483093 0.002184694167226553 
vn -0.7071051001548767 0.7071051001548767 0.002184694167226553 
vn -0.49781718850135803 0.8672792315483093 0.002184694167226553 
vn -0.2612491250038147 0.9652689099311829 0.002184694167226553 
vn -0.2612491250038147 0.9652689099311829 0.002184694167226553 
vn -0.7071051001548767 0.7071051001548767 0.002184694167226553 
vn -0.7071051001548767 0.7071051001548767 0.002184694167226553 
vn -0.7071051001548767 0.7071051001548767 0.002184694167226553 
vn -0.8672792315483093 0.49781718850135803 0.002184694167226553 
vn -0.8672792315483093 0.49781718850135803 0.002184694167226553 
vn -0.8672792315483093 0.49781718850135803 0.002184694167226553 
vn -0.7071051001548767 0.7071051001548767 0.002184694167226553 
vn -0.49781718850135803 0.8672792315483093 0.002184694167226553 
vn -0.2612491250038147 0.9652689099311829 0.002184694167226553 
vn -0.7071051001548767 0.7071051001548767 0.002184694167226553 
vn -0.9652689099311829 0.2612491250038147 0.002184694167226553 
vn -0.8672792315483093 0.49781718850135803 0.002184694167226553 
vn -0.7071051001548767 0.7071051001548767 0.002184694167226553 
vn -0.8672792315483093 0.49781718850135803 0.002184694167226553 
vn -0.9652689099311829 0.2612491250038147 0.002184694167226553 
vn -0.9652689099311829 0.2612491250038147 0.002184694167226553 
vn -0.999997615814209 -2.0682260971124217e-13 0.002184694167226553 
vn -0.999997615814209 -2.0682260971124217e-13 0.002184694167226553 
vn -0.9652689099311829 -0.2612491250038147 0.002184694167226553 
vn -0.9652689099311829 -0.2612491250038147 0.002184694167226553 
vn -0.9652689099311829 0.2612491250038147 0.002184694167226553 
vn -0.9652689099311829 -0.2612491250038147 0.002184694167226553 
vn -0.999997615814209 -2.0682260971124217e-13 0.002184694167226553 
vn -0.999997615814209 -2.0682260971124217e-13 0.002184694167226553 
vn -0.9652689099311829 0.2612491250038147 0.002184694167226553 
vn -0.999997615814209 -2.0682260971124217e-13 0.002184694167226553 
vn -0.9652689099311829 -0.2612491250038147 0.002184694167226553 
vn -0.9652689099311829 -0.2612491250038147 0.002184694167226553 
vn -0.8672792315483093 -0.49781718850135803 0.002184694167226553 
vn -0.8672792315483093 -0.49781718850135803 0.002184694167226553 
vn -0.7071051001548767 -0.7071051001548767 0.002184694167226553 
vn -0.7071051001548767 -0.7071051001548767 0.002184694167226553 
vn -0.49781718850135803 -0.8672792315483093 0.002184694167226553 
vn -0.9652689099311829 -0.2612491250038147 0.002184694167226553 
vn -0.7071051001548767 -0.7071051001548767 0.002184694167226553 
vn -0.49781718850135803 -0.8672792315483093 0.002184694167226553 
vn -0.49781718850135803 -0.8672792315483093 0.002184694167226553 
vn -0.8672792315483093 -0.49781718850135803 0.002184694167226553 
vn -0.7071051001548767 -0.7071051001548767 0.002184694167226553 
vn -0.8672792315483093 -0.49781718850135803 0.002184694167226553 
vn -0.9652689099311829 -0.2612491250038147 0.002184694167226553 
vn -0.2612491250038147 -0.9652689099311829 0.002184694167226553 
vn -0.49781718850135803 -0.8672792315483093 0.002184694167226553 
vn -0.2612491250038147 -0.9652689099311829 0.002184694167226553 
vn -0.2612491250038147 -0.9652689099311829 0.002184694167226553 
vn 3.097898456858039e-13 -0.999997615814209 0.002184694167226553 
vn -0.2612491250038147 -0.9652689099311829 0.002184694167226553 
vn 3.097898456858039e-13 -0.999997615814209 0.002184694167226553 
vn -0.2612491250038147 -0.9652689099311829 0.002184694167226553 
vn 0.2612491250038147 -0.9652689099311829 0.002184694167226553 
vn 3.097898456858039e-13 -0.999997615814209 0.002184694167226553 
vn -0.2612491250038147 -0.9652689099311829 0.002184694167226553 
vn -0.49781718850135803 -0.8672792315483093 0.002184694167226553 
vn -0.7071051001548767 -0.7071051001548767 0.002184694167226553 
vn -0.2612491250038147 -0.9652689099311829 0.002184694167226553 
vn -0.2612491250038147 -0.9652689099311829 0.002184694167226553 
vn 0.2612491250038147 -0.9652689099311829 0.002184694167226553 
vn 0.2612491250038147 -0.9652689099311829 0.002184694167226553 
vn 0.49781718850135803 -0.8672792315483093 0.002184694167226553 
vn 0.2612491250038147 -0.9652689099311829 0.002184694167226553 
vn 0.2612491250038147 -0.9652689099311829 0.002184694167226553 
vn 0.49781718850135803 -0.8672792315483093 0.002184694167226553 
vn 0.49781718850135803 -0.8672792315483093 0.002184694167226553 
vn 0.7071051001548767 -0.7071051001548767 0.002184694167226553 
vn 0.2612491250038147 -0.9652689099311829 0.002184694167226553 
vn 0.49781718850135803 -0.8672792315483093 0.002184694167226553 
vn 0.7071051001548767 -0.7071051001548767 0.002184694167226553 
vn 0.49781718850135803 -0.8672792315483093 0.002184694167226553 
vn 0.7071051001548767 -0.7071051001548767 0.002184694167226553 
vn 0.7071051001548767 -0.7071051001548767 0.002184694167226553 
vn 0.7071051001548767 -0.7071051001548767 0.002184694167226553 
vn 0.8672792315483093 -0.49781718850135803 0.002184694167226553 
vn 0.8672792315483093 -0.49781718850135803 0.002184694167226553 
vn 0.8672792315483093 -0.49781718850135803 0.002184694167226553 
vn 0.9652689099311829 -0.2612491250038147 0.002184694167226553 
vn 0.9652689099311829 -0.2612491250038147 0.002184694167226553 
vn 0.999997615814209 0 0.002184694167226553 
vn 0.9652689099311829 -0.2612491250038147 0.002184694167226553 
vn 0.8672792315483093 -0.49781718850135803 0.002184694167226553 
vn 0.7071051001548767 -0.7071051001548767 0.002184694167226553 
vn 0.8672792315483093 -0.49781718850135803 0.002184694167226553 
vn 0.9652689099311829 -0.2612491250038147 0.002184694167226553 
vn 0.8672792315483093 -0.49781718850135803 0.002184694167226553 
vn 0.9652689099311829 0.2612491250038147 0.002184694167226553 
vn 0.999997615814209 0 0.002184694167226553 
vn 0.9652689099311829 -0.2612491250038147 0.002184694167226553 
vn 0.999997615814209 0 0.002184694167226553 
vn 0.9652689099311829 -0.2612491250038147 0.002184694167226553 
vn 0.999997615814209 0 0.002184694167226553 
vn 0.9652689099311829 0.2612491250038147 0.002184694167226553 
vn 0.9652689099311829 0.2612491250038147 0.002184694167226553 
vn 0.8672792315483093 0.49781718850135803 0.002184694167226553 
vn 0.8672792315483093 0.49781718850135803 0.002184694167226553 
vn 0.7071051001548767 0.7071051001548767 0.002184694167226553 
vn 0.7071051001548767 0.7071051001548767 0.002184694167226553 
vn 0.9652689099311829 0.2612491250038147 0.002184694167226553 
vn 0.7071051001548767 0.7071051001548767 0.002184694167226553 
vn 0.49781718850135803 0.8672792315483093 0.002184694167226553 
vn 0.7071051001548767 0.7071051001548767 0.002184694167226553 
vn 0.8672792315483093 0.49781718850135803 0.002184694167226553 
vn 0.9652689099311829 0.2612491250038147 0.002184694167226553 
vn 0.8672792315483093 0.49781718850135803 0.002184694167226553 
vn 0.9652689099311829 0.2612491250038147 0.002184694167226553 
vn 0.999997615814209 0 0.002184694167226553 
vn 0.49781718850135803 0.8672792315483093 0.002184694167226553 
vn 0.7071051001548767 0.7071051001548767 0.002184694167226553 
vn 0.49781718850135803 0.8672792315483093 0.002184694167226553 
vn 0.7071051001548767 0.7071051001548767 0.002184694167226553 
vn 0.49781718850135803 0.8672792315483093 0.002184694167226553 
vn 0.7071051001548767 0.7071051001548767 0.002184694167226553 
vn 0.2612491250038147 -0.9652689099311829 0.002184694167226553 
vn 0.2612491250038147 -0.9652689099311829 0.002184694167226553 
vn 3.097898456858039e-13 -0.999997615814209 0.002184694167226553 
vn 3.097898456858039e-13 -0.999997615814209 0.002184694167226553 
vn 0.2612491250038147 -0.9652689099311829 0.002184694167226553 
vn -0.2612491250038147 -0.9652689099311829 0.002184694167226553 
vn -0.2612491250038147 -0.9652689099311829 0.002184694167226553 
vn 3.097898456858039e-13 -0.999997615814209 0.002184694167226553 
vn -0.2612491250038147 -0.9652689099311829 0.002184694167226553 
vn -0.2612491250038147 -0.9652689099311829 0.002184694167226553 
vn -0.2612491250038147 -0.9652689099311829 0.002184694167226553 
vn 3.097898456858039e-13 -0.999997615814209 0.002184694167226553 
vn 0.2612491250038147 -0.9652689099311829 0.002184694167226553 
vn 0.2612491250038147 -0.9652689099311829 0.002184694167226553 
vn -0.2612491250038147 0.9652689099311829 0.002184694167226553 
vn -0.2612491250038147 0.9652689099311829 0.002184694167226553 
vn -1.0341130485562108e-13 0.999997615814209 0.002184694167226553 
vn -0.2612491250038147 0.9652689099311829 0.002184694167226553 
vn -1.0341130485562108e-13 0.999997615814209 0.002184694167226553 
vn 0.2612491250038147 0.9652689099311829 0.002184694167226553 
vn 0.2612491250038147 0.9652689099311829 0.002184694167226553 
vn -1.0341130485562108e-13 0.999997615814209 0.002184694167226553 
vn 0.2612491250038147 0.9652689099311829 0.002184694167226553 
vn 0.2612491250038147 0.9652689099311829 0.002184694167226553 
vn 0.2612491250038147 0.9652689099311829 0.002184694167226553 
vn -1.0341130485562108e-13 0.999997615814209 0.002184694167226553 
vn -0.2612491250038147 0.9652689099311829 0.002184694167226553 
vn -0.2612491250038147 0.9652689099311829 0.002184694167226553 
vn -0.2612491250038147 -0.9652689099311829 0.002184694167226553 
vn -0.2612491250038147 -0.9652689099311829 0.002184694167226553 
vn -0.49781718850135803 -0.8672792315483093 0.002184694167226553 
vn 0.2612491250038147 0.9652689099311829 0.002184694167226553 
vn 0.49781718850135803 0.8672792315483093 0.002184694167226553 
vn 0.2612491250038147 0.9652689099311829 0.002184694167226553 
vn -0.2612491250038147 -0.9652689099311829 0.002184694167226553 
vn -0.2612491250038147 -0.9652689099311829 0.002184694167226553 
vn -0.49781718850135803 -0.8672792315483093 0.002184694167226553 
vn -0.49781718850135803 -0.8672792315483093 0.002184694167226553 
vn -0.2612491250038147 -0.9652689099311829 0.002184694167226553 
vn -0.49781718850135803 -0.8672792315483093 0.002184694167226553 
vn -0.49781718850135803 -0.8672792315483093 0.002184694167226553 
vn 0.2612491250038147 0.9652689099311829 0.002184694167226553 
vn 0.49781718850135803 0.8672792315483093 0.002184694167226553 
vn 0.2612491250038147 0.9652689099311829 0.002184694167226553 
vn 0.49781718850135803 0.8672792315483093 0.002184694167226553 
vn 0.49781718850135803 0.8672792315483093 0.002184694167226553 
vn 0.2612491250038147 0.9652689099311829 0.002184694167226553 
vn 0.49781718850135803 0.8672792315483093 0.002184694167226553 
vn 0.8672792315483093 -0.49781718850135803 0.002184694167226553 
vn 0.9652689099311829 -0.2612491250038147 0.002184694167226553 
vn 0.9652689099311829 -0.2612491250038147 0.002184694167226553 
vn -0.9652689099311829 0.2612491250038147 0.002184694167226553 
vn -0.9652689099311829 0.2612491250038147 0.002184694167226553 
vn -0.8672792315483093 0.49781718850135803 0.002184694167226553 
vn 0.2612491250038147 0.9652689099311829 0.002184694167226553 
vn -1.0341130485562108e-13 0.999997615814209 0.002184694167226553 
vn -0.2612491250038147 0.9652689099311829 0.002184694167226553 
vn -0.2612491250038147 0.9652689099311829 0.002184694167226553 
vn -0.2612491250038147 0.9652689099311829 0.002184694167226553 
vn -0.2612491250038147 -0.9652689099311829 0.002184694167226553 
vn 3.097898456858039e-13 -0.999997615814209 0.002184694167226553 
vn 0.2612491250038147 -0.9652689099311829 0.002184694167226553 
vn 0.2612491250038147 -0.9652689099311829 0.002184694167226553 
vn 0.2612491250038147 -0.9652689099311829 0.002184694167226553 
vn -0.8672792315483093 0.49781718850135803 0.002184694167226553 
vn -0.7071051001548767 0.7071051001548767 0.002184694167226553 
vt -6.2172502084502975e-15 0.1326766014099121 
vt 0.4993729591369629 0.1326766014099121 
vt -6.2172502084502975e-15 0.17685896158218384 
vt 0.4993729591369629 0.17685896158218384 
vt -6.2172502084502975e-15 0.17685896158218384 
vt -6.2172502084502975e-15 0.22104130685329437 
vt 0.4993729591369629 0.1326766014099121 
vt 0.9988678693771362 0.1326766014099121 
vt -6.2172502084502975e-15 0.22104130685329437 
vt 0.4993729591369629 0.22104130685329437 
vt -6.2172502084502975e-15 0.22104130685329437 
vt -6.2172502084502975e-15 0.2653532028198242 
vt -6.2172502084502975e-15 0.2653532028198242 
vt 0.4993729591369629 0.2653532028198242 
vt 0.9988678693771362 0.22104130685329437 
vt 0.9988678693771362 0.17685896158218384 
vt 0.4993729591369629 0.22104130685329437 
vt 0.9988678693771362 0.1326766014099121 
vt 0.9988678693771362 0.30953556299209595 
vt 0.9988678693771362 0.2653532028198242 
vt 0.9988678693771362 0.22104130685329437 
vt -6.2172502084502975e-15 0.2653532028198242 
vt 0.4993729591369629 0.30953556299209595 
vt 0.9988678693771362 0.30953556299209595 
vt 0.9988678693771362 0.3537179231643677 
vt 0.4993729591369629 0.3537179231643677 
vt 0.9988678693771362 0.3980298340320587 
vt 0.4993729591369629 0.3980298340320587 
vt -6.2172502084502975e-15 0.30953556299209595 
vt -6.2172502084502975e-15 0.3537179231643677 
vt -6.2172502084502975e-15 0.3980298340320587 
vt -6.2172502084502975e-15 0.30953556299209595 
vt -6.2172502084502975e-15 0.3537179231643677 
vt 0.4993729591369629 0.3980298340320587 
vt -6.2172502084502975e-15 0.3537179231643677 
vt 0.9988678693771362 0.3980298340320587 
vt 0.9988678693771362 0.44221216440200806 
vt 0.4993729591369629 0.44221216440200806 
vt 0.4993729591369629 0.4863945245742798 
vt -6.2172502084502975e-15 0.4863945245742798 
vt -6.2172502084502975e-15 0.5305768847465515 
vt -6.2172502084502975e-15 0.3980298340320587 
vt 0.9988678693771362 0.4863945245742798 
vt 0.4993729591369629 0.5305768847465515 
vt -6.2172502084502975e-15 0.5305768847465515 
vt -6.2172502084502975e-15 0.44221216440200806 
vt -6.2172502084502975e-15 0.4863945245742798 
vt -6.2172502084502975e-15 0.3980298340320587 
vt -6.2172502084502975e-15 0.44221216440200806 
vt -6.2172502084502975e-15 0.5305768847465515 
vt -6.2172502084502975e-15 0.5748887658119202 
vt -6.2172502084502975e-15 0.5748887658119202 
vt 0.4993729591369629 0.5748887658119202 
vt -6.2172502084502975e-15 0.5748887658119202 
vt -6.2172502084502975e-15 0.6190711259841919 
vt 0.9988678693771362 0.5748887658119202 
vt 0.4993729591369629 0.6190711259841919 
vt -6.2172502084502975e-15 0.6632534861564636 
vt -6.2172502084502975e-15 0.6190711259841919 
vt 0.4993729591369629 0.5748887658119202 
vt 0.9988678693771362 0.5305768847465515 
vt 0.9988678693771362 0.4863945245742798 
vt 0.4993729591369629 0.5748887658119202 
vt 0.9988678693771362 0.5748887658119202 
vt -6.2172502084502975e-15 0.6632534861564636 
vt 0.4993729591369629 0.6632534861564636 
vt -6.2172502084502975e-15 0.6632534861564636 
vt -6.2172502084502975e-15 0.7075653672218323 
vt 0.9988678693771362 0.6632534861564636 
vt 0.4993729591369629 0.7075653672218323 
vt 0.9988678693771362 0.7075653672218323 
vt 0.4993729591369629 0.751747727394104 
vt -6.2172502084502975e-15 0.7075653672218323 
vt 0.4993729591369629 0.6632534861564636 
vt -6.2172502084502975e-15 0.7075653672218323 
vt -6.2172502084502975e-15 0.751747727394104 
vt -6.2172502084502975e-15 0.751747727394104 
vt 0.4993729591369629 0.751747727394104 
vt 0.9988678693771362 0.751747727394104 
vt 0.4993729591369629 0.7959300875663757 
vt -6.2172502084502975e-15 0.7959300875663757 
vt 0.9988678693771362 0.7959300875663757 
vt 0.9988678693771362 0.8402419686317444 
vt 0.4993729591369629 0.8402419686317444 
vt 0.9988678693771362 0.8844243288040161 
vt -6.2172502084502975e-15 0.8402419686317444 
vt -6.2172502084502975e-15 0.7959300875663757 
vt 0.4993729591369629 0.8402419686317444 
vt -6.2172502084502975e-15 0.7959300875663757 
vt -6.2172502084502975e-15 0.8402419686317444 
vt 0.4993729591369629 0.8844243288040161 
vt 0.9988678693771362 0.9286066889762878 
vt -6.2172502084502975e-15 0.8844243288040161 
vt -6.2172502084502975e-15 0.8402419686317444 
vt -6.2172502084502975e-15 0.8844243288040161 
vt 0.4993729591369629 0.9286066889762878 
vt 0.9988678693771362 0.9286066889762878 
vt 0.9988678693771362 0.9727890491485596 
vt 0.4993729591369629 0.9727890491485596 
vt 0.4993729591369629 1.0171009302139282 
vt -6.2172502084502975e-15 1.0171009302139282 
vt -6.2172502084502975e-15 0.9286066889762878 
vt 0.9988678693771362 1.0171009302139282 
vt 0.4993729591369629 1.0612833499908447 
vt 0.9988678693771362 1.0171009302139282 
vt 0.9988678693771362 1.0612833499908447 
vt -6.2172502084502975e-15 1.0612833499908447 
vt 0.4993729591369629 1.0171009302139282 
vt -6.2172502084502975e-15 1.0171009302139282 
vt -6.2172502084502975e-15 1.0612833499908447 
vt -6.2172502084502975e-15 0.9286066889762878 
vt -6.2172502084502975e-15 0.8844243288040161 
vt -6.2172502084502975e-15 1.0171009302139282 
vt -6.2172502084502975e-15 0.9727890491485596 
vt -6.2172502084502975e-15 0.9727890491485596 
vt -6.2172502084502975e-15 0.9286066889762878 
vt -6.2172502084502975e-15 0.1326766014099121 
vt -6.2172502084502975e-15 0.17685896158218384 
vt 0.4993729591369629 0.1326766014099121 
vt 0.4993729591369629 0.17685896158218384 
vt -6.2172502084502975e-15 0.22104130685329437 
vt -6.2172502084502975e-15 0.17685896158218384 
vt 0.4993729591369629 0.1326766014099121 
vt 0.9988678693771362 0.1326766014099121 
vt 0.4993729591369629 0.22104130685329437 
vt -6.2172502084502975e-15 0.22104130685329437 
vt -6.2172502084502975e-15 0.22104130685329437 
vt -6.2172502084502975e-15 0.2653532028198242 
vt -6.2172502084502975e-15 0.2653532028198242 
vt 0.4993729591369629 0.2653532028198242 
vt 0.9988678693771362 0.22104130685329437 
vt 0.9988678693771362 0.17685896158218384 
vt 0.9988678693771362 0.1326766014099121 
vt 0.4993729591369629 0.22104130685329437 
vt 0.9988678693771362 0.30953556299209595 
vt 0.9988678693771362 0.2653532028198242 
vt 0.9988678693771362 0.22104130685329437 
vt -6.2172502084502975e-15 0.2653532028198242 
vt 0.4993729591369629 0.30953556299209595 
vt 0.9988678693771362 0.30953556299209595 
vt 0.9988678693771362 0.3537179231643677 
vt 0.4993729591369629 0.3537179231643677 
vt 0.9988678693771362 0.3980298340320587 
vt 0.4993729591369629 0.3980298340320587 
vt -6.2172502084502975e-15 0.30953556299209595 
vt -6.2172502084502975e-15 0.3980298340320587 
vt -6.2172502084502975e-15 0.3537179231643677 
vt -6.2172502084502975e-15 0.3537179231643677 
vt -6.2172502084502975e-15 0.30953556299209595 
vt -6.2172502084502975e-15 0.3537179231643677 
vt 0.4993729591369629 0.3980298340320587 
vt 0.9988678693771362 0.3980298340320587 
vt 0.9988678693771362 0.44221216440200806 
vt 0.4993729591369629 0.44221216440200806 
vt 0.4993729591369629 0.4863945245742798 
vt -6.2172502084502975e-15 0.4863945245742798 
vt -6.2172502084502975e-15 0.5305768847465515 
vt -6.2172502084502975e-15 0.3980298340320587 
vt 0.9988678693771362 0.4863945245742798 
vt 0.4993729591369629 0.5305768847465515 
vt -6.2172502084502975e-15 0.5305768847465515 
vt -6.2172502084502975e-15 0.44221216440200806 
vt -6.2172502084502975e-15 0.4863945245742798 
vt -6.2172502084502975e-15 0.44221216440200806 
vt -6.2172502084502975e-15 0.3980298340320587 
vt -6.2172502084502975e-15 0.5748887658119202 
vt -6.2172502084502975e-15 0.5305768847465515 
vt 0.4993729591369629 0.5748887658119202 
vt -6.2172502084502975e-15 0.5748887658119202 
vt -6.2172502084502975e-15 0.6190711259841919 
vt -6.2172502084502975e-15 0.5748887658119202 
vt 0.4993729591369629 0.6190711259841919 
vt 0.9988678693771362 0.5748887658119202 
vt -6.2172502084502975e-15 0.6632534861564636 
vt -6.2172502084502975e-15 0.6190711259841919 
vt 0.4993729591369629 0.5748887658119202 
vt 0.9988678693771362 0.5305768847465515 
vt 0.9988678693771362 0.4863945245742798 
vt 0.9988678693771362 0.5748887658119202 
vt 0.4993729591369629 0.5748887658119202 
vt 0.4993729591369629 0.6632534861564636 
vt -6.2172502084502975e-15 0.6632534861564636 
vt -6.2172502084502975e-15 0.7075653672218323 
vt -6.2172502084502975e-15 0.6632534861564636 
vt 0.9988678693771362 0.6632534861564636 
vt 0.4993729591369629 0.7075653672218323 
vt 0.9988678693771362 0.7075653672218323 
vt 0.4993729591369629 0.751747727394104 
vt 0.4993729591369629 0.6632534861564636 
vt -6.2172502084502975e-15 0.7075653672218323 
vt -6.2172502084502975e-15 0.751747727394104 
vt -6.2172502084502975e-15 0.7075653672218323 
vt 0.4993729591369629 0.751747727394104 
vt -6.2172502084502975e-15 0.751747727394104 
vt 0.9988678693771362 0.751747727394104 
vt 0.4993729591369629 0.7959300875663757 
vt -6.2172502084502975e-15 0.7959300875663757 
vt 0.9988678693771362 0.7959300875663757 
vt 0.9988678693771362 0.8402419686317444 
vt 0.4993729591369629 0.8402419686317444 
vt 0.9988678693771362 0.8844243288040161 
vt -6.2172502084502975e-15 0.8402419686317444 
vt -6.2172502084502975e-15 0.7959300875663757 
vt -6.2172502084502975e-15 0.751747727394104 
vt -6.2172502084502975e-15 0.7959300875663757 
vt 0.4993729591369629 0.8402419686317444 
vt -6.2172502084502975e-15 0.7959300875663757 
vt 0.9988678693771362 0.9286066889762878 
vt 0.4993729591369629 0.8844243288040161 
vt -6.2172502084502975e-15 0.8402419686317444 
vt -6.2172502084502975e-15 0.8844243288040161 
vt -6.2172502084502975e-15 0.8402419686317444 
vt -6.2172502084502975e-15 0.8844243288040161 
vt 0.4993729591369629 0.9286066889762878 
vt 0.9988678693771362 0.9286066889762878 
vt 0.9988678693771362 0.9727890491485596 
vt 0.4993729591369629 0.9727890491485596 
vt 0.4993729591369629 1.0171009302139282 
vt -6.2172502084502975e-15 1.0171009302139282 
vt -6.2172502084502975e-15 0.9286066889762878 
vt 0.9988678693771362 1.0171009302139282 
vt 0.4993729591369629 1.0612833499908447 
vt -6.2172502084502975e-15 1.0171009302139282 
vt -6.2172502084502975e-15 0.9727890491485596 
vt -6.2172502084502975e-15 0.9286066889762878 
vt -6.2172502084502975e-15 0.9727890491485596 
vt -6.2172502084502975e-15 0.9286066889762878 
vt -6.2172502084502975e-15 0.8844243288040161 
vt 0.9988678693771362 1.0612833499908447 
vt 0.9988678693771362 1.0171009302139282 
vt -6.2172502084502975e-15 1.0612833499908447 
vt 0.4993729591369629 1.0171009302139282 
vt -6.2172502084502975e-15 1.0612833499908447 
vt -6.2172502084502975e-15 1.0171009302139282 
vt -6.2172502084502975e-15 0.1326766014099121 
vt 0.4993729591369629 0.1326766014099121 
vt 0.4993729591369629 0.08849426358938217 
vt -6.2172502084502975e-15 0.08849426358938217 
vt -6.2172502084502975e-15 0.1326766014099121 
vt 0.9988678693771362 0.044182345271110535 
vt 0.4993729591369629 0.044182345271110535 
vt -6.2172502084502975e-15 0.08849426358938217 
vt -6.2172502084502975e-15 0.044182345271110535 
vt 0.4993729591369629 0.044182345271110535 
vt 0.9988678693771362 0.044182345271110535 
vt 0.9988678693771362 0.08849426358938217 
vt 0.4993729591369629 0.1326766014099121 
vt 0.9988678693771362 0.1326766014099121 
vt 0.4993729591369629 0.1326766014099121 
vt -6.2172502084502975e-15 0.1326766014099121 
vt 0.4993729591369629 0.08849426358938217 
vt -6.2172502084502975e-15 0.1326766014099121 
vt -6.2172502084502975e-15 0.08849426358938217 
vt 0.9988678693771362 0.044182345271110535 
vt 0.4993729591369629 0.044182345271110535 
vt -6.2172502084502975e-15 0.08849426358938217 
vt -6.2172502084502975e-15 0.044182345271110535 
vt 0.4993729591369629 0.044182345271110535 
vt 0.9988678693771362 0.044182345271110535 
vt 0.9988678693771362 0.08849426358938217 
vt 0.9988678693771362 0.1326766014099121 
vt 0.4993729591369629 0.1326766014099121 
vt 0.4993729591369629 0.044182345271110535 
vt 0.9988678693771362 0.044182345271110535 
vt 0.9988678693771362 -1.8596199663571114e-15 
vt 0.9988678693771362 0.044182345271110535 
vt 0.9988678693771362 -1.8596199663571114e-15 
vt 0.4993729591369629 0.044182345271110535 
vt -6.2172502084502975e-15 0.044182345271110535 
vt 0.4993729591369629 0.044182345271110535 
vt 0.4993729591369629 -1.8596199663571114e-15 
vt -6.2172502084502975e-15 -1.8596199663571114e-15 
vt -6.2172502084502975e-15 0.044182345271110535 
vt 0.4993729591369629 -1.8596199663571114e-15 
vt 0.9988678693771362 -1.8596199663571114e-15 
vt 0.4993729591369629 0.044182345271110535 
vt 0.4993729591369629 -1.8596199663571114e-15 
vt -6.2172502084502975e-15 0.044182345271110535 
vt 0.4993729591369629 -1.8596199663571114e-15 
vt 0.9988678693771362 -1.8596199663571114e-15 
vt -6.2172502084502975e-15 0.044182345271110535 
vt -6.2172502084502975e-15 -1.8596199663571114e-15 
vt -6.2172502084502975e-15 0.2653532028198242 
vt -6.2172502084502975e-15 0.30953556299209595 
vt 0.4993729591369629 0.30953556299209595 
vt -6.2172502084502975e-15 0.30953556299209595 
vt 0.4993729591369629 0.30953556299209595 
vt -6.2172502084502975e-15 0.2653532028198242 
vt 0.9988678693771362 0.5748887658119202 
vt 0.9988678693771362 0.6190711259841919 
vt 0.4993729591369629 0.6632534861564636 
vt 0.4993729591369629 0.6632534861564636 
vt 0.9988678693771362 0.6632534861564636 
vt 0.9988678693771362 0.5748887658119202 
vt 0.9988678693771362 0.6190711259841919 
vt 0.4993729591369629 0.6632534861564636 
vt 0.9988678693771362 0.6632534861564636 
vt 0.4993729591369629 0.6632534861564636 
vt -6.2172502084502975e-15 0.7959300875663757 
vt -6.2172502084502975e-15 0.751747727394104 
vt -6.2172502084502975e-15 0.1326766014099121 
vt -6.2172502084502975e-15 0.17685896158218384 
vt 0.4993729591369629 0.1326766014099121 
vt 0.4993729591369629 0.17685896158218384 
vt -6.2172502084502975e-15 0.22104130685329437 
vt -6.2172502084502975e-15 0.17685896158218384 
vt 0.4993729591369629 0.1326766014099121 
vt 0.9988678693771362 0.1326766014099121 
vt 0.4993729591369629 0.22104130685329437 
vt -6.2172502084502975e-15 0.22104130685329437 
vt -6.2172502084502975e-15 0.22104130685329437 
vt -6.2172502084502975e-15 0.2653532028198242 
vt -6.2172502084502975e-15 0.2653532028198242 
vt 0.4993729591369629 0.2653532028198242 
vt 0.9988678693771362 0.22104130685329437 
vt 0.9988678693771362 0.17685896158218384 
vt 0.9988678693771362 0.1326766014099121 
vt 0.4993729591369629 0.22104130685329437 
vt 0.9988678693771362 0.30953556299209595 
vt 0.9988678693771362 0.2653532028198242 
vt 0.9988678693771362 0.22104130685329437 
vt -6.2172502084502975e-15 0.2653532028198242 
vt 0.4993729591369629 0.30953556299209595 
vt 0.9988678693771362 0.30953556299209595 
vt 0.9988678693771362 0.3537179231643677 
vt 0.4993729591369629 0.3537179231643677 
vt 0.9988678693771362 0.3980298340320587 
vt 0.4993729591369629 0.3980298340320587 
vt -6.2172502084502975e-15 0.30953556299209595 
vt -6.2172502084502975e-15 0.3980298340320587 
vt -6.2172502084502975e-15 0.3537179231643677 
vt -6.2172502084502975e-15 0.3537179231643677 
vt -6.2172502084502975e-15 0.30953556299209595 
vt -6.2172502084502975e-15 0.3537179231643677 
vt 0.4993729591369629 0.3980298340320587 
vt 0.9988678693771362 0.3980298340320587 
vt 0.9988678693771362 0.44221216440200806 
vt 0.4993729591369629 0.44221216440200806 
vt 0.4993729591369629 0.4863945245742798 
vt -6.2172502084502975e-15 0.4863945245742798 
vt -6.2172502084502975e-15 0.5305768847465515 
vt -6.2172502084502975e-15 0.3980298340320587 
vt 0.9988678693771362 0.4863945245742798 
vt 0.4993729591369629 0.5305768847465515 
vt -6.2172502084502975e-15 0.5305768847465515 
vt -6.2172502084502975e-15 0.44221216440200806 
vt -6.2172502084502975e-15 0.4863945245742798 
vt -6.2172502084502975e-15 0.44221216440200806 
vt -6.2172502084502975e-15 0.3980298340320587 
vt -6.2172502084502975e-15 0.5748887658119202 
vt -6.2172502084502975e-15 0.5305768847465515 
vt 0.4993729591369629 0.5748887658119202 
vt -6.2172502084502975e-15 0.5748887658119202 
vt -6.2172502084502975e-15 0.6190711259841919 
vt -6.2172502084502975e-15 0.5748887658119202 
vt 0.4993729591369629 0.6190711259841919 
vt 0.9988678693771362 0.5748887658119202 
vt -6.2172502084502975e-15 0.6632534861564636 
vt -6.2172502084502975e-15 0.6190711259841919 
vt 0.4993729591369629 0.5748887658119202 
vt 0.9988678693771362 0.5305768847465515 
vt 0.9988678693771362 0.4863945245742798 
vt 0.9988678693771362 0.5748887658119202 
vt 0.4993729591369629 0.5748887658119202 
vt 0.4993729591369629 0.6632534861564636 
vt -6.2172502084502975e-15 0.6632534861564636 
vt -6.2172502084502975e-15 0.7075653672218323 
vt -6.2172502084502975e-15 0.6632534861564636 
vt 0.9988678693771362 0.6632534861564636 
vt 0.4993729591369629 0.7075653672218323 
vt 0.9988678693771362 0.7075653672218323 
vt 0.4993729591369629 0.751747727394104 
vt 0.4993729591369629 0.6632534861564636 
vt -6.2172502084502975e-15 0.7075653672218323 
vt -6.2172502084502975e-15 0.751747727394104 
vt -6.2172502084502975e-15 0.7075653672218323 
vt 0.4993729591369629 0.751747727394104 
vt -6.2172502084502975e-15 0.751747727394104 
vt 0.9988678693771362 0.751747727394104 
vt 0.4993729591369629 0.7959300875663757 
vt -6.2172502084502975e-15 0.7959300875663757 
vt 0.9988678693771362 0.7959300875663757 
vt 0.9988678693771362 0.8402419686317444 
vt 0.4993729591369629 0.8402419686317444 
vt 0.9988678693771362 0.8844243288040161 
vt -6.2172502084502975e-15 0.8402419686317444 
vt -6.2172502084502975e-15 0.7959300875663757 
vt -6.2172502084502975e-15 0.751747727394104 
vt -6.2172502084502975e-15 0.7959300875663757 
vt 0.4993729591369629 0.8402419686317444 
vt -6.2172502084502975e-15 0.7959300875663757 
vt 0.9988678693771362 0.9286066889762878 
vt 0.4993729591369629 0.8844243288040161 
vt -6.2172502084502975e-15 0.8402419686317444 
vt -6.2172502084502975e-15 0.8844243288040161 
vt -6.2172502084502975e-15 0.8402419686317444 
vt -6.2172502084502975e-15 0.8844243288040161 
vt 0.4993729591369629 0.9286066889762878 
vt 0.9988678693771362 0.9286066889762878 
vt 0.9988678693771362 0.9727890491485596 
vt 0.4993729591369629 0.9727890491485596 
vt 0.4993729591369629 1.0171009302139282 
vt -6.2172502084502975e-15 1.0171009302139282 
vt -6.2172502084502975e-15 0.9286066889762878 
vt 0.9988678693771362 1.0171009302139282 
vt 0.4993729591369629 1.0612833499908447 
vt -6.2172502084502975e-15 1.0171009302139282 
vt -6.2172502084502975e-15 0.9727890491485596 
vt -6.2172502084502975e-15 0.9286066889762878 
vt -6.2172502084502975e-15 0.9727890491485596 
vt -6.2172502084502975e-15 0.9286066889762878 
vt -6.2172502084502975e-15 0.8844243288040161 
vt 0.9988678693771362 1.0612833499908447 
vt 0.9988678693771362 1.0171009302139282 
vt -6.2172502084502975e-15 1.0612833499908447 
vt 0.4993729591369629 1.0171009302139282 
vt -6.2172502084502975e-15 1.0612833499908447 
vt -6.2172502084502975e-15 1.0171009302139282 
vt -6.2172502084502975e-15 0.1326766014099121 
vt -6.2172502084502975e-15 0.17685896158218384 
vt 0.4993729591369629 0.1326766014099121 
vt 0.4993729591369629 0.17685896158218384 
vt -6.2172502084502975e-15 0.17685896158218384 
vt -6.2172502084502975e-15 0.22104130685329437 
vt 0.4993729591369629 0.1326766014099121 
vt 0.9988678693771362 0.1326766014099121 
vt -6.2172502084502975e-15 0.22104130685329437 
vt 0.4993729591369629 0.22104130685329437 
vt -6.2172502084502975e-15 0.2653532028198242 
vt -6.2172502084502975e-15 0.22104130685329437 
vt -6.2172502084502975e-15 0.2653532028198242 
vt 0.4993729591369629 0.2653532028198242 
vt 0.9988678693771362 0.22104130685329437 
vt 0.9988678693771362 0.17685896158218384 
vt 0.4993729591369629 0.22104130685329437 
vt 0.9988678693771362 0.1326766014099121 
vt 0.9988678693771362 0.30953556299209595 
vt 0.9988678693771362 0.2653532028198242 
vt 0.9988678693771362 0.22104130685329437 
vt -6.2172502084502975e-15 0.2653532028198242 
vt 0.4993729591369629 0.30953556299209595 
vt 0.9988678693771362 0.30953556299209595 
vt 0.9988678693771362 0.3537179231643677 
vt 0.4993729591369629 0.3537179231643677 
vt 0.9988678693771362 0.3980298340320587 
vt 0.4993729591369629 0.3980298340320587 
vt -6.2172502084502975e-15 0.30953556299209595 
vt -6.2172502084502975e-15 0.3537179231643677 
vt -6.2172502084502975e-15 0.3980298340320587 
vt -6.2172502084502975e-15 0.30953556299209595 
vt -6.2172502084502975e-15 0.3537179231643677 
vt 0.4993729591369629 0.3980298340320587 
vt -6.2172502084502975e-15 0.3537179231643677 
vt 0.9988678693771362 0.3980298340320587 
vt 0.9988678693771362 0.44221216440200806 
vt 0.4993729591369629 0.44221216440200806 
vt 0.4993729591369629 0.4863945245742798 
vt -6.2172502084502975e-15 0.4863945245742798 
vt -6.2172502084502975e-15 0.5305768847465515 
vt -6.2172502084502975e-15 0.3980298340320587 
vt 0.9988678693771362 0.4863945245742798 
vt 0.4993729591369629 0.5305768847465515 
vt -6.2172502084502975e-15 0.5305768847465515 
vt -6.2172502084502975e-15 0.44221216440200806 
vt -6.2172502084502975e-15 0.4863945245742798 
vt -6.2172502084502975e-15 0.3980298340320587 
vt -6.2172502084502975e-15 0.44221216440200806 
vt -6.2172502084502975e-15 0.5305768847465515 
vt -6.2172502084502975e-15 0.5748887658119202 
vt -6.2172502084502975e-15 0.5748887658119202 
vt 0.4993729591369629 0.5748887658119202 
vt -6.2172502084502975e-15 0.5748887658119202 
vt -6.2172502084502975e-15 0.6190711259841919 
vt 0.9988678693771362 0.5748887658119202 
vt 0.4993729591369629 0.6190711259841919 
vt -6.2172502084502975e-15 0.6632534861564636 
vt -6.2172502084502975e-15 0.6190711259841919 
vt 0.4993729591369629 0.5748887658119202 
vt 0.9988678693771362 0.5305768847465515 
vt 0.9988678693771362 0.4863945245742798 
vt 0.4993729591369629 0.5748887658119202 
vt 0.9988678693771362 0.5748887658119202 
vt -6.2172502084502975e-15 0.6632534861564636 
vt 0.4993729591369629 0.6632534861564636 
vt -6.2172502084502975e-15 0.6632534861564636 
vt -6.2172502084502975e-15 0.7075653672218323 
vt 0.9988678693771362 0.6632534861564636 
vt 0.4993729591369629 0.7075653672218323 
vt 0.9988678693771362 0.7075653672218323 
vt 0.4993729591369629 0.751747727394104 
vt -6.2172502084502975e-15 0.7075653672218323 
vt 0.4993729591369629 0.6632534861564636 
vt -6.2172502084502975e-15 0.7075653672218323 
vt -6.2172502084502975e-15 0.751747727394104 
vt -6.2172502084502975e-15 0.751747727394104 
vt 0.4993729591369629 0.751747727394104 
vt 0.9988678693771362 0.751747727394104 
vt 0.4993729591369629 0.7959300875663757 
vt -6.2172502084502975e-15 0.7959300875663757 
vt 0.9988678693771362 0.7959300875663757 
vt 0.9988678693771362 0.8402419686317444 
vt 0.4993729591369629 0.8402419686317444 
vt 0.9988678693771362 0.8844243288040161 
vt -6.2172502084502975e-15 0.8402419686317444 
vt -6.2172502084502975e-15 0.7959300875663757 
vt 0.4993729591369629 0.8402419686317444 
vt -6.2172502084502975e-15 0.7959300875663757 
vt -6.2172502084502975e-15 0.8402419686317444 
vt 0.4993729591369629 0.8844243288040161 
vt 0.9988678693771362 0.9286066889762878 
vt -6.2172502084502975e-15 0.8844243288040161 
vt -6.2172502084502975e-15 0.8402419686317444 
vt -6.2172502084502975e-15 0.8844243288040161 
vt 0.4993729591369629 0.9286066889762878 
vt 0.9988678693771362 0.9286066889762878 
vt 0.9988678693771362 0.9727890491485596 
vt 0.4993729591369629 0.9727890491485596 
vt 0.4993729591369629 1.0171009302139282 
vt -6.2172502084502975e-15 1.0171009302139282 
vt -6.2172502084502975e-15 0.9286066889762878 
vt 0.9988678693771362 1.0171009302139282 
vt 0.4993729591369629 1.0612833499908447 
vt 0.9988678693771362 1.0171009302139282 
vt 0.9988678693771362 1.0612833499908447 
vt -6.2172502084502975e-15 1.0612833499908447 
vt 0.4993729591369629 1.0171009302139282 
vt -6.2172502084502975e-15 1.0171009302139282 
vt -6.2172502084502975e-15 1.0612833499908447 
vt -6.2172502084502975e-15 0.9286066889762878 
vt -6.2172502084502975e-15 0.8844243288040161 
vt -6.2172502084502975e-15 1.0171009302139282 
vt -6.2172502084502975e-15 0.9727890491485596 
vt -6.2172502084502975e-15 0.9727890491485596 
vt -6.2172502084502975e-15 0.9286066889762878 
vt 0.4993729591369629 0.1326766014099121 
vt 0.4993729591369629 0.08849426358938217 
vt -6.2172502084502975e-15 0.1326766014099121 
vt -6.2172502084502975e-15 0.1326766014099121 
vt -6.2172502084502975e-15 0.08849426358938217 
vt 0.9988678693771362 0.044182345271110535 
vt 0.4993729591369629 0.044182345271110535 
vt -6.2172502084502975e-15 0.08849426358938217 
vt 0.4993729591369629 0.044182345271110535 
vt -6.2172502084502975e-15 0.044182345271110535 
vt 0.9988678693771362 0.044182345271110535 
vt 0.9988678693771362 0.08849426358938217 
vt 0.9988678693771362 0.1326766014099121 
vt 0.4993729591369629 0.1326766014099121 
vt -6.2172502084502975e-15 0.1326766014099121 
vt 0.4993729591369629 0.08849426358938217 
vt 0.4993729591369629 0.1326766014099121 
vt -6.2172502084502975e-15 0.08849426358938217 
vt -6.2172502084502975e-15 0.1326766014099121 
vt 0.9988678693771362 0.044182345271110535 
vt 0.4993729591369629 0.044182345271110535 
vt -6.2172502084502975e-15 0.08849426358938217 
vt -6.2172502084502975e-15 0.044182345271110535 
vt 0.4993729591369629 0.044182345271110535 
vt 0.9988678693771362 0.044182345271110535 
vt 0.9988678693771362 0.08849426358938217 
vt 0.4993729591369629 0.1326766014099121 
vt 0.9988678693771362 0.1326766014099121 
vt 0.9988678693771362 0.044182345271110535 
vt 0.9988678693771362 -1.8596199663571114e-15 
vt 0.4993729591369629 0.044182345271110535 
vt 0.4993729591369629 0.044182345271110535 
vt 0.9988678693771362 0.044182345271110535 
vt 0.9988678693771362 -1.8596199663571114e-15 
vt 0.4993729591369629 0.044182345271110535 
vt 0.4993729591369629 -1.8596199663571114e-15 
vt -6.2172502084502975e-15 0.044182345271110535 
vt 0.4993729591369629 -1.8596199663571114e-15 
vt 0.9988678693771362 -1.8596199663571114e-15 
vt -6.2172502084502975e-15 0.044182345271110535 
vt -6.2172502084502975e-15 -1.8596199663571114e-15 
vt -6.2172502084502975e-15 0.044182345271110535 
vt 0.4993729591369629 0.044182345271110535 
vt 0.4993729591369629 -1.8596199663571114e-15 
vt -6.2172502084502975e-15 -1.8596199663571114e-15 
vt -6.2172502084502975e-15 0.044182345271110535 
vt 0.4993729591369629 -1.8596199663571114e-15 
vt 0.9988678693771362 -1.8596199663571114e-15 
vt -6.2172502084502975e-15 0.30953556299209595 
vt 0.4993729591369629 0.30953556299209595 
vt -6.2172502084502975e-15 0.2653532028198242 
vt -6.2172502084502975e-15 0.2653532028198242 
vt -6.2172502084502975e-15 0.30953556299209595 
vt 0.4993729591369629 0.30953556299209595 
vt 0.9988678693771362 0.5748887658119202 
vt 0.9988678693771362 0.6190711259841919 
vt 0.4993729591369629 0.6632534861564636 
vt 0.9988678693771362 0.6632534861564636 
vt 0.4993729591369629 0.6632534861564636 
vt 0.9988678693771362 0.5748887658119202 
vt 0.9988678693771362 0.6190711259841919 
vt 0.4993729591369629 0.6632534861564636 
vt 0.4993729591369629 0.6632534861564636 
vt 0.9988678693771362 0.6632534861564636 
vt -6.2172502084502975e-15 0.7959300875663757 
vt -6.2172502084502975e-15 0.751747727394104 
vt -6.2172502084502975e-15 0.1326766014099121 
vt 0.4993729591369629 0.1326766014099121 
vt -6.2172502084502975e-15 0.17685896158218384 
vt 0.4993729591369629 0.17685896158218384 
vt -6.2172502084502975e-15 0.22104130685329437 
vt -6.2172502084502975e-15 0.17685896158218384 
vt 0.9988678693771362 0.1326766014099121 
vt 0.4993729591369629 0.1326766014099121 
vt 0.4993729591369629 0.22104130685329437 
vt -6.2172502084502975e-15 0.22104130685329437 
vt -6.2172502084502975e-15 0.22104130685329437 
vt -6.2172502084502975e-15 0.2653532028198242 
vt -6.2172502084502975e-15 0.2653532028198242 
vt 0.4993729591369629 0.2653532028198242 
vt 0.9988678693771362 0.22104130685329437 
vt 0.9988678693771362 0.17685896158218384 
vt 0.9988678693771362 0.1326766014099121 
vt 0.4993729591369629 0.22104130685329437 
vt 0.9988678693771362 0.30953556299209595 
vt 0.9988678693771362 0.2653532028198242 
vt 0.9988678693771362 0.22104130685329437 
vt -6.2172502084502975e-15 0.2653532028198242 
vt 0.4993729591369629 0.30953556299209595 
vt 0.9988678693771362 0.30953556299209595 
vt 0.9988678693771362 0.3537179231643677 
vt 0.4993729591369629 0.3537179231643677 
vt 0.9988678693771362 0.3980298340320587 
vt 0.4993729591369629 0.3980298340320587 
vt -6.2172502084502975e-15 0.30953556299209595 
vt -6.2172502084502975e-15 0.3980298340320587 
vt -6.2172502084502975e-15 0.3537179231643677 
vt -6.2172502084502975e-15 0.3537179231643677 
vt -6.2172502084502975e-15 0.30953556299209595 
vt -6.2172502084502975e-15 0.3537179231643677 
vt 0.4993729591369629 0.3980298340320587 
vt 0.9988678693771362 0.3980298340320587 
vt 0.9988678693771362 0.44221216440200806 
vt 0.4993729591369629 0.44221216440200806 
vt 0.4993729591369629 0.4863945245742798 
vt -6.2172502084502975e-15 0.4863945245742798 
vt -6.2172502084502975e-15 0.5305768847465515 
vt -6.2172502084502975e-15 0.3980298340320587 
vt 0.9988678693771362 0.4863945245742798 
vt 0.4993729591369629 0.5305768847465515 
vt -6.2172502084502975e-15 0.5305768847465515 
vt -6.2172502084502975e-15 0.44221216440200806 
vt -6.2172502084502975e-15 0.4863945245742798 
vt -6.2172502084502975e-15 0.44221216440200806 
vt -6.2172502084502975e-15 0.3980298340320587 
vt -6.2172502084502975e-15 0.5748887658119202 
vt -6.2172502084502975e-15 0.5305768847465515 
vt 0.4993729591369629 0.5748887658119202 
vt -6.2172502084502975e-15 0.5748887658119202 
vt -6.2172502084502975e-15 0.6190711259841919 
vt -6.2172502084502975e-15 0.5748887658119202 
vt 0.4993729591369629 0.6190711259841919 
vt 0.9988678693771362 0.5748887658119202 
vt -6.2172502084502975e-15 0.6632534861564636 
vt -6.2172502084502975e-15 0.6190711259841919 
vt 0.4993729591369629 0.5748887658119202 
vt 0.9988678693771362 0.5305768847465515 
vt 0.9988678693771362 0.4863945245742798 
vt 0.9988678693771362 0.5748887658119202 
vt 0.4993729591369629 0.5748887658119202 
vt 0.4993729591369629 0.6632534861564636 
vt -6.2172502084502975e-15 0.6632534861564636 
vt -6.2172502084502975e-15 0.7075653672218323 
vt -6.2172502084502975e-15 0.6632534861564636 
vt 0.9988678693771362 0.6632534861564636 
vt 0.4993729591369629 0.7075653672218323 
vt 0.9988678693771362 0.7075653672218323 
vt 0.4993729591369629 0.751747727394104 
vt 0.4993729591369629 0.6632534861564636 
vt -6.2172502084502975e-15 0.7075653672218323 
vt -6.2172502084502975e-15 0.751747727394104 
vt -6.2172502084502975e-15 0.7075653672218323 
vt 0.4993729591369629 0.751747727394104 
vt -6.2172502084502975e-15 0.751747727394104 
vt 0.9988678693771362 0.751747727394104 
vt 0.4993729591369629 0.7959300875663757 
vt -6.2172502084502975e-15 0.7959300875663757 
vt 0.9988678693771362 0.7959300875663757 
vt 0.9988678693771362 0.8402419686317444 
vt 0.4993729591369629 0.8402419686317444 
vt 0.9988678693771362 0.8844243288040161 
vt -6.2172502084502975e-15 0.8402419686317444 
vt -6.2172502084502975e-15 0.7959300875663757 
vt -6.2172502084502975e-15 0.751747727394104 
vt -6.2172502084502975e-15 0.7959300875663757 
vt 0.4993729591369629 0.8402419686317444 
vt -6.2172502084502975e-15 0.7959300875663757 
vt 0.9988678693771362 0.9286066889762878 
vt 0.4993729591369629 0.8844243288040161 
vt -6.2172502084502975e-15 0.8402419686317444 
vt -6.2172502084502975e-15 0.8844243288040161 
vt -6.2172502084502975e-15 0.8402419686317444 
vt -6.2172502084502975e-15 0.8844243288040161 
vt 0.4993729591369629 0.9286066889762878 
vt 0.9988678693771362 0.9286066889762878 
vt 0.9988678693771362 0.9727890491485596 
vt 0.4993729591369629 0.9727890491485596 
vt 0.4993729591369629 1.0171009302139282 
vt -6.2172502084502975e-15 1.0171009302139282 
vt -6.2172502084502975e-15 0.9286066889762878 
vt 0.9988678693771362 1.0171009302139282 
vt 0.4993729591369629 1.0612833499908447 
vt -6.2172502084502975e-15 1.0171009302139282 
vt -6.2172502084502975e-15 0.9727890491485596 
vt -6.2172502084502975e-15 0.9286066889762878 
vt -6.2172502084502975e-15 0.9727890491485596 
vt -6.2172502084502975e-15 0.9286066889762878 
vt -6.2172502084502975e-15 0.8844243288040161 
vt 0.9988678693771362 1.0612833499908447 
vt 0.9988678693771362 1.0171009302139282 
vt -6.2172502084502975e-15 1.0612833499908447 
vt 0.4993729591369629 1.0171009302139282 
vt -6.2172502084502975e-15 1.0612833499908447 
vt -6.2172502084502975e-15 1.0171009302139282 
vt -6.2172502084502975e-15 0.1326766014099121 
vt -6.2172502084502975e-15 0.17685896158218384 
vt 0.4993729591369629 0.1326766014099121 
vt 0.4993729591369629 0.17685896158218384 
vt -6.2172502084502975e-15 0.17685896158218384 
vt -6.2172502084502975e-15 0.22104130685329437 
vt 0.4993729591369629 0.1326766014099121 
vt 0.9988678693771362 0.1326766014099121 
vt -6.2172502084502975e-15 0.22104130685329437 
vt 0.4993729591369629 0.22104130685329437 
vt -6.2172502084502975e-15 0.2653532028198242 
vt -6.2172502084502975e-15 0.22104130685329437 
vt -6.2172502084502975e-15 0.2653532028198242 
vt 0.4993729591369629 0.2653532028198242 
vt 0.9988678693771362 0.22104130685329437 
vt 0.9988678693771362 0.17685896158218384 
vt 0.4993729591369629 0.22104130685329437 
vt 0.9988678693771362 0.1326766014099121 
vt 0.9988678693771362 0.30953556299209595 
vt 0.9988678693771362 0.2653532028198242 
vt 0.9988678693771362 0.22104130685329437 
vt -6.2172502084502975e-15 0.2653532028198242 
vt 0.4993729591369629 0.30953556299209595 
vt 0.9988678693771362 0.30953556299209595 
vt 0.9988678693771362 0.3537179231643677 
vt 0.4993729591369629 0.3537179231643677 
vt 0.9988678693771362 0.3980298340320587 
vt 0.4993729591369629 0.3980298340320587 
vt -6.2172502084502975e-15 0.30953556299209595 
vt -6.2172502084502975e-15 0.3537179231643677 
vt -6.2172502084502975e-15 0.3980298340320587 
vt -6.2172502084502975e-15 0.30953556299209595 
vt -6.2172502084502975e-15 0.3537179231643677 
vt 0.4993729591369629 0.3980298340320587 
vt -6.2172502084502975e-15 0.3537179231643677 
vt 0.9988678693771362 0.3980298340320587 
vt 0.9988678693771362 0.44221216440200806 
vt 0.4993729591369629 0.44221216440200806 
vt 0.4993729591369629 0.4863945245742798 
vt -6.2172502084502975e-15 0.4863945245742798 
vt -6.2172502084502975e-15 0.5305768847465515 
vt -6.2172502084502975e-15 0.3980298340320587 
vt 0.9988678693771362 0.4863945245742798 
vt 0.4993729591369629 0.5305768847465515 
vt -6.2172502084502975e-15 0.5305768847465515 
vt -6.2172502084502975e-15 0.44221216440200806 
vt -6.2172502084502975e-15 0.4863945245742798 
vt -6.2172502084502975e-15 0.3980298340320587 
vt -6.2172502084502975e-15 0.44221216440200806 
vt -6.2172502084502975e-15 0.5305768847465515 
vt -6.2172502084502975e-15 0.5748887658119202 
vt -6.2172502084502975e-15 0.5748887658119202 
vt 0.4993729591369629 0.5748887658119202 
vt -6.2172502084502975e-15 0.5748887658119202 
vt -6.2172502084502975e-15 0.6190711259841919 
vt 0.9988678693771362 0.5748887658119202 
vt 0.4993729591369629 0.6190711259841919 
vt -6.2172502084502975e-15 0.6632534861564636 
vt -6.2172502084502975e-15 0.6190711259841919 
vt 0.4993729591369629 0.5748887658119202 
vt 0.9988678693771362 0.5305768847465515 
vt 0.9988678693771362 0.4863945245742798 
vt 0.4993729591369629 0.5748887658119202 
vt 0.9988678693771362 0.5748887658119202 
vt -6.2172502084502975e-15 0.6632534861564636 
vt 0.4993729591369629 0.6632534861564636 
vt -6.2172502084502975e-15 0.6632534861564636 
vt -6.2172502084502975e-15 0.7075653672218323 
vt 0.9988678693771362 0.6632534861564636 
vt 0.4993729591369629 0.7075653672218323 
vt 0.9988678693771362 0.7075653672218323 
vt 0.4993729591369629 0.751747727394104 
vt -6.2172502084502975e-15 0.7075653672218323 
vt 0.4993729591369629 0.6632534861564636 
vt -6.2172502084502975e-15 0.7075653672218323 
vt -6.2172502084502975e-15 0.751747727394104 
vt -6.2172502084502975e-15 0.751747727394104 
vt 0.4993729591369629 0.751747727394104 
vt 0.9988678693771362 0.751747727394104 
vt 0.4993729591369629 0.7959300875663757 
vt -6.2172502084502975e-15 0.7959300875663757 
vt 0.9988678693771362 0.7959300875663757 
vt 0.9988678693771362 0.8402419686317444 
vt 0.4993729591369629 0.8402419686317444 
vt 0.9988678693771362 0.8844243288040161 
vt -6.2172502084502975e-15 0.8402419686317444 
vt -6.2172502084502975e-15 0.7959300875663757 
vt 0.4993729591369629 0.8402419686317444 
vt -6.2172502084502975e-15 0.7959300875663757 
vt -6.2172502084502975e-15 0.8402419686317444 
vt 0.4993729591369629 0.8844243288040161 
vt 0.9988678693771362 0.9286066889762878 
vt -6.2172502084502975e-15 0.8844243288040161 
vt -6.2172502084502975e-15 0.8402419686317444 
vt -6.2172502084502975e-15 0.8844243288040161 
vt 0.4993729591369629 0.9286066889762878 
vt 0.9988678693771362 0.9286066889762878 
vt 0.9988678693771362 0.9727890491485596 
vt 0.4993729591369629 0.9727890491485596 
vt 0.4993729591369629 1.0171009302139282 
vt -6.2172502084502975e-15 1.0171009302139282 
vt -6.2172502084502975e-15 0.9286066889762878 
vt 0.9988678693771362 1.0171009302139282 
vt 0.4993729591369629 1.0612833499908447 
vt 0.9988678693771362 1.0171009302139282 
vt 0.9988678693771362 1.0612833499908447 
vt -6.2172502084502975e-15 1.0612833499908447 
vt 0.4993729591369629 1.0171009302139282 
vt -6.2172502084502975e-15 1.0171009302139282 
vt -6.2172502084502975e-15 1.0612833499908447 
vt -6.2172502084502975e-15 0.9286066889762878 
vt -6.2172502084502975e-15 0.8844243288040161 
vt -6.2172502084502975e-15 1.0171009302139282 
vt -6.2172502084502975e-15 0.9727890491485596 
vt -6.2172502084502975e-15 0.9727890491485596 
vt -6.2172502084502975e-15 0.9286066889762878 
vt 0.4993729591369629 0.1326766014099121 
vt 0.4993729591369629 0.08849426358938217 
vt -6.2172502084502975e-15 0.1326766014099121 
vt -6.2172502084502975e-15 0.1326766014099121 
vt -6.2172502084502975e-15 0.08849426358938217 
vt 0.9988678693771362 0.044182345271110535 
vt 0.4993729591369629 0.044182345271110535 
vt -6.2172502084502975e-15 0.08849426358938217 
vt 0.4993729591369629 0.044182345271110535 
vt -6.2172502084502975e-15 0.044182345271110535 
vt 0.9988678693771362 0.044182345271110535 
vt 0.9988678693771362 0.08849426358938217 
vt 0.9988678693771362 0.1326766014099121 
vt 0.4993729591369629 0.1326766014099121 
vt -6.2172502084502975e-15 0.1326766014099121 
vt 0.4993729591369629 0.08849426358938217 
vt 0.4993729591369629 0.1326766014099121 
vt -6.2172502084502975e-15 0.08849426358938217 
vt -6.2172502084502975e-15 0.1326766014099121 
vt 0.9988678693771362 0.044182345271110535 
vt 0.4993729591369629 0.044182345271110535 
vt -6.2172502084502975e-15 0.08849426358938217 
vt -6.2172502084502975e-15 0.044182345271110535 
vt 0.4993729591369629 0.044182345271110535 
vt 0.9988678693771362 0.044182345271110535 
vt 0.9988678693771362 0.08849426358938217 
vt 0.4993729591369629 0.1326766014099121 
vt 0.9988678693771362 0.1326766014099121 
vt 0.9988678693771362 0.044182345271110535 
vt 0.9988678693771362 -1.8596199663571114e-15 
vt 0.4993729591369629 0.044182345271110535 
vt 0.4993729591369629 0.044182345271110535 
vt 0.9988678693771362 0.044182345271110535 
vt 0.9988678693771362 -1.8596199663571114e-15 
vt 0.4993729591369629 0.044182345271110535 
vt 0.4993729591369629 -1.8596199663571114e-15 
vt -6.2172502084502975e-15 0.044182345271110535 
vt 0.4993729591369629 -1.8596199663571114e-15 
vt 0.9988678693771362 -1.8596199663571114e-15 
vt -6.2172502084502975e-15 0.044182345271110535 
vt -6.2172502084502975e-15 -1.8596199663571114e-15 
vt -6.2172502084502975e-15 0.044182345271110535 
vt 0.4993729591369629 0.044182345271110535 
vt 0.4993729591369629 -1.8596199663571114e-15 
vt -6.2172502084502975e-15 -1.8596199663571114e-15 
vt -6.2172502084502975e-15 0.044182345271110535 
vt 0.4993729591369629 -1.8596199663571114e-15 
vt 0.9988678693771362 -1.8596199663571114e-15 
vt -6.2172502084502975e-15 0.30953556299209595 
vt 0.4993729591369629 0.30953556299209595 
vt -6.2172502084502975e-15 0.2653532028198242 
vt -6.2172502084502975e-15 0.2653532028198242 
vt -6.2172502084502975e-15 0.30953556299209595 
vt 0.4993729591369629 0.30953556299209595 
vt 0.9988678693771362 0.5748887658119202 
vt 0.9988678693771362 0.6190711259841919 
vt 0.4993729591369629 0.6632534861564636 
vt 0.9988678693771362 0.6632534861564636 
vt 0.4993729591369629 0.6632534861564636 
vt 0.9988678693771362 0.5748887658119202 
vt 0.9988678693771362 0.6190711259841919 
vt 0.4993729591369629 0.6632534861564636 
vt 0.4993729591369629 0.6632534861564636 
vt 0.9988678693771362 0.6632534861564636 
vt -6.2172502084502975e-15 0.7959300875663757 
vt -6.2172502084502975e-15 0.751747727394104 
vt -6.2172502084502975e-15 0.1326766014099121 
vt -6.2172502084502975e-15 0.17685896158218384 
vt 0.4993729591369629 0.1326766014099121 
vt 0.4993729591369629 0.17685896158218384 
vt -6.2172502084502975e-15 0.17685896158218384 
vt -6.2172502084502975e-15 0.22104130685329437 
vt 0.4993729591369629 0.1326766014099121 
vt 0.9988678693771362 0.1326766014099121 
vt -6.2172502084502975e-15 0.22104130685329437 
vt 0.4993729591369629 0.22104130685329437 
vt -6.2172502084502975e-15 0.2653532028198242 
vt -6.2172502084502975e-15 0.22104130685329437 
vt -6.2172502084502975e-15 0.2653532028198242 
vt 0.4993729591369629 0.2653532028198242 
vt 0.9988678693771362 0.22104130685329437 
vt 0.9988678693771362 0.17685896158218384 
vt 0.4993729591369629 0.22104130685329437 
vt 0.9988678693771362 0.1326766014099121 
vt 0.9988678693771362 0.30953556299209595 
vt 0.9988678693771362 0.2653532028198242 
vt 0.9988678693771362 0.22104130685329437 
vt -6.2172502084502975e-15 0.2653532028198242 
vt 0.4993729591369629 0.30953556299209595 
vt 0.9988678693771362 0.30953556299209595 
vt 0.9988678693771362 0.3537179231643677 
vt 0.4993729591369629 0.3537179231643677 
vt 0.9988678693771362 0.3980298340320587 
vt 0.4993729591369629 0.3980298340320587 
vt -6.2172502084502975e-15 0.30953556299209595 
vt -6.2172502084502975e-15 0.3537179231643677 
vt -6.2172502084502975e-15 0.3980298340320587 
vt -6.2172502084502975e-15 0.30953556299209595 
vt -6.2172502084502975e-15 0.3537179231643677 
vt 0.4993729591369629 0.3980298340320587 
vt -6.2172502084502975e-15 0.3537179231643677 
vt 0.9988678693771362 0.3980298340320587 
vt 0.9988678693771362 0.44221216440200806 
vt 0.4993729591369629 0.44221216440200806 
vt 0.4993729591369629 0.4863945245742798 
vt -6.2172502084502975e-15 0.4863945245742798 
vt -6.2172502084502975e-15 0.5305768847465515 
vt -6.2172502084502975e-15 0.3980298340320587 
vt 0.9988678693771362 0.4863945245742798 
vt 0.4993729591369629 0.5305768847465515 
vt -6.2172502084502975e-15 0.5305768847465515 
vt -6.2172502084502975e-15 0.44221216440200806 
vt -6.2172502084502975e-15 0.4863945245742798 
vt -6.2172502084502975e-15 0.3980298340320587 
vt -6.2172502084502975e-15 0.44221216440200806 
vt -6.2172502084502975e-15 0.5305768847465515 
vt -6.2172502084502975e-15 0.5748887658119202 
vt -6.2172502084502975e-15 0.5748887658119202 
vt 0.4993729591369629 0.5748887658119202 
vt -6.2172502084502975e-15 0.5748887658119202 
vt -6.2172502084502975e-15 0.6190711259841919 
vt 0.9988678693771362 0.5748887658119202 
vt 0.4993729591369629 0.6190711259841919 
vt -6.2172502084502975e-15 0.6632534861564636 
vt -6.2172502084502975e-15 0.6190711259841919 
vt 0.4993729591369629 0.5748887658119202 
vt 0.9988678693771362 0.5305768847465515 
vt 0.9988678693771362 0.4863945245742798 
vt 0.4993729591369629 0.5748887658119202 
vt 0.9988678693771362 0.5748887658119202 
vt -6.2172502084502975e-15 0.6632534861564636 
vt 0.4993729591369629 0.6632534861564636 
vt -6.2172502084502975e-15 0.6632534861564636 
vt -6.2172502084502975e-15 0.7075653672218323 
vt 0.9988678693771362 0.6632534861564636 
vt 0.4993729591369629 0.7075653672218323 
vt 0.9988678693771362 0.7075653672218323 
vt 0.4993729591369629 0.751747727394104 
vt -6.2172502084502975e-15 0.7075653672218323 
vt 0.4993729591369629 0.6632534861564636 
vt -6.2172502084502975e-15 0.7075653672218323 
vt -6.2172502084502975e-15 0.751747727394104 
vt -6.2172502084502975e-15 0.751747727394104 
vt 0.4993729591369629 0.751747727394104 
vt 0.9988678693771362 0.751747727394104 
vt 0.4993729591369629 0.7959300875663757 
vt -6.2172502084502975e-15 0.7959300875663757 
vt 0.9988678693771362 0.7959300875663757 
vt 0.9988678693771362 0.8402419686317444 
vt 0.4993729591369629 0.8402419686317444 
vt 0.9988678693771362 0.8844243288040161 
vt -6.2172502084502975e-15 0.8402419686317444 
vt -6.2172502084502975e-15 0.7959300875663757 
vt 0.4993729591369629 0.8402419686317444 
vt -6.2172502084502975e-15 0.7959300875663757 
vt -6.2172502084502975e-15 0.8402419686317444 
vt 0.4993729591369629 0.8844243288040161 
vt 0.9988678693771362 0.9286066889762878 
vt -6.2172502084502975e-15 0.8844243288040161 
vt -6.2172502084502975e-15 0.8402419686317444 
vt -6.2172502084502975e-15 0.8844243288040161 
vt 0.4993729591369629 0.9286066889762878 
vt 0.9988678693771362 0.9286066889762878 
vt 0.9988678693771362 0.9727890491485596 
vt 0.4993729591369629 0.9727890491485596 
vt 0.4993729591369629 1.0171009302139282 
vt -6.2172502084502975e-15 1.0171009302139282 
vt -6.2172502084502975e-15 0.9286066889762878 
vt 0.9988678693771362 1.0171009302139282 
vt 0.4993729591369629 1.0612833499908447 
vt 0.9988678693771362 1.0171009302139282 
vt 0.9988678693771362 1.0612833499908447 
vt -6.2172502084502975e-15 1.0612833499908447 
vt 0.4993729591369629 1.0171009302139282 
vt -6.2172502084502975e-15 1.0171009302139282 
vt -6.2172502084502975e-15 1.0612833499908447 
vt -6.2172502084502975e-15 0.9286066889762878 
vt -6.2172502084502975e-15 0.8844243288040161 
vt -6.2172502084502975e-15 1.0171009302139282 
vt -6.2172502084502975e-15 0.9727890491485596 
vt -6.2172502084502975e-15 0.9727890491485596 
vt -6.2172502084502975e-15 0.9286066889762878 
vt -6.2172502084502975e-15 0.1326766014099121 
vt -6.2172502084502975e-15 0.17685896158218384 
vt 0.4993729591369629 0.1326766014099121 
vt 0.4993729591369629 0.17685896158218384 
vt -6.2172502084502975e-15 0.22104130685329437 
vt -6.2172502084502975e-15 0.17685896158218384 
vt 0.4993729591369629 0.1326766014099121 
vt 0.9988678693771362 0.1326766014099121 
vt 0.4993729591369629 0.22104130685329437 
vt -6.2172502084502975e-15 0.22104130685329437 
vt -6.2172502084502975e-15 0.22104130685329437 
vt -6.2172502084502975e-15 0.2653532028198242 
vt -6.2172502084502975e-15 0.2653532028198242 
vt 0.4993729591369629 0.2653532028198242 
vt 0.9988678693771362 0.22104130685329437 
vt 0.9988678693771362 0.17685896158218384 
vt 0.9988678693771362 0.1326766014099121 
vt 0.4993729591369629 0.22104130685329437 
vt 0.9988678693771362 0.30953556299209595 
vt 0.9988678693771362 0.2653532028198242 
vt 0.9988678693771362 0.22104130685329437 
vt -6.2172502084502975e-15 0.2653532028198242 
vt 0.4993729591369629 0.30953556299209595 
vt 0.9988678693771362 0.30953556299209595 
vt 0.9988678693771362 0.3537179231643677 
vt 0.4993729591369629 0.3537179231643677 
vt 0.9988678693771362 0.3980298340320587 
vt 0.4993729591369629 0.3980298340320587 
vt -6.2172502084502975e-15 0.30953556299209595 
vt -6.2172502084502975e-15 0.3980298340320587 
vt -6.2172502084502975e-15 0.3537179231643677 
vt -6.2172502084502975e-15 0.3537179231643677 
vt -6.2172502084502975e-15 0.30953556299209595 
vt -6.2172502084502975e-15 0.3537179231643677 
vt 0.4993729591369629 0.3980298340320587 
vt 0.9988678693771362 0.3980298340320587 
vt 0.9988678693771362 0.44221216440200806 
vt 0.4993729591369629 0.44221216440200806 
vt 0.4993729591369629 0.4863945245742798 
vt -6.2172502084502975e-15 0.4863945245742798 
vt -6.2172502084502975e-15 0.5305768847465515 
vt -6.2172502084502975e-15 0.3980298340320587 
vt 0.9988678693771362 0.4863945245742798 
vt 0.4993729591369629 0.5305768847465515 
vt -6.2172502084502975e-15 0.5305768847465515 
vt -6.2172502084502975e-15 0.44221216440200806 
vt -6.2172502084502975e-15 0.4863945245742798 
vt -6.2172502084502975e-15 0.44221216440200806 
vt -6.2172502084502975e-15 0.3980298340320587 
vt -6.2172502084502975e-15 0.5748887658119202 
vt -6.2172502084502975e-15 0.5305768847465515 
vt 0.4993729591369629 0.5748887658119202 
vt -6.2172502084502975e-15 0.5748887658119202 
vt -6.2172502084502975e-15 0.6190711259841919 
vt -6.2172502084502975e-15 0.5748887658119202 
vt 0.4993729591369629 0.6190711259841919 
vt 0.9988678693771362 0.5748887658119202 
vt -6.2172502084502975e-15 0.6632534861564636 
vt -6.2172502084502975e-15 0.6190711259841919 
vt 0.4993729591369629 0.5748887658119202 
vt 0.9988678693771362 0.5305768847465515 
vt 0.9988678693771362 0.4863945245742798 
vt 0.9988678693771362 0.5748887658119202 
vt 0.4993729591369629 0.5748887658119202 
vt 0.4993729591369629 0.6632534861564636 
vt -6.2172502084502975e-15 0.6632534861564636 
vt -6.2172502084502975e-15 0.7075653672218323 
vt -6.2172502084502975e-15 0.6632534861564636 
vt 0.9988678693771362 0.6632534861564636 
vt 0.4993729591369629 0.7075653672218323 
vt 0.9988678693771362 0.7075653672218323 
vt 0.4993729591369629 0.751747727394104 
vt 0.4993729591369629 0.6632534861564636 
vt -6.2172502084502975e-15 0.7075653672218323 
vt -6.2172502084502975e-15 0.751747727394104 
vt -6.2172502084502975e-15 0.7075653672218323 
vt 0.4993729591369629 0.751747727394104 
vt -6.2172502084502975e-15 0.751747727394104 
vt 0.9988678693771362 0.751747727394104 
vt 0.4993729591369629 0.7959300875663757 
vt -6.2172502084502975e-15 0.7959300875663757 
vt 0.9988678693771362 0.7959300875663757 
vt 0.9988678693771362 0.8402419686317444 
vt 0.4993729591369629 0.8402419686317444 
vt 0.9988678693771362 0.8844243288040161 
vt -6.2172502084502975e-15 0.8402419686317444 
vt -6.2172502084502975e-15 0.7959300875663757 
vt -6.2172502084502975e-15 0.751747727394104 
vt -6.2172502084502975e-15 0.7959300875663757 
vt 0.4993729591369629 0.8402419686317444 
vt -6.2172502084502975e-15 0.7959300875663757 
vt 0.9988678693771362 0.9286066889762878 
vt 0.4993729591369629 0.8844243288040161 
vt -6.2172502084502975e-15 0.8402419686317444 
vt -6.2172502084502975e-15 0.8844243288040161 
vt -6.2172502084502975e-15 0.8402419686317444 
vt -6.2172502084502975e-15 0.8844243288040161 
vt 0.4993729591369629 0.9286066889762878 
vt 0.9988678693771362 0.9286066889762878 
vt 0.9988678693771362 0.9727890491485596 
vt 0.4993729591369629 0.9727890491485596 
vt 0.4993729591369629 1.0171009302139282 
vt -6.2172502084502975e-15 1.0171009302139282 
vt -6.2172502084502975e-15 0.9286066889762878 
vt 0.9988678693771362 1.0171009302139282 
vt 0.4993729591369629 1.0612833499908447 
vt -6.2172502084502975e-15 1.0171009302139282 
vt -6.2172502084502975e-15 0.9727890491485596 
vt -6.2172502084502975e-15 0.9286066889762878 
vt -6.2172502084502975e-15 0.9727890491485596 
vt -6.2172502084502975e-15 0.9286066889762878 
vt -6.2172502084502975e-15 0.8844243288040161 
vt 0.9988678693771362 1.0612833499908447 
vt 0.9988678693771362 1.0171009302139282 
vt -6.2172502084502975e-15 1.0612833499908447 
vt 0.4993729591369629 1.0171009302139282 
vt -6.2172502084502975e-15 1.0612833499908447 
vt -6.2172502084502975e-15 1.0171009302139282 
vt -6.2172502084502975e-15 0.1326766014099121 
vt 0.4993729591369629 0.1326766014099121 
vt 0.4993729591369629 0.08849426358938217 
vt -6.2172502084502975e-15 0.08849426358938217 
vt -6.2172502084502975e-15 0.1326766014099121 
vt 0.9988678693771362 0.044182345271110535 
vt 0.4993729591369629 0.044182345271110535 
vt -6.2172502084502975e-15 0.08849426358938217 
vt -6.2172502084502975e-15 0.044182345271110535 
vt 0.4993729591369629 0.044182345271110535 
vt 0.9988678693771362 0.044182345271110535 
vt 0.9988678693771362 0.08849426358938217 
vt 0.4993729591369629 0.1326766014099121 
vt 0.9988678693771362 0.1326766014099121 
vt 0.4993729591369629 0.1326766014099121 
vt -6.2172502084502975e-15 0.1326766014099121 
vt 0.4993729591369629 0.08849426358938217 
vt -6.2172502084502975e-15 0.1326766014099121 
vt -6.2172502084502975e-15 0.08849426358938217 
vt 0.9988678693771362 0.044182345271110535 
vt 0.4993729591369629 0.044182345271110535 
vt -6.2172502084502975e-15 0.08849426358938217 
vt -6.2172502084502975e-15 0.044182345271110535 
vt 0.4993729591369629 0.044182345271110535 
vt 0.9988678693771362 0.044182345271110535 
vt 0.9988678693771362 0.08849426358938217 
vt 0.9988678693771362 0.1326766014099121 
vt 0.4993729591369629 0.1326766014099121 
vt 0.4993729591369629 0.044182345271110535 
vt 0.9988678693771362 0.044182345271110535 
vt 0.9988678693771362 -1.8596199663571114e-15 
vt 0.9988678693771362 0.044182345271110535 
vt 0.9988678693771362 -1.8596199663571114e-15 
vt 0.4993729591369629 0.044182345271110535 
vt -6.2172502084502975e-15 0.044182345271110535 
vt 0.4993729591369629 0.044182345271110535 
vt 0.4993729591369629 -1.8596199663571114e-15 
vt -6.2172502084502975e-15 -1.8596199663571114e-15 
vt -6.2172502084502975e-15 0.044182345271110535 
vt 0.4993729591369629 -1.8596199663571114e-15 
vt 0.9988678693771362 -1.8596199663571114e-15 
vt 0.4993729591369629 0.044182345271110535 
vt 0.4993729591369629 -1.8596199663571114e-15 
vt -6.2172502084502975e-15 0.044182345271110535 
vt 0.4993729591369629 -1.8596199663571114e-15 
vt 0.9988678693771362 -1.8596199663571114e-15 
vt -6.2172502084502975e-15 0.044182345271110535 
vt -6.2172502084502975e-15 -1.8596199663571114e-15 
vt -6.2172502084502975e-15 0.2653532028198242 
vt -6.2172502084502975e-15 0.30953556299209595 
vt 0.4993729591369629 0.30953556299209595 
vt -6.2172502084502975e-15 0.30953556299209595 
vt 0.4993729591369629 0.30953556299209595 
vt -6.2172502084502975e-15 0.2653532028198242 
vt 0.9988678693771362 0.5748887658119202 
vt 0.9988678693771362 0.6190711259841919 
vt 0.4993729591369629 0.6632534861564636 
vt 0.4993729591369629 0.6632534861564636 
vt 0.9988678693771362 0.6632534861564636 
vt 0.9988678693771362 0.5748887658119202 
vt 0.9988678693771362 0.6190711259841919 
vt 0.4993729591369629 0.6632534861564636 
vt 0.9988678693771362 0.6632534861564636 
vt 0.4993729591369629 0.6632534861564636 
vt -6.2172502084502975e-15 0.7959300875663757 
vt -6.2172502084502975e-15 0.751747727394104 
s on 
f 1/1/1 2/2/2 3/3/3 
f 2/2/2 4/4/4 3/3/3 
f 3/3/3 4/4/4 4/4/4 
f 4/4/4 5/5/5 4/4/4 
f 4/4/4 5/5/5 5/5/5 
f 5/5/5 4/4/4 5/5/5 
f 5/5/5 4/4/4 6/6/6 
f 4/4/4 6/6/6 6/6/6 
f 6/6/6 6/6/6 7/7/7 
f 6/6/6 7/7/7 7/7/7 
f 7/7/7 7/7/7 4/4/4 
f 7/7/7 8/8/8 4/4/4 
f 4/4/4 8/8/8 8/8/8 
f 8/8/8 9/9/9 8/8/8 
f 8/8/8 9/9/9 9/9/9 
f 9/9/9 4/4/4 9/9/9 
f 9/9/9 4/4/4 10/10/10 
f 4/4/4 10/10/10 10/10/10 
f 10/10/10 10/10/10 10/10/10 
f 10/10/10 10/10/10 10/10/10 
f 10/10/10 10/10/10 11/11/11 
f 10/10/10 12/12/12 11/11/11 
f 11/11/11 12/12/12 12/12/12 
f 12/12/12 13/13/13 12/12/12 
f 12/12/12 13/13/13 13/13/13 
f 13/13/13 10/10/10 13/13/13 
f 13/13/13 10/10/10 14/14/14 
f 10/10/10 10/10/10 14/14/14 
f 14/14/14 10/10/10 15/15/15 
f 10/10/10 16/16/16 15/15/15 
f 15/15/15 16/16/16 16/16/16 
f 16/16/16 17/17/17 16/16/16 
f 16/16/16 17/17/17 17/17/17 
f 17/17/17 4/4/4 17/17/17 
f 17/17/17 4/4/4 16/16/16 
f 4/4/4 18/18/18 16/16/16 
f 16/16/16 18/18/18 18/18/18 
f 18/18/18 19/19/19 18/18/18 
f 18/18/18 19/19/19 19/19/19 
f 19/19/19 14/14/14 19/19/19 
f 19/19/19 14/14/14 20/20/20 
f 14/14/14 21/21/21 20/20/20 
f 20/20/20 21/21/21 21/21/21 
f 21/21/21 22/22/22 21/21/21 
f 21/21/21 22/22/22 22/22/22 
f 22/22/22 14/14/14 22/22/22 
f 22/22/22 14/14/14 23/23/23 
f 14/14/14 24/24/24 23/23/23 
f 23/23/23 24/24/24 23/23/23 
f 24/24/24 25/25/25 23/23/23 
f 23/23/23 25/25/25 26/26/26 
f 25/25/25 27/27/27 26/26/26 
f 26/26/26 27/27/27 28/28/28 
f 27/27/27 28/28/28 28/28/28 
f 28/28/28 28/28/28 23/23/23 
f 28/28/28 23/23/23 23/23/23 
f 23/23/23 23/23/23 29/29/29 
f 23/23/23 26/26/26 29/29/29 
f 29/29/29 26/26/26 26/26/26 
f 26/26/26 30/30/30 26/26/26 
f 26/26/26 30/30/30 30/30/30 
f 30/30/30 28/28/28 30/30/30 
f 30/30/30 28/28/28 31/31/31 
f 28/28/28 31/31/31 31/31/31 
f 31/31/31 31/31/31 32/32/32 
f 31/31/31 32/32/32 32/32/32 
f 32/32/32 32/32/32 33/33/33 
f 32/32/32 26/26/26 33/33/33 
f 33/33/33 26/26/26 26/26/26 
f 26/26/26 26/26/26 26/26/26 
f 26/26/26 26/26/26 26/26/26 
f 26/26/26 34/34/34 26/26/26 
f 26/26/26 34/34/34 35/35/35 
f 34/34/34 35/35/35 35/35/35 
f 35/35/35 35/35/35 36/36/36 
f 35/35/35 36/36/36 36/36/36 
f 36/36/36 36/36/36 34/34/34 
f 36/36/36 37/37/37 34/34/34 
f 34/34/34 37/37/37 38/38/38 
f 37/37/37 39/39/39 38/38/38 
f 38/38/38 39/39/39 40/40/40 
f 39/39/39 41/41/41 40/40/40 
f 40/40/40 41/41/41 41/41/41 
f 41/41/41 34/34/34 41/41/41 
f 41/41/41 34/34/34 34/34/34 
f 34/34/34 38/38/38 34/34/34 
f 34/34/34 38/38/38 42/42/42 
f 38/38/38 42/42/42 42/42/42 
f 42/42/42 42/42/42 37/37/37 
f 42/42/42 37/37/37 37/37/37 
f 37/37/37 37/37/37 39/39/39 
f 37/37/37 43/43/43 39/39/39 
f 39/39/39 43/43/43 39/39/39 
f 43/43/43 44/44/44 39/39/39 
f 39/39/39 44/44/44 45/45/45 
f 44/44/44 45/45/45 45/45/45 
f 45/45/45 45/45/45 38/38/38 
f 45/45/45 38/38/38 38/38/38 
f 38/38/38 38/38/38 46/46/46 
f 38/38/38 47/47/47 46/46/46 
f 46/46/46 47/47/47 47/47/47 
f 47/47/47 48/48/48 47/47/47 
f 47/47/47 48/48/48 48/48/48 
f 48/48/48 38/38/38 48/48/48 
f 48/48/48 38/38/38 49/49/49 
f 38/38/38 49/49/49 49/49/49 
f 49/49/49 49/49/49 50/50/50 
f 49/49/49 50/50/50 50/50/50 
f 50/50/50 50/50/50 51/51/51 
f 50/50/50 44/44/44 51/51/51 
f 51/51/51 44/44/44 44/44/44 
f 44/44/44 52/52/52 44/44/44 
f 44/44/44 52/52/52 52/52/52 
f 52/52/52 44/44/44 52/52/52 
f 52/52/52 44/44/44 53/53/53 
f 44/44/44 53/53/53 53/53/53 
f 53/53/53 53/53/53 54/54/54 
f 53/53/53 54/54/54 54/54/54 
f 54/54/54 54/54/54 55/55/55 
f 54/54/54 53/53/53 55/55/55 
f 55/55/55 53/53/53 53/53/53 
f 53/53/53 53/53/53 53/53/53 
f 53/53/53 53/53/53 53/53/53 
f 53/53/53 56/56/56 53/53/53 
f 53/53/53 56/56/56 57/57/57 
f 56/56/56 57/57/57 57/57/57 
f 57/57/57 57/57/57 58/58/58 
f 57/57/57 58/58/58 58/58/58 
f 58/58/58 58/58/58 57/57/57 
f 58/58/58 59/59/59 57/57/57 
f 57/57/57 59/59/59 60/60/60 
f 59/59/59 60/60/60 60/60/60 
f 60/60/60 60/60/60 60/60/60 
f 60/60/60 60/60/60 60/60/60 
f 60/60/60 60/60/60 61/61/61 
f 60/60/60 44/44/44 61/61/61 
f 61/61/61 44/44/44 62/62/62 
f 44/44/44 62/62/62 62/62/62 
f 62/62/62 62/62/62 63/63/63 
f 62/62/62 63/63/63 63/63/63 
f 63/63/63 63/63/63 64/64/64 
f 63/63/63 61/61/61 64/64/64 
f 64/64/64 61/61/61 61/61/61 
f 61/61/61 65/65/65 61/61/61 
f 61/61/61 65/65/65 65/65/65 
f 65/65/65 57/57/57 65/65/65 
f 65/65/65 57/57/57 66/66/66 
f 57/57/57 66/66/66 66/66/66 
f 66/66/66 66/66/66 67/67/67 
f 66/66/66 67/67/67 67/67/67 
f 67/67/67 67/67/67 68/68/68 
f 67/67/67 66/66/66 68/68/68 
f 68/68/68 66/66/66 66/66/66 
f 66/66/66 66/66/66 66/66/66 
f 66/66/66 66/66/66 66/66/66 
f 66/66/66 69/69/69 66/66/66 
f 66/66/66 69/69/69 70/70/70 
f 69/69/69 71/71/71 70/70/70 
f 70/70/70 71/71/71 72/72/72 
f 71/71/71 72/72/72 72/72/72 
f 72/72/72 72/72/72 73/73/73 
f 72/72/72 73/73/73 73/73/73 
f 73/73/73 73/73/73 70/70/70 
f 73/73/73 74/74/74 70/70/70 
f 70/70/70 74/74/74 74/74/74 
f 74/74/74 75/75/75 74/74/74 
f 74/74/74 75/75/75 75/75/75 
f 75/75/75 70/70/70 75/75/75 
f 75/75/75 70/70/70 76/76/76 
f 70/70/70 76/76/76 76/76/76 
f 76/76/76 76/76/76 77/77/77 
f 76/76/76 77/77/77 77/77/77 
f 77/77/77 77/77/77 78/78/78 
f 77/77/77 70/70/70 78/78/78 
f 78/78/78 70/70/70 70/70/70 
f 70/70/70 71/71/71 70/70/70 
f 70/70/70 71/71/71 71/71/71 
f 71/71/71 79/79/79 71/71/71 
f 71/71/71 79/79/79 78/78/78 
f 79/79/79 80/80/80 78/78/78 
f 78/78/78 80/80/80 81/81/81 
f 80/80/80 81/81/81 81/81/81 
f 81/81/81 81/81/81 79/79/79 
f 81/81/81 79/79/79 79/79/79 
f 79/79/79 79/79/79 80/80/80 
f 79/79/79 82/82/82 80/80/80 
f 80/80/80 82/82/82 80/80/80 
f 82/82/82 83/83/83 80/80/80 
f 80/80/80 83/83/83 84/84/84 
f 83/83/83 85/85/85 84/84/84 
f 84/84/84 85/85/85 85/85/85 
f 85/85/85 86/86/86 85/85/85 
f 85/85/85 86/86/86 86/86/86 
f 86/86/86 87/87/87 86/86/86 
f 86/86/86 87/87/87 84/84/84 
f 87/87/87 84/84/84 84/84/84 
f 84/84/84 84/84/84 88/88/88 
f 84/84/84 88/88/88 88/88/88 
f 88/88/88 88/88/88 80/80/80 
f 88/88/88 89/89/89 80/80/80 
f 80/80/80 89/89/89 89/89/89 
f 89/89/89 90/90/90 89/89/89 
f 89/89/89 90/90/90 90/90/90 
f 90/90/90 88/88/88 90/90/90 
f 90/90/90 88/88/88 91/91/91 
f 88/88/88 85/85/85 91/91/91 
f 91/91/91 85/85/85 92/92/92 
f 85/85/85 92/92/92 92/92/92 
f 92/92/92 92/92/92 93/93/93 
f 92/92/92 93/93/93 93/93/93 
f 93/93/93 93/93/93 91/91/91 
f 93/93/93 94/94/94 91/91/91 
f 91/91/91 94/94/94 94/94/94 
f 94/94/94 95/95/95 94/94/94 
f 94/94/94 95/95/95 95/95/95 
f 95/95/95 91/91/91 95/95/95 
f 95/95/95 91/91/91 96/96/96 
f 91/91/91 97/97/97 96/96/96 
f 96/96/96 97/97/97 96/96/96 
f 97/97/97 98/98/98 96/96/96 
f 96/96/96 98/98/98 99/99/99 
f 98/98/98 100/100/100 99/99/99 
f 99/99/99 100/100/100 101/101/101 
f 100/100/100 101/101/101 101/101/101 
f 101/101/101 101/101/101 99/99/99 
f 101/101/101 99/99/99 99/99/99 
f 99/99/99 99/99/99 96/96/96 
f 99/99/99 102/102/102 96/96/96 
f 96/96/96 102/102/102 102/102/102 
f 102/102/102 98/98/98 102/102/102 
f 102/102/102 98/98/98 98/98/98 
f 98/98/98 103/103/103 98/98/98 
f 98/98/98 103/103/103 100/100/100 
f 103/103/103 104/104/104 100/100/100 
f 100/100/100 104/104/104 104/104/104 
f 104/104/104 104/104/104 104/104/104 
f 104/104/104 104/104/104 104/104/104 
f 104/104/104 105/105/105 104/104/104 
f 104/104/104 105/105/105 106/106/106 
f 105/105/105 106/106/106 106/106/106 
f 106/106/106 106/106/106 107/107/107 
f 106/106/106 107/107/107 107/107/107 
f 107/107/107 107/107/107 104/104/104 
f 107/107/107 108/108/108 104/104/104 
f 104/104/104 108/108/108 108/108/108 
f 108/108/108 109/109/109 108/108/108 
f 108/108/108 109/109/109 109/109/109 
f 109/109/109 108/108/108 109/109/109 
f 109/109/109 108/108/108 110/110/110 
f 108/108/108 110/110/110 110/110/110 
f 110/110/110 110/110/110 111/111/111 
f 110/110/110 111/111/111 111/111/111 
f 111/111/111 111/111/111 96/96/96 
f 111/111/111 112/112/112 96/96/96 
f 96/96/96 112/112/112 112/112/112 
f 112/112/112 113/113/113 112/112/112 
f 112/112/112 113/113/113 113/113/113 
f 113/113/113 114/114/114 113/113/113 
f 113/113/113 114/114/114 99/99/99 
f 114/114/114 99/99/99 99/99/99 
f 99/99/99 99/99/99 115/115/115 
f 99/99/99 115/115/115 115/115/115 
f 115/115/115 115/115/115 99/99/99 
f 115/115/115 116/116/116 99/99/99 
f 99/99/99 116/116/116 116/116/116 
f 116/116/116 117/117/117 116/116/116 
f 116/116/116 117/117/117 117/117/117 
f 117/117/117 118/118/118 117/117/117 
f 117/117/117 118/118/118 119/119/119 
f 118/118/118 120/120/120 119/119/119 
f 119/119/119 120/120/120 120/120/120 
f 120/120/120 121/121/121 120/120/120 
f 120/120/120 121/121/121 121/121/121 
f 121/121/121 120/120/120 121/121/121 
f 121/121/121 120/120/120 122/122/122 
f 120/120/120 122/122/122 122/122/122 
f 122/122/122 122/122/122 120/120/120 
f 122/122/122 120/120/120 120/120/120 
f 120/120/120 120/120/120 123/123/123 
f 120/120/120 124/124/124 123/123/123 
f 123/123/123 124/124/124 124/124/124 
f 124/124/124 125/125/125 124/124/124 
f 124/124/124 125/125/125 125/125/125 
f 125/125/125 120/120/120 125/125/125 
f 125/125/125 120/120/120 126/126/126 
f 120/120/120 126/126/126 126/126/126 
f 126/126/126 126/126/126 127/127/127 
f 126/126/126 127/127/127 127/127/127 
f 127/127/127 127/127/127 125/125/125 
f 127/127/127 128/128/128 125/125/125 
f 125/125/125 128/128/128 128/128/128 
f 128/128/128 129/129/129 128/128/128 
f 128/128/128 129/129/129 129/129/129 
f 129/129/129 130/130/130 129/129/129 
f 129/129/129 130/130/130 125/125/125 
f 130/130/130 131/131/131 125/125/125 
f 125/125/125 131/131/131 132/132/132 
f 131/131/131 132/132/132 132/132/132 
f 132/132/132 132/132/132 133/133/133 
f 132/132/132 133/133/133 133/133/133 
f 133/133/133 133/133/133 132/132/132 
f 133/133/133 120/120/120 132/132/132 
f 132/132/132 120/120/120 134/134/134 
f 120/120/120 134/134/134 134/134/134 
f 134/134/134 134/134/134 135/135/135 
f 134/134/134 135/135/135 135/135/135 
f 135/135/135 135/135/135 130/130/130 
f 135/135/135 136/136/136 130/130/130 
f 130/130/130 136/136/136 137/137/137 
f 136/136/136 137/137/137 137/137/137 
f 137/137/137 137/137/137 138/138/138 
f 137/137/137 138/138/138 138/138/138 
f 138/138/138 138/138/138 130/130/130 
f 138/138/138 139/139/139 130/130/130 
f 130/130/130 139/139/139 140/140/140 
f 139/139/139 139/139/139 140/140/140 
f 140/140/140 139/139/139 141/141/141 
f 139/139/139 142/142/142 141/141/141 
f 141/141/141 142/142/142 143/143/143 
f 142/142/142 144/144/144 143/143/143 
f 143/143/143 144/144/144 144/144/144 
f 144/144/144 145/145/145 144/144/144 
f 144/144/144 145/145/145 145/145/145 
f 145/145/145 142/142/142 145/145/145 
f 145/145/145 142/142/142 139/139/139 
f 142/142/142 139/139/139 139/139/139 
f 139/139/139 139/139/139 146/146/146 
f 139/139/139 146/146/146 146/146/146 
f 146/146/146 146/146/146 147/147/147 
f 146/146/146 144/144/144 147/147/147 
f 147/147/147 144/144/144 144/144/144 
f 144/144/144 148/148/148 144/144/144 
f 144/144/144 148/148/148 148/148/148 
f 148/148/148 142/142/142 148/148/148 
f 148/148/148 142/142/142 149/149/149 
f 142/142/142 149/149/149 149/149/149 
f 149/149/149 149/149/149 150/150/150 
f 149/149/149 150/150/150 150/150/150 
f 150/150/150 150/150/150 142/142/142 
f 150/150/150 151/151/151 142/142/142 
f 142/142/142 151/151/151 151/151/151 
f 151/151/151 152/152/152 151/151/151 
f 151/151/151 152/152/152 152/152/152 
f 152/152/152 151/151/151 152/152/152 
f 152/152/152 151/151/151 153/153/153 
f 151/151/151 154/154/154 153/153/153 
f 153/153/153 154/154/154 155/155/155 
f 154/154/154 156/156/156 155/155/155 
f 155/155/155 156/156/156 157/157/157 
f 156/156/156 157/157/157 157/157/157 
f 157/157/157 157/157/157 158/158/158 
f 157/157/157 158/158/158 158/158/158 
f 158/158/158 158/158/158 151/151/151 
f 158/158/158 154/154/154 151/151/151 
f 151/151/151 154/154/154 154/154/154 
f 154/154/154 153/153/153 154/154/154 
f 154/154/154 153/153/153 153/153/153 
f 153/153/153 155/155/155 153/153/153 
f 153/153/153 155/155/155 159/159/159 
f 155/155/155 155/155/155 159/159/159 
f 159/159/159 155/155/155 160/160/160 
f 155/155/155 161/161/161 160/160/160 
f 160/160/160 161/161/161 161/161/161 
f 161/161/161 162/162/162 161/161/161 
f 161/161/161 162/162/162 162/162/162 
f 162/162/162 163/163/163 162/162/162 
f 162/162/162 163/163/163 154/154/154 
f 163/163/163 154/154/154 154/154/154 
f 154/154/154 154/154/154 164/164/164 
f 154/154/154 164/164/164 164/164/164 
f 164/164/164 164/164/164 165/165/165 
f 164/164/164 154/154/154 165/165/165 
f 165/165/165 154/154/154 154/154/154 
f 154/154/154 166/166/166 154/154/154 
f 154/154/154 166/166/166 166/166/166 
f 166/166/166 160/160/160 166/166/166 
f 166/166/166 160/160/160 167/167/167 
f 160/160/160 167/167/167 167/167/167 
f 167/167/167 167/167/167 168/168/168 
f 167/167/167 168/168/168 168/168/168 
f 168/168/168 168/168/168 169/169/169 
f 168/168/168 160/160/160 169/169/169 
f 169/169/169 160/160/160 160/160/160 
f 160/160/160 170/170/170 160/160/160 
f 160/160/160 170/170/170 170/170/170 
f 170/170/170 168/168/168 170/170/170 
f 170/170/170 168/168/168 171/171/171 
f 168/168/168 171/171/171 171/171/171 
f 171/171/171 171/171/171 172/172/172 
f 171/171/171 172/172/172 172/172/172 
f 172/172/172 172/172/172 168/168/168 
f 172/172/172 173/173/173 168/168/168 
f 168/168/168 173/173/173 173/173/173 
f 173/173/173 174/174/174 173/173/173 
f 173/173/173 174/174/174 174/174/174 
f 174/174/174 172/172/172 174/174/174 
f 174/174/174 172/172/172 175/175/175 
f 172/172/172 176/176/176 175/175/175 
f 175/175/175 176/176/176 176/176/176 
f 176/176/176 176/176/176 176/176/176 
f 176/176/176 176/176/176 176/176/176 
f 176/176/176 177/177/177 176/176/176 
f 176/176/176 177/177/177 160/160/160 
f 177/177/177 178/178/178 160/160/160 
f 160/160/160 178/178/178 178/178/178 
f 178/178/178 179/179/179 178/178/178 
f 178/178/178 179/179/179 179/179/179 
f 179/179/179 177/177/177 179/179/179 
f 179/179/179 177/177/177 180/180/180 
f 177/177/177 180/180/180 180/180/180 
f 180/180/180 180/180/180 181/181/181 
f 180/180/180 181/181/181 181/181/181 
f 181/181/181 181/181/181 182/182/182 
f 181/181/181 172/172/172 182/182/182 
f 182/182/182 172/172/172 172/172/172 
f 172/172/172 183/183/183 172/172/172 
f 172/172/172 183/183/183 183/183/183 
f 183/183/183 181/181/181 183/183/183 
f 183/183/183 181/181/181 184/184/184 
f 181/181/181 184/184/184 184/184/184 
f 184/184/184 184/184/184 181/181/181 
f 184/184/184 181/181/181 181/181/181 
f 181/181/181 181/181/181 185/185/185 
f 181/181/181 186/186/186 185/185/185 
f 185/185/185 186/186/186 187/187/187 
f 186/186/186 188/188/188 187/187/187 
f 187/187/187 188/188/188 188/188/188 
f 188/188/188 186/186/186 188/188/188 
f 188/188/188 186/186/186 186/186/186 
f 186/186/186 189/189/189 186/186/186 
f 186/186/186 189/189/189 190/190/190 
f 189/189/189 190/190/190 190/190/190 
f 190/190/190 190/190/190 191/191/191 
f 190/190/190 191/191/191 191/191/191 
f 191/191/191 191/191/191 192/192/192 
f 191/191/191 186/186/186 192/192/192 
f 192/192/192 186/186/186 186/186/186 
f 186/186/186 193/193/193 186/186/186 
f 186/186/186 193/193/193 193/193/193 
f 193/193/193 186/186/186 193/193/193 
f 193/193/193 186/186/186 194/194/194 
f 186/186/186 194/194/194 194/194/194 
f 194/194/194 194/194/194 187/187/187 
f 194/194/194 187/187/187 187/187/187 
f 187/187/187 187/187/187 195/195/195 
f 187/187/187 193/193/193 195/195/195 
f 195/195/195 193/193/193 196/196/196 
f 193/193/193 197/197/197 196/196/196 
f 196/196/196 197/197/197 197/197/197 
f 197/197/197 195/195/195 197/197/197 
f 197/197/197 195/195/195 195/195/195 
f 195/195/195 196/196/196 195/195/195 
f 195/195/195 196/196/196 198/198/198 
f 196/196/196 196/196/196 198/198/198 
f 198/198/198 196/196/196 199/199/199 
f 196/196/196 200/200/200 199/199/199 
f 199/199/199 200/200/200 201/201/201 
f 200/200/200 201/201/201 201/201/201 
f 201/201/201 201/201/201 200/200/200 
f 201/201/201 200/200/200 200/200/200 
f 200/200/200 200/200/200 202/202/202 
f 200/200/200 203/203/203 202/202/202 
f 202/202/202 203/203/203 203/203/203 
f 203/203/203 193/193/193 203/203/203 
f 203/203/203 193/193/193 193/193/193 
f 193/193/193 204/204/204 193/193/193 
f 193/193/193 204/204/204 205/205/205 
f 204/204/204 205/205/205 205/205/205 
f 205/205/205 205/205/205 196/196/196 
f 205/205/205 196/196/196 196/196/196 
f 196/196/196 196/196/196 206/206/206 
f 196/196/196 207/207/207 206/206/206 
f 206/206/206 207/207/207 207/207/207 
f 207/207/207 208/208/208 207/207/207 
f 207/207/207 208/208/208 208/208/208 
f 208/208/208 201/201/201 208/208/208 
f 208/208/208 201/201/201 209/209/209 
f 201/201/201 206/206/206 209/209/209 
f 209/209/209 206/206/206 210/210/210 
f 206/206/206 210/210/210 210/210/210 
f 210/210/210 210/210/210 209/209/209 
f 210/210/210 209/209/209 209/209/209 
f 209/209/209 209/209/209 211/211/211 
f 209/209/209 212/212/212 211/211/211 
f 211/211/211 212/212/212 212/212/212 
f 212/212/212 213/213/213 212/212/212 
f 212/212/212 213/213/213 213/213/213 
f 213/213/213 214/214/214 213/213/213 
f 213/213/213 214/214/214 209/209/209 
f 214/214/214 214/214/214 209/209/209 
f 209/209/209 214/214/214 215/215/215 
f 214/214/214 214/214/214 215/215/215 
f 215/215/215 214/214/214 216/216/216 
f 214/214/214 217/217/217 216/216/216 
f 216/216/216 217/217/217 218/218/218 
f 217/217/217 219/219/219 218/218/218 
f 218/218/218 219/219/219 219/219/219 
f 219/219/219 214/214/214 219/219/219 
f 219/219/219 214/214/214 214/214/214 
f 214/214/214 220/220/220 214/214/214 
f 214/214/214 220/220/220 217/217/217 
f 220/220/220 217/217/217 217/217/217 
f 217/217/217 217/217/217 216/216/216 
f 217/217/217 216/216/216 216/216/216 
f 216/216/216 216/216/216 221/221/221 
f 216/216/216 218/218/218 221/221/221 
f 221/221/221 218/218/218 222/222/222 
f 218/218/218 222/222/222 222/222/222 
f 222/222/222 222/222/222 217/217/217 
f 222/222/222 217/217/217 217/217/217 
f 217/217/217 217/217/217 223/223/223 
f 217/217/217 224/224/224 223/223/223 
f 223/223/223 224/224/224 224/224/224 
f 224/224/224 217/217/217 224/224/224 
f 224/224/224 217/217/217 217/217/217 
f 217/217/217 225/225/225 217/217/217 
f 217/217/217 225/225/225 226/226/226 
f 225/225/225 226/226/226 226/226/226 
f 226/226/226 226/226/226 214/214/214 
f 226/226/226 214/214/214 214/214/214 
f 214/214/214 214/214/214 227/227/227 
f 214/214/214 228/228/228 227/227/227 
f 227/227/227 228/228/228 228/228/228 
f 228/228/228 229/229/229 228/228/228 
f 228/228/228 229/229/229 229/229/229 
f 229/229/229 230/230/230 229/229/229 
f 229/229/229 230/230/230 222/222/222 
f 230/230/230 222/222/222 222/222/222 
f 222/222/222 222/222/222 222/222/222 
f 222/222/222 222/222/222 222/222/222 
f 222/222/222 222/222/222 231/231/231 
f 222/222/222 232/232/232 231/231/231 
f 231/231/231 232/232/232 232/232/232 
f 232/232/232 233/233/233 232/232/232 
f 232/232/232 233/233/233 233/233/233 
f 233/233/233 232/232/232 233/233/233 
f 233/233/233 232/232/232 234/234/234 
f 232/232/232 234/234/234 234/234/234 
f 234/234/234 234/234/234 235/235/235 
f 234/234/234 235/235/235 235/235/235 
f 235/235/235 235/235/235 236/236/236 
f 235/235/235 237/237/237 236/236/236 
f 236/236/236 237/237/237 237/237/237 
f 237/237/237 238/238/238 237/237/237 
f 237/237/237 238/238/238 238/238/238 
f 238/238/238 237/237/237 238/238/238 
f 238/238/238 237/237/237 239/239/239 
f 237/237/237 239/239/239 239/239/239 
f 239/239/239 239/239/239 240/240/240 
f 239/239/239 240/240/240 240/240/240 
f 240/240/240 240/240/240 241/241/241 
f 240/240/240 237/237/237 241/241/241 
f 241/241/241 237/237/237 242/242/242 
f 237/237/237 242/242/242 242/242/242 
f 242/242/242 242/242/242 243/243/243 
f 242/242/242 243/243/243 243/243/243 
f 243/243/243 243/243/243 242/242/242 
f 243/243/243 244/244/244 242/242/242 
f 242/242/242 244/244/244 244/244/244 
f 244/244/244 245/245/245 244/244/244 
f 244/244/244 245/245/245 245/245/245 
f 245/245/245 246/246/246 245/245/245 
f 245/245/245 246/246/246 237/237/237 
f 246/246/246 7/7/7 237/237/237 
f 237/237/237 7/7/7 7/7/7 
f 7/7/7 247/247/247 7/7/7 
f 7/7/7 247/247/247 247/247/247 
f 247/247/247 246/246/246 247/247/247 
f 247/247/247 246/246/246 248/248/248 
f 246/246/246 248/248/248 248/248/248 
f 248/248/248 248/248/248 249/249/249 
f 248/248/248 249/249/249 249/249/249 
f 249/249/249 249/249/249 250/250/250 
f 249/249/249 251/251/251 250/250/250 
f 250/250/250 251/251/251 251/251/251 
f 251/251/251 252/252/252 251/251/251 
f 251/251/251 252/252/252 252/252/252 
f 252/252/252 251/251/251 252/252/252 
f 252/252/252 251/251/251 253/253/253 
f 251/251/251 253/253/253 253/253/253 
f 253/253/253 253/253/253 254/254/254 
f 253/253/253 254/254/254 254/254/254 
f 254/254/254 254/254/254 251/251/251 
f 254/254/254 255/255/255 251/251/251 
f 251/251/251 255/255/255 256/256/256 
f 255/255/255 256/256/256 256/256/256 
f 256/256/256 256/256/256 256/256/256 
f 256/256/256 256/256/256 256/256/256 
f 256/256/256 256/256/256 257/257/257 
f 256/256/256 258/258/258 257/257/257 
f 257/257/257 258/258/258 258/258/258 
f 258/258/258 259/259/259 258/258/258 
f 258/258/258 259/259/259 259/259/259 
f 259/259/259 251/251/251 259/259/259 
f 259/259/259 251/251/251 260/260/260 
f 251/251/251 123/123/123 260/260/260 
f 260/260/260 123/123/123 123/123/123 
f 123/123/123 261/261/261 123/123/123 
f 123/123/123 261/261/261 261/261/261 
f 261/261/261 260/260/260 261/261/261 
f 261/261/261 260/260/260 262/262/262 
f 260/260/260 262/262/262 262/262/262 
f 262/262/262 262/262/262 263/263/263 
f 262/262/262 263/263/263 263/263/263 
f 263/263/263 263/263/263 264/264/264 
f 263/263/263 265/265/265 264/264/264 
f 264/264/264 265/265/265 265/265/265 
f 265/265/265 266/266/266 265/265/265 
f 265/265/265 266/266/266 266/266/266 
f 266/266/266 267/267/267 266/266/266 
f 266/266/266 267/267/267 268/268/268 
f 267/267/267 268/268/268 268/268/268 
f 268/268/268 268/268/268 269/269/269 
f 268/268/268 269/269/269 269/269/269 
f 269/269/269 269/269/269 270/270/270 
f 269/269/269 271/271/271 270/270/270 
f 270/270/270 271/271/271 271/271/271 
f 271/271/271 272/272/272 271/271/271 
f 271/271/271 272/272/272 272/272/272 
f 272/272/272 271/271/271 272/272/272 
f 272/272/272 271/271/271 273/273/273 
f 271/271/271 273/273/273 273/273/273 
f 273/273/273 273/273/273 274/274/274 
f 273/273/273 274/274/274 274/274/274 
f 274/274/274 274/274/274 270/270/270 
f 274/274/274 275/275/275 270/270/270 
f 270/270/270 275/275/275 275/275/275 
f 275/275/275 276/276/276 275/275/275 
f 275/275/275 276/276/276 276/276/276 
f 276/276/276 277/277/277 276/276/276 
f 276/276/276 277/277/277 278/278/278 
f 277/277/277 278/278/278 278/278/278 
f 278/278/278 278/278/278 276/276/276 
f 278/278/278 276/276/276 276/276/276 
f 276/276/276 276/276/276 279/279/279 
f 276/276/276 280/280/280 279/279/279 
f 279/279/279 280/280/280 280/280/280 
f 280/280/280 281/281/281 280/280/280 
f 280/280/280 281/281/281 281/281/281 
f 281/281/281 277/277/277 281/281/281 
f 281/281/281 277/277/277 282/282/282 
f 277/277/277 282/282/282 282/282/282 
f 282/282/282 282/282/282 283/283/283 
f 282/282/282 283/283/283 283/283/283 
f 283/283/283 283/283/283 284/284/284 
f 283/283/283 285/285/285 284/284/284 
f 284/284/284 285/285/285 285/285/285 
f 285/285/285 286/286/286 285/285/285 
f 285/285/285 286/286/286 286/286/286 
f 286/286/286 287/287/287 286/286/286 
f 286/286/286 287/287/287 288/288/288 
f 287/287/287 288/288/288 288/288/288 
f 288/288/288 288/288/288 289/289/289 
f 288/288/288 289/289/289 289/289/289 
f 289/289/289 289/289/289 57/57/57 
f 289/289/289 290/290/290 57/57/57 
f 57/57/57 290/290/290 291/291/291 
f 290/290/290 291/291/291 291/291/291 
f 291/291/291 291/291/291 292/292/292 
f 291/291/291 292/292/292 292/292/292 
f 292/292/292 292/292/292 293/293/293 
f 292/292/292 290/290/290 293/293/293 
f 293/293/293 290/290/290 290/290/290 
f 290/290/290 294/294/294 290/290/290 
f 290/290/290 294/294/294 294/294/294 
f 294/294/294 172/172/172 294/294/294 
f 294/294/294 172/172/172 295/295/295 
f 172/172/172 296/296/296 295/295/295 
f 295/295/295 296/296/296 296/296/296 
f 296/296/296 297/297/297 296/296/296 
f 296/296/296 297/297/297 297/297/297 
f 297/297/297 295/295/295 297/297/297 
f 297/297/297 295/295/295 298/298/298 
f 295/295/295 298/298/298 298/298/298 
f 298/298/298 298/298/298 299/299/299 
f 298/298/298 299/299/299 299/299/299 
f 299/299/299 299/299/299 78/78/78 
f 299/299/299 300/300/300 78/78/78 
f 78/78/78 300/300/300 300/300/300 
f 300/300/300 301/301/301 300/300/300 
f 300/300/300 301/301/301 301/301/301 
f 301/301/301 302/302/302 301/301/301 
f 301/301/301 302/302/302 303/303/303 
f 302/302/302 304/304/304 303/303/303 
f 303/303/303 304/304/304 304/304/304 
f 304/304/304 305/305/305 304/304/304 
f 304/304/304 305/305/305 305/305/305 
f 305/305/305 304/304/304 305/305/305 
f 305/305/305 304/304/304 306/306/306 
f 304/304/304 306/306/306 306/306/306 
f 306/306/306 306/306/306 304/304/304 
f 306/306/306 304/304/304 304/304/304 
f 304/304/304 304/304/304 307/307/307 
f 304/304/304 308/308/308 307/307/307 
f 307/307/307 308/308/308 308/308/308 
f 308/308/308 309/309/309 308/308/308 
f 308/308/308 309/309/309 309/309/309 
f 309/309/309 304/304/304 309/309/309 
f 309/309/309 304/304/304 310/310/310 
f 304/304/304 310/310/310 310/310/310 
f 310/310/310 310/310/310 311/311/311 
f 310/310/310 311/311/311 311/311/311 
f 311/311/311 311/311/311 309/309/309 
f 311/311/311 312/312/312 309/309/309 
f 309/309/309 312/312/312 312/312/312 
f 312/312/312 313/313/313 312/312/312 
f 312/312/312 313/313/313 313/313/313 
f 313/313/313 314/314/314 313/313/313 
f 313/313/313 314/314/314 309/309/309 
f 314/314/314 315/315/315 309/309/309 
f 309/309/309 315/315/315 316/316/316 
f 315/315/315 316/316/316 316/316/316 
f 316/316/316 316/316/316 317/317/317 
f 316/316/316 317/317/317 317/317/317 
f 317/317/317 317/317/317 316/316/316 
f 317/317/317 304/304/304 316/316/316 
f 316/316/316 304/304/304 318/318/318 
f 304/304/304 318/318/318 318/318/318 
f 318/318/318 318/318/318 319/319/319 
f 318/318/318 319/319/319 319/319/319 
f 319/319/319 319/319/319 314/314/314 
f 319/319/319 320/320/320 314/314/314 
f 314/314/314 320/320/320 321/321/321 
f 320/320/320 321/321/321 321/321/321 
f 321/321/321 321/321/321 322/322/322 
f 321/321/321 322/322/322 322/322/322 
f 322/322/322 322/322/322 314/314/314 
f 322/322/322 323/323/323 314/314/314 
f 314/314/314 323/323/323 324/324/324 
f 323/323/323 323/323/323 324/324/324 
f 324/324/324 323/323/323 325/325/325 
f 323/323/323 326/326/326 325/325/325 
f 325/325/325 326/326/326 327/327/327 
f 326/326/326 328/328/328 327/327/327 
f 327/327/327 328/328/328 328/328/328 
f 328/328/328 329/329/329 328/328/328 
f 328/328/328 329/329/329 329/329/329 
f 329/329/329 326/326/326 329/329/329 
f 329/329/329 326/326/326 323/323/323 
f 326/326/326 323/323/323 323/323/323 
f 323/323/323 323/323/323 330/330/330 
f 323/323/323 330/330/330 330/330/330 
f 330/330/330 330/330/330 331/331/331 
f 330/330/330 328/328/328 331/331/331 
f 331/331/331 328/328/328 328/328/328 
f 328/328/328 332/332/332 328/328/328 
f 328/328/328 332/332/332 332/332/332 
f 332/332/332 326/326/326 332/332/332 
f 332/332/332 326/326/326 333/333/333 
f 326/326/326 333/333/333 333/333/333 
f 333/333/333 333/333/333 334/334/334 
f 333/333/333 334/334/334 334/334/334 
f 334/334/334 334/334/334 326/326/326 
f 334/334/334 335/335/335 326/326/326 
f 326/326/326 335/335/335 335/335/335 
f 335/335/335 336/336/336 335/335/335 
f 335/335/335 336/336/336 336/336/336 
f 336/336/336 335/335/335 336/336/336 
f 336/336/336 335/335/335 337/337/337 
f 335/335/335 338/338/338 337/337/337 
f 337/337/337 338/338/338 339/339/339 
f 338/338/338 340/340/340 339/339/339 
f 339/339/339 340/340/340 341/341/341 
f 340/340/340 341/341/341 341/341/341 
f 341/341/341 341/341/341 342/342/342 
f 341/341/341 342/342/342 342/342/342 
f 342/342/342 342/342/342 335/335/335 
f 342/342/342 338/338/338 335/335/335 
f 335/335/335 338/338/338 338/338/338 
f 338/338/338 337/337/337 338/338/338 
f 338/338/338 337/337/337 337/337/337 
f 337/337/337 339/339/339 337/337/337 
f 337/337/337 339/339/339 343/343/343 
f 339/339/339 339/339/339 343/343/343 
f 343/343/343 339/339/339 344/344/344 
f 339/339/339 345/345/345 344/344/344 
f 344/344/344 345/345/345 345/345/345 
f 345/345/345 346/346/346 345/345/345 
f 345/345/345 346/346/346 346/346/346 
f 346/346/346 347/347/347 346/346/346 
f 346/346/346 347/347/347 338/338/338 
f 347/347/347 338/338/338 338/338/338 
f 338/338/338 338/338/338 348/348/348 
f 338/338/338 348/348/348 348/348/348 
f 348/348/348 348/348/348 349/349/349 
f 348/348/348 338/338/338 349/349/349 
f 349/349/349 338/338/338 338/338/338 
f 338/338/338 350/350/350 338/338/338 
f 338/338/338 350/350/350 350/350/350 
f 350/350/350 344/344/344 350/350/350 
f 350/350/350 344/344/344 351/351/351 
f 344/344/344 351/351/351 351/351/351 
f 351/351/351 351/351/351 352/352/352 
f 351/351/351 352/352/352 352/352/352 
f 352/352/352 352/352/352 353/353/353 
f 352/352/352 344/344/344 353/353/353 
f 353/353/353 344/344/344 344/344/344 
f 344/344/344 354/354/354 344/344/344 
f 344/344/344 354/354/354 354/354/354 
f 354/354/354 352/352/352 354/354/354 
f 354/354/354 352/352/352 355/355/355 
f 352/352/352 355/355/355 355/355/355 
f 355/355/355 355/355/355 356/356/356 
f 355/355/355 356/356/356 356/356/356 
f 356/356/356 356/356/356 352/352/352 
f 356/356/356 357/357/357 352/352/352 
f 352/352/352 357/357/357 357/357/357 
f 357/357/357 358/358/358 357/357/357 
f 357/357/357 358/358/358 358/358/358 
f 358/358/358 356/356/356 358/358/358 
f 358/358/358 356/356/356 359/359/359 
f 356/356/356 360/360/360 359/359/359 
f 359/359/359 360/360/360 360/360/360 
f 360/360/360 360/360/360 360/360/360 
f 360/360/360 360/360/360 360/360/360 
f 360/360/360 361/361/361 360/360/360 
f 360/360/360 361/361/361 344/344/344 
f 361/361/361 362/362/362 344/344/344 
f 344/344/344 362/362/362 362/362/362 
f 362/362/362 363/363/363 362/362/362 
f 362/362/362 363/363/363 363/363/363 
f 363/363/363 361/361/361 363/363/363 
f 363/363/363 361/361/361 364/364/364 
f 361/361/361 364/364/364 364/364/364 
f 364/364/364 364/364/364 365/365/365 
f 364/364/364 365/365/365 365/365/365 
f 365/365/365 365/365/365 366/366/366 
f 365/365/365 356/356/356 366/366/366 
f 366/366/366 356/356/356 356/356/356 
f 356/356/356 367/367/367 356/356/356 
f 356/356/356 367/367/367 367/367/367 
f 367/367/367 365/365/365 367/367/367 
f 367/367/367 365/365/365 368/368/368 
f 365/365/365 368/368/368 368/368/368 
f 368/368/368 368/368/368 365/365/365 
f 368/368/368 365/365/365 365/365/365 
f 365/365/365 365/365/365 369/369/369 
f 365/365/365 370/370/370 369/369/369 
f 369/369/369 370/370/370 371/371/371 
f 370/370/370 372/372/372 371/371/371 
f 371/371/371 372/372/372 372/372/372 
f 372/372/372 370/370/370 372/372/372 
f 372/372/372 370/370/370 370/370/370 
f 370/370/370 373/373/373 370/370/370 
f 370/370/370 373/373/373 374/374/374 
f 373/373/373 374/374/374 374/374/374 
f 374/374/374 374/374/374 375/375/375 
f 374/374/374 375/375/375 375/375/375 
f 375/375/375 375/375/375 376/376/376 
f 375/375/375 370/370/370 376/376/376 
f 376/376/376 370/370/370 370/370/370 
f 370/370/370 377/377/377 370/370/370 
f 370/370/370 377/377/377 377/377/377 
f 377/377/377 370/370/370 377/377/377 
f 377/377/377 370/370/370 378/378/378 
f 370/370/370 378/378/378 378/378/378 
f 378/378/378 378/378/378 371/371/371 
f 378/378/378 371/371/371 371/371/371 
f 371/371/371 371/371/371 379/379/379 
f 371/371/371 377/377/377 379/379/379 
f 379/379/379 377/377/377 380/380/380 
f 377/377/377 381/381/381 380/380/380 
f 380/380/380 381/381/381 381/381/381 
f 381/381/381 379/379/379 381/381/381 
f 381/381/381 379/379/379 379/379/379 
f 379/379/379 380/380/380 379/379/379 
f 379/379/379 380/380/380 382/382/382 
f 380/380/380 380/380/380 382/382/382 
f 382/382/382 380/380/380 383/383/383 
f 380/380/380 384/384/384 383/383/383 
f 383/383/383 384/384/384 385/385/385 
f 384/384/384 385/385/385 385/385/385 
f 385/385/385 385/385/385 384/384/384 
f 385/385/385 384/384/384 384/384/384 
f 384/384/384 384/384/384 386/386/386 
f 384/384/384 387/387/387 386/386/386 
f 386/386/386 387/387/387 387/387/387 
f 387/387/387 377/377/377 387/387/387 
f 387/387/387 377/377/377 377/377/377 
f 377/377/377 388/388/388 377/377/377 
f 377/377/377 388/388/388 389/389/389 
f 388/388/388 389/389/389 389/389/389 
f 389/389/389 389/389/389 380/380/380 
f 389/389/389 380/380/380 380/380/380 
f 380/380/380 380/380/380 390/390/390 
f 380/380/380 391/391/391 390/390/390 
f 390/390/390 391/391/391 391/391/391 
f 391/391/391 392/392/392 391/391/391 
f 391/391/391 392/392/392 392/392/392 
f 392/392/392 385/385/385 392/392/392 
f 392/392/392 385/385/385 393/393/393 
f 385/385/385 390/390/390 393/393/393 
f 393/393/393 390/390/390 394/394/394 
f 390/390/390 394/394/394 394/394/394 
f 394/394/394 394/394/394 393/393/393 
f 394/394/394 393/393/393 393/393/393 
f 393/393/393 393/393/393 395/395/395 
f 393/393/393 396/396/396 395/395/395 
f 395/395/395 396/396/396 396/396/396 
f 396/396/396 397/397/397 396/396/396 
f 396/396/396 397/397/397 397/397/397 
f 397/397/397 398/398/398 397/397/397 
f 397/397/397 398/398/398 393/393/393 
f 398/398/398 398/398/398 393/393/393 
f 393/393/393 398/398/398 399/399/399 
f 398/398/398 398/398/398 399/399/399 
f 399/399/399 398/398/398 400/400/400 
f 398/398/398 401/401/401 400/400/400 
f 400/400/400 401/401/401 402/402/402 
f 401/401/401 403/403/403 402/402/402 
f 402/402/402 403/403/403 403/403/403 
f 403/403/403 398/398/398 403/403/403 
f 403/403/403 398/398/398 398/398/398 
f 398/398/398 404/404/404 398/398/398 
f 398/398/398 404/404/404 401/401/401 
f 404/404/404 401/401/401 401/401/401 
f 401/401/401 401/401/401 400/400/400 
f 401/401/401 400/400/400 400/400/400 
f 400/400/400 400/400/400 405/405/405 
f 400/400/400 402/402/402 405/405/405 
f 405/405/405 402/402/402 406/406/406 
f 402/402/402 406/406/406 406/406/406 
f 406/406/406 406/406/406 401/401/401 
f 406/406/406 401/401/401 401/401/401 
f 401/401/401 401/401/401 407/407/407 
f 401/401/401 408/408/408 407/407/407 
f 407/407/407 408/408/408 408/408/408 
f 408/408/408 401/401/401 408/408/408 
f 408/408/408 401/401/401 401/401/401 
f 401/401/401 409/409/409 401/401/401 
f 401/401/401 409/409/409 410/410/410 
f 409/409/409 410/410/410 410/410/410 
f 410/410/410 410/410/410 398/398/398 
f 410/410/410 398/398/398 398/398/398 
f 398/398/398 398/398/398 411/411/411 
f 398/398/398 412/412/412 411/411/411 
f 411/411/411 412/412/412 412/412/412 
f 412/412/412 413/413/413 412/412/412 
f 412/412/412 413/413/413 413/413/413 
f 413/413/413 414/414/414 413/413/413 
f 413/413/413 414/414/414 406/406/406 
f 414/414/414 406/406/406 406/406/406 
f 406/406/406 406/406/406 406/406/406 
f 406/406/406 406/406/406 406/406/406 
f 406/406/406 406/406/406 415/415/415 
f 406/406/406 416/416/416 415/415/415 
f 415/415/415 416/416/416 416/416/416 
f 416/416/416 417/417/417 416/416/416 
f 416/416/416 417/417/417 417/417/417 
f 417/417/417 416/416/416 417/417/417 
f 417/417/417 416/416/416 418/418/418 
f 416/416/416 418/418/418 418/418/418 
f 418/418/418 418/418/418 419/419/419 
f 418/418/418 419/419/419 419/419/419 
f 419/419/419 419/419/419 420/420/420 
f 419/419/419 421/421/421 420/420/420 
f 420/420/420 421/421/421 422/422/422 
f 421/421/421 422/422/422 422/422/422 
f 422/422/422 422/422/422 423/423/423 
f 422/422/422 423/423/423 423/423/423 
f 423/423/423 423/423/423 424/424/424 
f 423/423/423 422/422/422 424/424/424 
f 424/424/424 422/422/422 422/422/422 
f 422/422/422 425/425/425 422/422/422 
f 422/422/422 425/425/425 425/425/425 
f 425/425/425 426/426/426 425/425/425 
f 425/425/425 426/426/426 422/422/422 
f 426/426/426 422/422/422 422/422/422 
f 422/422/422 422/422/422 427/427/427 
f 422/422/422 427/427/427 427/427/427 
f 427/427/427 427/427/427 428/428/428 
f 427/427/427 422/422/422 428/428/428 
f 428/428/428 422/422/422 422/422/422 
f 422/422/422 428/428/428 422/422/422 
f 422/422/422 428/428/428 428/428/428 
f 428/428/428 429/429/429 428/428/428 
f 428/428/428 429/429/429 430/430/430 
f 429/429/429 430/430/430 430/430/430 
f 430/430/430 430/430/430 431/431/431 
f 430/430/430 431/431/431 431/431/431 
f 431/431/431 431/431/431 432/432/432 
f 431/431/431 428/428/428 432/432/432 
f 432/432/432 428/428/428 433/433/433 
f 428/428/428 434/434/434 433/433/433 
f 433/433/433 434/434/434 434/434/434 
f 434/434/434 435/435/435 434/434/434 
f 434/434/434 435/435/435 435/435/435 
f 435/435/435 422/422/422 435/435/435 
f 435/435/435 422/422/422 434/434/434 
f 422/422/422 436/436/436 434/434/434 
f 434/434/434 436/436/436 436/436/436 
f 436/436/436 437/437/437 436/436/436 
f 436/436/436 437/437/437 437/437/437 
f 437/437/437 432/432/432 437/437/437 
f 437/437/437 432/432/432 438/438/438 
f 432/432/432 439/439/439 438/438/438 
f 438/438/438 439/439/439 439/439/439 
f 439/439/439 440/440/440 439/439/439 
f 439/439/439 440/440/440 440/440/440 
f 440/440/440 432/432/432 440/440/440 
f 440/440/440 432/432/432 441/441/441 
f 432/432/432 442/442/442 441/441/441 
f 441/441/441 442/442/442 441/441/441 
f 442/442/442 443/443/443 441/441/441 
f 441/441/441 443/443/443 444/444/444 
f 443/443/443 445/445/445 444/444/444 
f 444/444/444 445/445/445 446/446/446 
f 445/445/445 446/446/446 446/446/446 
f 446/446/446 446/446/446 441/441/441 
f 446/446/446 441/441/441 441/441/441 
f 441/441/441 441/441/441 447/447/447 
f 441/441/441 444/444/444 447/447/447 
f 447/447/447 444/444/444 444/444/444 
f 444/444/444 448/448/448 444/444/444 
f 444/444/444 448/448/448 448/448/448 
f 448/448/448 446/446/446 448/448/448 
f 448/448/448 446/446/446 449/449/449 
f 446/446/446 449/449/449 449/449/449 
f 449/449/449 449/449/449 450/450/450 
f 449/449/449 450/450/450 450/450/450 
f 450/450/450 450/450/450 451/451/451 
f 450/450/450 444/444/444 451/451/451 
f 451/451/451 444/444/444 444/444/444 
f 444/444/444 444/444/444 444/444/444 
f 444/444/444 444/444/444 444/444/444 
f 444/444/444 452/452/452 444/444/444 
f 444/444/444 452/452/452 453/453/453 
f 452/452/452 453/453/453 453/453/453 
f 453/453/453 453/453/453 454/454/454 
f 453/453/453 454/454/454 454/454/454 
f 454/454/454 454/454/454 452/452/452 
f 454/454/454 455/455/455 452/452/452 
f 452/452/452 455/455/455 456/456/456 
f 455/455/455 457/457/457 456/456/456 
f 456/456/456 457/457/457 458/458/458 
f 457/457/457 459/459/459 458/458/458 
f 458/458/458 459/459/459 459/459/459 
f 459/459/459 452/452/452 459/459/459 
f 459/459/459 452/452/452 452/452/452 
f 452/452/452 456/456/456 452/452/452 
f 452/452/452 456/456/456 460/460/460 
f 456/456/456 460/460/460 460/460/460 
f 460/460/460 460/460/460 455/455/455 
f 460/460/460 455/455/455 455/455/455 
f 455/455/455 455/455/455 457/457/457 
f 455/455/455 461/461/461 457/457/457 
f 457/457/457 461/461/461 457/457/457 
f 461/461/461 462/462/462 457/457/457 
f 457/457/457 462/462/462 463/463/463 
f 462/462/462 463/463/463 463/463/463 
f 463/463/463 463/463/463 456/456/456 
f 463/463/463 456/456/456 456/456/456 
f 456/456/456 456/456/456 464/464/464 
f 456/456/456 465/465/465 464/464/464 
f 464/464/464 465/465/465 465/465/465 
f 465/465/465 466/466/466 465/465/465 
f 465/465/465 466/466/466 466/466/466 
f 466/466/466 456/456/456 466/466/466 
f 466/466/466 456/456/456 467/467/467 
f 456/456/456 467/467/467 467/467/467 
f 467/467/467 467/467/467 468/468/468 
f 467/467/467 468/468/468 468/468/468 
f 468/468/468 468/468/468 469/469/469 
f 468/468/468 462/462/462 469/469/469 
f 469/469/469 462/462/462 462/462/462 
f 462/462/462 470/470/470 462/462/462 
f 462/462/462 470/470/470 470/470/470 
f 470/470/470 462/462/462 470/470/470 
f 470/470/470 462/462/462 471/471/471 
f 462/462/462 471/471/471 471/471/471 
f 471/471/471 471/471/471 472/472/472 
f 471/471/471 472/472/472 472/472/472 
f 472/472/472 472/472/472 473/473/473 
f 472/472/472 471/471/471 473/473/473 
f 473/473/473 471/471/471 471/471/471 
f 471/471/471 471/471/471 471/471/471 
f 471/471/471 471/471/471 471/471/471 
f 471/471/471 474/474/474 471/471/471 
f 471/471/471 474/474/474 475/475/475 
f 474/474/474 475/475/475 475/475/475 
f 475/475/475 475/475/475 476/476/476 
f 475/475/475 476/476/476 476/476/476 
f 476/476/476 476/476/476 475/475/475 
f 476/476/476 477/477/477 475/475/475 
f 475/475/475 477/477/477 478/478/478 
f 477/477/477 478/478/478 478/478/478 
f 478/478/478 478/478/478 478/478/478 
f 478/478/478 478/478/478 478/478/478 
f 478/478/478 478/478/478 479/479/479 
f 478/478/478 462/462/462 479/479/479 
f 479/479/479 462/462/462 480/480/480 
f 462/462/462 480/480/480 480/480/480 
f 480/480/480 480/480/480 481/481/481 
f 480/480/480 481/481/481 481/481/481 
f 481/481/481 481/481/481 482/482/482 
f 481/481/481 479/479/479 482/482/482 
f 482/482/482 479/479/479 479/479/479 
f 479/479/479 483/483/483 479/479/479 
f 479/479/479 483/483/483 483/483/483 
f 483/483/483 475/475/475 483/483/483 
f 483/483/483 475/475/475 484/484/484 
f 475/475/475 484/484/484 484/484/484 
f 484/484/484 484/484/484 485/485/485 
f 484/484/484 485/485/485 485/485/485 
f 485/485/485 485/485/485 486/486/486 
f 485/485/485 484/484/484 486/486/486 
f 486/486/486 484/484/484 484/484/484 
f 484/484/484 484/484/484 484/484/484 
f 484/484/484 484/484/484 484/484/484 
f 484/484/484 487/487/487 484/484/484 
f 484/484/484 487/487/487 488/488/488 
f 487/487/487 489/489/489 488/488/488 
f 488/488/488 489/489/489 490/490/490 
f 489/489/489 490/490/490 490/490/490 
f 490/490/490 490/490/490 491/491/491 
f 490/490/490 491/491/491 491/491/491 
f 491/491/491 491/491/491 488/488/488 
f 491/491/491 492/492/492 488/488/488 
f 488/488/488 492/492/492 492/492/492 
f 492/492/492 493/493/493 492/492/492 
f 492/492/492 493/493/493 493/493/493 
f 493/493/493 488/488/488 493/493/493 
f 493/493/493 488/488/488 494/494/494 
f 488/488/488 494/494/494 494/494/494 
f 494/494/494 494/494/494 495/495/495 
f 494/494/494 495/495/495 495/495/495 
f 495/495/495 495/495/495 496/496/496 
f 495/495/495 488/488/488 496/496/496 
f 496/496/496 488/488/488 488/488/488 
f 488/488/488 489/489/489 488/488/488 
f 488/488/488 489/489/489 489/489/489 
f 489/489/489 497/497/497 489/489/489 
f 489/489/489 497/497/497 496/496/496 
f 497/497/497 498/498/498 496/496/496 
f 496/496/496 498/498/498 499/499/499 
f 498/498/498 499/499/499 499/499/499 
f 499/499/499 499/499/499 497/497/497 
f 499/499/499 497/497/497 497/497/497 
f 497/497/497 497/497/497 498/498/498 
f 497/497/497 500/500/500 498/498/498 
f 498/498/498 500/500/500 498/498/498 
f 500/500/500 501/501/501 498/498/498 
f 498/498/498 501/501/501 502/502/502 
f 501/501/501 503/503/503 502/502/502 
f 502/502/502 503/503/503 503/503/503 
f 503/503/503 504/504/504 503/503/503 
f 503/503/503 504/504/504 504/504/504 
f 504/504/504 505/505/505 504/504/504 
f 504/504/504 505/505/505 502/502/502 
f 505/505/505 502/502/502 502/502/502 
f 502/502/502 502/502/502 506/506/506 
f 502/502/502 506/506/506 506/506/506 
f 506/506/506 506/506/506 498/498/498 
f 506/506/506 507/507/507 498/498/498 
f 498/498/498 507/507/507 507/507/507 
f 507/507/507 508/508/508 507/507/507 
f 507/507/507 508/508/508 508/508/508 
f 508/508/508 506/506/506 508/508/508 
f 508/508/508 506/506/506 509/509/509 
f 506/506/506 503/503/503 509/509/509 
f 509/509/509 503/503/503 510/510/510 
f 503/503/503 510/510/510 510/510/510 
f 510/510/510 510/510/510 511/511/511 
f 510/510/510 511/511/511 511/511/511 
f 511/511/511 511/511/511 509/509/509 
f 511/511/511 512/512/512 509/509/509 
f 509/509/509 512/512/512 512/512/512 
f 512/512/512 513/513/513 512/512/512 
f 512/512/512 513/513/513 513/513/513 
f 513/513/513 509/509/509 513/513/513 
f 513/513/513 509/509/509 514/514/514 
f 509/509/509 515/515/515 514/514/514 
f 514/514/514 515/515/515 514/514/514 
f 515/515/515 516/516/516 514/514/514 
f 514/514/514 516/516/516 517/517/517 
f 516/516/516 518/518/518 517/517/517 
f 517/517/517 518/518/518 519/519/519 
f 518/518/518 519/519/519 519/519/519 
f 519/519/519 519/519/519 517/517/517 
f 519/519/519 517/517/517 517/517/517 
f 517/517/517 517/517/517 514/514/514 
f 517/517/517 520/520/520 514/514/514 
f 514/514/514 520/520/520 520/520/520 
f 520/520/520 516/516/516 520/520/520 
f 520/520/520 516/516/516 516/516/516 
f 516/516/516 521/521/521 516/516/516 
f 516/516/516 521/521/521 518/518/518 
f 521/521/521 522/522/522 518/518/518 
f 518/518/518 522/522/522 522/522/522 
f 522/522/522 522/522/522 522/522/522 
f 522/522/522 522/522/522 522/522/522 
f 522/522/522 523/523/523 522/522/522 
f 522/522/522 523/523/523 524/524/524 
f 523/523/523 524/524/524 524/524/524 
f 524/524/524 524/524/524 525/525/525 
f 524/524/524 525/525/525 525/525/525 
f 525/525/525 525/525/525 522/522/522 
f 525/525/525 526/526/526 522/522/522 
f 522/522/522 526/526/526 526/526/526 
f 526/526/526 527/527/527 526/526/526 
f 526/526/526 527/527/527 527/527/527 
f 527/527/527 526/526/526 527/527/527 
f 527/527/527 526/526/526 528/528/528 
f 526/526/526 528/528/528 528/528/528 
f 528/528/528 528/528/528 529/529/529 
f 528/528/528 529/529/529 529/529/529 
f 529/529/529 529/529/529 514/514/514 
f 529/529/529 530/530/530 514/514/514 
f 514/514/514 530/530/530 530/530/530 
f 530/530/530 531/531/531 530/530/530 
f 530/530/530 531/531/531 531/531/531 
f 531/531/531 532/532/532 531/531/531 
f 531/531/531 532/532/532 517/517/517 
f 532/532/532 517/517/517 517/517/517 
f 517/517/517 517/517/517 533/533/533 
f 517/517/517 533/533/533 533/533/533 
f 533/533/533 533/533/533 517/517/517 
f 533/533/533 534/534/534 517/517/517 
f 517/517/517 534/534/534 534/534/534 
f 534/534/534 535/535/535 534/534/534 
f 534/534/534 535/535/535 535/535/535 
f 535/535/535 536/536/536 535/535/535 
f 535/535/535 536/536/536 537/537/537 
f 536/536/536 537/537/537 537/537/537 
f 537/537/537 537/537/537 538/538/538 
f 537/537/537 538/538/538 538/538/538 
f 538/538/538 538/538/538 539/539/539 
f 538/538/538 536/536/536 539/539/539 
f 539/539/539 536/536/536 536/536/536 
f 536/536/536 540/540/540 536/536/536 
f 536/536/536 540/540/540 540/540/540 
f 540/540/540 541/541/541 540/540/540 
f 540/540/540 541/541/541 536/536/536 
f 541/541/541 542/542/542 536/536/536 
f 536/536/536 542/542/542 542/542/542 
f 542/542/542 542/542/542 542/542/542 
f 542/542/542 542/542/542 542/542/542 
f 542/542/542 543/543/543 542/542/542 
f 542/542/542 543/543/543 544/544/544 
f 543/543/543 544/544/544 544/544/544 
f 544/544/544 544/544/544 545/545/545 
f 544/544/544 545/545/545 545/545/545 
f 545/545/545 545/545/545 546/546/546 
f 545/545/545 536/536/536 546/546/546 
f 546/546/546 536/536/536 307/307/307 
f 536/536/536 307/307/307 307/307/307 
f 307/307/307 307/307/307 547/547/547 
f 307/307/307 547/547/547 547/547/547 
f 547/547/547 547/547/547 548/548/548 
f 547/547/547 546/546/546 548/548/548 
f 548/548/548 546/546/546 546/546/546 
f 546/546/546 549/549/549 546/546/546 
f 546/546/546 549/549/549 549/549/549 
f 549/549/549 550/550/550 549/549/549 
f 549/549/549 550/550/550 551/551/551 
f 550/550/550 551/551/551 551/551/551 
f 551/551/551 551/551/551 552/552/552 
f 551/551/551 552/552/552 552/552/552 
f 552/552/552 552/552/552 553/553/553 
f 552/552/552 550/550/550 553/553/553 
f 553/553/553 550/550/550 550/550/550 
f 550/550/550 554/554/554 550/550/550 
f 550/550/550 554/554/554 554/554/554 
f 554/554/554 550/550/550 554/554/554 
f 554/554/554 550/550/550 555/555/555 
f 550/550/550 556/556/556 555/555/555 
f 555/555/555 556/556/556 556/556/556 
f 556/556/556 557/557/557 556/556/556 
f 556/556/556 557/557/557 557/557/557 
f 557/557/557 558/558/558 557/557/557 
f 557/557/557 558/558/558 556/556/556 
f 558/558/558 556/556/556 556/556/556 
f 556/556/556 556/556/556 559/559/559 
f 556/556/556 559/559/559 559/559/559 
f 559/559/559 559/559/559 550/550/550 
f 559/559/559 560/560/560 550/550/550 
f 550/550/550 560/560/560 425/425/425 
f 560/560/560 425/425/425 425/425/425 
f 425/425/425 425/425/425 561/561/561 
f 425/425/425 561/561/561 561/561/561 
f 561/561/561 561/561/561 562/562/562 
f 561/561/561 560/560/560 562/562/562 
f 562/562/562 560/560/560 560/560/560 
f 560/560/560 563/563/563 560/560/560 
f 560/560/560 563/563/563 563/563/563 
f 563/563/563 564/564/564 563/563/563 
f 563/563/563 564/564/564 565/565/565 
f 564/564/564 565/565/565 565/565/565 
f 565/565/565 565/565/565 566/566/566 
f 565/565/565 566/566/566 566/566/566 
f 566/566/566 566/566/566 567/567/567 
f 566/566/566 568/568/568 567/567/567 
f 567/567/567 568/568/568 568/568/568 
f 568/568/568 569/569/569 568/568/568 
f 568/568/568 569/569/569 569/569/569 
f 569/569/569 570/570/570 569/569/569 
f 569/569/569 570/570/570 571/571/571 
f 570/570/570 571/571/571 571/571/571 
f 571/571/571 571/571/571 569/569/569 
f 571/571/571 569/569/569 569/569/569 
f 569/569/569 569/569/569 572/572/572 
f 569/569/569 573/573/573 572/572/572 
f 572/572/572 573/573/573 573/573/573 
f 573/573/573 574/574/574 573/573/573 
f 573/573/573 574/574/574 574/574/574 
f 574/574/574 570/570/570 574/574/574 
f 574/574/574 570/570/570 575/575/575 
f 570/570/570 575/575/575 575/575/575 
f 575/575/575 575/575/575 576/576/576 
f 575/575/575 576/576/576 576/576/576 
f 576/576/576 576/576/576 577/577/577 
f 576/576/576 578/578/578 577/577/577 
f 577/577/577 578/578/578 578/578/578 
f 578/578/578 579/579/579 578/578/578 
f 578/578/578 579/579/579 579/579/579 
f 579/579/579 578/578/578 579/579/579 
f 579/579/579 578/578/578 580/580/580 
f 578/578/578 580/580/580 580/580/580 
f 580/580/580 580/580/580 581/581/581 
f 580/580/580 581/581/581 581/581/581 
f 581/581/581 581/581/581 577/577/577 
f 581/581/581 582/582/582 577/577/577 
f 577/577/577 582/582/582 582/582/582 
f 582/582/582 583/583/583 582/582/582 
f 582/582/582 583/583/583 583/583/583 
f 583/583/583 584/584/584 583/583/583 
f 583/583/583 584/584/584 585/585/585 
f 584/584/584 585/585/585 585/585/585 
f 585/585/585 585/585/585 586/586/586 
f 585/585/585 586/586/586 586/586/586 
f 586/586/586 586/586/586 587/587/587 
f 586/586/586 588/588/588 587/587/587 
f 587/587/587 588/588/588 588/588/588 
f 588/588/588 589/589/589 588/588/588 
f 588/588/588 589/589/589 589/589/589 
f 589/589/589 356/356/356 589/589/589 
f 589/589/589 356/356/356 590/590/590 
f 356/356/356 591/591/591 590/590/590 
f 590/590/590 591/591/591 591/591/591 
f 591/591/591 592/592/592 591/591/591 
f 591/591/591 592/592/592 592/592/592 
f 592/592/592 590/590/590 592/592/592 
f 592/592/592 590/590/590 593/593/593 
f 590/590/590 593/593/593 593/593/593 
f 593/593/593 593/593/593 594/594/594 
f 593/593/593 594/594/594 594/594/594 
f 594/594/594 594/594/594 475/475/475 
f 594/594/594 595/595/595 475/475/475 
f 475/475/475 595/595/595 596/596/596 
f 595/595/595 596/596/596 596/596/596 
f 596/596/596 596/596/596 597/597/597 
f 596/596/596 597/597/597 597/597/597 
f 597/597/597 597/597/597 598/598/598 
f 597/597/597 595/595/595 598/598/598 
f 598/598/598 595/595/595 595/595/595 
f 595/595/595 599/599/599 595/595/595 
f 595/595/595 599/599/599 599/599/599 
f 599/599/599 600/600/600 599/599/599 
f 599/599/599 600/600/600 496/496/496 
f 600/600/600 496/496/496 496/496/496 
f 496/496/496 496/496/496 601/601/601 
f 496/496/496 601/601/601 601/601/601 
f 601/601/601 601/601/601 602/602/602 
f 601/601/601 603/603/603 602/602/602 
f 602/602/602 603/603/603 604/604/604 
f 603/603/603 604/604/604 604/604/604 
f 604/604/604 604/604/604 605/605/605 
f 604/604/604 605/605/605 605/605/605 
f 605/605/605 605/605/605 606/606/606 
f 605/605/605 604/604/604 606/606/606 
f 606/606/606 604/604/604 604/604/604 
f 604/604/604 604/604/604 604/604/604 
f 604/604/604 604/604/604 604/604/604 
f 604/604/604 607/607/607 604/604/604 
f 604/604/604 607/607/607 608/608/608 
f 607/607/607 608/608/608 608/608/608 
f 608/608/608 608/608/608 609/609/609 
f 608/608/608 609/609/609 609/609/609 
f 609/609/609 609/609/609 610/610/610 
f 609/609/609 604/604/604 610/610/610 
f 610/610/610 604/604/604 604/604/604 
f 604/604/604 611/611/611 604/604/604 
f 604/604/604 611/611/611 611/611/611 
f 611/611/611 612/612/612 611/611/611 
f 611/611/611 612/612/612 609/609/609 
f 612/612/612 609/609/609 609/609/609 
f 609/609/609 609/609/609 613/613/613 
f 609/609/609 613/613/613 613/613/613 
f 613/613/613 613/613/613 609/609/609 
f 613/613/613 614/614/614 609/609/609 
f 609/609/609 614/614/614 609/609/609 
f 614/614/614 615/615/615 609/609/609 
f 609/609/609 615/615/615 616/616/616 
f 615/615/615 616/616/616 616/616/616 
f 616/616/616 616/616/616 617/617/617 
f 616/616/616 617/617/617 617/617/617 
f 617/617/617 617/617/617 616/616/616 
f 617/617/617 604/604/604 616/616/616 
f 616/616/616 604/604/604 618/618/618 
f 604/604/604 618/618/618 618/618/618 
f 618/618/618 618/618/618 619/619/619 
f 618/618/618 619/619/619 619/619/619 
f 619/619/619 619/619/619 614/614/614 
f 619/619/619 620/620/620 614/614/614 
f 614/614/614 620/620/620 621/621/621 
f 620/620/620 621/621/621 621/621/621 
f 621/621/621 621/621/621 622/622/622 
f 621/621/621 622/622/622 622/622/622 
f 622/622/622 622/622/622 614/614/614 
f 622/622/622 623/623/623 614/614/614 
f 614/614/614 623/623/623 624/624/624 
f 623/623/623 623/623/623 624/624/624 
f 624/624/624 623/623/623 625/625/625 
f 623/623/623 626/626/626 625/625/625 
f 625/625/625 626/626/626 627/627/627 
f 626/626/626 628/628/628 627/627/627 
f 627/627/627 628/628/628 628/628/628 
f 628/628/628 629/629/629 628/628/628 
f 628/628/628 629/629/629 629/629/629 
f 629/629/629 626/626/626 629/629/629 
f 629/629/629 626/626/626 623/623/623 
f 626/626/626 623/623/623 623/623/623 
f 623/623/623 623/623/623 630/630/630 
f 623/623/623 630/630/630 630/630/630 
f 630/630/630 630/630/630 631/631/631 
f 630/630/630 628/628/628 631/631/631 
f 631/631/631 628/628/628 628/628/628 
f 628/628/628 632/632/632 628/628/628 
f 628/628/628 632/632/632 632/632/632 
f 632/632/632 626/626/626 632/632/632 
f 632/632/632 626/626/626 633/633/633 
f 626/626/626 633/633/633 633/633/633 
f 633/633/633 633/633/633 634/634/634 
f 633/633/633 634/634/634 634/634/634 
f 634/634/634 634/634/634 626/626/626 
f 634/634/634 635/635/635 626/626/626 
f 626/626/626 635/635/635 635/635/635 
f 635/635/635 636/636/636 635/635/635 
f 635/635/635 636/636/636 636/636/636 
f 636/636/636 635/635/635 636/636/636 
f 636/636/636 635/635/635 637/637/637 
f 635/635/635 638/638/638 637/637/637 
f 637/637/637 638/638/638 639/639/639 
f 638/638/638 640/640/640 639/639/639 
f 639/639/639 640/640/640 641/641/641 
f 640/640/640 641/641/641 641/641/641 
f 641/641/641 641/641/641 642/642/642 
f 641/641/641 642/642/642 642/642/642 
f 642/642/642 642/642/642 635/635/635 
f 642/642/642 638/638/638 635/635/635 
f 635/635/635 638/638/638 638/638/638 
f 638/638/638 637/637/637 638/638/638 
f 638/638/638 637/637/637 637/637/637 
f 637/637/637 639/639/639 637/637/637 
f 637/637/637 639/639/639 643/643/643 
f 639/639/639 639/639/639 643/643/643 
f 643/643/643 639/639/639 644/644/644 
f 639/639/639 645/645/645 644/644/644 
f 644/644/644 645/645/645 645/645/645 
f 645/645/645 646/646/646 645/645/645 
f 645/645/645 646/646/646 646/646/646 
f 646/646/646 647/647/647 646/646/646 
f 646/646/646 647/647/647 638/638/638 
f 647/647/647 638/638/638 638/638/638 
f 638/638/638 638/638/638 648/648/648 
f 638/638/638 648/648/648 648/648/648 
f 648/648/648 648/648/648 649/649/649 
f 648/648/648 638/638/638 649/649/649 
f 649/649/649 638/638/638 638/638/638 
f 638/638/638 650/650/650 638/638/638 
f 638/638/638 650/650/650 650/650/650 
f 650/650/650 644/644/644 650/650/650 
f 650/650/650 644/644/644 651/651/651 
f 644/644/644 651/651/651 651/651/651 
f 651/651/651 651/651/651 652/652/652 
f 651/651/651 652/652/652 652/652/652 
f 652/652/652 652/652/652 653/653/653 
f 652/652/652 644/644/644 653/653/653 
f 653/653/653 644/644/644 644/644/644 
f 644/644/644 654/654/654 644/644/644 
f 644/644/644 654/654/654 654/654/654 
f 654/654/654 652/652/652 654/654/654 
f 654/654/654 652/652/652 655/655/655 
f 652/652/652 655/655/655 655/655/655 
f 655/655/655 655/655/655 656/656/656 
f 655/655/655 656/656/656 656/656/656 
f 656/656/656 656/656/656 652/652/652 
f 656/656/656 657/657/657 652/652/652 
f 652/652/652 657/657/657 657/657/657 
f 657/657/657 658/658/658 657/657/657 
f 657/657/657 658/658/658 658/658/658 
f 658/658/658 656/656/656 658/658/658 
f 658/658/658 656/656/656 659/659/659 
f 656/656/656 660/660/660 659/659/659 
f 659/659/659 660/660/660 660/660/660 
f 660/660/660 660/660/660 660/660/660 
f 660/660/660 660/660/660 660/660/660 
f 660/660/660 661/661/661 660/660/660 
f 660/660/660 661/661/661 644/644/644 
f 661/661/661 662/662/662 644/644/644 
f 644/644/644 662/662/662 662/662/662 
f 662/662/662 663/663/663 662/662/662 
f 662/662/662 663/663/663 663/663/663 
f 663/663/663 661/661/661 663/663/663 
f 663/663/663 661/661/661 664/664/664 
f 661/661/661 664/664/664 664/664/664 
f 664/664/664 664/664/664 665/665/665 
f 664/664/664 665/665/665 665/665/665 
f 665/665/665 665/665/665 666/666/666 
f 665/665/665 656/656/656 666/666/666 
f 666/666/666 656/656/656 656/656/656 
f 656/656/656 667/667/667 656/656/656 
f 656/656/656 667/667/667 667/667/667 
f 667/667/667 665/665/665 667/667/667 
f 667/667/667 665/665/665 668/668/668 
f 665/665/665 668/668/668 668/668/668 
f 668/668/668 668/668/668 665/665/665 
f 668/668/668 665/665/665 665/665/665 
f 665/665/665 665/665/665 669/669/669 
f 665/665/665 670/670/670 669/669/669 
f 669/669/669 670/670/670 671/671/671 
f 670/670/670 672/672/672 671/671/671 
f 671/671/671 672/672/672 672/672/672 
f 672/672/672 670/670/670 672/672/672 
f 672/672/672 670/670/670 670/670/670 
f 670/670/670 673/673/673 670/670/670 
f 670/670/670 673/673/673 674/674/674 
f 673/673/673 674/674/674 674/674/674 
f 674/674/674 674/674/674 675/675/675 
f 674/674/674 675/675/675 675/675/675 
f 675/675/675 675/675/675 676/676/676 
f 675/675/675 670/670/670 676/676/676 
f 676/676/676 670/670/670 670/670/670 
f 670/670/670 677/677/677 670/670/670 
f 670/670/670 677/677/677 677/677/677 
f 677/677/677 670/670/670 677/677/677 
f 677/677/677 670/670/670 678/678/678 
f 670/670/670 678/678/678 678/678/678 
f 678/678/678 678/678/678 671/671/671 
f 678/678/678 671/671/671 671/671/671 
f 671/671/671 671/671/671 679/679/679 
f 671/671/671 677/677/677 679/679/679 
f 679/679/679 677/677/677 680/680/680 
f 677/677/677 681/681/681 680/680/680 
f 680/680/680 681/681/681 681/681/681 
f 681/681/681 679/679/679 681/681/681 
f 681/681/681 679/679/679 679/679/679 
f 679/679/679 680/680/680 679/679/679 
f 679/679/679 680/680/680 682/682/682 
f 680/680/680 680/680/680 682/682/682 
f 682/682/682 680/680/680 683/683/683 
f 680/680/680 684/684/684 683/683/683 
f 683/683/683 684/684/684 685/685/685 
f 684/684/684 685/685/685 685/685/685 
f 685/685/685 685/685/685 684/684/684 
f 685/685/685 684/684/684 684/684/684 
f 684/684/684 684/684/684 686/686/686 
f 684/684/684 687/687/687 686/686/686 
f 686/686/686 687/687/687 687/687/687 
f 687/687/687 677/677/677 687/687/687 
f 687/687/687 677/677/677 677/677/677 
f 677/677/677 688/688/688 677/677/677 
f 677/677/677 688/688/688 689/689/689 
f 688/688/688 689/689/689 689/689/689 
f 689/689/689 689/689/689 680/680/680 
f 689/689/689 680/680/680 680/680/680 
f 680/680/680 680/680/680 690/690/690 
f 680/680/680 691/691/691 690/690/690 
f 690/690/690 691/691/691 691/691/691 
f 691/691/691 692/692/692 691/691/691 
f 691/691/691 692/692/692 692/692/692 
f 692/692/692 685/685/685 692/692/692 
f 692/692/692 685/685/685 693/693/693 
f 685/685/685 690/690/690 693/693/693 
f 693/693/693 690/690/690 694/694/694 
f 690/690/690 694/694/694 694/694/694 
f 694/694/694 694/694/694 693/693/693 
f 694/694/694 693/693/693 693/693/693 
f 693/693/693 693/693/693 695/695/695 
f 693/693/693 696/696/696 695/695/695 
f 695/695/695 696/696/696 696/696/696 
f 696/696/696 697/697/697 696/696/696 
f 696/696/696 697/697/697 697/697/697 
f 697/697/697 698/698/698 697/697/697 
f 697/697/697 698/698/698 693/693/693 
f 698/698/698 698/698/698 693/693/693 
f 693/693/693 698/698/698 699/699/699 
f 698/698/698 698/698/698 699/699/699 
f 699/699/699 698/698/698 700/700/700 
f 698/698/698 701/701/701 700/700/700 
f 700/700/700 701/701/701 702/702/702 
f 701/701/701 703/703/703 702/702/702 
f 702/702/702 703/703/703 703/703/703 
f 703/703/703 698/698/698 703/703/703 
f 703/703/703 698/698/698 698/698/698 
f 698/698/698 704/704/704 698/698/698 
f 698/698/698 704/704/704 701/701/701 
f 704/704/704 701/701/701 701/701/701 
f 701/701/701 701/701/701 700/700/700 
f 701/701/701 700/700/700 700/700/700 
f 700/700/700 700/700/700 705/705/705 
f 700/700/700 702/702/702 705/705/705 
f 705/705/705 702/702/702 706/706/706 
f 702/702/702 706/706/706 706/706/706 
f 706/706/706 706/706/706 701/701/701 
f 706/706/706 701/701/701 701/701/701 
f 701/701/701 701/701/701 707/707/707 
f 701/701/701 708/708/708 707/707/707 
f 707/707/707 708/708/708 708/708/708 
f 708/708/708 701/701/701 708/708/708 
f 708/708/708 701/701/701 701/701/701 
f 701/701/701 709/709/709 701/701/701 
f 701/701/701 709/709/709 710/710/710 
f 709/709/709 710/710/710 710/710/710 
f 710/710/710 710/710/710 698/698/698 
f 710/710/710 698/698/698 698/698/698 
f 698/698/698 698/698/698 711/711/711 
f 698/698/698 712/712/712 711/711/711 
f 711/711/711 712/712/712 712/712/712 
f 712/712/712 713/713/713 712/712/712 
f 712/712/712 713/713/713 713/713/713 
f 713/713/713 714/714/714 713/713/713 
f 713/713/713 714/714/714 706/706/706 
f 714/714/714 706/706/706 706/706/706 
f 706/706/706 706/706/706 706/706/706 
f 706/706/706 706/706/706 706/706/706 
f 706/706/706 706/706/706 715/715/715 
f 706/706/706 716/716/716 715/715/715 
f 715/715/715 716/716/716 716/716/716 
f 716/716/716 717/717/717 716/716/716 
f 716/716/716 717/717/717 717/717/717 
f 717/717/717 716/716/716 717/717/717 
f 717/717/717 716/716/716 718/718/718 
f 716/716/716 718/718/718 718/718/718 
f 718/718/718 718/718/718 719/719/719 
f 718/718/718 719/719/719 719/719/719 
f 719/719/719 719/719/719 720/720/720 
f 719/719/719 721/721/721 720/720/720 
f 720/720/720 721/721/721 722/722/722 
f 721/721/721 722/722/722 722/722/722 
f 722/722/722 722/722/722 723/723/723 
f 722/722/722 723/723/723 723/723/723 
f 723/723/723 723/723/723 724/724/724 
f 723/723/723 722/722/722 724/724/724 
f 724/724/724 722/722/722 722/722/722 
f 722/722/722 725/725/725 722/722/722 
f 722/722/722 725/725/725 725/725/725 
f 725/725/725 726/726/726 725/725/725 
f 725/725/725 726/726/726 722/722/722 
f 726/726/726 722/722/722 722/722/722 
f 722/722/722 722/722/722 727/727/727 
f 722/722/722 727/727/727 727/727/727 
f 727/727/727 727/727/727 728/728/728 
f 727/727/727 722/722/722 728/728/728 
f 728/728/728 722/722/722 722/722/722 
f 722/722/722 728/728/728 722/722/722 
f 722/722/722 728/728/728 728/728/728 
f 728/728/728 729/729/729 728/728/728 
f 728/728/728 729/729/729 730/730/730 
f 729/729/729 730/730/730 730/730/730 
f 730/730/730 730/730/730 731/731/731 
f 730/730/730 731/731/731 731/731/731 
f 731/731/731 731/731/731 732/732/732 
f 731/731/731 728/728/728 732/732/732 
f 732/732/732 728/728/728 733/733/733 
f 728/728/728 734/734/734 733/733/733 
f 733/733/733 734/734/734 734/734/734 
f 734/734/734 735/735/735 734/734/734 
f 734/734/734 735/735/735 735/735/735 
f 735/735/735 722/722/722 735/735/735 
f 735/735/735 722/722/722 734/734/734 
f 722/722/722 736/736/736 734/734/734 
f 734/734/734 736/736/736 736/736/736 
f 736/736/736 737/737/737 736/736/736 
f 736/736/736 737/737/737 737/737/737 
f 737/737/737 732/732/732 737/737/737 
f 737/737/737 732/732/732 738/738/738 
f 732/732/732 739/739/739 738/738/738 
f 738/738/738 739/739/739 739/739/739 
f 739/739/739 740/740/740 739/739/739 
f 739/739/739 740/740/740 740/740/740 
f 740/740/740 732/732/732 740/740/740 
f 740/740/740 732/732/732 741/741/741 
f 732/732/732 742/742/742 741/741/741 
f 741/741/741 742/742/742 741/741/741 
f 742/742/742 743/743/743 741/741/741 
f 741/741/741 743/743/743 744/744/744 
f 743/743/743 745/745/745 744/744/744 
f 744/744/744 745/745/745 746/746/746 
f 745/745/745 746/746/746 746/746/746 
f 746/746/746 746/746/746 741/741/741 
f 746/746/746 741/741/741 741/741/741 
f 741/741/741 741/741/741 747/747/747 
f 741/741/741 744/744/744 747/747/747 
f 747/747/747 744/744/744 744/744/744 
f 744/744/744 748/748/748 744/744/744 
f 744/744/744 748/748/748 748/748/748 
f 748/748/748 746/746/746 748/748/748 
f 748/748/748 746/746/746 749/749/749 
f 746/746/746 749/749/749 749/749/749 
f 749/749/749 749/749/749 750/750/750 
f 749/749/749 750/750/750 750/750/750 
f 750/750/750 750/750/750 751/751/751 
f 750/750/750 744/744/744 751/751/751 
f 751/751/751 744/744/744 744/744/744 
f 744/744/744 744/744/744 744/744/744 
f 744/744/744 744/744/744 744/744/744 
f 744/744/744 752/752/752 744/744/744 
f 744/744/744 752/752/752 753/753/753 
f 752/752/752 753/753/753 753/753/753 
f 753/753/753 753/753/753 754/754/754 
f 753/753/753 754/754/754 754/754/754 
f 754/754/754 754/754/754 752/752/752 
f 754/754/754 755/755/755 752/752/752 
f 752/752/752 755/755/755 756/756/756 
f 755/755/755 757/757/757 756/756/756 
f 756/756/756 757/757/757 758/758/758 
f 757/757/757 759/759/759 758/758/758 
f 758/758/758 759/759/759 759/759/759 
f 759/759/759 752/752/752 759/759/759 
f 759/759/759 752/752/752 752/752/752 
f 752/752/752 756/756/756 752/752/752 
f 752/752/752 756/756/756 760/760/760 
f 756/756/756 760/760/760 760/760/760 
f 760/760/760 760/760/760 755/755/755 
f 760/760/760 755/755/755 755/755/755 
f 755/755/755 755/755/755 757/757/757 
f 755/755/755 761/761/761 757/757/757 
f 757/757/757 761/761/761 757/757/757 
f 761/761/761 762/762/762 757/757/757 
f 757/757/757 762/762/762 763/763/763 
f 762/762/762 763/763/763 763/763/763 
f 763/763/763 763/763/763 756/756/756 
f 763/763/763 756/756/756 756/756/756 
f 756/756/756 756/756/756 764/764/764 
f 756/756/756 765/765/765 764/764/764 
f 764/764/764 765/765/765 765/765/765 
f 765/765/765 766/766/766 765/765/765 
f 765/765/765 766/766/766 766/766/766 
f 766/766/766 756/756/756 766/766/766 
f 766/766/766 756/756/756 767/767/767 
f 756/756/756 767/767/767 767/767/767 
f 767/767/767 767/767/767 768/768/768 
f 767/767/767 768/768/768 768/768/768 
f 768/768/768 768/768/768 769/769/769 
f 768/768/768 762/762/762 769/769/769 
f 769/769/769 762/762/762 762/762/762 
f 762/762/762 770/770/770 762/762/762 
f 762/762/762 770/770/770 770/770/770 
f 770/770/770 762/762/762 770/770/770 
f 770/770/770 762/762/762 771/771/771 
f 762/762/762 771/771/771 771/771/771 
f 771/771/771 771/771/771 772/772/772 
f 771/771/771 772/772/772 772/772/772 
f 772/772/772 772/772/772 773/773/773 
f 772/772/772 771/771/771 773/773/773 
f 773/773/773 771/771/771 771/771/771 
f 771/771/771 771/771/771 771/771/771 
f 771/771/771 771/771/771 771/771/771 
f 771/771/771 774/774/774 771/771/771 
f 771/771/771 774/774/774 775/775/775 
f 774/774/774 775/775/775 775/775/775 
f 775/775/775 775/775/775 776/776/776 
f 775/775/775 776/776/776 776/776/776 
f 776/776/776 776/776/776 775/775/775 
f 776/776/776 777/777/777 775/775/775 
f 775/775/775 777/777/777 778/778/778 
f 777/777/777 778/778/778 778/778/778 
f 778/778/778 778/778/778 778/778/778 
f 778/778/778 778/778/778 778/778/778 
f 778/778/778 778/778/778 779/779/779 
f 778/778/778 762/762/762 779/779/779 
f 779/779/779 762/762/762 780/780/780 
f 762/762/762 780/780/780 780/780/780 
f 780/780/780 780/780/780 781/781/781 
f 780/780/780 781/781/781 781/781/781 
f 781/781/781 781/781/781 782/782/782 
f 781/781/781 779/779/779 782/782/782 
f 782/782/782 779/779/779 779/779/779 
f 779/779/779 783/783/783 779/779/779 
f 779/779/779 783/783/783 783/783/783 
f 783/783/783 775/775/775 783/783/783 
f 783/783/783 775/775/775 784/784/784 
f 775/775/775 784/784/784 784/784/784 
f 784/784/784 784/784/784 785/785/785 
f 784/784/784 785/785/785 785/785/785 
f 785/785/785 785/785/785 786/786/786 
f 785/785/785 784/784/784 786/786/786 
f 786/786/786 784/784/784 784/784/784 
f 784/784/784 784/784/784 784/784/784 
f 784/784/784 784/784/784 784/784/784 
f 784/784/784 787/787/787 784/784/784 
f 784/784/784 787/787/787 788/788/788 
f 787/787/787 789/789/789 788/788/788 
f 788/788/788 789/789/789 790/790/790 
f 789/789/789 790/790/790 790/790/790 
f 790/790/790 790/790/790 791/791/791 
f 790/790/790 791/791/791 791/791/791 
f 791/791/791 791/791/791 788/788/788 
f 791/791/791 792/792/792 788/788/788 
f 788/788/788 792/792/792 792/792/792 
f 792/792/792 793/793/793 792/792/792 
f 792/792/792 793/793/793 793/793/793 
f 793/793/793 788/788/788 793/793/793 
f 793/793/793 788/788/788 794/794/794 
f 788/788/788 794/794/794 794/794/794 
f 794/794/794 794/794/794 795/795/795 
f 794/794/794 795/795/795 795/795/795 
f 795/795/795 795/795/795 796/796/796 
f 795/795/795 788/788/788 796/796/796 
f 796/796/796 788/788/788 788/788/788 
f 788/788/788 789/789/789 788/788/788 
f 788/788/788 789/789/789 789/789/789 
f 789/789/789 797/797/797 789/789/789 
f 789/789/789 797/797/797 796/796/796 
f 797/797/797 798/798/798 796/796/796 
f 796/796/796 798/798/798 799/799/799 
f 798/798/798 799/799/799 799/799/799 
f 799/799/799 799/799/799 797/797/797 
f 799/799/799 797/797/797 797/797/797 
f 797/797/797 797/797/797 798/798/798 
f 797/797/797 800/800/800 798/798/798 
f 798/798/798 800/800/800 798/798/798 
f 800/800/800 801/801/801 798/798/798 
f 798/798/798 801/801/801 802/802/802 
f 801/801/801 803/803/803 802/802/802 
f 802/802/802 803/803/803 803/803/803 
f 803/803/803 804/804/804 803/803/803 
f 803/803/803 804/804/804 804/804/804 
f 804/804/804 805/805/805 804/804/804 
f 804/804/804 805/805/805 802/802/802 
f 805/805/805 802/802/802 802/802/802 
f 802/802/802 802/802/802 806/806/806 
f 802/802/802 806/806/806 806/806/806 
f 806/806/806 806/806/806 798/798/798 
f 806/806/806 807/807/807 798/798/798 
f 798/798/798 807/807/807 807/807/807 
f 807/807/807 808/808/808 807/807/807 
f 807/807/807 808/808/808 808/808/808 
f 808/808/808 806/806/806 808/808/808 
f 808/808/808 806/806/806 809/809/809 
f 806/806/806 803/803/803 809/809/809 
f 809/809/809 803/803/803 810/810/810 
f 803/803/803 810/810/810 810/810/810 
f 810/810/810 810/810/810 811/811/811 
f 810/810/810 811/811/811 811/811/811 
f 811/811/811 811/811/811 809/809/809 
f 811/811/811 812/812/812 809/809/809 
f 809/809/809 812/812/812 812/812/812 
f 812/812/812 813/813/813 812/812/812 
f 812/812/812 813/813/813 813/813/813 
f 813/813/813 809/809/809 813/813/813 
f 813/813/813 809/809/809 814/814/814 
f 809/809/809 815/815/815 814/814/814 
f 814/814/814 815/815/815 814/814/814 
f 815/815/815 816/816/816 814/814/814 
f 814/814/814 816/816/816 817/817/817 
f 816/816/816 818/818/818 817/817/817 
f 817/817/817 818/818/818 819/819/819 
f 818/818/818 819/819/819 819/819/819 
f 819/819/819 819/819/819 817/817/817 
f 819/819/819 817/817/817 817/817/817 
f 817/817/817 817/817/817 814/814/814 
f 817/817/817 820/820/820 814/814/814 
f 814/814/814 820/820/820 820/820/820 
f 820/820/820 816/816/816 820/820/820 
f 820/820/820 816/816/816 816/816/816 
f 816/816/816 821/821/821 816/816/816 
f 816/816/816 821/821/821 818/818/818 
f 821/821/821 822/822/822 818/818/818 
f 818/818/818 822/822/822 822/822/822 
f 822/822/822 822/822/822 822/822/822 
f 822/822/822 822/822/822 822/822/822 
f 822/822/822 823/823/823 822/822/822 
f 822/822/822 823/823/823 824/824/824 
f 823/823/823 824/824/824 824/824/824 
f 824/824/824 824/824/824 825/825/825 
f 824/824/824 825/825/825 825/825/825 
f 825/825/825 825/825/825 822/822/822 
f 825/825/825 826/826/826 822/822/822 
f 822/822/822 826/826/826 826/826/826 
f 826/826/826 827/827/827 826/826/826 
f 826/826/826 827/827/827 827/827/827 
f 827/827/827 826/826/826 827/827/827 
f 827/827/827 826/826/826 828/828/828 
f 826/826/826 828/828/828 828/828/828 
f 828/828/828 828/828/828 829/829/829 
f 828/828/828 829/829/829 829/829/829 
f 829/829/829 829/829/829 814/814/814 
f 829/829/829 830/830/830 814/814/814 
f 814/814/814 830/830/830 830/830/830 
f 830/830/830 831/831/831 830/830/830 
f 830/830/830 831/831/831 831/831/831 
f 831/831/831 832/832/832 831/831/831 
f 831/831/831 832/832/832 817/817/817 
f 832/832/832 817/817/817 817/817/817 
f 817/817/817 817/817/817 833/833/833 
f 817/817/817 833/833/833 833/833/833 
f 833/833/833 833/833/833 817/817/817 
f 833/833/833 834/834/834 817/817/817 
f 817/817/817 834/834/834 834/834/834 
f 834/834/834 835/835/835 834/834/834 
f 834/834/834 835/835/835 835/835/835 
f 835/835/835 836/836/836 835/835/835 
f 835/835/835 836/836/836 837/837/837 
f 836/836/836 837/837/837 837/837/837 
f 837/837/837 837/837/837 838/838/838 
f 837/837/837 838/838/838 838/838/838 
f 838/838/838 838/838/838 839/839/839 
f 838/838/838 836/836/836 839/839/839 
f 839/839/839 836/836/836 836/836/836 
f 836/836/836 840/840/840 836/836/836 
f 836/836/836 840/840/840 840/840/840 
f 840/840/840 841/841/841 840/840/840 
f 840/840/840 841/841/841 836/836/836 
f 841/841/841 842/842/842 836/836/836 
f 836/836/836 842/842/842 842/842/842 
f 842/842/842 842/842/842 842/842/842 
f 842/842/842 842/842/842 842/842/842 
f 842/842/842 843/843/843 842/842/842 
f 842/842/842 843/843/843 844/844/844 
f 843/843/843 844/844/844 844/844/844 
f 844/844/844 844/844/844 845/845/845 
f 844/844/844 845/845/845 845/845/845 
f 845/845/845 845/845/845 846/846/846 
f 845/845/845 836/836/836 846/846/846 
f 846/846/846 836/836/836 608/608/608 
f 836/836/836 608/608/608 608/608/608 
f 608/608/608 608/608/608 847/847/847 
f 608/608/608 847/847/847 847/847/847 
f 847/847/847 847/847/847 848/848/848 
f 847/847/847 846/846/846 848/848/848 
f 848/848/848 846/846/846 846/846/846 
f 846/846/846 849/849/849 846/846/846 
f 846/846/846 849/849/849 849/849/849 
f 849/849/849 850/850/850 849/849/849 
f 849/849/849 850/850/850 851/851/851 
f 850/850/850 851/851/851 851/851/851 
f 851/851/851 851/851/851 852/852/852 
f 851/851/851 852/852/852 852/852/852 
f 852/852/852 852/852/852 853/853/853 
f 852/852/852 850/850/850 853/853/853 
f 853/853/853 850/850/850 850/850/850 
f 850/850/850 854/854/854 850/850/850 
f 850/850/850 854/854/854 854/854/854 
f 854/854/854 850/850/850 854/854/854 
f 854/854/854 850/850/850 855/855/855 
f 850/850/850 856/856/856 855/855/855 
f 855/855/855 856/856/856 856/856/856 
f 856/856/856 857/857/857 856/856/856 
f 856/856/856 857/857/857 857/857/857 
f 857/857/857 858/858/858 857/857/857 
f 857/857/857 858/858/858 856/856/856 
f 858/858/858 856/856/856 856/856/856 
f 856/856/856 856/856/856 859/859/859 
f 856/856/856 859/859/859 859/859/859 
f 859/859/859 859/859/859 850/850/850 
f 859/859/859 860/860/860 850/850/850 
f 850/850/850 860/860/860 725/725/725 
f 860/860/860 725/725/725 725/725/725 
f 725/725/725 725/725/725 861/861/861 
f 725/725/725 861/861/861 861/861/861 
f 861/861/861 861/861/861 862/862/862 
f 861/861/861 860/860/860 862/862/862 
f 862/862/862 860/860/860 860/860/860 
f 860/860/860 863/863/863 860/860/860 
f 860/860/860 863/863/863 863/863/863 
f 863/863/863 864/864/864 863/863/863 
f 863/863/863 864/864/864 865/865/865 
f 864/864/864 865/865/865 865/865/865 
f 865/865/865 865/865/865 866/866/866 
f 865/865/865 866/866/866 866/866/866 
f 866/866/866 866/866/866 867/867/867 
f 866/866/866 868/868/868 867/867/867 
f 867/867/867 868/868/868 868/868/868 
f 868/868/868 869/869/869 868/868/868 
f 868/868/868 869/869/869 869/869/869 
f 869/869/869 870/870/870 869/869/869 
f 869/869/869 870/870/870 871/871/871 
f 870/870/870 871/871/871 871/871/871 
f 871/871/871 871/871/871 869/869/869 
f 871/871/871 869/869/869 869/869/869 
f 869/869/869 869/869/869 872/872/872 
f 869/869/869 873/873/873 872/872/872 
f 872/872/872 873/873/873 873/873/873 
f 873/873/873 874/874/874 873/873/873 
f 873/873/873 874/874/874 874/874/874 
f 874/874/874 870/870/870 874/874/874 
f 874/874/874 870/870/870 875/875/875 
f 870/870/870 875/875/875 875/875/875 
f 875/875/875 875/875/875 876/876/876 
f 875/875/875 876/876/876 876/876/876 
f 876/876/876 876/876/876 877/877/877 
f 876/876/876 878/878/878 877/877/877 
f 877/877/877 878/878/878 878/878/878 
f 878/878/878 879/879/879 878/878/878 
f 878/878/878 879/879/879 879/879/879 
f 879/879/879 878/878/878 879/879/879 
f 879/879/879 878/878/878 880/880/880 
f 878/878/878 880/880/880 880/880/880 
f 880/880/880 880/880/880 881/881/881 
f 880/880/880 881/881/881 881/881/881 
f 881/881/881 881/881/881 877/877/877 
f 881/881/881 882/882/882 877/877/877 
f 877/877/877 882/882/882 882/882/882 
f 882/882/882 883/883/883 882/882/882 
f 882/882/882 883/883/883 883/883/883 
f 883/883/883 884/884/884 883/883/883 
f 883/883/883 884/884/884 885/885/885 
f 884/884/884 885/885/885 885/885/885 
f 885/885/885 885/885/885 886/886/886 
f 885/885/885 886/886/886 886/886/886 
f 886/886/886 886/886/886 887/887/887 
f 886/886/886 888/888/888 887/887/887 
f 887/887/887 888/888/888 888/888/888 
f 888/888/888 889/889/889 888/888/888 
f 888/888/888 889/889/889 889/889/889 
f 889/889/889 656/656/656 889/889/889 
f 889/889/889 656/656/656 890/890/890 
f 656/656/656 891/891/891 890/890/890 
f 890/890/890 891/891/891 891/891/891 
f 891/891/891 892/892/892 891/891/891 
f 891/891/891 892/892/892 892/892/892 
f 892/892/892 890/890/890 892/892/892 
f 892/892/892 890/890/890 893/893/893 
f 890/890/890 893/893/893 893/893/893 
f 893/893/893 893/893/893 894/894/894 
f 893/893/893 894/894/894 894/894/894 
f 894/894/894 894/894/894 775/775/775 
f 894/894/894 895/895/895 775/775/775 
f 775/775/775 895/895/895 896/896/896 
f 895/895/895 896/896/896 896/896/896 
f 896/896/896 896/896/896 897/897/897 
f 896/896/896 897/897/897 897/897/897 
f 897/897/897 897/897/897 898/898/898 
f 897/897/897 895/895/895 898/898/898 
f 898/898/898 895/895/895 895/895/895 
f 895/895/895 899/899/899 895/895/895 
f 895/895/895 899/899/899 899/899/899 
f 899/899/899 900/900/900 899/899/899 
f 899/899/899 900/900/900 796/796/796 
f 900/900/900 796/796/796 796/796/796 
f 796/796/796 796/796/796 901/901/901 
f 796/796/796 901/901/901 901/901/901 
f 901/901/901 901/901/901 902/902/902 
f 901/901/901 903/903/903 902/902/902 
f 902/902/902 903/903/903 904/904/904 
f 903/903/903 904/904/904 904/904/904 
f 904/904/904 904/904/904 905/905/905 
f 904/904/904 905/905/905 905/905/905 
f 905/905/905 905/905/905 906/906/906 
f 905/905/905 904/904/904 906/906/906 
f 906/906/906 904/904/904 904/904/904 
f 904/904/904 907/907/907 904/904/904 
f 904/904/904 907/907/907 907/907/907 
f 907/907/907 908/908/908 907/907/907 
f 907/907/907 908/908/908 904/904/904 
f 908/908/908 904/904/904 904/904/904 
f 904/904/904 904/904/904 909/909/909 
f 904/904/904 909/909/909 909/909/909 
f 909/909/909 909/909/909 910/910/910 
f 909/909/909 904/904/904 910/910/910 
f 910/910/910 904/904/904 904/904/904 
f 904/904/904 910/910/910 904/904/904 
f 904/904/904 910/910/910 910/910/910 
f 910/910/910 911/911/911 910/910/910 
f 910/910/910 911/911/911 912/912/912 
f 911/911/911 912/912/912 912/912/912 
f 912/912/912 912/912/912 913/913/913 
f 912/912/912 913/913/913 913/913/913 
f 913/913/913 913/913/913 914/914/914 
f 913/913/913 910/910/910 914/914/914 
f 914/914/914 910/910/910 915/915/915 
f 910/910/910 916/916/916 915/915/915 
f 915/915/915 916/916/916 916/916/916 
f 916/916/916 917/917/917 916/916/916 
f 916/916/916 917/917/917 917/917/917 
f 917/917/917 904/904/904 917/917/917 
f 917/917/917 904/904/904 916/916/916 
f 904/904/904 918/918/918 916/916/916 
f 916/916/916 918/918/918 918/918/918 
f 918/918/918 919/919/919 918/918/918 
f 918/918/918 919/919/919 919/919/919 
f 919/919/919 914/914/914 919/919/919 
f 919/919/919 914/914/914 920/920/920 
f 914/914/914 921/921/921 920/920/920 
f 920/920/920 921/921/921 921/921/921 
f 921/921/921 922/922/922 921/921/921 
f 921/921/921 922/922/922 922/922/922 
f 922/922/922 914/914/914 922/922/922 
f 922/922/922 914/914/914 923/923/923 
f 914/914/914 924/924/924 923/923/923 
f 923/923/923 924/924/924 923/923/923 
f 924/924/924 925/925/925 923/923/923 
f 923/923/923 925/925/925 926/926/926 
f 925/925/925 927/927/927 926/926/926 
f 926/926/926 927/927/927 928/928/928 
f 927/927/927 928/928/928 928/928/928 
f 928/928/928 928/928/928 923/923/923 
f 928/928/928 923/923/923 923/923/923 
f 923/923/923 923/923/923 929/929/929 
f 923/923/923 926/926/926 929/929/929 
f 929/929/929 926/926/926 926/926/926 
f 926/926/926 930/930/930 926/926/926 
f 926/926/926 930/930/930 930/930/930 
f 930/930/930 928/928/928 930/930/930 
f 930/930/930 928/928/928 931/931/931 
f 928/928/928 931/931/931 931/931/931 
f 931/931/931 931/931/931 932/932/932 
f 931/931/931 932/932/932 932/932/932 
f 932/932/932 932/932/932 933/933/933 
f 932/932/932 926/926/926 933/933/933 
f 933/933/933 926/926/926 926/926/926 
f 926/926/926 926/926/926 926/926/926 
f 926/926/926 926/926/926 926/926/926 
f 926/926/926 934/934/934 926/926/926 
f 926/926/926 934/934/934 935/935/935 
f 934/934/934 935/935/935 935/935/935 
f 935/935/935 935/935/935 936/936/936 
f 935/935/935 936/936/936 936/936/936 
f 936/936/936 936/936/936 934/934/934 
f 936/936/936 937/937/937 934/934/934 
f 934/934/934 937/937/937 938/938/938 
f 937/937/937 939/939/939 938/938/938 
f 938/938/938 939/939/939 940/940/940 
f 939/939/939 941/941/941 940/940/940 
f 940/940/940 941/941/941 941/941/941 
f 941/941/941 934/934/934 941/941/941 
f 941/941/941 934/934/934 934/934/934 
f 934/934/934 938/938/938 934/934/934 
f 934/934/934 938/938/938 942/942/942 
f 938/938/938 942/942/942 942/942/942 
f 942/942/942 942/942/942 937/937/937 
f 942/942/942 937/937/937 937/937/937 
f 937/937/937 937/937/937 939/939/939 
f 937/937/937 943/943/943 939/939/939 
f 939/939/939 943/943/943 939/939/939 
f 943/943/943 944/944/944 939/939/939 
f 939/939/939 944/944/944 945/945/945 
f 944/944/944 945/945/945 945/945/945 
f 945/945/945 945/945/945 938/938/938 
f 945/945/945 938/938/938 938/938/938 
f 938/938/938 938/938/938 946/946/946 
f 938/938/938 947/947/947 946/946/946 
f 946/946/946 947/947/947 947/947/947 
f 947/947/947 948/948/948 947/947/947 
f 947/947/947 948/948/948 948/948/948 
f 948/948/948 938/938/938 948/948/948 
f 948/948/948 938/938/938 949/949/949 
f 938/938/938 949/949/949 949/949/949 
f 949/949/949 949/949/949 950/950/950 
f 949/949/949 950/950/950 950/950/950 
f 950/950/950 950/950/950 951/951/951 
f 950/950/950 944/944/944 951/951/951 
f 951/951/951 944/944/944 944/944/944 
f 944/944/944 952/952/952 944/944/944 
f 944/944/944 952/952/952 952/952/952 
f 952/952/952 944/944/944 952/952/952 
f 952/952/952 944/944/944 953/953/953 
f 944/944/944 953/953/953 953/953/953 
f 953/953/953 953/953/953 954/954/954 
f 953/953/953 954/954/954 954/954/954 
f 954/954/954 954/954/954 955/955/955 
f 954/954/954 953/953/953 955/955/955 
f 955/955/955 953/953/953 953/953/953 
f 953/953/953 953/953/953 953/953/953 
f 953/953/953 953/953/953 953/953/953 
f 953/953/953 956/956/956 953/953/953 
f 953/953/953 956/956/956 957/957/957 
f 956/956/956 957/957/957 957/957/957 
f 957/957/957 957/957/957 958/958/958 
f 957/957/957 958/958/958 958/958/958 
f 958/958/958 958/958/958 957/957/957 
f 958/958/958 959/959/959 957/957/957 
f 957/957/957 959/959/959 960/960/960 
f 959/959/959 960/960/960 960/960/960 
f 960/960/960 960/960/960 960/960/960 
f 960/960/960 960/960/960 960/960/960 
f 960/960/960 960/960/960 961/961/961 
f 960/960/960 944/944/944 961/961/961 
f 961/961/961 944/944/944 962/962/962 
f 944/944/944 962/962/962 962/962/962 
f 962/962/962 962/962/962 963/963/963 
f 962/962/962 963/963/963 963/963/963 
f 963/963/963 963/963/963 964/964/964 
f 963/963/963 961/961/961 964/964/964 
f 964/964/964 961/961/961 961/961/961 
f 961/961/961 965/965/965 961/961/961 
f 961/961/961 965/965/965 965/965/965 
f 965/965/965 957/957/957 965/965/965 
f 965/965/965 957/957/957 966/966/966 
f 957/957/957 966/966/966 966/966/966 
f 966/966/966 966/966/966 967/967/967 
f 966/966/966 967/967/967 967/967/967 
f 967/967/967 967/967/967 968/968/968 
f 967/967/967 966/966/966 968/968/968 
f 968/968/968 966/966/966 966/966/966 
f 966/966/966 966/966/966 966/966/966 
f 966/966/966 966/966/966 966/966/966 
f 966/966/966 969/969/969 966/966/966 
f 966/966/966 969/969/969 970/970/970 
f 969/969/969 971/971/971 970/970/970 
f 970/970/970 971/971/971 972/972/972 
f 971/971/971 972/972/972 972/972/972 
f 972/972/972 972/972/972 973/973/973 
f 972/972/972 973/973/973 973/973/973 
f 973/973/973 973/973/973 970/970/970 
f 973/973/973 974/974/974 970/970/970 
f 970/970/970 974/974/974 974/974/974 
f 974/974/974 975/975/975 974/974/974 
f 974/974/974 975/975/975 975/975/975 
f 975/975/975 970/970/970 975/975/975 
f 975/975/975 970/970/970 976/976/976 
f 970/970/970 976/976/976 976/976/976 
f 976/976/976 976/976/976 977/977/977 
f 976/976/976 977/977/977 977/977/977 
f 977/977/977 977/977/977 978/978/978 
f 977/977/977 970/970/970 978/978/978 
f 978/978/978 970/970/970 970/970/970 
f 970/970/970 971/971/971 970/970/970 
f 970/970/970 971/971/971 971/971/971 
f 971/971/971 979/979/979 971/971/971 
f 971/971/971 979/979/979 978/978/978 
f 979/979/979 980/980/980 978/978/978 
f 978/978/978 980/980/980 981/981/981 
f 980/980/980 981/981/981 981/981/981 
f 981/981/981 981/981/981 979/979/979 
f 981/981/981 979/979/979 979/979/979 
f 979/979/979 979/979/979 980/980/980 
f 979/979/979 982/982/982 980/980/980 
f 980/980/980 982/982/982 980/980/980 
f 982/982/982 983/983/983 980/980/980 
f 980/980/980 983/983/983 984/984/984 
f 983/983/983 985/985/985 984/984/984 
f 984/984/984 985/985/985 985/985/985 
f 985/985/985 986/986/986 985/985/985 
f 985/985/985 986/986/986 986/986/986 
f 986/986/986 987/987/987 986/986/986 
f 986/986/986 987/987/987 984/984/984 
f 987/987/987 984/984/984 984/984/984 
f 984/984/984 984/984/984 988/988/988 
f 984/984/984 988/988/988 988/988/988 
f 988/988/988 988/988/988 980/980/980 
f 988/988/988 989/989/989 980/980/980 
f 980/980/980 989/989/989 989/989/989 
f 989/989/989 990/990/990 989/989/989 
f 989/989/989 990/990/990 990/990/990 
f 990/990/990 988/988/988 990/990/990 
f 990/990/990 988/988/988 991/991/991 
f 988/988/988 985/985/985 991/991/991 
f 991/991/991 985/985/985 992/992/992 
f 985/985/985 992/992/992 992/992/992 
f 992/992/992 992/992/992 993/993/993 
f 992/992/992 993/993/993 993/993/993 
f 993/993/993 993/993/993 991/991/991 
f 993/993/993 994/994/994 991/991/991 
f 991/991/991 994/994/994 994/994/994 
f 994/994/994 995/995/995 994/994/994 
f 994/994/994 995/995/995 995/995/995 
f 995/995/995 991/991/991 995/995/995 
f 995/995/995 991/991/991 996/996/996 
f 991/991/991 997/997/997 996/996/996 
f 996/996/996 997/997/997 996/996/996 
f 997/997/997 998/998/998 996/996/996 
f 996/996/996 998/998/998 999/999/999 
f 998/998/998 1000/1000/1000 999/999/999 
f 999/999/999 1000/1000/1000 1001/1001/1001 
f 1000/1000/1000 1001/1001/1001 1001/1001/1001 
f 1001/1001/1001 1001/1001/1001 999/999/999 
f 1001/1001/1001 999/999/999 999/999/999 
f 999/999/999 999/999/999 996/996/996 
f 999/999/999 1002/1002/1002 996/996/996 
f 996/996/996 1002/1002/1002 1002/1002/1002 
f 1002/1002/1002 998/998/998 1002/1002/1002 
f 1002/1002/1002 998/998/998 998/998/998 
f 998/998/998 1003/1003/1003 998/998/998 
f 998/998/998 1003/1003/1003 1000/1000/1000 
f 1003/1003/1003 1004/1004/1004 1000/1000/1000 
f 1000/1000/1000 1004/1004/1004 1004/1004/1004 
f 1004/1004/1004 1004/1004/1004 1004/1004/1004 
f 1004/1004/1004 1004/1004/1004 1004/1004/1004 
f 1004/1004/1004 1005/1005/1005 1004/1004/1004 
f 1004/1004/1004 1005/1005/1005 1006/1006/1006 
f 1005/1005/1005 1006/1006/1006 1006/1006/1006 
f 1006/1006/1006 1006/1006/1006 1007/1007/1007 
f 1006/1006/1006 1007/1007/1007 1007/1007/1007 
f 1007/1007/1007 1007/1007/1007 1004/1004/1004 
f 1007/1007/1007 1008/1008/1008 1004/1004/1004 
f 1004/1004/1004 1008/1008/1008 1008/1008/1008 
f 1008/1008/1008 1009/1009/1009 1008/1008/1008 
f 1008/1008/1008 1009/1009/1009 1009/1009/1009 
f 1009/1009/1009 1008/1008/1008 1009/1009/1009 
f 1009/1009/1009 1008/1008/1008 1010/1010/1010 
f 1008/1008/1008 1010/1010/1010 1010/1010/1010 
f 1010/1010/1010 1010/1010/1010 1011/1011/1011 
f 1010/1010/1010 1011/1011/1011 1011/1011/1011 
f 1011/1011/1011 1011/1011/1011 996/996/996 
f 1011/1011/1011 1012/1012/1012 996/996/996 
f 996/996/996 1012/1012/1012 1012/1012/1012 
f 1012/1012/1012 1013/1013/1013 1012/1012/1012 
f 1012/1012/1012 1013/1013/1013 1013/1013/1013 
f 1013/1013/1013 1014/1014/1014 1013/1013/1013 
f 1013/1013/1013 1014/1014/1014 999/999/999 
f 1014/1014/1014 999/999/999 999/999/999 
f 999/999/999 999/999/999 1015/1015/1015 
f 999/999/999 1015/1015/1015 1015/1015/1015 
f 1015/1015/1015 1015/1015/1015 999/999/999 
f 1015/1015/1015 1016/1016/1016 999/999/999 
f 999/999/999 1016/1016/1016 1016/1016/1016 
f 1016/1016/1016 1017/1017/1017 1016/1016/1016 
f 1016/1016/1016 1017/1017/1017 1017/1017/1017 
f 1017/1017/1017 1018/1018/1018 1017/1017/1017 
f 1017/1017/1017 1018/1018/1018 1019/1019/1019 
f 1018/1018/1018 1020/1020/1020 1019/1019/1019 
f 1019/1019/1019 1020/1020/1020 1020/1020/1020 
f 1020/1020/1020 1021/1021/1021 1020/1020/1020 
f 1020/1020/1020 1021/1021/1021 1021/1021/1021 
f 1021/1021/1021 1020/1020/1020 1021/1021/1021 
f 1021/1021/1021 1020/1020/1020 1022/1022/1022 
f 1020/1020/1020 1022/1022/1022 1022/1022/1022 
f 1022/1022/1022 1022/1022/1022 1020/1020/1020 
f 1022/1022/1022 1020/1020/1020 1020/1020/1020 
f 1020/1020/1020 1020/1020/1020 1023/1023/1023 
f 1020/1020/1020 1024/1024/1024 1023/1023/1023 
f 1023/1023/1023 1024/1024/1024 1024/1024/1024 
f 1024/1024/1024 1025/1025/1025 1024/1024/1024 
f 1024/1024/1024 1025/1025/1025 1025/1025/1025 
f 1025/1025/1025 1020/1020/1020 1025/1025/1025 
f 1025/1025/1025 1020/1020/1020 1026/1026/1026 
f 1020/1020/1020 1026/1026/1026 1026/1026/1026 
f 1026/1026/1026 1026/1026/1026 1027/1027/1027 
f 1026/1026/1026 1027/1027/1027 1027/1027/1027 
f 1027/1027/1027 1027/1027/1027 1025/1025/1025 
f 1027/1027/1027 1028/1028/1028 1025/1025/1025 
f 1025/1025/1025 1028/1028/1028 1028/1028/1028 
f 1028/1028/1028 1029/1029/1029 1028/1028/1028 
f 1028/1028/1028 1029/1029/1029 1029/1029/1029 
f 1029/1029/1029 1030/1030/1030 1029/1029/1029 
f 1029/1029/1029 1030/1030/1030 1025/1025/1025 
f 1030/1030/1030 1031/1031/1031 1025/1025/1025 
f 1025/1025/1025 1031/1031/1031 1032/1032/1032 
f 1031/1031/1031 1032/1032/1032 1032/1032/1032 
f 1032/1032/1032 1032/1032/1032 1033/1033/1033 
f 1032/1032/1032 1033/1033/1033 1033/1033/1033 
f 1033/1033/1033 1033/1033/1033 1032/1032/1032 
f 1033/1033/1033 1020/1020/1020 1032/1032/1032 
f 1032/1032/1032 1020/1020/1020 1034/1034/1034 
f 1020/1020/1020 1034/1034/1034 1034/1034/1034 
f 1034/1034/1034 1034/1034/1034 1035/1035/1035 
f 1034/1034/1034 1035/1035/1035 1035/1035/1035 
f 1035/1035/1035 1035/1035/1035 1030/1030/1030 
f 1035/1035/1035 1036/1036/1036 1030/1030/1030 
f 1030/1030/1030 1036/1036/1036 1037/1037/1037 
f 1036/1036/1036 1037/1037/1037 1037/1037/1037 
f 1037/1037/1037 1037/1037/1037 1038/1038/1038 
f 1037/1037/1037 1038/1038/1038 1038/1038/1038 
f 1038/1038/1038 1038/1038/1038 1030/1030/1030 
f 1038/1038/1038 1039/1039/1039 1030/1030/1030 
f 1030/1030/1030 1039/1039/1039 1040/1040/1040 
f 1039/1039/1039 1039/1039/1039 1040/1040/1040 
f 1040/1040/1040 1039/1039/1039 1041/1041/1041 
f 1039/1039/1039 1042/1042/1042 1041/1041/1041 
f 1041/1041/1041 1042/1042/1042 1043/1043/1043 
f 1042/1042/1042 1044/1044/1044 1043/1043/1043 
f 1043/1043/1043 1044/1044/1044 1044/1044/1044 
f 1044/1044/1044 1045/1045/1045 1044/1044/1044 
f 1044/1044/1044 1045/1045/1045 1045/1045/1045 
f 1045/1045/1045 1042/1042/1042 1045/1045/1045 
f 1045/1045/1045 1042/1042/1042 1039/1039/1039 
f 1042/1042/1042 1039/1039/1039 1039/1039/1039 
f 1039/1039/1039 1039/1039/1039 1046/1046/1046 
f 1039/1039/1039 1046/1046/1046 1046/1046/1046 
f 1046/1046/1046 1046/1046/1046 1047/1047/1047 
f 1046/1046/1046 1044/1044/1044 1047/1047/1047 
f 1047/1047/1047 1044/1044/1044 1044/1044/1044 
f 1044/1044/1044 1048/1048/1048 1044/1044/1044 
f 1044/1044/1044 1048/1048/1048 1048/1048/1048 
f 1048/1048/1048 1042/1042/1042 1048/1048/1048 
f 1048/1048/1048 1042/1042/1042 1049/1049/1049 
f 1042/1042/1042 1049/1049/1049 1049/1049/1049 
f 1049/1049/1049 1049/1049/1049 1050/1050/1050 
f 1049/1049/1049 1050/1050/1050 1050/1050/1050 
f 1050/1050/1050 1050/1050/1050 1042/1042/1042 
f 1050/1050/1050 1051/1051/1051 1042/1042/1042 
f 1042/1042/1042 1051/1051/1051 1051/1051/1051 
f 1051/1051/1051 1052/1052/1052 1051/1051/1051 
f 1051/1051/1051 1052/1052/1052 1052/1052/1052 
f 1052/1052/1052 1051/1051/1051 1052/1052/1052 
f 1052/1052/1052 1051/1051/1051 1053/1053/1053 
f 1051/1051/1051 1054/1054/1054 1053/1053/1053 
f 1053/1053/1053 1054/1054/1054 1055/1055/1055 
f 1054/1054/1054 1056/1056/1056 1055/1055/1055 
f 1055/1055/1055 1056/1056/1056 1057/1057/1057 
f 1056/1056/1056 1057/1057/1057 1057/1057/1057 
f 1057/1057/1057 1057/1057/1057 1058/1058/1058 
f 1057/1057/1057 1058/1058/1058 1058/1058/1058 
f 1058/1058/1058 1058/1058/1058 1051/1051/1051 
f 1058/1058/1058 1054/1054/1054 1051/1051/1051 
f 1051/1051/1051 1054/1054/1054 1054/1054/1054 
f 1054/1054/1054 1053/1053/1053 1054/1054/1054 
f 1054/1054/1054 1053/1053/1053 1053/1053/1053 
f 1053/1053/1053 1055/1055/1055 1053/1053/1053 
f 1053/1053/1053 1055/1055/1055 1059/1059/1059 
f 1055/1055/1055 1055/1055/1055 1059/1059/1059 
f 1059/1059/1059 1055/1055/1055 1060/1060/1060 
f 1055/1055/1055 1061/1061/1061 1060/1060/1060 
f 1060/1060/1060 1061/1061/1061 1061/1061/1061 
f 1061/1061/1061 1062/1062/1062 1061/1061/1061 
f 1061/1061/1061 1062/1062/1062 1062/1062/1062 
f 1062/1062/1062 1063/1063/1063 1062/1062/1062 
f 1062/1062/1062 1063/1063/1063 1054/1054/1054 
f 1063/1063/1063 1054/1054/1054 1054/1054/1054 
f 1054/1054/1054 1054/1054/1054 1064/1064/1064 
f 1054/1054/1054 1064/1064/1064 1064/1064/1064 
f 1064/1064/1064 1064/1064/1064 1065/1065/1065 
f 1064/1064/1064 1054/1054/1054 1065/1065/1065 
f 1065/1065/1065 1054/1054/1054 1054/1054/1054 
f 1054/1054/1054 1066/1066/1066 1054/1054/1054 
f 1054/1054/1054 1066/1066/1066 1066/1066/1066 
f 1066/1066/1066 1060/1060/1060 1066/1066/1066 
f 1066/1066/1066 1060/1060/1060 1067/1067/1067 
f 1060/1060/1060 1067/1067/1067 1067/1067/1067 
f 1067/1067/1067 1067/1067/1067 1068/1068/1068 
f 1067/1067/1067 1068/1068/1068 1068/1068/1068 
f 1068/1068/1068 1068/1068/1068 1069/1069/1069 
f 1068/1068/1068 1060/1060/1060 1069/1069/1069 
f 1069/1069/1069 1060/1060/1060 1060/1060/1060 
f 1060/1060/1060 1070/1070/1070 1060/1060/1060 
f 1060/1060/1060 1070/1070/1070 1070/1070/1070 
f 1070/1070/1070 1068/1068/1068 1070/1070/1070 
f 1070/1070/1070 1068/1068/1068 1071/1071/1071 
f 1068/1068/1068 1071/1071/1071 1071/1071/1071 
f 1071/1071/1071 1071/1071/1071 1072/1072/1072 
f 1071/1071/1071 1072/1072/1072 1072/1072/1072 
f 1072/1072/1072 1072/1072/1072 1068/1068/1068 
f 1072/1072/1072 1073/1073/1073 1068/1068/1068 
f 1068/1068/1068 1073/1073/1073 1073/1073/1073 
f 1073/1073/1073 1074/1074/1074 1073/1073/1073 
f 1073/1073/1073 1074/1074/1074 1074/1074/1074 
f 1074/1074/1074 1072/1072/1072 1074/1074/1074 
f 1074/1074/1074 1072/1072/1072 1075/1075/1075 
f 1072/1072/1072 1076/1076/1076 1075/1075/1075 
f 1075/1075/1075 1076/1076/1076 1076/1076/1076 
f 1076/1076/1076 1076/1076/1076 1076/1076/1076 
f 1076/1076/1076 1076/1076/1076 1076/1076/1076 
f 1076/1076/1076 1077/1077/1077 1076/1076/1076 
f 1076/1076/1076 1077/1077/1077 1060/1060/1060 
f 1077/1077/1077 1078/1078/1078 1060/1060/1060 
f 1060/1060/1060 1078/1078/1078 1078/1078/1078 
f 1078/1078/1078 1079/1079/1079 1078/1078/1078 
f 1078/1078/1078 1079/1079/1079 1079/1079/1079 
f 1079/1079/1079 1077/1077/1077 1079/1079/1079 
f 1079/1079/1079 1077/1077/1077 1080/1080/1080 
f 1077/1077/1077 1080/1080/1080 1080/1080/1080 
f 1080/1080/1080 1080/1080/1080 1081/1081/1081 
f 1080/1080/1080 1081/1081/1081 1081/1081/1081 
f 1081/1081/1081 1081/1081/1081 1082/1082/1082 
f 1081/1081/1081 1072/1072/1072 1082/1082/1082 
f 1082/1082/1082 1072/1072/1072 1072/1072/1072 
f 1072/1072/1072 1083/1083/1083 1072/1072/1072 
f 1072/1072/1072 1083/1083/1083 1083/1083/1083 
f 1083/1083/1083 1081/1081/1081 1083/1083/1083 
f 1083/1083/1083 1081/1081/1081 1084/1084/1084 
f 1081/1081/1081 1084/1084/1084 1084/1084/1084 
f 1084/1084/1084 1084/1084/1084 1081/1081/1081 
f 1084/1084/1084 1081/1081/1081 1081/1081/1081 
f 1081/1081/1081 1081/1081/1081 1085/1085/1085 
f 1081/1081/1081 1086/1086/1086 1085/1085/1085 
f 1085/1085/1085 1086/1086/1086 1087/1087/1087 
f 1086/1086/1086 1088/1088/1088 1087/1087/1087 
f 1087/1087/1087 1088/1088/1088 1088/1088/1088 
f 1088/1088/1088 1086/1086/1086 1088/1088/1088 
f 1088/1088/1088 1086/1086/1086 1086/1086/1086 
f 1086/1086/1086 1089/1089/1089 1086/1086/1086 
f 1086/1086/1086 1089/1089/1089 1090/1090/1090 
f 1089/1089/1089 1090/1090/1090 1090/1090/1090 
f 1090/1090/1090 1090/1090/1090 1091/1091/1091 
f 1090/1090/1090 1091/1091/1091 1091/1091/1091 
f 1091/1091/1091 1091/1091/1091 1092/1092/1092 
f 1091/1091/1091 1086/1086/1086 1092/1092/1092 
f 1092/1092/1092 1086/1086/1086 1086/1086/1086 
f 1086/1086/1086 1093/1093/1093 1086/1086/1086 
f 1086/1086/1086 1093/1093/1093 1093/1093/1093 
f 1093/1093/1093 1086/1086/1086 1093/1093/1093 
f 1093/1093/1093 1086/1086/1086 1094/1094/1094 
f 1086/1086/1086 1094/1094/1094 1094/1094/1094 
f 1094/1094/1094 1094/1094/1094 1087/1087/1087 
f 1094/1094/1094 1087/1087/1087 1087/1087/1087 
f 1087/1087/1087 1087/1087/1087 1095/1095/1095 
f 1087/1087/1087 1093/1093/1093 1095/1095/1095 
f 1095/1095/1095 1093/1093/1093 1096/1096/1096 
f 1093/1093/1093 1097/1097/1097 1096/1096/1096 
f 1096/1096/1096 1097/1097/1097 1097/1097/1097 
f 1097/1097/1097 1095/1095/1095 1097/1097/1097 
f 1097/1097/1097 1095/1095/1095 1095/1095/1095 
f 1095/1095/1095 1096/1096/1096 1095/1095/1095 
f 1095/1095/1095 1096/1096/1096 1098/1098/1098 
f 1096/1096/1096 1096/1096/1096 1098/1098/1098 
f 1098/1098/1098 1096/1096/1096 1099/1099/1099 
f 1096/1096/1096 1100/1100/1100 1099/1099/1099 
f 1099/1099/1099 1100/1100/1100 1101/1101/1101 
f 1100/1100/1100 1101/1101/1101 1101/1101/1101 
f 1101/1101/1101 1101/1101/1101 1100/1100/1100 
f 1101/1101/1101 1100/1100/1100 1100/1100/1100 
f 1100/1100/1100 1100/1100/1100 1102/1102/1102 
f 1100/1100/1100 1103/1103/1103 1102/1102/1102 
f 1102/1102/1102 1103/1103/1103 1103/1103/1103 
f 1103/1103/1103 1093/1093/1093 1103/1103/1103 
f 1103/1103/1103 1093/1093/1093 1093/1093/1093 
f 1093/1093/1093 1104/1104/1104 1093/1093/1093 
f 1093/1093/1093 1104/1104/1104 1105/1105/1105 
f 1104/1104/1104 1105/1105/1105 1105/1105/1105 
f 1105/1105/1105 1105/1105/1105 1096/1096/1096 
f 1105/1105/1105 1096/1096/1096 1096/1096/1096 
f 1096/1096/1096 1096/1096/1096 1106/1106/1106 
f 1096/1096/1096 1107/1107/1107 1106/1106/1106 
f 1106/1106/1106 1107/1107/1107 1107/1107/1107 
f 1107/1107/1107 1108/1108/1108 1107/1107/1107 
f 1107/1107/1107 1108/1108/1108 1108/1108/1108 
f 1108/1108/1108 1101/1101/1101 1108/1108/1108 
f 1108/1108/1108 1101/1101/1101 1109/1109/1109 
f 1101/1101/1101 1106/1106/1106 1109/1109/1109 
f 1109/1109/1109 1106/1106/1106 1110/1110/1110 
f 1106/1106/1106 1110/1110/1110 1110/1110/1110 
f 1110/1110/1110 1110/1110/1110 1109/1109/1109 
f 1110/1110/1110 1109/1109/1109 1109/1109/1109 
f 1109/1109/1109 1109/1109/1109 1111/1111/1111 
f 1109/1109/1109 1112/1112/1112 1111/1111/1111 
f 1111/1111/1111 1112/1112/1112 1112/1112/1112 
f 1112/1112/1112 1113/1113/1113 1112/1112/1112 
f 1112/1112/1112 1113/1113/1113 1113/1113/1113 
f 1113/1113/1113 1114/1114/1114 1113/1113/1113 
f 1113/1113/1113 1114/1114/1114 1109/1109/1109 
f 1114/1114/1114 1114/1114/1114 1109/1109/1109 
f 1109/1109/1109 1114/1114/1114 1115/1115/1115 
f 1114/1114/1114 1114/1114/1114 1115/1115/1115 
f 1115/1115/1115 1114/1114/1114 1116/1116/1116 
f 1114/1114/1114 1117/1117/1117 1116/1116/1116 
f 1116/1116/1116 1117/1117/1117 1118/1118/1118 
f 1117/1117/1117 1119/1119/1119 1118/1118/1118 
f 1118/1118/1118 1119/1119/1119 1119/1119/1119 
f 1119/1119/1119 1114/1114/1114 1119/1119/1119 
f 1119/1119/1119 1114/1114/1114 1114/1114/1114 
f 1114/1114/1114 1120/1120/1120 1114/1114/1114 
f 1114/1114/1114 1120/1120/1120 1117/1117/1117 
f 1120/1120/1120 1117/1117/1117 1117/1117/1117 
f 1117/1117/1117 1117/1117/1117 1116/1116/1116 
f 1117/1117/1117 1116/1116/1116 1116/1116/1116 
f 1116/1116/1116 1116/1116/1116 1121/1121/1121 
f 1116/1116/1116 1118/1118/1118 1121/1121/1121 
f 1121/1121/1121 1118/1118/1118 1122/1122/1122 
f 1118/1118/1118 1122/1122/1122 1122/1122/1122 
f 1122/1122/1122 1122/1122/1122 1117/1117/1117 
f 1122/1122/1122 1117/1117/1117 1117/1117/1117 
f 1117/1117/1117 1117/1117/1117 1123/1123/1123 
f 1117/1117/1117 1124/1124/1124 1123/1123/1123 
f 1123/1123/1123 1124/1124/1124 1124/1124/1124 
f 1124/1124/1124 1117/1117/1117 1124/1124/1124 
f 1124/1124/1124 1117/1117/1117 1117/1117/1117 
f 1117/1117/1117 1125/1125/1125 1117/1117/1117 
f 1117/1117/1117 1125/1125/1125 1126/1126/1126 
f 1125/1125/1125 1126/1126/1126 1126/1126/1126 
f 1126/1126/1126 1126/1126/1126 1114/1114/1114 
f 1126/1126/1126 1114/1114/1114 1114/1114/1114 
f 1114/1114/1114 1114/1114/1114 1127/1127/1127 
f 1114/1114/1114 1128/1128/1128 1127/1127/1127 
f 1127/1127/1127 1128/1128/1128 1128/1128/1128 
f 1128/1128/1128 1129/1129/1129 1128/1128/1128 
f 1128/1128/1128 1129/1129/1129 1129/1129/1129 
f 1129/1129/1129 1130/1130/1130 1129/1129/1129 
f 1129/1129/1129 1130/1130/1130 1122/1122/1122 
f 1130/1130/1130 1122/1122/1122 1122/1122/1122 
f 1122/1122/1122 1122/1122/1122 1122/1122/1122 
f 1122/1122/1122 1122/1122/1122 1122/1122/1122 
f 1122/1122/1122 1122/1122/1122 1131/1131/1131 
f 1122/1122/1122 1132/1132/1132 1131/1131/1131 
f 1131/1131/1131 1132/1132/1132 1132/1132/1132 
f 1132/1132/1132 1133/1133/1133 1132/1132/1132 
f 1132/1132/1132 1133/1133/1133 1133/1133/1133 
f 1133/1133/1133 1132/1132/1132 1133/1133/1133 
f 1133/1133/1133 1132/1132/1132 1134/1134/1134 
f 1132/1132/1132 1134/1134/1134 1134/1134/1134 
f 1134/1134/1134 1134/1134/1134 1135/1135/1135 
f 1134/1134/1134 1135/1135/1135 1135/1135/1135 
f 1135/1135/1135 1135/1135/1135 1136/1136/1136 
f 1135/1135/1135 1137/1137/1137 1136/1136/1136 
f 1136/1136/1136 1137/1137/1137 1137/1137/1137 
f 1137/1137/1137 1138/1138/1138 1137/1137/1137 
f 1137/1137/1137 1138/1138/1138 1138/1138/1138 
f 1138/1138/1138 1137/1137/1137 1138/1138/1138 
f 1138/1138/1138 1137/1137/1137 1139/1139/1139 
f 1137/1137/1137 1139/1139/1139 1139/1139/1139 
f 1139/1139/1139 1139/1139/1139 1140/1140/1140 
f 1139/1139/1139 1140/1140/1140 1140/1140/1140 
f 1140/1140/1140 1140/1140/1140 1141/1141/1141 
f 1140/1140/1140 1137/1137/1137 1141/1141/1141 
f 1141/1141/1141 1137/1137/1137 1142/1142/1142 
f 1137/1137/1137 1142/1142/1142 1142/1142/1142 
f 1142/1142/1142 1142/1142/1142 1143/1143/1143 
f 1142/1142/1142 1143/1143/1143 1143/1143/1143 
f 1143/1143/1143 1143/1143/1143 1142/1142/1142 
f 1143/1143/1143 1144/1144/1144 1142/1142/1142 
f 1142/1142/1142 1144/1144/1144 1144/1144/1144 
f 1144/1144/1144 1145/1145/1145 1144/1144/1144 
f 1144/1144/1144 1145/1145/1145 1145/1145/1145 
f 1145/1145/1145 1146/1146/1146 1145/1145/1145 
f 1145/1145/1145 1146/1146/1146 1137/1137/1137 
f 1146/1146/1146 907/907/907 1137/1137/1137 
f 1137/1137/1137 907/907/907 907/907/907 
f 907/907/907 1147/1147/1147 907/907/907 
f 907/907/907 1147/1147/1147 1147/1147/1147 
f 1147/1147/1147 1146/1146/1146 1147/1147/1147 
f 1147/1147/1147 1146/1146/1146 1148/1148/1148 
f 1146/1146/1146 1148/1148/1148 1148/1148/1148 
f 1148/1148/1148 1148/1148/1148 1149/1149/1149 
f 1148/1148/1148 1149/1149/1149 1149/1149/1149 
f 1149/1149/1149 1149/1149/1149 1150/1150/1150 
f 1149/1149/1149 1151/1151/1151 1150/1150/1150 
f 1150/1150/1150 1151/1151/1151 1151/1151/1151 
f 1151/1151/1151 1152/1152/1152 1151/1151/1151 
f 1151/1151/1151 1152/1152/1152 1152/1152/1152 
f 1152/1152/1152 1151/1151/1151 1152/1152/1152 
f 1152/1152/1152 1151/1151/1151 1153/1153/1153 
f 1151/1151/1151 1153/1153/1153 1153/1153/1153 
f 1153/1153/1153 1153/1153/1153 1154/1154/1154 
f 1153/1153/1153 1154/1154/1154 1154/1154/1154 
f 1154/1154/1154 1154/1154/1154 1151/1151/1151 
f 1154/1154/1154 1155/1155/1155 1151/1151/1151 
f 1151/1151/1151 1155/1155/1155 1156/1156/1156 
f 1155/1155/1155 1156/1156/1156 1156/1156/1156 
f 1156/1156/1156 1156/1156/1156 1156/1156/1156 
f 1156/1156/1156 1156/1156/1156 1156/1156/1156 
f 1156/1156/1156 1156/1156/1156 1157/1157/1157 
f 1156/1156/1156 1158/1158/1158 1157/1157/1157 
f 1157/1157/1157 1158/1158/1158 1158/1158/1158 
f 1158/1158/1158 1159/1159/1159 1158/1158/1158 
f 1158/1158/1158 1159/1159/1159 1159/1159/1159 
f 1159/1159/1159 1151/1151/1151 1159/1159/1159 
f 1159/1159/1159 1151/1151/1151 1160/1160/1160 
f 1151/1151/1151 1023/1023/1023 1160/1160/1160 
f 1160/1160/1160 1023/1023/1023 1023/1023/1023 
f 1023/1023/1023 1161/1161/1161 1023/1023/1023 
f 1023/1023/1023 1161/1161/1161 1161/1161/1161 
f 1161/1161/1161 1160/1160/1160 1161/1161/1161 
f 1161/1161/1161 1160/1160/1160 1162/1162/1162 
f 1160/1160/1160 1162/1162/1162 1162/1162/1162 
f 1162/1162/1162 1162/1162/1162 1163/1163/1163 
f 1162/1162/1162 1163/1163/1163 1163/1163/1163 
f 1163/1163/1163 1163/1163/1163 1164/1164/1164 
f 1163/1163/1163 1165/1165/1165 1164/1164/1164 
f 1164/1164/1164 1165/1165/1165 1165/1165/1165 
f 1165/1165/1165 1166/1166/1166 1165/1165/1165 
f 1165/1165/1165 1166/1166/1166 1166/1166/1166 
f 1166/1166/1166 1167/1167/1167 1166/1166/1166 
f 1166/1166/1166 1167/1167/1167 1168/1168/1168 
f 1167/1167/1167 1168/1168/1168 1168/1168/1168 
f 1168/1168/1168 1168/1168/1168 1169/1169/1169 
f 1168/1168/1168 1169/1169/1169 1169/1169/1169 
f 1169/1169/1169 1169/1169/1169 1170/1170/1170 
f 1169/1169/1169 1171/1171/1171 1170/1170/1170 
f 1170/1170/1170 1171/1171/1171 1171/1171/1171 
f 1171/1171/1171 1172/1172/1172 1171/1171/1171 
f 1171/1171/1171 1172/1172/1172 1172/1172/1172 
f 1172/1172/1172 1171/1171/1171 1172/1172/1172 
f 1172/1172/1172 1171/1171/1171 1173/1173/1173 
f 1171/1171/1171 1173/1173/1173 1173/1173/1173 
f 1173/1173/1173 1173/1173/1173 1174/1174/1174 
f 1173/1173/1173 1174/1174/1174 1174/1174/1174 
f 1174/1174/1174 1174/1174/1174 1170/1170/1170 
f 1174/1174/1174 1175/1175/1175 1170/1170/1170 
f 1170/1170/1170 1175/1175/1175 1175/1175/1175 
f 1175/1175/1175 1176/1176/1176 1175/1175/1175 
f 1175/1175/1175 1176/1176/1176 1176/1176/1176 
f 1176/1176/1176 1177/1177/1177 1176/1176/1176 
f 1176/1176/1176 1177/1177/1177 1178/1178/1178 
f 1177/1177/1177 1178/1178/1178 1178/1178/1178 
f 1178/1178/1178 1178/1178/1178 1176/1176/1176 
f 1178/1178/1178 1176/1176/1176 1176/1176/1176 
f 1176/1176/1176 1176/1176/1176 1179/1179/1179 
f 1176/1176/1176 1180/1180/1180 1179/1179/1179 
f 1179/1179/1179 1180/1180/1180 1180/1180/1180 
f 1180/1180/1180 1181/1181/1181 1180/1180/1180 
f 1180/1180/1180 1181/1181/1181 1181/1181/1181 
f 1181/1181/1181 1177/1177/1177 1181/1181/1181 
f 1181/1181/1181 1177/1177/1177 1182/1182/1182 
f 1177/1177/1177 1182/1182/1182 1182/1182/1182 
f 1182/1182/1182 1182/1182/1182 1183/1183/1183 
f 1182/1182/1182 1183/1183/1183 1183/1183/1183 
f 1183/1183/1183 1183/1183/1183 1184/1184/1184 
f 1183/1183/1183 1185/1185/1185 1184/1184/1184 
f 1184/1184/1184 1185/1185/1185 1185/1185/1185 
f 1185/1185/1185 1186/1186/1186 1185/1185/1185 
f 1185/1185/1185 1186/1186/1186 1186/1186/1186 
f 1186/1186/1186 1187/1187/1187 1186/1186/1186 
f 1186/1186/1186 1187/1187/1187 1188/1188/1188 
f 1187/1187/1187 1188/1188/1188 1188/1188/1188 
f 1188/1188/1188 1188/1188/1188 1189/1189/1189 
f 1188/1188/1188 1189/1189/1189 1189/1189/1189 
f 1189/1189/1189 1189/1189/1189 957/957/957 
f 1189/1189/1189 1190/1190/1190 957/957/957 
f 957/957/957 1190/1190/1190 1191/1191/1191 
f 1190/1190/1190 1191/1191/1191 1191/1191/1191 
f 1191/1191/1191 1191/1191/1191 1192/1192/1192 
f 1191/1191/1191 1192/1192/1192 1192/1192/1192 
f 1192/1192/1192 1192/1192/1192 1193/1193/1193 
f 1192/1192/1192 1190/1190/1190 1193/1193/1193 
f 1193/1193/1193 1190/1190/1190 1190/1190/1190 
f 1190/1190/1190 1194/1194/1194 1190/1190/1190 
f 1190/1190/1190 1194/1194/1194 1194/1194/1194 
f 1194/1194/1194 1072/1072/1072 1194/1194/1194 
f 1194/1194/1194 1072/1072/1072 1195/1195/1195 
f 1072/1072/1072 1196/1196/1196 1195/1195/1195 
f 1195/1195/1195 1196/1196/1196 1196/1196/1196 
f 1196/1196/1196 1197/1197/1197 1196/1196/1196 
f 1196/1196/1196 1197/1197/1197 1197/1197/1197 
f 1197/1197/1197 1195/1195/1195 1197/1197/1197 
f 1197/1197/1197 1195/1195/1195 1198/1198/1198 
f 1195/1195/1195 1198/1198/1198 1198/1198/1198 
f 1198/1198/1198 1198/1198/1198 1199/1199/1199 
f 1198/1198/1198 1199/1199/1199 1199/1199/1199 
f 1199/1199/1199 1199/1199/1199 978/978/978 
f 1199/1199/1199 1200/1200/1200 978/978/978 

