mtllib model_6.mtl
o model_6
v 2.3173441886901855 2.344496011734009 -7.546708583831787 
v 2.3335554599761963 2.344496011734009 -7.556061744689941 
v 2.3148691654205322 2.346552848815918 -7.550997257232666 
v 2.331069231033325 2.346552848815918 -7.56035041809082 
v 2.3123831748962402 2.344496011734009 -7.555322647094727 
v 2.328594446182251 2.344496011734009 -7.564675331115723 
v 2.311350107192993 2.339531421661377 -7.5570969581604 
v 2.327561378479004 2.339531421661377 -7.566450119018555 
v 2.3123831748962402 2.334566831588745 -7.555322647094727 
v 2.328594446182251 2.334566831588745 -7.564675331115723 
v 2.3148691654205322 2.332509994506836 -7.550997257232666 
v 2.331069231033325 2.332509994506836 -7.56035041809082 
v 2.3173441886901855 2.334566831588745 -7.546708583831787 
v 2.3335554599761963 2.334566831588745 -7.556061744689941 
v 2.3183772563934326 2.339531421661377 -7.544934272766113 
v 2.3345885276794434 2.339531421661377 -7.554287433624268 
v 2.3173441886901855 2.344496011734009 -7.546708583831787 
v 2.3335554599761963 2.344496011734009 -7.556061744689941 
v 2.321397066116333 2.3347795009613037 -7.55014705657959 
v 2.3172192573547363 2.3347795009613037 -7.557392597198486 
v 2.3223960399627686 2.3347795009613037 -7.550738334655762 
v 2.318218231201172 2.3347795009613037 -7.557947158813477 
v 2.318218231201172 2.3347795009613037 -7.557947158813477 
v 2.319535255432129 2.405099868774414 -7.555655002593994 
v 2.3223960399627686 2.3347795009613037 -7.550738334655762 
v 2.3210790157318115 2.405099868774414 -7.552993297576904 
v 2.3223960399627686 2.3347795009613037 -7.550738334655762 
v 2.3210790157318115 2.405099868774414 -7.552993297576904 
v 2.321397066116333 2.3347795009613037 -7.55014705657959 
v 2.320080041885376 2.405099868774414 -7.552438735961914 
v 2.3210790157318115 2.405099868774414 -7.552993297576904 
v 2.319535255432129 2.405099868774414 -7.555655002593994 
v 2.320080041885376 2.405099868774414 -7.552438735961914 
v 2.3185360431671143 2.405099868774414 -7.555100440979004 
v 2.3172192573547363 2.3347795009613037 -7.557392597198486 
v 2.3185360431671143 2.405099868774414 -7.555100440979004 
v 2.318218231201172 2.3347795009613037 -7.557947158813477 
v 2.319535255432129 2.405099868774414 -7.555655002593994 
v 2.327561378479004 2.339531421661377 -7.566450119018555 
v 2.328594446182251 2.344496011734009 -7.564675331115723 
v 2.331069231033325 2.339531421661377 -7.56035041809082 
v 2.331069231033325 2.346552848815918 -7.56035041809082 
v 2.3335554599761963 2.344496011734009 -7.556061744689941 
v 2.3345885276794434 2.339531421661377 -7.554287433624268 
v 2.3335554599761963 2.334566831588745 -7.556061744689941 
v 2.331069231033325 2.332509994506836 -7.56035041809082 
v 2.328594446182251 2.334566831588745 -7.564675331115723 
v 2.0992825031280518 2.470693826675415 -7.4733405113220215 
v 2.1024997234344482 2.4695653915405273 -7.4749674797058105 
v 2.084805727005005 2.462090492248535 -7.496002674102783 
v 2.088146448135376 2.4609622955322266 -7.497629642486572 
v 2.0709474086761475 2.4479870796203613 -7.516224384307861 
v 2.0742883682250977 2.4469997882843018 -7.517735481262207 
v 2.058079242706299 2.429370403289795 -7.53307580947876 
v 2.0615437030792236 2.4283831119537354 -7.5345869064331055 
v 2.0470666885375977 2.4066638946533203 -7.5458598136901855 
v 2.0505313873291016 2.405817747116089 -7.54725456237793 
v 2.0382816791534424 2.381136417388916 -7.553995132446289 
v 2.041746139526367 2.3804314136505127 -7.555389881134033 
v 2.0319712162017822 2.3537757396698 -7.557249069213867 
v 2.03555965423584 2.3530704975128174 -7.55852746963501 
v 2.028630495071411 2.325709819793701 -7.555273532867432 
v 2.0322186946868896 2.325286626815796 -7.556668281555176 
v 2.02825927734375 2.298348903656006 -7.548300266265869 
v 2.0318474769592285 2.2980668544769287 -7.549695014953613 
v 2.030857563018799 2.2728216648101807 -7.536562442779541 
v 2.0344460010528564 2.2725396156311035 -7.537957191467285 
v 2.0364255905151367 2.250114917755127 -7.520524501800537 
v 2.0400140285491943 2.249974012374878 -7.522035598754883 
v 2.0447158813476562 2.2313573360443115 -7.5011162757873535 
v 2.048180341720581 2.2313573360443115 -7.502627372741699 
v 2.0552332401275635 2.2173948287963867 -7.47891902923584 
v 2.0586977005004883 2.2173948287963867 -7.480545997619629 
v 2.0676066875457764 2.208791732788086 -7.454977989196777 
v 2.071071147918701 2.208791732788086 -7.4568376541137695 
v 2.081341028213501 2.2058300971984863 -7.430456638336182 
v 2.084681987762451 2.2059710025787354 -7.432432174682617 
v 2.095818042755127 2.208791732788086 -7.406283378601074 
v 2.0990350246429443 2.208791732788086 -7.408375263214111 
v 2.110294818878174 2.2173948287963867 -7.3836212158203125 
v 2.1133882999420166 2.2173948287963867 -7.385828971862793 
v 2.1241531372070312 2.2313573360443115 -7.363399028778076 
v 2.1273701190948486 2.2313573360443115 -7.365607261657715 
v 2.1368978023529053 2.250114917755127 -7.346547603607178 
v 2.139991044998169 2.249974012374878 -7.348872184753418 
v 2.148033857345581 2.2728216648101807 -7.33376407623291 
v 2.151003360748291 2.2725396156311035 -7.336088180541992 
v 2.1568188667297363 2.298348903656006 -7.325628757476807 
v 2.1597883701324463 2.2980668544769287 -7.327952861785889 
v 2.1631293296813965 2.325709819793701 -7.3223748207092285 
v 2.1659750938415527 2.325286626815796 -7.324815273284912 
v 2.1664700508117676 2.3537757396698 -7.324350357055664 
v 2.1694397926330566 2.3530704975128174 -7.326790809631348 
v 2.1668412685394287 2.381136417388916 -7.331323146820068 
v 2.1698110103607178 2.3804314136505127 -7.33376407623291 
v 2.164119243621826 2.4066638946533203 -7.343061447143555 
v 2.167088747024536 2.405817747116089 -7.345385551452637 
v 2.1585512161254883 2.429370403289795 -7.359099388122559 
v 2.1615207195281982 2.4283831119537354 -7.361307144165039 
v 2.1503846645355225 2.4479870796203613 -7.378507614135742 
v 2.1533544063568115 2.4469997882843018 -7.380715370178223 
v 2.1398673057556152 2.462090492248535 -7.400704860687256 
v 2.142836809158325 2.4609622955322266 -7.402796745300293 
v 2.1273701190948486 2.470693826675415 -7.42464542388916 
v 2.130587339401245 2.4695653915405273 -7.426505088806152 
v 2.1137595176696777 2.4736554622650146 -7.449167251586914 
v 2.1168527603149414 2.472527265548706 -7.451026916503906 
v 2.0992825031280518 2.470693826675415 -7.4733405113220215 
v 2.1024997234344482 2.4695653915405273 -7.4749674797058105 
v 2.105469226837158 2.467449903488159 -7.476245880126953 
v 2.0912399291992188 2.4588468074798584 -7.498559474945068 
v 2.077505350112915 2.4451663494110107 -7.5184326171875 
v 2.0650081634521484 2.4266908168792725 -7.5350518226623535 
v 2.05411958694458 2.404548406600952 -7.547603130340576 
v 2.0454583168029785 2.379444122314453 -7.555622100830078 
v 2.039395332336426 2.352506399154663 -7.558760166168213 
v 2.0360543727874756 2.3250045776367188 -7.556784152984619 
v 2.0356831550598145 2.2980668544769287 -7.549927711486816 
v 2.0382816791534424 2.2729625701904297 -7.538422107696533 
v 2.0437259674072266 2.2506790161132812 -7.522732734680176 
v 2.0517687797546387 2.232344627380371 -7.503556728363037 
v 2.062162399291992 2.2185232639312744 -7.4818243980407715 
v 2.0744121074676514 2.2100610733032227 -7.458348274230957 
v 2.087775230407715 2.207099199295044 -7.434175491333008 
v 2.1020047664642334 2.2100610733032227 -7.410467147827148 
v 2.116234064102173 2.2185232639312744 -7.388269424438477 
v 2.1299686431884766 2.232344627380371 -7.368396759033203 
v 2.142465829849243 2.2506790161132812 -7.35177755355835 
v 2.1533544063568115 2.2729625701904297 -7.339226245880127 
v 2.162015676498413 2.2980668544769287 -7.331090927124023 
v 2.168078660964966 2.3250045776367188 -7.32806921005249 
v 2.171419382095337 2.352506399154663 -7.329928874969482 
v 2.171790599822998 2.379444122314453 -7.336785316467285 
v 2.169192314147949 2.404548406600952 -7.34840726852417 
v 2.163748025894165 2.4266908168792725 -7.363980293273926 
v 2.155581474304199 2.4451663494110107 -7.3831562995910645 
v 2.1453115940093994 2.4588468074798584 -7.405004978179932 
v 2.1330618858337402 2.467449903488159 -7.428480625152588 
v 2.119575023651123 2.4702706336975098 -7.452537536621094 
v 2.105469226837158 2.467449903488159 -7.476245880126953 
v 2.1078202724456787 2.4643471240997314 -7.476943016052246 
v 2.0938382148742676 2.456026077270508 -7.4987921714782715 
v 2.080475091934204 2.4426276683807373 -7.518200397491455 
v 2.068101644515991 2.4245753288269043 -7.534470558166504 
v 2.0574605464935303 2.402714967727661 -7.546789646148682 
v 2.049046516418457 2.3781747817993164 -7.554692268371582 
v 2.0429835319519043 2.3518011569976807 -7.557713985443115 
v 2.039766550064087 2.3248634338378906 -7.555854797363281 
v 2.039395332336426 2.298490047454834 -7.549114227294922 
v 2.0419936180114746 2.2739498615264893 -7.537840843200684 
v 2.047314167022705 2.252089500427246 -7.522500514984131 
v 2.0552332401275635 2.234036922454834 -7.503673076629639 
v 2.0653793811798096 2.2206387519836426 -7.482405662536621 
v 2.0772578716278076 2.212317705154419 -7.459394454956055 
v 2.0904974937438965 2.2094969749450684 -7.435802459716797 
v 2.104355573654175 2.212317705154419 -7.4125590324401855 
v 2.118337631225586 2.2206387519836426 -7.390710353851318 
v 2.1317007541656494 2.234036922454834 -7.371185779571533 
v 2.1439504623413086 2.252089500427246 -7.355031490325928 
v 2.1545915603637695 2.2739498615264893 -7.342596530914307 
v 2.1631293296813965 2.298490047454834 -7.33480978012085 
v 2.169192314147949 2.3248634338378906 -7.331672191619873 
v 2.1724092960357666 2.3518011569976807 -7.333647727966309 
v 2.1727805137634277 2.3781747817993164 -7.340388298034668 
v 2.170182228088379 2.402714967727661 -7.351661205291748 
v 2.1648616790771484 2.4245753288269043 -7.367002010345459 
v 2.15694260597229 2.4426276683807373 -7.385828971862793 
v 2.146796464920044 2.456026077270508 -7.407096862792969 
v 2.134794235229492 2.4643471240997314 -7.430107593536377 
v 2.121678352355957 2.467167854309082 -7.453700065612793 
v 2.1078202724456787 2.4643471240997314 -7.476943016052246 
v 2.1091811656951904 2.4608213901519775 -7.476943016052246 
v 2.0956943035125732 2.452782392501831 -7.498210906982422 
v 2.082578420639038 2.4396660327911377 -7.517154216766357 
v 2.0705761909484863 2.422036647796631 -7.532959938049316 
v 2.0603063106536865 2.400881290435791 -7.545046329498291 
v 2.052016258239746 2.3769054412841797 -7.552600383758545 
v 2.046200752258301 2.3512370586395264 -7.555622100830078 
v 2.0429835319519043 2.3250045776367188 -7.553762435913086 
v 2.042612314224243 2.2993361949920654 -7.54725456237793 
v 2.0450870990753174 2.275360345840454 -7.5362138748168945 
v 2.050283908843994 2.2542049884796143 -7.521337985992432 
v 2.058079242706299 2.2365756034851074 -7.502975940704346 
v 2.0679779052734375 2.223459482192993 -7.482172966003418 
v 2.079608917236328 2.2154204845428467 -7.459859371185303 
v 2.092353343963623 2.212599754333496 -7.436848163604736 
v 2.1058404445648193 2.2154204845428467 -7.414186000823975 
v 2.1194512844085693 2.223459482192993 -7.392918109893799 
v 2.1325669288635254 2.2365756034851074 -7.373974800109863 
v 2.1444454193115234 2.2542049884796143 -7.3581695556640625 
v 2.154839038848877 2.275360345840454 -7.346199035644531 
v 2.1631293296813965 2.2993361949920654 -7.338528633117676 
v 2.168944835662842 2.3250045776367188 -7.335623264312744 
v 2.172161817550659 2.3512370586395264 -7.337366580963135 
v 2.1725330352783203 2.3769054412841797 -7.343990802764893 
v 2.170058488845825 2.400881290435791 -7.354915618896484 
v 2.1647379398345947 2.422036647796631 -7.369907379150391 
v 2.1570663452148438 2.4396660327911377 -7.388153553009033 
v 2.147167682647705 2.452782392501831 -7.408956050872803 
v 2.1355366706848145 2.4608213901519775 -7.4313859939575195 
v 2.1226682662963867 2.463641881942749 -7.454397201538086 
v 2.1091811656951904 2.4608213901519775 -7.476943016052246 
v 2.1096761226654053 2.4570133686065674 -7.476362228393555 
v 2.096560478210449 2.449256420135498 -7.496932506561279 
v 2.083815813064575 2.436422109603882 -7.515295028686523 
v 2.0723085403442383 2.4194979667663574 -7.530635356903076 
v 2.062162399291992 2.398906946182251 -7.542373180389404 
v 2.05411958694458 2.375636100769043 -7.549695014953613 
v 2.048551559448242 2.350813865661621 -7.552600383758545 
v 2.0454583168029785 2.325286626815796 -7.550857067108154 
v 2.0450870990753174 2.300464391708374 -7.5444655418396 
v 2.0475616455078125 2.277193784713745 -7.533773422241211 
v 2.052510976791382 2.2566025257110596 -7.519362449645996 
v 2.060058832168579 2.239537477493286 -7.501581192016602 
v 2.0695862770080566 2.226844310760498 -7.481475830078125 
v 2.08096981048584 2.2189462184906006 -7.459743022918701 
v 2.0933432579040527 2.216266632080078 -7.437429428100586 
v 2.106459140777588 2.2189462184906006 -7.415464401245117 
v 2.119575023651123 2.226844310760498 -7.394894123077393 
v 2.132319450378418 2.239537477493286 -7.376415729522705 
v 2.1439504623413086 2.2566025257110596 -7.361074924468994 
v 2.153972864151001 2.277193784713745 -7.349452972412109 
v 2.162015676498413 2.300464391708374 -7.342015266418457 
v 2.1677074432373047 2.325286626815796 -7.339109897613525 
v 2.1706771850585938 2.350813865661621 -7.340969562530518 
v 2.171048164367676 2.375636100769043 -7.347245216369629 
v 2.1686973571777344 2.398906946182251 -7.357936859130859 
v 2.1636242866516113 2.4194979667663574 -7.372464179992676 
v 2.156076431274414 2.436422109603882 -7.39024543762207 
v 2.1465489864349365 2.449256420135498 -7.410350799560547 
v 2.135289192199707 2.4570133686065674 -7.432083606719971 
v 2.1227920055389404 2.45969295501709 -7.454397201538086 
v 2.1096761226654053 2.4570133686065674 -7.476362228393555 
v 2.1091811656951904 2.4534873962402344 -7.475083827972412 
v 2.096312999725342 2.445871591567993 -7.495073318481445 
v 2.0840632915496826 2.4336016178131104 -7.512854099273682 
v 2.072803497314453 2.417100429534912 -7.5277299880981445 
v 2.063152313232422 2.39707350730896 -7.539002895355225 
v 2.055356979370117 2.3745079040527344 -7.546208381652832 
v 2.0497889518737793 2.350390911102295 -7.54899787902832 
v 2.0468194484710693 2.325709819793701 -7.547370910644531 
v 2.046571969985962 2.3015928268432617 -7.541094779968262 
v 2.0489227771759033 2.279168128967285 -7.530751705169678 
v 2.053748369216919 2.259141206741333 -7.516689300537109 
v 2.061048746109009 2.2426400184631348 -7.499605655670166 
v 2.070328712463379 2.230370044708252 -7.480081081390381 
v 2.0812172889709473 2.2227542400360107 -7.459045886993408 
v 2.0933432579040527 2.2202155590057373 -7.437313079833984 
v 2.105964183807373 2.2227542400360107 -7.41616153717041 
v 2.118708848953247 2.230370044708252 -7.396172523498535 
v 2.13108229637146 2.2426400184631348 -7.378274917602539 
v 2.1422183513641357 2.259141206741333 -7.363399028778076 
v 2.1519932746887207 2.279168128967285 -7.352126121520996 
v 2.1597883701324463 2.3015928268432617 -7.344920635223389 
v 2.1652326583862305 2.325709819793701 -7.342131614685059 
v 2.1683261394500732 2.350390911102295 -7.343874931335449 
v 2.1685736179351807 2.3745079040527344 -7.350034236907959 
v 2.16622257232666 2.39707350730896 -7.360377788543701 
v 2.1613969802856445 2.417100429534912 -7.374439716339111 
v 2.1540966033935547 2.4336016178131104 -7.3916401863098145 
v 2.1448166370391846 2.445871591567993 -7.411164283752441 
v 2.133928060531616 2.4534873962402344 -7.432199478149414 
v 2.1218020915985107 2.456026077270508 -7.453815937042236 
v 2.1091811656951904 2.4534873962402344 -7.475083827972412 
v 2.1075727939605713 2.4503846168518066 -7.4733405113220215 
v 2.0951993465423584 2.4430508613586426 -7.492748737335205 
v 2.0833208560943604 2.431062936782837 -7.510065078735352 
v 2.0723085403442383 2.414984941482544 -7.524476051330566 
v 2.0629048347473145 2.395663022994995 -7.535516738891602 
v 2.055356979370117 2.373802661895752 -7.542489528656006 
v 2.0500364303588867 2.350390911102295 -7.545162677764893 
v 2.0470666885375977 2.3264148235321045 -7.5435357093811035 
v 2.0468194484710693 2.3030030727386475 -7.537492275238037 
v 2.049046516418457 2.281001567840576 -7.5274977684021 
v 2.0538721084594727 2.2616798877716064 -7.513783931732178 
v 2.060925006866455 2.2456018924713135 -7.497165203094482 
v 2.069833755493164 2.233754873275757 -7.478221416473389 
v 2.080475091934204 2.2262799739837646 -7.457767486572266 
v 2.0922296047210693 2.2237415313720703 -7.436732292175293 
v 2.1046030521392822 2.2262799739837646 -7.416045665740967 
v 2.116976499557495 2.233754873275757 -7.396637439727783 
v 2.128854990005493 2.2456018924713135 -7.37943696975708 
v 2.1397435665130615 2.2616798877716064 -7.364910125732422 
v 2.149271011352539 2.281001567840576 -7.353985786437988 
v 2.1568188667297363 2.3030030727386475 -7.347012519836426 
v 2.162139415740967 2.3264148235321045 -7.344223499298096 
v 2.164985418319702 2.350390911102295 -7.345966815948486 
v 2.165356397628784 2.373802661895752 -7.351893901824951 
v 2.1631293296813965 2.395663022994995 -7.36200475692749 
v 2.158303737640381 2.414984941482544 -7.3756022453308105 
v 2.1512508392333984 2.431062936782837 -7.392337322235107 
v 2.1422183513641357 2.4430508613586426 -7.411280632019043 
v 2.1315770149230957 2.4503846168518066 -7.431735038757324 
v 2.119946241378784 2.45292329788208 -7.452770233154297 
v 2.1075727939605713 2.4503846168518066 -7.4733405113220215 
v 2.105221748352051 2.4481282234191895 -7.471364974975586 
v 2.0930957794189453 2.4409353733062744 -7.4903082847595215 
v 2.0814647674560547 2.429229497909546 -7.50715970993042 
v 2.0708236694335938 2.413574457168579 -7.521337985992432 
v 2.0615437030792236 2.3946759700775146 -7.53203010559082 
v 2.054243326187134 2.3732385635375977 -7.538887023925781 
v 2.0489227771759033 2.350390911102295 -7.541443824768066 
v 2.046200752258301 2.326979160308838 -7.539816856384277 
v 2.0458295345306396 2.304131507873535 -7.534005641937256 
v 2.0480566024780273 2.282835006713867 -7.524243354797363 
v 2.0527584552764893 2.2637953758239746 -7.510878562927246 
v 2.0595638751983643 2.248281478881836 -7.494608402252197 
v 2.0684728622436523 2.2365756034851074 -7.476013660430908 
v 2.078742742538452 2.2292418479919434 -7.456140518188477 
v 2.090250015258789 2.226844310760498 -7.435569763183594 
v 2.102252244949341 2.2292418479919434 -7.415464401245117 
v 2.1143782138824463 2.2365756034851074 -7.396521091461182 
v 2.126008987426758 2.248281478881836 -7.379553318023682 
v 2.136650323867798 2.2637953758239746 -7.365490913391113 
v 2.145930290222168 2.282835006713867 -7.354799270629883 
v 2.153230667114258 2.304131507873535 -7.347942352294922 
v 2.1584274768829346 2.326979160308838 -7.345269203186035 
v 2.161273241043091 2.350390911102295 -7.346896171569824 
v 2.161644458770752 2.3732385635375977 -7.352823257446289 
v 2.1594173908233643 2.3946759700775146 -7.362585544586182 
v 2.1547152996063232 2.413574457168579 -7.375950813293457 
v 2.1479101181030273 2.429229497909546 -7.392220973968506 
v 2.1390011310577393 2.4409353733062744 -7.410699367523193 
v 2.1287312507629395 2.4481282234191895 -7.430688858032227 
v 2.1172239780426025 2.4505257606506348 -7.451143264770508 
v 2.105221748352051 2.4481282234191895 -7.471364974975586 
v 2.102252244949341 2.4469997882843018 -7.469273090362549 
v 2.0903737545013428 2.439807176589966 -7.487867832183838 
v 2.078866481781006 2.4282422065734863 -7.504486560821533 
v 2.0683491230010986 2.412869453430176 -7.5184326171875 
v 2.059316396713257 2.3942527770996094 -7.5288920402526855 
v 2.052016258239746 2.3732385635375977 -7.535632610321045 
v 2.046942949295044 2.350672960281372 -7.538305759429932 
v 2.0440971851348877 2.327684164047241 -7.536678791046143 
v 2.0438497066497803 2.3051185607910156 -7.530868053436279 
v 2.0459532737731934 2.284104347229004 -7.521222114562988 
v 2.0505313873291016 2.2654879093170166 -7.508089542388916 
v 2.0573368072509766 2.250114917755127 -7.492051601409912 
v 2.065998077392578 2.2385501861572266 -7.4738054275512695 
v 2.076267957687378 2.2314984798431396 -7.454164505004883 
v 2.0875277519226074 2.2291007041931152 -7.434059143066406 
v 2.0992825031280518 2.2314984798431396 -7.414186000823975 
v 2.1112847328186035 2.2385501861572266 -7.395474910736084 
v 2.1226682662963867 2.250114917755127 -7.378856182098389 
v 2.133185625076294 2.2654879093170166 -7.365026473999023 
v 2.1423420906066895 2.284104347229004 -7.354450702667236 
v 2.1495184898376465 2.3051185607910156 -7.347710132598877 
v 2.1547152996063232 2.327684164047241 -7.345153331756592 
v 2.157437562942505 2.350672960281372 -7.346663951873779 
v 2.157808780670166 2.3732385635375977 -7.352474689483643 
v 2.155581474304199 2.3942527770996094 -7.362120628356934 
v 2.151003360748291 2.412869453430176 -7.375253200531006 
v 2.144197940826416 2.4282422065734863 -7.39129114151001 
v 2.1355366706848145 2.439807176589966 -7.409537315368652 
v 2.1253905296325684 2.4469997882843018 -7.429178237915039 
v 2.114130735397339 2.449397563934326 -7.449399948120117 
v 2.102252244949341 2.4469997882843018 -7.469273090362549 
v 2.0990350246429443 2.4468588829040527 -7.467181205749512 
v 2.0871565341949463 2.439807176589966 -7.485775947570801 
v 2.075773000717163 2.4283831119537354 -7.5022783279418945 
v 2.065255641937256 2.413010358810425 -7.516108512878418 
v 2.056223154067993 2.3945348262786865 -7.5265679359436035 
v 2.049046516418457 2.373520612716675 -7.533308506011963 
v 2.043973445892334 2.3512370586395264 -7.535865306854248 
v 2.0411276817321777 2.3282482624053955 -7.534238338470459 
v 2.0408802032470703 2.305823802947998 -7.528543472290039 
v 2.0429835319519043 2.2849507331848145 -7.518897533416748 
v 2.0475616455078125 2.266474962234497 -7.505881309509277 
v 2.0543670654296875 2.2511022090911865 -7.489959716796875 
v 2.0629048347473145 2.239678382873535 -7.471829891204834 
v 2.0730509757995605 2.2326266765594482 -7.452305316925049 
v 2.08431077003479 2.230229139328003 -7.432199478149414 
v 2.0960655212402344 2.2326266765594482 -7.412442684173584 
v 2.1079440116882324 2.239678382873535 -7.393847942352295 
v 2.1193275451660156 2.2511022090911865 -7.377345085144043 
v 2.129721164703369 2.266474962234497 -7.363515377044678 
v 2.138753652572632 2.2849507331848145 -7.353055953979492 
v 2.1460540294647217 2.305823802947998 -7.346315383911133 
v 2.1511270999908447 2.3282482624053955 -7.343758583068848 
v 2.153972864151001 2.3512370586395264 -7.345385551452637 
v 2.1542203426361084 2.373520612716675 -7.351080417633057 
v 2.1519932746887207 2.3945348262786865 -7.360726356506348 
v 2.147538900375366 2.413010358810425 -7.373742580413818 
v 2.140733480453491 2.4283831119537354 -7.389664173126221 
v 2.1320719718933105 2.439807176589966 -7.407793998718262 
v 2.1219258308410645 2.4468588829040527 -7.427318572998047 
v 2.1107897758483887 2.449256420135498 -7.447423934936523 
v 2.0990350246429443 2.4468588829040527 -7.467181205749512 
v 2.0956943035125732 2.4479870796203613 -7.465437889099121 
v 2.083815813064575 2.4407942295074463 -7.4841485023498535 
v 2.0723085403442383 2.429370403289795 -7.500767707824707 
v 2.0619149208068848 2.4139976501464844 -7.514597415924072 
v 2.0527584552764893 2.395380973815918 -7.525173187255859 
v 2.0454583168029785 2.3742258548736572 -7.531913757324219 
v 2.0403852462768555 2.3518011569976807 -7.534470558166504 
v 2.03753924369812 2.328671455383301 -7.532959938049316 
v 2.0372917652130127 2.3062469959259033 -7.527149200439453 
v 2.0395190715789795 2.2852327823638916 -7.517502784729004 
v 2.0440971851348877 2.266616106033325 -7.504370212554932 
v 2.050778865814209 2.2511022090911865 -7.488332271575928 
v 2.0595638751983643 2.239678382873535 -7.470086574554443 
v 2.0697100162506104 2.23248553276062 -7.450445652008057 
v 2.08096981048584 2.230087995529175 -7.4302239418029785 
v 2.092848300933838 2.23248553276062 -7.410350799560547 
v 2.104726791381836 2.239678382873535 -7.391756057739258 
v 2.116234064102173 2.2511022090911865 -7.3751373291015625 
v 2.12675142288208 2.266616106033325 -7.361191272735596 
v 2.135784149169922 2.2852327823638916 -7.350731372833252 
v 2.1430842876434326 2.3062469959259033 -7.343990802764893 
v 2.1481575965881348 2.328671455383301 -7.341318130493164 
v 2.151003360748291 2.3518011569976807 -7.342945098876953 
v 2.1512508392333984 2.3742258548736572 -7.348755836486816 
v 2.1491472721099854 2.395380973815918 -7.358401775360107 
v 2.1444454193115234 2.4139976501464844 -7.37153434753418 
v 2.137763738632202 2.429370403289795 -7.387572288513184 
v 2.1291024684906006 2.4407942295074463 -7.405818462371826 
v 2.118832588195801 2.4479870796203613 -7.425458908081055 
v 2.1075727939605713 2.4503846168518066 -7.4455647468566895 
v 2.0956943035125732 2.4479870796203613 -7.465437889099121 
v 2.092848300933838 2.4501025676727295 -7.4641594886779785 
v 2.0807223320007324 2.4429097175598145 -7.483102798461914 
v 2.069091558456421 2.431203842163086 -7.500070571899414 
v 2.058450222015381 2.4155490398406982 -7.514132499694824 
v 2.0491702556610107 2.3966503143310547 -7.524824619293213 
v 2.041746139526367 2.375354051589966 -7.531681537628174 
v 2.0365493297576904 2.352365255355835 -7.534354209899902 
v 2.033703565597534 2.328953504562378 -7.532727241516113 
v 2.0334560871124268 2.306105852127075 -7.526800155639648 
v 2.0356831550598145 2.2848095893859863 -7.517037868499756 
v 2.0403852462768555 2.2659108638763428 -7.503673076629639 
v 2.0471904277801514 2.250256061553955 -7.48740291595459 
v 2.0559756755828857 2.2385501861572266 -7.468924045562744 
v 2.0663692951202393 2.2313573360443115 -7.448935031890869 
v 2.077876567840576 2.228818655014038 -7.428480625152588 
v 2.089878797531128 2.2313573360443115 -7.40825891494751 
v 2.1020047664642334 2.2385501861572266 -7.389315605163574 
v 2.113635778427124 2.250256061553955 -7.372464179992676 
v 2.124276876449585 2.2659108638763428 -7.358285903930664 
v 2.1334331035614014 2.2848095893859863 -7.347593784332275 
v 2.140857219696045 2.306105852127075 -7.3407368659973145 
v 2.1460540294647217 2.328953504562378 -7.338180065155029 
v 2.148899793624878 2.352365255355835 -7.339807033538818 
v 2.149271011352539 2.375354051589966 -7.34561824798584 
v 2.1470439434051514 2.3966503143310547 -7.355380058288574 
v 2.1423420906066895 2.4155490398406982 -7.36874532699585 
v 2.1354129314422607 2.431203842163086 -7.385015487670898 
v 2.1266276836395264 2.4429097175598145 -7.4036102294921875 
v 2.1163578033447266 2.4501025676727295 -7.423483371734619 
v 2.1048505306243896 2.452641248703003 -7.444053649902344 
v 2.092848300933838 2.4501025676727295 -7.4641594886779785 
v 2.0904974937438965 2.4532053470611572 -7.463578224182129 
v 2.0781240463256836 2.445730447769165 -7.4829864501953125 
v 2.0662455558776855 2.4337425231933594 -7.500186443328857 
v 2.0552332401275635 2.4178056716918945 -7.514713764190674 
v 2.0458295345306396 2.3983428478240967 -7.525638103485107 
v 2.0382816791534424 2.3764822483062744 -7.53261137008667 
v 2.032961130142212 2.3530704975128174 -7.535400390625 
v 2.029991626739502 2.329094648361206 -7.533657073974609 
v 2.0297441482543945 2.305682897567749 -7.5277299880981445 
v 2.0319712162017822 2.2838222980499268 -7.5176191329956055 
v 2.036796808242798 2.264500617980957 -7.504021644592285 
v 2.0438497066497803 2.248422622680664 -7.487286567687988 
v 2.052882194519043 2.2364346981048584 -7.468343257904053 
v 2.0633997917175293 2.2291007041931152 -7.4478888511657715 
v 2.0751543045043945 2.226562261581421 -7.426853656768799 
v 2.0875277519226074 2.2291007041931152 -7.406283378601074 
v 2.0999011993408203 2.2364346981048584 -7.386875152587891 
v 2.1117796897888184 2.248422622680664 -7.369558811187744 
v 2.1226682662963867 2.264500617980957 -7.355147838592529 
v 2.1321957111358643 2.2838222980499268 -7.344107151031494 
v 2.1397435665130615 2.305682897567749 -7.33713436126709 
v 2.145064115524292 2.329094648361206 -7.334461212158203 
v 2.148033857345581 2.3530704975128174 -7.336088180541992 
v 2.1482810974121094 2.3764822483062744 -7.342131614685059 
v 2.1460540294647217 2.3983428478240967 -7.352126121520996 
v 2.141228437423706 2.4178056716918945 -7.365839958190918 
v 2.1341755390167236 2.4337425231933594 -7.382458686828613 
v 2.125143051147461 2.445730447769165 -7.401401996612549 
v 2.1146254539489746 2.4532053470611572 -7.42185640335083 
v 2.1028709411621094 2.4556028842926025 -7.442891597747803 
v 2.0904974937438965 2.4532053470611572 -7.463578224182129 
v 2.089012622833252 2.4567313194274902 -7.463461875915527 
v 2.076267957687378 2.44911527633667 -7.4834513664245605 
v 2.0640182495117188 2.436704397201538 -7.501348972320557 
v 2.0527584552764893 2.42020320892334 -7.516224384307861 
v 2.043107271194458 2.4003171920776367 -7.5274977684021 
v 2.0353121757507324 2.377751588821411 -7.534703254699707 
v 2.0297441482543945 2.3536345958709717 -7.537492275238037 
v 2.0267744064331055 2.328953504562378 -7.5357489585876465 
v 2.026526927947998 2.3048365116119385 -7.529589653015137 
v 2.028754234313965 2.282412052154541 -7.5192461013793945 
v 2.033703565597534 2.262385129928589 -7.505184173583984 
v 2.041003942489624 2.2458839416503906 -7.487983703613281 
v 2.050283908843994 2.233613967895508 -7.468459606170654 
v 2.0611724853515625 2.2259979248046875 -7.447423934936523 
v 2.073298454284668 2.223318338394165 -7.425807952880859 
v 2.0859193801879883 2.2259979248046875 -7.404540061950684 
v 2.098663806915283 2.233613967895508 -7.38455057144165 
v 2.111037254333496 2.2458839416503906 -7.366769313812256 
v 2.122173309326172 2.262385129928589 -7.351893901824951 
v 2.131948232650757 2.282412052154541 -7.340620517730713 
v 2.1397435665130615 2.3048365116119385 -7.3334150314331055 
v 2.1451878547668457 2.328953504562378 -7.330626010894775 
v 2.1482810974121094 2.3536345958709717 -7.3322529792785645 
v 2.148528575897217 2.377751588821411 -7.338528633117676 
v 2.1461777687072754 2.4003171920776367 -7.348872184753418 
v 2.1413521766662598 2.42020320892334 -7.362934589385986 
v 2.13405179977417 2.436704397201538 -7.38001823425293 
v 2.1247718334198 2.44911527633667 -7.399542808532715 
v 2.1138832569122314 2.4567313194274902 -7.4205780029296875 
v 2.101757287979126 2.4592700004577637 -7.442310333251953 
v 2.089012622833252 2.4567313194274902 -7.463461875915527 
v 2.088641405105591 2.4605391025543213 -7.4641594886779785 
v 2.075401782989502 2.452641248703003 -7.484729766845703 
v 2.0627810955047607 2.439948081970215 -7.503208160400391 
v 2.05115008354187 2.4228827953338623 -7.518548965454102 
v 2.0411276817321777 2.402291774749756 -7.530170440673828 
v 2.0330848693847656 2.379020929336548 -7.537608623504639 
v 2.027393102645874 2.354198932647705 -7.54051399230957 
v 2.0242998600006104 2.328671455383301 -7.538654327392578 
v 2.024052381515503 2.303849220275879 -7.532378673553467 
v 2.0264031887054443 2.28057861328125 -7.521686553955078 
v 2.0314762592315674 2.2599873542785645 -7.50715970993042 
v 2.0390241146087646 2.242922306060791 -7.489378452301025 
v 2.048551559448242 2.230229139328003 -7.469273090362549 
v 2.0598113536834717 2.2223310470581055 -7.447540283203125 
v 2.0723085403442383 2.219651460647583 -7.42522668838501 
v 2.0854244232177734 2.2223310470581055 -7.403261661529541 
v 2.0985400676727295 2.230229139328003 -7.382691383361816 
v 2.11116099357605 2.242922306060791 -7.364328861236572 
v 2.1227920055389404 2.2599873542785645 -7.3489885330200195 
v 2.132814407348633 2.28057861328125 -7.337250232696533 
v 2.140857219696045 2.303849220275879 -7.329928874969482 
v 2.1465489864349365 2.328671455383301 -7.327023506164551 
v 2.1496422290802 2.354198932647705 -7.328766345977783 
v 2.1500134468078613 2.379020929336548 -7.335158348083496 
v 2.147538900375366 2.402291774749756 -7.345850467681885 
v 2.142465829849243 2.4228827953338623 -7.3602614402771 
v 2.1350417137145996 2.439948081970215 -7.378042697906494 
v 2.1253905296325684 2.452641248703003 -7.398148059844971 
v 2.114130735397339 2.4605391025543213 -7.4198808670043945 
v 2.101757287979126 2.4630777835845947 -7.44219446182251 
v 2.088641405105591 2.4605391025543213 -7.4641594886779785 
v 2.0891363620758057 2.4640650749206543 -7.465437889099121 
v 2.0756492614746094 2.456026077270508 -7.486705303192139 
v 2.0625336170196533 2.4429097175598145 -7.505648612976074 
v 2.0505313873291016 2.4252805709838867 -7.521454334259033 
v 2.0402615070343018 2.404125213623047 -7.5334248542785645 
v 2.0319712162017822 2.3801493644714355 -7.541094779968262 
v 2.026155710220337 2.3544809818267822 -7.544000625610352 
v 2.0229387283325195 2.3282482624053955 -7.542257308959961 
v 2.0225675106048584 2.3025801181793213 -7.535632610321045 
v 2.0250420570373535 2.278604030609131 -7.524708271026611 
v 2.0302388668060303 2.257307767868042 -7.509716510772705 
v 2.038034200668335 2.2398195266723633 -7.4914703369140625 
v 2.0479328632354736 2.22670316696167 -7.470667362213135 
v 2.0595638751983643 2.2186641693115234 -7.448237419128418 
v 2.0723085403442383 2.215843439102173 -7.42522668838501 
v 2.0857956409454346 2.2186641693115234 -7.402680397033691 
v 2.0994062423706055 2.22670316696167 -7.381412982940674 
v 2.1125221252441406 2.2398195266723633 -7.362469673156738 
v 2.1244006156921387 2.257307767868042 -7.346663951873779 
v 2.134794235229492 2.278604030609131 -7.334577560424805 
v 2.1430842876434326 2.3025801181793213 -7.327023506164551 
v 2.148899793624878 2.3282482624053955 -7.324001789093018 
v 2.1521170139312744 2.3544809818267822 -7.325860977172852 
v 2.1524882316589355 2.3801493644714355 -7.332369327545166 
v 2.1500134468078613 2.404125213623047 -7.343410015106201 
v 2.144692897796631 2.4252805709838867 -7.358401775360107 
v 2.13702130317688 2.4429097175598145 -7.37664794921875 
v 2.127122640609741 2.456026077270508 -7.397450923919678 
v 2.1154916286468506 2.4640650749206543 -7.419764518737793 
v 2.102623462677002 2.4667446613311768 -7.442775249481201 
v 2.0891363620758057 2.4640650749206543 -7.465437889099121 
v 2.090744972229004 2.467167854309082 -7.46706485748291 
v 2.0767629146575928 2.4588468074798584 -7.488913536071777 
v 2.0633997917175293 2.445307493209839 -7.5084381103515625 
v 2.0510263442993164 2.427396059036255 -7.524592399597168 
v 2.040508985519409 2.4055354595184326 -7.537027359008789 
v 2.0319712162017822 2.380854368209839 -7.544814109802246 
v 2.0259082317352295 2.3546218872070312 -7.547951698303223 
v 2.022691249847412 2.327684164047241 -7.545976161956787 
v 2.022320032119751 2.3013107776641846 -7.539235591888428 
v 2.0249183177948 2.276629686355591 -7.527962684631348 
v 2.0302388668060303 2.2549102306365967 -7.512621879577637 
v 2.0381579399108887 2.2368576526641846 -7.493794918060303 
v 2.0483040809631348 2.223318338394165 -7.472527027130127 
v 2.0603063106536865 2.2149972915649414 -7.4495158195495605 
v 2.0734221935272217 2.212176561355591 -7.425923824310303 
v 2.0872802734375 2.2149972915649414 -7.402680397033691 
v 2.101262331008911 2.223318338394165 -7.380831718444824 
v 2.1146254539489746 2.2368576526641846 -7.361423492431641 
v 2.126875162124634 2.2549102306365967 -7.345153331756592 
v 2.1375162601470947 2.276629686355591 -7.332834243774414 
v 2.1460540294647217 2.3013107776641846 -7.324931621551514 
v 2.1521170139312744 2.327684164047241 -7.3219099044799805 
v 2.155333995819092 2.3546218872070312 -7.3237690925598145 
v 2.155705213546753 2.380854368209839 -7.330509662628174 
v 2.153106927871704 2.4055354595184326 -7.341783046722412 
v 2.1477863788604736 2.427396059036255 -7.357123374938965 
v 2.1398673057556152 2.445307493209839 -7.375950813293457 
v 2.129721164703369 2.4588468074798584 -7.397218227386475 
v 2.1177189350128174 2.467167854309082 -7.420229434967041 
v 2.1046030521392822 2.4699885845184326 -7.443821430206299 
v 2.090744972229004 2.467167854309082 -7.46706485748291 
v 2.0930957794189453 2.4694244861602783 -7.469156742095947 
v 2.078866481781006 2.4609622955322266 -7.491353988647461 
v 2.065131902694702 2.44714093208313 -7.511227130889893 
v 2.0526347160339355 2.4288063049316406 -7.527846336364746 
v 2.041746139526367 2.406522750854492 -7.540397644042969 
v 2.0330848693847656 2.381418466567993 -7.548532962799072 
v 2.026898145675659 2.3544809818267822 -7.5515546798706055 
v 2.023681163787842 2.326979160308838 -7.549695014953613 
v 2.0233099460601807 2.300041437149048 -7.542838096618652 
v 2.0259082317352295 2.274937152862549 -7.531332969665527 
v 2.0313525199890137 2.2526535987854004 -7.51564359664917 
v 2.039395332336426 2.234318971633911 -7.496467590332031 
v 2.0497889518737793 2.2204976081848145 -7.474618911743164 
v 2.0620386600494385 2.212035655975342 -7.451143264770508 
v 2.075401782989502 2.209214925765991 -7.427086353302002 
v 2.0896313190460205 2.212035655975342 -7.403378009796143 
v 2.10386061668396 2.2204976081848145 -7.381064414978027 
v 2.11747145652771 2.234318971633911 -7.361191272735596 
v 2.1300923824310303 2.2526535987854004 -7.344572067260742 
v 2.140857219696045 2.274937152862549 -7.3320207595825195 
v 2.1496422290802 2.300041437149048 -7.324001789093018 
v 2.155705213546753 2.326979160308838 -7.320863723754883 
v 2.159046173095703 2.3544809818267822 -7.322839260101318 
v 2.1594173908233643 2.381418466567993 -7.329696178436279 
v 2.1568188667297363 2.406522750854492 -7.3412017822265625 
v 2.151374578475952 2.4288063049316406 -7.35689115524292 
v 2.1432080268859863 2.44714093208313 -7.3760666847229 
v 2.1329381465911865 2.4609622955322266 -7.397799491882324 
v 2.1206884384155273 2.4694244861602783 -7.4212751388549805 
v 2.10720157623291 2.472245216369629 -7.445448398590088 
v 2.0930957794189453 2.4694244861602783 -7.469156742095947 
v 2.0960655212402344 2.470693826675415 -7.471248626708984 
v 2.0815885066986084 2.461949586868286 -7.493794918060303 
v 2.06773042678833 2.4481282234191895 -7.514016628265381 
v 2.0551095008850098 2.429370403289795 -7.530751705169678 
v 2.0440971851348877 2.4069459438323975 -7.5435357093811035 
v 2.0353121757507324 2.381418466567993 -7.551670551300049 
v 2.0290017127990723 2.354198932647705 -7.554808616638184 
v 2.025660753250122 2.3262739181518555 -7.552833080291748 
v 2.025289535522461 2.2990541458129883 -7.5458598136901855 
v 2.027888059616089 2.273526906967163 -7.534238338470459 
v 2.0334560871124268 2.2511022090911865 -7.518316268920898 
v 2.041746139526367 2.232344627380371 -7.498908042907715 
v 2.0521399974823 2.2185232639312744 -7.476827144622803 
v 2.0645132064819336 2.2099199295043945 -7.453118801116943 
v 2.0781240463256836 2.206958293914795 -7.4285969734191895 
v 2.0924770832061768 2.2099199295043945 -7.404656410217285 
v 2.1069540977478027 2.2185232639312744 -7.381993770599365 
v 2.120812177658081 2.232344627380371 -7.361888408660889 
v 2.133556842803955 2.2511022090911865 -7.34503698348999 
v 2.1444454193115234 2.273526906967163 -7.332369327545166 
v 2.1533544063568115 2.2990541458129883 -7.3242340087890625 
v 2.159540891647339 2.3262739181518555 -7.321096420288086 
v 2.162881851196289 2.354198932647705 -7.32295560836792 
v 2.16325306892395 2.381418466567993 -7.329928874969482 
v 2.1606545448303223 2.4069459438323975 -7.3416666984558105 
v 2.1550865173339844 2.429370403289795 -7.357588291168213 
v 2.1469202041625977 2.4481282234191895 -7.3769965171813965 
v 2.1364028453826904 2.461949586868286 -7.399077892303467 
v 2.1240293979644775 2.470693826675415 -7.422786235809326 
v 2.1104185581207275 2.4735143184661865 -7.4471917152404785 
v 2.0960655212402344 2.470693826675415 -7.471248626708984 
v 2.0992825031280518 2.470693826675415 -7.4733405113220215 
v 2.084805727005005 2.462090492248535 -7.496002674102783 
v 2.0709474086761475 2.4479870796203613 -7.516224384307861 
v 2.058079242706299 2.429370403289795 -7.53307580947876 
v 2.0470666885375977 2.4066638946533203 -7.5458598136901855 
v 2.0382816791534424 2.381136417388916 -7.553995132446289 
v 2.0319712162017822 2.3537757396698 -7.557249069213867 
v 2.028630495071411 2.325709819793701 -7.555273532867432 
v 2.02825927734375 2.298348903656006 -7.548300266265869 
v 2.030857563018799 2.2728216648101807 -7.536562442779541 
v 2.0364255905151367 2.250114917755127 -7.520524501800537 
v 2.0447158813476562 2.2313573360443115 -7.5011162757873535 
v 2.0552332401275635 2.2173948287963867 -7.47891902923584 
v 2.0676066875457764 2.208791732788086 -7.454977989196777 
v 2.081341028213501 2.2058300971984863 -7.430456638336182 
v 2.095818042755127 2.208791732788086 -7.406283378601074 
v 2.110294818878174 2.2173948287963867 -7.3836212158203125 
v 2.1241531372070312 2.2313573360443115 -7.363399028778076 
v 2.1368978023529053 2.250114917755127 -7.346547603607178 
v 2.148033857345581 2.2728216648101807 -7.33376407623291 
v 2.1568188667297363 2.298348903656006 -7.325628757476807 
v 2.1631293296813965 2.325709819793701 -7.3223748207092285 
v 2.1664700508117676 2.3537757396698 -7.324350357055664 
v 2.1668412685394287 2.381136417388916 -7.331323146820068 
v 2.164119243621826 2.4066638946533203 -7.343061447143555 
v 2.1585512161254883 2.429370403289795 -7.359099388122559 
v 2.1503846645355225 2.4479870796203613 -7.378507614135742 
v 2.1398673057556152 2.462090492248535 -7.400704860687256 
v 2.1273701190948486 2.470693826675415 -7.42464542388916 
v 2.1137595176696777 2.4736554622650146 -7.449167251586914 
v 2.0992825031280518 2.470693826675415 -7.4733405113220215 
v 2.121183395385742 2.4647703170776367 -7.472991943359375 
v 2.2670657634735107 2.4647703170776367 -7.557249069213867 
v 2.1224207878112793 2.4588468074798584 -7.470783710479736 
v 2.268303155899048 2.4588468074798584 -7.5550408363342285 
v 2.125514268875122 2.456308126449585 -7.465670108795166 
v 2.2713966369628906 2.456308126449585 -7.549811363220215 
v 2.128483772277832 2.4588468074798584 -7.460440635681152 
v 2.2743661403656006 2.4588468074798584 -7.5446977615356445 
v 2.129721164703369 2.4647703170776367 -7.458232402801514 
v 2.2756035327911377 2.4647703170776367 -7.542489528656006 
v 2.128483772277832 2.470834732055664 -7.460440635681152 
v 2.2743661403656006 2.470834732055664 -7.5446977615356445 
v 2.125514268875122 2.4732322692871094 -7.465670108795166 
v 2.2713966369628906 2.4732322692871094 -7.549811363220215 
v 2.1224207878112793 2.470834732055664 -7.470783710479736 
v 2.268303155899048 2.470834732055664 -7.5550408363342285 
v 2.121183395385742 2.4647703170776367 -7.472991943359375 
v 2.2670657634735107 2.4647703170776367 -7.557249069213867 
v 2.1266276836395264 2.4533464908599854 -7.465670108795166 
v 2.1277413368225098 2.4534873962402344 -7.463113307952881 
v 2.1247718334198 2.448974370956421 -7.464624404907227 
v 2.125885248184204 2.449256420135498 -7.462067604064941 
v 2.119203805923462 2.4426276683807373 -7.461486339569092 
v 2.12044095993042 2.4429097175598145 -7.458929538726807 
v 2.112274646759033 2.438537836074829 -7.457418918609619 
v 2.113635778427124 2.4389607906341553 -7.454977989196777 
v 2.1046030521392822 2.4371273517608643 -7.453002452850342 
v 2.1060879230499268 2.4375505447387695 -7.450562000274658 
v 2.0969316959381104 2.438537836074829 -7.448586463928223 
v 2.0985400676727295 2.4389607906341553 -7.446145534515381 
v 2.0900025367736816 2.4426276683807373 -7.444634914398193 
v 2.09161114692688 2.4429097175598145 -7.44219446182251 
v 2.0845582485198975 2.448974370956421 -7.441380977630615 
v 2.0861668586730957 2.449256420135498 -7.439056396484375 
v 2.0810935497283936 2.4570133686065674 -7.4394049644470215 
v 2.082702159881592 2.4571542739868164 -7.4370808601379395 
v 2.0798563957214355 2.4658985137939453 -7.4387078285217285 
v 2.0815885066986084 2.4658985137939453 -7.4363837242126465 
v 2.0810935497283936 2.4747836589813232 -7.4394049644470215 
v 2.082702159881592 2.474642753601074 -7.4370808601379395 
v 2.0845582485198975 2.4826817512512207 -7.441380977630615 
v 2.0861668586730957 2.4825406074523926 -7.439056396484375 
v 2.0900025367736816 2.489028215408325 -7.444634914398193 
v 2.09161114692688 2.488746166229248 -7.44219446182251 
v 2.0969316959381104 2.4931182861328125 -7.448586463928223 
v 2.0985400676727295 2.4928362369537354 -7.446145534515381 
v 2.1046030521392822 2.4945285320281982 -7.453002452850342 
v 2.1060879230499268 2.494246482849121 -7.450562000274658 
v 2.112274646759033 2.4931182861328125 -7.457418918609619 
v 2.113635778427124 2.4928362369537354 -7.454977989196777 
v 2.119203805923462 2.489028215408325 -7.461486339569092 
v 2.12044095993042 2.488746166229248 -7.458929538726807 
v 2.1247718334198 2.4826817512512207 -7.464624404907227 
v 2.125885248184204 2.4825406074523926 -7.462067604064941 
v 2.1282362937927246 2.4747836589813232 -7.466599941253662 
v 2.1294736862182617 2.474642753601074 -7.464043140411377 
v 2.1294736862182617 2.4658985137939453 -7.467297077178955 
v 2.130587339401245 2.4658985137939453 -7.46474027633667 
v 2.1282362937927246 2.4570133686065674 -7.466599941253662 
v 2.1294736862182617 2.4571542739868164 -7.464043140411377 
v 2.1283600330352783 2.4539105892181396 -7.460440635681152 
v 2.1265039443969727 2.4498205184936523 -7.459394454956055 
v 2.121307134628296 2.443756103515625 -7.4563727378845215 
v 2.1147491931915283 2.439807176589966 -7.452537536621094 
v 2.107325315475464 2.438396692276001 -7.4483537673950195 
v 2.100024938583374 2.439807176589966 -7.444053649902344 
v 2.0934669971466064 2.443756103515625 -7.440334796905518 
v 2.088146448135376 2.4498205184936523 -7.437197208404541 
v 2.084805727005005 2.4574363231658936 -7.435337543487549 
v 2.0835683345794678 2.4658985137939453 -7.434640407562256 
v 2.084805727005005 2.474360704421997 -7.435337543487549 
v 2.088146448135376 2.4819765090942383 -7.437197208404541 
v 2.0934669971466064 2.4880409240722656 -7.440334796905518 
v 2.100024938583374 2.491990089416504 -7.444053649902344 
v 2.107325315475464 2.4932594299316406 -7.4483537673950195 
v 2.1147491931915283 2.491990089416504 -7.452537536621094 
v 2.121307134628296 2.4880409240722656 -7.4563727378845215 
v 2.1265039443969727 2.4819765090942383 -7.459394454956055 
v 2.1299686431884766 2.474360704421997 -7.46136999130249 
v 2.13108229637146 2.4658985137939453 -7.462067604064941 
v 2.1299686431884766 2.4574363231658936 -7.46136999130249 
v 2.1282362937927246 2.454474687576294 -7.4579997062683105 
v 2.1265039443969727 2.450666666030884 -7.457070350646973 
v 2.1215546131134033 2.4448843002319336 -7.454164505004883 
v 2.115367889404297 2.4412174224853516 -7.450562000274658 
v 2.1083152294158936 2.439948081970215 -7.446610450744629 
v 2.101386070251465 2.4412174224853516 -7.442543029785156 
v 2.0951993465423584 2.4448843002319336 -7.438940048217773 
v 2.090250015258789 2.450666666030884 -7.436034679412842 
v 2.0870327949523926 2.457859516143799 -7.434291362762451 
v 2.0859193801879883 2.4658985137939453 -7.433594226837158 
v 2.0870327949523926 2.473937511444092 -7.434291362762451 
v 2.090250015258789 2.481130361557007 -7.436034679412842 
v 2.0951993465423584 2.486912727355957 -7.438940048217773 
v 2.101386070251465 2.490579605102539 -7.442543029785156 
v 2.1083152294158936 2.491848945617676 -7.446610450744629 
v 2.115367889404297 2.490579605102539 -7.450562000274658 
v 2.1215546131134033 2.486912727355957 -7.454164505004883 
v 2.1265039443969727 2.481130361557007 -7.457070350646973 
v 2.129721164703369 2.473937511444092 -7.458929538726807 
v 2.1308348178863525 2.4658985137939453 -7.459510803222656 
v 2.129721164703369 2.457859516143799 -7.458929538726807 
v 2.1274938583374023 2.4553208351135254 -7.456140518188477 
v 2.125885248184204 2.4516539573669434 -7.4552106857299805 
v 2.121307134628296 2.4464356899261475 -7.452537536621094 
v 2.1154916286468506 2.4429097175598145 -7.449167251586914 
v 2.1090574264526367 2.441781520843506 -7.445448398590088 
v 2.102623462677002 2.4429097175598145 -7.441729545593262 
v 2.0968079566955566 2.4464356899261475 -7.438359260559082 
v 2.0921058654785156 2.4516539573669434 -7.435686111450195 
v 2.0891363620758057 2.458423614501953 -7.433942794799805 
v 2.088146448135376 2.4658985137939453 -7.433362007141113 
v 2.0891363620758057 2.4733734130859375 -7.433942794799805 
v 2.0921058654785156 2.480001926422119 -7.435686111450195 
v 2.0968079566955566 2.485361337661743 -7.438359260559082 
v 2.102623462677002 2.488746166229248 -7.441729545593262 
v 2.1090574264526367 2.4900155067443848 -7.445448398590088 
v 2.1154916286468506 2.488746166229248 -7.449167251586914 
v 2.121307134628296 2.485361337661743 -7.452537536621094 
v 2.125885248184204 2.480001926422119 -7.4552106857299805 
v 2.128854990005493 2.4733734130859375 -7.456954002380371 
v 2.129844903945923 2.4658985137939453 -7.4575347900390625 
v 2.128854990005493 2.458423614501953 -7.456954002380371 
v 2.1261327266693115 2.456167221069336 -7.454862117767334 
v 2.124648094177246 2.45292329788208 -7.453932285308838 
v 2.12044095993042 2.4479870796203613 -7.451491832733154 
v 2.1151204109191895 2.4448843002319336 -7.448470115661621 
v 2.109304904937744 2.443756103515625 -7.445099830627441 
v 2.103365659713745 2.4448843002319336 -7.44161319732666 
v 2.0980451107025146 2.4479870796203613 -7.438591480255127 
v 2.0938382148742676 2.45292329788208 -7.436151027679443 
v 2.091116189956665 2.4589877128601074 -7.434524059295654 
v 2.0901262760162354 2.4658985137939453 -7.434059143066406 
v 2.091116189956665 2.472668170928955 -7.434524059295654 
v 2.0938382148742676 2.4788737297058105 -7.436151027679443 
v 2.0980451107025146 2.4836690425872803 -7.438591480255127 
v 2.103365659713745 2.486771821975708 -7.44161319732666 
v 2.109304904937744 2.4879000186920166 -7.445099830627441 
v 2.1151204109191895 2.486771821975708 -7.448470115661621 
v 2.12044095993042 2.4836690425872803 -7.451491832733154 
v 2.124648094177246 2.4788737297058105 -7.453932285308838 
v 2.1273701190948486 2.472668170928955 -7.455559253692627 
v 2.1283600330352783 2.4658985137939453 -7.456024169921875 
v 2.1273701190948486 2.4589877128601074 -7.455559253692627 
v 2.123039484024048 2.4540514945983887 -7.453583717346191 
v 2.119203805923462 2.4496796131134033 -7.451375484466553 
v 2.1143782138824463 2.4468588829040527 -7.448586463928223 
v 2.1090574264526367 2.445871591567993 -7.445448398590088 
v 2.1036131381988525 2.4468588829040527 -7.442310333251953 
v 2.098787546157837 2.4496796131134033 -7.439521312713623 
v 2.094951868057251 2.4540514945983887 -7.437313079833984 
v 2.0926008224487305 2.45969295501709 -7.435918807983398 
v 2.0917348861694336 2.4658985137939453 -7.43545389175415 
v 2.0926008224487305 2.472104072570801 -7.435918807983398 
v 2.094951868057251 2.477604389190674 -7.437313079833984 
v 2.098787546157837 2.4821176528930664 -7.439521312713623 
v 2.1036131381988525 2.484938383102417 -7.442310333251953 
v 2.1090574264526367 2.4859254360198975 -7.445448398590088 
v 2.1143782138824463 2.484938383102417 -7.448586463928223 
v 2.119203805923462 2.4821176528930664 -7.451375484466553 
v 2.123039484024048 2.477604389190674 -7.453583717346191 
v 2.125514268875122 2.472104072570801 -7.454977989196777 
v 2.126380205154419 2.4658985137939453 -7.455442905426025 
v 2.125514268875122 2.45969295501709 -7.454977989196777 
v 2.1210596561431885 2.4551799297332764 -7.453932285308838 
v 2.1175951957702637 2.451231002807617 -7.451956748962402 
v 2.113264560699463 2.4485511779785156 -7.449399948120117 
v 2.1083152294158936 2.447705030441284 -7.446610450744629 
v 2.103489398956299 2.4485511779785156 -7.443821430206299 
v 2.099158763885498 2.451231002807617 -7.441264629364014 
v 2.0956943035125732 2.4551799297332764 -7.439172744750977 
v 2.0934669971466064 2.460257053375244 -7.437894344329834 
v 2.0926008224487305 2.4658985137939453 -7.4375457763671875 
v 2.0934669971466064 2.4715399742126465 -7.437894344329834 
v 2.0956943035125732 2.4764761924743652 -7.439172744750977 
v 2.099158763885498 2.4805662631988525 -7.441264629364014 
v 2.103489398956299 2.483104705810547 -7.443821430206299 
v 2.1083152294158936 2.4840919971466064 -7.446610450744629 
v 2.113264560699463 2.483104705810547 -7.449399948120117 
v 2.1175951957702637 2.4805662631988525 -7.451956748962402 
v 2.1210596561431885 2.4764761924743652 -7.453932285308838 
v 2.1232869625091553 2.4715399742126465 -7.4552106857299805 
v 2.1241531372070312 2.4658985137939453 -7.4556756019592285 
v 2.1232869625091553 2.460257053375244 -7.4552106857299805 
v 2.119080066680908 2.456026077270508 -7.455094337463379 
v 2.1158628463745117 2.452359199523926 -7.453235149383545 
v 2.1117796897888184 2.4499616622924805 -7.450910568237305 
v 2.107325315475464 2.44911527633667 -7.4483537673950195 
v 2.1028709411621094 2.4499616622924805 -7.445796966552734 
v 2.0989112854003906 2.452359199523926 -7.443472862243652 
v 2.0956943035125732 2.456026077270508 -7.44161319732666 
v 2.09359073638916 2.4606802463531494 -7.440451145172119 
v 2.092848300933838 2.4658985137939453 -7.439986228942871 
v 2.09359073638916 2.470975875854492 -7.440451145172119 
v 2.0956943035125732 2.475630044937134 -7.44161319732666 
v 2.0989112854003906 2.479437828063965 -7.443472862243652 
v 2.1028709411621094 2.481694459915161 -7.445796966552734 
v 2.107325315475464 2.4825406074523926 -7.4483537673950195 
v 2.1117796897888184 2.481694459915161 -7.450910568237305 
v 2.1158628463745117 2.479437828063965 -7.453235149383545 
v 2.119080066680908 2.475630044937134 -7.455094337463379 
v 2.1210596561431885 2.470975875854492 -7.45625638961792 
v 2.1218020915985107 2.4658985137939453 -7.456721305847168 
v 2.1210596561431885 2.4606802463531494 -7.45625638961792 
v 2.117100238800049 2.456590175628662 -7.456954002380371 
v 2.114130735397339 2.453064441680908 -7.4552106857299805 
v 2.110294818878174 2.450807809829712 -7.453002452850342 
v 2.1060879230499268 2.4501025676727295 -7.450562000274658 
v 2.1018810272216797 2.450807809829712 -7.448121547698975 
v 2.0980451107025146 2.453064441680908 -7.445913314819336 
v 2.0950756072998047 2.456590175628662 -7.444169998168945 
v 2.0930957794189453 2.4609622955322266 -7.443007946014404 
v 2.0924770832061768 2.4658985137939453 -7.442659378051758 
v 2.0930957794189453 2.470693826675415 -7.443007946014404 
v 2.0950756072998047 2.4750657081604004 -7.444169998168945 
v 2.0980451107025146 2.4785916805267334 -7.445913314819336 
v 2.1018810272216797 2.4808483123779297 -7.448121547698975 
v 2.1060879230499268 2.481553316116333 -7.450562000274658 
v 2.110294818878174 2.4808483123779297 -7.453002452850342 
v 2.114130735397339 2.4785916805267334 -7.4552106857299805 
v 2.117100238800049 2.4750657081604004 -7.456954002380371 
v 2.119080066680908 2.470693826675415 -7.4579997062683105 
v 2.1196987628936768 2.4658985137939453 -7.458464622497559 
v 2.119080066680908 2.4609622955322266 -7.4579997062683105 
v 2.1154916286468506 2.4567313194274902 -7.459278106689453 
v 2.1125221252441406 2.4533464908599854 -7.4575347900390625 
v 2.1088099479675293 2.451231002807617 -7.455442905426025 
v 2.1046030521392822 2.4503846168518066 -7.453002452850342 
v 2.100519895553589 2.451231002807617 -7.45067834854126 
v 2.0968079566955566 2.4533464908599854 -7.448470115661621 
v 2.0938382148742676 2.4567313194274902 -7.4467267990112305 
v 2.091982126235962 2.4611034393310547 -7.445681095123291 
v 2.0912399291992188 2.4658985137939453 -7.445332050323486 
v 2.091982126235962 2.470693826675415 -7.445681095123291 
v 2.0938382148742676 2.4749248027801514 -7.4467267990112305 
v 2.0968079566955566 2.4783096313476562 -7.448470115661621 
v 2.100519895553589 2.4805662631988525 -7.45067834854126 
v 2.1046030521392822 2.481271266937256 -7.453002452850342 
v 2.1088099479675293 2.4805662631988525 -7.455442905426025 
v 2.1125221252441406 2.4783096313476562 -7.4575347900390625 
v 2.1154916286468506 2.4749248027801514 -7.459278106689453 
v 2.1173477172851562 2.470693826675415 -7.460324287414551 
v 2.117966413497925 2.4658985137939453 -7.460789203643799 
v 2.1173477172851562 2.4611034393310547 -7.460324287414551 
v 2.1142544746398926 2.456590175628662 -7.461834907531738 
v 2.1112847328186035 2.453064441680908 -7.460091590881348 
v 2.1074490547180176 2.450807809829712 -7.457883834838867 
v 2.1032419204711914 2.4501025676727295 -7.455442905426025 
v 2.0990350246429443 2.450807809829712 -7.453002452850342 
v 2.0951993465423584 2.453064441680908 -7.450794219970703 
v 2.0922296047210693 2.456590175628662 -7.449051380157471 
v 2.090250015258789 2.4609622955322266 -7.448005199432373 
v 2.0896313190460205 2.4658985137939453 -7.447656631469727 
v 2.090250015258789 2.470693826675415 -7.448005199432373 
v 2.0922296047210693 2.4750657081604004 -7.449051380157471 
v 2.0951993465423584 2.4785916805267334 -7.450794219970703 
v 2.0990350246429443 2.4808483123779297 -7.453002452850342 
v 2.1032419204711914 2.481553316116333 -7.455442905426025 
v 2.1074490547180176 2.4808483123779297 -7.457883834838867 
v 2.1112847328186035 2.4785916805267334 -7.460091590881348 
v 2.1142544746398926 2.4750657081604004 -7.461834907531738 
v 2.116234064102173 2.470693826675415 -7.462996959686279 
v 2.1168527603149414 2.4658985137939453 -7.463346004486084 
v 2.116234064102173 2.4609622955322266 -7.462996959686279 
v 2.113635778427124 2.456026077270508 -7.464508056640625 
v 2.1104185581207275 2.452359199523926 -7.462648391723633 
v 2.106459140777588 2.4499616622924805 -7.460324287414551 
v 2.1020047664642334 2.44911527633667 -7.457651138305664 
v 2.097426652908325 2.4499616622924805 -7.455094337463379 
v 2.0934669971466064 2.452359199523926 -7.452770233154297 
v 2.090250015258789 2.456026077270508 -7.450910568237305 
v 2.088146448135376 2.4606802463531494 -7.449748516082764 
v 2.0875277519226074 2.4658985137939453 -7.449399948120117 
v 2.088146448135376 2.470975875854492 -7.449748516082764 
v 2.090250015258789 2.475630044937134 -7.450910568237305 
v 2.0934669971466064 2.479437828063965 -7.452770233154297 
v 2.097426652908325 2.481694459915161 -7.455094337463379 
v 2.1020047664642334 2.4825406074523926 -7.457651138305664 
v 2.106459140777588 2.481694459915161 -7.460324287414551 
v 2.1104185581207275 2.479437828063965 -7.462648391723633 
v 2.113635778427124 2.475630044937134 -7.464508056640625 
v 2.115739107131958 2.470975875854492 -7.465670108795166 
v 2.1163578033447266 2.4658985137939453 -7.4660186767578125 
v 2.115739107131958 2.4606802463531494 -7.465670108795166 
v 2.113635778427124 2.4551799297332764 -7.466832160949707 
v 2.11017107963562 2.451231002807617 -7.4648566246032715 
v 2.1058404445648193 2.4485511779785156 -7.462299823760986 
v 2.10089111328125 2.447705030441284 -7.459510803222656 
v 2.0960655212402344 2.4485511779785156 -7.456605434417725 
v 2.0917348861694336 2.451231002807617 -7.454164505004883 
v 2.088146448135376 2.4551799297332764 -7.452072620391846 
v 2.0859193801879883 2.460257053375244 -7.450794219970703 
v 2.085176944732666 2.4658985137939453 -7.450329303741455 
v 2.0859193801879883 2.4715399742126465 -7.450794219970703 
v 2.088146448135376 2.4764761924743652 -7.452072620391846 
v 2.0917348861694336 2.4805662631988525 -7.454164505004883 
v 2.0960655212402344 2.483104705810547 -7.456605434417725 
v 2.10089111328125 2.4840919971466064 -7.459510803222656 
v 2.1058404445648193 2.483104705810547 -7.462299823760986 
v 2.11017107963562 2.4805662631988525 -7.4648566246032715 
v 2.113635778427124 2.4764761924743652 -7.466832160949707 
v 2.1158628463745117 2.4715399742126465 -7.46811056137085 
v 2.116605281829834 2.4658985137939453 -7.468575477600098 
v 2.1158628463745117 2.460257053375244 -7.46811056137085 
v 2.1142544746398926 2.4540514945983887 -7.468691825866699 
v 2.1104185581207275 2.4496796131134033 -7.4664835929870605 
v 2.105592966079712 2.4468588829040527 -7.4636945724487305 
v 2.1002724170684814 2.445871591567993 -7.460556507110596 
v 2.094951868057251 2.4468588829040527 -7.4575347900390625 
v 2.0901262760162354 2.4496796131134033 -7.454745769500732 
v 2.0862903594970703 2.4540514945983887 -7.452537536621094 
v 2.083815813064575 2.45969295501709 -7.451026916503906 
v 2.082949638366699 2.4658985137939453 -7.450562000274658 
v 2.083815813064575 2.472104072570801 -7.451026916503906 
v 2.0862903594970703 2.477604389190674 -7.452537536621094 
v 2.0901262760162354 2.4821176528930664 -7.454745769500732 
v 2.094951868057251 2.484938383102417 -7.4575347900390625 
v 2.1002724170684814 2.4859254360198975 -7.460556507110596 
v 2.105592966079712 2.484938383102417 -7.4636945724487305 
v 2.1104185581207275 2.4821176528930664 -7.4664835929870605 
v 2.1142544746398926 2.477604389190674 -7.468691825866699 
v 2.1167290210723877 2.472104072570801 -7.470086574554443 
v 2.1175951957702637 2.4658985137939453 -7.470551490783691 
v 2.1167290210723877 2.45969295501709 -7.470086574554443 
v 2.1154916286468506 2.45292329788208 -7.46985387802124 
v 2.1112847328186035 2.4479870796203613 -7.467413425445557 
v 2.105964183807373 2.4448843002319336 -7.464391708374023 
v 2.100024938583374 2.443756103515625 -7.461021423339844 
v 2.0942094326019287 2.4448843002319336 -7.4575347900390625 
v 2.0887651443481445 2.4479870796203613 -7.4545135498046875 
v 2.0845582485198975 2.45292329788208 -7.452072620391846 
v 2.081835985183716 2.4589877128601074 -7.450445652008057 
v 2.08096981048584 2.4658985137939453 -7.449980735778809 
v 2.081835985183716 2.472668170928955 -7.450445652008057 
v 2.0845582485198975 2.4788737297058105 -7.452072620391846 
v 2.0887651443481445 2.4836690425872803 -7.4545135498046875 
v 2.0942094326019287 2.486771821975708 -7.4575347900390625 
v 2.100024938583374 2.4879000186920166 -7.461021423339844 
v 2.105964183807373 2.486771821975708 -7.464391708374023 
v 2.1112847328186035 2.4836690425872803 -7.467413425445557 
v 2.1154916286468506 2.4788737297058105 -7.46985387802124 
v 2.1182138919830322 2.472668170928955 -7.471480846405029 
v 2.119203805923462 2.4658985137939453 -7.472062110900879 
v 2.1182138919830322 2.4589877128601074 -7.471480846405029 
v 2.117100238800049 2.4516539573669434 -7.470318794250488 
v 2.1125221252441406 2.4464356899261475 -7.467645645141602 
v 2.1067066192626953 2.4429097175598145 -7.464275360107422 
v 2.1002724170684814 2.441781520843506 -7.460556507110596 
v 2.0938382148742676 2.4429097175598145 -7.4568376541137695 
v 2.0880227088928223 2.4464356899261475 -7.45346736907959 
v 2.083444595336914 2.4516539573669434 -7.450794219970703 
v 2.080475091934204 2.458423614501953 -7.449167251586914 
v 2.0793614387512207 2.4658985137939453 -7.448586463928223 
v 2.080475091934204 2.4733734130859375 -7.449167251586914 
v 2.083444595336914 2.480001926422119 -7.450794219970703 
v 2.0880227088928223 2.485361337661743 -7.45346736907959 
v 2.0938382148742676 2.488746166229248 -7.4568376541137695 
v 2.1002724170684814 2.4900155067443848 -7.460556507110596 
v 2.1067066192626953 2.488746166229248 -7.464275360107422 
v 2.1125221252441406 2.485361337661743 -7.467645645141602 
v 2.117100238800049 2.480001926422119 -7.470318794250488 
v 2.120069742202759 2.4733734130859375 -7.472062110900879 
v 2.121183395385742 2.4658985137939453 -7.4726433753967285 
v 2.120069742202759 2.458423614501953 -7.472062110900879 
v 2.119080066680908 2.450666666030884 -7.469970226287842 
v 2.114130735397339 2.4448843002319336 -7.46706485748291 
v 2.1078202724456787 2.4412174224853516 -7.463461875915527 
v 2.10089111328125 2.439948081970215 -7.459510803222656 
v 2.0939619541168213 2.4412174224853516 -7.455442905426025 
v 2.087775230407715 2.4448843002319336 -7.451840400695801 
v 2.082702159881592 2.450666666030884 -7.448935031890869 
v 2.079608917236328 2.457859516143799 -7.447075366973877 
v 2.0784952640533447 2.4658985137939453 -7.4464945793151855 
v 2.079608917236328 2.473937511444092 -7.447075366973877 
v 2.082702159881592 2.481130361557007 -7.448935031890869 
v 2.087775230407715 2.486912727355957 -7.451840400695801 
v 2.0939619541168213 2.490579605102539 -7.455442905426025 
v 2.10089111328125 2.491848945617676 -7.459510803222656 
v 2.1078202724456787 2.490579605102539 -7.463461875915527 
v 2.114130735397339 2.486912727355957 -7.46706485748291 
v 2.119080066680908 2.481130361557007 -7.469970226287842 
v 2.1222970485687256 2.473937511444092 -7.471829891204834 
v 2.123410701751709 2.4658985137939453 -7.472410678863525 
v 2.1222970485687256 2.457859516143799 -7.471829891204834 
v 2.121183395385742 2.4498205184936523 -7.468808174133301 
v 2.1158628463745117 2.443756103515625 -7.465786457061768 
v 2.109304904937744 2.439807176589966 -7.46195125579834 
v 2.1020047664642334 2.438396692276001 -7.457651138305664 
v 2.09458065032959 2.439807176589966 -7.45346736907959 
v 2.0880227088928223 2.443756103515625 -7.449632167816162 
v 2.082702159881592 2.4498205184936523 -7.446610450744629 
v 2.0793614387512207 2.4574363231658936 -7.444634914398193 
v 2.0782477855682373 2.4658985137939453 -7.444053649902344 
v 2.0793614387512207 2.474360704421997 -7.444634914398193 
v 2.082702159881592 2.4819765090942383 -7.446610450744629 
v 2.0880227088928223 2.4880409240722656 -7.449632167816162 
v 2.09458065032959 2.491990089416504 -7.45346736907959 
v 2.1020047664642334 2.4932594299316406 -7.457651138305664 
v 2.109304904937744 2.491990089416504 -7.46195125579834 
v 2.1158628463745117 2.4880409240722656 -7.465786457061768 
v 2.121183395385742 2.4819765090942383 -7.468808174133301 
v 2.1245243549346924 2.474360704421997 -7.470783710479736 
v 2.125638008117676 2.4658985137939453 -7.471364974975586 
v 2.1245243549346924 2.4574363231658936 -7.470783710479736 
v 2.123039484024048 2.449256420135498 -7.466948509216309 
v 2.1175951957702637 2.4429097175598145 -7.463810920715332 
v 2.1107897758483887 2.4389607906341553 -7.459859371185303 
v 2.1032419204711914 2.4375505447387695 -7.455442905426025 
v 2.0956943035125732 2.4389607906341553 -7.451143264770508 
v 2.0887651443481445 2.4429097175598145 -7.4471917152404785 
v 2.0833208560943604 2.449256420135498 -7.444053649902344 
v 2.0798563957214355 2.4571542739868164 -7.441961765289307 
v 2.078742742538452 2.4658985137939453 -7.441264629364014 
v 2.0798563957214355 2.474642753601074 -7.441961765289307 
v 2.0833208560943604 2.4825406074523926 -7.444053649902344 
v 2.0887651443481445 2.488746166229248 -7.4471917152404785 
v 2.0956943035125732 2.4928362369537354 -7.451143264770508 
v 2.1032419204711914 2.494246482849121 -7.455442905426025 
v 2.1107897758483887 2.4928362369537354 -7.459859371185303 
v 2.1175951957702637 2.488746166229248 -7.463810920715332 
v 2.123039484024048 2.4825406074523926 -7.466948509216309 
v 2.1266276836395264 2.474642753601074 -7.468924045562744 
v 2.1277413368225098 2.4658985137939453 -7.469621658325195 
v 2.1266276836395264 2.4571542739868164 -7.468924045562744 
v 2.1247718334198 2.448974370956421 -7.464624404907227 
v 2.119203805923462 2.4426276683807373 -7.461486339569092 
v 2.112274646759033 2.438537836074829 -7.457418918609619 
v 2.1046030521392822 2.4371273517608643 -7.453002452850342 
v 2.0969316959381104 2.438537836074829 -7.448586463928223 
v 2.0900025367736816 2.4426276683807373 -7.444634914398193 
v 2.0845582485198975 2.448974370956421 -7.441380977630615 
v 2.0810935497283936 2.4570133686065674 -7.4394049644470215 
v 2.0798563957214355 2.4658985137939453 -7.4387078285217285 
v 2.0810935497283936 2.4747836589813232 -7.4394049644470215 
v 2.0845582485198975 2.4826817512512207 -7.441380977630615 
v 2.0900025367736816 2.489028215408325 -7.444634914398193 
v 2.0969316959381104 2.4931182861328125 -7.448586463928223 
v 2.1046030521392822 2.4945285320281982 -7.453002452850342 
v 2.112274646759033 2.4931182861328125 -7.457418918609619 
v 2.119203805923462 2.489028215408325 -7.461486339569092 
v 2.1247718334198 2.4826817512512207 -7.464624404907227 
v 2.1282362937927246 2.4747836589813232 -7.466599941253662 
v 2.1294736862182617 2.4658985137939453 -7.467297077178955 
v 2.1282362937927246 2.4570133686065674 -7.466599941253662 
v 2.1266276836395264 2.4533464908599854 -7.465670108795166 
v 2.1250193119049072 2.4534873962402344 -7.467994689941406 
v 2.122915744781494 2.4539105892181396 -7.46985387802124 
v 2.120812177658081 2.454474687576294 -7.470900058746338 
v 2.118708848953247 2.4553208351135254 -7.471248626708984 
v 2.116976499557495 2.456167221069336 -7.470783710479736 
v 2.1156153678894043 2.4571542739868164 -7.469505310058594 
v 2.114872932434082 2.457859516143799 -7.467529773712158 
v 2.1147491931915283 2.4585647583007812 -7.465089321136475 
v 2.115367889404297 2.4589877128601074 -7.462416172027588 
v 2.1164815425872803 2.4591288566589355 -7.459859371185303 
v 2.1182138919830322 2.4589877128601074 -7.4575347900390625 
v 2.1201934814453125 2.4585647583007812 -7.4556756019592285 
v 2.1222970485687256 2.457859516143799 -7.454629421234131 
v 2.1244006156921387 2.4571542739868164 -7.454280853271484 
v 2.268303155899048 2.470834732055664 -7.5550408363342285 
v 2.2713966369628906 2.4732322692871094 -7.549811363220215 
v 2.2713966369628906 2.4647703170776367 -7.549811363220215 
v 2.2743661403656006 2.470834732055664 -7.5446977615356445 
v 2.2756035327911377 2.4647703170776367 -7.542489528656006 
v 2.2743661403656006 2.4588468074798584 -7.5446977615356445 
v 2.2713966369628906 2.456308126449585 -7.549811363220215 
v 2.268303155899048 2.4588468074798584 -7.5550408363342285 
v 2.2670657634735107 2.4647703170776367 -7.557249069213867 
v 2.122915744781494 2.4539105892181396 -7.46985387802124 
v 2.120812177658081 2.454474687576294 -7.470900058746338 
v 2.1215546131134033 2.456167221069336 -7.462764739990234 
v 2.118708848953247 2.4553208351135254 -7.471248626708984 
v 2.116976499557495 2.456167221069336 -7.470783710479736 
v 2.1156153678894043 2.4571542739868164 -7.469505310058594 
v 2.114872932434082 2.457859516143799 -7.467529773712158 
v 2.1147491931915283 2.4585647583007812 -7.465089321136475 
v 2.115367889404297 2.4589877128601074 -7.462416172027588 
v 2.1164815425872803 2.4591288566589355 -7.459859371185303 
v 2.1182138919830322 2.4589877128601074 -7.4575347900390625 
v 2.1201934814453125 2.4585647583007812 -7.4556756019592285 
v 2.1222970485687256 2.457859516143799 -7.454629421234131 
v 2.1244006156921387 2.4571542739868164 -7.454280853271484 
v 2.1261327266693115 2.456167221069336 -7.454862117767334 
v 2.1274938583374023 2.4553208351135254 -7.456140518188477 
v 2.1282362937927246 2.454474687576294 -7.4579997062683105 
v 2.1283600330352783 2.4539105892181396 -7.460440635681152 
v 2.1277413368225098 2.4534873962402344 -7.463113307952881 
v 2.1266276836395264 2.4533464908599854 -7.465670108795166 
v 2.1250193119049072 2.4534873962402344 -7.467994689941406 
v 2.116234064102173 2.4609622955322266 -7.462996959686279 
v 2.115739107131958 2.4606802463531494 -7.465670108795166 
v 2.1227920055389404 2.4589877128601074 -7.463461875915527 
v 2.1158628463745117 2.460257053375244 -7.46811056137085 
v 2.1167290210723877 2.45969295501709 -7.470086574554443 
v 2.1182138919830322 2.4589877128601074 -7.471480846405029 
v 2.120069742202759 2.458423614501953 -7.472062110900879 
v 2.1222970485687256 2.457859516143799 -7.471829891204834 
v 2.1245243549346924 2.4574363231658936 -7.470783710479736 
v 2.1266276836395264 2.4571542739868164 -7.468924045562744 
v 2.1282362937927246 2.4570133686065674 -7.466599941253662 
v 2.1294736862182617 2.4571542739868164 -7.464043140411377 
v 2.1299686431884766 2.4574363231658936 -7.46136999130249 
v 2.129721164703369 2.457859516143799 -7.458929538726807 
v 2.128854990005493 2.458423614501953 -7.456954002380371 
v 2.1273701190948486 2.4589877128601074 -7.455559253692627 
v 2.125514268875122 2.45969295501709 -7.454977989196777 
v 2.1232869625091553 2.460257053375244 -7.4552106857299805 
v 2.1210596561431885 2.4606802463531494 -7.45625638961792 
v 2.119080066680908 2.4609622955322266 -7.4579997062683105 
v 2.1173477172851562 2.4611034393310547 -7.460324287414551 
v 2.353839874267578 1.867915153503418 -7.153075695037842 
v 2.3507323265075684 1.901881456375122 -7.159964084625244 
v 2.27201247215271 1.867915153503418 -7.129310131072998 
v 2.2706313133239746 1.901881456375122 -7.136887550354004 
v 2.186732530593872 1.867915153503418 -7.125865936279297 
v 2.18742299079895 1.901881456375122 -7.133443355560303 
v 2.1031787395477295 1.867915153503418 -7.143087387084961 
v 2.105595588684082 1.901881456375122 -7.150320053100586 
v 2.0261852741241455 1.867915153503418 -7.179595947265625 
v 2.0303282737731934 1.901881456375122 -7.185795783996582 
v 1.9602400064468384 1.867915153503418 -7.233325958251953 
v 1.9657641649246216 1.901881456375122 -7.238836765289307 
v 1.908795714378357 1.867915153503418 -7.3015217781066895 
v 1.9157010316848755 1.901881456375122 -7.3053107261657715 
v 1.8756505250930786 1.867915153503418 -7.380050182342529 
v 1.8829010725021362 1.901881456375122 -7.382116794586182 
v 1.861840009689331 1.867915153503418 -7.464089393615723 
v 1.8694357872009277 1.901881456375122 -7.4644341468811035 
v 1.86874520778656 1.867915153503418 -7.549161911010742 
v 1.8763411045074463 1.901881456375122 -7.547440052032471 
v 1.895675778388977 1.867915153503418 -7.630101203918457 
v 1.902580976486206 1.901881456375122 -7.626657009124756 
v 1.9412504434585571 1.867915153503418 -7.702085971832275 
v 1.947119951248169 1.901881456375122 -7.697263717651367 
v 2.0027072429656982 1.867915153503418 -7.760982036590576 
v 2.0071957111358643 1.901881456375122 -7.755126953125 
v 2.0765936374664307 1.867915153503418 -7.803690433502197 
v 2.0797009468078613 1.901881456375122 -7.796802043914795 
v 2.1584208011627197 1.867915153503418 -7.827455997467041 
v 2.159801959991455 1.901881456375122 -7.819878578186035 
v 2.2437009811401367 1.867915153503418 -7.830900192260742 
v 2.2430102825164795 1.901881456375122 -7.823322772979736 
v 2.3272545337677 1.867915153503418 -7.813678741455078 
v 2.3248376846313477 1.901881456375122 -7.806446075439453 
v 2.4042482376098633 1.867915153503418 -7.777170181274414 
v 2.4001049995422363 1.901881456375122 -7.770970344543457 
v 2.470193386077881 1.867915153503418 -7.723440170288086 
v 2.4646692276000977 1.901881456375122 -7.717929363250732 
v 2.5216376781463623 1.867915153503418 -7.65524435043335 
v 2.5147323608398438 1.901881456375122 -7.651455402374268 
v 2.5547828674316406 1.867915153503418 -7.57671594619751 
v 2.547532320022583 1.901881456375122 -7.574649333953857 
v 2.5685932636260986 1.867915153503418 -7.492676734924316 
v 2.560997486114502 1.901881456375122 -7.4923319816589355 
v 2.561688184738159 1.867915153503418 -7.407604217529297 
v 2.5540924072265625 1.901881456375122 -7.409326076507568 
v 2.534757614135742 1.867915153503418 -7.326664924621582 
v 2.5278522968292236 1.901881456375122 -7.330109119415283 
v 2.489182949066162 1.867915153503418 -7.254680156707764 
v 2.4833133220672607 1.901881456375122 -7.259502410888672 
v 2.4277260303497314 1.867915153503418 -7.195784091949463 
v 2.4232375621795654 1.901881456375122 -7.201639175415039 
v 2.353839874267578 1.867915153503418 -7.153075695037842 
v 2.3507323265075684 1.901881456375122 -7.159964084625244 
v 2.3462440967559814 1.9369800090789795 -7.170985698699951 
v 2.2689051628112793 1.9369800090789795 -7.1485981941223145 
v 2.1884586811065674 1.9369800090789795 -7.145498275756836 
v 2.10939359664917 1.9369800090789795 -7.161685943603516 
v 2.036543130874634 1.9369800090789795 -7.1961283683776855 
v 1.974395751953125 1.9369800090789795 -7.247103214263916 
v 1.9260588884353638 1.9369800090789795 -7.31151008605957 
v 1.8942947387695312 1.9369800090789795 -7.385560989379883 
v 1.8815200328826904 1.9369800090789795 -7.464778423309326 
v 1.8880800008773804 1.9369800090789795 -7.5450286865234375 
v 1.913629412651062 1.9369800090789795 -7.621490955352783 
v 1.95644211769104 1.9369800090789795 -7.6896867752075195 
v 2.014446258544922 1.9369800090789795 -7.745482921600342 
v 2.0841894149780273 1.9369800090789795 -7.785780429840088 
v 2.1615283489227295 1.9369800090789795 -7.808167934417725 
v 2.2419745922088623 1.9369800090789795 -7.811267852783203 
v 2.3210396766662598 1.9369800090789795 -7.795080184936523 
v 2.393890380859375 1.9369800090789795 -7.7606377601623535 
v 2.4560375213623047 1.9369800090789795 -7.709662914276123 
v 2.5043745040893555 1.9369800090789795 -7.645256042480469 
v 2.5361385345458984 1.9369800090789795 -7.571205139160156 
v 2.5489134788513184 1.9369800090789795 -7.491987705230713 
v 2.542353391647339 1.9369800090789795 -7.411737442016602 
v 2.5168039798736572 1.9369800090789795 -7.335275173187256 
v 2.4739913940429688 1.9369800090789795 -7.2670793533325195 
v 2.415987014770508 1.9369800090789795 -7.211283206939697 
v 2.3462440967559814 1.9369800090789795 -7.170985698699951 
v 2.3383028507232666 1.9788718223571777 -7.189239978790283 
v 2.2657976150512695 1.9788718223571777 -7.167885780334473 
v 2.1898398399353027 1.9788718223571777 -7.165130138397217 
v 2.1156082153320312 1.9788718223571777 -7.1802849769592285 
v 2.047246217727661 1.9788718223571777 -7.212660789489746 
v 1.9885514974594116 1.9788718223571777 -7.260535717010498 
v 1.9429768323898315 1.9788718223571777 -7.3211541175842285 
v 1.913284182548523 1.9788718223571777 -7.391071796417236 
v 1.9011999368667603 1.9788718223571777 -7.465811729431152 
v 1.907069444656372 1.9788718223571777 -7.541240215301514 
v 1.931237816810608 1.9788718223571777 -7.613224506378174 
v 1.9716336727142334 1.9788718223571777 -7.677287578582764 
v 2.0261852741241455 1.9788718223571777 -7.729639530181885 
v 2.092130422592163 1.9788718223571777 -7.767526149749756 
v 2.16463565826416 1.9788718223571777 -7.788880348205566 
v 2.240593433380127 1.9788718223571777 -7.791635990142822 
v 2.3148250579833984 1.9788718223571777 -7.7764811515808105 
v 2.3831870555877686 1.9788718223571777 -7.744105339050293 
v 2.4418818950653076 1.9788718223571777 -7.696230411529541 
v 2.4874565601348877 1.9788718223571777 -7.6356120109558105 
v 2.5171492099761963 1.9788718223571777 -7.565694332122803 
v 2.529233455657959 1.9788718223571777 -7.490954399108887 
v 2.5233638286590576 1.9788718223571777 -7.415525913238525 
v 2.4991955757141113 1.9788718223571777 -7.343541622161865 
v 2.4587998390197754 1.9788718223571777 -7.279478549957275 
v 2.4042482376098633 1.9788718223571777 -7.227126598358154 
v 2.3383028507232666 1.9788718223571777 -7.189239978790283 
v 2.3275997638702393 2.0184991359710693 -7.214382648468018 
v 2.2613093852996826 2.0184991359710693 -7.195095062255859 
v 2.1922566890716553 2.0184991359710693 -7.192339897155762 
v 2.124239921569824 2.0184991359710693 -7.206116676330566 
v 2.0617473125457764 2.0184991359710693 -7.235736846923828 
v 2.0082314014434814 2.0184991359710693 -7.279478549957275 
v 1.9667999744415283 2.0184991359710693 -7.334930896759033 
v 1.9395241737365723 2.0184991359710693 -7.398649215698242 
v 1.9284757375717163 2.0184991359710693 -7.4668450355529785 
v 1.934000015258789 2.0184991359710693 -7.53572940826416 
v 1.9560967683792114 2.0184991359710693 -7.6015143394470215 
v 1.9930399656295776 2.0184991359710693 -7.659721851348877 
v 2.042757749557495 2.0184991359710693 -7.707941055297852 
v 2.1028335094451904 2.0184991359710693 -7.7423834800720215 
v 2.169124126434326 2.0184991359710693 -7.76167106628418 
v 2.2381765842437744 2.0184991359710693 -7.764426231384277 
v 2.3061935901641846 2.0184991359710693 -7.750649452209473 
v 2.3686861991882324 2.0184991359710693 -7.721029281616211 
v 2.4222018718719482 2.0184991359710693 -7.677287578582764 
v 2.4636332988739014 2.0184991359710693 -7.621835231781006 
v 2.4909090995788574 2.0184991359710693 -7.558116912841797 
v 2.501957654953003 2.0184991359710693 -7.4899210929870605 
v 2.4964334964752197 2.0184991359710693 -7.421036720275879 
v 2.474336624145508 2.0184991359710693 -7.355251789093018 
v 2.4373934268951416 2.0184991359710693 -7.297044277191162 
v 2.3876755237579346 2.0184991359710693 -7.2488250732421875 
v 2.3275997638702393 2.0184991359710693 -7.214382648468018 
v 2.3144798278808594 2.0524654388427734 -7.245380878448486 
v 2.2557849884033203 2.0524654388427734 -7.228504180908203 
v 2.194673538208008 2.0524654388427734 -7.226093292236328 
v 2.1349430084228516 2.0524654388427734 -7.238148212432861 
v 2.0800461769104004 2.0524654388427734 -7.264324188232422 
v 2.032745122909546 2.0524654388427734 -7.302899360656738 
v 1.9958020448684692 2.0524654388427734 -7.351807594299316 
v 1.9719789028167725 2.0524654388427734 -7.4079484939575195 
v 1.9623115062713623 2.0524654388427734 -7.468222618103027 
v 1.9671452045440674 2.0524654388427734 -7.5291852951049805 
v 1.9864799976348877 2.0524654388427734 -7.587048530578613 
v 2.018934726715088 2.0524654388427734 -7.638367652893066 
v 2.0631282329559326 2.0524654388427734 -7.680731773376465 
v 2.1159536838531494 2.0524654388427734 -7.711385250091553 
v 2.1746482849121094 2.0524654388427734 -7.728261947631836 
v 2.235759735107422 2.0524654388427734 -7.730672836303711 
v 2.295490264892578 2.0524654388427734 -7.718617916107178 
v 2.3503870964050293 2.0524654388427734 -7.692441940307617 
v 2.397688150405884 2.0524654388427734 -7.653866767883301 
v 2.43463134765625 2.0524654388427734 -7.604958534240723 
v 2.4584543704986572 2.0524654388427734 -7.5488176345825195 
v 2.4681217670440674 2.0524654388427734 -7.488543510437012 
v 2.4632880687713623 2.0524654388427734 -7.427580833435059 
v 2.443953514099121 2.0524654388427734 -7.369717597961426 
v 2.411498785018921 2.0524654388427734 -7.318398475646973 
v 2.367305040359497 2.0524654388427734 -7.276034355163574 
v 2.3144798278808594 2.0524654388427734 -7.245380878448486 
v 2.298943042755127 2.0864317417144775 -7.282234191894531 
v 2.249570369720459 2.0864317417144775 -7.267768383026123 
v 2.1981260776519775 2.0864317417144775 -7.265701770782471 
v 2.1477177143096924 2.0864317417144775 -7.276034355163574 
v 2.101107358932495 2.0864317417144775 -7.298077583312988 
v 2.0614020824432373 2.0864317417144775 -7.3307976722717285 
v 2.0303282737731934 2.0864317417144775 -7.371784210205078 
v 2.010303020477295 2.0864317417144775 -7.418970108032227 
v 2.00201678276062 2.0864317417144775 -7.469944477081299 
v 2.006160020828247 2.0864317417144775 -7.520919322967529 
v 2.0223872661590576 2.0864317417144775 -7.569827556610107 
v 2.0500082969665527 2.0864317417144775 -7.613224506378174 
v 2.086951494216919 2.0864317417144775 -7.649044513702393 
v 2.131490468978882 2.0864317417144775 -7.674531936645508 
v 2.1808629035949707 2.0864317417144775 -7.688997745513916 
v 2.232307195663452 2.0864317417144775 -7.691064357757568 
v 2.2827155590057373 2.0864317417144775 -7.680731773376465 
v 2.3293261528015137 2.0864317417144775 -7.658688545227051 
v 2.3690314292907715 2.0864317417144775 -7.6259684562683105 
v 2.4001049995422363 2.0864317417144775 -7.584981918334961 
v 2.4201302528381348 2.0864317417144775 -7.5377960205078125 
v 2.4284164905548096 2.0864317417144775 -7.48682165145874 
v 2.4242734909057617 2.0864317417144775 -7.43584680557251 
v 2.408046007156372 2.0864317417144775 -7.386938571929932 
v 2.380424976348877 2.0864317417144775 -7.343541622161865 
v 2.3434817790985107 2.0864317417144775 -7.3077216148376465 
v 2.298943042755127 2.0864317417144775 -7.282234191894531 
v 2.276846170425415 2.1226625442504883 -7.333553314208984 
v 2.240593433380127 2.1226625442504883 -7.3228759765625 
v 2.2026145458221436 2.1226625442504883 -7.321498394012451 
v 2.1653261184692383 2.1226625442504883 -7.329075813293457 
v 2.1311452388763428 2.1226625442504883 -7.345263481140137 
v 2.1017978191375732 2.1226625442504883 -7.369373321533203 
v 2.079010486602783 2.1226625442504883 -7.399682521820068 
v 2.064164161682129 2.1226625442504883 -7.434469223022461 
v 2.0579493045806885 2.1226625442504883 -7.472011089324951 
v 2.0610568523406982 2.1226625442504883 -7.509897708892822 
v 2.073140859603882 2.1226625442504883 -7.545717716217041 
v 2.0931661128997803 2.1226625442504883 -7.578093528747559 
v 2.1207871437072754 2.1226625442504883 -7.604269504547119 
v 2.1535873413085938 2.1226625442504883 -7.623212814331055 
v 2.1898398399353027 2.1226625442504883 -7.633890151977539 
v 2.227818727493286 2.1226625442504883 -7.635267734527588 
v 2.2651071548461914 2.1226625442504883 -7.627690315246582 
v 2.299288272857666 2.1226625442504883 -7.611502647399902 
v 2.3286356925964355 2.1226625442504883 -7.587392807006836 
v 2.3514230251312256 2.1226625442504883 -7.557083606719971 
v 2.36626935005188 2.1226625442504883 -7.522296905517578 
v 2.372483968734741 2.1226625442504883 -7.484755039215088 
v 2.3693766593933105 2.1226625442504883 -7.446868419647217 
v 2.357292413711548 2.1226625442504883 -7.411048412322998 
v 2.3372671604156494 2.1226625442504883 -7.3786725997924805 
v 2.3096461296081543 2.1226625442504883 -7.35249662399292 
v 2.276846170425415 2.1226625442504883 -7.333553314208984 
v 2.2554397583007812 2.152099847793579 -7.383839130401611 
v 2.231616735458374 2.152099847793579 -7.376950263977051 
v 2.2071030139923096 2.152099847793579 -7.375917434692383 
v 2.182589292526245 2.152099847793579 -7.3810834884643555 
v 2.160492420196533 2.152099847793579 -7.39176082611084 
v 2.141157865524292 2.152099847793579 -7.407259941101074 
v 2.1263115406036377 2.152099847793579 -7.427236080169678 
v 2.1166441440582275 2.152099847793579 -7.449968338012695 
v 2.1125009059906006 2.152099847793579 -7.474421977996826 
v 2.114572525024414 2.152099847793579 -7.498876094818115 
v 2.12251353263855 2.152099847793579 -7.522296905517578 
v 2.1356334686279297 2.152099847793579 -7.543306827545166 
v 2.1535873413085938 2.152099847793579 -7.560527801513672 
v 2.1749935150146484 2.152099847793579 -7.572926998138428 
v 2.1988167762756348 2.152099847793579 -7.579815864562988 
v 2.22333025932312 2.152099847793579 -7.580504417419434 
v 2.2478439807891846 2.152099847793579 -7.575682640075684 
v 2.2699408531188965 2.152099847793579 -7.565005302429199 
v 2.289275646209717 2.152099847793579 -7.549506187438965 
v 2.304121971130371 2.152099847793579 -7.529530048370361 
v 2.3137893676757812 2.152099847793579 -7.506797790527344 
v 2.317932367324829 2.152099847793579 -7.482344150543213 
v 2.3158607482910156 2.152099847793579 -7.457890033721924 
v 2.30791974067688 2.152099847793579 -7.434469223022461 
v 2.2947998046875 2.152099847793579 -7.413459300994873 
v 2.276846170425415 2.152099847793579 -7.396238327026367 
v 2.2554397583007812 2.152099847793579 -7.383839130401611 
v 2.2554397583007812 2.225693464279175 -7.383839130401611 
v 2.2523324489593506 2.2358834743499756 -7.391416072845459 
v 2.231616735458374 2.225693464279175 -7.376950263977051 
v 2.2302355766296387 2.2358834743499756 -7.38521671295166 
v 2.2071030139923096 2.225693464279175 -7.375917434692383 
v 2.2074482440948486 2.2358834743499756 -7.384183406829834 
v 2.182589292526245 2.225693464279175 -7.3810834884643555 
v 2.1853513717651367 2.2358834743499756 -7.388660907745361 
v 2.160492420196533 2.225693464279175 -7.39176082611084 
v 2.16463565826416 2.2358834743499756 -7.398649215698242 
v 2.141157865524292 2.225693464279175 -7.407259941101074 
v 2.1470272541046143 2.2358834743499756 -7.41311502456665 
v 2.1263115406036377 2.225693464279175 -7.427236080169678 
v 2.1335620880126953 2.2358834743499756 -7.43102502822876 
v 2.1166441440582275 2.225693464279175 -7.449968338012695 
v 2.1245851516723633 2.2358834743499756 -7.4520344734191895 
v 2.1125009059906006 2.225693464279175 -7.4740777015686035 
v 2.1207871437072754 2.2358834743499756 -7.474421977996826 
v 2.114572525024414 2.225693464279175 -7.498876094818115 
v 2.12251353263855 2.2358834743499756 -7.497154235839844 
v 2.12251353263855 2.225693464279175 -7.522296905517578 
v 2.1297640800476074 2.2358834743499756 -7.518852710723877 
v 2.1356334686279297 2.225693464279175 -7.543306827545166 
v 2.142193555831909 2.2358834743499756 -7.538140296936035 
v 2.1535873413085938 2.225693464279175 -7.560527801513672 
v 2.1584208011627197 2.2358834743499756 -7.553983688354492 
v 2.1749935150146484 2.225693464279175 -7.572926998138428 
v 2.178100824356079 2.2358834743499756 -7.56535005569458 
v 2.1988167762756348 2.225693464279175 -7.579815864562988 
v 2.200197696685791 2.2358834743499756 -7.571549415588379 
v 2.22333025932312 2.225693464279175 -7.580848693847656 
v 2.222985029220581 2.2358834743499756 -7.572582721710205 
v 2.2478439807891846 2.225693464279175 -7.575682640075684 
v 2.245081901550293 2.2358834743499756 -7.568105220794678 
v 2.2699408531188965 2.225693464279175 -7.565005302429199 
v 2.2657976150512695 2.2358834743499756 -7.558116912841797 
v 2.289275646209717 2.225693464279175 -7.549506187438965 
v 2.2834060192108154 2.2358834743499756 -7.543651103973389 
v 2.304121971130371 2.225693464279175 -7.529530048370361 
v 2.2968714237213135 2.2358834743499756 -7.525741100311279 
v 2.3137893676757812 2.225693464279175 -7.506797790527344 
v 2.3058481216430664 2.2358834743499756 -7.50473165512085 
v 2.317932367324829 2.225693464279175 -7.482344150543213 
v 2.3096461296081543 2.2358834743499756 -7.482344150543213 
v 2.3158607482910156 2.225693464279175 -7.457890033721924 
v 2.30791974067688 2.2358834743499756 -7.459611892700195 
v 2.30791974067688 2.225693464279175 -7.434469223022461 
v 2.3006691932678223 2.2358834743499756 -7.437913417816162 
v 2.2947998046875 2.225693464279175 -7.413459300994873 
v 2.2882397174835205 2.2358834743499756 -7.418625831604004 
v 2.276846170425415 2.225693464279175 -7.396238327026367 
v 2.27201247215271 2.2358834743499756 -7.402782440185547 
v 2.2554397583007812 2.225693464279175 -7.383839130401611 
v 2.2523324489593506 2.2358834743499756 -7.391416072845459 
v 2.259582996368408 2.2392799854278564 -7.374539375305176 
v 2.259582996368408 2.2573955059051514 -7.374539375305176 
v 2.2333428859710693 2.2392799854278564 -7.366962432861328 
v 2.2333428859710693 2.2573955059051514 -7.366962432861328 
v 2.2060673236846924 2.2392799854278564 -7.365929126739502 
v 2.2060673236846924 2.2573955059051514 -7.365929126739502 
v 2.1794819831848145 2.2392799854278564 -7.3714399337768555 
v 2.1794819831848145 2.2573955059051514 -7.3714399337768555 
v 2.15496826171875 2.2392799854278564 -7.383150100708008 
v 2.15496826171875 2.2573955059051514 -7.383150100708008 
v 2.1339073181152344 2.2392799854278564 -7.400371074676514 
v 2.1339073181152344 2.2573955059051514 -7.400371074676514 
v 2.1176798343658447 2.2392799854278564 -7.422070026397705 
v 2.1176798343658447 2.2573955059051514 -7.422070026397705 
v 2.1069767475128174 2.2392799854278564 -7.446868419647217 
v 2.1069767475128174 2.2573955059051514 -7.446868419647217 
v 2.1024882793426514 2.2392799854278564 -7.473733425140381 
v 2.1024882793426514 2.2573955059051514 -7.473733425140381 
v 2.104905128479004 2.2392799854278564 -7.500942707061768 
v 2.104905128479004 2.2573955059051514 -7.500942707061768 
v 2.1131913661956787 2.2392799854278564 -7.5267744064331055 
v 2.1131913661956787 2.2573955059051514 -7.5267744064331055 
v 2.128037691116333 2.2392799854278564 -7.549850940704346 
v 2.128037691116333 2.2573955059051514 -7.549850940704346 
v 2.1473724842071533 2.2392799854278564 -7.5684494972229 
v 2.1473724842071533 2.2573955059051514 -7.5684494972229 
v 2.1708502769470215 2.2392799854278564 -7.582226753234863 
v 2.1708502769470215 2.2573955059051514 -7.582226753234863 
v 2.1970903873443604 2.2392799854278564 -7.589803695678711 
v 2.1970903873443604 2.2573955059051514 -7.589803695678711 
v 2.2243661880493164 2.2392799854278564 -7.590837001800537 
v 2.2243661880493164 2.2573955059051514 -7.590837001800537 
v 2.2509512901306152 2.2392799854278564 -7.585326194763184 
v 2.2509512901306152 2.2573955059051514 -7.585326194763184 
v 2.2754650115966797 2.2392799854278564 -7.573616027832031 
v 2.2754650115966797 2.2573955059051514 -7.573616027832031 
v 2.2965261936187744 2.2392799854278564 -7.556395053863525 
v 2.2965261936187744 2.2573955059051514 -7.556395053863525 
v 2.312753438949585 2.2392799854278564 -7.534696102142334 
v 2.312753438949585 2.2573955059051514 -7.534696102142334 
v 2.3234565258026123 2.2392799854278564 -7.509897708892822 
v 2.3234565258026123 2.2573955059051514 -7.509897708892822 
v 2.3279449939727783 2.2392799854278564 -7.483032703399658 
v 2.3279449939727783 2.2573955059051514 -7.483032703399658 
v 2.325528144836426 2.2392799854278564 -7.4558234214782715 
v 2.325528144836426 2.2573955059051514 -7.4558234214782715 
v 2.317241907119751 2.2392799854278564 -7.429991722106934 
v 2.317241907119751 2.2573955059051514 -7.429991722106934 
v 2.3023955821990967 2.2392799854278564 -7.406915187835693 
v 2.3023955821990967 2.2573955059051514 -7.406915187835693 
v 2.2830607891082764 2.2392799854278564 -7.388316631317139 
v 2.2830607891082764 2.2573955059051514 -7.388316631317139 
v 2.259582996368408 2.2392799854278564 -7.374539375305176 
v 2.259582996368408 2.2573955059051514 -7.374539375305176 
v 2.259582996368408 2.2573955059051514 -7.374539375305176 
v 2.2526776790618896 2.2607920169830322 -7.39003849029541 
v 2.2333428859710693 2.2573955059051514 -7.366962432861328 
v 2.2305808067321777 2.2607920169830322 -7.383839130401611 
v 2.2060673236846924 2.2573955059051514 -7.365929126739502 
v 2.2074482440948486 2.2607920169830322 -7.382805824279785 
v 2.1794819831848145 2.2573955059051514 -7.3714399337768555 
v 2.1850061416625977 2.2607920169830322 -7.3872833251953125 
v 2.15496826171875 2.2573955059051514 -7.383150100708008 
v 2.163945198059082 2.2607920169830322 -7.397271633148193 
v 2.1339073181152344 2.2573955059051514 -7.400371074676514 
v 2.145991563796997 2.2607920169830322 -7.412081718444824 
v 2.1176798343658447 2.2573955059051514 -7.422070026397705 
v 2.13218092918396 2.2607920169830322 -7.430335998535156 
v 2.1069767475128174 2.2573955059051514 -7.446868419647217 
v 2.123203992843628 2.2607920169830322 -7.451690196990967 
v 2.1024882793426514 2.2573955059051514 -7.473733425140381 
v 2.119406223297119 2.2607920169830322 -7.474421977996826 
v 2.104905128479004 2.2573955059051514 -7.500942707061768 
v 2.1211326122283936 2.2607920169830322 -7.497498512268066 
v 2.1131913661956787 2.2573955059051514 -7.5267744064331055 
v 2.128382921218872 2.2607920169830322 -7.5195417404174805 
v 2.128037691116333 2.2573955059051514 -7.549850940704346 
v 2.140812397003174 2.2607920169830322 -7.539173603057861 
v 2.1473724842071533 2.2573955059051514 -7.5684494972229 
v 2.1577303409576416 2.2607920169830322 -7.555016994476318 
v 2.1708502769470215 2.2573955059051514 -7.582226753234863 
v 2.17775559425354 2.2607920169830322 -7.566727638244629 
v 2.1970903873443604 2.2573955059051514 -7.589803695678711 
v 2.199852466583252 2.2607920169830322 -7.572926998138428 
v 2.2243661880493164 2.2573955059051514 -7.590837001800537 
v 2.222985029220581 2.2607920169830322 -7.573960304260254 
v 2.2509512901306152 2.2573955059051514 -7.585326194763184 
v 2.245427131652832 2.2607920169830322 -7.569482803344727 
v 2.2754650115966797 2.2573955059051514 -7.573616027832031 
v 2.2664883136749268 2.2607920169830322 -7.559494495391846 
v 2.2965261936187744 2.2573955059051514 -7.556395053863525 
v 2.2844419479370117 2.2607920169830322 -7.544684410095215 
v 2.312753438949585 2.2573955059051514 -7.534696102142334 
v 2.2982523441314697 2.2607920169830322 -7.526430130004883 
v 2.3234565258026123 2.2573955059051514 -7.509897708892822 
v 2.3072292804718018 2.2607920169830322 -7.505075931549072 
v 2.3279449939727783 2.2573955059051514 -7.483032703399658 
v 2.3110270500183105 2.2607920169830322 -7.482344150543213 
v 2.325528144836426 2.2573955059051514 -7.4558234214782715 
v 2.3093008995056152 2.2607920169830322 -7.459267616271973 
v 2.317241907119751 2.2573955059051514 -7.429991722106934 
v 2.3020503520965576 2.2607920169830322 -7.437224388122559 
v 2.3023955821990967 2.2573955059051514 -7.406915187835693 
v 2.289620876312256 2.2607920169830322 -7.417592525482178 
v 2.2830607891082764 2.2573955059051514 -7.388316631317139 
v 2.272702932357788 2.2607920169830322 -7.401749134063721 
v 2.259582996368408 2.2573955059051514 -7.374539375305176 
v 2.2526776790618896 2.2607920169830322 -7.39003849029541 
v 2.2657976150512695 2.2358834743499756 -7.558116912841797 
v 2.2754650115966797 2.2392799854278564 -7.573616027832031 
v 2.2834060192108154 2.2358834743499756 -7.543651103973389 
v 2.2965261936187744 2.2392799854278564 -7.556395053863525 
v 2.245081901550293 2.2358834743499756 -7.568105220794678 
v 2.2509512901306152 2.2392799854278564 -7.585326194763184 
v 2.2657976150512695 2.2358834743499756 -7.558116912841797 
v 2.2754650115966797 2.2392799854278564 -7.573616027832031 
v 2.2526776790618896 2.2607920169830322 -7.39003849029541 
v 2.2526776790618896 2.293626070022583 -7.39003849029541 
v 2.2305808067321777 2.2607920169830322 -7.383839130401611 
v 2.2305808067321777 2.293626070022583 -7.383839130401611 
v 2.2074482440948486 2.2607920169830322 -7.382805824279785 
v 2.2074482440948486 2.293626070022583 -7.382805824279785 
v 2.1850061416625977 2.2607920169830322 -7.3872833251953125 
v 2.1850061416625977 2.293626070022583 -7.3872833251953125 
v 2.163945198059082 2.2607920169830322 -7.397271633148193 
v 2.163945198059082 2.293626070022583 -7.397271633148193 
v 2.145991563796997 2.2607920169830322 -7.412081718444824 
v 2.145991563796997 2.293626070022583 -7.412081718444824 
v 2.13218092918396 2.2607920169830322 -7.430335998535156 
v 2.13218092918396 2.293626070022583 -7.430335998535156 
v 2.123203992843628 2.2607920169830322 -7.451690196990967 
v 2.123203992843628 2.293626070022583 -7.451690196990967 
v 2.119406223297119 2.2607920169830322 -7.474421977996826 
v 2.119406223297119 2.293626070022583 -7.474421977996826 
v 2.1211326122283936 2.2607920169830322 -7.497498512268066 
v 2.1211326122283936 2.293626070022583 -7.497498512268066 
v 2.128382921218872 2.2607920169830322 -7.5195417404174805 
v 2.128382921218872 2.293626070022583 -7.5195417404174805 
v 2.140812397003174 2.2607920169830322 -7.539173603057861 
v 2.140812397003174 2.293626070022583 -7.539173603057861 
v 2.1577303409576416 2.2607920169830322 -7.555016994476318 
v 2.1577303409576416 2.293626070022583 -7.555016994476318 
v 2.17775559425354 2.2607920169830322 -7.566727638244629 
v 2.17775559425354 2.293626070022583 -7.566727638244629 
v 2.199852466583252 2.2607920169830322 -7.572926998138428 
v 2.199852466583252 2.293626070022583 -7.572926998138428 
v 2.222985029220581 2.2607920169830322 -7.573960304260254 
v 2.222985029220581 2.293626070022583 -7.573960304260254 
v 2.245427131652832 2.2607920169830322 -7.569482803344727 
v 2.245427131652832 2.293626070022583 -7.569482803344727 
v 2.2664883136749268 2.2607920169830322 -7.559494495391846 
v 2.2664883136749268 2.293626070022583 -7.559494495391846 
v 2.2844419479370117 2.2607920169830322 -7.544684410095215 
v 2.2844419479370117 2.293626070022583 -7.544684410095215 
v 2.2982523441314697 2.2607920169830322 -7.526430130004883 
v 2.2982523441314697 2.293626070022583 -7.526430130004883 
v 2.3072292804718018 2.2607920169830322 -7.505075931549072 
v 2.3072292804718018 2.293626070022583 -7.505075931549072 
v 2.3110270500183105 2.2607920169830322 -7.482344150543213 
v 2.3110270500183105 2.293626070022583 -7.482344150543213 
v 2.3093008995056152 2.2607920169830322 -7.459267616271973 
v 2.3093008995056152 2.293626070022583 -7.459267616271973 
v 2.3020503520965576 2.2607920169830322 -7.437224388122559 
v 2.3020503520965576 2.293626070022583 -7.437224388122559 
v 2.289620876312256 2.2607920169830322 -7.417592525482178 
v 2.289620876312256 2.293626070022583 -7.417592525482178 
v 2.272702932357788 2.2607920169830322 -7.401749134063721 
v 2.272702932357788 2.293626070022583 -7.401749134063721 
v 2.2526776790618896 2.2607920169830322 -7.39003849029541 
v 2.2526776790618896 2.293626070022583 -7.39003849029541 
v 2.222985029220581 2.2358834743499756 -7.572582721710205 
v 2.2243661880493164 2.2392799854278564 -7.590837001800537 
v 2.245081901550293 2.2358834743499756 -7.568105220794678 
v 2.2509512901306152 2.2392799854278564 -7.585326194763184 
v 2.200197696685791 2.2358834743499756 -7.571549415588379 
v 2.1970903873443604 2.2392799854278564 -7.589803695678711 
v 2.222985029220581 2.2358834743499756 -7.572582721710205 
v 2.2243661880493164 2.2392799854278564 -7.590837001800537 
v 2.178100824356079 2.2358834743499756 -7.56535005569458 
v 2.1708502769470215 2.2392799854278564 -7.582226753234863 
v 2.200197696685791 2.2358834743499756 -7.571549415588379 
v 2.1970903873443604 2.2392799854278564 -7.589803695678711 
v 2.2554397583007812 2.152099847793579 -7.383839130401611 
v 2.2554397583007812 2.225693464279175 -7.383839130401611 
v 2.231616735458374 2.152099847793579 -7.376950263977051 
v 2.231616735458374 2.225693464279175 -7.376950263977051 
v 2.2071030139923096 2.152099847793579 -7.375917434692383 
v 2.2071030139923096 2.225693464279175 -7.375917434692383 
v 2.182589292526245 2.152099847793579 -7.3810834884643555 
v 2.182589292526245 2.225693464279175 -7.3810834884643555 
v 2.160492420196533 2.152099847793579 -7.39176082611084 
v 2.160492420196533 2.225693464279175 -7.39176082611084 
v 2.141157865524292 2.152099847793579 -7.407259941101074 
v 2.141157865524292 2.225693464279175 -7.407259941101074 
v 2.1263115406036377 2.152099847793579 -7.427236080169678 
v 2.1263115406036377 2.225693464279175 -7.427236080169678 
v 2.1166441440582275 2.152099847793579 -7.449968338012695 
v 2.1166441440582275 2.225693464279175 -7.449968338012695 
v 2.1125009059906006 2.152099847793579 -7.474421977996826 
v 2.1125009059906006 2.225693464279175 -7.4740777015686035 
v 2.114572525024414 2.152099847793579 -7.498876094818115 
v 2.114572525024414 2.225693464279175 -7.498876094818115 
v 2.12251353263855 2.152099847793579 -7.522296905517578 
v 2.12251353263855 2.225693464279175 -7.522296905517578 
v 2.1356334686279297 2.152099847793579 -7.543306827545166 
v 2.1356334686279297 2.225693464279175 -7.543306827545166 
v 2.1535873413085938 2.152099847793579 -7.560527801513672 
v 2.1535873413085938 2.225693464279175 -7.560527801513672 
v 2.1749935150146484 2.152099847793579 -7.572926998138428 
v 2.1749935150146484 2.225693464279175 -7.572926998138428 
v 2.1988167762756348 2.152099847793579 -7.579815864562988 
v 2.1988167762756348 2.225693464279175 -7.579815864562988 
v 2.22333025932312 2.152099847793579 -7.580504417419434 
v 2.22333025932312 2.225693464279175 -7.580848693847656 
v 2.2478439807891846 2.152099847793579 -7.575682640075684 
v 2.2478439807891846 2.225693464279175 -7.575682640075684 
v 2.2699408531188965 2.152099847793579 -7.565005302429199 
v 2.2699408531188965 2.225693464279175 -7.565005302429199 
v 2.289275646209717 2.152099847793579 -7.549506187438965 
v 2.289275646209717 2.225693464279175 -7.549506187438965 
v 2.304121971130371 2.152099847793579 -7.529530048370361 
v 2.304121971130371 2.225693464279175 -7.529530048370361 
v 2.3137893676757812 2.152099847793579 -7.506797790527344 
v 2.3137893676757812 2.225693464279175 -7.506797790527344 
v 2.317932367324829 2.152099847793579 -7.482344150543213 
v 2.317932367324829 2.225693464279175 -7.482344150543213 
v 2.3158607482910156 2.152099847793579 -7.457890033721924 
v 2.3158607482910156 2.225693464279175 -7.457890033721924 
v 2.30791974067688 2.152099847793579 -7.434469223022461 
v 2.30791974067688 2.225693464279175 -7.434469223022461 
v 2.2947998046875 2.152099847793579 -7.413459300994873 
v 2.2947998046875 2.225693464279175 -7.413459300994873 
v 2.276846170425415 2.152099847793579 -7.396238327026367 
v 2.276846170425415 2.225693464279175 -7.396238327026367 
v 2.2554397583007812 2.152099847793579 -7.383839130401611 
v 2.2554397583007812 2.225693464279175 -7.383839130401611 
v 2.1584208011627197 2.2358834743499756 -7.553983688354492 
v 2.1473724842071533 2.2392799854278564 -7.5684494972229 
v 2.178100824356079 2.2358834743499756 -7.56535005569458 
v 2.1708502769470215 2.2392799854278564 -7.582226753234863 
v 2.142193555831909 2.2358834743499756 -7.538140296936035 
v 2.128037691116333 2.2392799854278564 -7.549850940704346 
v 2.1584208011627197 2.2358834743499756 -7.553983688354492 
v 2.1473724842071533 2.2392799854278564 -7.5684494972229 
v 2.1297640800476074 2.2358834743499756 -7.518852710723877 
v 2.1131913661956787 2.2392799854278564 -7.5267744064331055 
v 2.142193555831909 2.2358834743499756 -7.538140296936035 
v 2.128037691116333 2.2392799854278564 -7.549850940704346 
v 2.12251353263855 2.2358834743499756 -7.497154235839844 
v 2.104905128479004 2.2392799854278564 -7.500942707061768 
v 2.1297640800476074 2.2358834743499756 -7.518852710723877 
v 2.1131913661956787 2.2392799854278564 -7.5267744064331055 
v 2.1207871437072754 2.2358834743499756 -7.474421977996826 
v 2.1024882793426514 2.2392799854278564 -7.473733425140381 
v 2.12251353263855 2.2358834743499756 -7.497154235839844 
v 2.104905128479004 2.2392799854278564 -7.500942707061768 
v 2.1245851516723633 2.2358834743499756 -7.4520344734191895 
v 2.1069767475128174 2.2392799854278564 -7.446868419647217 
v 2.1207871437072754 2.2358834743499756 -7.474421977996826 
v 2.1024882793426514 2.2392799854278564 -7.473733425140381 
v 2.1335620880126953 2.2358834743499756 -7.43102502822876 
v 2.1176798343658447 2.2392799854278564 -7.422070026397705 
v 2.1245851516723633 2.2358834743499756 -7.4520344734191895 
v 2.1069767475128174 2.2392799854278564 -7.446868419647217 
v 2.1470272541046143 2.2358834743499756 -7.41311502456665 
v 2.1339073181152344 2.2392799854278564 -7.400371074676514 
v 2.1335620880126953 2.2358834743499756 -7.43102502822876 
v 2.1176798343658447 2.2392799854278564 -7.422070026397705 
v 2.16463565826416 2.2358834743499756 -7.398649215698242 
v 2.15496826171875 2.2392799854278564 -7.383150100708008 
v 2.1470272541046143 2.2358834743499756 -7.41311502456665 
v 2.1339073181152344 2.2392799854278564 -7.400371074676514 
v 2.1853513717651367 2.2358834743499756 -7.388660907745361 
v 2.1794819831848145 2.2392799854278564 -7.3714399337768555 
v 2.16463565826416 2.2358834743499756 -7.398649215698242 
v 2.15496826171875 2.2392799854278564 -7.383150100708008 
v 2.2074482440948486 2.2358834743499756 -7.384183406829834 
v 2.2060673236846924 2.2392799854278564 -7.365929126739502 
v 2.1853513717651367 2.2358834743499756 -7.388660907745361 
v 2.1794819831848145 2.2392799854278564 -7.3714399337768555 
v 2.2302355766296387 2.2358834743499756 -7.38521671295166 
v 2.2333428859710693 2.2392799854278564 -7.366962432861328 
v 2.2074482440948486 2.2358834743499756 -7.384183406829834 
v 2.2060673236846924 2.2392799854278564 -7.365929126739502 
v 2.2523324489593506 2.2358834743499756 -7.391416072845459 
v 2.259582996368408 2.2392799854278564 -7.374539375305176 
v 2.2302355766296387 2.2358834743499756 -7.38521671295166 
v 2.2333428859710693 2.2392799854278564 -7.366962432861328 
v 2.27201247215271 2.2358834743499756 -7.402782440185547 
v 2.2830607891082764 2.2392799854278564 -7.388316631317139 
v 2.2523324489593506 2.2358834743499756 -7.391416072845459 
v 2.259582996368408 2.2392799854278564 -7.374539375305176 
v 2.2882397174835205 2.2358834743499756 -7.418625831604004 
v 2.3023955821990967 2.2392799854278564 -7.406915187835693 
v 2.27201247215271 2.2358834743499756 -7.402782440185547 
v 2.2830607891082764 2.2392799854278564 -7.388316631317139 
v 2.3006691932678223 2.2358834743499756 -7.437913417816162 
v 2.317241907119751 2.2392799854278564 -7.429991722106934 
v 2.2882397174835205 2.2358834743499756 -7.418625831604004 
v 2.3023955821990967 2.2392799854278564 -7.406915187835693 
v 2.30791974067688 2.2358834743499756 -7.459611892700195 
v 2.325528144836426 2.2392799854278564 -7.4558234214782715 
v 2.3006691932678223 2.2358834743499756 -7.437913417816162 
v 2.317241907119751 2.2392799854278564 -7.429991722106934 
v 2.3096461296081543 2.2358834743499756 -7.482344150543213 
v 2.3279449939727783 2.2392799854278564 -7.483032703399658 
v 2.30791974067688 2.2358834743499756 -7.459611892700195 
v 2.325528144836426 2.2392799854278564 -7.4558234214782715 
v 2.3058481216430664 2.2358834743499756 -7.50473165512085 
v 2.3234565258026123 2.2392799854278564 -7.509897708892822 
v 2.3096461296081543 2.2358834743499756 -7.482344150543213 
v 2.3279449939727783 2.2392799854278564 -7.483032703399658 
v 2.2968714237213135 2.2358834743499756 -7.525741100311279 
v 2.312753438949585 2.2392799854278564 -7.534696102142334 
v 2.3058481216430664 2.2358834743499756 -7.50473165512085 
v 2.3234565258026123 2.2392799854278564 -7.509897708892822 
v 2.2834060192108154 2.2358834743499756 -7.543651103973389 
v 2.2965261936187744 2.2392799854278564 -7.556395053863525 
v 2.2968714237213135 2.2358834743499756 -7.525741100311279 
v 2.312753438949585 2.2392799854278564 -7.534696102142334 
v 2.353839874267578 0.02467731013894081 -7.153075695037842 
v 2.353839874267578 1.867915153503418 -7.153075695037842 
v 2.27201247215271 0.02467731013894081 -7.129310131072998 
v 2.27201247215271 1.867915153503418 -7.129310131072998 
v 2.186732530593872 0.02467731013894081 -7.125865936279297 
v 2.186732530593872 1.867915153503418 -7.125865936279297 
v 2.1031787395477295 0.02467731013894081 -7.143087387084961 
v 2.1031787395477295 1.867915153503418 -7.143087387084961 
v 2.0261852741241455 0.02467731013894081 -7.179595947265625 
v 2.0261852741241455 1.867915153503418 -7.179595947265625 
v 1.9602400064468384 0.02467731013894081 -7.233325958251953 
v 1.9602400064468384 1.867915153503418 -7.233325958251953 
v 1.908795714378357 0.02467731013894081 -7.3015217781066895 
v 1.908795714378357 1.867915153503418 -7.3015217781066895 
v 1.8756505250930786 0.02467731013894081 -7.380050182342529 
v 1.8756505250930786 1.867915153503418 -7.380050182342529 
v 1.861840009689331 0.02467731013894081 -7.464089393615723 
v 1.861840009689331 1.867915153503418 -7.464089393615723 
v 1.86874520778656 0.02467731013894081 -7.549161911010742 
v 1.86874520778656 1.867915153503418 -7.549161911010742 
v 1.895675778388977 0.02467731013894081 -7.630101203918457 
v 1.895675778388977 1.867915153503418 -7.630101203918457 
v 1.9412504434585571 0.02467731013894081 -7.702085971832275 
v 1.9412504434585571 1.867915153503418 -7.702085971832275 
v 2.0027072429656982 0.02467731013894081 -7.760982036590576 
v 2.0027072429656982 1.867915153503418 -7.760982036590576 
v 2.0765936374664307 0.02467731013894081 -7.803690433502197 
v 2.0765936374664307 1.867915153503418 -7.803690433502197 
v 2.1584208011627197 0.02467731013894081 -7.827455997467041 
v 2.1584208011627197 1.867915153503418 -7.827455997467041 
v 2.2437009811401367 0.02467731013894081 -7.830900192260742 
v 2.2437009811401367 1.867915153503418 -7.830900192260742 
v 2.3272545337677 0.02467731013894081 -7.813678741455078 
v 2.3272545337677 1.867915153503418 -7.813678741455078 
v 2.4042482376098633 0.02467731013894081 -7.777170181274414 
v 2.4042482376098633 1.867915153503418 -7.777170181274414 
v 2.470193386077881 0.02467731013894081 -7.723440170288086 
v 2.470193386077881 1.867915153503418 -7.723440170288086 
v 2.5216376781463623 0.02467731013894081 -7.65524435043335 
v 2.5216376781463623 1.867915153503418 -7.65524435043335 
v 2.5547828674316406 0.02467731013894081 -7.57671594619751 
v 2.5547828674316406 1.867915153503418 -7.57671594619751 
v 2.5685932636260986 0.02467731013894081 -7.492676734924316 
v 2.5685932636260986 1.867915153503418 -7.492676734924316 
v 2.561688184738159 0.02467731013894081 -7.407604217529297 
v 2.561688184738159 1.867915153503418 -7.407604217529297 
v 2.534757614135742 0.02467731013894081 -7.326664924621582 
v 2.534757614135742 1.867915153503418 -7.326664924621582 
v 2.489182949066162 0.02467731013894081 -7.254680156707764 
v 2.489182949066162 1.867915153503418 -7.254680156707764 
v 2.4277260303497314 0.02467731013894081 -7.195784091949463 
v 2.4277260303497314 1.867915153503418 -7.195784091949463 
v 2.353839874267578 0.02467731013894081 -7.153075695037842 
v 2.353839874267578 1.867915153503418 -7.153075695037842 
v 2.2374861240386963 2.3072125911712646 -7.499565124511719 
v 2.2844419479370117 2.293626070022583 -7.544684410095215 
v 2.231616735458374 2.3072125911712646 -7.504386901855469 
v 2.2664883136749268 2.293626070022583 -7.559494495391846 
v 2.2250566482543945 2.3072125911712646 -7.507486820220947 
v 2.245427131652832 2.293626070022583 -7.569482803344727 
v 2.217806100845337 2.3072125911712646 -7.508864402770996 
v 2.222985029220581 2.293626070022583 -7.573960304260254 
v 2.2102103233337402 2.3072125911712646 -7.508864402770996 
v 2.199852466583252 2.293626070022583 -7.572926998138428 
v 2.2033050060272217 2.3072125911712646 -7.506797790527344 
v 2.17775559425354 2.293626070022583 -7.566727638244629 
v 2.1967451572418213 2.3072125911712646 -7.50300931930542 
v 2.1577303409576416 2.293626070022583 -7.555016994476318 
v 2.191566228866577 2.3072125911712646 -7.497842788696289 
v 2.140812397003174 2.293626070022583 -7.539173603057861 
v 2.18742299079895 2.3072125911712646 -7.49164342880249 
v 2.128382921218872 2.293626070022583 -7.5195417404174805 
v 2.1850061416625977 2.3072125911712646 -7.484410285949707 
v 2.1211326122283936 2.293626070022583 -7.497498512268066 
v 2.1846609115600586 2.3072125911712646 -7.477177619934082 
v 2.119406223297119 2.293626070022583 -7.474421977996826 
v 2.185696601867676 2.3072125911712646 -7.469944477081299 
v 2.123203992843628 2.293626070022583 -7.451690196990967 
v 2.1884586811065674 2.3072125911712646 -7.4630560874938965 
v 2.13218092918396 2.293626070022583 -7.430335998535156 
v 2.1929471492767334 2.3072125911712646 -7.45720100402832 
v 2.145991563796997 2.293626070022583 -7.412081718444824 
v 2.1988167762756348 2.3072125911712646 -7.45237922668457 
v 2.163945198059082 2.293626070022583 -7.397271633148193 
v 2.205376625061035 2.3072125911712646 -7.449279308319092 
v 2.1850061416625977 2.293626070022583 -7.3872833251953125 
v 2.2126271724700928 2.3072125911712646 -7.447901725769043 
v 2.2074482440948486 2.293626070022583 -7.382805824279785 
v 2.2202229499816895 2.3072125911712646 -7.447901725769043 
v 2.2305808067321777 2.293626070022583 -7.383839130401611 
v 2.227128267288208 2.3072125911712646 -7.449968338012695 
v 2.2526776790618896 2.293626070022583 -7.39003849029541 
v 2.2336883544921875 2.3072125911712646 -7.453756809234619 
v 2.272702932357788 2.293626070022583 -7.401749134063721 
v 2.2388672828674316 2.3072125911712646 -7.45892333984375 
v 2.289620876312256 2.293626070022583 -7.417592525482178 
v 2.2430102825164795 2.3072125911712646 -7.465122699737549 
v 2.3020503520965576 2.293626070022583 -7.437224388122559 
v 2.245427131652832 2.3072125911712646 -7.472355842590332 
v 2.3093008995056152 2.293626070022583 -7.459267616271973 
v 2.245772361755371 2.3072125911712646 -7.479588508605957 
v 2.3110270500183105 2.293626070022583 -7.482344150543213 
v 2.244736671447754 2.3072125911712646 -7.48682165145874 
v 2.3072292804718018 2.293626070022583 -7.505075931549072 
v 2.2419745922088623 2.3072125911712646 -7.493710041046143 
v 2.2982523441314697 2.293626070022583 -7.526430130004883 
v 2.534757614135742 0.02467731013894081 -7.326664924621582 
v 2.557199716567993 0.007694160100072622 -7.408637523651123 
v 2.561688184738159 0.02467731013894081 -7.407604217529297 
v 2.5637595653533936 0.007694160100072622 -7.4923319816589355 
v 2.5685932636260986 0.02467731013894081 -7.492676734924316 
v 2.5502943992614746 0.007694160100072622 -7.575338363647461 
v 2.5547828674316406 0.02467731013894081 -7.57671594619751 
v 2.5174944400787354 0.007694160100072622 -7.652833461761475 
v 2.5216376781463623 0.02467731013894081 -7.65524435043335 
v 2.466740846633911 0.007694160100072622 -7.719995975494385 
v 2.470193386077881 0.02467731013894081 -7.723440170288086 
v 2.4018313884735107 0.007694160100072622 -7.773381233215332 
v 2.4042482376098633 0.02467731013894081 -7.777170181274414 
v 2.325873374938965 0.007694160100072622 -7.809201240539551 
v 2.3272545337677 0.02467731013894081 -7.813678741455078 
v 2.2433555126190186 0.007694160100072622 -7.826077938079834 
v 2.2437009811401367 0.02467731013894081 -7.830900192260742 
v 2.159111499786377 0.007694160100072622 -7.822633743286133 
v 2.1584208011627197 0.02467731013894081 -7.827455997467041 
v 2.078319787979126 0.007694160100072622 -7.799557685852051 
v 2.0765936374664307 0.02467731013894081 -7.803690433502197 
v 2.00546932220459 0.007694160100072622 -7.757193565368652 
v 2.0027072429656982 0.02467731013894081 -7.760982036590576 
v 1.9450483322143555 0.007694160100072622 -7.698986053466797 
v 1.9412504434585571 0.02467731013894081 -7.702085971832275 
v 1.8998188972473145 0.007694160100072622 -7.628035068511963 
v 1.895675778388977 0.02467731013894081 -7.630101203918457 
v 1.873233675956726 0.007694160100072622 -7.548128604888916 
v 1.86874520778656 0.02467731013894081 -7.549161911010742 
v 1.8666737079620361 0.007694160100072622 -7.4644341468811035 
v 1.861840009689331 0.02467731013894081 -7.464089393615723 
v 1.8801389932632446 0.007694160100072622 -7.381427764892578 
v 1.8756505250930786 0.02467731013894081 -7.380050182342529 
v 1.9129389524459839 0.007694160100072622 -7.3039326667785645 
v 1.908795714378357 0.02467731013894081 -7.3015217781066895 
v 1.963692545890808 0.007694160100072622 -7.236770153045654 
v 1.9602400064468384 0.02467731013894081 -7.233325958251953 
v 2.028602123260498 0.007694160100072622 -7.183384895324707 
v 2.0261852741241455 0.02467731013894081 -7.179595947265625 
v 2.104559898376465 0.007694160100072622 -7.147564888000488 
v 2.1031787395477295 0.02467731013894081 -7.143087387084961 
v 2.187077760696411 0.007694160100072622 -7.130688190460205 
v 2.186732530593872 0.02467731013894081 -7.125865936279297 
v 2.271322011947632 0.007694160100072622 -7.134132385253906 
v 2.27201247215271 0.02467731013894081 -7.129310131072998 
v 2.3521134853363037 0.007694160100072622 -7.157208442687988 
v 2.353839874267578 0.02467731013894081 -7.153075695037842 
v 2.42496395111084 0.007694160100072622 -7.199572563171387 
v 2.4277260303497314 0.02467731013894081 -7.195784091949463 
v 2.485384941101074 0.007694160100072622 -7.257780075073242 
v 2.489182949066162 0.02467731013894081 -7.254680156707764 
v 2.5306143760681152 0.007694160100072622 -7.328731060028076 
v 2.5444250106811523 -0.005892360117286444 -7.411048412322998 
v 2.5509848594665527 -0.005892360117286444 -7.491987705230713 
v 2.537864923477173 -0.005892360117286444 -7.571893692016602 
v 2.506100654602051 -0.005892360117286444 -7.646289348602295 
v 2.45741868019104 -0.005892360117286444 -7.71104097366333 
v 2.394926071166992 -0.005892360117286444 -7.762359619140625 
v 2.321730375289917 -0.005892360117286444 -7.797146320343018 
v 2.2423198223114014 -0.005892360117286444 -7.8133344650268555 
v 2.1611831188201904 -0.005892360117286444 -7.809890270233154 
v 2.083498954772949 -0.005892360117286444 -7.787502765655518 
v 2.0134105682373047 -0.005892360117286444 -7.746860980987549 
v 1.9550609588623047 -0.005892360117286444 -7.6907196044921875 
v 1.911557912826538 -0.005892360117286444 -7.622524261474609 
v 1.886008381843567 -0.005892360117286444 -7.545717716217041 
v 1.879448413848877 -0.005892360117286444 -7.464778423309326 
v 1.8925683498382568 -0.005892360117286444 -7.3848724365234375 
v 1.924332618713379 -0.005892360117286444 -7.310476779937744 
v 1.9730147123336792 -0.005892360117286444 -7.245725154876709 
v 2.0355072021484375 -0.005892360117286444 -7.194406509399414 
v 2.108703136444092 -0.005892360117286444 -7.1596198081970215 
v 2.1881134510040283 -0.005892360117286444 -7.143431663513184 
v 2.2692503929138184 -0.005892360117286444 -7.146875858306885 
v 2.3469345569610596 -0.005892360117286444 -7.1692633628845215 
v 2.417022943496704 -0.005892360117286444 -7.20990514755249 
v 2.475372314453125 -0.005892360117286444 -7.266046047210693 
v 2.5188755989074707 -0.005892360117286444 -7.33424186706543 
v 2.5271618366241455 -0.010421199724078178 -7.414836883544922 
v 2.533376455307007 -0.010421199724078178 -7.491299152374268 
v 2.520946979522705 -0.010421199724078178 -7.567071914672852 
v 2.4909090995788574 -0.010421199724078178 -7.637678623199463 
v 2.444643974304199 -0.010421199724078178 -7.698986053466797 
v 2.385258674621582 -0.010421199724078178 -7.747549533843994 
v 2.3158607482910156 -0.010421199724078178 -7.780269622802734 
v 2.240938663482666 -0.010421199724078178 -7.795768737792969 
v 2.164290428161621 -0.010421199724078178 -7.79266881942749 
v 2.0904040336608887 -0.010421199724078178 -7.77131462097168 
v 2.024113655090332 -0.010421199724078178 -7.732739448547363 
v 1.9685262441635132 -0.010421199724078178 -7.679698467254639 
v 1.9277852773666382 -0.010421199724078178 -7.6149468421936035 
v 1.9032715559005737 -0.010421199724078178 -7.541929244995117 
v 1.8970568180084229 -0.010421199724078178 -7.4654669761657715 
v 1.9094862937927246 -0.010421199724078178 -7.3896942138671875 
v 1.9395241737365723 -0.010421199724078178 -7.319087505340576 
v 1.98578941822052 -0.010421199724078178 -7.257780075073242 
v 2.0451745986938477 -0.010421199724078178 -7.209216594696045 
v 2.114572525024414 -0.010421199724078178 -7.176496505737305 
v 2.1894946098327637 -0.010421199724078178 -7.16099739074707 
v 2.2661430835723877 -0.010421199724078178 -7.164097309112549 
v 2.340029239654541 -0.010421199724078178 -7.185451507568359 
v 2.4063198566436768 -0.010421199724078178 -7.224026679992676 
v 2.461907148361206 -0.010421199724078178 -7.2770676612854 
v 2.502648115158081 -0.010421199724078178 -7.3418192863464355 
v 2.2150440216064453 -0.010421199724078178 -7.478210926055908 
v 2.0716240406036377 1.1551899909973145 -7.801146984100342 
v 2.141979217529297 1.1551899909973145 -7.824142932891846 
v 2.0716240406036377 1.2531176805496216 -7.801146984100342 
v 2.141979217529297 1.2531176805496216 -7.824142932891846 
v 2.215888023376465 1.1551899909973145 -7.831932067871094 
v 2.215888023376465 1.2531176805496216 -7.831932067871094 
v 2.2894413471221924 1.1551899909973145 -7.824142932891846 
v 2.2894413471221924 1.2531176805496216 -7.824142932891846 
v 2.3597965240478516 1.1551899909973145 -7.801146984100342 
v 2.3597965240478516 1.2531176805496216 -7.801146984100342 
v 2.4237558841705322 1.1551899909973145 -7.764057159423828 
v 2.4237558841705322 1.2531176805496216 -7.764057159423828 
v 2.4788320064544678 1.1551899909973145 -7.71472692489624 
v 2.4788320064544678 1.2531176805496216 -7.71472692489624 
v 2.5221824645996094 1.1551899909973145 -7.6546406745910645 
v 2.5221824645996094 1.2531176805496216 -7.6546406745910645 
v 2.5523853302001953 1.1551899909973145 -7.587136745452881 
v 2.5523853302001953 1.2531176805496216 -7.587136745452881 
v 2.5680198669433594 1.1551899909973145 -7.514811038970947 
v 2.5680198669433594 1.2531176805496216 -7.514811038970947 
v 2.5680198669433594 1.1551899909973145 -7.4406304359436035 
v 2.5680198669433594 1.2531176805496216 -7.4406304359436035 
v 2.5523853302001953 1.1551899909973145 -7.36830472946167 
v 2.5523853302001953 1.2531176805496216 -7.36830472946167 
v 2.5221824645996094 1.1551899909973145 -7.300800323486328 
v 2.5221824645996094 1.2531176805496216 -7.300800323486328 
v 2.4788320064544678 1.1551899909973145 -7.240714073181152 
v 2.4788320064544678 1.2531176805496216 -7.240714073181152 
v 2.4134514331817627 1.1551899909973145 -7.180257320404053 
v 2.4134514331817627 1.2531176805496216 -7.180257320404053 
v 2.3743650913238525 1.1551899909973145 -7.158003330230713 
v 2.2894413471221924 1.1551899909973145 -7.131298065185547 
v 2.3743650913238525 1.2531176805496216 -7.158003330230713 
v 2.2894413471221924 1.2531176805496216 -7.131298065185547 
v 2.2155325412750244 1.1551899909973145 -7.123509407043457 
v 2.2155325412750244 1.2531176805496216 -7.123509407043457 
v 2.141979217529297 1.1551899909973145 -7.131298065185547 
v 2.141979217529297 1.2531176805496216 -7.131298065185547 
v 2.0716240406036377 1.1551899909973145 -7.154294013977051 
v 2.0716240406036377 1.2531176805496216 -7.154294013977051 
v 2.007664442062378 1.1551899909973145 -7.191384315490723 
v 2.007664442062378 1.2531176805496216 -7.191384315490723 
v 1.952588438987732 1.1551899909973145 -7.240714073181152 
v 1.952588438987732 1.2531176805496216 -7.240714073181152 
v 1.9092381000518799 1.1551899909973145 -7.300800323486328 
v 1.9092381000518799 1.2531176805496216 -7.300800323486328 
v 1.8790351152420044 1.1551899909973145 -7.36830472946167 
v 1.8790351152420044 1.2531176805496216 -7.36830472946167 
v 1.8634005784988403 1.1551899909973145 -7.4406304359436035 
v 1.8634005784988403 1.2531176805496216 -7.4406304359436035 
v 1.8634005784988403 1.1551899909973145 -7.514811038970947 
v 1.8634005784988403 1.2531176805496216 -7.514811038970947 
v 1.8790351152420044 1.1551899909973145 -7.587136745452881 
v 1.8790351152420044 1.2531176805496216 -7.587136745452881 
v 1.9092381000518799 1.1551899909973145 -7.6546406745910645 
v 1.9092381000518799 1.2531176805496216 -7.6546406745910645 
v 1.952588438987732 1.1551899909973145 -7.71472692489624 
v 1.952588438987732 1.2531176805496216 -7.71472692489624 
v 2.007664442062378 1.1551899909973145 -7.764057159423828 
v 2.007664442062378 1.2531176805496216 -7.764057159423828 
v 2.0716240406036377 1.1551899909973145 -7.801146984100342 
v 2.0716240406036377 1.2531176805496216 -7.801146984100342 
v 2.428375244140625 1.2531176805496216 -7.180628299713135 
v 2.428375244140625 1.1551899909973145 -7.180628299713135 
v 2.4873600006103516 1.2531176805496216 -7.2329254150390625 
v 2.4873600006103516 1.1551899909973145 -7.2329254150390625 
v 2.532486915588379 1.2531176805496216 -7.29486608505249 
v 2.532486915588379 1.1551899909973145 -7.29486608505249 
v 2.5634007453918457 1.2531176805496216 -7.364595413208008 
v 2.5634007453918457 1.1551899909973145 -7.364595413208008 
v 2.579390525817871 1.2531176805496216 -7.439517498016357 
v 2.579390525817871 1.1551899909973145 -7.439517498016357 
v 2.579390525817871 1.2531176805496216 -7.515923500061035 
v 2.579390525817871 1.1551899909973145 -7.515923500061035 
v 2.5634007453918457 1.2531176805496216 -7.590845584869385 
v 2.5634007453918457 1.1551899909973145 -7.590845584869385 
v 2.532486915588379 1.2531176805496216 -7.6605753898620605 
v 2.532486915588379 1.1551899909973145 -7.6605753898620605 
v 2.4873600006103516 1.2531176805496216 -7.722516059875488 
v 2.4873600006103516 1.1551899909973145 -7.722516059875488 
v 2.430507183074951 1.2531176805496216 -7.77370023727417 
v 2.430507183074951 1.1551899909973145 -7.77370023727417 
v 2.3644158840179443 1.2531176805496216 -7.811903476715088 
v 2.3644158840179443 1.1551899909973145 -7.811903476715088 
v 2.2915732860565186 1.2531176805496216 -7.835269927978516 
v 2.2915732860565186 1.1551899909973145 -7.835269927978516 
v 2.215888023376465 1.2531176805496216 -7.843430042266846 
v 2.215888023376465 1.1551899909973145 -7.843430042266846 
v 2.1398472785949707 1.2531176805496216 -7.835269927978516 
v 2.1398472785949707 1.1551899909973145 -7.835269927978516 
v 2.067004680633545 1.2531176805496216 -7.811903476715088 
v 2.067004680633545 1.1551899909973145 -7.811903476715088 
v 2.000913381576538 1.2531176805496216 -7.77370023727417 
v 2.000913381576538 1.1551899909973145 -7.77370023727417 
v 2.3743650913238525 1.2531176805496216 -7.158003330230713 
v 2.2894413471221924 1.2531176805496216 -7.131298065185547 
v 2.366903066635132 1.2531176805496216 -7.145021438598633 
v 2.2915732860565186 1.2531176805496216 -7.120171070098877 
v 2.2155325412750244 1.2531176805496216 -7.123509407043457 
v 2.2155325412750244 1.2531176805496216 -7.112011432647705 
v 2.141979217529297 1.2531176805496216 -7.131298065185547 
v 2.1398472785949707 1.2531176805496216 -7.120171070098877 
v 2.0716240406036377 1.2531176805496216 -7.154294013977051 
v 2.067004680633545 1.2531176805496216 -7.143537998199463 
v 2.007664442062378 1.2531176805496216 -7.191384315490723 
v 2.000913381576538 1.2531176805496216 -7.181740760803223 
v 1.952588438987732 1.2531176805496216 -7.240714073181152 
v 1.9440604448318481 1.2531176805496216 -7.2329254150390625 
v 1.9092381000518799 1.2531176805496216 -7.300800323486328 
v 1.8989335298538208 1.2531176805496216 -7.29486608505249 
v 1.8790351152420044 1.2531176805496216 -7.36830472946167 
v 1.8680198192596436 1.2531176805496216 -7.364595413208008 
v 1.8634005784988403 1.2531176805496216 -7.4406304359436035 
v 1.8520300388336182 1.2531176805496216 -7.439517498016357 
v 1.8634005784988403 1.2531176805496216 -7.514811038970947 
v 1.8520300388336182 1.2531176805496216 -7.515923500061035 
v 1.8790351152420044 1.2531176805496216 -7.587136745452881 
v 1.8680198192596436 1.2531176805496216 -7.590845584869385 
v 1.9092381000518799 1.2531176805496216 -7.6546406745910645 
v 1.8989335298538208 1.2531176805496216 -7.6605753898620605 
v 1.952588438987732 1.2531176805496216 -7.71472692489624 
v 1.9440604448318481 1.2531176805496216 -7.722516059875488 
v 2.007664442062378 1.2531176805496216 -7.764057159423828 
v 2.000913381576538 1.2531176805496216 -7.77370023727417 
v 2.428375244140625 1.2531176805496216 -7.180628299713135 
v 2.4873600006103516 1.2531176805496216 -7.2329254150390625 
v 2.4134514331817627 1.2531176805496216 -7.180257320404053 
v 2.4788320064544678 1.2531176805496216 -7.240714073181152 
v 2.532486915588379 1.2531176805496216 -7.29486608505249 
v 2.5221824645996094 1.2531176805496216 -7.300800323486328 
v 2.5634007453918457 1.2531176805496216 -7.364595413208008 
v 2.5523853302001953 1.2531176805496216 -7.36830472946167 
v 2.579390525817871 1.2531176805496216 -7.439517498016357 
v 2.5680198669433594 1.2531176805496216 -7.4406304359436035 
v 2.579390525817871 1.2531176805496216 -7.515923500061035 
v 2.5680198669433594 1.2531176805496216 -7.514811038970947 
v 2.5634007453918457 1.2531176805496216 -7.590845584869385 
v 2.5523853302001953 1.2531176805496216 -7.587136745452881 
v 2.532486915588379 1.2531176805496216 -7.6605753898620605 
v 2.5221824645996094 1.2531176805496216 -7.6546406745910645 
v 2.4873600006103516 1.2531176805496216 -7.722516059875488 
v 2.4788320064544678 1.2531176805496216 -7.71472692489624 
v 2.430507183074951 1.2531176805496216 -7.77370023727417 
v 2.4237558841705322 1.2531176805496216 -7.764057159423828 
v 2.3644158840179443 1.2531176805496216 -7.811903476715088 
v 2.3597965240478516 1.2531176805496216 -7.801146984100342 
v 2.2915732860565186 1.2531176805496216 -7.835269927978516 
v 2.2894413471221924 1.2531176805496216 -7.824142932891846 
v 2.215888023376465 1.2531176805496216 -7.843430042266846 
v 2.215888023376465 1.2531176805496216 -7.831932067871094 
v 2.1398472785949707 1.2531176805496216 -7.835269927978516 
v 2.141979217529297 1.2531176805496216 -7.824142932891846 
v 2.067004680633545 1.2531176805496216 -7.811903476715088 
v 2.0716240406036377 1.2531176805496216 -7.801146984100342 
v 2.000913381576538 1.2531176805496216 -7.77370023727417 
v 2.007664442062378 1.2531176805496216 -7.764057159423828 
v 2.4134514331817627 1.2531176805496216 -7.180257320404053 
v 2.431217908859253 1.2531176805496216 -7.165421009063721 
v 2.428375244140625 1.2531176805496216 -7.180628299713135 
v 2.4376137256622314 1.2531176805496216 -7.175435543060303 
v 2.43725848197937 1.2531176805496216 -7.161341190338135 
v 2.444720506668091 1.2531176805496216 -7.170242786407471 
v 2.4432990550994873 1.2531176805496216 -7.155777454376221 
v 2.4521822929382324 1.2531176805496216 -7.163195610046387 
v 2.4464972019195557 1.2531176805496216 -7.150585174560547 
v 2.456801652908325 1.2531176805496216 -7.156519412994385 
v 2.4493396282196045 1.2531176805496216 -7.144650459289551 
v 2.460355043411255 1.2531176805496216 -7.148359775543213 
v 2.4511163234710693 1.2531176805496216 -7.137232780456543 
v 2.462486982345581 1.2531176805496216 -7.139458179473877 
v 2.452537775039673 1.2531176805496216 -7.129443645477295 
v 2.4639081954956055 1.2531176805496216 -7.129814624786377 
v 2.451827049255371 1.2531176805496216 -7.120171070098877 
v 2.463552951812744 1.2531176805496216 -7.119800090789795 
v 2.428375244140625 1.1551899909973145 -7.180628299713135 
v 2.4376137256622314 1.1551899909973145 -7.175435543060303 
v 2.4134514331817627 1.1551899909973145 -7.180257320404053 
v 2.431217908859253 1.1551899909973145 -7.165421009063721 
v 2.444720506668091 1.1551899909973145 -7.170242786407471 
v 2.43725848197937 1.1551899909973145 -7.161341190338135 
v 2.4521822929382324 1.1551899909973145 -7.163195610046387 
v 2.4432990550994873 1.1551899909973145 -7.155777454376221 
v 2.456801652908325 1.1551899909973145 -7.156519412994385 
v 2.4464972019195557 1.1551899909973145 -7.150585174560547 
v 2.460355043411255 1.1551899909973145 -7.148359775543213 
v 2.4493396282196045 1.1551899909973145 -7.144650459289551 
v 2.462486982345581 1.1551899909973145 -7.139458179473877 
v 2.4511163234710693 1.1551899909973145 -7.137232780456543 
v 2.4639081954956055 1.1551899909973145 -7.129814624786377 
v 2.452537775039673 1.1551899909973145 -7.129443645477295 
v 2.463552951812744 1.1551899909973145 -7.119800090789795 
v 2.451827049255371 1.1551899909973145 -7.120171070098877 
v 2.4074108600616455 1.1551899909973145 -7.094578742980957 
v 2.4074108600616455 1.2531176805496216 -7.094578742980957 
v 2.402080774307251 1.1551899909973145 -7.084193706512451 
v 2.402080774307251 1.2531176805496216 -7.084193706512451 
v 2.4074108600616455 1.2531176805496216 -7.094578742980957 
v 2.3995935916900635 1.2531176805496216 -7.098658561706543 
v 2.402080774307251 1.2531176805496216 -7.084193706512451 
v 2.393197536468506 1.2531176805496216 -7.089015483856201 
v 2.3928422927856445 1.2531176805496216 -7.103851318359375 
v 2.385380268096924 1.2531176805496216 -7.094949722290039 
v 2.38751220703125 1.2531176805496216 -7.108673095703125 
v 2.378628969192505 1.2531176805496216 -7.100883960723877 
v 2.383603572845459 1.2531176805496216 -7.114236831665039 
v 2.373654365539551 1.2531176805496216 -7.108302116394043 
v 2.38076114654541 1.2531176805496216 -7.119800090789795 
v 2.3701012134552 1.2531176805496216 -7.115720272064209 
v 2.3789844512939453 1.2531176805496216 -7.127589225769043 
v 2.3676137924194336 1.2531176805496216 -7.125363826751709 
v 2.3782737255096436 1.2531176805496216 -7.135007381439209 
v 2.3665478229522705 1.2531176805496216 -7.134636402130127 
v 2.3743650913238525 1.2531176805496216 -7.158003330230713 
v 2.366903066635132 1.2531176805496216 -7.145021438598633 
v 2.402080774307251 1.2531176805496216 -7.084193706512451 
v 2.393197536468506 1.2531176805496216 -7.089015483856201 
v 2.402080774307251 1.1551899909973145 -7.084193706512451 
v 2.393197536468506 1.1551899909973145 -7.089015483856201 
v 2.385380268096924 1.2531176805496216 -7.094949722290039 
v 2.385380268096924 1.1551899909973145 -7.094949722290039 
v 2.378628969192505 1.2531176805496216 -7.100883960723877 
v 2.378628969192505 1.1551899909973145 -7.100883960723877 
v 2.373654365539551 1.2531176805496216 -7.108302116394043 
v 2.373654365539551 1.1551899909973145 -7.108302116394043 
v 2.3701012134552 1.2531176805496216 -7.115720272064209 
v 2.3701012134552 1.1551899909973145 -7.115720272064209 
v 2.3676137924194336 1.2531176805496216 -7.125363826751709 
v 2.3676137924194336 1.1551899909973145 -7.125363826751709 
v 2.3665478229522705 1.2531176805496216 -7.134636402130127 
v 2.3665478229522705 1.1551899909973145 -7.134636402130127 
v 2.366903066635132 1.2531176805496216 -7.145021438598633 
v 2.366903066635132 1.1551899909973145 -7.145021438598633 
v 2.402080774307251 1.1551899909973145 -7.084193706512451 
v 2.393197536468506 1.1551899909973145 -7.089015483856201 
v 2.4074108600616455 1.1551899909973145 -7.094578742980957 
v 2.3995935916900635 1.1551899909973145 -7.098658561706543 
v 2.385380268096924 1.1551899909973145 -7.094949722290039 
v 2.3928422927856445 1.1551899909973145 -7.103851318359375 
v 2.378628969192505 1.1551899909973145 -7.100883960723877 
v 2.38751220703125 1.1551899909973145 -7.108673095703125 
v 2.373654365539551 1.1551899909973145 -7.108302116394043 
v 2.383603572845459 1.1551899909973145 -7.114236831665039 
v 2.3701012134552 1.1551899909973145 -7.115720272064209 
v 2.38076114654541 1.1551899909973145 -7.119800090789795 
v 2.3676137924194336 1.1551899909973145 -7.125363826751709 
v 2.3789844512939453 1.1551899909973145 -7.127589225769043 
v 2.3665478229522705 1.1551899909973145 -7.134636402130127 
v 2.3782737255096436 1.1551899909973145 -7.135007381439209 
v 2.366903066635132 1.1551899909973145 -7.145021438598633 
v 2.3743650913238525 1.1551899909973145 -7.158003330230713 
v 2.463552951812744 1.1551899909973145 -7.119800090789795 
v 2.4639081954956055 1.1551899909973145 -7.129814624786377 
v 2.463552951812744 1.2531176805496216 -7.119800090789795 
v 2.4639081954956055 1.2531176805496216 -7.129814624786377 
v 2.462486982345581 1.1551899909973145 -7.139458179473877 
v 2.462486982345581 1.2531176805496216 -7.139458179473877 
v 2.460355043411255 1.1551899909973145 -7.148359775543213 
v 2.460355043411255 1.2531176805496216 -7.148359775543213 
v 2.456801652908325 1.1551899909973145 -7.156519412994385 
v 2.456801652908325 1.2531176805496216 -7.156519412994385 
v 2.4521822929382324 1.1551899909973145 -7.163195610046387 
v 2.4521822929382324 1.2531176805496216 -7.163195610046387 
v 2.444720506668091 1.1551899909973145 -7.170242786407471 
v 2.444720506668091 1.2531176805496216 -7.170242786407471 
v 2.4376137256622314 1.1551899909973145 -7.175435543060303 
v 2.4376137256622314 1.2531176805496216 -7.175435543060303 
v 2.428375244140625 1.1551899909973145 -7.180628299713135 
v 2.428375244140625 1.2531176805496216 -7.180628299713135 
v 2.451827049255371 1.2531176805496216 -7.120171070098877 
v 2.451827049255371 1.1551899909973145 -7.120171070098877 
v 2.463552951812744 1.2531176805496216 -7.119800090789795 
v 2.463552951812744 1.1551899909973145 -7.119800090789795 
v 2.3743650913238525 1.1551899909973145 -7.158003330230713 
v 2.3743650913238525 1.2531176805496216 -7.158003330230713 
v 2.3782737255096436 1.1551899909973145 -7.135007381439209 
v 2.3782737255096436 1.2531176805496216 -7.135007381439209 
v 2.3789844512939453 1.1551899909973145 -7.127589225769043 
v 2.3789844512939453 1.2531176805496216 -7.127589225769043 
v 2.38076114654541 1.1551899909973145 -7.119800090789795 
v 2.38076114654541 1.2531176805496216 -7.119800090789795 
v 2.383603572845459 1.1551899909973145 -7.114236831665039 
v 2.383603572845459 1.2531176805496216 -7.114236831665039 
v 2.38751220703125 1.1551899909973145 -7.108673095703125 
v 2.38751220703125 1.2531176805496216 -7.108673095703125 
v 2.3928422927856445 1.1551899909973145 -7.103851318359375 
v 2.3928422927856445 1.2531176805496216 -7.103851318359375 
v 2.3995935916900635 1.1551899909973145 -7.098658561706543 
v 2.3995935916900635 1.2531176805496216 -7.098658561706543 
v 2.4074108600616455 1.1551899909973145 -7.094578742980957 
v 2.4074108600616455 1.2531176805496216 -7.094578742980957 
v 2.451827049255371 1.1551899909973145 -7.120171070098877 
v 2.451827049255371 1.2531176805496216 -7.120171070098877 
v 2.452537775039673 1.1551899909973145 -7.129443645477295 
v 2.452537775039673 1.2531176805496216 -7.129443645477295 
v 2.4511163234710693 1.1551899909973145 -7.137232780456543 
v 2.4511163234710693 1.2531176805496216 -7.137232780456543 
v 2.4493396282196045 1.1551899909973145 -7.144650459289551 
v 2.4493396282196045 1.2531176805496216 -7.144650459289551 
v 2.4464972019195557 1.1551899909973145 -7.150585174560547 
v 2.4464972019195557 1.2531176805496216 -7.150585174560547 
v 2.4432990550994873 1.1551899909973145 -7.155777454376221 
v 2.4432990550994873 1.2531176805496216 -7.155777454376221 
v 2.43725848197937 1.1551899909973145 -7.161341190338135 
v 2.43725848197937 1.2531176805496216 -7.161341190338135 
v 2.431217908859253 1.1551899909973145 -7.165421009063721 
v 2.431217908859253 1.2531176805496216 -7.165421009063721 
v 2.4134514331817627 1.1551899909973145 -7.180257320404053 
v 2.4134514331817627 1.2531176805496216 -7.180257320404053 
v 2.366903066635132 1.1551899909973145 -7.145021438598633 
v 2.2915732860565186 1.1551899909973145 -7.120171070098877 
v 2.3743650913238525 1.1551899909973145 -7.158003330230713 
v 2.2894413471221924 1.1551899909973145 -7.131298065185547 
v 2.2155325412750244 1.1551899909973145 -7.112011432647705 
v 2.2155325412750244 1.1551899909973145 -7.123509407043457 
v 2.1398472785949707 1.1551899909973145 -7.120171070098877 
v 2.141979217529297 1.1551899909973145 -7.131298065185547 
v 2.067004680633545 1.1551899909973145 -7.143537998199463 
v 2.0716240406036377 1.1551899909973145 -7.154294013977051 
v 2.000913381576538 1.1551899909973145 -7.181740760803223 
v 2.007664442062378 1.1551899909973145 -7.191384315490723 
v 1.9440604448318481 1.1551899909973145 -7.2329254150390625 
v 1.952588438987732 1.1551899909973145 -7.240714073181152 
v 1.8989335298538208 1.1551899909973145 -7.29486608505249 
v 1.9092381000518799 1.1551899909973145 -7.300800323486328 
v 1.8680198192596436 1.1551899909973145 -7.364595413208008 
v 1.8790351152420044 1.1551899909973145 -7.36830472946167 
v 1.8520300388336182 1.1551899909973145 -7.439517498016357 
v 1.8634005784988403 1.1551899909973145 -7.4406304359436035 
v 1.8520300388336182 1.1551899909973145 -7.515923500061035 
v 1.8634005784988403 1.1551899909973145 -7.514811038970947 
v 1.8680198192596436 1.1551899909973145 -7.590845584869385 
v 1.8790351152420044 1.1551899909973145 -7.587136745452881 
v 1.8989335298538208 1.1551899909973145 -7.6605753898620605 
v 1.9092381000518799 1.1551899909973145 -7.6546406745910645 
v 1.9440604448318481 1.1551899909973145 -7.722516059875488 
v 1.952588438987732 1.1551899909973145 -7.71472692489624 
v 2.000913381576538 1.1551899909973145 -7.77370023727417 
v 2.007664442062378 1.1551899909973145 -7.764057159423828 
v 2.366903066635132 1.1551899909973145 -7.145021438598633 
v 2.366903066635132 1.2531176805496216 -7.145021438598633 
v 2.2915732860565186 1.1551899909973145 -7.120171070098877 
v 2.2915732860565186 1.2531176805496216 -7.120171070098877 
v 2.2155325412750244 1.1551899909973145 -7.112011432647705 
v 2.2155325412750244 1.2531176805496216 -7.112011432647705 
v 2.1398472785949707 1.1551899909973145 -7.120171070098877 
v 2.1398472785949707 1.2531176805496216 -7.120171070098877 
v 2.067004680633545 1.1551899909973145 -7.143537998199463 
v 2.067004680633545 1.2531176805496216 -7.143537998199463 
v 2.000913381576538 1.1551899909973145 -7.181740760803223 
v 2.000913381576538 1.2531176805496216 -7.181740760803223 
v 1.9440604448318481 1.1551899909973145 -7.2329254150390625 
v 1.9440604448318481 1.2531176805496216 -7.2329254150390625 
v 1.8989335298538208 1.1551899909973145 -7.29486608505249 
v 1.8989335298538208 1.2531176805496216 -7.29486608505249 
v 1.8680198192596436 1.1551899909973145 -7.364595413208008 
v 1.8680198192596436 1.2531176805496216 -7.364595413208008 
v 1.8520300388336182 1.1551899909973145 -7.439517498016357 
v 1.8520300388336182 1.2531176805496216 -7.439517498016357 
v 1.8520300388336182 1.1551899909973145 -7.515923500061035 
v 1.8520300388336182 1.2531176805496216 -7.515923500061035 
v 1.8680198192596436 1.1551899909973145 -7.590845584869385 
v 1.8680198192596436 1.2531176805496216 -7.590845584869385 
v 1.8989335298538208 1.1551899909973145 -7.6605753898620605 
v 1.8989335298538208 1.2531176805496216 -7.6605753898620605 
v 1.9440604448318481 1.1551899909973145 -7.722516059875488 
v 1.9440604448318481 1.2531176805496216 -7.722516059875488 
v 2.000913381576538 1.1551899909973145 -7.77370023727417 
v 2.000913381576538 1.2531176805496216 -7.77370023727417 
v 2.000913381576538 1.1551899909973145 -7.77370023727417 
v 2.067004680633545 1.1551899909973145 -7.811903476715088 
v 2.007664442062378 1.1551899909973145 -7.764057159423828 
v 2.0716240406036377 1.1551899909973145 -7.801146984100342 
v 2.1398472785949707 1.1551899909973145 -7.835269927978516 
v 2.141979217529297 1.1551899909973145 -7.824142932891846 
v 2.215888023376465 1.1551899909973145 -7.843430042266846 
v 2.215888023376465 1.1551899909973145 -7.831932067871094 
v 2.2915732860565186 1.1551899909973145 -7.835269927978516 
v 2.2894413471221924 1.1551899909973145 -7.824142932891846 
v 2.3644158840179443 1.1551899909973145 -7.811903476715088 
v 2.3597965240478516 1.1551899909973145 -7.801146984100342 
v 2.430507183074951 1.1551899909973145 -7.77370023727417 
v 2.4237558841705322 1.1551899909973145 -7.764057159423828 
v 2.4873600006103516 1.1551899909973145 -7.722516059875488 
v 2.4788320064544678 1.1551899909973145 -7.71472692489624 
v 2.532486915588379 1.1551899909973145 -7.6605753898620605 
v 2.5221824645996094 1.1551899909973145 -7.6546406745910645 
v 2.5634007453918457 1.1551899909973145 -7.590845584869385 
v 2.5523853302001953 1.1551899909973145 -7.587136745452881 
v 2.579390525817871 1.1551899909973145 -7.515923500061035 
v 2.5680198669433594 1.1551899909973145 -7.514811038970947 
v 2.579390525817871 1.1551899909973145 -7.439517498016357 
v 2.5680198669433594 1.1551899909973145 -7.4406304359436035 
v 2.5634007453918457 1.1551899909973145 -7.364595413208008 
v 2.5523853302001953 1.1551899909973145 -7.36830472946167 
v 2.532486915588379 1.1551899909973145 -7.29486608505249 
v 2.5221824645996094 1.1551899909973145 -7.300800323486328 
v 2.4873600006103516 1.1551899909973145 -7.2329254150390625 
v 2.4788320064544678 1.1551899909973145 -7.240714073181152 
v 2.428375244140625 1.1551899909973145 -7.180628299713135 
v 2.4134514331817627 1.1551899909973145 -7.180257320404053 
v 2.2519919872283936 2.352881908416748 -7.476980209350586 
v 2.290473222732544 2.352881908416748 -7.410298824310303 
v 2.2567408084869385 2.3421616554260254 -7.479770183563232 
v 2.295222043991089 2.3421616554260254 -7.413088798522949 
v 2.258378267288208 2.330244541168213 -7.4807000160217285 
v 2.2968595027923584 2.330244541168213 -7.414018630981445 
v 2.2567408084869385 2.3183274269104004 -7.479770183563232 
v 2.295222043991089 2.3183274269104004 -7.413088798522949 
v 2.2519919872283936 2.3076071739196777 -7.476980209350586 
v 2.290473222732544 2.3076071739196777 -7.410298824310303 
v 2.2446231842041016 2.299072742462158 -7.472795009613037 
v 2.283104419708252 2.299072742462158 -7.406020641326904 
v 2.2352893352508545 2.2936084270477295 -7.467401027679443 
v 2.273852586746216 2.2936084270477295 -7.40071964263916 
v 2.224973201751709 2.2917349338531494 -7.461448669433594 
v 2.2635364532470703 2.2917349338531494 -7.394767761230469 
v 2.2146568298339844 2.2936084270477295 -7.455496788024902 
v 2.2532200813293457 2.2936084270477295 -7.388815402984619 
v 2.2054049968719482 2.299072742462158 -7.450102806091309 
v 2.2438862323760986 2.299072742462158 -7.383421421051025 
v 2.1980361938476562 2.3076071739196777 -7.44582462310791 
v 2.2365176677703857 2.3076071739196777 -7.379143238067627 
v 2.1932876110076904 2.3183274269104004 -7.443127632141113 
v 2.231768846511841 2.3183274269104004 -7.37644624710083 
v 2.191649913787842 2.330244541168213 -7.442197799682617 
v 2.2301313877105713 2.330244541168213 -7.375516414642334 
v 2.1932876110076904 2.3421616554260254 -7.443127632141113 
v 2.231768846511841 2.3421616554260254 -7.37644624710083 
v 2.1980361938476562 2.352881908416748 -7.44582462310791 
v 2.2365176677703857 2.352881908416748 -7.379143238067627 
v 2.2054049968719482 2.3614163398742676 -7.450102806091309 
v 2.2438862323760986 2.3614163398742676 -7.383421421051025 
v 2.2146568298339844 2.366880416870117 -7.455496788024902 
v 2.2532200813293457 2.366880416870117 -7.388815402984619 
v 2.224973201751709 2.3687539100646973 -7.461448669433594 
v 2.2635364532470703 2.3687539100646973 -7.394767761230469 
v 2.2352893352508545 2.366880416870117 -7.467401027679443 
v 2.273852586746216 2.366880416870117 -7.40071964263916 
v 2.2446231842041016 2.3614163398742676 -7.472795009613037 
v 2.283104419708252 2.3614163398742676 -7.406020641326904 
v 2.2519919872283936 2.352881908416748 -7.476980209350586 
v 2.290473222732544 2.352881908416748 -7.410298824310303 
v 2.242985725402832 2.383845567703247 -7.368727207183838 
v 2.2793381214141846 2.383845567703247 -7.305673122406006 
v 2.2962045669555664 2.383845567703247 -7.399510383605957 
v 2.33263897895813 2.383845567703247 -7.336456298828125 
v 2.216294288635254 2.33060884475708 -7.353382110595703 
v 2.2527289390563965 2.33060884475708 -7.290328025817871 
v 2.242985725402832 2.383845567703247 -7.368727207183838 
v 2.2793381214141846 2.383845567703247 -7.305673122406006 
v 2.242985725402832 2.27731990814209 -7.368727207183838 
v 2.2793381214141846 2.27731990814209 -7.305673122406006 
v 2.216294288635254 2.33060884475708 -7.353382110595703 
v 2.2527289390563965 2.33060884475708 -7.290328025817871 
v 2.2962045669555664 2.27731990814209 -7.399510383605957 
v 2.33263897895813 2.27731990814209 -7.336456298828125 
v 2.242985725402832 2.27731990814209 -7.368727207183838 
v 2.2793381214141846 2.27731990814209 -7.305673122406006 
v 2.3228957653045654 2.33060884475708 -7.414855480194092 
v 2.359248399734497 2.33060884475708 -7.35180139541626 
v 2.2962045669555664 2.27731990814209 -7.399510383605957 
v 2.33263897895813 2.27731990814209 -7.336456298828125 
v 2.359248399734497 2.33060884475708 -7.35180139541626 
v 2.3228957653045654 2.33060884475708 -7.414855480194092 
v 2.33263897895813 2.383845567703247 -7.336456298828125 
v 2.2962045669555664 2.383845567703247 -7.399510383605957 
v 2.287853240966797 2.350644111633301 -7.408810615539551 
v 2.289900064468384 2.350644111633301 -7.405183792114258 
v 2.2921106815338135 2.3409647941589355 -7.411228656768799 
v 2.2941577434539795 2.3409647941589355 -7.407601833343506 
v 2.2935845851898193 2.330244541168213 -7.412065505981445 
v 2.2956314086914062 2.330244541168213 -7.408438682556152 
v 2.2921106815338135 2.3195242881774902 -7.411228656768799 
v 2.2941577434539795 2.3195242881774902 -7.407601833343506 
v 2.287853240966797 2.309844970703125 -7.408810615539551 
v 2.289900064468384 2.309844970703125 -7.405183792114258 
v 2.281139373779297 2.302143096923828 -7.404904365539551 
v 2.2832682132720947 2.302143096923828 -7.401277542114258 
v 2.2727882862091064 2.2972512245178223 -7.400068759918213 
v 2.274916887283325 2.2972512245178223 -7.396441459655762 
v 2.2635364532470703 2.2955338954925537 -7.394767761230469 
v 2.2655832767486572 2.2955338954925537 -7.391140460968018 
v 2.2542026042938232 2.2972512245178223 -7.389373302459717 
v 2.256331443786621 2.2972512245178223 -7.385746479034424 
v 2.2458512783050537 2.302143096923828 -7.384537696838379 
v 2.2479801177978516 2.302143096923828 -7.380910396575928 
v 2.2392194271087646 2.309844970703125 -7.3807244300842285 
v 2.2412662506103516 2.309844970703125 -7.3770976066589355 
v 2.234961986541748 2.3195242881774902 -7.378213405609131 
v 2.237008810043335 2.3195242881774902 -7.374586582183838 
v 2.233488082885742 2.330244541168213 -7.377376556396484 
v 2.235535144805908 2.330244541168213 -7.373749256134033 
v 2.234961986541748 2.3409647941589355 -7.378213405609131 
v 2.237008810043335 2.3409647941589355 -7.374586582183838 
v 2.2392194271087646 2.350644111633301 -7.3807244300842285 
v 2.2412662506103516 2.350644111633301 -7.3770976066589355 
v 2.2458512783050537 2.3582940101623535 -7.384537696838379 
v 2.2479801177978516 2.3582940101623535 -7.380910396575928 
v 2.2542026042938232 2.3632376194000244 -7.389373302459717 
v 2.256331443786621 2.3632376194000244 -7.385746479034424 
v 2.2635364532470703 2.364954948425293 -7.394767761230469 
v 2.2655832767486572 2.364954948425293 -7.391140460968018 
v 2.2727882862091064 2.3632376194000244 -7.400068759918213 
v 2.274916887283325 2.3632376194000244 -7.396441459655762 
v 2.281139373779297 2.3582940101623535 -7.404904365539551 
v 2.2832682132720947 2.3582940101623535 -7.401277542114258 
v 2.287853240966797 2.350644111633301 -7.408810615539551 
v 2.289900064468384 2.350644111633301 -7.405183792114258 
v 2.290473222732544 2.352881908416748 -7.410298824310303 
v 2.287853240966797 2.350644111633301 -7.408810615539551 
v 2.295222043991089 2.3421616554260254 -7.413088798522949 
v 2.2921106815338135 2.3409647941589355 -7.411228656768799 
v 2.2968595027923584 2.330244541168213 -7.414018630981445 
v 2.2935845851898193 2.330244541168213 -7.412065505981445 
v 2.295222043991089 2.3183274269104004 -7.413088798522949 
v 2.2921106815338135 2.3195242881774902 -7.411228656768799 
v 2.290473222732544 2.3076071739196777 -7.410298824310303 
v 2.287853240966797 2.309844970703125 -7.408810615539551 
v 2.283104419708252 2.299072742462158 -7.406020641326904 
v 2.281139373779297 2.302143096923828 -7.404904365539551 
v 2.273852586746216 2.2936084270477295 -7.40071964263916 
v 2.2727882862091064 2.2972512245178223 -7.400068759918213 
v 2.2635364532470703 2.2917349338531494 -7.394767761230469 
v 2.2635364532470703 2.2955338954925537 -7.394767761230469 
v 2.2532200813293457 2.2936084270477295 -7.388815402984619 
v 2.2542026042938232 2.2972512245178223 -7.389373302459717 
v 2.2438862323760986 2.299072742462158 -7.383421421051025 
v 2.2458512783050537 2.302143096923828 -7.384537696838379 
v 2.2365176677703857 2.3076071739196777 -7.379143238067627 
v 2.2392194271087646 2.309844970703125 -7.3807244300842285 
v 2.231768846511841 2.3183274269104004 -7.37644624710083 
v 2.234961986541748 2.3195242881774902 -7.378213405609131 
v 2.2301313877105713 2.330244541168213 -7.375516414642334 
v 2.233488082885742 2.330244541168213 -7.377376556396484 
v 2.231768846511841 2.3421616554260254 -7.37644624710083 
v 2.234961986541748 2.3409647941589355 -7.378213405609131 
v 2.2365176677703857 2.352881908416748 -7.379143238067627 
v 2.2392194271087646 2.350644111633301 -7.3807244300842285 
v 2.2438862323760986 2.3614163398742676 -7.383421421051025 
v 2.2458512783050537 2.3582940101623535 -7.384537696838379 
v 2.2532200813293457 2.366880416870117 -7.388815402984619 
v 2.2542026042938232 2.3632376194000244 -7.389373302459717 
v 2.2635364532470703 2.3687539100646973 -7.394767761230469 
v 2.2635364532470703 2.364954948425293 -7.394767761230469 
v 2.273852586746216 2.366880416870117 -7.40071964263916 
v 2.2727882862091064 2.3632376194000244 -7.400068759918213 
v 2.283104419708252 2.3614163398742676 -7.406020641326904 
v 2.281139373779297 2.3582940101623535 -7.404904365539551 
v 2.290473222732544 2.352881908416748 -7.410298824310303 
v 2.287853240966797 2.350644111633301 -7.408810615539551 
v 2.2935025691986084 2.2899656295776367 -7.401370525360107 
v 2.2949764728546143 2.2899656295776367 -7.39876651763916 
v 2.2814669609069824 2.28294038772583 -7.394395351409912 
v 2.282940626144409 2.28294038772583 -7.391791343688965 
v 2.2681212425231934 2.280494451522827 -7.3867692947387695 
v 2.269595146179199 2.280494451522827 -7.384165287017822 
v 2.2548575401306152 2.28294038772583 -7.379050254821777 
v 2.256331443786621 2.28294038772583 -7.37644624710083 
v 2.2428219318389893 2.2899656295776367 -7.37207555770874 
v 2.244295597076416 2.2899656295776367 -7.369564533233643 
v 2.2333245277404785 2.3009982109069824 -7.366588592529297 
v 2.2347981929779053 2.3009982109069824 -7.36398458480835 
v 2.2271838188171387 2.314840793609619 -7.363054275512695 
v 2.2286574840545654 2.314840793609619 -7.360450267791748 
v 2.225054979324341 2.330244541168213 -7.36184549331665 
v 2.2265288829803467 2.330244541168213 -7.359241485595703 
v 2.2271838188171387 2.3455963134765625 -7.363054275512695 
v 2.2286574840545654 2.3455963134765625 -7.360450267791748 
v 2.2333245277404785 2.3594908714294434 -7.366588592529297 
v 2.2347981929779053 2.3594908714294434 -7.36398458480835 
v 2.2428219318389893 2.370471239089966 -7.37207555770874 
v 2.244295597076416 2.370471239089966 -7.369564533233643 
v 2.2548575401306152 2.3775486946105957 -7.379050254821777 
v 2.256331443786621 2.3775486946105957 -7.37644624710083 
v 2.2681212425231934 2.3799946308135986 -7.3867692947387695 
v 2.269595146179199 2.3799946308135986 -7.384165287017822 
v 2.2814669609069824 2.3775486946105957 -7.394395351409912 
v 2.282940626144409 2.3775486946105957 -7.391791343688965 
v 2.2935025691986084 2.370471239089966 -7.401370525360107 
v 2.2949764728546143 2.370471239089966 -7.39876651763916 
v 2.3030002117156982 2.3594908714294434 -7.406857490539551 
v 2.304473876953125 2.3594908714294434 -7.4042534828186035 
v 2.309140682220459 2.3455963134765625 -7.410391807556152 
v 2.310614585876465 2.3455963134765625 -7.407787799835205 
v 2.311187744140625 2.330244541168213 -7.411600589752197 
v 2.3127431869506836 2.330244541168213 -7.40899658203125 
v 2.309140682220459 2.314840793609619 -7.410391807556152 
v 2.310614585876465 2.314840793609619 -7.407787799835205 
v 2.3030002117156982 2.3009982109069824 -7.406857490539551 
v 2.304473876953125 2.3009982109069824 -7.4042534828186035 
v 2.3408265113830566 2.3009982109069824 -7.341292381286621 
v 2.3428733348846436 2.3009982109069824 -7.337851047515869 
v 2.331328868865967 2.2899656295776367 -7.335805416107178 
v 2.333293914794922 2.2899656295776367 -7.332364082336426 
v 2.319293260574341 2.28294038772583 -7.328830242156982 
v 2.321258306503296 2.28294038772583 -7.325389385223389 
v 2.3060295581817627 2.280494451522827 -7.32111120223999 
v 2.3079946041107178 2.280494451522827 -7.317763328552246 
v 2.2926838397979736 2.28294038772583 -7.313485145568848 
v 2.2946488857269287 2.28294038772583 -7.310044288635254 
v 2.2806482315063477 2.2899656295776367 -7.306509971618652 
v 2.2826950550079346 2.2899656295776367 -7.303069114685059 
v 2.271150827407837 2.3009982109069824 -7.301023006439209 
v 2.273115634918213 2.3009982109069824 -7.297582149505615 
v 2.265010118484497 2.314840793609619 -7.297489166259766 
v 2.266975164413452 2.314840793609619 -7.294047832489014 
v 2.262881278991699 2.330244541168213 -7.2962799072265625 
v 2.264928102493286 2.330244541168213 -7.292839050292969 
v 2.265010118484497 2.3455963134765625 -7.297489166259766 
v 2.266975164413452 2.3455963134765625 -7.294047832489014 
v 2.271150827407837 2.3594908714294434 -7.301023006439209 
v 2.273115634918213 2.3594908714294434 -7.297582149505615 
v 2.2806482315063477 2.370471239089966 -7.306509971618652 
v 2.2826950550079346 2.370471239089966 -7.303069114685059 
v 2.2926838397979736 2.3775486946105957 -7.313485145568848 
v 2.2946488857269287 2.3775486946105957 -7.310044288635254 
v 2.3060295581817627 2.3799946308135986 -7.32111120223999 
v 2.3079946041107178 2.3799946308135986 -7.317763328552246 
v 2.319293260574341 2.3775486946105957 -7.328830242156982 
v 2.321258306503296 2.3775486946105957 -7.325389385223389 
v 2.331328868865967 2.370471239089966 -7.335805416107178 
v 2.333293914794922 2.370471239089966 -7.332364082336426 
v 2.3408265113830566 2.3594908714294434 -7.341292381286621 
v 2.3428733348846436 2.3594908714294434 -7.337851047515869 
v 2.3469669818878174 2.3455963134765625 -7.3448262214660645 
v 2.3489320278167725 2.3455963134765625 -7.341385364532471 
v 2.3490958213806152 2.330244541168213 -7.346035480499268 
v 2.3510608673095703 2.330244541168213 -7.342594146728516 
v 2.3469669818878174 2.314840793609619 -7.3448262214660645 
v 2.3489320278167725 2.314840793609619 -7.341385364532471 
v 2.359248399734497 2.33060884475708 -7.35180139541626 
v 2.33263897895813 2.383845567703247 -7.336456298828125 
v 2.3059475421905518 2.33060884475708 -7.32111120223999 
v 2.2793381214141846 2.383845567703247 -7.305673122406006 
v 2.2527289390563965 2.33060884475708 -7.290328025817871 
v 2.2793381214141846 2.27731990814209 -7.305673122406006 
v 2.33263897895813 2.27731990814209 -7.336456298828125 
v 2.3079946041107178 2.3799946308135986 -7.317763328552246 
v 2.3095500469207764 2.354182720184326 -7.315066337585449 
v 2.321258306503296 2.3775486946105957 -7.325389385223389 
v 2.315936326980591 2.3530378341674805 -7.318786144256592 
v 2.333293914794922 2.370471239089966 -7.332364082336426 
v 2.321749448776245 2.3496031761169434 -7.322134017944336 
v 2.3428733348846436 2.3594908714294434 -7.337851047515869 
v 2.3263344764709473 2.3443472385406494 -7.324738025665283 
v 2.3489320278167725 2.3455963134765625 -7.341385364532471 
v 2.32928204536438 2.3376340866088867 -7.326412200927734 
v 2.3510608673095703 2.330244541168213 -7.342594146728516 
v 2.3302645683288574 2.330244541168213 -7.327063083648682 
v 2.3489320278167725 2.314840793609619 -7.341385364532471 
v 2.32928204536438 2.32285475730896 -7.326412200927734 
v 2.3428733348846436 2.3009982109069824 -7.337851047515869 
v 2.3263344764709473 2.3161416053771973 -7.324738025665283 
v 2.333293914794922 2.2899656295776367 -7.332364082336426 
v 2.321749448776245 2.310833692550659 -7.322134017944336 
v 2.321258306503296 2.28294038772583 -7.325389385223389 
v 2.315936326980591 2.307451009750366 -7.318786144256592 
v 2.3079946041107178 2.280494451522827 -7.317763328552246 
v 2.3095500469207764 2.3062541484832764 -7.315066337585449 
v 2.2946488857269287 2.28294038772583 -7.310044288635254 
v 2.30308198928833 2.307451009750366 -7.311346054077148 
v 2.2826950550079346 2.2899656295776367 -7.303069114685059 
v 2.2973506450653076 2.310833692550659 -7.307998180389404 
v 2.273115634918213 2.3009982109069824 -7.297582149505615 
v 2.2927658557891846 2.3161416053771973 -7.305394172668457 
v 2.266975164413452 2.314840793609619 -7.294047832489014 
v 2.289818286895752 2.32285475730896 -7.303627014160156 
v 2.264928102493286 2.330244541168213 -7.292839050292969 
v 2.2887539863586426 2.330244541168213 -7.303069114685059 
v 2.266975164413452 2.3455963134765625 -7.294047832489014 
v 2.289818286895752 2.3376340866088867 -7.303627014160156 
v 2.273115634918213 2.3594908714294434 -7.297582149505615 
v 2.2927658557891846 2.3443472385406494 -7.305394172668457 
v 2.2826950550079346 2.370471239089966 -7.303069114685059 
v 2.2973506450653076 2.3496031761169434 -7.307998180389404 
v 2.2946488857269287 2.3775486946105957 -7.310044288635254 
v 2.30308198928833 2.3530378341674805 -7.311346054077148 
v 2.2941577434539795 2.3409647941589355 -7.407601833343506 
v 2.309140682220459 2.3455963134765625 -7.410391807556152 
v 2.2956314086914062 2.330244541168213 -7.408438682556152 
v 2.311187744140625 2.330244541168213 -7.411600589752197 
v 2.2941577434539795 2.3195242881774902 -7.407601833343506 
v 2.309140682220459 2.314840793609619 -7.410391807556152 
v 2.289900064468384 2.309844970703125 -7.405183792114258 
v 2.3030002117156982 2.3009982109069824 -7.406857490539551 
v 2.2832682132720947 2.302143096923828 -7.401277542114258 
v 2.2935025691986084 2.2899656295776367 -7.401370525360107 
v 2.274916887283325 2.2972512245178223 -7.396441459655762 
v 2.2814669609069824 2.28294038772583 -7.394395351409912 
v 2.2655832767486572 2.2955338954925537 -7.391140460968018 
v 2.2681212425231934 2.280494451522827 -7.3867692947387695 
v 2.256331443786621 2.2972512245178223 -7.385746479034424 
v 2.2548575401306152 2.28294038772583 -7.379050254821777 
v 2.2479801177978516 2.302143096923828 -7.380910396575928 
v 2.2428219318389893 2.2899656295776367 -7.37207555770874 
v 2.2412662506103516 2.309844970703125 -7.3770976066589355 
v 2.2333245277404785 2.3009982109069824 -7.366588592529297 
v 2.237008810043335 2.3195242881774902 -7.374586582183838 
v 2.2271838188171387 2.314840793609619 -7.363054275512695 
v 2.235535144805908 2.330244541168213 -7.373749256134033 
v 2.225054979324341 2.330244541168213 -7.36184549331665 
v 2.237008810043335 2.3409647941589355 -7.374586582183838 
v 2.2271838188171387 2.3455963134765625 -7.363054275512695 
v 2.2412662506103516 2.350644111633301 -7.3770976066589355 
v 2.2333245277404785 2.3594908714294434 -7.366588592529297 
v 2.2479801177978516 2.3582940101623535 -7.380910396575928 
v 2.2428219318389893 2.370471239089966 -7.37207555770874 
v 2.256331443786621 2.3632376194000244 -7.385746479034424 
v 2.2548575401306152 2.3775486946105957 -7.379050254821777 
v 2.2655832767486572 2.364954948425293 -7.391140460968018 
v 2.2681212425231934 2.3799946308135986 -7.3867692947387695 
v 2.274916887283325 2.3632376194000244 -7.396441459655762 
v 2.2814669609069824 2.3775486946105957 -7.394395351409912 
v 2.2832682132720947 2.3582940101623535 -7.401277542114258 
v 2.2935025691986084 2.370471239089966 -7.401370525360107 
v 2.289900064468384 2.350644111633301 -7.405183792114258 
v 2.3030002117156982 2.3594908714294434 -7.406857490539551 
v 2.3228957653045654 2.33060884475708 -7.414855480194092 
v 2.2962045669555664 2.27731990814209 -7.399510383605957 
v 2.269595146179199 2.33060884475708 -7.384072303771973 
v 2.242985725402832 2.27731990814209 -7.368727207183838 
v 2.216294288635254 2.33060884475708 -7.353382110595703 
v 2.242985725402832 2.383845567703247 -7.368727207183838 
v 2.2962045669555664 2.383845567703247 -7.399510383605957 
v 2.320356607437134 2.298372983932495 -7.3248291015625 
v 2.336087942123413 2.298372983932495 -7.297562599182129 
v 2.2957334518432617 2.298372983932495 -7.310494422912598 
v 2.311464786529541 2.298372983932495 -7.283228397369385 
v 2.2802300453186035 2.3210971355438232 -7.3016133308410645 
v 2.295619487762451 2.320150375366211 -7.274970531463623 
v 2.2857017517089844 2.348555564880371 -7.304885387420654 
v 2.3007493019104004 2.347608804702759 -7.278865814208984 
v 2.308044910430908 2.3608646392822266 -7.317661762237549 
v 2.322864532470703 2.3599178791046143 -7.2919535636901855 
v 2.3302743434906006 2.348555564880371 -7.330594062805176 
v 2.3453216552734375 2.347608804702759 -7.304574012756348 
v 2.3357460498809814 2.3210971355438232 -7.333710193634033 
v 2.3512494564056396 2.320150375366211 -7.306910991668701 
v 2.320356607437134 2.298372983932495 -7.3248291015625 
v 2.336087942123413 2.298372983932495 -7.297562599182129 
v 2.361509084701538 2.345715045928955 -7.27637243270874 
v 2.3396220207214355 2.3580241203308105 -7.2628173828125 
v 2.316936731338501 2.345715045928955 -7.250664234161377 
v 2.3105528354644775 2.3182566165924072 -7.249106407165527 
v 2.325258493423462 2.314469337463379 -7.223709583282471 
v 2.325258493423462 2.2964792251586914 -7.259389400482178 
v 2.3388240337371826 2.292691946029663 -7.235862731933594 
v 2.3634471893310547 2.292691946029663 -7.2500410079956055 
v 2.352161407470703 2.2860639095306396 -7.212646961212158 
v 2.376784563064575 2.2860639095306396 -7.2269816398620605 
v 2.389780044555664 2.2775423526763916 -7.204389572143555 
v 2.349881649017334 2.2964792251586914 -7.273568153381348 
v 2.4246628284454346 0.5514476299285889 -7.1654372215271 
v 2.426372766494751 0.4274112284183502 -7.166372299194336 
v 2.4701473712921143 0.5523945093154907 -7.146117210388184 
v 2.4765310287475586 0.42930489778518677 -7.146740436553955 
v 2.4825727939605713 0.5533413290977478 -7.099686145782471 
v 2.492490530014038 0.43025174736976624 -7.095168113708496 
v 2.45566987991333 0.5533413290977478 -7.061980724334717 
v 2.462167501449585 0.43025174736976624 -7.050606727600098 
v 2.409501552581787 0.5533413290977478 -7.057618141174316 
v 2.408475399017334 0.43025174736976624 -7.046555995941162 
v 2.37553071975708 0.5523945093154907 -7.091428756713867 
v 2.3717687129974365 0.42930489778518677 -7.086287021636963 
v 2.3814585208892822 0.5514476299285889 -7.14050817489624 
v 2.3798625469207764 0.4274112284183502 -7.139573097229004 
v 2.4246628284454346 0.5514476299285889 -7.1654372215271 
v 2.426372766494751 0.4274112284183502 -7.166372299194336 
v 2.477442979812622 0.4255175292491913 -7.1481428146362305 
v 2.494314432144165 0.42646437883377075 -7.095012187957764 
v 2.4630796909332275 0.4274112284183502 -7.049048900604248 
v 2.407677412033081 0.42646437883377075 -7.044997692108154 
v 2.37005877494812 0.4255175292491913 -7.086287021636963 
v 2.3784945011138916 0.42362383008003235 -7.140352249145508 
v 2.4262588024139404 0.42362383008003235 -7.1679301261901855 
v 2.4980764389038086 0.4255175292491913 -7.09532356262207 
v 2.465017557144165 0.42646437883377075 -7.045620918273926 
v 2.4055116176605225 0.4255175292491913 -7.041881561279297 
v 2.366410970687866 0.42362383008003235 -7.086442470550537 
v 2.3754167556762695 0.42267701029777527 -7.142377853393555 
v 2.4260308742523193 0.42267701029777527 -7.1716694831848145 
v 2.5089058876037598 0.42646437883377075 -7.091272830963135 
v 2.470489263534546 0.4274112284183502 -7.0362725257873535 
v 2.4036877155303955 0.42646437883377075 -7.030507564544678 
v 2.3562653064727783 0.4245706796646118 -7.079119682312012 
v 2.366410970687866 0.42267701029777527 -7.1486101150512695 
v 2.4252328872680664 0.42267701029777527 -7.182420253753662 
v 2.4721992015838623 0.42930489778518677 -7.0333123207092285 
v 2.401521682739258 0.4283580482006073 -7.027703285217285 
v 2.352731466293335 0.42646437883377075 -7.079586982727051 
v 2.3634471893310547 0.42362383008003235 -7.150635719299316 
v 2.4248909950256348 0.42362383008003235 -7.186159610748291 
v 2.4006097316741943 0.4321454167366028 -7.026768207550049 
v 2.3512494564056396 0.43025174736976624 -7.080054759979248 
v 2.3621931076049805 0.4274112284183502 -7.1515703201293945 
v 2.4246628284454346 0.4274112284183502 -7.187717914581299 
v 2.472769260406494 0.43309226632118225 -7.03222131729126 
v 2.5123257637023926 0.4283580482006073 -7.091584205627441 
v 2.513579845428467 0.4321454167366028 -7.092051982879639 
v 2.4918065071105957 0.42646437883377075 -7.159984111785889 
v 2.4921486377716064 0.43025174736976624 -7.161386489868164 
v 2.4248909950256348 0.42362383008003235 -7.186159610748291 
v 2.4246628284454346 0.4274112284183502 -7.187717914581299 
v 2.49043869972229 0.4245706796646118 -7.156556129455566 
v 2.4252328872680664 0.42267701029777527 -7.182420253753662 
v 2.479038953781128 0.42362383008003235 -7.1515703201293945 
v 2.4260308742523193 0.42267701029777527 -7.1716694831848145 
v 2.4262588024139404 0.42362383008003235 -7.1679301261901855 
v 2.349881649017334 2.2964792251586914 -7.273568153381348 
v 2.3660690784454346 2.3182566165924072 -7.281202793121338 
v 2.3634471893310547 2.292691946029663 -7.2500410079956055 
v 2.38077449798584 2.314469337463379 -7.255805969238281 
v 2.395251989364624 2.306894540786743 -7.2307209968566895 
v 2.393428087234497 2.3334062099456787 -7.221060752868652 
v 2.4089314937591553 2.3220441341400146 -7.1942620277404785 
v 2.3729088306427 2.3447682857513428 -7.205324172973633 
v 2.3889822959899902 2.3334062099456787 -7.17743444442749 
v 2.3489696979522705 2.3334062099456787 -7.195352554321289 
v 2.3644731044769287 2.3220441341400146 -7.168553352355957 
v 2.353757381439209 2.297426223754883 -7.1741623878479 
v 2.379406452178955 2.308788299560547 -7.142689228057861 
v 2.3674368858337402 2.2851171493530273 -7.150635719299316 
v 2.380204439163208 2.269967794418335 -7.12851095199585 
v 2.3894381523132324 2.2519776821136475 -7.1481428146362305 
v 2.400153875350952 2.2358813285827637 -7.12960147857666 
v 2.4140613079071045 2.2519776821136475 -7.162321090698242 
v 2.424777030944824 2.2358813285827637 -7.14378023147583 
v 2.377582550048828 2.3409810066223145 -7.248483180999756 
v 2.356379270553589 2.353289842605591 -7.233837127685547 
v 2.3331241607666016 2.3409810066223145 -7.222774505615234 
v 2.339735984802246 2.306894540786743 -7.198624610900879 
v 2.365157127380371 2.2775423526763916 -7.190210819244385 
v 2.3776965141296387 2.2661802768707275 -7.168553352355957 
v 2.4023196697235107 2.2661802768707275 -7.182732105255127 
v 2.4342386722564697 2.2159976959228516 -7.127575874328613 
v 2.409501552581787 2.2159976959228516 -7.113397598266602 
v 2.4020917415618896 2.2302002906799316 -7.090493679046631 
v 2.4174811840057373 2.1942203044891357 -7.0995306968688965 
v 2.4108693599700928 2.206529140472412 -7.075380325317383 
v 2.424093008041382 2.170549154281616 -7.088156700134277 
v 2.4181652069091797 2.1800177097320557 -7.062759876251221 
v 2.4293367862701416 2.144984483718872 -7.079119682312012 
v 2.4239790439605713 2.15350604057312 -7.052788257598877 
v 2.435948610305786 2.0910143852233887 -7.06758975982666 
v 2.431274652481079 2.0957486629486084 -7.040011882781982 
v 2.438342332839966 2.0351505279541016 -7.063539028167725 
v 2.433896541595459 2.036097526550293 -7.03549337387085 
v 2.437316417694092 1.9783400297164917 -7.065252780914307 
v 2.4329845905303955 1.9764463901519775 -7.037051677703857 
v 2.4340105056762695 1.9196357727050781 -7.07086181640625 
v 2.4296786785125732 1.917742133140564 -7.042816638946533 
v 2.4293367862701416 1.8609315156936646 -7.078963756561279 
v 2.4248909950256348 1.8580909967422485 -7.0509185791015625 
v 2.424093008041382 1.802227258682251 -7.088156700134277 
v 2.419647216796875 1.798439860343933 -7.060266971588135 
v 2.4187350273132324 1.7425761222839355 -7.09750509262085 
v 2.4142892360687256 1.7387887239456177 -7.069459438323975 
v 2.4132633209228516 1.6829249858856201 -7.106853485107422 
v 2.4088175296783447 1.6791377067565918 -7.078963756561279 
v 2.407677412033081 1.6232739686965942 -7.116513729095459 
v 2.403231620788574 1.6194865703582764 -7.088624000549316 
v 2.4023196697235107 1.562675952911377 -7.125706195831299 
v 2.397873878479004 1.558888554573059 -7.097816467285156 
v 2.3977599143981934 1.5020780563354492 -7.133808135986328 
v 2.3933141231536865 1.4992375373840332 -7.105762958526611 
v 2.39399790763855 1.4405332803726196 -7.140352249145508 
v 2.389552116394043 1.438639521598816 -7.112151145935059 
v 2.3912620544433594 1.3799352645874023 -7.145026683807373 
v 2.386930227279663 1.3780416250228882 -7.116981029510498 
v 2.389324188232422 1.3183904886245728 -7.148298263549805 
v 2.3849923610687256 1.3164968490600586 -7.1200971603393555 
v 2.3881843090057373 1.2568457126617432 -7.150323867797852 
v 2.3839664459228516 1.2558988332748413 -7.122122764587402 
v 2.3876142501831055 1.1953009366989136 -7.151258945465088 
v 2.3833963871002197 1.1953009366989136 -7.1230573654174805 
v 2.387500286102295 1.1337560415267944 -7.1515703201293945 
v 2.3831684589385986 1.1337560415267944 -7.123369216918945 
v 2.3876142501831055 1.0731581449508667 -7.151258945465088 
v 2.383282423019409 1.0731581449508667 -7.1230573654174805 
v 2.3880701065063477 1.011613368988037 -7.150635719299316 
v 2.3837382793426514 1.012560248374939 -7.122434139251709 
v 2.3621931076049805 0.4274112284183502 -7.1515703201293945 
v 2.3512494564056396 0.43025174736976624 -7.080054759979248 
v 2.422497034072876 1.6147522926330566 -7.068057537078857 
v 2.4280827045440674 1.6734565496444702 -7.05839729309082 
v 2.433440685272217 1.7340545654296875 -7.048892974853516 
v 2.4389123916625977 1.793705701828003 -7.039544582366943 
v 2.444270133972168 1.8533567190170288 -7.030351638793945 
v 2.4490580558776855 1.913954734802246 -7.022093772888184 
v 2.452363967895508 1.9754995107650757 -7.016173362731934 
v 2.4531619548797607 2.0379910469055176 -7.014770984649658 
v 2.45019793510437 2.1014297008514404 -7.0199127197265625 
v 2.478469133377075 2.103323221206665 -7.022405624389648 
v 2.469919443130493 2.1677086353302 -7.037363052368164 
v 2.486562728881836 2.1629743576049805 -7.059799671173096 
v 2.4630796909332275 2.1989545822143555 -7.049048900604248 
v 2.480064868927002 2.1932733058929443 -7.071017742156982 
v 2.454643964767456 2.228306531906128 -7.063694953918457 
v 2.471971273422241 2.2216787338256836 -7.08504056930542 
v 2.444498300552368 2.255764961242676 -7.081301212310791 
v 2.4622817039489746 2.248190402984619 -7.10186767578125 
v 2.432642698287964 2.2803828716278076 -7.10186767578125 
v 2.4508819580078125 2.2718613147735596 -7.121655464172363 
v 2.4191911220550537 2.3021602630615234 -7.12523889541626 
v 2.438000440597534 2.291745185852051 -7.143935680389404 
v 2.4044857025146484 2.3192036151885986 -7.150635719299316 
v 2.4238648414611816 2.308788299560547 -7.168397903442383 
v 2.4815468788146973 2.038938045501709 -7.017107963562012 
v 2.4807488918304443 1.9745526313781738 -7.018510341644287 
v 2.4773290157318115 1.9130078554153442 -7.024275302886963 
v 2.4726552963256836 1.8514630794525146 -7.032533168792725 
v 2.4671833515167236 1.7918119430541992 -7.041881561279297 
v 2.4618256092071533 1.7312140464782715 -7.051229953765869 
v 2.4563539028167725 1.671562910079956 -7.060734272003174 
v 2.4508819580078125 1.6119117736816406 -7.0702385902404785 
v 2.417253255844116 1.5551012754440308 -7.077094078063965 
v 2.445524215698242 1.553207516670227 -7.079431533813477 
v 2.4126932621002197 1.4954501390457153 -7.08504056930542 
v 2.4410784244537354 1.4935563802719116 -7.087221622467041 
v 2.409045457839966 1.4357990026474 -7.091428756713867 
v 2.4374303817749023 1.4339053630828857 -7.093609809875488 
v 2.4063096046447754 1.3752011060714722 -7.095946788787842 
v 2.434694528579712 1.3742542266845703 -7.098128318786621 
v 2.4044857025146484 1.3155499696731567 -7.099218845367432 
v 2.432870626449585 1.3146030902862549 -7.101400375366211 
v 2.4033455848693848 1.2549519538879395 -7.101088523864746 
v 2.431844711303711 1.2549519538879395 -7.103270053863525 
v 2.402775764465332 1.1943540573120117 -7.102023601531982 
v 2.431274652481079 1.1943540573120117 -7.1042046546936035 
v 2.4026618003845215 1.1337560415267944 -7.102334976196289 
v 2.431046724319458 1.1337560415267944 -7.104516506195068 
v 2.402775764465332 1.0731581449508667 -7.102023601531982 
v 2.431274652481079 1.0731581449508667 -7.1042046546936035 
v 2.403231620788574 1.012560248374939 -7.101400375366211 
v 2.43161678314209 1.012560248374939 -7.103581428527832 
v 2.4006097316741943 0.4321454167366028 -7.026768207550049 
v 2.472769260406494 0.43309226632118225 -7.03222131729126 
v 2.4421043395996094 2.1942203044891357 -7.113864898681641 
v 2.448716163635254 2.170549154281616 -7.102334976196289 
v 2.4539599418640137 2.144984483718872 -7.093298435211182 
v 2.4606857299804688 2.0910143852233887 -7.08176851272583 
v 2.462965488433838 2.0351505279541016 -7.077717304229736 
v 2.461939573287964 1.9783400297164917 -7.079431533813477 
v 2.4586336612701416 1.9196357727050781 -7.085196018218994 
v 2.454073905944824 1.8609315156936646 -7.093142509460449 
v 2.448716163635254 1.802227258682251 -7.102334976196289 
v 2.4433581829071045 1.7425761222839355 -7.111683368682861 
v 2.4378864765167236 1.6829249858856201 -7.121187686920166 
v 2.432300567626953 1.6232739686965942 -7.130847930908203 
v 2.4270567893981934 1.562675952911377 -7.140040874481201 
v 2.4223830699920654 1.5020780563354492 -7.147986888885498 
v 2.418621063232422 1.4405332803726196 -7.154531002044678 
v 2.4158852100372314 1.3799352645874023 -7.159360885620117 
v 2.413947343826294 1.3183904886245728 -7.162477016448975 
v 2.41292142868042 1.2568457126617432 -7.1645026206970215 
v 2.412351369857788 1.1953009366989136 -7.1654372215271 
v 2.412123441696167 1.1337560415267944 -7.1657490730285645 
v 2.4122374057769775 1.0731581449508667 -7.1654372215271 
v 2.4126932621002197 1.011613368988037 -7.164813995361328 
v 2.4246628284454346 0.4274112284183502 -7.187717914581299 
v 2.441990375518799 2.1629743576049805 -7.034090995788574 
v 2.4356064796447754 2.1932733058929443 -7.045309543609619 
v 2.4275128841400146 2.2216787338256836 -7.059331893920898 
v 2.4177091121673584 2.248190402984619 -7.076159477233887 
v 2.406423568725586 2.2718613147735596 -7.095946788787842 
v 2.3919460773468018 2.2519776821136475 -7.108255863189697 
v 2.393428087234497 2.291745185852051 -7.118227481842041 
v 2.376784563064575 2.2860639095306396 -7.2269816398620605 
v 2.4093873500823975 2.297426223754883 -7.206259250640869 
v 2.389780044555664 2.2775423526763916 -7.204389572143555 
v 2.422952890396118 2.2851171493530273 -7.182732105255127 
v 2.4023196697235107 2.2661802768707275 -7.182732105255127 
v 2.435720443725586 2.269967794418335 -7.16060733795166 
v 2.4140613079071045 2.2519776821136475 -7.162321090698242 
v 2.4474620819091797 2.2519776821136475 -7.140352249145508 
v 2.424777030944824 2.2358813285827637 -7.14378023147583 
v 2.457721710205078 2.2302002906799316 -7.122590065002441 
v 2.4342386722564697 2.2159976959228516 -7.127575874328613 
v 2.4664995670318604 2.206529140472412 -7.107320785522461 
v 2.4421043395996094 2.1942203044891357 -7.113864898681641 
v 2.4736812114715576 2.1800177097320557 -7.094856262207031 
v 2.448716163635254 2.170549154281616 -7.102334976196289 
v 2.479495048522949 2.15350604057312 -7.084728717803955 
v 2.4539599418640137 2.144984483718872 -7.093298435211182 
v 2.486790657043457 2.0957486629486084 -7.072108268737793 
v 2.4606857299804688 2.0910143852233887 -7.08176851272583 
v 2.489412546157837 2.036097526550293 -7.06758975982666 
v 2.462965488433838 2.0351505279541016 -7.077717304229736 
v 2.4885005950927734 1.9764463901519775 -7.069148063659668 
v 2.461939573287964 1.9783400297164917 -7.079431533813477 
v 2.4851949214935303 1.917742133140564 -7.074913024902344 
v 2.4586336612701416 1.9196357727050781 -7.085196018218994 
v 2.4805209636688232 1.8580909967422485 -7.083014965057373 
v 2.454073905944824 1.8609315156936646 -7.093142509460449 
v 2.475163221359253 1.798439860343933 -7.092207431793213 
v 2.448716163635254 1.802227258682251 -7.102334976196289 
v 2.4698052406311035 1.7387887239456177 -7.101556301116943 
v 2.4433581829071045 1.7425761222839355 -7.111683368682861 
v 2.4643335342407227 1.6791377067565918 -7.11106014251709 
v 2.4378864765167236 1.6829249858856201 -7.121187686920166 
v 2.458747625350952 1.6194865703582764 -7.120720386505127 
v 2.432300567626953 1.6232739686965942 -7.130847930908203 
v 2.4535038471221924 1.558888554573059 -7.129913330078125 
v 2.4270567893981934 1.562675952911377 -7.140040874481201 
v 2.4488301277160645 1.4992375373840332 -7.137859344482422 
v 2.4223830699920654 1.5020780563354492 -7.147986888885498 
v 2.4451823234558105 1.438639521598816 -7.144247531890869 
v 2.418621063232422 1.4405332803726196 -7.154531002044678 
v 2.442446231842041 1.3780416250228882 -7.148921489715576 
v 2.4158852100372314 1.3799352645874023 -7.159360885620117 
v 2.440622329711914 1.3164968490600586 -7.152193546295166 
v 2.413947343826294 1.3183904886245728 -7.162477016448975 
v 2.4394824504852295 1.2558988332748413 -7.1540632247924805 
v 2.41292142868042 1.2568457126617432 -7.1645026206970215 
v 2.4389123916625977 1.1953009366989136 -7.155154228210449 
v 2.412351369857788 1.1953009366989136 -7.1654372215271 
v 2.4386844635009766 1.1337560415267944 -7.155309677124023 
v 2.412123441696167 1.1337560415267944 -7.1657490730285645 
v 2.4389123916625977 1.0731581449508667 -7.155154228210449 
v 2.4122374057769775 1.0731581449508667 -7.1654372215271 
v 2.4392545223236084 1.012560248374939 -7.154375076293945 
v 2.4126932621002197 1.011613368988037 -7.164813995361328 
v 2.4921486377716064 0.43025174736976624 -7.161386489868164 
v 2.4246628284454346 0.4274112284183502 -7.187717914581299 
v 2.4947705268859863 2.1014297008514404 -7.045620918273926 
v 2.497734308242798 2.0379910469055176 -7.0404791831970215 
v 2.496936321258545 1.9754995107650757 -7.041881561279297 
v 2.493516445159912 1.913954734802246 -7.047802448272705 
v 2.4887287616729736 1.8533567190170288 -7.056060314178467 
v 2.483370780944824 1.793705701828003 -7.065252780914307 
v 2.478013038635254 1.7340545654296875 -7.074601173400879 
v 2.472541332244873 1.6734565496444702 -7.084105491638184 
v 2.4669554233551025 1.6147522926330566 -7.093609809875488 
v 2.4617116451263428 1.5551012754440308 -7.102802753448486 
v 2.4571518898010254 1.4954501390457153 -7.110748767852783 
v 2.4535038471221924 1.4357990026474 -7.1171369552612305 
v 2.450767993927002 1.3752011060714722 -7.121655464172363 
v 2.4490580558776855 1.3155499696731567 -7.124927043914795 
v 2.447918176651001 1.2549519538879395 -7.126797199249268 
v 2.447348117828369 1.1943540573120117 -7.127731800079346 
v 2.4472341537475586 1.1337560415267944 -7.1280436515808105 
v 2.447348117828369 1.0731581449508667 -7.127731800079346 
v 2.447690010070801 1.012560248374939 -7.127108573913574 
v 2.513579845428467 0.4321454167366028 -7.092051982879639 
v 2.2893948554992676 2.352442979812622 -7.579111576080322 
v 2.210296630859375 2.352442979812622 -7.533390522003174 
v 2.292052745819092 2.3630008697509766 -7.574448108673096 
v 2.212954521179199 2.3630008697509766 -7.528818130493164 
v 2.296268939971924 2.3713161945343018 -7.567224025726318 
v 2.2171707153320312 2.3713161945343018 -7.52150297164917 
v 2.3015849590301514 2.376735210418701 -7.558079719543457 
v 2.222486734390259 2.376735210418701 -7.512358665466309 
v 2.307359218597412 2.378603935241699 -7.547929763793945 
v 2.2282609939575195 2.378603935241699 -7.502299785614014 
v 2.313225030899048 2.376735210418701 -7.537779808044434 
v 2.2341268062591553 2.376735210418701 -7.492149829864502 
v 2.3185410499572754 2.3713161945343018 -7.528635501861572 
v 2.239442825317383 2.3713161945343018 -7.483005523681641 
v 2.3227572441101074 2.3630008697509766 -7.521411418914795 
v 2.243659019470215 2.3630008697509766 -7.4757819175720215 
v 2.3254151344299316 2.352442979812622 -7.516747951507568 
v 2.246316909790039 2.352442979812622 -7.471117973327637 
v 2.326331853866577 2.340670585632324 -7.515101909637451 
v 2.2472336292266846 2.340670585632324 -7.469472408294678 
v 2.3254151344299316 2.328991651535034 -7.516747951507568 
v 2.246316909790039 2.328991651535034 -7.471117973327637 
v 2.3227572441101074 2.318434000015259 -7.521411418914795 
v 2.243659019470215 2.318434000015259 -7.4757819175720215 
v 2.3185410499572754 2.3101184368133545 -7.528635501861572 
v 2.239442825317383 2.3101184368133545 -7.483005523681641 
v 2.313225030899048 2.304699420928955 -7.537779808044434 
v 2.2341268062591553 2.304699420928955 -7.492149829864502 
v 2.307359218597412 2.302830696105957 -7.547929763793945 
v 2.2282609939575195 2.302830696105957 -7.502299785614014 
v 2.3015849590301514 2.304699420928955 -7.558079719543457 
v 2.222486734390259 2.304699420928955 -7.512358665466309 
v 2.296268939971924 2.3101184368133545 -7.567224025726318 
v 2.2171707153320312 2.3101184368133545 -7.52150297164917 
v 2.292052745819092 2.318434000015259 -7.574448108673096 
v 2.212954521179199 2.318434000015259 -7.528818130493164 
v 2.2893948554992676 2.328991651535034 -7.579111576080322 
v 2.210296630859375 2.328991651535034 -7.533390522003174 
v 2.288478374481201 2.340670585632324 -7.5806660652160645 
v 2.2093799114227295 2.340670585632324 -7.535036563873291 
v 2.2893948554992676 2.352442979812622 -7.579111576080322 
v 2.210296630859375 2.352442979812622 -7.533390522003174 
v 2.3087339401245117 2.3676724433898926 -7.644309997558594 
v 2.3058011531829834 2.3695409297943115 -7.649430751800537 
v 2.3148748874664307 2.391871213912964 -7.63361120223999 
v 2.3124001026153564 2.395514965057373 -7.637908935546875 
v 2.3244986534118652 2.4112114906311035 -7.61687707901001 
v 2.3227572441101074 2.416163444519043 -7.620077610015869 
v 2.336688756942749 2.4235446453094482 -7.5959367752075195 
v 2.3356804847717285 2.4294307231903076 -7.597582817077637 
v 2.3501620292663574 2.427842378616333 -7.5726189613342285 
v 2.3501620292663574 2.434008836746216 -7.5726189613342285 
v 2.363543748855591 2.4235446453094482 -7.5493011474609375 
v 2.3645520210266113 2.4294307231903076 -7.5476555824279785 
v 2.3757338523864746 2.4112114906311035 -7.5282697677612305 
v 2.3775668144226074 2.416163444519043 -7.525069236755371 
v 2.385357618331909 2.391871213912964 -7.51153564453125 
v 2.3878324031829834 2.395514965057373 -7.507237911224365 
v 2.391498565673828 2.3676724433898926 -7.5008368492126465 
v 2.3944313526153564 2.3695409297943115 -7.495807647705078 
v 2.393698215484619 2.340670585632324 -7.49717903137207 
v 2.3967227935791016 2.340670585632324 -7.49178409576416 
v 2.391498565673828 2.3137621879577637 -7.5008368492126465 
v 2.3944313526153564 2.3118937015533447 -7.495807647705078 
v 2.385357618331909 2.2895634174346924 -7.51153564453125 
v 2.3878324031829834 2.285919666290283 -7.507237911224365 
v 2.3757338523864746 2.2702231407165527 -7.5282697677612305 
v 2.3775668144226074 2.2652711868286133 -7.525069236755371 
v 2.363543748855591 2.257890224456787 -7.5493011474609375 
v 2.3645520210266113 2.2520039081573486 -7.5476555824279785 
v 2.3501620292663574 2.2535922527313232 -7.5726189613342285 
v 2.3501620292663574 2.2474257946014404 -7.5726189613342285 
v 2.336688756942749 2.257890224456787 -7.5959367752075195 
v 2.3356804847717285 2.2520039081573486 -7.597582817077637 
v 2.3244986534118652 2.2702231407165527 -7.61687707901001 
v 2.3227572441101074 2.2652711868286133 -7.620077610015869 
v 2.3148748874664307 2.2895634174346924 -7.63361120223999 
v 2.3124001026153564 2.285919666290283 -7.637908935546875 
v 2.3087339401245117 2.3137621879577637 -7.644309997558594 
v 2.3058011531829834 2.3118937015533447 -7.649430751800537 
v 2.3065342903137207 2.340670585632324 -7.64796781539917 
v 2.3035097122192383 2.340670585632324 -7.65336275100708 
v 2.3087339401245117 2.3676724433898926 -7.644309997558594 
v 2.3058011531829834 2.3695409297943115 -7.649430751800537 
v 2.311116933822632 2.39654278755188 -7.638731956481934 
v 2.321657419204712 2.417564868927002 -7.620534896850586 
v 2.334855794906616 2.4310190677642822 -7.597674369812012 
v 2.349520444869995 2.4356906414031982 -7.572253227233887 
v 2.364185333251953 2.4310190677642822 -7.54683256149292 
v 2.3774752616882324 2.417564868927002 -7.523880481719971 
v 2.3879239559173584 2.39654278755188 -7.505774974822998 
v 2.3947064876556396 2.3700082302093506 -7.494070053100586 
v 2.3969976902008057 2.340670585632324 -7.490046977996826 
v 2.3947064876556396 2.3114264011383057 -7.494070053100586 
v 2.3879239559173584 2.2848918437957764 -7.505774974822998 
v 2.3774752616882324 2.2638697624206543 -7.523880481719971 
v 2.364185333251953 2.250415563583374 -7.54683256149292 
v 2.349520444869995 2.245743989944458 -7.572253227233887 
v 2.334855794906616 2.250415563583374 -7.597674369812012 
v 2.321657419204712 2.2638697624206543 -7.620534896850586 
v 2.311116933822632 2.2848918437957764 -7.638731956481934 
v 2.3044261932373047 2.3114264011383057 -7.6504364013671875 
v 2.3020431995391846 2.340670585632324 -7.6544599533081055 
v 2.3044261932373047 2.3700082302093506 -7.6504364013671875 
v 2.320007562637329 2.4181253910064697 -7.620077610015869 
v 2.3332974910736084 2.431673049926758 -7.597034454345703 
v 2.3480539321899414 2.436344623565674 -7.571430206298828 
v 2.3629021644592285 2.431673049926758 -7.545826435089111 
v 2.376192092895508 2.4181253910064697 -7.522783279418945 
v 2.386824131011963 2.396916627883911 -7.504403114318848 
v 2.393606662750244 2.370288372039795 -7.492698669433594 
v 2.39589786529541 2.340670585632324 -7.488583564758301 
v 2.393606662750244 2.3111462593078613 -7.492698669433594 
v 2.386824131011963 2.284518241882324 -7.504403114318848 
v 2.376192092895508 2.2633092403411865 -7.522783279418945 
v 2.3629021644592285 2.2497615814208984 -7.545826435089111 
v 2.3480539321899414 2.2450900077819824 -7.571430206298828 
v 2.3332974910736084 2.2497615814208984 -7.597034454345703 
v 2.320007562637329 2.2633092403411865 -7.620077610015869 
v 2.309375524520874 2.284518241882324 -7.638457775115967 
v 2.302593231201172 2.3111462593078613 -7.650162220001221 
v 2.3003017902374268 2.340670585632324 -7.654277324676514 
v 2.302593231201172 2.370288372039795 -7.650162220001221 
v 2.2835288047790527 2.4181253910064697 -7.599045753479004 
v 2.296818971633911 2.431673049926758 -7.575911045074463 
v 2.311575412750244 2.436344623565674 -7.550307273864746 
v 2.326331853866577 2.431673049926758 -7.524703502655029 
v 2.3397133350372314 2.4181253910064697 -7.501659870147705 
v 2.3502538204193115 2.396916627883911 -7.483371257781982 
v 2.3570361137390137 2.370288372039795 -7.4715752601623535 
v 2.359419345855713 2.340670585632324 -7.4675517082214355 
v 2.3570361137390137 2.3111462593078613 -7.4715752601623535 
v 2.3502538204193115 2.284518241882324 -7.483371257781982 
v 2.3397133350372314 2.2633092403411865 -7.501659870147705 
v 2.326331853866577 2.2497615814208984 -7.524703502655029 
v 2.311575412750244 2.2450900077819824 -7.550307273864746 
v 2.296818971633911 2.2497615814208984 -7.575911045074463 
v 2.2835288047790527 2.2633092403411865 -7.599045753479004 
v 2.2728970050811768 2.284518241882324 -7.617334365844727 
v 2.2661144733428955 2.3111462593078613 -7.6291303634643555 
v 2.2637314796447754 2.340670585632324 -7.633153915405273 
v 2.2661144733428955 2.370288372039795 -7.6291303634643555 
v 2.2728970050811768 2.396916627883911 -7.617334365844727 
v 2.309375524520874 2.396916627883911 -7.638457775115967 
v 2.2661144733428955 2.370288372039795 -7.6291303634643555 
v 2.302593231201172 2.370288372039795 -7.650162220001221 
v 2.3044261932373047 2.3700082302093506 -7.6504364013671875 
v 2.2835288047790527 2.4181253910064697 -7.599045753479004 
v 2.2954440116882324 2.4310190677642822 -7.5749053955078125 
v 2.296818971633911 2.431673049926758 -7.575911045074463 
v 2.3102004528045654 2.4356906414031982 -7.5494842529296875 
v 2.311575412750244 2.436344623565674 -7.550307273864746 
v 2.3248653411865234 2.4310190677642822 -7.5240631103515625 
v 2.326331853866577 2.431673049926758 -7.524703502655029 
v 2.3380637168884277 2.417564868927002 -7.501202583312988 
v 2.3397133350372314 2.4181253910064697 -7.501659870147705 
v 2.3486039638519287 2.39654278755188 -7.483005523681641 
v 2.3502538204193115 2.396916627883911 -7.483371257781982 
v 2.355294704437256 2.3701016902923584 -7.471301078796387 
v 2.3570361137390137 2.370288372039795 -7.4715752601623535 
v 2.357677698135376 2.340670585632324 -7.467277526855469 
v 2.359419345855713 2.340670585632324 -7.4675517082214355 
v 2.355294704437256 2.311333179473877 -7.471301078796387 
v 2.3570361137390137 2.3111462593078613 -7.4715752601623535 
v 2.3486039638519287 2.2848918437957764 -7.483005523681641 
v 2.3502538204193115 2.284518241882324 -7.483371257781982 
v 2.3380637168884277 2.2638697624206543 -7.501202583312988 
v 2.3397133350372314 2.2633092403411865 -7.501659870147705 
v 2.3248653411865234 2.250415563583374 -7.5240631103515625 
v 2.326331853866577 2.2497615814208984 -7.524703502655029 
v 2.3102004528045654 2.245743989944458 -7.5494842529296875 
v 2.311575412750244 2.2450900077819824 -7.550307273864746 
v 2.2954440116882324 2.250415563583374 -7.5749053955078125 
v 2.296818971633911 2.2497615814208984 -7.575911045074463 
v 2.282245635986328 2.2638697624206543 -7.5978569984436035 
v 2.2835288047790527 2.2633092403411865 -7.599045753479004 
v 2.271705389022827 2.2848918437957764 -7.616054058074951 
v 2.2728970050811768 2.284518241882324 -7.617334365844727 
v 2.2650146484375 2.311333179473877 -7.627758979797363 
v 2.2661144733428955 2.3111462593078613 -7.6291303634643555 
v 2.262723207473755 2.340670585632324 -7.631782531738281 
v 2.2637314796447754 2.340670585632324 -7.633153915405273 
v 2.2650146484375 2.3701016902923584 -7.627758979797363 
v 2.2661144733428955 2.370288372039795 -7.6291303634643555 
v 2.271705389022827 2.39654278755188 -7.616054058074951 
v 2.2728970050811768 2.396916627883911 -7.617334365844727 
v 2.282245635986328 2.417564868927002 -7.5978569984436035 
v 2.295077323913574 2.4294307231903076 -7.574082374572754 
v 2.309558868408203 2.434008836746216 -7.549118518829346 
v 2.323948860168457 2.4294307231903076 -7.5241546630859375 
v 2.336963653564453 2.416163444519043 -7.501659870147705 
v 2.34722900390625 2.395608425140381 -7.483736991882324 
v 2.3539199829101562 2.3695409297943115 -7.472306728363037 
v 2.3562114238739014 2.340670585632324 -7.468374729156494 
v 2.3539199829101562 2.3118937015533447 -7.472306728363037 
v 2.34722900390625 2.2858262062072754 -7.483736991882324 
v 2.336963653564453 2.2652711868286133 -7.501659870147705 
v 2.323948860168457 2.2520039081573486 -7.5241546630859375 
v 2.309558868408203 2.2474257946014404 -7.549118518829346 
v 2.295077323913574 2.2520039081573486 -7.574082374572754 
v 2.282062530517578 2.2652711868286133 -7.596668243408203 
v 2.271796941757202 2.2858262062072754 -7.614499568939209 
v 2.265106201171875 2.3118937015533447 -7.626021385192871 
v 2.262906551361084 2.340670585632324 -7.629953384399414 
v 2.265106201171875 2.3695409297943115 -7.626021385192871 
v 2.271796941757202 2.395608425140381 -7.614499568939209 
v 2.282062530517578 2.416163444519043 -7.596668243408203 
v 2.296268939971924 2.3713161945343018 -7.567224025726318 
v 2.3015849590301514 2.376735210418701 -7.558079719543457 
v 2.307359218597412 2.378603935241699 -7.547929763793945 
v 2.313225030899048 2.376735210418701 -7.537779808044434 
v 2.3185410499572754 2.3713161945343018 -7.528635501861572 
v 2.3227572441101074 2.3630008697509766 -7.521411418914795 
v 2.3254151344299316 2.352442979812622 -7.516747951507568 
v 2.326331853866577 2.340670585632324 -7.515101909637451 
v 2.3254151344299316 2.328991651535034 -7.516747951507568 
v 2.3227572441101074 2.318434000015259 -7.521411418914795 
v 2.3185410499572754 2.3101184368133545 -7.528635501861572 
v 2.313225030899048 2.304699420928955 -7.537779808044434 
v 2.307359218597412 2.302830696105957 -7.547929763793945 
v 2.3015849590301514 2.304699420928955 -7.558079719543457 
v 2.296268939971924 2.3101184368133545 -7.567224025726318 
v 2.292052745819092 2.318434000015259 -7.574448108673096 
v 2.2893948554992676 2.328991651535034 -7.579111576080322 
v 2.288478374481201 2.340670585632324 -7.5806660652160645 
v 2.2893948554992676 2.352442979812622 -7.579111576080322 
v 2.292052745819092 2.3630008697509766 -7.574448108673096 
v 2.336688756942749 2.257890224456787 -7.5959367752075195 
v 2.3038763999938965 2.2671399116516113 -7.573533535003662 
v 2.3501620292663574 2.2535922527313232 -7.5726189613342285 
v 2.315883159637451 2.2633092403411865 -7.552776336669922 
v 2.363543748855591 2.257890224456787 -7.5493011474609375 
v 2.327798366546631 2.2671399116516113 -7.532110214233398 
v 2.3757338523864746 2.2702231407165527 -7.5282697677612305 
v 2.338613510131836 2.278164863586426 -7.513455867767334 
v 2.385357618331909 2.2895634174346924 -7.51153564453125 
v 2.347137451171875 2.2952628135681152 -7.498550891876221 
v 2.391498565673828 2.3137621879577637 -7.5008368492126465 
v 2.3526368141174316 2.316845655441284 -7.489040851593018 
v 2.393698215484619 2.340670585632324 -7.49717903137207 
v 2.3545615673065186 2.340670585632324 -7.485840320587158 
v 2.391498565673828 2.3676724433898926 -7.5008368492126465 
v 2.3526368141174316 2.364589214324951 -7.489040851593018 
v 2.385357618331909 2.391871213912964 -7.51153564453125 
v 2.347137451171875 2.386171817779541 -7.498550891876221 
v 2.3757338523864746 2.4112114906311035 -7.5282697677612305 
v 2.338613510131836 2.4032697677612305 -7.513455867767334 
v 2.363543748855591 2.4235446453094482 -7.5493011474609375 
v 2.327798366546631 2.414294719696045 -7.532110214233398 
v 2.3501620292663574 2.427842378616333 -7.5726189613342285 
v 2.315883159637451 2.4181253910064697 -7.552776336669922 
v 2.336688756942749 2.4235446453094482 -7.5959367752075195 
v 2.3038763999938965 2.414294719696045 -7.573533535003662 
v 2.3244986534118652 2.4112114906311035 -7.61687707901001 
v 2.2931525707244873 2.4032697677612305 -7.592187881469727 
v 2.3148748874664307 2.391871213912964 -7.63361120223999 
v 2.2845370769500732 2.386171817779541 -7.607001304626465 
v 2.3087339401245117 2.3676724433898926 -7.644309997558594 
v 2.2790377140045166 2.364589214324951 -7.616511344909668 
v 2.3065342903137207 2.340670585632324 -7.64796781539917 
v 2.277204751968384 2.340670585632324 -7.619803428649902 
v 2.3087339401245117 2.3137621879577637 -7.644309997558594 
v 2.2790377140045166 2.316845655441284 -7.616511344909668 
v 2.3148748874664307 2.2895634174346924 -7.63361120223999 
v 2.2845370769500732 2.2952628135681152 -7.607001304626465 
v 2.3244986534118652 2.2702231407165527 -7.61687707901001 
v 2.2931525707244873 2.278164863586426 -7.592187881469727 
v 2.2845370769500732 2.2952628135681152 -7.607001304626465 
v 2.2790377140045166 2.316845655441284 -7.616511344909668 
v 2.315883159637451 2.340670585632324 -7.552776336669922 
v 2.277204751968384 2.340670585632324 -7.619803428649902 
v 2.2790377140045166 2.364589214324951 -7.616511344909668 
v 2.2845370769500732 2.386171817779541 -7.607001304626465 
v 2.2931525707244873 2.4032697677612305 -7.592187881469727 
v 2.3038763999938965 2.414294719696045 -7.573533535003662 
v 2.315883159637451 2.4181253910064697 -7.552776336669922 
v 2.327798366546631 2.414294719696045 -7.532110214233398 
v 2.338613510131836 2.4032697677612305 -7.513455867767334 
v 2.347137451171875 2.386171817779541 -7.498550891876221 
v 2.3526368141174316 2.364589214324951 -7.489040851593018 
v 2.3545615673065186 2.340670585632324 -7.485840320587158 
v 2.3526368141174316 2.316845655441284 -7.489040851593018 
v 2.347137451171875 2.2952628135681152 -7.498550891876221 
v 2.338613510131836 2.278164863586426 -7.513455867767334 
v 2.327798366546631 2.2671399116516113 -7.532110214233398 
v 2.315883159637451 2.2633092403411865 -7.552776336669922 
v 2.3038763999938965 2.2671399116516113 -7.573533535003662 
v 2.2931525707244873 2.278164863586426 -7.592187881469727 
v 2.3160240650177 2.4012999534606934 -7.4315571784973145 
v 2.3153789043426514 2.5383176803588867 -7.433629035949707 
v 2.2495644092559814 2.4012999534606934 -7.546995162963867 
v 2.2454779148101807 2.402932643890381 -7.553802967071533 
v 2.2420365810394287 2.4075794219970703 -7.560019016265869 
v 2.2398858070373535 2.4143612384796143 -7.56386661529541 
v 2.239025592803955 2.4225244522094727 -7.565346717834473 
v 2.239025592803955 2.4721322059631348 -7.565346717834473 
v 2.237950086593628 2.4816770553588867 -7.567122936248779 
v 2.2347238063812256 2.489337921142578 -7.572450637817383 
v 2.230422258377075 2.4934823513031006 -7.580146312713623 
v 2.095136880874634 2.6085219383239746 -7.814870357513428 
v 2.108686923980713 2.545978546142578 -7.791191101074219 
v 2.0295376777648926 2.5800130367279053 -7.927940845489502 
v 2.314303398132324 2.5440948009490967 -7.433925151824951 
v 2.0936315059661865 2.614424467086792 -7.816054344177246 
v 2.011040687561035 2.6406726837158203 -7.959020137786865 
v 2.00888991355896 2.6436867713928223 -7.957836151123047 
v 2.3115074634552 2.5468575954437256 -7.433332920074463 
v 2.090620279312134 2.6173131465911865 -7.81575870513916 
v 2.0041580200195312 2.6444404125213623 -7.95487642288208 
v 2.306560516357422 2.5476112365722656 -7.430964946746826 
v 2.0856733322143555 2.6180665493011475 -7.813686370849609 
v 1.9080173969268799 2.6444404125213623 -7.899525165557861 
v 1.9897477626800537 2.6180665493011475 -7.758039474487305 
v 2.21063494682312 2.5476112365722656 -7.375614166259766 
v 1.9032856225967407 2.6436867713928223 -7.8968610763549805 
v 1.9852310419082642 2.6173131465911865 -7.755079746246338 
v 1.9011348485946655 2.6406726837158203 -7.895380973815918 
v 1.9837255477905273 2.614424467086792 -7.752415657043457 
v 1.9004895687103271 2.6348955631256104 -7.895085334777832 
v 1.983940601348877 2.6085219383239746 -7.75063943862915 
v 1.902855396270752 2.6150524616241455 -7.891237258911133 
v 2.2059030532836914 2.5468575954437256 -7.372653961181641 
v 2.2041826248168945 2.5440948009490967 -7.370582103729248 
v 2.203967332839966 2.5383176803588867 -7.36939811706543 
v 1.9906080961227417 2.5491182804107666 -7.739391803741455 
v 1.9187713861465454 2.5800130367279053 -7.8640055656433105 
v 2.119441032409668 2.4934823513031006 -7.51621150970459 
v 2.123957633972168 2.489337921142578 -7.50851583480835 
v 2.1269688606262207 2.4816770553588867 -7.503187656402588 
v 2.1280441284179688 2.4721322059631348 -7.501115798950195 
v 2.1280441284179688 2.4225244522094727 -7.501115798950195 
v 2.1289045810699463 2.4143612384796143 -7.499931812286377 
v 2.131270408630371 2.4075794219970703 -7.495788097381592 
v 2.134711742401123 2.402932643890381 -7.4898681640625 
v 2.138798236846924 2.4012999534606934 -7.48276424407959 
v 2.2052578926086426 2.4012999534606934 -7.367621898651123 
v 2.011685848236084 2.6348955631256104 -7.959316253662109 
v 2.013836622238159 2.6150524616241455 -7.955172061920166 
v 2.3160240650177 2.4012999534606934 -7.4315571784973145 
v 2.2495644092559814 2.4012999534606934 -7.546995162963867 
v 2.3284988403320312 2.4012999534606934 -7.4389567375183105 
v 2.2620389461517334 2.4012999534606934 -7.554099082946777 
v 2.2454779148101807 2.402932643890381 -7.553802967071533 
v 2.2579524517059326 2.402932643890381 -7.5612030029296875 
v 2.2420365810394287 2.4075794219970703 -7.560019016265869 
v 2.2579524517059326 2.402932643890381 -7.5612030029296875 
v 2.2545113563537598 2.4075794219970703 -7.567122936248779 
v 2.2398858070373535 2.4143612384796143 -7.56386661529541 
v 2.252145290374756 2.4143612384796143 -7.57097053527832 
v 2.239025592803955 2.4225244522094727 -7.565346717834473 
v 2.2512850761413574 2.4225244522094727 -7.572450637817383 
v 2.239025592803955 2.4721322059631348 -7.565346717834473 
v 2.2512850761413574 2.4721322059631348 -7.572450637817383 
v 2.237950086593628 2.4816770553588867 -7.567122936248779 
v 2.2502095699310303 2.4816770553588867 -7.5742268562316895 
v 2.2347238063812256 2.489337921142578 -7.572450637817383 
v 2.2471985816955566 2.489337921142578 -7.579554557800293 
v 2.230422258377075 2.4934823513031006 -7.580146312713623 
v 2.2426817417144775 2.4934823513031006 -7.587250232696533 
v 2.108686923980713 2.545978546142578 -7.791191101074219 
v 2.1196560859680176 2.5466065406799316 -7.800662994384766 
v 2.0295376777648926 2.5800130367279053 -7.927940845489502 
v 2.0420122146606445 2.5800130367279053 -7.935044765472412 
v 2.023730516433716 2.5845344066619873 -7.938004493713379 
v 2.0362050533294678 2.5845344066619873 -7.945108413696289 
v 2.0187835693359375 2.5924465656280518 -7.946588516235352 
v 2.0312581062316895 2.5924465656280518 -7.953692436218262 
v 2.015557289123535 2.6029958724975586 -7.952508449554443 
v 2.0278170108795166 2.6029958724975586 -7.959611892700195 
v 2.013836622238159 2.6150524616241455 -7.955172061920166 
v 2.0263113975524902 2.6150524616241455 -7.962275981903076 
v 2.011685848236084 2.6348955631256104 -7.959316253662109 
v 2.0239455699920654 2.636779308319092 -7.9664201736450195 
v 2.011040687561035 2.6406726837158203 -7.959020137786865 
v 2.021364450454712 2.647580146789551 -7.964940071105957 
v 2.00888991355896 2.6436867713928223 -7.957836151123047 
v 2.0146970748901367 2.655492067337036 -7.961091995239258 
v 2.0041580200195312 2.6444404125213623 -7.95487642288208 
v 2.0056636333465576 2.6583807468414307 -7.955764293670654 
v 1.9080173969268799 2.6444404125213623 -7.899525165557861 
v 1.9065117835998535 2.6583807468414307 -7.898637294769287 
v 1.9032856225967407 2.6436867713928223 -7.8968610763549805 
v 1.8972634077072144 2.655492067337036 -7.893309116363525 
v 1.9011348485946655 2.6406726837158203 -7.895380973815918 
v 1.8905959129333496 2.647580146789551 -7.889461517333984 
v 1.9004895687103271 2.6348955631256104 -7.895085334777832 
v 1.8882299661636353 2.636779308319092 -7.887981414794922 
v 1.902855396270752 2.6150524616241455 -7.891237258911133 
v 1.8905959129333496 2.6150524616241455 -7.884133338928223 
v 1.904576063156128 2.6029958724975586 -7.888277530670166 
v 1.8921014070510864 2.6029958724975586 -7.881173610687256 
v 1.9080173969268799 2.5924465656280518 -7.882357597351074 
v 1.8955427408218384 2.5924465656280518 -7.875253677368164 
v 1.9129642248153687 2.5845344066619873 -7.874069690704346 
v 1.9004895687103271 2.5845344066619873 -7.8669657707214355 
v 1.9187713861465454 2.5800130367279053 -7.8640055656433105 
v 1.906296730041504 2.5800130367279053 -7.8569016456604 
v 1.9906080961227417 2.5491182804107666 -7.739391803741455 
v 1.9774881601333618 2.5493693351745605 -7.733471870422363 
v 2.119441032409668 2.4934823513031006 -7.51621150970459 
v 2.106966257095337 2.4934823513031006 -7.50910758972168 
v 2.123957633972168 2.489337921142578 -7.50851583480835 
v 2.111483097076416 2.489337921142578 -7.5014119148254395 
v 2.1269688606262207 2.4816770553588867 -7.503187656402588 
v 2.1147091388702393 2.4816770553588867 -7.496083736419678 
v 2.1280441284179688 2.4721322059631348 -7.501115798950195 
v 2.1157846450805664 2.4721322059631348 -7.494011878967285 
v 2.1280441284179688 2.4225244522094727 -7.501115798950195 
v 2.1157846450805664 2.4225244522094727 -7.494011878967285 
v 2.1289045810699463 2.4143612384796143 -7.499931812286377 
v 2.1164298057556152 2.4143612384796143 -7.492827892303467 
v 2.131270408630371 2.4075794219970703 -7.495788097381592 
v 2.118795871734619 2.4075794219970703 -7.488684177398682 
v 2.134711742401123 2.402932643890381 -7.4898681640625 
v 2.122236967086792 2.402932643890381 -7.48276424407959 
v 2.0263113975524902 2.6150524616241455 -7.962275981903076 
v 2.0239455699920654 2.636779308319092 -7.9664201736450195 
v 2.1185805797576904 2.606889247894287 -7.802438735961914 
v 2.1157846450805664 2.617689847946167 -7.801846981048584 
v 2.3250575065612793 2.5508766174316406 -7.4389567375183105 
v 2.318389892578125 2.5586631298065186 -7.4354047775268555 
v 2.021364450454712 2.647580146789551 -7.964940071105957 
v 2.108686923980713 2.6256020069122314 -7.798590660095215 
v 2.309356689453125 2.561551570892334 -7.430077075958252 
v 2.0146970748901367 2.655492067337036 -7.961091995239258 
v 2.0994386672973633 2.628490447998047 -7.7935590744018555 
v 2.00028657913208 2.628490447998047 -7.736135959625244 
v 2.2099897861480713 2.561551570892334 -7.372653961181641 
v 2.200956344604492 2.5586631298065186 -7.367326259613037 
v 2.0056636333465576 2.6583807468414307 -7.955764293670654 
v 1.9065117835998535 2.6583807468414307 -7.898637294769287 
v 1.99125337600708 2.6256020069122314 -7.730807781219482 
v 2.194288730621338 2.5508766174316406 -7.363478183746338 
v 1.8972634077072144 2.655492067337036 -7.893309116363525 
v 1.984800934791565 2.617689847946167 -7.726367950439453 
v 2.191922903060913 2.540201425552368 -7.361998081207275 
v 1.8905959129333496 2.647580146789551 -7.889461517333984 
v 1.9828652143478394 2.606889247894287 -7.723999977111816 
v 2.106966257095337 2.4934823513031006 -7.50910758972168 
v 2.111483097076416 2.489337921142578 -7.5014119148254395 
v 2.1147091388702393 2.4816770553588867 -7.496083736419678 
v 2.1157846450805664 2.4721322059631348 -7.494011878967285 
v 2.1157846450805664 2.4225244522094727 -7.494011878967285 
v 2.1164298057556152 2.4143612384796143 -7.492827892303467 
v 2.118795871734619 2.4075794219970703 -7.488684177398682 
v 2.122236967086792 2.402932643890381 -7.48276424407959 
v 2.1263234615325928 2.4012999534606934 -7.47566032409668 
v 2.1927833557128906 2.4012999534606934 -7.360518455505371 
v 2.2052578926086426 2.4012999534606934 -7.367621898651123 
v 2.203967332839966 2.5383176803588867 -7.36939811706543 
v 2.1927833557128906 2.4012999534606934 -7.360518455505371 
v 2.191922903060913 2.540201425552368 -7.361998081207275 
v 2.2041826248168945 2.5440948009490967 -7.370582103729248 
v 2.194288730621338 2.5508766174316406 -7.363478183746338 
v 2.2059030532836914 2.5468575954437256 -7.372653961181641 
v 2.200956344604492 2.5586631298065186 -7.367326259613037 
v 2.21063494682312 2.5476112365722656 -7.375614166259766 
v 2.2099897861480713 2.561551570892334 -7.372653961181641 
v 2.306560516357422 2.5476112365722656 -7.430964946746826 
v 2.309356689453125 2.561551570892334 -7.430077075958252 
v 2.3115074634552 2.5468575954437256 -7.433332920074463 
v 2.318389892578125 2.5586631298065186 -7.4354047775268555 
v 2.314303398132324 2.5440948009490967 -7.433925151824951 
v 2.3250575065612793 2.5508766174316406 -7.4389567375183105 
v 2.3153789043426514 2.5383176803588867 -7.433629035949707 
v 2.3276383876800537 2.540201425552368 -7.440436840057373 
v 2.3160240650177 2.4012999534606934 -7.4315571784973145 
v 2.3284988403320312 2.4012999534606934 -7.4389567375183105 
v 1.906296730041504 2.5800130367279053 -7.8569016456604 
v 1.9774881601333618 2.5493693351745605 -7.733471870422363 
v 1.8882299661636353 2.636779308319092 -7.887981414794922 
v 1.8905959129333496 2.6150524616241455 -7.884133338928223 
v 2.1927833557128906 2.4012999534606934 -7.360518455505371 
v 2.1263234615325928 2.4012999534606934 -7.47566032409668 
v 2.2052578926086426 2.4012999534606934 -7.367621898651123 
v 2.138798236846924 2.4012999534606934 -7.48276424407959 
v 2.122236967086792 2.402932643890381 -7.48276424407959 
v 2.3284988403320312 2.4012999534606934 -7.4389567375183105 
v 2.2620389461517334 2.4012999534606934 -7.554099082946777 
v 2.3276383876800537 2.540201425552368 -7.440436840057373 
v 2.2579524517059326 2.402932643890381 -7.5612030029296875 
v 2.2545113563537598 2.4075794219970703 -7.567122936248779 
v 2.252145290374756 2.4143612384796143 -7.57097053527832 
v 2.2512850761413574 2.4225244522094727 -7.572450637817383 
v 2.2512850761413574 2.4721322059631348 -7.572450637817383 
v 2.2502095699310303 2.4816770553588867 -7.5742268562316895 
v 2.2471985816955566 2.489337921142578 -7.579554557800293 
v 2.2426817417144775 2.4934823513031006 -7.587250232696533 
v 2.1196560859680176 2.5466065406799316 -7.800662994384766 
v 2.0420122146606445 2.5800130367279053 -7.935044765472412 
v 1.906296730041504 2.5800130367279053 -7.8569016456604 
v 1.9828652143478394 2.606889247894287 -7.723999977111816 
v 1.9004895687103271 2.5845344066619873 -7.8669657707214355 
v 2.095136880874634 2.6085219383239746 -7.814870357513428 
v 2.023730516433716 2.5845344066619873 -7.938004493713379 
v 2.0295376777648926 2.5800130367279053 -7.927940845489502 
v 1.983940601348877 2.6085219383239746 -7.75063943862915 
v 1.904576063156128 2.6029958724975586 -7.888277530670166 
v 1.902855396270752 2.6150524616241455 -7.891237258911133 
v 2.0312581062316895 2.5924465656280518 -7.953692436218262 
v 2.1185805797576904 2.606889247894287 -7.802438735961914 
v 2.0362050533294678 2.5845344066619873 -7.945108413696289 
v 2.0362050533294678 2.5845344066619873 -7.945108413696289 
v 2.1185805797576904 2.606889247894287 -7.802438735961914 
v 2.0420122146606445 2.5800130367279053 -7.935044765472412 
v 2.0263113975524902 2.6150524616241455 -7.962275981903076 
v 2.1185805797576904 2.606889247894287 -7.802438735961914 
v 2.0278170108795166 2.6029958724975586 -7.959611892700195 
v 2.0278170108795166 2.6029958724975586 -7.959611892700195 
v 2.1185805797576904 2.606889247894287 -7.802438735961914 
v 2.0312581062316895 2.5924465656280518 -7.953692436218262 
v 1.9004895687103271 2.5845344066619873 -7.8669657707214355 
v 1.9828652143478394 2.606889247894287 -7.723999977111816 
v 1.8955427408218384 2.5924465656280518 -7.875253677368164 
v 1.8955427408218384 2.5924465656280518 -7.875253677368164 
v 1.9828652143478394 2.606889247894287 -7.723999977111816 
v 1.8921014070510864 2.6029958724975586 -7.881173610687256 
v 1.8921014070510864 2.6029958724975586 -7.881173610687256 
v 1.9828652143478394 2.606889247894287 -7.723999977111816 
v 1.8905959129333496 2.6150524616241455 -7.884133338928223 
v 2.095136880874634 2.6085219383239746 -7.814870357513428 
v 2.015557289123535 2.6029958724975586 -7.952508449554443 
v 2.0187835693359375 2.5924465656280518 -7.946588516235352 
v 2.095136880874634 2.6085219383239746 -7.814870357513428 
v 2.0187835693359375 2.5924465656280518 -7.946588516235352 
v 2.023730516433716 2.5845344066619873 -7.938004493713379 
v 2.095136880874634 2.6085219383239746 -7.814870357513428 
v 2.013836622238159 2.6150524616241455 -7.955172061920166 
v 2.015557289123535 2.6029958724975586 -7.952508449554443 
v 1.983940601348877 2.6085219383239746 -7.75063943862915 
v 1.9129642248153687 2.5845344066619873 -7.874069690704346 
v 1.9080173969268799 2.5924465656280518 -7.882357597351074 
v 1.983940601348877 2.6085219383239746 -7.75063943862915 
v 1.9080173969268799 2.5924465656280518 -7.882357597351074 
v 1.904576063156128 2.6029958724975586 -7.888277530670166 
v 1.9187713861465454 2.5800130367279053 -7.8640055656433105 
v 1.9129642248153687 2.5845344066619873 -7.874069690704346 
v 1.983940601348877 2.6085219383239746 -7.75063943862915 
v 2.2051048278808594 2.5124828815460205 -7.3709588050842285 
v 2.1369009017944336 2.5131945610046387 -7.489017963409424 
v 2.2051048278808594 2.3920528888702393 -7.371264934539795 
v 2.1339356899261475 2.5116286277770996 -7.494217872619629 
v 2.131817579269409 2.507215738296509 -7.497888088226318 
v 2.1309702396392822 2.501236915588379 -7.499417304992676 
v 2.1309702396392822 2.4892795085906982 -7.499417304992676 
v 2.1301229000091553 2.4844393730163574 -7.500946521759033 
v 2.128004789352417 2.4815924167633057 -7.504310607910156 
v 2.13075852394104 2.392195463180542 -7.499722957611084 
v 2.2072229385375977 2.382230758666992 -7.372488021850586 
v 2.133512020111084 2.382373094558716 -7.499417304992676 
v 2.2133655548095703 2.373547315597534 -7.375852584838867 
v 2.140078067779541 2.3734049797058105 -7.502169609069824 
v 2.2209906578063965 2.3698461055755615 -7.3804402351379395 
v 2.148338794708252 2.3698461055755615 -7.50614595413208 
v 2.297243356704712 2.3698461055755615 -7.424483299255371 
v 2.2245914936065674 2.3698461055755615 -7.5501885414123535 
v 2.304868698120117 2.373547315597534 -7.428765296936035 
v 2.2322168350219727 2.3734049797058105 -7.555082321166992 
v 2.31101131439209 2.382230758666992 -7.432435512542725 
v 2.2377240657806396 2.382373094558716 -7.559670448303223 
v 2.313129425048828 2.3920528888702393 -7.433658599853516 
v 2.238994836807251 2.392195463180542 -7.562117099761963 
v 2.236241340637207 2.4815924167633057 -7.567010879516602 
v 2.0163793563842773 2.269630193710327 -7.947491645812988 
v 2.0284526348114014 2.349916696548462 -7.926999568939209 
v 2.012354850769043 2.2670679092407227 -7.954526424407959 
v 2.0218865871429443 2.3445074558258057 -7.938316345214844 
v 2.0157439708709717 2.336820363998413 -7.949020862579346 
v 1.9202163219451904 2.349916696548462 -7.864299774169922 
v 1.9083547592163086 2.269630193710327 -7.885097980499268 
v 1.9117437601089478 2.260235071182251 -7.883874416351318 
v 1.9191572666168213 2.251551628112793 -7.885097980499268 
v 1.9276297092437744 2.248277425765991 -7.888768196105957 
v 2.0036706924438477 2.248277425765991 -7.9328107833862305 
v 2.0110840797424316 2.251551628112793 -7.938010215759277 
v 2.015955686569214 2.260235071182251 -7.943821430206299 
v 1.907719373703003 2.2576727867126465 -7.890603065490723 
v 1.9153445959091187 2.249131679534912 -7.891826629638672 
v 1.9238171577453613 2.2458574771881104 -7.895190715789795 
v 1.999858021736145 2.2458574771881104 -7.939233779907227 
v 2.0072715282440186 2.249131679534912 -7.94473934173584 
v 2.0119314193725586 2.2576727867126465 -7.9508562088012695 
v 1.911531925201416 2.2461421489715576 -7.898249626159668 
v 1.9200044870376587 2.242868185043335 -7.901919841766357 
v 1.9960453510284424 2.242868185043335 -7.945656776428223 
v 2.003247022628784 2.2461421489715576 -7.951161861419678 
v 2.007906913757324 2.2543985843658447 -7.957584857940674 
v 2.0083305835723877 2.2639362812042236 -7.96156120300293 
v 1.8882324695587158 2.225785970687866 -7.939539432525635 
v 1.895857810974121 2.2218000888824463 -7.943821430206299 
v 1.971686840057373 2.2218000888824463 -7.9878644943237305 
v 1.9793120622634888 2.225785970687866 -7.9921464920043945 
v 1.9854546785354614 2.2354657649993896 -7.995816707611084 
v 1.9877846240997314 2.2469964027404785 -7.997039794921875 
v 2.006000518798828 2.315609931945801 -7.965843200683594 
v 2.010448694229126 2.3271405696868896 -7.958196640014648 
v 2.3133411407470703 2.5124828815460205 -7.433352947235107 
v 2.2451374530792236 2.5131945610046387 -7.551412105560303 
v 2.2421720027923584 2.5116286277770996 -7.55661153793335 
v 2.24005389213562 2.507215738296509 -7.5605878829956055 
v 2.239206552505493 2.501236915588379 -7.5618109703063965 
v 2.239206552505493 2.4892795085906982 -7.562117099761963 
v 2.2383594512939453 2.4844393730163574 -7.563340663909912 
v 2.2051048278808594 2.5124828815460205 -7.3709588050842285 
v 2.214212656021118 2.5124828815460205 -7.376158237457275 
v 2.1369009017944336 2.5131945610046387 -7.489017963409424 
v 2.1462206840515137 2.5131945610046387 -7.494217872619629 
v 2.1339356899261475 2.5116286277770996 -7.494217872619629 
v 2.1432554721832275 2.5116286277770996 -7.499417304992676 
v 2.131817579269409 2.507215738296509 -7.497888088226318 
v 2.140925407409668 2.507215738296509 -7.503393173217773 
v 2.1309702396392822 2.501236915588379 -7.499417304992676 
v 2.140078067779541 2.501236915588379 -7.504616737365723 
v 2.1309702396392822 2.4892795085906982 -7.499417304992676 
v 2.140078067779541 2.4892795085906982 -7.504922389984131 
v 2.1301229000091553 2.4844393730163574 -7.500946521759033 
v 2.139230966567993 2.4844393730163574 -7.50614595413208 
v 2.128004789352417 2.4815924167633057 -7.504310607910156 
v 2.137324571609497 2.4815924167633057 -7.5098161697387695 
v 1.9202163219451904 2.349916696548462 -7.864299774169922 
v 1.9293242692947388 2.349916696548462 -7.869805335998535 
v 1.913438320159912 2.3445074558258057 -7.875922203063965 
v 1.9227579832077026 2.3445074558258057 -7.881121635437012 
v 1.9075075387954712 2.336820363998413 -7.886321067810059 
v 1.9166154861450195 2.336820363998413 -7.891826629638672 
v 1.902212142944336 2.3271405696868896 -7.8958024978637695 
v 1.9113200902938843 2.3271405696868896 -7.901001930236816 
v 1.8977640867233276 2.315609931945801 -7.903142929077148 
v 1.9070838689804077 2.315609931945801 -7.908648490905762 
v 1.8797600269317627 2.2469964027404785 -7.934646129608154 
v 1.888867974281311 2.248277425765991 -7.939845561981201 
v 1.8820899724960327 2.2354657649993896 -7.935869216918945 
v 1.8899270296096802 2.2401633262634277 -7.940457344055176 
v 1.8882324695587158 2.225785970687866 -7.939539432525635 
v 1.8931041955947876 2.2343270778656006 -7.942292213439941 
v 1.895857810974121 2.2218000888824463 -7.943821430206299 
v 1.897128701210022 2.232191801071167 -7.94473934173584 
v 1.971686840057373 2.2218000888824463 -7.9878644943237305 
v 1.9704159498214722 2.232191801071167 -7.986947059631348 
v 1.9793120622634888 2.225785970687866 -7.9921464920043945 
v 1.9746521711349487 2.2343270778656006 -7.989393711090088 
v 1.9854546785354614 2.2354657649993896 -7.995816707611084 
v 1.977617621421814 2.2401633262634277 -7.9912285804748535 
v 1.9877846240997314 2.2469964027404785 -7.997039794921875 
v 1.978676676750183 2.248277425765991 -7.991840362548828 
v 2.006000518798828 2.315609931945801 -7.965843200683594 
v 1.9968925714492798 2.315609931945801 -7.9603376388549805 
v 2.010448694229126 2.3271405696868896 -7.958196640014648 
v 2.001128911972046 2.3271405696868896 -7.952691078186035 
v 2.0157439708709717 2.336820363998413 -7.949020862579346 
v 2.0064241886138916 2.336820363998413 -7.943515777587891 
v 2.0218865871429443 2.3445074558258057 -7.938316345214844 
v 2.0125668048858643 2.3445074558258057 -7.933116912841797 
v 2.0284526348114014 2.349916696548462 -7.926999568939209 
v 2.0191328525543213 2.349916696548462 -7.921494483947754 
v 2.236241340637207 2.4815924167633057 -7.567010879516602 
v 2.227133274078369 2.4815924167633057 -7.561505317687988 
v 2.2383594512939453 2.4844393730163574 -7.563340663909912 
v 2.2290396690368652 2.4844393730163574 -7.558140754699707 
v 2.239206552505493 2.4892795085906982 -7.562117099761963 
v 2.229886770248413 2.4892795085906982 -7.55661153793335 
v 2.239206552505493 2.501236915588379 -7.5618109703063965 
v 2.229886770248413 2.501236915588379 -7.55661153793335 
v 2.24005389213562 2.507215738296509 -7.5605878829956055 
v 2.23073410987854 2.507215738296509 -7.555082321166992 
v 2.2421720027923584 2.5116286277770996 -7.55661153793335 
v 2.2330641746520996 2.5116286277770996 -7.551412105560303 
v 2.3040213584899902 2.5124828815460205 -7.4281535148620605 
v 2.3133411407470703 2.5124828815460205 -7.433352947235107 
v 2.2360293865203857 2.5131945610046387 -7.546212673187256 
v 2.2451374530792236 2.5131945610046387 -7.551412105560303 
v 2.2330641746520996 2.5116286277770996 -7.551412105560303 
v 2.2421720027923584 2.5116286277770996 -7.55661153793335 
v 2.3133411407470703 2.5124828815460205 -7.433352947235107 
v 2.3040213584899902 2.5124828815460205 -7.4281535148620605 
v 2.313129425048828 2.3920528888702393 -7.433658599853516 
v 2.3040213584899902 2.393334150314331 -7.4281535148620605 
v 2.31101131439209 2.382230758666992 -7.432435512542725 
v 2.302962303161621 2.3872129917144775 -7.427541732788086 
v 2.304868698120117 2.373547315597534 -7.428765296936035 
v 2.2997851371765137 2.3828001022338867 -7.4260125160217285 
v 2.297243356704712 2.3698461055755615 -7.424483299255371 
v 2.2957606315612793 2.3812341690063477 -7.42356538772583 
v 2.2209906578063965 2.3698461055755615 -7.3804402351379395 
v 2.222473382949829 2.3812341690063477 -7.381052017211914 
v 2.2133655548095703 2.373547315597534 -7.375852584838867 
v 2.2182371616363525 2.3828001022338867 -7.378911018371582 
v 2.2072229385375977 2.382230758666992 -7.372488021850586 
v 2.2152717113494873 2.3872129917144775 -7.377076148986816 
v 2.2051048278808594 2.3920528888702393 -7.371264934539795 
v 2.214212656021118 2.393334150314331 -7.376464366912842 
v 2.2051048278808594 2.5124828815460205 -7.3709588050842285 
v 2.214212656021118 2.5124828815460205 -7.376158237457275 
v 2.3040213584899902 2.5124828815460205 -7.4281535148620605 
v 2.2360293865203857 2.5131945610046387 -7.546212673187256 
v 2.3040213584899902 2.393334150314331 -7.4281535148620605 
v 2.2330641746520996 2.5116286277770996 -7.551412105560303 
v 2.23073410987854 2.507215738296509 -7.555082321166992 
v 2.229886770248413 2.501236915588379 -7.55661153793335 
v 2.229886770248413 2.4892795085906982 -7.55661153793335 
v 2.2290396690368652 2.4844393730163574 -7.558140754699707 
v 2.227133274078369 2.4815924167633057 -7.561505317687988 
v 2.229675054550171 2.393334150314331 -7.556917667388916 
v 2.2290396690368652 2.3872129917144775 -7.555388450622559 
v 2.006847858428955 2.2650749683380127 -7.940457344055176 
v 2.0045177936553955 2.2608044147491455 -7.937398433685303 
v 2.0028233528137207 2.262512683868408 -7.947491645812988 
v 2.0004935264587402 2.258242130279541 -7.944433212280273 
v 1.9987988471984863 2.2592384815216064 -7.954526424407959 
v 1.9964690208435059 2.2549679279327393 -7.951467990875244 
v 1.9746521711349487 2.2343270778656006 -7.989393711090088 
v 1.9704159498214722 2.232191801071167 -7.986947059631348 
v 1.9924445152282715 2.2534022331237793 -7.9487152099609375 
v 1.996680736541748 2.256676197052002 -7.941680431365967 
v 2.0007052421569824 2.2592384815216064 -7.934646129608154 
v 2.2262861728668213 2.3828001022338867 -7.553247451782227 
v 2.302962303161621 2.3872129917144775 -7.427541732788086 
v 1.9231816530227661 2.256676197052002 -7.899472713470459 
v 1.9274178743362427 2.2592384815216064 -7.8924384117126465 
v 2.222261667251587 2.3812341690063477 -7.550800323486328 
v 2.2997851371765137 2.3828001022338867 -7.4260125160217285 
v 1.9229698181152344 2.2608044147491455 -7.8902974128723145 
v 2.1489744186401367 2.3812341690063477 -7.508286952972412 
v 2.2957606315612793 2.3812341690063477 -7.42356538772583 
v 2.144737958908081 2.3828001022338867 -7.50614595413208 
v 2.222473382949829 2.3812341690063477 -7.381052017211914 
v 2.2182371616363525 2.3828001022338867 -7.378911018371582 
v 2.1415607929229736 2.3872129917144775 -7.504922389984131 
v 2.2152717113494873 2.3872129917144775 -7.377076148986816 
v 2.139866352081299 2.393334150314331 -7.504922389984131 
v 2.214212656021118 2.393334150314331 -7.376464366912842 
v 2.137324571609497 2.4815924167633057 -7.5098161697387695 
v 2.139230966567993 2.4844393730163574 -7.50614595413208 
v 1.9193689823150635 2.2650749683380127 -7.88968563079834 
v 1.9189454317092896 2.258242130279541 -7.897331714630127 
v 1.9191572666168213 2.2534022331237793 -7.90650749206543 
v 1.897128701210022 2.232191801071167 -7.94473934173584 
v 1.8931041955947876 2.2343270778656006 -7.942292213439941 
v 1.9149209260940552 2.2549679279327393 -7.904366493225098 
v 1.915132761001587 2.262512683868408 -7.8967204093933105 
v 1.9172508716583252 2.270911455154419 -7.890603065490723 
v 1.8899270296096802 2.2401633262634277 -7.940457344055176 
v 1.911108374595642 2.2592384815216064 -7.9040608406066895 
v 1.9132264852523804 2.2683491706848145 -7.897943496704102 
v 1.9227579832077026 2.3445074558258057 -7.881121635437012 
v 1.9293242692947388 2.349916696548462 -7.869805335998535 
v 1.888867974281311 2.248277425765991 -7.939845561981201 
v 1.909201979637146 2.2650749683380127 -7.904978275299072 
v 1.9070838689804077 2.315609931945801 -7.908648490905762 
v 1.9113200902938843 2.3271405696868896 -7.901001930236816 
v 1.9166154861450195 2.336820363998413 -7.891826629638672 
v 2.140078067779541 2.4892795085906982 -7.504922389984131 
v 2.140078067779541 2.501236915588379 -7.504616737365723 
v 2.140925407409668 2.507215738296509 -7.503393173217773 
v 2.1432554721832275 2.5116286277770996 -7.499417304992676 
v 2.1462206840515137 2.5131945610046387 -7.494217872619629 
v 2.214212656021118 2.5124828815460205 -7.376158237457275 
v 1.8820899724960327 2.2354657649993896 -7.935869216918945 
v 1.9039067029953003 2.2543985843658447 -7.897331714630127 
v 1.8797600269317627 2.2469964027404785 -7.934646129608154 
v 1.9000940322875977 2.2639362812042236 -7.899167060852051 
v 1.8977640867233276 2.315609931945801 -7.903142929077148 
v 1.902212142944336 2.3271405696868896 -7.8958024978637695 
v 1.904118537902832 2.2670679092407227 -7.89213228225708 
v 1.913438320159912 2.3445074558258057 -7.875922203063965 
v 1.9075075387954712 2.336820363998413 -7.886321067810059 
v 1.977617621421814 2.2401633262634277 -7.9912285804748535 
v 1.999010682106018 2.2650749683380127 -7.956667423248291 
v 1.978676676750183 2.248277425765991 -7.991840362548828 
v 1.9968925714492798 2.315609931945801 -7.9603376388549805 
v 2.003035068511963 2.2683491706848145 -7.94963264465332 
v 2.0064241886138916 2.336820363998413 -7.943515777587891 
v 2.0125668048858643 2.3445074558258057 -7.933116912841797 
v 2.0191328525543213 2.349916696548462 -7.921494483947754 
v 2.0070595741271973 2.270911455154419 -7.942598342895508 
v 2.001128911972046 2.3271405696868896 -7.952691078186035 
v 2.160140037536621 2.4549262523651123 -7.481030464172363 
v 2.160140037536621 2.2783799171447754 -7.481030464172363 
v 2.160585641860962 2.4549262523651123 -7.477394104003906 
v 2.160585641860962 2.2783799171447754 -7.477394104003906 
v 2.207245349884033 2.2783799171447754 -7.396669864654541 
v 2.207245349884033 2.4549262523651123 -7.396669864654541 
v 2.2101099491119385 2.4549262523651123 -7.394461631774902 
v 2.2101099491119385 2.2783799171447754 -7.394461631774902 
v 2.213738203048706 2.4549262523651123 -7.39491605758667 
v 2.213738203048706 2.2783799171447754 -7.39491605758667 
v 2.2882156372070312 2.2783799171447754 -7.43790864944458 
v 2.2882156372070312 2.4549262523651123 -7.43790864944458 
v 2.2904436588287354 2.4549262523651123 -7.440831184387207 
v 2.2904436588287354 2.2783799171447754 -7.440831184387207 
v 2.2899980545043945 2.4549262523651123 -7.444468021392822 
v 2.2899980545043945 2.2783799171447754 -7.444468021392822 
v 2.2433383464813232 2.2783799171447754 -7.525191783905029 
v 2.2433383464813232 2.4549262523651123 -7.525191783905029 
v 2.240473747253418 2.4549262523651123 -7.527400016784668 
v 2.240473747253418 2.2783799171447754 -7.527400016784668 
v 2.2368452548980713 2.4549262523651123 -7.5269455909729 
v 2.2368452548980713 2.2783799171447754 -7.5269455909729 
v 2.162368059158325 2.4549262523651123 -7.48395299911499 
v 2.2375454902648926 2.4582924842834473 -7.525711536407471 
v 2.1630680561065674 2.4582924842834473 -7.482719421386719 
v 2.2392005920410156 2.459709882736206 -7.522789001464844 
v 2.1647231578826904 2.459709882736206 -7.479796886444092 
v 2.211383104324341 2.459709882736206 -7.399072647094727 
v 2.2084548473358154 2.4582924842834473 -7.397384166717529 
v 2.2130379676818848 2.4582924842834473 -7.3961501121521 
v 2.210364580154419 2.457672357559204 -7.39530611038208 
v 2.2101099491119385 2.4549262523651123 -7.394461631774902 
v 2.207245349884033 2.4549262523651123 -7.396669864654541 
v 2.1618587970733643 2.4582924842834473 -7.4781084060668945 
v 2.160585641860962 2.4549262523651123 -7.477394104003906 
v 2.160140037536621 2.4549262523651123 -7.481030464172363 
v 2.1609675884246826 2.457672357559204 -7.480771064758301 
v 2.162368059158325 2.2783799171447754 -7.48395299911499 
v 2.160140037536621 2.4549262523651123 -7.481030464172363 
v 2.240473747253418 2.4549262523651123 -7.527400016784668 
v 2.2402191162109375 2.457672357559204 -7.52655553817749 
v 2.242128849029541 2.4582924842834473 -7.524477481842041 
v 2.285860300064087 2.459709882736206 -7.4420647621154785 
v 2.28751540184021 2.4582924842834473 -7.439142227172852 
v 2.2882156372070312 2.4549262523651123 -7.43790864944458 
v 2.213738203048706 2.4549262523651123 -7.39491605758667 
v 2.288724899291992 2.4582924842834473 -7.443753242492676 
v 2.289616107940674 2.457672357559204 -7.4410905838012695 
v 2.2904436588287354 2.4549262523651123 -7.440831184387207 
v 2.2899980545043945 2.4549262523651123 -7.444468021392822 
v 2.2433383464813232 2.4549262523651123 -7.525191783905029 
v 2.160140037536621 2.2783799171447754 -7.481030464172363 
v 2.1566519737243652 2.2929399013519287 -7.49454927444458 
v 2.1566519737243652 2.3754119873046875 -7.49454927444458 
v 2.1671674251556396 2.2929399013519287 -7.515580654144287 
v 2.1671674251556396 2.3754119873046875 -7.515580654144287 
v 2.1843748092651367 2.2929399013519287 -7.531832218170166 
v 2.1843748092651367 2.3754119873046875 -7.531832218170166 
v 2.207318067550659 2.2929399013519287 -7.539480209350586 
v 2.207318067550659 2.3754119873046875 -7.539480209350586 
v 2.2312171459198 2.2929399013519287 -7.537568092346191 
v 2.2312171459198 2.3754119873046875 -7.537568092346191 
v 2.2522482872009277 2.2929399013519287 -7.527052402496338 
v 2.2522482872009277 2.3754119873046875 -7.527052402496338 
v 2.2684996128082275 2.2929399013519287 -7.509844779968262 
v 2.2684996128082275 2.3754119873046875 -7.509844779968262 
v 2.2761473655700684 2.2929399013519287 -7.486901760101318 
v 2.2761473655700684 2.3754119873046875 -7.486901760101318 
v 2.274235486984253 2.2929399013519287 -7.463002681732178 
v 2.274235486984253 2.3754119873046875 -7.463002681732178 
v 2.2637197971343994 2.2929399013519287 -7.441971302032471 
v 2.2637197971343994 2.3754119873046875 -7.441971302032471 
v 2.2465124130249023 2.2929399013519287 -7.425719738006592 
v 2.2465124130249023 2.3754119873046875 -7.425719738006592 
v 2.223569393157959 2.2929399013519287 -7.41807222366333 
v 2.223569393157959 2.3754119873046875 -7.41807222366333 
v 2.1996703147888184 2.2929399013519287 -7.419983863830566 
v 2.1996703147888184 2.3754119873046875 -7.419983863830566 
v 2.1786391735076904 2.2929399013519287 -7.43049955368042 
v 2.1786391735076904 2.3754119873046875 -7.43049955368042 
v 2.1623876094818115 2.2929399013519287 -7.447707176208496 
v 2.1623876094818115 2.3754119873046875 -7.447707176208496 
v 2.15474009513855 2.2929399013519287 -7.4706501960754395 
v 2.15474009513855 2.3754119873046875 -7.4706501960754395 
v 2.1566519737243652 2.2929399013519287 -7.49454927444458 
v 2.1566519737243652 2.3754119873046875 -7.49454927444458 
v 2.1671674251556396 2.3754119873046875 -7.515580654144287 
v 2.1566519737243652 2.3754119873046875 -7.49454927444458 
v 2.215921640396118 2.3754119873046875 -7.478298187255859 
v 2.15474009513855 2.3754119873046875 -7.4706501960754395 
v 2.1623876094818115 2.3754119873046875 -7.447707176208496 
v 2.1786391735076904 2.3754119873046875 -7.43049955368042 
v 2.1996703147888184 2.3754119873046875 -7.419983863830566 
v 2.223569393157959 2.3754119873046875 -7.41807222366333 
v 2.2465124130249023 2.3754119873046875 -7.425719738006592 
v 2.2637197971343994 2.3754119873046875 -7.441971302032471 
v 2.274235486984253 2.3754119873046875 -7.463002681732178 
v 2.2761473655700684 2.3754119873046875 -7.486901760101318 
v 2.2684996128082275 2.3754119873046875 -7.509844779968262 
v 2.2522482872009277 2.3754119873046875 -7.527052402496338 
v 2.2312171459198 2.3754119873046875 -7.537568092346191 
v 2.207318067550659 2.3754119873046875 -7.539480209350586 
v 2.1843748092651367 2.3754119873046875 -7.531832218170166 
vn 0.3547718822956085 0.7074987292289734 0.6112139225006104 
vn 0.3547718822956085 0.7074987292289734 0.6112139225006104 
vn -1.0341130485562108e-13 0.999997615814209 -0.002184694167226553 
vn -1.0341130485562108e-13 0.999997615814209 0.002184694167226553 
vn -0.3535822033882141 0.70809406042099 -0.6112139225006104 
vn -0.3535822033882141 0.70809406042099 -0.6112139225006104 
vn -0.5006305575370789 -1.0354196476993274e-13 -0.865661084651947 
vn -0.5006305575370789 -1.0354196476993274e-13 -0.865661084651947 
vn -0.3535822033882141 -0.70809406042099 -0.6112139225006104 
vn -0.3535822033882141 -0.70809406042099 -0.6112139225006104 
vn 3.097898456858039e-13 -0.999997615814209 -0.002184694167226553 
vn 3.097898456858039e-13 -0.999997615814209 -0.002184694167226553 
vn 0.3547718822956085 -0.7074987292289734 0.6112139225006104 
vn 0.3547718822956085 -0.7074987292289734 0.6112139225006104 
vn 0.5006305575370789 0 0.865661084651947 
vn 0.5006305575370789 0 0.865661084651947 
vn 0.3547718822956085 0.7074987292289734 0.6112139225006104 
vn 0.3547718822956085 0.7074987292289734 0.6112139225006104 
vn 3.097898456858039e-13 -0.999997615814209 0.002184694167226553 
vn 3.097898456858039e-13 -0.999997615814209 0.002184694167226553 
vn 3.097898456858039e-13 -0.999997615814209 0.002184694167226553 
vn 3.097898456858039e-13 -0.999997615814209 0.002184694167226553 
vn 0.8667527437210083 0 -0.4987381398677826 
vn 0.8667527437210083 0 -0.4987381398677826 
vn 0.8667527437210083 0 -0.4987381398677826 
vn 0.8667527437210083 0 -0.4987381398677826 
vn 0.4992172420024872 0.037590835243463516 0.865661084651947 
vn 0.4992172420024872 0.037590835243463516 0.865661084651947 
vn 0.4992172420024872 0.037590835243463516 0.865661084651947 
vn 0.4992172420024872 0.037590835243463516 0.865661084651947 
vn -1.0341130485562108e-13 0.999997615814209 0.002184694167226553 
vn -1.0341130485562108e-13 0.999997615814209 0.002184694167226553 
vn -1.0341130485562108e-13 0.999997615814209 0.002184694167226553 
vn -1.0341130485562108e-13 0.999997615814209 0.002184694167226553 
vn -0.499203622341156 0.03777121752500534 -0.865661084651947 
vn -0.499203622341156 0.03777121752500534 -0.865661084651947 
vn -0.499203622341156 0.03777121752500534 -0.865661084651947 
vn -0.499203622341156 0.03777121752500534 -0.865661084651947 
vn 0.8667527437210083 0 -0.4987381398677826 
vn 0.8667527437210083 0 -0.4987381398677826 
vn 0.8667527437210083 0 -0.4987381398677826 
vn 0.8667527437210083 0 -0.4987381398677826 
vn 0.8667527437210083 0 -0.4987381398677826 
vn 0.8667527437210083 0 -0.4987381398677826 
vn 0.8667527437210083 0 -0.4987381398677826 
vn 0.8667527437210083 0 -0.4987381398677826 
vn 0.8667527437210083 0 -0.4987381398677826 
vn 0.011325903236865997 0.9685386419296265 -0.24860523641109467 
vn 0.2750994563102722 0.8808730840682983 -0.3852050006389618 
vn -0.0904877707362175 0.9042890667915344 -0.417220801115036 
vn 0.1725519895553589 0.8190622329711914 -0.5471406579017639 
vn -0.19825506210327148 0.8007096648216248 -0.5652954578399658 
vn 0.07734283059835434 0.7189918756484985 -0.6907016038894653 
vn -0.29193881154060364 0.6615912318229675 -0.6907016038894653 
vn -0.013231620192527771 0.5883432626724243 -0.8085030317306519 
vn -0.37494510412216187 0.4935550093650818 -0.7847417593002319 
vn -0.09556706994771957 0.4284084439277649 -0.8985171914100647 
vn -0.43837517499923706 0.3054153025150299 -0.8453097939491272 
vn -0.15288929641246796 0.2496737390756607 -0.9561840295791626 
vn -0.486401230096817 0.101327084004879 -0.8678402304649353 
vn -0.20052039623260498 0.05601247027516365 -0.9780870079994202 
vn -0.5086907148361206 -0.1050361767411232 -0.8545181155204773 
vn -0.22323240339756012 -0.13978810608386993 -0.9646899104118347 
vn -0.5109589695930481 -0.3059127628803253 -0.8033295273780823 
vn -0.2293252795934677 -0.3317229151725769 -0.9150791168212891 
vn -0.49462342262268066 -0.49328795075416565 -0.715552031993866 
vn -0.2084151804447174 -0.5118069648742676 -0.8334367275238037 
vn -0.45008692145347595 -0.6638285517692566 -0.5972883701324463 
vn -0.168401837348938 -0.674728512763977 -0.7185974717140198 
vn -0.39029207825660706 -0.8017484545707703 -0.45262736082077026 
vn -0.1128900945186615 -0.804460346698761 -0.5831804275512695 
vn -0.3114311993122101 -0.9047196507453918 -0.29067665338516235 
vn -0.035865187644958496 -0.904413640499115 -0.42514660954475403 
vn -0.21903744339942932 -0.9693604111671448 -0.1111890971660614 
vn 0.052839670330286026 -0.9649497866630554 -0.25706008076667786 
vn -0.11679915338754654 -0.9908472299575806 0.06767380982637405 
vn 0.144855797290802 -0.9857863783836365 -0.08510008454322815 
vn -0.011325903236865997 -0.9685386419296265 0.24860523641109467 
vn 0.24844598770141602 -0.9649003148078918 0.08510008454322815 
vn 0.09224488586187363 -0.9041115641593933 0.417220801115036 
vn 0.3522557318210602 -0.9034372568130493 0.24437066912651062 
vn 0.19980259239673615 -0.8003249168395996 0.5652954578399658 
vn 0.4482775330543518 -0.806637704372406 0.3852050006389618 
vn 0.29102665185928345 -0.6619930267333984 0.6907016038894653 
vn 0.5410382151603699 -0.671524167060852 0.5062933564186096 
vn 0.3737035095691681 -0.4944957494735718 0.7847417593002319 
vn 0.6154642105102539 -0.5142474174499512 0.5972883701324463 
vn 0.43920695781707764 -0.3042179346084595 0.8453097939491272 
vn 0.680416464805603 -0.3348437547683716 0.651853621006012 
vn 0.48572391271591187 -0.10452553629875183 0.8678402304649353 
vn 0.7241942882537842 -0.14236941933631897 0.67473965883255 
vn 0.5087400078773499 0.10479695349931717 0.8545181155204773 
vn 0.747879683971405 0.05271659418940544 0.661737859249115 
vn 0.5096849799156189 0.3080306947231293 0.8033295273780823 
vn 0.7502421736717224 0.25209957361221313 0.6112139225006104 
vn 0.49262118339538574 0.4952875077724457 0.715552031993866 
vn 0.7309566140174866 0.43145397305488586 0.528724730014801 
vn 0.45416921377182007 0.6610422730445862 0.5972883701324463 
vn 0.691856324672699 0.589289128780365 0.417220801115036 
vn 0.39149779081344604 0.8011603951454163 0.45262736082077026 
vn 0.633648693561554 0.7202733755111694 0.28230419754981995 
vn 0.3128376007080078 0.9042343497276306 0.29067665338516235 
vn 0.557918131351471 0.8205487132072449 0.1242060661315918 
vn 0.2227182388305664 0.9685213565826416 0.1111890971660614 
vn 0.4697554409503937 0.8816044926643372 -0.04586252197623253 
vn 0.11679915338754654 0.9908472299575806 -0.06767380982637405 
vn 0.3751482665538788 0.9007555246353149 -0.21886809170246124 
vn 0.011325903236865997 0.9685386419296265 -0.24860523641109467 
vn 0.2750994563102722 0.8808730840682983 -0.3852050006389618 
vn 0.5104787349700928 0.7058244943618774 -0.4911448359489441 
vn 0.42364633083343506 0.6557117104530334 -0.6249527335166931 
vn 0.3382047414779663 0.5706863403320312 -0.7482877969741821 
vn 0.2634345591068268 0.4562820494174957 -0.8499464392662048 
vn 0.19405429065227509 0.3210050165653229 -0.926983654499054 
vn 0.1444629281759262 0.1672457754611969 -0.9752739667892456 
vn 0.10440044850111008 0.007552991155534983 -0.9945066571235657 
vn 0.08563870936632156 -0.16599075496196747 -0.9824016690254211 
vn 0.08422195166349411 -0.3277186155319214 -0.9410139322280884 
vn 0.10127804428339005 -0.48253268003463745 -0.8700028657913208 
vn 0.13305418193340302 -0.6193112730979919 -0.7737894654273987 
vn 0.17967113852500916 -0.7338136434555054 -0.6551609039306641 
vn 0.24570439755916595 -0.814857542514801 -0.5250110030174255 
vn 0.31994277238845825 -0.8673792481422424 -0.3811691105365753 
vn 0.4047411382198334 -0.8846060633659363 -0.23163928091526031 
vn 0.48614850640296936 -0.8697227239608765 -0.08510008454322815 
vn 0.5725947022438049 -0.8182985782623291 0.05022686347365379 
vn 0.66105717420578 -0.7304179668426514 0.17173540592193604 
vn 0.7367472648620605 -0.6182043552398682 0.27391019463539124 
vn 0.8040374517440796 -0.48164641857147217 0.34862664341926575 
vn 0.853784441947937 -0.33170950412750244 0.401274174451828 
vn 0.8936957716941833 -0.165029376745224 0.417220801115036 
vn 0.9141647815704346 0.007547959219664335 0.405272513628006 
vn 0.9162556529045105 0.16517996788024902 0.3649536371231079 
vn 0.8984878063201904 0.3252391219139099 0.2948545813560486 
vn 0.8672041893005371 0.457111120223999 0.1975002884864807 
vn 0.8151527047157288 0.5735906362533569 0.08074574917554855 
vn 0.7518065571784973 0.6571200489997864 -0.05459024757146835 
vn 0.6769828796386719 0.709004819393158 -0.1975002884864807 
vn 0.5945491790771484 0.7265064716339111 -0.34452807903289795 
vn 0.5104787349700928 0.7058244943618774 -0.4911448359489441 
vn 0.6955846548080444 0.4698866903781891 -0.5434780716896057 
vn 0.6332773566246033 0.4274042844772339 -0.6452018022537231 
vn 0.5731652975082397 0.36508435010910034 -0.7336177229881287 
vn 0.5161359906196594 0.2827126979827881 -0.8085030317306519 
vn 0.465363085269928 0.18457557260990143 -0.865661084651947 
vn 0.42847204208374023 0.07512524724006653 -0.9004265069961548 
vn 0.39980363845825195 -0.052794087678194046 -0.9150791168212891 
vn 0.38492733240127563 -0.17579041421413422 -0.9060511589050293 
vn 0.38053905963897705 -0.29517635703086853 -0.8763908743858337 
vn 0.39493462443351746 -0.40697020292282104 -0.8236515522003174 
vn 0.4212234318256378 -0.5039543509483337 -0.7540562748908997 
vn 0.4544930160045624 -0.5889473557472229 -0.6682642698287964 
vn 0.5051350593566895 -0.6489975452423096 -0.5688942670822144 
vn 0.5597756505012512 -0.6863660216331482 -0.4642767012119293 
vn 0.6171886920928955 -0.7012625932693481 -0.3568037748336792 
vn 0.6835709810256958 -0.6862406134605408 -0.24860523641109467 
vn 0.7448150515556335 -0.6501525640487671 -0.15017375349998474 
vn 0.8080533742904663 -0.5861521363258362 -0.058952588587999344 
vn 0.863396167755127 -0.504294753074646 0.0152922747656703 
vn 0.9121931195259094 -0.40337955951690674 0.07203252613544464 
vn 0.9510508179664612 -0.28997644782066345 0.10684575140476227 
vn 0.9776340126991272 -0.17280927300453186 0.11986933648586273 
vn 0.9923941493034363 -0.052828263491392136 0.1111890971660614 
vn 0.9944223165512085 0.06785593181848526 0.08074574917554855 
vn 0.9818344712257385 0.18760234117507935 0.028397228568792343 
vn 0.9582790732383728 0.2828059196472168 -0.04149730131030083 
vn 0.9206664562225342 0.368579238653183 -0.12854042649269104 
vn 0.8747133612632751 0.4302206039428711 -0.22312943637371063 
vn 0.818413257598877 0.4688788652420044 -0.33219319581985474 
vn 0.7607437968254089 0.4799191355705261 -0.43697428703308105 
vn 0.6955846548080444 0.4698866903781891 -0.5434780716896057 
vn 0.8174711465835571 0.17993900179862976 -0.5471406579017639 
vn 0.7837246656417847 0.15757714211940765 -0.6007870435714722 
vn 0.750374436378479 0.12783588469028473 -0.6485338807106018 
vn 0.718363344669342 0.08297795057296753 -0.6907016038894653 
vn 0.691620945930481 0.030196821317076683 -0.7216291427612305 
vn 0.6724478006362915 -0.030199667438864708 -0.7395281791687012 
vn 0.6561247706413269 -0.0978040099143982 -0.7482877969741821 
vn 0.6493651270866394 -0.16454415023326874 -0.7424622178077698 
vn 0.6462862491607666 -0.22986464202404022 -0.7276512384414673 
vn 0.6542593836784363 -0.29350170493125916 -0.6969945430755615 
vn 0.6673322319984436 -0.34171730279922485 -0.661737859249115 
vn 0.6856142282485962 -0.39002370834350586 -0.6146662831306458 
vn 0.7139747738838196 -0.4180299639701843 -0.5616858005523682 
vn 0.7420589327812195 -0.43933531641960144 -0.5062933564186096 
vn 0.7736249566078186 -0.4473797678947449 -0.4487268626689911 
vn 0.8082174062728882 -0.4419070780277252 -0.3892335295677185 
vn 0.8418300747871399 -0.422157347202301 -0.3363112509250641 
vn 0.8756608366966248 -0.38876694440841675 -0.2864931523799896 
vn 0.9069932103157043 -0.3399393856525421 -0.24860523641109467 
vn 0.9316595196723938 -0.2900126576423645 -0.21886809170246124 
vn 0.9525076150894165 -0.2317819595336914 -0.1975002884864807 
vn 0.967969536781311 -0.16535377502441406 -0.18892620503902435 
vn 0.9762449264526367 -0.098049595952034 -0.19321508705615997 
vn 0.9771627187728882 -0.03021722473204136 -0.2103329300880432 
vn 0.9702708125114441 0.030189892277121544 -0.2401314377784729 
vn 0.9569578170776367 0.0829857811331749 -0.2781098484992981 
vn 0.9373778700828552 0.12801089882850647 -0.3239381015300751 
vn 0.9126323461532593 0.15772832930088043 -0.37712597846984863 
vn 0.8832165598869324 0.1800135225057602 -0.43303996324539185 
vn 0.8507125973701477 0.18725600838661194 -0.4911448359489441 
vn 0.8174711465835571 0.17993900179862976 -0.5471406579017639 
vn 0.8572585582733154 -0.12793782353401184 -0.4987381398677826 
vn 0.8572585582733154 -0.12793782353401184 -0.4987381398677826 
vn 0.8550423979759216 -0.12796731293201447 -0.5025205612182617 
vn 0.8550423979759216 -0.12796731293201447 -0.5025205612182617 
vn 0.8516553640365601 -0.13546280562877655 -0.5062933564186096 
vn 0.8516553640365601 -0.13546280562877655 -0.5062933564186096 
vn 0.8516553640365601 -0.13546280562877655 -0.5062933564186096 
vn 0.8504356145858765 -0.14292068779468536 -0.5062933564186096 
vn 0.8504356145858765 -0.14292068779468536 -0.5062933564186096 
vn 0.8526753187179565 -0.142891064286232 -0.5025205612182617 
vn 0.8513941168785095 -0.1503368616104126 -0.5025205612182617 
vn 0.8513941168785095 -0.1503368616104126 -0.5025205612182617 
vn 0.8536211848258972 -0.15030339360237122 -0.4987381398677826 
vn 0.8558317422866821 -0.15026724338531494 -0.4949462115764618 
vn 0.8558317422866821 -0.15026724338531494 -0.4949462115764618 
vn 0.8580257296562195 -0.15022842586040497 -0.4911448359489441 
vn 0.8580257296562195 -0.15022842586040497 -0.4911448359489441 
vn 0.8601673245429993 -0.15039172768592834 -0.48733407258987427 
vn 0.861436665058136 -0.14294184744358063 -0.48733407258987427 
vn 0.8635936975479126 -0.14289894700050354 -0.4835140109062195 
vn 0.8635936975479126 -0.14289894700050354 -0.4835140109062195 
vn 0.8635936975479126 -0.14289894700050354 -0.4835140109062195 
vn 0.8647948503494263 -0.13544026017189026 -0.4835140109062195 
vn 0.8647948503494263 -0.13544026017189026 -0.4835140109062195 
vn 0.8637816905975342 -0.12801054120063782 -0.48733407258987427 
vn 0.8637816905975342 -0.12801054120063782 -0.48733407258987427 
vn 0.8616411685943604 -0.1278720200061798 -0.4911448359489441 
vn 0.8616411685943604 -0.1278720200061798 -0.4911448359489441 
vn 0.8594581484794617 -0.12790605425834656 -0.4949462115764618 
vn 0.8594581484794617 -0.12790605425834656 -0.4949462115764618 
vn 0.8572585582733154 -0.12793782353401184 -0.4987381398677826 
vn 0.8150033950805664 -0.4218381643295288 -0.3972681760787964 
vn 0.8467694520950317 -0.4017971158027649 -0.34862664341926575 
vn 0.8791221976280212 -0.36771976947784424 -0.30319350957870483 
vn 0.9061551094055176 -0.32579436898231506 -0.26970529556274414 
vn 0.9286662936210632 -0.28269389271736145 -0.2401314377784729 
vn 0.9485777616500854 -0.22452959418296814 -0.22312943637371063 
vn 0.9626179933547974 -0.16526441276073456 -0.21460255980491638 
vn 0.9708217978477478 -0.09798848628997803 -0.21886809170246124 
vn 0.9710476994514465 -0.03772769868373871 -0.23588760197162628 
vn 0.9651448130607605 0.015105052851140499 -0.2612801790237427 
vn 0.9531258344650269 0.06791079044342041 -0.2948545813560486 
vn 0.9358293414115906 0.10544264316558838 -0.3363112509250641 
vn 0.9128427505493164 0.1354074329137802 -0.3852050006389618 
vn 0.8835905194282532 0.15771734714508057 -0.4409002661705017 
vn 0.8530908226966858 0.16511890292167664 -0.4949462115764618 
vn 0.8220440149307251 0.1577364057302475 -0.5471406579017639 
vn 0.7905246019363403 0.13534188270568848 -0.5972883701324463 
vn 0.7595470547676086 0.10539162904024124 -0.641857385635376 
vn 0.7319545149803162 0.0679372176527977 -0.677958071231842 
vn 0.7077176570892334 0.015101514756679535 -0.7063339352607727 
vn 0.6880846619606018 -0.037763532251119614 -0.7246471047401428 
vn 0.6757137775421143 -0.09784664213657379 -0.7306414246559143 
vn 0.6658754944801331 -0.16472260653972626 -0.7276512384414673 
vn 0.6653223633766174 -0.22293494641780853 -0.7124928832054138 
vn 0.6732827425003052 -0.2799057066440582 -0.6843559741973877 
vn 0.6834789514541626 -0.3285474479198456 -0.651853621006012 
vn 0.7023534178733826 -0.3705938160419464 -0.607749879360199 
vn 0.7278834581375122 -0.39843276143074036 -0.5580654144287109 
vn 0.753351092338562 -0.41967740654945374 -0.5062933564186096 
vn 0.7827084064483643 -0.42719557881355286 -0.45262736082077026 
vn 0.8150033950805664 -0.4218381643295288 -0.3972681760787964 
vn 0.6898477673530579 -0.6751612424850464 -0.2612801790237427 
vn 0.7519959807395935 -0.6386657357215881 -0.16312000155448914 
vn 0.8154334425926208 -0.5737881660461426 -0.0763898640871048 
vn 0.8672792315483093 -0.49781718850135803 -0.002184694167226553 
vn 0.9166412353515625 -0.39654266834259033 0.05022686347365379 
vn 0.9531601071357727 -0.29024770855903625 0.08510008454322815 
vn 0.9800524711608887 -0.1728096902370453 0.0981530249118805 
vn 0.994589626789093 -0.05281716212630272 0.08945280313491821 
vn 0.9959504008293152 0.06787817180156708 0.058952588587999344 
vn 0.984894335269928 0.17281144857406616 0.010923261754214764 
vn 0.9615077376365662 0.26837942004203796 -0.058952588587999344 
vn 0.9243634343147278 0.35429084300994873 -0.1415284425020218 
vn 0.8813071250915527 0.40945667028427124 -0.23588760197162628 
vn 0.8259968161582947 0.449267715215683 -0.34042292833328247 
vn 0.7682908177375793 0.4602893888950348 -0.44481781125068665 
vn 0.7052754759788513 0.450803279876709 -0.5471406579017639 
vn 0.645683765411377 0.4084203243255615 -0.6452018022537231 
vn 0.5848946571350098 0.35222339630126953 -0.7306414246559143 
vn 0.5310536623001099 0.26952487230300903 -0.8033295273780823 
vn 0.48275938630104065 0.17035330832004547 -0.8590245246887207 
vn 0.44556379318237305 0.06770339608192444 -0.8926864862442017 
vn 0.4198691248893738 -0.052737265825271606 -0.9060511589050293 
vn 0.4049818515777588 -0.1692824512720108 -0.8985171914100647 
vn 0.40328338742256165 -0.2901996076107025 -0.8678402304649353 
vn 0.41467002034187317 -0.39728742837905884 -0.8186644315719604 
vn 0.4359719753265381 -0.49999377131462097 -0.7482877969741821 
vn 0.4757022559642792 -0.5757365226745605 -0.6650074124336243 
vn 0.5196022987365723 -0.6342535018920898 -0.5724822878837585 
vn 0.5684833526611328 -0.6765127778053284 -0.46814218163490295 
vn 0.6304203867912292 -0.6851123571395874 -0.3649536371231079 
vn 0.6898477673530579 -0.6751612424850464 -0.2612801790237427 
vn 0.4988841116428375 -0.8615773320198059 -0.09380380809307098 
vn 0.5860574245452881 -0.8092061877250671 0.04149730131030083 
vn 0.6695627570152283 -0.7255796790122986 0.15880759060382843 
vn 0.7458592057228088 -0.6127207279205322 0.2612801790237427 
vn 0.8092181086540222 -0.48172691464424133 0.3363112509250641 
vn 0.8636830449104309 -0.32506728172302246 0.3852050006389618 
vn 0.8991557955741882 -0.16514535248279572 0.405272513628006 
vn 0.9194296002388 0 0.3932546079158783 
vn 0.921036422252655 0.1651710420846939 0.3527185618877411 
vn 0.9050003290176392 0.31824326515197754 0.28230419754981995 
vn 0.8734492063522339 0.45055174827575684 0.18463370203971863 
vn 0.824294924736023 0.5615596175193787 0.07203252613544464 
vn 0.7612642049789429 0.6453434228897095 -0.0633138045668602 
vn 0.6865293383598328 0.6985424757003784 -0.2017817199230194 
vn 0.6043859124183655 0.7163638472557068 -0.34862664341926575 
vn 0.5195579528808594 0.6964824199676514 -0.4949462115764618 
vn 0.432780385017395 0.646426796913147 -0.6283578276634216 
vn 0.35110777616500854 0.5628398060798645 -0.7482877969741821 
vn 0.27641525864601135 0.44853729009628296 -0.8499464392662048 
vn 0.21201711893081665 0.31432831287384033 -0.9253358840942383 
vn 0.15590204298496246 0.1625913679599762 -0.9742990136146545 
vn 0.11770011484622955 0 -0.9930492043495178 
vn 0.09878616780042648 -0.16355261206626892 -0.9815762042999268 
vn 0.0986250787973404 -0.32796818017959595 -0.9395264387130737 
vn 0.11601763963699341 -0.47920241951942444 -0.8700028657913208 
vn 0.14778250455856323 -0.6159628033638 -0.7737894654273987 
vn 0.19783084094524384 -0.7261536717414856 -0.6584556698799133 
vn 0.2601279318332672 -0.8103683590888977 -0.5250110030174255 
vn 0.3321222960948944 -0.8609946966171265 -0.3852050006389618 
vn 0.41632404923439026 -0.8769328594207764 -0.2401314377784729 
vn 0.4988841116428375 -0.8615773320198059 -0.09380380809307098 
vn 0.2573665380477905 -0.9629343748092651 0.08074574917554855 
vn 0.361000120639801 -0.9011192321777344 0.2401314377784729 
vn 0.4578903317451477 -0.8031479120254517 0.3811691105365753 
vn 0.5471243858337402 -0.6722463965415955 0.4987381398677826 
vn 0.6215851306915283 -0.5150035619735718 0.590256929397583 
vn 0.6834496259689331 -0.3351125121116638 0.6485338807106018 
vn 0.7271699905395508 -0.14247924089431763 0.6715083718299866 
vn 0.7536432147026062 0.05278392508625984 0.6551609039306641 
vn 0.7554936408996582 0.24468225240707397 0.607749879360199 
vn 0.7373843193054199 0.4250032603740692 0.5250110030174255 
vn 0.6986520290374756 0.5840489864349365 0.41324591636657715 
vn 0.6424177885055542 0.7157321572303772 0.27391019463539124 
vn 0.5644468069076538 0.8167197704315186 0.11986933648586273 
vn 0.47630763053894043 0.8778429627418518 -0.05022686347365379 
vn 0.3821069300174713 0.8978257179260254 -0.21886809170246124 
vn 0.2788928151130676 0.8779043555259705 -0.3892335295677185 
vn 0.17624104022979736 0.8158225417137146 -0.5507928133010864 
vn 0.08485520631074905 0.7181440591812134 -0.6907016038894653 
vn -0.011343032121658325 0.5848437547683716 -0.8110666871070862 
vn -0.08625392615795135 0.42637115716934204 -0.9004265069961548 
vn -0.15078555047512054 0.24605967104434967 -0.9574540853500366 
vn -0.192674919962883 0.05227901414036751 -0.97986900806427 
vn -0.2182142287492752 -0.13982853293418884 -0.9658315181732178 
vn -0.22103774547576904 -0.3325064778327942 -0.916832447052002 
vn -0.20138981938362122 -0.5146118998527527 -0.8334367275238037 
vn -0.15720032155513763 -0.674195408821106 -0.7216291427612305 
vn -0.10164298117160797 -0.8033824563026428 -0.5867242813110352 
vn -0.03211066126823425 -0.9026873111724854 -0.42909738421440125 
vn 0.058498602360486984 -0.963488757610321 -0.2612801790237427 
vn 0.1522647738456726 -0.9842833280563354 -0.08945280313491821 
vn 0.2573665380477905 -0.9629343748092651 0.08074574917554855 
vn -0.011325903236865997 -0.9685386419296265 0.24860523641109467 
vn 0.09224488586187363 -0.9041115641593933 0.417220801115036 
vn 0.19980259239673615 -0.8003249168395996 0.5652954578399658 
vn 0.29102665185928345 -0.6619930267333984 0.6907016038894653 
vn 0.3737035095691681 -0.4944957494735718 0.7847417593002319 
vn 0.43920695781707764 -0.3042179346084595 0.8453097939491272 
vn 0.48572391271591187 -0.10452553629875183 0.8678402304649353 
vn 0.5087400078773499 0.10479695349931717 0.8545181155204773 
vn 0.5096849799156189 0.3080306947231293 0.8033295273780823 
vn 0.49262118339538574 0.4952875077724457 0.715552031993866 
vn 0.45416921377182007 0.6610422730445862 0.5972883701324463 
vn 0.39149779081344604 0.8011603951454163 0.45262736082077026 
vn 0.3128376007080078 0.9042343497276306 0.29067665338516235 
vn 0.2227182388305664 0.9685213565826416 0.1111890971660614 
vn 0.11679915338754654 0.9908472299575806 -0.06767380982637405 
vn 0.011325903236865997 0.9685386419296265 -0.24860523641109467 
vn -0.0904877707362175 0.9042890667915344 -0.417220801115036 
vn -0.19825506210327148 0.8007096648216248 -0.5652954578399658 
vn -0.29193881154060364 0.6615912318229675 -0.6907016038894653 
vn -0.37494510412216187 0.4935550093650818 -0.7847417593002319 
vn -0.43837517499923706 0.3054153025150299 -0.8453097939491272 
vn -0.486401230096817 0.101327084004879 -0.8678402304649353 
vn -0.5086907148361206 -0.1050361767411232 -0.8545181155204773 
vn -0.5109589695930481 -0.3059127628803253 -0.8033295273780823 
vn -0.49462342262268066 -0.49328795075416565 -0.715552031993866 
vn -0.45008692145347595 -0.6638285517692566 -0.5972883701324463 
vn -0.39029207825660706 -0.8017484545707703 -0.45262736082077026 
vn -0.3114311993122101 -0.9047196507453918 -0.29067665338516235 
vn -0.21903744339942932 -0.9693604111671448 -0.1111890971660614 
vn -0.11679915338754654 -0.9908472299575806 0.06767380982637405 
vn -0.011325903236865997 -0.9685386419296265 0.24860523641109467 
vn -0.28392988443374634 -0.8762882351875305 0.3892335295677185 
vn -0.18151918053627014 -0.8146644234657288 0.5507928133010864 
vn -0.08457505702972412 -0.718177080154419 0.6907016038894653 
vn 0.007531293202191591 -0.5849052667617798 0.8110666871070862 
vn 0.08786387741565704 -0.4260423183441162 0.9004265069961548 
vn 0.14537739753723145 -0.24929310381412506 0.9574540853500366 
vn 0.19275762140750885 -0.05197325721383095 0.97986900806427 
vn 0.21691502630710602 0.14183561503887177 0.9658315181732178 
vn 0.21571876108646393 0.3359816372394562 0.916832447052002 
vn 0.20055675506591797 0.5149371027946472 0.8334367275238037 
vn 0.15876762568950653 0.6738280057907104 0.7216291427612305 
vn 0.10336251556873322 0.8031629920005798 0.5867242813110352 
vn 0.030182352289557457 0.9027538299560547 0.42909738421440125 
vn -0.060308221727609634 0.9633771777153015 0.2612801790237427 
vn -0.1559937298297882 0.9836992025375366 0.08945280313491821 
vn -0.2594938278198242 0.9623633027076721 -0.08074574917554855 
vn -0.361000120639801 0.9011192321777344 -0.2401314377784729 
vn -0.4535030722618103 0.8056333065032959 -0.3811691105365753 
vn -0.5433590412139893 0.6752934455871582 -0.4987381398677826 
vn -0.6234611868858337 0.5127308368682861 -0.590256929397583 
vn -0.6848652958869934 0.3322097659111023 -0.6485338807106018 
vn -0.7271251678466797 0.14270764589309692 -0.6715083718299866 
vn -0.7536373138427734 -0.0528678372502327 -0.6551609039306641 
vn -0.7552610635757446 -0.24539920687675476 -0.607749879360199 
vn -0.7370702624320984 -0.42554771900177 -0.5250110030174255 
vn -0.6986520290374756 -0.5840489864349365 -0.41324591636657715 
vn -0.6416665315628052 -0.7164058089256287 -0.27391019463539124 
vn -0.5644468069076538 -0.8167197704315186 -0.11986933648586273 
vn -0.47962290048599243 -0.8760360479354858 0.05022686347365379 
vn -0.3821069300174713 -0.8978257179260254 0.21886809170246124 
vn -0.28392988443374634 -0.8762882351875305 0.3892335295677185 
vn -0.520452082157135 -0.6958145499229431 0.4949462115764618 
vn -0.43375834822654724 -0.6457709670066833 0.6283578276634216 
vn -0.3489387631416321 -0.5641871094703674 0.7482877969741821 
vn -0.272073894739151 -0.45118388533592224 0.8499464392662048 
vn -0.21083882451057434 -0.3151198923587799 0.9253358840942383 
vn -0.15458177030086517 -0.16384711861610413 0.9742990136146545 
vn -0.11764085292816162 -0.003734381403774023 0.9930492043495178 
vn -0.0998343750834465 0.16291490197181702 0.9815762042999268 
vn -0.1000904068350792 0.32752394676208496 0.9395264387130737 
vn -0.11390811204910278 0.4797082245349884 0.8700028657913208 
vn -0.14933981001377106 0.6155871152877808 0.7737894654273987 
vn -0.19570274651050568 0.7267300486564636 0.6584556698799133 
vn -0.25797662138938904 0.8110557794570923 0.5250110030174255 
vn -0.3321222960948944 0.8609946966171265 0.3852050006389618 
vn -0.41632404923439026 0.8769328594207764 0.2401314377784729 
vn -0.502145528793335 0.8596805930137634 0.09380380809307098 
vn -0.5860574245452881 0.8092061877250671 -0.04149730131030083 
vn -0.6695627570152283 0.7255796790122986 -0.15880759060382843 
vn -0.7429288029670715 0.6162706017494202 -0.2612801790237427 
vn -0.8092181086540222 0.48172691464424133 -0.3363112509250641 
vn -0.8636830449104309 0.32506728172302246 -0.3852050006389618 
vn -0.8984664082527161 0.16885586082935333 -0.405272513628006 
vn -0.9194218516349792 -0.003775771474465728 -0.3932546079158783 
vn -0.920998752117157 -0.16538110375404358 -0.3527185618877411 
vn -0.9048653841018677 -0.3186267018318176 -0.28230419754981995 
vn -0.8734492063522339 -0.45055174827575684 -0.18463370203971863 
vn -0.824294924736023 -0.5615596175193787 -0.07203252613544464 
vn -0.7588191032409668 -0.6482167840003967 0.0633138045668602 
vn -0.6892169117927551 -0.6958909630775452 0.2017817199230194 
vn -0.6043859124183655 -0.7163638472557068 0.34862664341926575 
vn -0.520452082157135 -0.6958145499229431 0.4949462115764618 
vn -0.707665205001831 -0.4470425248146057 0.5471406579017639 
vn -0.6443894505500793 -0.4104593098163605 0.6452018022537231 
vn -0.5832793712615967 -0.3548918664455414 0.7306414246559143 
vn -0.5298541784286499 -0.27187541127204895 0.8033295273780823 
vn -0.48163098096847534 -0.17351791262626648 0.8590245246887207 
vn -0.44559091329574585 -0.06752469390630722 0.8926864862442017 
vn -0.4194031357765198 0.05632338300347328 0.9060511589050293 
vn -0.4022065997123718 0.17577455937862396 0.8985171914100647 
vn -0.401954710483551 0.2920371890068054 0.8678402304649353 
vn -0.4133293330669403 0.3986820876598358 0.8186644315719604 
vn -0.43957287073135376 0.4968309700489044 0.7482877969741821 
vn -0.4706833064556122 0.5798468589782715 0.6650074124336243 
vn -0.5175033807754517 0.6359671950340271 0.5724822878837585 
vn -0.5692844390869141 0.675838828086853 0.46814218163490295 
vn -0.6276379823684692 0.6876622438430786 0.3649536371231079 
vn -0.6904979944229126 0.6744962930679321 0.2612801790237427 
vn -0.75443434715271 0.6357834935188293 0.16312000155448914 
vn -0.8154334425926208 0.5737881660461426 0.0763898640871048 
vn -0.8672792315483093 0.49781718850135803 0.002184694167226553 
vn -0.9151355624198914 0.40000519156455994 -0.05022686347365379 
vn -0.9542531967163086 0.28663352131843567 -0.08510008454322815 
vn -0.9800524711608887 0.1728096902370453 -0.0981530249118805 
vn -0.9947826266288757 0.04904767870903015 -0.08945280313491821 
vn -0.9961998462677002 -0.06411250680685043 -0.058952588587999344 
vn -0.984894335269928 -0.17281144857406616 -0.010923261754214764 
vn -0.9604862332344055 -0.27201247215270996 0.058952588587999344 
vn -0.9243634343147278 -0.35429084300994873 0.1415284425020218 
vn -0.8797104358673096 -0.4128759503364563 0.23588760197162628 
vn -0.8280763030052185 -0.4454232454299927 0.34042292833328247 
vn -0.7686236500740051 -0.45973339676856995 0.44481781125068665 
vn -0.707665205001831 -0.4470425248146057 0.5471406579017639 
vn -0.8227884769439697 -0.15380582213401794 0.5471406579017639 
vn -0.790558934211731 -0.13514122366905212 0.5972883701324463 
vn -0.759043276309967 -0.10896081477403641 0.641857385635376 
vn -0.7323124408721924 -0.06396398693323135 0.677958071231842 
vn -0.7077181935310364 -0.015075922943651676 0.7063339352607727 
vn -0.6880882382392883 0.03769780695438385 0.7246471047401428 
vn -0.6751888990402222 0.10140527784824371 0.7306414246559143 
vn -0.6660149097442627 0.1641579419374466 0.7276512384414673 
vn -0.6643655300140381 0.22577042877674103 0.7124928832054138 
vn -0.6736449599266052 0.2790328860282898 0.6843559741973877 
vn -0.6837117075920105 0.3280627727508545 0.651853621006012 
vn -0.702896237373352 0.36956319212913513 0.607749879360199 
vn -0.7263554930686951 0.40121155977249146 0.5580654144287109 
vn -0.7536479830741882 0.41914403438568115 0.5062933564186096 
vn -0.7847925424575806 0.4233546853065491 0.45262736082077026 
vn -0.8152669668197632 0.4213285744190216 0.3972681760787964 
vn -0.8467694520950317 0.4017971158027649 0.34862664341926575 
vn -0.8776585459709167 0.37119966745376587 0.30319350957870483 
vn -0.9062952399253845 0.3254043757915497 0.26970529556274414 
vn -0.9286662936210632 0.28269389271736145 0.2401314377784729 
vn -0.9486419558525085 0.22425806522369385 0.22312943637371063 
vn -0.9632494449615479 0.16154344379901886 0.21460255980491638 
vn -0.9708217978477478 0.09798848628997803 0.21886809170246124 
vn -0.9708938598632812 0.041498277336359024 0.23588760197162628 
vn -0.9651451110839844 -0.01508626714348793 0.2612801790237427 
vn -0.953131914138794 -0.06782562285661697 0.2948545813560486 
vn -0.9358293414115906 -0.10544264316558838 0.3363112509250641 
vn -0.9128427505493164 -0.1354074329137802 0.3852050006389618 
vn -0.8842459917068481 -0.153999924659729 0.4409002661705017 
vn -0.8531344532966614 -0.16489361226558685 0.4949462115764618 
vn -0.8227884769439697 -0.15380582213401794 0.5471406579017639 
vn -0.8573667407035828 0.15394502878189087 0.4911448359489441 
vn -0.8586686849594116 0.14650899171829224 0.4911448359489441 
vn -0.860844075679779 0.14646834135055542 0.48733407258987427 
vn -0.860844075679779 0.14646834135055542 0.48733407258987427 
vn -0.8630028367042542 0.14642509818077087 0.4835140109062195 
vn -0.8642327785491943 0.13898161053657532 0.4835140109062195 
vn -0.8642327785491943 0.13898161053657532 0.4835140109062195 
vn -0.8642327785491943 0.13898161053657532 0.4835140109062195 
vn -0.8653985261917114 0.13152779638767242 0.4835140109062195 
vn -0.8632470965385437 0.13156729936599731 0.48733407258987427 
vn -0.8632470965385437 0.13156729936599731 0.48733407258987427 
vn -0.8621872067451477 0.12413714081048965 0.4911448359489441 
vn -0.8621872067451477 0.12413714081048965 0.4911448359489441 
vn -0.8594841957092285 0.12773066759109497 0.4949462115764618 
vn -0.8594841957092285 0.12773066759109497 0.4949462115764618 
vn -0.8572847843170166 0.12776191532611847 0.4987381398677826 
vn -0.8572847843170166 0.12776191532611847 0.4987381398677826 
vn -0.8550687432289124 0.1277908831834793 0.5025205612182617 
vn -0.8550687432289124 0.1277908831834793 0.5025205612182617 
vn -0.851685106754303 0.1352756917476654 0.5062933564186096 
vn -0.851685106754303 0.1352756917476654 0.5062933564186096 
vn -0.851685106754303 0.1352756917476654 0.5062933564186096 
vn -0.8504686951637268 0.14272348582744598 0.5062933564186096 
vn -0.8504686951637268 0.14272348582744598 0.5062933564186096 
vn -0.8527082800865173 0.14269442856311798 0.5025205612182617 
vn -0.8514305949211121 0.15013018250465393 0.5025205612182617 
vn -0.8514305949211121 0.15013018250465393 0.5025205612182617 
vn -0.8536574840545654 0.1500973254442215 0.4987381398677826 
vn -0.8558678030967712 0.15006178617477417 0.4949462115764618 
vn -0.8558678030967712 0.15006178617477417 0.4949462115764618 
vn -0.8573667407035828 0.15394502878189087 0.4911448359489441 
vn -0.8066908717155457 0.4446876049041748 0.3892335295677185 
vn -0.8418300747871399 0.422157347202301 0.3363112509250641 
vn -0.8758642673492432 0.38830840587615967 0.2864931523799896 
vn -0.9069932103157043 0.3399393856525421 0.24860523641109467 
vn -0.9316595196723938 0.2900126576423645 0.21886809170246124 
vn -0.9525076150894165 0.2317819595336914 0.1975002884864807 
vn -0.9685981869697571 0.16163045167922974 0.18892620503902435 
vn -0.9766263365745544 0.09417528659105301 0.19321508705615997 
vn -0.9771638512611389 0.03018011525273323 0.2103329300880432 
vn -0.9702708125114441 -0.030189892277121544 0.2401314377784729 
vn -0.9569668173789978 -0.08288230746984482 0.2781098484992981 
vn -0.9373999238014221 -0.12784944474697113 0.3239381015300751 
vn -0.9119820594787598 -0.1614457219839096 0.37712597846984863 
vn -0.884009063243866 -0.1760806143283844 0.43303996324539185 
vn -0.85151606798172 -0.18356792628765106 0.4911448359489441 
vn -0.8167088031768799 -0.18336789309978485 0.5471406579017639 
vn -0.7837715744972229 -0.15734365582466125 0.6007870435714722 
vn -0.750408411026001 -0.1276361644268036 0.6485338807106018 
vn -0.7188161015510559 -0.07896004617214203 0.6907016038894653 
vn -0.6917770504951477 -0.026378409937024117 0.7216291427612305 
vn -0.6722708940505981 0.0339110903441906 0.7395281791687012 
vn -0.6566949486732483 0.09389928728342056 0.7482877969741821 
vn -0.649438202381134 0.1642553210258484 0.7424622178077698 
vn -0.6465604901313782 0.2290922850370407 0.7276512384414673 
vn -0.6546726822853088 0.29257869720458984 0.6969945430755615 
vn -0.665867269039154 0.34456324577331543 0.661737859249115 
vn -0.6877756118774414 0.3861995339393616 0.6146662831306458 
vn -0.7123849987983704 0.4207335412502289 0.5616858005523682 
vn -0.7423858642578125 0.4387827515602112 0.5062933564186096 
vn -0.7739400267601013 0.4468344748020172 0.4487268626689911 
vn -0.8066908717155457 0.4446876049041748 0.3892335295677185 
vn -0.6835709810256958 0.6862406134605408 0.24860523641109467 
vn -0.742327868938446 0.652990996837616 0.15017375349998474 
vn -0.8058316707611084 0.5892028212547302 0.058952588587999344 
vn -0.863396167755127 0.504294753074646 -0.0152922747656703 
vn -0.9121931195259094 0.40337955951690674 -0.07203252613544464 
vn -0.9498372673988342 0.2939271032810211 -0.10684575140476227 
vn -0.9776340126991272 0.17280927300453186 -0.11986933648586273 
vn -0.992587685585022 0.04905800148844719 -0.1111890971660614 
vn -0.9941521286964417 -0.07170562446117401 -0.08074574917554855 
vn -0.9818344712257385 -0.18760234117507935 -0.028397228568792343 
vn -0.9582790732383728 -0.2828059196472168 0.04149730131030083 
vn -0.9220632910728455 -0.3650707006454468 0.12854042649269104 
vn -0.874955415725708 -0.4297281503677368 0.22312943637371063 
vn -0.8202831745147705 -0.46559980511665344 0.33219319581985474 
vn -0.7590869069099426 -0.4825355112552643 0.43697428703308105 
vn -0.6980859637260437 -0.4661625623703003 0.5434780716896057 
vn -0.6319631934165955 -0.4293450713157654 0.6452018022537231 
vn -0.5735308527946472 -0.36450982093811035 0.7336177229881287 
vn -0.5148992538452148 -0.2849588990211487 0.8085030317306519 
vn -0.4656957685947418 -0.18373452126979828 0.865661084651947 
vn -0.42914026975631714 -0.07120907306671143 0.9004265069961548 
vn -0.4003165364265442 0.048752881586551666 0.9150791168212891 
vn -0.38668543100357056 0.17188860476016998 0.9060511589050293 
vn -0.3815058469772339 0.2939257323741913 0.8763908743858337 
vn -0.39360684156417847 0.4082545340061188 0.8236515522003174 
vn -0.41913121938705444 0.5056957602500916 0.7540562748908997 
vn -0.4553603231906891 0.5882770419120789 0.6682642698287964 
vn -0.5030175447463989 0.6506401896476746 0.5688942670822144 
vn -0.5547417402267456 0.6904409527778625 0.4642767012119293 
vn -0.6179536581039429 0.700588583946228 0.3568037748336792 
vn -0.6835709810256958 0.6862406134605408 0.24860523641109467 
vn -0.48944091796875 0.8678741455078125 0.08510008454322815 
vn -0.5756841897964478 0.8161280155181885 -0.05022686347365379 
vn -0.66105717420578 0.7304179668426514 -0.17173540592193604 
vn -0.7362075448036194 0.6188470721244812 -0.27391019463539124 
vn -0.8040374517440796 0.48164641857147217 -0.34862664341926575 
vn -0.85677170753479 0.32881638407707214 -0.3972681760787964 
vn -0.8936558961868286 0.16524523496627808 -0.417220801115036 
vn -0.9141881465911865 -0.0037740119732916355 -0.405272513628006 
vn -0.9155785441398621 -0.16889280080795288 -0.3649536371231079 
vn -0.8996253609657288 -0.3220790922641754 -0.2948545813560486 
vn -0.8672041893005371 -0.457111120223999 -0.1975002884864807 
vn -0.8168983459472656 -0.5711017847061157 -0.08074574917554855 
vn -0.754285454750061 -0.6542731523513794 0.05459024757146835 
vn -0.6769828796386719 -0.709004819393158 0.1975002884864807 
vn -0.5953709483146667 -0.7258331775665283 0.34452807903289795 
vn -0.5074154138565063 -0.7080299258232117 0.4911448359489441 
vn -0.42465177178382874 -0.6550610065460205 0.6249527335166931 
vn -0.33602917194366455 -0.5719700455665588 0.7482877969741821 
vn -0.2590789198875427 -0.4587692320346832 0.8499464392662048 
vn -0.19188126921653748 -0.32230862975120544 0.926983654499054 
vn -0.1431705206632614 -0.16835346817970276 0.9752739667892456 
vn -0.10440661758184433 -0.007467308547347784 0.9945066571235657 
vn -0.08462997525930405 0.1665073037147522 0.9824016690254211 
vn -0.0836392194032669 0.3278678357601166 0.9410139322280884 
vn -0.09919002652168274 0.48296621441841125 0.8700028657913208 
vn -0.13464796543121338 0.6189666986465454 0.7737894654273987 
vn -0.18488405644893646 0.732517659664154 0.6551609039306641 
vn -0.24356164038181305 0.8155005574226379 0.5250110030174255 
vn -0.321313738822937 0.8668723106384277 0.3811691105365753 
vn -0.39911794662475586 0.8871573209762573 0.23163928091526031 
vn -0.48944091796875 0.8678741455078125 0.08510008454322815 
vn -0.25210079550743103 0.963951826095581 -0.08510008454322815 
vn -0.348736047744751 0.9048017263412476 -0.24437066912651062 
vn -0.4482775330543518 0.806637704372406 -0.3852050006389618 
vn -0.537251353263855 0.674557626247406 -0.5062933564186096 
vn -0.6173455715179443 0.5119873285293579 -0.5972883701324463 
vn -0.6818346977233887 0.3319462239742279 -0.651853621006012 
vn -0.724149227142334 0.14259837567806244 -0.67473965883255 
vn -0.7478737235069275 -0.05280093476176262 -0.661737859249115 
vn -0.7501178979873657 -0.25246915221214294 -0.6112139225006104 
vn -0.7306305766105652 -0.43200594186782837 -0.528724730014801 
vn -0.6913060545921326 -0.5899345278739929 -0.417220801115036 
vn -0.632881760597229 -0.7209473252296448 -0.28230419754981995 
vn -0.557918131351471 -0.8205487132072449 -0.1242060661315918 
vn -0.473084956407547 -0.8798222541809082 0.04586252197623253 
vn -0.3751482665538788 -0.9007555246353149 0.21886809170246124 
vn -0.2750994563102722 -0.8808730840682983 0.3852050006389618 
vn -0.17046156525611877 -0.8194997906684875 0.5471406579017639 
vn -0.07708728313446045 -0.71901935338974 0.6907016038894653 
vn 0.013177732937037945 -0.5883444547653198 0.8085030317306519 
vn 0.09347038716077805 -0.4288707673549652 0.8985171914100647 
vn 0.15813784301280975 -0.2463829070329666 0.9561840295791626 
vn 0.19966718554496765 -0.058981698006391525 0.9780870079994202 
vn 0.22157637774944305 0.14239849150180817 0.9646899104118347 
vn 0.22813299298286438 0.3325439989566803 0.9150791168212891 
vn 0.20755623281002045 0.5121558904647827 0.8334367275238037 
vn 0.17148569226264954 0.6739513278007507 0.7185974717140198 
vn 0.10712197422981262 0.8052487373352051 0.5831804275512695 
vn 0.03393341600894928 0.904488205909729 0.42514660954475403 
vn -0.05089108273386955 0.9650545120239258 0.25706008076667786 
vn -0.14859050512313843 0.9852303266525269 0.08510008454322815 
vn -0.25210079550743103 0.963951826095581 -0.08510008454322815 
vn 0.011325903236865997 0.9685386419296265 -0.24860523641109467 
vn -0.0904877707362175 0.9042890667915344 -0.417220801115036 
vn -0.19825506210327148 0.8007096648216248 -0.5652954578399658 
vn -0.29193881154060364 0.6615912318229675 -0.6907016038894653 
vn -0.37494510412216187 0.4935550093650818 -0.7847417593002319 
vn -0.43837517499923706 0.3054153025150299 -0.8453097939491272 
vn -0.486401230096817 0.101327084004879 -0.8678402304649353 
vn -0.5086907148361206 -0.1050361767411232 -0.8545181155204773 
vn -0.5109589695930481 -0.3059127628803253 -0.8033295273780823 
vn -0.49462342262268066 -0.49328795075416565 -0.715552031993866 
vn -0.45008692145347595 -0.6638285517692566 -0.5972883701324463 
vn -0.39029207825660706 -0.8017484545707703 -0.45262736082077026 
vn -0.3114311993122101 -0.9047196507453918 -0.29067665338516235 
vn -0.21903744339942932 -0.9693604111671448 -0.1111890971660614 
vn -0.11679915338754654 -0.9908472299575806 0.06767380982637405 
vn -0.011325903236865997 -0.9685386419296265 0.24860523641109467 
vn 0.09224488586187363 -0.9041115641593933 0.417220801115036 
vn 0.19980259239673615 -0.8003249168395996 0.5652954578399658 
vn 0.29102665185928345 -0.6619930267333984 0.6907016038894653 
vn 0.3737035095691681 -0.4944957494735718 0.7847417593002319 
vn 0.43920695781707764 -0.3042179346084595 0.8453097939491272 
vn 0.48572391271591187 -0.10452553629875183 0.8678402304649353 
vn 0.5087400078773499 0.10479695349931717 0.8545181155204773 
vn 0.5096849799156189 0.3080306947231293 0.8033295273780823 
vn 0.49262118339538574 0.4952875077724457 0.715552031993866 
vn 0.45416921377182007 0.6610422730445862 0.5972883701324463 
vn 0.39149779081344604 0.8011603951454163 0.45262736082077026 
vn 0.3128376007080078 0.9042343497276306 0.29067665338516235 
vn 0.2227182388305664 0.9685213565826416 0.1111890971660614 
vn 0.11679915338754654 0.9908472299575806 -0.06767380982637405 
vn 0.011325903236865997 0.9685386419296265 -0.24860523641109467 
vn -0.5006305575370789 -1.0354196476993274e-13 -0.865661084651947 
vn -0.5006305575370789 -1.0354196476993274e-13 -0.865661084651947 
vn -0.3535822033882141 -0.70809406042099 -0.6112139225006104 
vn -0.3535822033882141 -0.70809406042099 -0.6112139225006104 
vn 3.097898456858039e-13 -0.999997615814209 0.002184694167226553 
vn 3.097898456858039e-13 -0.999997615814209 0.002184694167226553 
vn 0.3547718822956085 -0.7074987292289734 0.6112139225006104 
vn 0.3547718822956085 -0.7074987292289734 0.6112139225006104 
vn 0.5006305575370789 0 0.865661084651947 
vn 0.5006305575370789 0 0.865661084651947 
vn 0.3547718822956085 0.7074987292289734 0.6112139225006104 
vn 0.3547718822956085 0.7074987292289734 0.6112139225006104 
vn -1.0341130485562108e-13 0.999997615814209 -0.002184694167226553 
vn -1.0341130485562108e-13 0.999997615814209 0.002184694167226553 
vn -0.3535822033882141 0.70809406042099 -0.6112139225006104 
vn -0.3535822033882141 0.70809406042099 -0.6112139225006104 
vn -0.5006305575370789 -1.0354196476993274e-13 -0.865661084651947 
vn -0.5006305575370789 -1.0354196476993274e-13 -0.865661084651947 
vn 0.7721454501152039 -0.4537934958934784 -0.44481781125068665 
vn 0.8635610342025757 -0.44339513778686523 -0.2401314377784729 
vn 0.6762208342552185 -0.6254779696464539 -0.3892335295677185 
vn 0.7702676653862 -0.6090932488441467 -0.18892620503902435 
vn 0.5068937540054321 -0.8100120425224304 -0.2948545813560486 
vn 0.6054534316062927 -0.7903334498405457 -0.09380380809307098 
vn 0.2648181915283203 -0.9518421292304993 -0.15449213981628418 
vn 0.37537190318107605 -0.9259448647499084 0.04149730131030083 
vn 3.097898456858039e-13 -0.999997615814209 -0.002184694167226553 
vn 0.11480738967657089 -0.9744163155555725 0.19321508705615997 
vn -0.2648181915283203 -0.9518421292304993 0.15449213981628418 
vn -0.14648441970348358 -0.9272770285606384 0.34452807903289795 
vn -0.5079228281974792 -0.8093671798706055 0.2948545813560486 
vn -0.38772985339164734 -0.7871264815330505 0.4796847105026245 
vn -0.7005841732025146 -0.5873125195503235 0.405272513628006 
vn -0.5719390511512756 -0.5732715725898743 0.5867242813110352 
vn -0.8229895830154419 -0.3102554976940155 0.4758462607860565 
vn -0.6884693503379822 -0.3040495812892914 0.6584556698799133 
vn -0.8667527437210083 -1.7926449441627718e-13 0.4987381398677826 
vn -0.73213130235672 -1.514216676308175e-13 0.681163489818573 
vn -0.8229895830154419 0.3102554976940155 0.4758462607860565 
vn -0.6884693503379822 0.3040495812892914 0.6584556698799133 
vn -0.7005841732025146 0.5873125195503235 0.405272513628006 
vn -0.5719390511512756 0.5732715725898743 0.5867242813110352 
vn -0.5079228281974792 0.8093671798706055 0.2948545813560486 
vn -0.38772985339164734 0.7871264815330505 0.4796847105026245 
vn -0.2648181915283203 0.9518421292304993 0.15449213981628418 
vn -0.14648441970348358 0.9272770285606384 0.34452807903289795 
vn -1.0341130485562108e-13 0.999997615814209 0.002184694167226553 
vn 0.11480738967657089 0.9744163155555725 0.19321508705615997 
vn 0.2648181915283203 0.9518421292304993 -0.15449213981628418 
vn 0.37537190318107605 0.9259448647499084 0.04149730131030083 
vn 0.5068937540054321 0.8100120425224304 -0.2948545813560486 
vn 0.6054534316062927 0.7903334498405457 -0.09380380809307098 
vn 0.6981536149978638 0.5901997089385986 -0.405272513628006 
vn 0.7945891618728638 0.5726361870765686 -0.2017817199230194 
vn 0.8229895830154419 0.3102554976940155 -0.4758462607860565 
vn 0.9135702848434448 0.30438199639320374 -0.26970529556274414 
vn 0.8667527437210083 0 -0.4987381398677826 
vn 0.9555421471595764 0 -0.2948545813560486 
vn 0.8544935584068298 -0.15769903361797333 -0.4949462115764618 
vn 0.9449228644371033 -0.1504257470369339 -0.29067665338516235 
vn 0.9149710536003113 -0.4035136103630066 -0.002184694167226553 
vn 0.8302010893821716 -0.5555742383003235 0.04586252197623253 
vn 0.679851770401001 -0.721211850643158 0.1328723281621933 
vn 0.4645727574825287 -0.8474032878875732 0.25706008076667786 
vn 0.22763003408908844 -0.8908060193061829 0.3932546079158783 
vn -0.013201562687754631 -0.8463720679283142 0.5324283838272095 
vn -0.22842925786972046 -0.7201279997825623 0.6551609039306641 
vn -0.3954620957374573 -0.5244128704071045 0.7540562748908997 
vn -0.5083869695663452 -0.27467450499534607 0.8161473870277405 
vn -0.5452976822853088 0.003765121800825 0.838234007358551 
vn -0.5083869695663452 0.27467450499534607 0.8161473870277405 
vn -0.3954620957374573 0.5244128704071045 0.7540562748908997 
vn -0.22842925786972046 0.7201279997825623 0.6551609039306641 
vn -0.013201562687754631 0.8463720679283142 0.5324283838272095 
vn 0.22763003408908844 0.8908060193061829 0.3932546079158783 
vn 0.4645727574825287 0.8474032878875732 0.25706008076667786 
vn 0.679851770401001 0.721211850643158 0.1328723281621933 
vn 0.8513926863670349 0.5235045552253723 0.03276457265019417 
vn 0.9608277678489685 0.27568745613098145 -0.028397228568792343 
vn 0.9987378120422363 0 -0.05022686347365379 
vn 0.9884496331214905 -0.142984539270401 -0.05022686347365379 
vn 0.9024697542190552 -0.3253501057624817 0.28230419754981995 
vn 0.8358286023139954 -0.4491663873195648 0.31565824151039124 
vn 0.7133580446243286 -0.5854378342628479 0.3852050006389618 
vn 0.5376712679862976 -0.6880516409873962 0.48733407258987427 
vn 0.3431236445903778 -0.7249225974082947 0.5972883701324463 
vn 0.15525314211845398 -0.6874732375144958 0.7094202041625977 
vn -0.022588886320590973 -0.5845174193382263 0.8110666871070862 
vn -0.16390113532543182 -0.4239979684352875 0.8907088041305542 
vn -0.24865008890628815 -0.22337909042835236 0.9424833655357361 
vn -0.28020769357681274 -5.795342504499867e-14 0.9599394202232361 
vn -0.24865008890628815 0.22337909042835236 0.9424833655357361 
vn -0.16390113532543182 0.4239979684352875 0.8907088041305542 
vn -0.022588886320590973 0.5845174193382263 0.8110666871070862 
vn 0.15525314211845398 0.6874732375144958 0.7094202041625977 
vn 0.3431236445903778 0.7249225974082947 0.5972883701324463 
vn 0.5376712679862976 0.6880516409873962 0.48733407258987427 
vn 0.7133580446243286 0.5854378342628479 0.3852050006389618 
vn 0.8526233434677124 0.4225716292858124 0.30735430121421814 
vn 0.9400230050086975 0.22422507405281067 0.25706008076667786 
vn 0.9717803597450256 0 0.23588760197162628 
vn 0.9651932716369629 -0.11295562982559204 0.23588760197162628 
vn 0.7808290719985962 -0.19425050914287567 0.5937783122062683 
vn 0.7456621527671814 -0.2731812596321106 0.607749879360199 
vn 0.6701285243034363 -0.35498541593551636 0.651853621006012 
vn 0.5654474496841431 -0.4154793322086334 0.7124928832054138 
vn 0.44972991943359375 -0.4363963007926941 0.7792953848838806 
vn 0.33248817920684814 -0.4134784936904907 0.8476362228393555 
vn 0.23093891143798828 -0.34985750913619995 0.9078915119171143 
vn 0.14529810845851898 -0.2541664242744446 0.9561840295791626 
vn 0.09001002460718155 -0.1334453523159027 0.986960232257843 
vn 0.07421137392520905 0 0.9972425103187561 
vn 0.09001002460718155 0.1334453523159027 0.986960232257843 
vn 0.14529810845851898 0.2541664242744446 0.9561840295791626 
vn 0.23093891143798828 0.34985750913619995 0.9078915119171143 
vn 0.33248817920684814 0.4134784936904907 0.8476362228393555 
vn 0.44972991943359375 0.4363963007926941 0.7792953848838806 
vn 0.5654474496841431 0.4154793322086334 0.7124928832054138 
vn 0.6701285243034363 0.35498541593551636 0.651853621006012 
vn 0.7534759044647217 0.2590881586074829 0.6042742133140564 
vn 0.8087018132209778 0.13514970242977142 0.5724822878837585 
vn 0.8273506164550781 0 0.5616858005523682 
vn 0.8245656490325928 -0.06782738864421844 0.5616858005523682 
vn 0.5081203579902649 -0.007530301809310913 0.8612531423568726 
vn 0.522661566734314 -0.02261027693748474 0.8522403836250305 
vn 0.5151875615119934 -0.022598329931497574 0.8567795157432556 
vn 0.507283627986908 -0.03010467439889908 0.8612531423568726 
vn 0.499725878238678 -0.030082866549491882 0.865661084651947 
vn 0.49212515354156494 -0.030131127685308456 0.8700028657913208 
vn 0.48489952087402344 -0.02258455939590931 0.87427818775177 
vn 0.47752970457077026 -0.015044611878693104 0.8784868121147156 
vn 0.4738636612892151 -0.00753828976303339 0.8805659413337708 
vn 0.47392362356185913 0 0.8805659413337708 
vn 0.4738636612892151 0.00753828976303339 0.8805659413337708 
vn 0.47752970457077026 0.015044611878693104 0.8784868121147156 
vn 0.48489952087402344 0.02258455939590931 0.87427818775177 
vn 0.49212515354156494 0.030131127685308456 0.8700028657913208 
vn 0.499725878238678 0.030082866549491882 0.865661084651947 
vn 0.507283627986908 0.03010467439889908 0.8612531423568726 
vn 0.5151875615119934 0.022598329931497574 0.8567795157432556 
vn 0.5229331254959106 0.015076126903295517 0.8522403836250305 
vn 0.5268154144287109 0.007523417938500643 0.8499464392662048 
vn 0.5268691182136536 0 0.8499464392662048 
vn 0.5268154144287109 -0.007523417938500643 0.8499464392662048 
vn 0.19802618026733398 0.2431478351354599 0.949560284614563 
vn 0.26801878213882446 0.31192469596862793 0.9115201234817505 
vn 0.3586479127407074 0.3653060793876648 0.8590245246887207 
vn 0.46048733592033386 0.3885824680328369 0.7980946898460388 
vn 0.5621579885482788 0.37023842334747314 0.7395281791687012 
vn 0.6583344340324402 0.3134528398513794 0.6843559741973877 
vn 0.7314746379852295 0.23013895750045776 0.641857385635376 
vn 0.7795710563659668 0.12022597342729568 0.6146662831306458 
vn 0.7967764139175415 0 0.6042742133140564 
vn 0.7795710563659668 -0.12022597342729568 0.6146662831306458 
vn 0.7314746379852295 -0.23013895750045776 0.641857385635376 
vn 0.6583344340324402 -0.3134528398513794 0.6843559741973877 
vn 0.5621579885482788 -0.37023842334747314 0.7395281791687012 
vn 0.46048733592033386 -0.3885824680328369 0.7980946898460388 
vn 0.3586479127407074 -0.3653060793876648 0.8590245246887207 
vn 0.26801878213882446 -0.31192469596862793 0.9115201234817505 
vn 0.19341948628425598 -0.22530673444271088 0.9548956751823425 
vn 0.14519482851028442 -0.1174962967634201 0.9824016690254211 
vn 0.1263735443353653 0 0.9919826984405518 
vn 0.1267004758119583 0.05804916471242905 0.9902410507202148 
vn -0.11178730428218842 0.4365941286087036 0.8926864862442017 
vn 0.0037664873525500298 0.5634793639183044 0.8261215686798096 
vn 0.17146378755569458 0.664171576499939 0.7276512384414673 
vn 0.35749539732933044 0.6970583200454712 0.6215357780456543 
vn 0.5474293231964111 0.6605456471443176 0.5138099193572998 
vn 0.7110360860824585 0.5659986734390259 0.417220801115036 
vn 0.8469222187995911 0.40845441818237305 0.34042292833328247 
vn 0.9319243431091309 0.21685051918029785 0.29067665338516235 
vn 0.9617552757263184 0 0.27391019463539124 
vn 0.9319243431091309 -0.21685051918029785 0.29067665338516235 
vn 0.8469222187995911 -0.40845441818237305 0.34042292833328247 
vn 0.7110360860824585 -0.5659986734390259 0.417220801115036 
vn 0.5474293231964111 -0.6605456471443176 0.5138099193572998 
vn 0.35749539732933044 -0.6970583200454712 0.6215357780456543 
vn 0.17146378755569458 -0.664171576499939 0.7276512384414673 
vn 0.0037664873525500298 -0.5634793639183044 0.8261215686798096 
vn -0.13320787250995636 -0.4099716544151306 0.9023185968399048 
vn -0.21784707903862 -0.21385802328586578 0.9522643685340881 
vn -0.2464885413646698 -5.097952835157911e-14 0.9691457152366638 
vn -0.24426165223121643 0.10930006206035614 0.9635298252105713 
vn -0.35840946435928345 0.550401508808136 0.7540562748908997 
vn -0.21549879014492035 0.7120274901390076 0.6682642698287964 
vn 0.0018863978330045938 0.8370385766029358 0.5471406579017639 
vn 0.23857858777046204 0.8806724548339844 0.40926313400268555 
vn 0.4710443913936615 0.8385048508644104 0.27391019463539124 
vn 0.6876549124717712 0.7103369235992432 0.15017375349998474 
vn 0.8541669845581055 0.5171253681182861 0.05459024757146835 
vn 0.9611580967903137 0.2757822275161743 -0.010923261754214764 
vn 0.9994630813598633 0 -0.03276457265019417 
vn 0.9611580967903137 -0.2757822275161743 -0.010923261754214764 
vn 0.8541669845581055 -0.5171253681182861 0.05459024757146835 
vn 0.6876549124717712 -0.7103369235992432 0.15017375349998474 
vn 0.4710443913936615 -0.8385048508644104 0.27391019463539124 
vn 0.23857858777046204 -0.8806724548339844 0.40926313400268555 
vn 0.0018863978330045938 -0.8370385766029358 0.5471406579017639 
vn -0.21549879014492035 -0.7120274901390076 0.6682642698287964 
vn -0.3806951344013214 -0.5188482403755188 0.7654199600219727 
vn -0.4901149868965149 -0.27064645290374756 0.8285757899284363 
vn -0.5268691182136536 -1.0896871512761086e-13 0.8499464392662048 
vn -0.520037829875946 0.1377200335264206 0.8429672718048096 
vn -0.5398244857788086 0.6104292869567871 0.5796254277229309 
vn -0.3810581564903259 0.7856845259666443 0.48733407258987427 
vn -0.14470285177230835 0.924473226070404 0.3527185618877411 
vn 0.11863388121128082 0.9722191691398621 0.2017817199230194 
vn 0.3739003837108612 0.9261078834533691 0.05022686347365379 
vn 0.6119061708450317 0.7863388657569885 -0.08510008454322815 
vn 0.7964281439781189 0.5730358958244324 -0.19321508705615997 
vn 0.9183691143989563 0.29720500111579895 -0.2612801790237427 
vn 0.9580822587013245 0 -0.2864931523799896 
vn 0.9183691143989563 -0.29720500111579895 -0.2612801790237427 
vn 0.7964281439781189 -0.5730358958244324 -0.19321508705615997 
vn 0.6119061708450317 -0.7863388657569885 -0.08510008454322815 
vn 0.3739003837108612 -0.9261078834533691 0.05022686347365379 
vn 0.11863388121128082 -0.9722191691398621 0.2017817199230194 
vn -0.14470285177230835 -0.924473226070404 0.3527185618877411 
vn -0.3810581564903259 -0.7856845259666443 0.48733407258987427 
vn -0.5676229000091553 -0.570290744304657 0.5937783122062683 
vn -0.6836937069892883 -0.300546258687973 0.6650074124336243 
vn -0.726141095161438 -0.003770677838474512 0.6875353455543518 
vn -0.7166509032249451 0.149758979678154 0.681163489818573 
vn -0.6742643117904663 0.6275865435600281 0.3892335295677185 
vn -0.5079228281974792 0.8093671798706055 0.2948545813560486 
vn -0.2648181915283203 0.9518421292304993 0.15449213981628418 
vn -1.0341130485562108e-13 0.999997615814209 0.002184694167226553 
vn 0.2648181915283203 0.9518421292304993 -0.15449213981628418 
vn 0.5068937540054321 0.8100120425224304 -0.2948545813560486 
vn 0.6981536149978638 0.5901997089385986 -0.405272513628006 
vn 0.8229895830154419 0.3102554976940155 -0.4758462607860565 
vn 0.8667527437210083 0 -0.4987381398677826 
vn 0.8229895830154419 -0.3102554976940155 -0.4758462607860565 
vn 0.6981536149978638 -0.5901997089385986 -0.405272513628006 
vn 0.5068937540054321 -0.8100120425224304 -0.2948545813560486 
vn 0.2648181915283203 -0.9518421292304993 -0.15449213981628418 
vn 3.097898456858039e-13 -0.999997615814209 -0.002184694167226553 
vn -0.2648181915283203 -0.9518421292304993 0.15449213981628418 
vn -0.5079228281974792 -0.8093671798706055 0.2948545813560486 
vn -0.7005841732025146 -0.5873125195503235 0.405272513628006 
vn -0.8229895830154419 -0.3102554976940155 0.4758462607860565 
vn -0.8667527437210083 -1.7926449441627718e-13 0.4987381398677826 
vn -0.854533314704895 0.15748363733291626 0.4949462115764618 
vn -0.7748587727546692 0.6058648228645325 0.18033768236637115 
vn -0.6089218854904175 0.7886521220207214 0.08510008454322815 
vn -0.37739884853363037 0.9246877431869507 -0.05022686347365379 
vn -0.11488538235425949 0.972669243812561 -0.2017817199230194 
vn 0.14675351977348328 0.9241498708724976 -0.3527185618877411 
vn 0.37644052505493164 0.7879073619842529 -0.48733407258987427 
vn 0.5669510364532471 0.5709587335586548 -0.5937783122062683 
vn 0.6834931373596191 0.30100217461586 -0.6650074124336243 
vn 0.7261508703231812 0 -0.6875353455543518 
vn 0.6834931373596191 -0.30100217461586 -0.6650074124336243 
vn 0.5669510364532471 -0.5709587335586548 -0.5937783122062683 
vn 0.37644052505493164 -0.7879073619842529 -0.48733407258987427 
vn 0.14675351977348328 -0.9241498708724976 -0.3527185618877411 
vn -0.11488538235425949 -0.972669243812561 -0.2017817199230194 
vn -0.37739884853363037 -0.9246877431869507 -0.05022686347365379 
vn -0.6089218854904175 -0.7886521220207214 0.08510008454322815 
vn -0.799060583114624 -0.5693593621253967 0.19321508705615997 
vn -0.9161369204521179 -0.30401620268821716 0.2612801790237427 
vn -0.9580822587013245 -1.9815355953300973e-13 0.2864931523799896 
vn -0.946886420249939 0.153982013463974 0.28230419754981995 
vn -0.8315005898475647 0.5519040822982788 -0.0633138045668602 
vn -0.684938371181488 0.7129567265510559 -0.15017375349998474 
vn -0.46993404626846313 0.8391276597976685 -0.27391019463539124 
vn -0.2334136664867401 0.882055401802063 -0.40926313400268555 
vn -8.655967923768687e-14 0.8370406627655029 -0.5471406579017639 
vn 0.21402952075004578 0.712470531463623 -0.6682642698287964 
vn 0.37978506088256836 0.519514799118042 -0.7654199600219727 
vn 0.487679660320282 0.27501043677330017 -0.8285757899284363 
vn 0.5268691182136536 0 -0.8499464392662048 
vn 0.487679660320282 -0.27501043677330017 -0.8285757899284363 
vn 0.37978506088256836 -0.519514799118042 -0.7654199600219727 
vn 0.21402952075004578 -0.712470531463623 -0.6682642698287964 
vn 2.600507428753701e-13 -0.8370406627655029 -0.5471406579017639 
vn -0.2334136664867401 -0.882055401802063 -0.40926313400268555 
vn -0.46993404626846313 -0.8391276597976685 -0.27391019463539124 
vn -0.684938371181488 -0.7129567265510559 -0.15017375349998474 
vn -0.8522058725357056 -0.5203508734703064 -0.05459024757146835 
vn -0.9611580967903137 -0.2757822275161743 0.010923261754214764 
vn -0.9994630813598633 -2.0671206174723011e-13 0.03276457265019417 
vn -0.9902431964874268 0.1354432851076126 0.03276457265019417 
vn -0.8299040198326111 0.4355672299861908 -0.34862664341926575 
vn -0.7105324864387512 0.5666307210922241 -0.417220801115036 
vn -0.5466158986091614 0.6612188816070557 -0.5138099193572998 
vn -0.35632216930389404 0.6976587772369385 -0.6215357780456543 
vn -0.17570964992046356 0.6630609631538391 -0.7276512384414673 
vn -5.827157739625097e-14 0.563491940498352 -0.8261215686798096 
vn 0.13032647967338562 0.4108967185020447 -0.9023185968399048 
vn 0.21452270448207855 0.21719256043434143 -0.9522643685340881 
vn 0.2464885413646698 0 -0.9691457152366638 
vn 0.21452270448207855 -0.21719256043434143 -0.9522643685340881 
vn 0.13032647967338562 -0.4108967185020447 -0.9023185968399048 
vn 1.7456449155107967e-13 -0.563491940498352 -0.8261215686798096 
vn -0.16839011013507843 -0.6649575233459473 -0.7276512384414673 
vn -0.35632216930389404 -0.6976587772369385 -0.6215357780456543 
vn -0.5466158986091614 -0.6612188816070557 -0.5138099193572998 
vn -0.7105324864387512 -0.5666307210922241 -0.417220801115036 
vn -0.846687376499176 -0.40894103050231934 -0.34042292833328247 
vn -0.9318619966506958 -0.21711817383766174 -0.29067665338516235 
vn -0.9617552757263184 -1.9891321933768885e-13 -0.27391019463539124 
vn -0.9567208886146545 0.10928966104984283 -0.26970529556274414 
vn -0.721920371055603 0.24131880700588226 -0.6485338807106018 
vn -0.6578739881515503 0.3144180178642273 -0.6843559741973877 
vn -0.5658978223800659 0.3644965887069702 -0.7395281791687012 
vn -0.46237489581108093 0.38633453845977783 -0.7980946898460388 
vn -0.3579659163951874 0.36597442626953125 -0.8590245246887207 
vn -0.2672326862812042 0.31259843707084656 -0.9115201234817505 
vn -0.1897428184747696 0.22841165959835052 -0.9548956751823425 
vn -0.14172114431858063 0.12166361510753632 -0.9824016690254211 
vn -0.12631699442863464 0.0037805235479027033 -0.9919826984405518 
vn -0.14172114431858063 -0.12166361510753632 -0.9824016690254211 
vn -0.1897428184747696 -0.22841165959835052 -0.9548956751823425 
vn -0.2672326862812042 -0.31259843707084656 -0.9115201234817505 
vn -0.3579659163951874 -0.36597442626953125 -0.8590245246887207 
vn -0.46237489581108093 -0.38633453845977783 -0.7980946898460388 
vn -0.5658978223800659 -0.3644965887069702 -0.7395281791687012 
vn -0.6578739881515503 -0.3144180178642273 -0.6843559741973877 
vn -0.7313646078109741 -0.23048840463161469 -0.641857385635376 
vn -0.7795429825782776 -0.12040781229734421 -0.6146662831306458 
vn -0.7967674732208252 -0.003775471355766058 -0.6042742133140564 
vn -0.7941927313804626 0.06411386281251907 -0.6042742133140564 
vn -0.47739270329475403 -0.018898697569966316 -0.8784868121147156 
vn -0.4847026467323303 -0.026475831866264343 -0.87427818775177 
vn -0.4921206533908844 -0.03020452708005905 -0.8700028657913208 
vn -0.49971717596054077 -0.03022732026875019 -0.865661084651947 
vn -0.5072751641273499 -0.03024718165397644 -0.8612531423568726 
vn -0.5150055885314941 -0.02642306312918663 -0.8567795157432556 
vn -0.5228093266487122 -0.0188869908452034 -0.8522403836250305 
vn -0.5268149375915527 -0.007557769306004047 -0.8499464392662048 
vn -0.5268691182136536 -1.0896871512761086e-13 -0.8499464392662048 
vn -0.5268149375915527 0.007557769306004047 -0.8499464392662048 
vn -0.5228093266487122 0.0188869908452034 -0.8522403836250305 
vn -0.5150055885314941 0.02642306312918663 -0.8567795157432556 
vn -0.5072751641273499 0.03024718165397644 -0.8612531423568726 
vn -0.49971717596054077 0.03022732026875019 -0.865661084651947 
vn -0.4921206533908844 0.03020452708005905 -0.8700028657913208 
vn -0.4847026467323303 0.026475831866264343 -0.87427818775177 
vn -0.47739270329475403 0.018898697569966316 -0.8784868121147156 
vn -0.4738633632659912 0.007557420525699854 -0.8805659413337708 
vn -0.47392362356185913 -9.80183545006702e-14 -0.8805659413337708 
vn -0.4738633632659912 -0.007557420525699854 -0.8805659413337708 
vn -0.15239687263965607 -0.274062842130661 -0.949560284614563 
vn -0.22894994914531708 -0.351162314414978 -0.9078915119171143 
vn -0.33375656604766846 -0.41245535016059875 -0.8476362228393555 
vn -0.45171141624450684 -0.43434491753578186 -0.7792953848838806 
vn -0.566780149936676 -0.41365939378738403 -0.7124928832054138 
vn -0.6716158986091614 -0.3521632254123688 -0.651853621006012 
vn -0.7545673847198486 -0.25589191913604736 -0.6042742133140564 
vn -0.8086689710617065 -0.13534605503082275 -0.5724822878837585 
vn -0.8273506164550781 -1.7111522431206144e-13 -0.5616858005523682 
vn -0.8086689710617065 0.13534605503082275 -0.5724822878837585 
vn -0.7545673847198486 0.25589191913604736 -0.6042742133140564 
vn -0.6716158986091614 0.3521632254123688 -0.651853621006012 
vn -0.566780149936676 0.41365939378738403 -0.7124928832054138 
vn -0.45171141624450684 0.43434491753578186 -0.7792953848838806 
vn -0.33375656604766846 0.41245535016059875 -0.8476362228393555 
vn -0.22894994914531708 0.351162314414978 -0.9078915119171143 
vn -0.1463831514120102 0.25354307889938354 -0.9561840295791626 
vn -0.09119722247123718 0.13263684511184692 -0.986960232257843 
vn -0.07411297410726547 -0.0038203089497983456 -0.9972425103187561 
vn -0.07026739418506622 -0.0716099664568901 -0.994954526424408 
vn 0.14501214027404785 -0.4511929452419281 -0.8805659413337708 
vn 0.018902946263551712 -0.5846482515335083 -0.8110666871070862 
vn -0.1536705046892166 -0.6878287196159363 -0.7094202041625977 
vn -0.3453097343444824 -0.7238838076591492 -0.5972883701324463 
vn -0.5368108153343201 -0.6887232065200806 -0.48733407258987427 
vn -0.7133580446243286 -0.5854378342628479 -0.3852050006389618 
vn -0.8526233434677124 -0.4225716292858124 -0.30735430121421814 
vn -0.9399576783180237 -0.22449883818626404 -0.25706008076667786 
vn -0.9717730283737183 -0.0037737085949629545 -0.23588760197162628 
vn -0.9399576783180237 0.22449883818626404 -0.25706008076667786 
vn -0.8526233434677124 0.4225716292858124 -0.30735430121421814 
vn -0.7133580446243286 0.5854378342628479 -0.3852050006389618 
vn -0.5368108153343201 0.6887232065200806 -0.48733407258987427 
vn -0.3453097343444824 0.7238838076591492 -0.5972883701324463 
vn -0.1536705046892166 0.6878287196159363 -0.7094202041625977 
vn 0.018902946263551712 0.5846482515335083 -0.8110666871070862 
vn 0.1590183526277542 0.42585328221321106 -0.8907088041305542 
vn 0.2505769431591034 0.22121544182300568 -0.9424833655357361 
vn 0.28020769357681274 0 -0.9599394202232361 
vn 0.2799658477306366 -0.11084631830453873 -0.953589141368866 
vn 0.37710246443748474 -0.5575767159461975 -0.7395281791687012 
vn 0.2233722060918808 -0.721712589263916 -0.6551609039306641 
vn 0.007554671727120876 -0.8464413285255432 -0.5324283838272095 
vn -0.22974981367588043 -0.8902616500854492 -0.3932546079158783 
vn -0.4634453058242798 -0.8480203747749329 -0.25706008076667786 
vn -0.6825931668281555 -0.7186177372932434 -0.1328723281621933 
vn -0.8513926863670349 -0.5235045552253723 -0.03276457265019417 
vn -0.9608277678489685 -0.27568745613098145 0.028397228568792343 
vn -0.9987307190895081 -0.003775716060772538 0.05022686347365379 
vn -0.9608277678489685 0.27568745613098145 0.028397228568792343 
vn -0.8513926863670349 0.5235045552253723 -0.03276457265019417 
vn -0.6825931668281555 0.7186177372932434 -0.1328723281621933 
vn -0.4634453058242798 0.8480203747749329 -0.25706008076667786 
vn -0.22974981367588043 0.8902616500854492 -0.3932546079158783 
vn 0.007554671727120876 0.8464413285255432 -0.5324283838272095 
vn 0.2233722060918808 0.721712589263916 -0.6551609039306641 
vn 0.3975881040096283 0.5228028893470764 -0.7540562748908997 
vn 0.5078189969062805 0.2757232189178467 -0.8161473870277405 
vn 0.5453106760978699 0 -0.838234007358551 
vn 0.5377838015556335 -0.14214077591896057 -0.8310141563415527 
vn 0.5482572913169861 -0.6096540093421936 -0.5724822878837585 
vn 0.3831356465816498 -0.7893729209899902 -0.4796847105026245 
vn 0.15226253867149353 -0.9263457655906677 -0.34452807903289795 
vn -0.113071508705616 -0.9746192693710327 -0.19321508705615997 
vn -0.37537190318107605 -0.9259448647499084 -0.04149730131030083 
vn -0.6084441542625427 -0.7880333662033081 0.09380380809307098 
vn -0.792375922203064 -0.5756947994232178 0.2017817199230194 
vn -0.9136922359466553 -0.3040156364440918 0.26970529556274414 
vn -0.9555421471595764 -1.9762819581780472e-13 0.2948545813560486 
vn -0.9136922359466553 0.3040156364440918 0.26970529556274414 
vn -0.792375922203064 0.5756947994232178 0.2017817199230194 
vn -0.6084441542625427 0.7880333662033081 0.09380380809307098 
vn -0.37537190318107605 0.9259448647499084 -0.04149730131030083 
vn -0.113071508705616 0.9746192693710327 -0.19321508705615997 
vn 0.15226253867149353 0.9263457655906677 -0.34452807903289795 
vn 0.3831356465816498 0.7893729209899902 -0.4796847105026245 
vn 0.5739386677742004 0.571269690990448 -0.5867242813110352 
vn 0.6897866725921631 0.30104896426200867 -0.6584556698799133 
vn 0.73213130235672 0 -0.681163489818573 
vn 0.7256317734718323 -0.15011674165725708 -0.6715083718299866 
vn 0.6762208342552185 -0.6254779696464539 -0.3892335295677185 
vn 0.5068937540054321 -0.8100120425224304 -0.2948545813560486 
vn 0.2648181915283203 -0.9518421292304993 -0.15449213981628418 
vn 3.097898456858039e-13 -0.999997615814209 -0.002184694167226553 
vn -0.2648181915283203 -0.9518421292304993 0.15449213981628418 
vn -0.5079228281974792 -0.8093671798706055 0.2948545813560486 
vn -0.7005841732025146 -0.5873125195503235 0.405272513628006 
vn -0.8229895830154419 -0.3102554976940155 0.4758462607860565 
vn -0.8667527437210083 -1.7926449441627718e-13 0.4987381398677826 
vn -0.8229895830154419 0.3102554976940155 0.4758462607860565 
vn -0.7005841732025146 0.5873125195503235 0.405272513628006 
vn -0.5079228281974792 0.8093671798706055 0.2948545813560486 
vn -0.2648181915283203 0.9518421292304993 0.15449213981628418 
vn -1.0341130485562108e-13 0.999997615814209 0.002184694167226553 
vn 0.2648181915283203 0.9518421292304993 -0.15449213981628418 
vn 0.5068937540054321 0.8100120425224304 -0.2948545813560486 
vn 0.6981536149978638 0.5901997089385986 -0.405272513628006 
vn 0.8229895830154419 0.3102554976940155 -0.4758462607860565 
vn 0.8667527437210083 0 -0.4987381398677826 
vn 0.8544935584068298 -0.15769903361797333 -0.4949462115764618 
vn 0.7721454501152039 -0.4537934958934784 -0.44481781125068665 
vn 0.6411257386207581 -0.4405953288078308 -0.6283578276634216 
vn 0.4580221474170685 -0.40732431411743164 -0.790128231048584 
vn 0.21078960597515106 -0.3248187303543091 -0.9219872951507568 
vn -0.12336170673370361 -0.1935415118932724 -0.9733054637908936 
vn -0.4892260432243347 -0.0037763623986393213 -0.872148871421814 
vn -0.7690200805664062 0.18715140223503113 -0.6112139225006104 
vn -0.8996253609657288 0.3220790922641754 -0.2948545813560486 
vn -0.9149535894393921 0.40350592136383057 -0.006554040592163801 
vn -0.866461455821991 0.44000178575515747 0.23588760197162628 
vn -0.7724684476852417 0.4532434344291687 0.44481781125068665 
vn -0.6384474039077759 0.4396313726902008 0.6317508816719055 
vn -0.4524519145488739 0.40316203236579895 0.7954543828964233 
vn -0.19188126921653748 0.32230862975120544 0.926983654499054 
vn 0.14574946463108063 0.18276405334472656 0.9722933769226074 
vn 0.8667527437210083 0 -0.4987381398677826 
vn 0.8667527437210083 0 -0.4987381398677826 
vn 0.8667527437210083 0 -0.4987381398677826 
vn 0.8667527437210083 0 -0.4987381398677826 
vn 0.8667527437210083 0 -0.4987381398677826 
vn 0.8667527437210083 0 -0.4987381398677826 
vn 0.8667527437210083 0 -0.4987381398677826 
vn 0.8667527437210083 0 -0.4987381398677826 
vn 0.8667527437210083 0 -0.4987381398677826 
vn 0.38737788796424866 0.8945119380950928 -0.22312943637371063 
vn 0.38737788796424866 0.8945119380950928 -0.22312943637371063 
vn 0.38737788796424866 0.8945119380950928 -0.22312943637371063 
vn 0.38043615221977234 0.8974862694740295 -0.22312943637371063 
vn 0.38737788796424866 0.8945119380950928 -0.22312943637371063 
vn 0.38737788796424866 0.8945119380950928 -0.22312943637371063 
vn 0.38043615221977234 0.8974862694740295 -0.22312943637371063 
vn 0.38043615221977234 0.8974862694740295 -0.22312943637371063 
vn 0.38043615221977234 0.8974862694740295 -0.22312943637371063 
vn 0.38043615221977234 0.8974862694740295 -0.22312943637371063 
vn 0.38737788796424866 0.8945119380950928 -0.22312943637371063 
vn 0.38043615221977234 0.8974862694740295 -0.22312943637371063 
vn 0.38737788796424866 0.8945119380950928 -0.22312943637371063 
vn 0.38737788796424866 0.8945119380950928 -0.22312943637371063 
vn 0.38043615221977234 0.8974862694740295 -0.22312943637371063 
vn 0.38737788796424866 0.8945119380950928 -0.22312943637371063 
vn 0.38737788796424866 0.8945119380950928 -0.22312943637371063 
vn 0.38737788796424866 0.8945119380950928 -0.22312943637371063 
vn 0.38737788796424866 0.8945119380950928 -0.22312943637371063 
vn 0.38737788796424866 0.8945119380950928 -0.22312943637371063 
vn 0.38043615221977234 0.8974862694740295 -0.22312943637371063 
vn -0.2648181915283203 -0.9518421292304993 0.15449213981628418 
vn -0.2648181915283203 -0.9518421292304993 0.15449213981628418 
vn -0.2648181915283203 -0.9518421292304993 0.15449213981628418 
vn -0.2648181915283203 -0.9518421292304993 0.15449213981628418 
vn -0.2648181915283203 -0.9518421292304993 0.15449213981628418 
vn -0.2648181915283203 -0.9518421292304993 0.15449213981628418 
vn -0.2648181915283203 -0.9518421292304993 0.15449213981628418 
vn -0.2648181915283203 -0.9518421292304993 0.15449213981628418 
vn -0.2648181915283203 -0.9518421292304993 0.15449213981628418 
vn -0.2648181915283203 -0.9518421292304993 0.15449213981628418 
vn -0.2648181915283203 -0.9518421292304993 0.15449213981628418 
vn -0.2648181915283203 -0.9518421292304993 0.15449213981628418 
vn -0.2648181915283203 -0.9518421292304993 0.15449213981628418 
vn -0.2648181915283203 -0.9518421292304993 0.15449213981628418 
vn -0.2648181915283203 -0.9518421292304993 0.15449213981628418 
vn -0.2648181915283203 -0.9518421292304993 0.15449213981628418 
vn -0.2648181915283203 -0.9518421292304993 0.15449213981628418 
vn -0.2648181915283203 -0.9518421292304993 0.15449213981628418 
vn -0.2648181915283203 -0.9518421292304993 0.15449213981628418 
vn -0.2648181915283203 -0.9518421292304993 0.15449213981628418 
vn -0.2648181915283203 -0.9518421292304993 0.15449213981628418 
vn 0.39117276668548584 0.007517166901379824 0.9202865362167358 
vn 0.3766776919364929 0.26809099316596985 0.8867024183273315 
vn 0.1607898771762848 0.007488908711820841 0.986960232257843 
vn 0.15579847991466522 0.26734867691993713 0.9509214162826538 
vn -0.07848163694143295 0.0036826597061008215 0.9969087839126587 
vn -0.07795867323875427 0.26914456486701965 0.9599394202232361 
vn -0.31764185428619385 0.007504413370043039 0.9481810927391052 
vn -0.30599403381347656 0.2687666714191437 0.913308322429657 
vn -0.5342234373092651 0.007526562083512545 0.8453097939491272 
vn -0.5141332149505615 0.27147376537323 0.8136147856712341 
vn -0.7200755476951599 0.007540889084339142 0.6938546895980835 
vn -0.6922366619110107 0.2724542021751404 0.6682642698287964 
vn -0.8667199015617371 0.007542796898633242 0.4987381398677826 
vn -0.8346123695373535 0.27078548073768616 0.4796847105026245 
vn -0.9605196714401245 0.007544058840721846 0.2781098484992981 
vn -0.9248971939086914 0.26800042390823364 0.26970529556274414 
vn -0.9991101026535034 0.007545328699052334 0.04149730131030083 
vn -0.9626065492630005 0.2683466970920563 0.03713129088282585 
vn -0.9794232249259949 0.003775416174903512 -0.2017817199230194 
vn -0.9437013864517212 0.2685061991214752 -0.19321508705615997 
vn -0.9032503366470337 0.0037785102613270283 -0.42909738421440125 
vn -0.8703747987747192 0.2677227854728699 -0.41324591636657715 
vn -0.7751622796058655 0.0037756022065877914 -0.6317508816719055 
vn -0.7453710436820984 0.27397462725639343 -0.607749879360199 
vn -0.5989914536476135 0.007557779550552368 -0.8007197380065918 
vn -0.5779054164886475 0.26751118898391724 -0.7710143327713013 
vn -0.39122670888900757 0.0037818870041519403 -0.9202865362167358 
vn -0.3758120536804199 0.2693031132221222 -0.8867024183273315 
vn -0.16091927886009216 0.0038017809856683016 -0.986960232257843 
vn -0.15032820403575897 0.27046239376068115 -0.9509214162826538 
vn 0.07820121198892593 0.007582905236631632 -0.9969087839126587 
vn 0.07646869122982025 0.2695716917514801 -0.9599394202232361 
vn 0.3176405131816864 0.0075612543150782585 -0.9481810927391052 
vn 0.30484506487846375 0.2700691521167755 -0.913308322429657 
vn 0.5342229604721069 0.00756046362221241 -0.8453097939491272 
vn 0.5153476595878601 0.269161194562912 -0.8136147856712341 
vn 0.7200754284858704 0.007553477771580219 -0.6938546895980835 
vn 0.6920714974403381 0.2728734612464905 -0.6682642698287964 
vn 0.8667197823524475 0.00755325797945261 -0.4987381398677826 
vn 0.8356550335884094 0.26755034923553467 -0.4796847105026245 
vn 0.960519552230835 0.007553500588983297 -0.2781098484992981 
vn 0.9248027801513672 0.268326073884964 -0.26970529556274414 
vn 0.9991101026535034 0.007545328699052334 -0.04149730131030083 
vn 0.9626065492630005 0.2683466970920563 -0.03713129088282585 
vn 0.9794014096260071 0.00755077600479126 0.2017817199230194 
vn 0.943792462348938 0.2681860029697418 0.19321508705615997 
vn 0.9032266736030579 0.007546905428171158 0.42909738421440125 
vn 0.8703747987747192 0.2677227854728699 0.41324591636657715 
vn 0.7751348614692688 0.007539426442235708 0.6317508816719055 
vn 0.7456621527671814 0.2731812596321106 0.607749879360199 
vn 0.5989916324615479 0.007542634382843971 0.8007197380065918 
vn 0.5767542123794556 0.2699841856956482 0.7710143327713013 
vn 0.39117276668548584 0.007517166901379824 0.9202865362167358 
vn 0.3766776919364929 0.26809099316596985 0.8867024183273315 
vn 0.3618409335613251 0.3778325617313385 0.8522403836250305 
vn 0.14712245762348175 0.3797668516635895 0.913308322429657 
vn -0.07669688761234283 0.37954849004745483 0.9219872951507568 
vn -0.2949323356151581 0.3758668303489685 0.8784868121147156 
vn -0.4952171742916107 0.3784114718437195 0.7820260524749756 
vn -0.6668985486030579 0.37850421667099 0.641857385635376 
vn -0.8003014922142029 0.3794267773628235 0.4642767012119293 
vn -0.889366865158081 0.37808290123939514 0.25706008076667786 
vn -0.9261040687561035 0.3754364550113678 0.03713129088282585 
vn -0.9054473638534546 0.3821982145309448 -0.18463370203971863 
vn -0.8364049196243286 0.3776305615901947 -0.3972681760787964 
vn -0.7164901494979858 0.3773546516895294 -0.5867242813110352 
vn -0.5575767159461975 0.37710246443748474 -0.7395281791687012 
vn -0.3638634979724884 0.3758851885795593 -0.8522403836250305 
vn -0.1514730006456375 0.37805265188217163 -0.913308322429657 
vn 0.0713699534535408 0.3805861175060272 -0.9219872951507568 
vn 0.29022061824798584 0.37951672077178955 -0.8784868121147156 
vn 0.4942622780799866 0.3796578347682953 -0.7820260524749756 
vn 0.6684504151344299 0.37575674057006836 -0.641857385635376 
vn 0.8000734448432922 0.37990742921829224 -0.4642767012119293 
vn 0.887691855430603 0.38199901580810547 -0.25706008076667786 
vn 0.9261040687561035 0.3754364550113678 -0.03713129088282585 
vn 0.9054473638534546 0.3821982145309448 0.18463370203971863 
vn 0.8350564241409302 0.38060319423675537 0.3972681760787964 
vn 0.7167609333992004 0.3768399953842163 0.5867242813110352 
vn 0.5579761266708374 0.37651121616363525 0.7395281791687012 
vn 0.3618409335613251 0.3778325617313385 0.8522403836250305 
vn 0.3437080681324005 0.4948834776878357 0.7980946898460388 
vn 0.13770942389965057 0.4969557523727417 0.8567795157432556 
vn -0.0712471529841423 0.49553483724594116 0.865661084651947 
vn -0.27260637283325195 0.4972764551639557 0.8236515522003174 
vn -0.4628777503967285 0.49754321575164795 0.7336177229881287 
vn -0.626679003238678 0.49631473422050476 0.6007870435714722 
vn -0.7532410621643066 0.4950801134109497 0.43303996324539185 
vn -0.834324836730957 0.4962247312068939 0.2401314377784729 
vn -0.8666832447052002 0.4974750876426697 0.03713129088282585 
vn -0.8506316542625427 0.4969232976436615 -0.17173540592193604 
vn -0.7853044271469116 0.4940764904022217 -0.37307560443878174 
vn -0.672564685344696 0.494251012802124 -0.5507928133010864 
vn -0.521724283695221 0.49635612964630127 -0.6938546895980835 
vn -0.33964136242866516 0.4976832866668701 -0.7980946898460388 
vn -0.13984091579914093 0.496360182762146 -0.8567795157432556 
vn 0.0678434744477272 0.49601230025291443 -0.865661084651947 
vn 0.2736646234989166 0.4966948628425598 -0.8236515522003174 
vn 0.4676656723022461 0.49304550886154175 -0.7336177229881287 
vn 0.6261788010597229 0.49694570899009705 -0.6007870435714722 
vn 0.7549266219139099 0.4925060570240021 -0.43303996324539185 
vn 0.834324836730957 0.4962247312068939 -0.2401314377784729 
vn 0.8666832447052002 0.4974750876426697 -0.03713129088282585 
vn 0.8506316542625427 0.4969232976436615 0.17173540592193604 
vn 0.7856631278991699 0.4935058355331421 0.37307560443878174 
vn 0.6730150580406189 0.4936375319957733 0.5507928133010864 
vn 0.5249412655830383 0.4929526448249817 0.6938546895980835 
vn 0.3437080681324005 0.4948834776878357 0.7980946898460388 
vn 0.3026081621646881 0.6296138763427734 0.715552031993866 
vn 0.1273958384990692 0.6307952404022217 0.7654199600219727 
vn -0.060212571173906326 0.6305745840072632 0.7737894654273987 
vn -0.24308562278747559 0.6311571598052979 0.736579954624176 
vn -0.418353796005249 0.6290821433067322 0.6551609039306641 
vn -0.5605285167694092 0.6311743259429932 0.5361219048500061 
vn -0.6742643117904663 0.6275865435600281 0.3892335295677185 
vn -0.7473874688148499 0.6287748217582703 0.21460255980491638 
vn -0.7773616313934326 0.628200113773346 0.03276457265019417 
vn -0.7632803320884705 0.6273239254951477 -0.15449213981628418 
vn -0.7013634443283081 0.6306639313697815 -0.33219319581985474 
vn -0.6004085540771484 0.631099283695221 -0.4911448359489441 
vn -0.4653348922729492 0.6302037239074707 -0.6215357780456543 
vn -0.3047940731048584 0.6285585761070251 -0.715552031993866 
vn -0.12207015603780746 0.6318474411964417 -0.7654199600219727 
vn 0.06596244126558304 0.629999041557312 -0.7737894654273987 
vn 0.24743372201919556 0.6294652819633484 -0.736579954624176 
vn 0.414212167263031 0.6318168044090271 -0.6551609039306641 
vn 0.5625907778739929 0.6293368935585022 -0.5361219048500061 
vn 0.6710675954818726 0.6310036182403564 -0.3892335295677185 
vn 0.7449521422386169 0.631658136844635 -0.21460255980491638 
vn 0.7773616313934326 0.628200113773346 -0.03276457265019417 
vn 0.7632803320884705 0.6273239254951477 0.15449213981628418 
vn 0.7038818001747131 0.6278520226478577 0.33219319581985474 
vn 0.6031376123428345 0.6284916400909424 0.4911448359489441 
vn 0.46623656153678894 0.6295369267463684 0.6215357780456543 
vn 0.3026081621646881 0.6296138763427734 0.715552031993866 
vn 0.26975810527801514 0.7325739860534668 0.6249527335166931 
vn 0.10715210437774658 0.7332086563110352 0.6715083718299866 
vn -0.05833255872130394 0.7327824831008911 0.677958071231842 
vn -0.2137676626443863 0.733497142791748 0.6452018022537231 
vn -0.3621642589569092 0.7327978610992432 0.5760593414306641 
vn -0.4878276586532593 0.7343305349349976 0.4719987213611603 
vn -0.5883546471595764 0.7334514260292053 0.34042292833328247 
vn -0.6538938879966736 0.7326183319091797 0.18892620503902435 
vn -0.6796348690986633 0.7330006957054138 0.028397228568792343 
vn -0.6676528453826904 0.7317208051681519 -0.1372016966342926 
vn -0.6124577522277832 0.7351208329200745 -0.29067665338516235 
vn -0.5257117748260498 0.7345083951950073 -0.42909738421440125 
vn -0.40875837206840515 0.7331767678260803 -0.5434780716896057 
vn -0.2648310959339142 0.7343694567680359 -0.6249527335166931 
vn -0.10545486211776733 0.733454704284668 -0.6715083718299866 
vn 0.050984762609004974 0.7333303689956665 -0.677958071231842 
vn 0.21442271769046783 0.7333059310913086 -0.6452018022537231 
vn 0.3643500506877899 0.7317135334014893 -0.5760593414306641 
vn 0.49312323331832886 0.7307849526405334 -0.4719987213611603 
vn 0.5904595851898193 0.7317579388618469 -0.34042292833328247 
vn 0.6510719656944275 0.735127329826355 -0.18892620503902435 
vn 0.6796348690986633 0.7330006957054138 -0.028397228568792343 
vn 0.6683896780014038 0.7310478091239929 0.1372016966342926 
vn 0.6132655143737793 0.7344470620155334 0.29067665338516235 
vn 0.529699981212616 0.7316374182701111 0.42909738421440125 
vn 0.40987202525138855 0.7325547933578491 0.5434780716896057 
vn 0.26975810527801514 0.7325739860534668 0.6249527335166931 
vn 0.23269349336624146 0.8040465116500854 0.5471406579017639 
vn 0.09588196873664856 0.8040903210639954 0.5867242813110352 
vn -0.0490167997777462 0.8031342625617981 0.5937783122062683 
vn -0.18880468606948853 0.8029905557632446 0.5652954578399658 
vn -0.3168642222881317 0.8044067025184631 0.5025205612182617 
vn -0.4311341643333435 0.8020917177200317 0.41324591636657715 
vn -0.5179232358932495 0.8014602065086365 0.2990269064903259 
vn -0.5712168216705322 0.803541362285614 0.16742929816246033 
vn -0.5985550284385681 0.8007212281227112 0.024029340595006943 
vn -0.5829359889030457 0.8036273717880249 -0.11986933648586273 
vn -0.5408188104629517 0.8008964657783508 -0.25706008076667786 
vn -0.4630809724330902 0.8020797967910767 -0.37712597846984863 
vn -0.3591153025627136 0.8028739094734192 -0.4758462607860565 
vn -0.23120388388633728 0.8044761419296265 -0.5471406579017639 
vn -0.09414935857057571 0.8042950630187988 -0.5867242813110352 
vn 0.047204114496707916 0.8032428622245789 -0.5937783122062683 
vn 0.19091302156448364 0.8024919033050537 -0.5652954578399658 
vn 0.31552621722221375 0.8049324750900269 -0.5025205612182617 
vn 0.4311341643333435 0.8020917177200317 -0.41324591636657715 
vn 0.5179232358932495 0.8014602065086365 -0.2990269064903259 
vn 0.5733596682548523 0.8020138144493103 -0.16742929816246033 
vn 0.5985550284385681 0.8007212281227112 -0.024029340595006943 
vn 0.5829359889030457 0.8036273717880249 0.11986933648586273 
vn 0.5355278253555298 0.8044439554214478 0.25706008076667786 
vn 0.45980891585350037 0.8039600253105164 0.37712597846984863 
vn 0.3591153025627136 0.8028739094734192 0.4758462607860565 
vn 0.23269349336624146 0.8040465116500854 0.5471406579017639 
vn 0.20730870962142944 0.8525993824005127 0.4796847105026245 
vn 0.08092354238033295 0.8540788888931274 0.5138099193572998 
vn -0.03957827389240265 0.8524630069732666 0.5212872624397278 
vn -0.16489361226558685 0.8531344532966614 0.4949462115764618 
vn -0.27664199471473694 0.8538596034049988 0.4409002661705017 
vn -0.3789827227592468 0.8521362543106079 0.36088213324546814 
vn -0.44960737228393555 0.8541579842567444 0.2612801790237427 
vn -0.5033381581306458 0.8516911268234253 0.1458524912595749 
vn -0.523684561252594 0.8516853451728821 0.01966099627315998 
vn -0.5103829503059387 0.8538166880607605 -0.10250037163496017 
vn -0.4720548093318939 0.8528642654418945 -0.22312943637371063 
vn -0.40705639123916626 0.8508541584014893 -0.33219319581985474 
vn -0.31082966923713684 0.8539974689483643 -0.417220801115036 
vn -0.20575234293937683 0.8529762625694275 -0.4796847105026245 
vn -0.08667156845331192 0.8535147309303284 -0.5138099193572998 
vn 0.041519854217767715 0.8523706197738647 -0.5212872624397278 
vn 0.16326507925987244 0.8534475564956665 -0.4949462115764618 
vn 0.2802305221557617 0.8526885509490967 -0.4409002661705017 
vn 0.374261736869812 0.8542202711105347 -0.36088213324546814 
vn 0.4551258981227875 0.8512303233146667 -0.2612801790237427 
vn 0.5022645592689514 0.8523246645927429 -0.1458524912595749 
vn 0.523684561252594 0.8516853451728821 -0.01966099627315998 
vn 0.5103829503059387 0.8538166880607605 0.10250037163496017 
vn 0.46987247467041016 0.8540685772895813 0.22312943637371063 
vn 0.4036480188369751 0.8524763584136963 0.33219319581985474 
vn 0.31220754981040955 0.8534947037696838 0.417220801115036 
vn 0.20730870962142944 0.8525993824005127 0.4796847105026245 
vn 0.19088049232959747 0.8750438690185547 0.44481781125068665 
vn 0.07540241628885269 0.8762903809547424 0.4758462607860565 
vn -0.039581503719091415 0.8765476942062378 0.4796847105026245 
vn -0.15573523938655853 0.8759775757789612 0.456519216299057 
vn -0.25871071219444275 0.8768255114555359 0.405272513628006 
vn -0.3447611331939697 0.8779450058937073 0.33219319581985474 
vn -0.41632404923439026 0.8769328594207764 0.2401314377784729 
vn -0.4625294506549835 0.8765907883644104 0.1328723281621933 
vn -0.4779510200023651 0.8781664371490479 0.01966099627315998 
vn -0.47120046615600586 0.8765478134155273 -0.0981530249118805 
vn -0.4337846040725708 0.8771376609802246 -0.2060592919588089 
vn -0.3729374408721924 0.876921534538269 -0.30319350957870483 
vn -0.2894752323627472 0.8762540817260742 -0.3852050006389618 
vn -0.1855943500995636 0.8761802911758423 -0.44481781125068665 
vn -0.07540241628885269 0.8762903809547424 -0.4758462607860565 
vn 0.04152172431349754 0.876457929611206 -0.4796847105026245 
vn 0.1503623127937317 0.8769158124923706 -0.456519216299057 
vn 0.25508877635002136 0.8778860569000244 -0.405272513628006 
vn 0.348271906375885 0.876558244228363 -0.33219319581985474 
vn 0.41632404923439026 0.8769328594207764 -0.2401314377784729 
vn 0.4658641517162323 0.8748231530189514 -0.1328723281621933 
vn 0.4779510200023651 0.8781664371490479 -0.01966099627315998 
vn 0.47120046615600586 0.8765478134155273 0.0981530249118805 
vn 0.43498045206069946 0.876545250415802 0.2060592919588089 
vn 0.37640854716300964 0.8754372000694275 0.30319350957870483 
vn 0.2894752323627472 0.8762540817260742 0.3852050006389618 
vn 0.19088049232959747 0.8750438690185547 0.44481781125068665 
vn 0.3008047044277191 0.6339324712753296 0.7124928832054138 
vn 0.3008047044277191 0.6339324712753296 0.7124928832054138 
vn 0.1273958384990692 0.6307952404022217 0.7654199600219727 
vn 0.1273958384990692 0.6307952404022217 0.7654199600219727 
vn -0.062067531049251556 0.6337858438491821 0.7710143327713013 
vn -0.062067531049251556 0.6337858438491821 0.7710143327713013 
vn -0.24693387746810913 0.6331103444099426 0.7336177229881287 
vn -0.24693387746810913 0.6331103444099426 0.7336177229881287 
vn -0.4120490252971649 0.633229672908783 0.6551609039306641 
vn -0.4120490252971649 0.633229672908783 0.6551609039306641 
vn -0.5605285167694092 0.6311743259429932 0.5361219048500061 
vn -0.5605285167694092 0.6311743259429932 0.5361219048500061 
vn -0.6691006422042847 0.6330889463424683 0.3892335295677185 
vn -0.6691006422042847 0.6330889463424683 0.3892335295677185 
vn -0.7425057291984558 0.63453209400177 0.21460255980491638 
vn -0.7425057291984558 0.63453209400177 0.21460255980491638 
vn -0.7725954055786133 0.6340526938438416 0.03276457265019417 
vn -0.7725954055786133 0.6340526938438416 0.03276457265019417 
vn -0.7584629654884338 0.6331398487091064 -0.15449213981628418 
vn -0.7584629654884338 0.6331398487091064 -0.15449213981628418 
vn -0.7013634443283081 0.6306639313697815 -0.33219319581985474 
vn -0.7013634443283081 0.6306639313697815 -0.33219319581985474 
vn -0.6004085540771484 0.631099283695221 -0.4911448359489441 
vn -0.6004085540771484 0.631099283695221 -0.4911448359489441 
vn -0.46874943375587463 0.6310449838638306 -0.6181069612503052 
vn -0.46874943375587463 0.6310449838638306 -0.6181069612503052 
vn -0.30176785588264465 0.633474588394165 -0.7124928832054138 
vn -0.30176785588264465 0.633474588394165 -0.7124928832054138 
vn -0.12207015603780746 0.6318474411964417 -0.7654199600219727 
vn -0.12207015603780746 0.6318474411964417 -0.7654199600219727 
vn 0.06230144202709198 0.6337628960609436 -0.7710143327713013 
vn 0.06230144202709198 0.6337628960609436 -0.7710143327713013 
vn 0.24558988213539124 0.6336328983306885 -0.7336177229881287 
vn 0.24558988213539124 0.6336328983306885 -0.7336177229881287 
vn 0.414212167263031 0.6318168044090271 -0.6551609039306641 
vn 0.414212167263031 0.6318168044090271 -0.6551609039306641 
vn 0.5569354891777039 0.6343470215797424 -0.5361219048500061 
vn 0.5569354891777039 0.6343470215797424 -0.5361219048500061 
vn 0.6710675954818726 0.6310036182403564 -0.3892335295677185 
vn 0.6710675954818726 0.6310036182403564 -0.3892335295677185 
vn 0.7449521422386169 0.631658136844635 -0.21460255980491638 
vn 0.7449521422386169 0.631658136844635 -0.21460255980491638 
vn 0.7725954055786133 0.6340526938438416 -0.03276457265019417 
vn 0.7725954055786133 0.6340526938438416 -0.03276457265019417 
vn 0.7584629654884338 0.6331398487091064 0.15449213981628418 
vn 0.7584629654884338 0.6331398487091064 0.15449213981628418 
vn 0.6988339424133301 0.6334657669067383 0.33219319581985474 
vn 0.6988339424133301 0.6334657669067383 0.33219319581985474 
vn 0.5976682305335999 0.6336950659751892 0.4911448359489441 
vn 0.5976682305335999 0.6336950659751892 0.4911448359489441 
vn 0.4635782837867737 0.6348534822463989 0.6181069612503052 
vn 0.4635782837867737 0.6348534822463989 0.6181069612503052 
vn 0.3008047044277191 0.6339324712753296 0.7124928832054138 
vn 0.3008047044277191 0.6339324712753296 0.7124928832054138 
vn 0.3912450075149536 0 0.9202865362167358 
vn 0.3912450075149536 0 0.9202865362167358 
vn 0.16096417605876923 0 0.986960232257843 
vn 0.16096417605876923 0 0.986960232257843 
vn -0.07848163694143295 -0.0036826597061008215 0.9969087839126587 
vn -0.07848163694143295 -0.0036826597061008215 0.9969087839126587 
vn -0.31773048639297485 -6.571400867037835e-14 0.9481810927391052 
vn -0.31773048639297485 -6.571400867037835e-14 0.9481810927391052 
vn -0.5342764258384705 -1.1050071312612361e-13 0.8453097939491272 
vn -0.5342764258384705 -1.1050071312612361e-13 0.8453097939491272 
vn -0.7201150059700012 -1.489364323059919e-13 0.6938546895980835 
vn -0.7201150059700012 -1.489364323059919e-13 0.6938546895980835 
vn -0.8667527437210083 -1.7926449441627718e-13 0.4987381398677826 
vn -0.8667527437210083 -1.7926449441627718e-13 0.4987381398677826 
vn -0.9605492949485779 -1.986637850753814e-13 0.2781098484992981 
vn -0.9605492949485779 -1.986637850753814e-13 0.2781098484992981 
vn -0.999138593673706 -2.0664494963275326e-13 0.04149730131030083 
vn -0.999138593673706 -2.0664494963275326e-13 0.04149730131030083 
vn -0.9794232249259949 -0.003775416174903512 -0.2017817199230194 
vn -0.9794232249259949 -0.003775416174903512 -0.2017817199230194 
vn -0.9032503366470337 -0.0037785102613270283 -0.42909738421440125 
vn -0.9032503366470337 -0.0037785102613270283 -0.42909738421440125 
vn -0.7751622796058655 -0.0037756022065877914 -0.6317508816719055 
vn -0.7751622796058655 -0.0037756022065877914 -0.6317508816719055 
vn -0.5990391373634338 -1.238951432766533e-13 -0.8007197380065918 
vn -0.5990391373634338 -1.238951432766533e-13 -0.8007197380065918 
vn -0.39122670888900757 0.0037818870041519403 -0.9202865362167358 
vn -0.39122670888900757 0.0037818870041519403 -0.9202865362167358 
vn -0.16091927886009216 -0.0038017809856683016 -0.986960232257843 
vn -0.16091927886009216 -0.0038017809856683016 -0.986960232257843 
vn 0.0785679966211319 0 -0.9969087839126587 
vn 0.0785679966211319 0 -0.9969087839126587 
vn 0.31773048639297485 0 -0.9481810927391052 
vn 0.31773048639297485 0 -0.9481810927391052 
vn 0.5342764258384705 0 -0.8453097939491272 
vn 0.5342764258384705 0 -0.8453097939491272 
vn 0.7201150059700012 0 -0.6938546895980835 
vn 0.7201150059700012 0 -0.6938546895980835 
vn 0.8667527437210083 0 -0.4987381398677826 
vn 0.8667527437210083 0 -0.4987381398677826 
vn 0.9605492949485779 0 -0.2781098484992981 
vn 0.9605492949485779 0 -0.2781098484992981 
vn 0.999138593673706 0 -0.04149730131030083 
vn 0.999138593673706 0 -0.04149730131030083 
vn 0.9794304966926575 0 0.2017817199230194 
vn 0.9794304966926575 0 0.2017817199230194 
vn 0.903258204460144 0 0.42909738421440125 
vn 0.903258204460144 0 0.42909738421440125 
vn 0.7751715183258057 0 0.6317508816719055 
vn 0.7751715183258057 0 0.6317508816719055 
vn 0.5990391373634338 0 0.8007197380065918 
vn 0.5990391373634338 0 0.8007197380065918 
vn 0.3912450075149536 0 0.9202865362167358 
vn 0.3912450075149536 0 0.9202865362167358 
vn 0.08666769415140152 0.973780632019043 0.2103329300880432 
vn 0.08666769415140152 0.973780632019043 0.2103329300880432 
vn 0.037704747170209885 0.9740593433380127 0.22312943637371063 
vn 0.037704747170209885 0.9740593433380127 0.22312943637371063 
vn -0.016974279657006264 0.9736566543579102 0.22738653421401978 
vn -0.016974279657006264 0.9736566543579102 0.22738653421401978 
vn -0.07352664321660995 0.9739299416542053 0.21460255980491638 
vn -0.07352664321660995 0.9739299416542053 0.21460255980491638 
vn -0.11855343729257584 0.9739676713943481 0.19321508705615997 
vn -0.11855343729257584 0.9739676713943481 0.19321508705615997 
vn -0.16152627766132355 0.9740068912506104 0.15880759060382843 
vn -0.16152627766132355 0.9740068912506104 0.15880759060382843 
vn -0.19678999483585358 0.9736151695251465 0.11553031951189041 
vn -0.19678999483585358 0.9736151695251465 0.11553031951189041 
vn -0.2189204841852188 0.9736863970756531 0.0633138045668602 
vn -0.2189204841852188 0.9736863970756531 0.0633138045668602 
vn -0.2246105968952179 0.9743873476982117 0.010923261754214764 
vn -0.2246105968952179 0.9743873476982117 0.010923261754214764 
vn -0.2191297709941864 0.9746172428131104 -0.04586252197623253 
vn -0.2191297709941864 0.9746172428131104 -0.04586252197623253 
vn -0.20247359573841095 0.9743564128875732 -0.0981530249118805 
vn -0.20247359573841095 0.9743564128875732 -0.0981530249118805 
vn -0.174683079123497 0.9737622141838074 -0.1458524912595749 
vn -0.174683079123497 0.9737622141838074 -0.1458524912595749 
vn -0.13930167257785797 0.9736905694007874 -0.18033768236637115 
vn -0.13930167257785797 0.9736905694007874 -0.18033768236637115 
vn -0.08865527808666229 0.9736016988754272 -0.2103329300880432 
vn -0.08865527808666229 0.9736016988754272 -0.2103329300880432 
vn -0.03963775932788849 0.973982572555542 -0.22312943637371063 
vn -0.03963775932788849 0.973982572555542 -0.22312943637371063 
vn 0.018883368000388145 0.9736214876174927 -0.22738653421401978 
vn 0.018883368000388145 0.9736214876174927 -0.22738653421401978 
vn 0.06976263970136642 0.974206805229187 -0.21460255980491638 
vn 0.06976263970136642 0.974206805229187 -0.21460255980491638 
vn 0.12057263404130936 0.9737197756767273 -0.19321508705615997 
vn 0.12057263404130936 0.9737197756767273 -0.19321508705615997 
vn 0.16152627766132355 0.9740068912506104 -0.15880759060382843 
vn 0.16152627766132355 0.9740068912506104 -0.15880759060382843 
vn 0.20048712193965912 0.97286057472229 -0.11553031951189041 
vn 0.20048712193965912 0.97286057472229 -0.11553031951189041 
vn 0.21523790061473846 0.9745070338249207 -0.0633138045668602 
vn 0.21523790061473846 0.9745070338249207 -0.0633138045668602 
vn 0.2246105968952179 0.9743873476982117 -0.010923261754214764 
vn 0.2246105968952179 0.9743873476982117 -0.010923261754214764 
vn 0.2228127270936966 0.9737818837165833 0.04586252197623253 
vn 0.2228127270936966 0.9737818837165833 0.04586252197623253 
vn 0.20247359573841095 0.9743564128875732 0.0981530249118805 
vn 0.20247359573841095 0.9743564128875732 0.0981530249118805 
vn 0.1726166307926178 0.9741306900978088 0.1458524912595749 
vn 0.1726166307926178 0.9741306900978088 0.1458524912595749 
vn 0.13352786004543304 0.9744991660118103 0.18033768236637115 
vn 0.13352786004543304 0.9744991660118103 0.18033768236637115 
vn 0.08666769415140152 0.973780632019043 0.2103329300880432 
vn 0.08666769415140152 0.973780632019043 0.2103329300880432 
vn 0.12427801638841629 -0.9801464676856995 -0.15449213981628418 
vn 0.12427801638841629 -0.9801464676856995 -0.15449213981628418 
vn 0.12427801638841629 -0.9801464676856995 -0.15449213981628418 
vn 0.12427801638841629 -0.9801464676856995 -0.15449213981628418 
vn 0.08109167218208313 -0.9810375571250916 -0.1760382205247879 
vn 0.08109167218208313 -0.9810375571250916 -0.1760382205247879 
vn 0.08109167218208313 -0.9810375571250916 -0.1760382205247879 
vn 0.08109167218208313 -0.9810375571250916 -0.1760382205247879 
vn 0.3912450075149536 0 0.9202865362167358 
vn 0.3912450075149536 0 0.9202865362167358 
vn 0.16096417605876923 0 0.986960232257843 
vn 0.16096417605876923 0 0.986960232257843 
vn -0.07848163694143295 0.0036826597061008215 0.9969087839126587 
vn -0.07848163694143295 0.0036826597061008215 0.9969087839126587 
vn -0.31773048639297485 -6.571400867037835e-14 0.9481810927391052 
vn -0.31773048639297485 -6.571400867037835e-14 0.9481810927391052 
vn -0.5342764258384705 -1.1050071312612361e-13 0.8453097939491272 
vn -0.5342764258384705 -1.1050071312612361e-13 0.8453097939491272 
vn -0.7201150059700012 -1.489364323059919e-13 0.6938546895980835 
vn -0.7201150059700012 -1.489364323059919e-13 0.6938546895980835 
vn -0.8667527437210083 -1.7926449441627718e-13 0.4987381398677826 
vn -0.8667527437210083 -1.7926449441627718e-13 0.4987381398677826 
vn -0.9605492949485779 -1.986637850753814e-13 0.2781098484992981 
vn -0.9605492949485779 -1.986637850753814e-13 0.2781098484992981 
vn -0.999138593673706 -2.0664494963275326e-13 0.04149730131030083 
vn -0.999138593673706 -2.0664494963275326e-13 0.04149730131030083 
vn -0.9794232249259949 0.003775416174903512 -0.2017817199230194 
vn -0.9794232249259949 0.003775416174903512 -0.2017817199230194 
vn -0.9032503366470337 0.0037785102613270283 -0.42909738421440125 
vn -0.9032503366470337 0.0037785102613270283 -0.42909738421440125 
vn -0.7751622796058655 0.0037756022065877914 -0.6317508816719055 
vn -0.7751622796058655 0.0037756022065877914 -0.6317508816719055 
vn -0.5990391373634338 -1.238951432766533e-13 -0.8007197380065918 
vn -0.5990391373634338 -1.238951432766533e-13 -0.8007197380065918 
vn -0.39122670888900757 0.0037818870041519403 -0.9202865362167358 
vn -0.39122670888900757 0.0037818870041519403 -0.9202865362167358 
vn -0.16091927886009216 0.0038017809856683016 -0.986960232257843 
vn -0.16091927886009216 0.0038017809856683016 -0.986960232257843 
vn 0.0785679966211319 0 -0.9969087839126587 
vn 0.0785679966211319 0 -0.9969087839126587 
vn 0.31773048639297485 0 -0.9481810927391052 
vn 0.31773048639297485 0 -0.9481810927391052 
vn 0.5342764258384705 0 -0.8453097939491272 
vn 0.5342764258384705 0 -0.8453097939491272 
vn 0.7201150059700012 0 -0.6938546895980835 
vn 0.7201150059700012 0 -0.6938546895980835 
vn 0.8667527437210083 0 -0.4987381398677826 
vn 0.8667527437210083 0 -0.4987381398677826 
vn 0.9605492949485779 0 -0.2781098484992981 
vn 0.9605492949485779 0 -0.2781098484992981 
vn 0.999138593673706 0 -0.04149730131030083 
vn 0.999138593673706 0 -0.04149730131030083 
vn 0.9794304966926575 0 0.2017817199230194 
vn 0.9794304966926575 0 0.2017817199230194 
vn 0.903258204460144 0 0.42909738421440125 
vn 0.903258204460144 0 0.42909738421440125 
vn 0.7751715183258057 0 0.6317508816719055 
vn 0.7751715183258057 0 0.6317508816719055 
vn 0.5990391373634338 0 0.8007197380065918 
vn 0.5990391373634338 0 0.8007197380065918 
vn 0.3912450075149536 0 0.9202865362167358 
vn 0.3912450075149536 0 0.9202865362167358 
vn 0.037765104323625565 -0.9804293513298035 -0.19321508705615997 
vn 0.037765104323625565 -0.9804293513298035 -0.19321508705615997 
vn 0.037765104323625565 -0.9804293513298035 -0.19321508705615997 
vn 0.037765104323625565 -0.9804293513298035 -0.19321508705615997 
vn -0.0075482395477592945 -0.9802737832069397 -0.1975002884864807 
vn -0.0075482395477592945 -0.9802737832069397 -0.1975002884864807 
vn -0.0075482395477592945 -0.9802737832069397 -0.1975002884864807 
vn -0.0075482395477592945 -0.9802737832069397 -0.1975002884864807 
vn -0.05849381908774376 -0.9802476167678833 -0.18892620503902435 
vn -0.05849381908774376 -0.9802476167678833 -0.18892620503902435 
vn -0.05849381908774376 -0.9802476167678833 -0.18892620503902435 
vn -0.05849381908774376 -0.9802476167678833 -0.18892620503902435 
vn 0.3912450075149536 0 0.9202865362167358 
vn 0.3912450075149536 0 0.9202865362167358 
vn 0.16096417605876923 0 0.986960232257843 
vn 0.16096417605876923 0 0.986960232257843 
vn -0.07848163694143295 -0.0036826597061008215 0.9969087839126587 
vn -0.07848163694143295 -0.0036826597061008215 0.9969087839126587 
vn -0.31773048639297485 -6.571400867037835e-14 0.9481810927391052 
vn -0.31773048639297485 -6.571400867037835e-14 0.9481810927391052 
vn -0.5342764258384705 -1.1050071312612361e-13 0.8453097939491272 
vn -0.5342764258384705 -1.1050071312612361e-13 0.8453097939491272 
vn -0.7201150059700012 -1.489364323059919e-13 0.6938546895980835 
vn -0.7201150059700012 -1.489364323059919e-13 0.6938546895980835 
vn -0.8667527437210083 -1.7926449441627718e-13 0.4987381398677826 
vn -0.8667527437210083 -1.7926449441627718e-13 0.4987381398677826 
vn -0.9605492949485779 -1.986637850753814e-13 0.2781098484992981 
vn -0.9605492949485779 -1.986637850753814e-13 0.2781098484992981 
vn -0.999138593673706 -2.0664494963275326e-13 0.04149730131030083 
vn -0.999138593673706 -2.0664494963275326e-13 0.04149730131030083 
vn -0.9794232249259949 -0.003775416174903512 -0.2017817199230194 
vn -0.9794232249259949 -0.003775416174903512 -0.2017817199230194 
vn -0.9032503366470337 -0.0037785102613270283 -0.42909738421440125 
vn -0.9032503366470337 -0.0037785102613270283 -0.42909738421440125 
vn -0.7751622796058655 -0.0037756022065877914 -0.6317508816719055 
vn -0.7751622796058655 -0.0037756022065877914 -0.6317508816719055 
vn -0.5990391373634338 -1.238951432766533e-13 -0.8007197380065918 
vn -0.5990391373634338 -1.238951432766533e-13 -0.8007197380065918 
vn -0.39122670888900757 -0.0037818870041519403 -0.9202865362167358 
vn -0.39122670888900757 -0.0037818870041519403 -0.9202865362167358 
vn -0.16091927886009216 -0.0038017809856683016 -0.986960232257843 
vn -0.16091927886009216 -0.0038017809856683016 -0.986960232257843 
vn 0.0785679966211319 0 -0.9969087839126587 
vn 0.0785679966211319 0 -0.9969087839126587 
vn 0.31773048639297485 0 -0.9481810927391052 
vn 0.31773048639297485 0 -0.9481810927391052 
vn 0.5342764258384705 0 -0.8453097939491272 
vn 0.5342764258384705 0 -0.8453097939491272 
vn 0.7201150059700012 0 -0.6938546895980835 
vn 0.7201150059700012 0 -0.6938546895980835 
vn 0.8667527437210083 0 -0.4987381398677826 
vn 0.8667527437210083 0 -0.4987381398677826 
vn 0.9605492949485779 0 -0.2781098484992981 
vn 0.9605492949485779 0 -0.2781098484992981 
vn 0.999138593673706 0 -0.04149730131030083 
vn 0.999138593673706 0 -0.04149730131030083 
vn 0.9794304966926575 0 0.2017817199230194 
vn 0.9794304966926575 0 0.2017817199230194 
vn 0.903258204460144 0 0.42909738421440125 
vn 0.903258204460144 0 0.42909738421440125 
vn 0.7751715183258057 0 0.6317508816719055 
vn 0.7751715183258057 0 0.6317508816719055 
vn 0.5990391373634338 0 0.8007197380065918 
vn 0.5990391373634338 0 0.8007197380065918 
vn 0.3912450075149536 0 0.9202865362167358 
vn 0.3912450075149536 0 0.9202865362167358 
vn -0.09796935319900513 -0.9802596569061279 -0.17173540592193604 
vn -0.09796935319900513 -0.9802596569061279 -0.17173540592193604 
vn -0.09796935319900513 -0.9802596569061279 -0.17173540592193604 
vn -0.09796935319900513 -0.9802596569061279 -0.17173540592193604 
vn -0.13544626533985138 -0.9806243181228638 -0.1415284425020218 
vn -0.13544626533985138 -0.9806243181228638 -0.1415284425020218 
vn -0.13544626533985138 -0.9806243181228638 -0.1415284425020218 
vn -0.13544626533985138 -0.9806243181228638 -0.1415284425020218 
vn -0.1672787368297577 -0.9801029562950134 -0.10684575140476227 
vn -0.1672787368297577 -0.9801029562950134 -0.10684575140476227 
vn -0.1672787368297577 -0.9801029562950134 -0.10684575140476227 
vn -0.1672787368297577 -0.9801029562950134 -0.10684575140476227 
vn -0.18937671184539795 -0.9798611402511597 -0.0633138045668602 
vn -0.18937671184539795 -0.9798611402511597 -0.0633138045668602 
vn -0.18937671184539795 -0.9798611402511597 -0.0633138045668602 
vn -0.18937671184539795 -0.9798611402511597 -0.0633138045668602 
vn -0.19506751000881195 -0.9806705713272095 -0.0152922747656703 
vn -0.19506751000881195 -0.9806705713272095 -0.0152922747656703 
vn -0.19506751000881195 -0.9806705713272095 -0.0152922747656703 
vn -0.19506751000881195 -0.9806705713272095 -0.0152922747656703 
vn -0.19498558342456818 -0.9802587032318115 0.03276457265019417 
vn -0.19498558342456818 -0.9802587032318115 0.03276457265019417 
vn -0.19498558342456818 -0.9802587032318115 0.03276457265019417 
vn -0.19498558342456818 -0.9802587032318115 0.03276457265019417 
vn -0.18386723101139069 -0.9799782633781433 0.0763898640871048 
vn -0.18386723101139069 -0.9799782633781433 0.0763898640871048 
vn -0.18386723101139069 -0.9799782633781433 0.0763898640871048 
vn -0.18386723101139069 -0.9799782633781433 0.0763898640871048 
vn -0.15418757498264313 -0.9807433485984802 0.11986933648586273 
vn -0.15418757498264313 -0.9807433485984802 0.11986933648586273 
vn -0.15418757498264313 -0.9807433485984802 0.11986933648586273 
vn -0.15418757498264313 -0.9807433485984802 0.11986933648586273 
vn -0.12427801638841629 -0.9801464676856995 0.15449213981628418 
vn -0.12427801638841629 -0.9801464676856995 0.15449213981628418 
vn -0.12427801638841629 -0.9801464676856995 0.15449213981628418 
vn -0.12427801638841629 -0.9801464676856995 0.15449213981628418 
vn -0.08485421538352966 -0.980719268321991 0.1760382205247879 
vn -0.08485421538352966 -0.980719268321991 0.1760382205247879 
vn -0.08485421538352966 -0.980719268321991 0.1760382205247879 
vn -0.08485421538352966 -0.980719268321991 0.1760382205247879 
vn -0.03583381697535515 -0.9805018305778503 0.19321508705615997 
vn -0.03583381697535515 -0.9805018305778503 0.19321508705615997 
vn -0.03583381697535515 -0.9805018305778503 0.19321508705615997 
vn -0.03583381697535515 -0.9805018305778503 0.19321508705615997 
vn 0.0075482395477592945 -0.9802737832069397 0.1975002884864807 
vn 0.0075482395477592945 -0.9802737832069397 0.1975002884864807 
vn 0.0075482395477592945 -0.9802737832069397 0.1975002884864807 
vn 0.0075482395477592945 -0.9802737832069397 0.1975002884864807 
vn 0.05472407117486 -0.980465292930603 0.18892620503902435 
vn 0.05472407117486 -0.980465292930603 0.18892620503902435 
vn 0.05472407117486 -0.980465292930603 0.18892620503902435 
vn 0.05472407117486 -0.980465292930603 0.18892620503902435 
vn 0.09796935319900513 -0.9802596569061279 0.17173540592193604 
vn 0.09796935319900513 -0.9802596569061279 0.17173540592193604 
vn 0.09796935319900513 -0.9802596569061279 0.17173540592193604 
vn 0.09796935319900513 -0.9802596569061279 0.17173540592193604 
vn 0.13544626533985138 -0.9806243181228638 0.1415284425020218 
vn 0.13544626533985138 -0.9806243181228638 0.1415284425020218 
vn 0.13544626533985138 -0.9806243181228638 0.1415284425020218 
vn 0.13544626533985138 -0.9806243181228638 0.1415284425020218 
vn 0.16521891951560974 -0.980452299118042 0.10684575140476227 
vn 0.16521891951560974 -0.980452299118042 0.10684575140476227 
vn 0.16521891951560974 -0.980452299118042 0.10684575140476227 
vn 0.16521891951560974 -0.980452299118042 0.10684575140476227 
vn 0.18567100167274475 -0.9805700778961182 0.0633138045668602 
vn 0.18567100167274475 -0.9805700778961182 0.0633138045668602 
vn 0.18567100167274475 -0.9805700778961182 0.0633138045668602 
vn 0.18567100167274475 -0.9805700778961182 0.0633138045668602 
vn 0.19506751000881195 -0.9806705713272095 0.0152922747656703 
vn 0.19506751000881195 -0.9806705713272095 0.0152922747656703 
vn 0.19506751000881195 -0.9806705713272095 0.0152922747656703 
vn 0.19506751000881195 -0.9806705713272095 0.0152922747656703 
vn 0.19498558342456818 -0.9802587032318115 -0.03276457265019417 
vn 0.19498558342456818 -0.9802587032318115 -0.03276457265019417 
vn 0.19498558342456818 -0.9802587032318115 -0.03276457265019417 
vn 0.19498558342456818 -0.9802587032318115 -0.03276457265019417 
vn 0.18386723101139069 -0.9799782633781433 -0.0763898640871048 
vn 0.18386723101139069 -0.9799782633781433 -0.0763898640871048 
vn 0.18386723101139069 -0.9799782633781433 -0.0763898640871048 
vn 0.18386723101139069 -0.9799782633781433 -0.0763898640871048 
vn 0.15418757498264313 -0.9807433485984802 -0.11986933648586273 
vn 0.15418757498264313 -0.9807433485984802 -0.11986933648586273 
vn 0.15418757498264313 -0.9807433485984802 -0.11986933648586273 
vn 0.15418757498264313 -0.9807433485984802 -0.11986933648586273 
vn 0.3912450075149536 0 0.9202865362167358 
vn 0.39117276668548584 0.007517166901379824 0.9202865362167358 
vn 0.16096417605876923 0 0.986960232257843 
vn 0.1607898771762848 0.007488908711820841 0.986960232257843 
vn -0.07848163694143295 -0.0036826597061008215 0.9969087839126587 
vn -0.07848163694143295 0.0036826597061008215 0.9969087839126587 
vn -0.31773048639297485 -6.571400867037835e-14 0.9481810927391052 
vn -0.31764185428619385 0.007504413370043039 0.9481810927391052 
vn -0.5342764258384705 -1.1050071312612361e-13 0.8453097939491272 
vn -0.5342234373092651 0.007526562083512545 0.8453097939491272 
vn -0.7201150059700012 -1.489364323059919e-13 0.6938546895980835 
vn -0.7200755476951599 0.007540889084339142 0.6938546895980835 
vn -0.8667527437210083 -1.7926449441627718e-13 0.4987381398677826 
vn -0.8667199015617371 0.007542796898633242 0.4987381398677826 
vn -0.9605492949485779 -1.986637850753814e-13 0.2781098484992981 
vn -0.9605196714401245 0.007544058840721846 0.2781098484992981 
vn -0.999138593673706 -2.0664494963275326e-13 0.04149730131030083 
vn -0.9991101026535034 0.007545328699052334 0.04149730131030083 
vn -0.9794232249259949 -0.003775416174903512 -0.2017817199230194 
vn -0.9794232249259949 0.003775416174903512 -0.2017817199230194 
vn -0.9032503366470337 -0.0037785102613270283 -0.42909738421440125 
vn -0.9032503366470337 0.0037785102613270283 -0.42909738421440125 
vn -0.7751622796058655 -0.0037756022065877914 -0.6317508816719055 
vn -0.7751622796058655 0.0037756022065877914 -0.6317508816719055 
vn -0.5990391373634338 -1.238951432766533e-13 -0.8007197380065918 
vn -0.5989914536476135 0.007557779550552368 -0.8007197380065918 
vn -0.39122670888900757 -0.0037818870041519403 -0.9202865362167358 
vn -0.39122670888900757 0.0037818870041519403 -0.9202865362167358 
vn -0.16091927886009216 -0.0038017809856683016 -0.986960232257843 
vn -0.16091927886009216 0.0038017809856683016 -0.986960232257843 
vn 0.0785679966211319 0 -0.9969087839126587 
vn 0.07820121198892593 0.007582905236631632 -0.9969087839126587 
vn 0.31773048639297485 0 -0.9481810927391052 
vn 0.3176405131816864 0.0075612543150782585 -0.9481810927391052 
vn 0.5342764258384705 0 -0.8453097939491272 
vn 0.5342229604721069 0.00756046362221241 -0.8453097939491272 
vn 0.7201150059700012 0 -0.6938546895980835 
vn 0.7200754284858704 0.007553477771580219 -0.6938546895980835 
vn 0.8667527437210083 0 -0.4987381398677826 
vn 0.8667197823524475 0.00755325797945261 -0.4987381398677826 
vn 0.9605492949485779 0 -0.2781098484992981 
vn 0.960519552230835 0.007553500588983297 -0.2781098484992981 
vn 0.999138593673706 0 -0.04149730131030083 
vn 0.9991101026535034 0.007545328699052334 -0.04149730131030083 
vn 0.9794304966926575 0 0.2017817199230194 
vn 0.9794014096260071 0.00755077600479126 0.2017817199230194 
vn 0.903258204460144 0 0.42909738421440125 
vn 0.9032266736030579 0.007546905428171158 0.42909738421440125 
vn 0.7751715183258057 0 0.6317508816719055 
vn 0.7751348614692688 0.007539426442235708 0.6317508816719055 
vn 0.5990391373634338 0 0.8007197380065918 
vn 0.5989916324615479 0.007542634382843971 0.8007197380065918 
vn 0.3912450075149536 0 0.9202865362167358 
vn 0.39117276668548584 0.007517166901379824 0.9202865362167358 
vn 0.15038490295410156 0.9784447550773621 -0.1415284425020218 
vn 0.15038490295410156 0.9784447550773621 -0.1415284425020218 
vn 0.11297958344221115 0.9786432385444641 -0.17173540592193604 
vn 0.11297958344221115 0.9786432385444641 -0.17173540592193604 
vn 0.06793957203626633 0.9788013696670532 -0.19321508705615997 
vn 0.06793957203626633 0.9788013696670532 -0.19321508705615997 
vn 0.01888195239007473 0.9783573150634766 -0.2060592919588089 
vn 0.01888195239007473 0.9783573150634766 -0.2060592919588089 
vn -0.03208537399768829 0.9789048433303833 -0.2017817199230194 
vn -0.03208537399768829 0.9789048433303833 -0.2017817199230194 
vn -0.08109220117330551 0.9786372780799866 -0.18892620503902435 
vn -0.08109220117330551 0.9786372780799866 -0.18892620503902435 
vn -0.12612619996070862 0.9785111546516418 -0.16312000155448914 
vn -0.12612619996070862 0.9785111546516418 -0.16312000155448914 
vn -0.15606912970542908 0.9793466329574585 -0.12854042649269104 
vn -0.15606912970542908 0.9793466329574585 -0.12854042649269104 
vn -0.18574021756649017 0.9785186648368835 -0.08945280313491821 
vn -0.18574021756649017 0.9785186648368835 -0.08945280313491821 
vn -0.20231705904006958 0.9784404635429382 -0.04149730131030083 
vn -0.20231705904006958 0.9784404635429382 -0.04149730131030083 
vn -0.20248714089393616 0.9792630076408386 0.006554040592163801 
vn -0.20248714089393616 0.9792630076408386 0.006554040592163801 
vn -0.19683261215686798 0.9786631464958191 0.058952588587999344 
vn -0.19683261215686798 0.9786631464958191 0.058952588587999344 
vn -0.18016226589679718 0.9782817959785461 0.10250037163496017 
vn -0.18016226589679718 0.9782817959785461 0.10250037163496017 
vn -0.15038490295410156 0.9784447550773621 0.1415284425020218 
vn -0.15038490295410156 0.9784447550773621 0.1415284425020218 
vn -0.11297958344221115 0.9786432385444641 0.17173540592193604 
vn -0.11297958344221115 0.9786432385444641 0.17173540592193604 
vn -0.06597452610731125 0.9789357781410217 0.19321508705615997 
vn -0.06597452610731125 0.9789357781410217 0.19321508705615997 
vn -0.016973108053207397 0.9783923029899597 0.2060592919588089 
vn -0.016973108053207397 0.9783923029899597 0.2060592919588089 
vn 0.035858526825904846 0.9787738919258118 0.2017817199230194 
vn 0.035858526825904846 0.9787738919258118 0.2017817199230194 
vn 0.07732847332954407 0.9789418578147888 0.18892620503902435 
vn 0.07732847332954407 0.9789418578147888 0.18892620503902435 
vn 0.12238096445798874 0.9789866209030151 0.16312000155448914 
vn 0.12238096445798874 0.9789866209030151 0.16312000155448914 
vn 0.15979734063148499 0.9787452220916748 0.12854042649269104 
vn 0.15979734063148499 0.9787452220916748 0.12854042649269104 
vn 0.18203067779541016 0.9792155027389526 0.08945280313491821 
vn 0.18203067779541016 0.9792155027389526 0.08945280313491821 
vn 0.20231705904006958 0.9784404635429382 0.04149730131030083 
vn 0.20231705904006958 0.9784404635429382 0.04149730131030083 
vn 0.20248714089393616 0.9792630076408386 -0.006554040592163801 
vn 0.20248714089393616 0.9792630076408386 -0.006554040592163801 
vn 0.2005310356616974 0.9779120087623596 -0.058952588587999344 
vn 0.2005310356616974 0.9779120087623596 -0.058952588587999344 
vn 0.18016226589679718 0.9782817959785461 -0.10250037163496017 
vn 0.18016226589679718 0.9782817959785461 -0.10250037163496017 
vn 0.903258204460144 0 0.42909738421440125 
vn 0.8534433841705322 -0.49055570363998413 0.1760382205247879 
vn 0.9794304966926575 0 0.2017817199230194 
vn 0.8704153895378113 -0.49091583490371704 -0.03713129088282585 
vn 0.999138593673706 0 -0.04149730131030083 
vn 0.8369236588478088 -0.489736407995224 -0.24437066912651062 
vn 0.9605492949485779 0 -0.2781098484992981 
vn 0.7525742053985596 -0.4926312565803528 -0.43697428703308105 
vn 0.8667527437210083 0 -0.4987381398677826 
vn 0.6277908682823181 -0.490643709897995 -0.6042742133140564 
vn 0.7201150059700012 0 -0.6938546895980835 
vn 0.4633243978023529 -0.4927275776863098 -0.736579954624176 
vn 0.5342764258384705 0 -0.8453097939491272 
vn 0.27516910433769226 -0.49173685908317566 -0.8261215686798096 
vn 0.31773048639297485 0 -0.9481810927391052 
vn 0.06968778371810913 -0.49193182587623596 -0.8678402304649353 
vn 0.0785679966211319 0 -0.9969087839126587 
vn -0.13796019554138184 -0.4929947853088379 -0.8590245246887207 
vn -0.16091927886009216 -0.0038017809856683016 -0.986960232257843 
vn -0.34411048889160156 -0.4903426170349121 -0.8007197380065918 
vn -0.39122670888900757 -0.0037818870041519403 -0.9202865362167358 
vn -0.5254092812538147 -0.48799967765808105 -0.6969945430755615 
vn -0.5990391373634338 -1.238951432766533e-13 -0.8007197380065918 
vn -0.6770117878913879 -0.4881417155265808 -0.5507928133010864 
vn -0.7751622796058655 -0.0037756022065877914 -0.6317508816719055 
vn -0.7853044271469116 -0.4940764904022217 -0.37307560443878174 
vn -0.9032503366470337 -0.0037785102613270283 -0.42909738421440125 
vn -0.8515554070472717 -0.4938258230686188 -0.1760382205247879 
vn -0.9794232249259949 -0.003775416174903512 -0.2017817199230194 
vn -0.8704153895378113 -0.49091583490371704 0.03713129088282585 
vn -0.999138593673706 -2.0664494963275326e-13 0.04149730131030083 
vn -0.835010826587677 -0.49299076199531555 0.24437066912651062 
vn -0.9605492949485779 -1.986637850753814e-13 0.2781098484992981 
vn -0.7550123929977417 -0.4888862669467926 0.43697428703308105 
vn -0.8667527437210083 -1.7926449441627718e-13 0.4987381398677826 
vn -0.628280758857727 -0.49001625180244446 0.6042742133140564 
vn -0.7201150059700012 -1.489364323059919e-13 0.6938546895980835 
vn -0.46474844217300415 -0.4913845956325531 0.736579954624176 
vn -0.5342764258384705 -1.1050071312612361e-13 0.8453097939491272 
vn -0.2773856520652771 -0.4904899597167969 0.8261215686798096 
vn -0.31773048639297485 -6.571400867037835e-14 0.9481810927391052 
vn -0.06935414671897888 -0.4919789731502533 0.8678402304649353 
vn -0.07848163694143295 -0.0036826597061008215 0.9969087839126587 
vn 0.1394580900669098 -0.4925731420516968 0.8590245246887207 
vn 0.16096417605876923 0 0.986960232257843 
vn 0.3450520932674408 -0.4896804690361023 0.8007197380065918 
vn 0.3912450075149536 0 0.9202865362167358 
vn 0.521486759185791 -0.4921891987323761 0.6969945430755615 
vn 0.5990391373634338 0 0.8007197380065918 
vn 0.6730150580406189 -0.4936375319957733 0.5507928133010864 
vn 0.7751715183258057 0 0.6317508816719055 
vn 0.7856631278991699 -0.4935058355331421 0.37307560443878174 
vn 0.5038892030715942 -0.8576650619506836 0.10250037163496017 
vn 0.5172378420829773 -0.8556158542633057 -0.01966099627315998 
vn 0.49574294686317444 -0.8561343550682068 -0.1458524912595749 
vn 0.450134813785553 -0.8551600575447083 -0.25706008076667786 
vn 0.37616562843322754 -0.8550967574119568 -0.3568037748336792 
vn 0.27507686614990234 -0.8563796877861023 -0.43697428703308105 
vn 0.16692990064620972 -0.8549334406852722 -0.4911448359489441 
vn 0.04528399929404259 -0.8544517159461975 -0.5175535082817078 
vn -0.08489620685577393 -0.8559409976005554 -0.5100564956665039 
vn -0.2020169049501419 -0.8560137152671814 -0.4758462607860565 
vn -0.3142069876194 -0.8546939492225647 -0.41324591636657715 
vn -0.39865756034851074 -0.8564128875732422 -0.3280687630176544 
vn -0.46543318033218384 -0.8564958572387695 -0.22312943637371063 
vn -0.5038892030715942 -0.8576650619506836 -0.10250037163496017 
vn -0.5172378420829773 -0.8556158542633057 0.01966099627315998 
vn -0.49682924151420593 -0.8555043935775757 0.1458524912595749 
vn -0.44794997572898865 -0.8563065528869629 0.25706008076667786 
vn -0.3705226182937622 -0.8575570583343506 0.3568037748336792 
vn -0.28010472655296326 -0.8547483682632446 0.43697428703308105 
vn -0.1632237285375595 -0.8556487560272217 0.4911448359489441 
vn -0.04333800449967384 -0.8545526266098022 0.5175535082817078 
vn 0.08289998769760132 -0.8561366200447083 0.5100564956665039 
vn 0.2020169049501419 -0.8560137152671814 0.4758462607860565 
vn 0.3142069876194 -0.8546939492225647 0.41324591636657715 
vn 0.3998923897743225 -0.8558369874954224 0.3280687630176544 
vn 0.46987247467041016 -0.8540685772895813 0.22312943637371063 
vn 0.030202379450201988 -0.99952232837677 0.006554040592163801 
vn 0.0302029550075531 -0.9995414018630981 -0.002184694167226553 
vn 0.030202379450201988 -0.99952232837677 -0.006554040592163801 
vn 0.03019949607551098 -0.9994269013404846 -0.0152922747656703 
vn 0.022649399936199188 -0.9995501041412354 -0.01966099627315998 
vn 0.015097145922482014 -0.9994826912879944 -0.028397228568792343 
vn 0.007548788096755743 -0.9995682239532471 -0.028397228568792343 
vn 3.0962423380395676e-13 -0.9994630813598633 -0.03276457265019417 
vn -0.007547779008746147 -0.9994345903396606 -0.03276457265019417 
vn -0.015097145922482014 -0.9994826912879944 -0.028397228568792343 
vn -0.015098875388503075 -0.9995972514152527 -0.024029340595006943 
vn -0.022649399936199188 -0.9995501041412354 -0.01966099627315998 
vn -0.03019949607551098 -0.9994269013404846 -0.0152922747656703 
vn -0.030202379450201988 -0.99952232837677 -0.006554040592163801 
vn -0.0302029550075531 -0.9995414018630981 0.002184694167226553 
vn -0.030202379450201988 -0.99952232837677 0.006554040592163801 
vn -0.03019949607551098 -0.9994269013404846 0.0152922747656703 
vn -0.022649399936199188 -0.9995501041412354 0.01966099627315998 
vn -0.015097145922482014 -0.9994826912879944 0.028397228568792343 
vn -0.007548788096755743 -0.9995682239532471 0.028397228568792343 
vn 3.0962423380395676e-13 -0.9994630813598633 0.03276457265019417 
vn 0.007547779008746147 -0.9994345903396606 0.03276457265019417 
vn 0.015097145922482014 -0.9994826912879944 0.028397228568792343 
vn 0.015098875388503075 -0.9995972514152527 0.024029340595006943 
vn 0.022649399936199188 -0.9995501041412354 0.01966099627315998 
vn 0.03019949607551098 -0.9994269013404846 0.0152922747656703 
vn 3.097898456858039e-13 -0.999997615814209 -0.002184694167226553 
vn 0.40726879239082336 0 0.913308322429657 
vn 0.20819661021232605 0 0.9780870079994202 
vn 0.40726879239082336 0 0.913308322429657 
vn 0.20819661021232605 0 0.9780870079994202 
vn 0 0 1 
vn 0 0 1 
vn -0.2081630676984787 0.0037373360246419907 0.9780870079994202 
vn -0.2081630676984787 0.0037373360246419907 0.9780870079994202 
vn -0.40726879239082336 -8.405173665361129e-14 0.913308322429657 
vn -0.40726879239082336 -8.405173665361129e-14 0.913308322429657 
vn -0.5884799361228943 0.0037653555627912283 0.8085030317306519 
vn -0.5884799361228943 0.0037653555627912283 0.8085030317306519 
vn -0.7439239621162415 -1.5386066173298657e-13 0.6682642698287964 
vn -0.7439239621162415 -1.5386066173298657e-13 0.6682642698287964 
vn -0.8667527437210083 -1.7926449441627718e-13 0.4987381398677826 
vn -0.8667527437210083 -1.7926449441627718e-13 0.4987381398677826 
vn -0.95159512758255 -1.9681185934455891e-13 0.30735430121421814 
vn -0.95159512758255 -1.9681185934455891e-13 0.30735430121421814 
vn -0.9947329759597778 -2.0573375902194213e-13 0.10250037163496017 
vn -0.9947329759597778 -2.0573375902194213e-13 0.10250037163496017 
vn -0.9947329759597778 -2.0573375902194213e-13 -0.10250037163496017 
vn -0.9947329759597778 -2.0573375902194213e-13 -0.10250037163496017 
vn -0.95159512758255 -1.9681185934455891e-13 -0.30735430121421814 
vn -0.95159512758255 -1.9681185934455891e-13 -0.30735430121421814 
vn -0.8667445182800293 0.0037766648456454277 -0.4987381398677826 
vn -0.8667445182800293 0.0037766648456454277 -0.4987381398677826 
vn -0.7409969568252563 -1.532552974499793e-13 -0.6715083718299866 
vn -0.7409969568252563 -1.532552974499793e-13 -0.6715083718299866 
vn -0.679551899433136 0.00377857917919755 -0.7336177229881287 
vn -0.679551899433136 0.00377857917919755 -0.7336177229881287 
vn -0.2969174385070801 0.0037766960449516773 -0.9548956751823425 
vn -0.2124682515859604 -4.394334424335025e-14 -0.9771679639816284 
vn -0.2969174385070801 0.0037766960449516773 -0.9548956751823425 
vn -0.2124682515859604 -4.394334424335025e-14 -0.9771679639816284 
vn -2.0682311115474694e-13 0 -1 
vn -2.0682311115474694e-13 0 -1 
vn 0.20819661021232605 0 -0.9780870079994202 
vn 0.20819661021232605 0 -0.9780870079994202 
vn 0.40726879239082336 0 -0.913308322429657 
vn 0.40726879239082336 0 -0.913308322429657 
vn 0.5884920358657837 0 -0.8085030317306519 
vn 0.5884920358657837 0 -0.8085030317306519 
vn 0.7439239621162415 0 -0.6682642698287964 
vn 0.7439239621162415 0 -0.6682642698287964 
vn 0.8667527437210083 0 -0.4987381398677826 
vn 0.8667527437210083 0 -0.4987381398677826 
vn 0.95159512758255 0 -0.30735430121421814 
vn 0.95159512758255 0 -0.30735430121421814 
vn 0.9947329759597778 0 -0.10250037163496017 
vn 0.9947329759597778 0 -0.10250037163496017 
vn 0.9947329759597778 0 0.10250037163496017 
vn 0.9947329759597778 0 0.10250037163496017 
vn 0.95159512758255 0 0.30735430121421814 
vn 0.95159512758255 0 0.30735430121421814 
vn 0.8667527437210083 0 0.4987381398677826 
vn 0.8667527437210083 0 0.4987381398677826 
vn 0.7439239621162415 0 0.6682642698287964 
vn 0.7439239621162415 0 0.6682642698287964 
vn 0.5884920358657837 0 0.8085030317306519 
vn 0.5884920358657837 0 0.8085030317306519 
vn 0.40726879239082336 0 0.913308322429657 
vn 0.40726879239082336 0 0.913308322429657 
vn 0.6633741855621338 0 0.7482877969741821 
vn 0.6633741855621338 0 0.7482877969741821 
vn 0.7380558252334595 0 0.67473965883255 
vn 0.7380558252334595 0 0.67473965883255 
vn 0.8667527437210083 0 0.4987381398677826 
vn 0.8667527437210083 0 0.4987381398677826 
vn 0.95159512758255 0 0.30735430121421814 
vn 0.95159512758255 0 0.30735430121421814 
vn 0.9947329759597778 0 0.10250037163496017 
vn 0.9947329759597778 0 0.10250037163496017 
vn 0.9947329759597778 0 -0.10250037163496017 
vn 0.9947329759597778 0 -0.10250037163496017 
vn 0.95159512758255 0 -0.30735430121421814 
vn 0.95159512758255 0 -0.30735430121421814 
vn 0.8667527437210083 0 -0.4987381398677826 
vn 0.8667527437210083 0 -0.4987381398677826 
vn 0.7439239621162415 0 -0.6682642698287964 
vn 0.7439239621162415 0 -0.6682642698287964 
vn 0.5884920358657837 0 -0.8085030317306519 
vn 0.5884920358657837 0 -0.8085030317306519 
vn 0.40726879239082336 0 -0.913308322429657 
vn 0.40726879239082336 0 -0.913308322429657 
vn 0.20819661021232605 0 -0.9780870079994202 
vn 0.20819661021232605 0 -0.9780870079994202 
vn -2.0682311115474694e-13 0 -1 
vn -2.0682311115474694e-13 0 -1 
vn -0.20816227793693542 0.0037805375177413225 -0.9780870079994202 
vn -0.20816227793693542 0.0037805375177413225 -0.9780870079994202 
vn -0.40726879239082336 -8.405173665361129e-14 -0.913308322429657 
vn -0.40726879239082336 -8.405173665361129e-14 -0.913308322429657 
vn -0.5884798765182495 0.0037807554472237825 -0.8085030317306519 
vn -0.5884798765182495 0.0037807554472237825 -0.8085030317306519 
vn -1.0341130485562108e-13 0.999997615814209 0.002184694167226553 
vn -1.0341130485562108e-13 0.999997615814209 0.002184694167226553 
vn -1.0341130485562108e-13 0.999997615814209 0.002184694167226553 
vn -1.0341130485562108e-13 0.999997615814209 0.002184694167226553 
vn -1.0341130485562108e-13 0.999997615814209 0.002184694167226553 
vn -1.0341130485562108e-13 0.999997615814209 0.002184694167226553 
vn -1.0341130485562108e-13 0.999997615814209 0.002184694167226553 
vn -1.0341130485562108e-13 0.999997615814209 0.002184694167226553 
vn -1.0341130485562108e-13 0.999997615814209 0.002184694167226553 
vn -1.0341130485562108e-13 0.999997615814209 0.002184694167226553 
vn -1.0341130485562108e-13 0.999997615814209 0.002184694167226553 
vn -1.0341130485562108e-13 0.999997615814209 0.002184694167226553 
vn -1.0341130485562108e-13 0.999997615814209 0.002184694167226553 
vn -1.0341130485562108e-13 0.999997615814209 0.002184694167226553 
vn -1.0341130485562108e-13 0.999997615814209 0.002184694167226553 
vn -1.0341130485562108e-13 0.999997615814209 0.002184694167226553 
vn -1.0341130485562108e-13 0.999997615814209 0.002184694167226553 
vn -1.0341130485562108e-13 0.999997615814209 0.002184694167226553 
vn -1.0341130485562108e-13 0.999997615814209 0.002184694167226553 
vn -1.0341130485562108e-13 0.999997615814209 0.002184694167226553 
vn -1.0341130485562108e-13 0.999997615814209 0.002184694167226553 
vn -1.0341130485562108e-13 0.999997615814209 0.002184694167226553 
vn -1.0341130485562108e-13 0.999997615814209 0.002184694167226553 
vn -1.0341130485562108e-13 0.999997615814209 0.002184694167226553 
vn -1.0341130485562108e-13 0.999997615814209 0.002184694167226553 
vn -1.0341130485562108e-13 0.999997615814209 0.002184694167226553 
vn -1.0341130485562108e-13 0.999997615814209 0.002184694167226553 
vn -1.0341130485562108e-13 0.999997615814209 0.002184694167226553 
vn -1.0341130485562108e-13 0.999997615814209 -0.002184694167226553 
vn -1.0341130485562108e-13 0.999997615814209 -0.002184694167226553 
vn -1.0341130485562108e-13 0.999997615814209 0.002184694167226553 
vn -1.0341130485562108e-13 0.999997615814209 0.002184694167226553 
vn -1.0341130485562108e-13 0.999997615814209 0.002184694167226553 
vn -1.0341130485562108e-13 0.999997615814209 0.002184694167226553 
vn -1.0341130485562108e-13 0.999997615814209 0.002184694167226553 
vn -1.0341130485562108e-13 0.999997615814209 0.002184694167226553 
vn -1.0341130485562108e-13 0.999997615814209 -0.002184694167226553 
vn -1.0341130485562108e-13 0.999997615814209 -0.002184694167226553 
vn -1.0341130485562108e-13 0.999997615814209 -0.002184694167226553 
vn -1.0341130485562108e-13 0.999997615814209 -0.002184694167226553 
vn -1.0341130485562108e-13 0.999997615814209 0.002184694167226553 
vn -1.0341130485562108e-13 0.999997615814209 0.002184694167226553 
vn -1.0341130485562108e-13 0.999997615814209 0.002184694167226553 
vn -1.0341130485562108e-13 0.999997615814209 0.002184694167226553 
vn -1.0341130485562108e-13 0.999997615814209 0.002184694167226553 
vn -1.0341130485562108e-13 0.999997615814209 0.002184694167226553 
vn -1.0341130485562108e-13 0.999997615814209 0.002184694167226553 
vn -1.0341130485562108e-13 0.999997615814209 0.002184694167226553 
vn -1.0341130485562108e-13 0.999997615814209 -0.002184694167226553 
vn -1.0341130485562108e-13 0.999997615814209 -0.002184694167226553 
vn -1.0341130485562108e-13 0.999997615814209 -0.002184694167226553 
vn -1.0341130485562108e-13 0.999997615814209 -0.002184694167226553 
vn -1.0341130485562108e-13 0.999997615814209 0.002184694167226553 
vn -1.0341130485562108e-13 0.999997615814209 0.002184694167226553 
vn -1.0341130485562108e-13 0.999997615814209 0.002184694167226553 
vn -1.0341130485562108e-13 0.999997615814209 0.002184694167226553 
vn -1.0341130485562108e-13 0.999997615814209 0.002184694167226553 
vn -1.0341130485562108e-13 0.999997615814209 0.002184694167226553 
vn -1.0341130485562108e-13 0.999997615814209 -0.002184694167226553 
vn -1.0341130485562108e-13 0.999997615814209 -0.002184694167226553 
vn -1.0341130485562108e-13 0.999997615814209 -0.002184694167226553 
vn -1.0341130485562108e-13 0.999997615814209 -0.002184694167226553 
vn -1.0341130485562108e-13 0.999997615814209 0.002184694167226553 
vn -1.0341130485562108e-13 0.999997615814209 0.002184694167226553 
vn -1.0341130485562108e-13 0.999997615814209 0.002184694167226553 
vn -1.0341130485562108e-13 0.999997615814209 0.002184694167226553 
vn -1.0341130485562108e-13 0.999997615814209 0.002184694167226553 
vn -1.0341130485562108e-13 0.999997615814209 0.002184694167226553 
vn -1.0341130485562108e-13 0.999997615814209 0.002184694167226553 
vn -1.0341130485562108e-13 0.999997615814209 0.002184694167226553 
vn -1.0341130485562108e-13 0.999997615814209 0.002184694167226553 
vn -1.0341130485562108e-13 0.999997615814209 0.002184694167226553 
vn -1.0341130485562108e-13 0.999997615814209 0.002184694167226553 
vn -1.0341130485562108e-13 0.999997615814209 0.002184694167226553 
vn -1.0341130485562108e-13 0.999997615814209 -0.002184694167226553 
vn -1.0341130485562108e-13 0.999997615814209 -0.002184694167226553 
vn -1.0341130485562108e-13 0.999997615814209 -0.002184694167226553 
vn -1.0341130485562108e-13 0.999997615814209 -0.002184694167226553 
vn -1.0341130485562108e-13 0.999997615814209 0.002184694167226553 
vn -1.0341130485562108e-13 0.999997615814209 0.002184694167226553 
vn 3.097898456858039e-13 -0.999997615814209 0.002184694167226553 
vn 3.097898456858039e-13 -0.999997615814209 0.002184694167226553 
vn 3.097898456858039e-13 -0.999997615814209 0.002184694167226553 
vn 3.097898456858039e-13 -0.999997615814209 0.002184694167226553 
vn 3.097898456858039e-13 -0.999997615814209 -0.002184694167226553 
vn 3.097898456858039e-13 -0.999997615814209 -0.002184694167226553 
vn 3.097898456858039e-13 -0.999997615814209 -0.002184694167226553 
vn 3.097898456858039e-13 -0.999997615814209 -0.002184694167226553 
vn 3.097898456858039e-13 -0.999997615814209 0.002184694167226553 
vn 3.097898456858039e-13 -0.999997615814209 -0.002184694167226553 
vn 3.097898456858039e-13 -0.999997615814209 -0.002184694167226553 
vn 3.097898456858039e-13 -0.999997615814209 -0.002184694167226553 
vn 3.097898456858039e-13 -0.999997615814209 0.002184694167226553 
vn 3.097898456858039e-13 -0.999997615814209 0.002184694167226553 
vn 3.097898456858039e-13 -0.999997615814209 0.002184694167226553 
vn 3.097898456858039e-13 -0.999997615814209 0.002184694167226553 
vn 3.097898456858039e-13 -0.999997615814209 0.002184694167226553 
vn 3.097898456858039e-13 -0.999997615814209 0.002184694167226553 
vn 0.8795284628868103 0 0.4758462607860565 
vn 0.8795284628868103 0 0.4758462607860565 
vn 0.8795284628868103 0 0.4758462607860565 
vn 0.8795284628868103 0 0.4758462607860565 
vn -1.0341130485562108e-13 0.999997615814209 0.002184694167226553 
vn -1.0341130485562108e-13 0.999997615814209 0.002184694167226553 
vn -1.0341130485562108e-13 0.999997615814209 0.002184694167226553 
vn -1.0341130485562108e-13 0.999997615814209 0.002184694167226553 
vn -1.0341130485562108e-13 0.999997615814209 0.002184694167226553 
vn -1.0341130485562108e-13 0.999997615814209 0.002184694167226553 
vn -1.0341130485562108e-13 0.999997615814209 0.002184694167226553 
vn -1.0341130485562108e-13 0.999997615814209 0.002184694167226553 
vn -1.0341130485562108e-13 0.999997615814209 0.002184694167226553 
vn -1.0341130485562108e-13 0.999997615814209 0.002184694167226553 
vn -1.0341130485562108e-13 0.999997615814209 0.002184694167226553 
vn -1.0341130485562108e-13 0.999997615814209 0.002184694167226553 
vn -1.0341130485562108e-13 0.999997615814209 -0.002184694167226553 
vn -1.0341130485562108e-13 0.999997615814209 -0.002184694167226553 
vn -1.0341130485562108e-13 0.999997615814209 -0.002184694167226553 
vn -1.0341130485562108e-13 0.999997615814209 -0.002184694167226553 
vn -1.0341130485562108e-13 0.999997615814209 0.002184694167226553 
vn -1.0341130485562108e-13 0.999997615814209 0.002184694167226553 
vn -0.47775182127952576 0.0037617359776049852 0.8784868121147156 
vn -0.537951648235321 0.0037640368100255728 0.8429672718048096 
vn -0.47775182127952576 0.0037617359776049852 0.8784868121147156 
vn -0.537951648235321 0.0037640368100255728 0.8429672718048096 
vn -0.6368066668510437 0.00376762798987329 0.7710143327713013 
vn -0.6368066668510437 0.00376762798987329 0.7710143327713013 
vn -0.7526100873947144 0.003770995419472456 0.6584556698799133 
vn -0.7526100873947144 0.003770995419472456 0.6584556698799133 
vn -0.8623613119125366 -1.7835624470385891e-13 0.5062933564186096 
vn -0.8623613119125366 -1.7835624470385891e-13 0.5062933564186096 
vn -0.9446462988853455 0.0037709143944084644 0.3280687630176544 
vn -0.9446462988853455 0.0037709143944084644 0.3280687630176544 
vn -0.9858768582344055 0.003772519761696458 0.16742929816246033 
vn -0.9858768582344055 0.003772519761696458 0.16742929816246033 
vn -0.9993103742599487 -2.0668048435895647e-13 0.03713129088282585 
vn -0.9993103742599487 -2.0668048435895647e-13 0.03713129088282585 
vn -0.9999403357505798 -2.0681076480250776e-13 -0.010923261754214764 
vn -0.9999403357505798 -2.0681076480250776e-13 -0.010923261754214764 
vn 3.097898456858039e-13 -0.999997615814209 0.002184694167226553 
vn 3.097898456858039e-13 -0.999997615814209 0.002184694167226553 
vn 3.097898456858039e-13 -0.999997615814209 0.002184694167226553 
vn 3.097898456858039e-13 -0.999997615814209 0.002184694167226553 
vn 3.097898456858039e-13 -0.999997615814209 0.002184694167226553 
vn 3.097898456858039e-13 -0.999997615814209 0.002184694167226553 
vn 3.097898456858039e-13 -0.999997615814209 0.002184694167226553 
vn 3.097898456858039e-13 -0.999997615814209 0.002184694167226553 
vn 3.097898456858039e-13 -0.999997615814209 -0.002184694167226553 
vn 3.097898456858039e-13 -0.999997615814209 -0.002184694167226553 
vn 3.097898456858039e-13 -0.999997615814209 -0.002184694167226553 
vn 3.097898456858039e-13 -0.999997615814209 -0.002184694167226553 
vn 3.097898456858039e-13 -0.999997615814209 0.002184694167226553 
vn 3.097898456858039e-13 -0.999997615814209 0.002184694167226553 
vn 3.097898456858039e-13 -0.999997615814209 0.002184694167226553 
vn 3.097898456858039e-13 -0.999997615814209 0.002184694167226553 
vn 3.097898456858039e-13 -0.999997615814209 -0.002184694167226553 
vn 3.097898456858039e-13 -0.999997615814209 -0.002184694167226553 
vn 0.9982607960700989 0 0.058952588587999344 
vn 0.9989477396011353 0 -0.04586252197623253 
vn 0.9982607960700989 0 0.058952588587999344 
vn 0.9989477396011353 0 -0.04586252197623253 
vn 0.9828073978424072 0 -0.18463370203971863 
vn 0.9828073978424072 0 -0.18463370203971863 
vn 0.9474846720695496 0 -0.3198012113571167 
vn 0.9474846720695496 0 -0.3198012113571167 
vn 0.8710779547691345 0 -0.4911448359489441 
vn 0.8710779547691345 0 -0.4911448359489441 
vn 0.7554894089698792 0 -0.6551609039306641 
vn 0.7554894089698792 0 -0.6551609039306641 
vn 0.6435311436653137 0 -0.7654199600219727 
vn 0.6435311436653137 0 -0.7654199600219727 
vn 0.5305778384208679 0 -0.8476362228393555 
vn 0.5305778384208679 0 -0.8476362228393555 
vn 0.47776663303375244 0 -0.8784868121147156 
vn 0.47776663303375244 0 -0.8784868121147156 
vn -0.0566549077630043 0.0036373657640069723 0.9983872175216675 
vn -0.0566549077630043 0.0036373657640069723 0.9983872175216675 
vn -0.0566549077630043 0.0036373657640069723 0.9983872175216675 
vn -0.0566549077630043 0.0036373657640069723 0.9983872175216675 
vn 0.9858840703964233 0 -0.16742929816246033 
vn 0.9858840703964233 0 -0.16742929816246033 
vn 0.9886596202850342 0 -0.15017375349998474 
vn 0.9886596202850342 0 -0.15017375349998474 
vn 0.986606240272522 0 -0.16312000155448914 
vn 0.986606240272522 0 -0.16312000155448914 
vn 0.9474846720695496 0 -0.3198012113571167 
vn 0.9474846720695496 0 -0.3198012113571167 
vn 0.8623613119125366 0 -0.5062933564186096 
vn 0.8623613119125366 0 -0.5062933564186096 
vn 0.74683678150177 0 -0.6650074124336243 
vn 0.74683678150177 0 -0.6650074124336243 
vn 0.630055844783783 0 -0.7765498161315918 
vn 0.630055844783783 0 -0.7765498161315918 
vn 0.5342764258384705 0 -0.8453097939491272 
vn 0.5342764258384705 0 -0.8453097939491272 
vn 0.47007158398628235 0 -0.882628321647644 
vn 0.47007158398628235 0 -0.882628321647644 
vn -0.9974023103713989 -2.0628583476817175e-13 -0.07203252613544464 
vn -0.9974023103713989 -2.0628583476817175e-13 -0.07203252613544464 
vn -0.999138593673706 -2.0664494963275326e-13 0.04149730131030083 
vn -0.999138593673706 -2.0664494963275326e-13 0.04149730131030083 
vn -0.9828073978424072 -2.0326728039470054e-13 0.18463370203971863 
vn -0.9828073978424072 -2.0326728039470054e-13 0.18463370203971863 
vn -0.9502356052398682 0.0037740441039204597 0.31150925159454346 
vn -0.9502356052398682 0.0037740441039204597 0.31150925159454346 
vn -0.8710697293281555 0.0037745703011751175 0.4911448359489441 
vn -0.8710697293281555 0.0037745703011751175 0.4911448359489441 
vn -0.7497258186340332 0.0037685649003833532 0.661737859249115 
vn -0.7497258186340332 0.0037685649003833532 0.661737859249115 
vn -0.6401805877685547 -1.3240413810917256e-13 0.7682244777679443 
vn -0.6401805877685547 -1.3240413810917256e-13 0.7682244777679443 
vn -0.6232457756996155 -1.2890162299095814e-13 0.7820260524749756 
vn -0.6232457756996155 -1.2890162299095814e-13 0.7820260524749756 
vn -0.6334428787231445 -1.310106266094041e-13 0.7737894654273987 
vn -0.6334428787231445 -1.310106266094041e-13 0.7737894654273987 
vn 3.097898456858039e-13 -0.999997615814209 -0.002184694167226553 
vn 3.097898456858039e-13 -0.999997615814209 0.002184694167226553 
vn 3.097898456858039e-13 -0.999997615814209 -0.002184694167226553 
vn 3.097898456858039e-13 -0.999997615814209 0.002184694167226553 
vn 3.097898456858039e-13 -0.999997615814209 -0.002184694167226553 
vn 3.097898456858039e-13 -0.999997615814209 -0.002184694167226553 
vn 3.097898456858039e-13 -0.999997615814209 -0.002184694167226553 
vn 3.097898456858039e-13 -0.999997615814209 0.002184694167226553 
vn 3.097898456858039e-13 -0.999997615814209 0.002184694167226553 
vn 3.097898456858039e-13 -0.999997615814209 0.002184694167226553 
vn 3.097898456858039e-13 -0.999997615814209 -0.002184694167226553 
vn 3.097898456858039e-13 -0.999997615814209 -0.002184694167226553 
vn 3.097898456858039e-13 -0.999997615814209 -0.002184694167226553 
vn 3.097898456858039e-13 -0.999997615814209 -0.002184694167226553 
vn 3.097898456858039e-13 -0.999997615814209 -0.002184694167226553 
vn 3.097898456858039e-13 -0.999997615814209 -0.002184694167226553 
vn 3.097898456858039e-13 -0.999997615814209 0.002184694167226553 
vn 3.097898456858039e-13 -0.999997615814209 0.002184694167226553 
vn 3.097898456858039e-13 -0.999997615814209 0.002184694167226553 
vn 3.097898456858039e-13 -0.999997615814209 0.002184694167226553 
vn 3.097898456858039e-13 -0.999997615814209 -0.002184694167226553 
vn 3.097898456858039e-13 -0.999997615814209 -0.002184694167226553 
vn 3.097898456858039e-13 -0.999997615814209 0.002184694167226553 
vn 3.097898456858039e-13 -0.999997615814209 0.002184694167226553 
vn 3.097898456858039e-13 -0.999997615814209 0.002184694167226553 
vn 3.097898456858039e-13 -0.999997615814209 0.002184694167226553 
vn 3.097898456858039e-13 -0.999997615814209 0.002184694167226553 
vn 3.097898456858039e-13 -0.999997615814209 0.002184694167226553 
vn 3.097898456858039e-13 -0.999997615814209 0.002184694167226553 
vn 3.097898456858039e-13 -0.999997615814209 0.002184694167226553 
vn 0.31773048639297485 0 0.9481810927391052 
vn 0.31773048639297485 0 0.9481810927391052 
vn 0.2124682515859604 0 0.9771679639816284 
vn 0.2124682515859604 0 0.9771679639816284 
vn 0 0 1 
vn 0 0 1 
vn -0.2081630676984787 0.0037373360246419907 0.9780870079994202 
vn -0.2081630676984787 0.0037373360246419907 0.9780870079994202 
vn -0.40726879239082336 -8.405173665361129e-14 0.913308322429657 
vn -0.40726879239082336 -8.405173665361129e-14 0.913308322429657 
vn -0.5884799361228943 0.0037653555627912283 0.8085030317306519 
vn -0.5884799361228943 0.0037653555627912283 0.8085030317306519 
vn -0.7439239621162415 -1.5386066173298657e-13 0.6682642698287964 
vn -0.7439239621162415 -1.5386066173298657e-13 0.6682642698287964 
vn -0.8667527437210083 -1.7926449441627718e-13 0.4987381398677826 
vn -0.8667527437210083 -1.7926449441627718e-13 0.4987381398677826 
vn -0.95159512758255 -1.9681185934455891e-13 0.30735430121421814 
vn -0.95159512758255 -1.9681185934455891e-13 0.30735430121421814 
vn -0.9947329759597778 -2.0573375902194213e-13 0.10250037163496017 
vn -0.9947329759597778 -2.0573375902194213e-13 0.10250037163496017 
vn -0.9947329759597778 -2.0573375902194213e-13 -0.10250037163496017 
vn -0.9947329759597778 -2.0573375902194213e-13 -0.10250037163496017 
vn -0.95159512758255 -1.9681185934455891e-13 -0.30735430121421814 
vn -0.95159512758255 -1.9681185934455891e-13 -0.30735430121421814 
vn -0.8667445182800293 0.0037766648456454277 -0.4987381398677826 
vn -0.8667445182800293 0.0037766648456454277 -0.4987381398677826 
vn -0.7439143657684326 0.0037755994126200676 -0.6682642698287964 
vn -0.7439143657684326 0.0037755994126200676 -0.6682642698287964 
vn -0.5884798765182495 0.0037807554472237825 -0.8085030317306519 
vn -0.5884798765182495 0.0037807554472237825 -0.8085030317306519 
vn 3.097898456858039e-13 -0.999997615814209 0.002184694167226553 
vn 3.097898456858039e-13 -0.999997615814209 -0.002184694167226553 
vn 3.097898456858039e-13 -0.999997615814209 0.002184694167226553 
vn 3.097898456858039e-13 -0.999997615814209 -0.002184694167226553 
vn 3.097898456858039e-13 -0.999997615814209 -0.002184694167226553 
vn 3.097898456858039e-13 -0.999997615814209 -0.002184694167226553 
vn 3.097898456858039e-13 -0.999997615814209 0.002184694167226553 
vn 3.097898456858039e-13 -0.999997615814209 0.002184694167226553 
vn 3.097898456858039e-13 -0.999997615814209 -0.002184694167226553 
vn 3.097898456858039e-13 -0.999997615814209 0.002184694167226553 
vn 3.097898456858039e-13 -0.999997615814209 -0.002184694167226553 
vn 3.097898456858039e-13 -0.999997615814209 -0.002184694167226553 
vn 3.097898456858039e-13 -0.999997615814209 0.002184694167226553 
vn 3.097898456858039e-13 -0.999997615814209 0.002184694167226553 
vn 3.097898456858039e-13 -0.999997615814209 0.002184694167226553 
vn 3.097898456858039e-13 -0.999997615814209 0.002184694167226553 
vn 3.097898456858039e-13 -0.999997615814209 0.002184694167226553 
vn 3.097898456858039e-13 -0.999997615814209 0.002184694167226553 
vn 3.097898456858039e-13 -0.999997615814209 -0.002184694167226553 
vn 3.097898456858039e-13 -0.999997615814209 -0.002184694167226553 
vn 3.097898456858039e-13 -0.999997615814209 -0.002184694167226553 
vn 3.097898456858039e-13 -0.999997615814209 -0.002184694167226553 
vn 3.097898456858039e-13 -0.999997615814209 0.002184694167226553 
vn 3.097898456858039e-13 -0.999997615814209 0.002184694167226553 
vn 3.097898456858039e-13 -0.999997615814209 0.002184694167226553 
vn 3.097898456858039e-13 -0.999997615814209 0.002184694167226553 
vn 3.097898456858039e-13 -0.999997615814209 -0.002184694167226553 
vn 3.097898456858039e-13 -0.999997615814209 -0.002184694167226553 
vn 3.097898456858039e-13 -0.999997615814209 -0.002184694167226553 
vn 3.097898456858039e-13 -0.999997615814209 -0.002184694167226553 
vn 3.097898456858039e-13 -0.999997615814209 0.002184694167226553 
vn 3.097898456858039e-13 -0.999997615814209 0.002184694167226553 
vn 0.6981536149978638 0.5901997089385986 -0.405272513628006 
vn 0.6981536149978638 0.5901997089385986 -0.405272513628006 
vn 0.8229895830154419 0.3102554976940155 -0.4758462607860565 
vn 0.8229895830154419 0.3102554976940155 -0.4758462607860565 
vn 0.8667527437210083 0 -0.4987381398677826 
vn 0.8667527437210083 0 -0.4987381398677826 
vn 0.8229895830154419 -0.3102554976940155 -0.4758462607860565 
vn 0.8229895830154419 -0.3102554976940155 -0.4758462607860565 
vn 0.6981536149978638 -0.5901997089385986 -0.405272513628006 
vn 0.6981536149978638 -0.5901997089385986 -0.405272513628006 
vn 0.5068937540054321 -0.8100120425224304 -0.2948545813560486 
vn 0.5068937540054321 -0.8100120425224304 -0.2948545813560486 
vn 0.2648181915283203 -0.9518421292304993 -0.15449213981628418 
vn 0.2648181915283203 -0.9518421292304993 -0.15449213981628418 
vn 3.097898456858039e-13 -0.999997615814209 -0.002184694167226553 
vn 3.097898456858039e-13 -0.999997615814209 0.002184694167226553 
vn -0.2648181915283203 -0.9518421292304993 0.15449213981628418 
vn -0.2648181915283203 -0.9518421292304993 0.15449213981628418 
vn -0.5079228281974792 -0.8093671798706055 0.2948545813560486 
vn -0.5079228281974792 -0.8093671798706055 0.2948545813560486 
vn -0.7005841732025146 -0.5873125195503235 0.405272513628006 
vn -0.7005841732025146 -0.5873125195503235 0.405272513628006 
vn -0.8229895830154419 -0.3102554976940155 0.4758462607860565 
vn -0.8229895830154419 -0.3102554976940155 0.4758462607860565 
vn -0.8667527437210083 -1.7926449441627718e-13 0.4987381398677826 
vn -0.8667527437210083 -1.7926449441627718e-13 0.4987381398677826 
vn -0.8229895830154419 0.3102554976940155 0.4758462607860565 
vn -0.8229895830154419 0.3102554976940155 0.4758462607860565 
vn -0.7005841732025146 0.5873125195503235 0.405272513628006 
vn -0.7005841732025146 0.5873125195503235 0.405272513628006 
vn -0.5079228281974792 0.8093671798706055 0.2948545813560486 
vn -0.5079228281974792 0.8093671798706055 0.2948545813560486 
vn -0.2648181915283203 0.9518421292304993 0.15449213981628418 
vn -0.2648181915283203 0.9518421292304993 0.15449213981628418 
vn -1.0341130485562108e-13 0.999997615814209 0.002184694167226553 
vn -1.0341130485562108e-13 0.999997615814209 0.002184694167226553 
vn 0.2648181915283203 0.9518421292304993 -0.15449213981628418 
vn 0.2648181915283203 0.9518421292304993 -0.15449213981628418 
vn 0.5068937540054321 0.8100120425224304 -0.2948545813560486 
vn 0.5068937540054321 0.8100120425224304 -0.2948545813560486 
vn 0.6981536149978638 0.5901997089385986 -0.405272513628006 
vn 0.6981536149978638 0.5901997089385986 -0.405272513628006 
vn -1.0341130485562108e-13 0.999997615814209 0.002184694167226553 
vn -1.0341130485562108e-13 0.999997615814209 0.002184694167226553 
vn -1.0341130485562108e-13 0.999997615814209 0.002184694167226553 
vn -1.0341130485562108e-13 0.999997615814209 0.002184694167226553 
vn -0.7490726709365845 0.5013646483421326 0.43303996324539185 
vn -0.7490726709365845 0.5013646483421326 0.43303996324539185 
vn -0.7490726709365845 0.5013646483421326 0.43303996324539185 
vn -0.7490726709365845 0.5013646483421326 0.43303996324539185 
vn -0.7490726709365845 -0.5013646483421326 0.43303996324539185 
vn -0.7490726709365845 -0.5013646483421326 0.43303996324539185 
vn -0.7490726709365845 -0.5013646483421326 0.43303996324539185 
vn -0.7490726709365845 -0.5013646483421326 0.43303996324539185 
vn 3.097898456858039e-13 -0.999997615814209 -0.002184694167226553 
vn 3.097898456858039e-13 -0.999997615814209 -0.002184694167226553 
vn 3.097898456858039e-13 -0.999997615814209 -0.002184694167226553 
vn 3.097898456858039e-13 -0.999997615814209 -0.002184694167226553 
vn 0.7507741451263428 -0.4988131523132324 -0.43303996324539185 
vn 0.7507741451263428 -0.4988131523132324 -0.43303996324539185 
vn 0.7507741451263428 -0.4988131523132324 -0.43303996324539185 
vn 0.7507741451263428 -0.4988131523132324 -0.43303996324539185 
vn 0.7507741451263428 0.4988131523132324 -0.43303996324539185 
vn 0.7507741451263428 0.4988131523132324 -0.43303996324539185 
vn 0.7507741451263428 0.4988131523132324 -0.43303996324539185 
vn 0.7507741451263428 0.4988131523132324 -0.43303996324539185 
vn 0.6981536149978638 0.5901997089385986 -0.405272513628006 
vn 0.6981536149978638 0.5901997089385986 -0.405272513628006 
vn 0.8229895830154419 0.3102554976940155 -0.4758462607860565 
vn 0.8229895830154419 0.3102554976940155 -0.4758462607860565 
vn 0.8667527437210083 0 -0.4987381398677826 
vn 0.8667527437210083 0 -0.4987381398677826 
vn 0.8229895830154419 -0.3102554976940155 -0.4758462607860565 
vn 0.8229895830154419 -0.3102554976940155 -0.4758462607860565 
vn 0.6981536149978638 -0.5901997089385986 -0.405272513628006 
vn 0.6981536149978638 -0.5901997089385986 -0.405272513628006 
vn 0.5068937540054321 -0.8100120425224304 -0.2948545813560486 
vn 0.5068937540054321 -0.8100120425224304 -0.2948545813560486 
vn 0.2648181915283203 -0.9518421292304993 -0.15449213981628418 
vn 0.2648181915283203 -0.9518421292304993 -0.15449213981628418 
vn 3.097898456858039e-13 -0.999997615814209 -0.002184694167226553 
vn 3.097898456858039e-13 -0.999997615814209 -0.002184694167226553 
vn -0.2648181915283203 -0.9518421292304993 0.15449213981628418 
vn -0.2648181915283203 -0.9518421292304993 0.15449213981628418 
vn -0.5079228281974792 -0.8093671798706055 0.2948545813560486 
vn -0.5079228281974792 -0.8093671798706055 0.2948545813560486 
vn -0.7005841732025146 -0.5873125195503235 0.405272513628006 
vn -0.7005841732025146 -0.5873125195503235 0.405272513628006 
vn -0.8229895830154419 -0.3102554976940155 0.4758462607860565 
vn -0.8229895830154419 -0.3102554976940155 0.4758462607860565 
vn -0.8667527437210083 -1.7926449441627718e-13 0.4987381398677826 
vn -0.8667527437210083 -1.7926449441627718e-13 0.4987381398677826 
vn -0.8229895830154419 0.3102554976940155 0.4758462607860565 
vn -0.8229895830154419 0.3102554976940155 0.4758462607860565 
vn -0.7005841732025146 0.5873125195503235 0.405272513628006 
vn -0.7005841732025146 0.5873125195503235 0.405272513628006 
vn -0.5079228281974792 0.8093671798706055 0.2948545813560486 
vn -0.5079228281974792 0.8093671798706055 0.2948545813560486 
vn -0.2648181915283203 0.9518421292304993 0.15449213981628418 
vn -0.2648181915283203 0.9518421292304993 0.15449213981628418 
vn -1.0341130485562108e-13 0.999997615814209 0.002184694167226553 
vn -1.0341130485562108e-13 0.999997615814209 0.002184694167226553 
vn 0.2648181915283203 0.9518421292304993 -0.15449213981628418 
vn 0.2648181915283203 0.9518421292304993 -0.15449213981628418 
vn 0.5068937540054321 0.8100120425224304 -0.2948545813560486 
vn 0.5068937540054321 0.8100120425224304 -0.2948545813560486 
vn 0.6981536149978638 0.5901997089385986 -0.405272513628006 
vn 0.6981536149978638 0.5901997089385986 -0.405272513628006 
vn 0.5006305575370789 0 0.865661084651947 
vn 0.5006305575370789 0 0.865661084651947 
vn 0.5006305575370789 0 0.865661084651947 
vn 0.5006305575370789 0 0.865661084651947 
vn 0.5006305575370789 0 0.865661084651947 
vn 0.5006305575370789 0 0.865661084651947 
vn 0.5006305575370789 0 0.865661084651947 
vn 0.5006305575370789 0 0.865661084651947 
vn 0.5006305575370789 0 0.865661084651947 
vn 0.5006305575370789 0 0.865661084651947 
vn 0.5006305575370789 0 0.865661084651947 
vn 0.5006305575370789 0 0.865661084651947 
vn 0.5006305575370789 0 0.865661084651947 
vn 0.5006305575370789 0 0.865661084651947 
vn 0.5006305575370789 0 0.865661084651947 
vn 0.5006305575370789 0 0.865661084651947 
vn 0.5006305575370789 0 0.865661084651947 
vn 0.5006305575370789 0 0.865661084651947 
vn 0.5006305575370789 0 0.865661084651947 
vn 0.5006305575370789 0 0.865661084651947 
vn 0.5006305575370789 0 0.865661084651947 
vn 0.5006305575370789 0 0.865661084651947 
vn 0.5006305575370789 0 0.865661084651947 
vn 0.5006305575370789 0 0.865661084651947 
vn 0.5006305575370789 0 0.865661084651947 
vn 0.5006305575370789 0 0.865661084651947 
vn 0.5006305575370789 0 0.865661084651947 
vn 0.5006305575370789 0 0.865661084651947 
vn 0.5006305575370789 0 0.865661084651947 
vn 0.5006305575370789 0 0.865661084651947 
vn 0.5006305575370789 0 0.865661084651947 
vn 0.5006305575370789 0 0.865661084651947 
vn 0.5006305575370789 0 0.865661084651947 
vn 0.5006305575370789 0 0.865661084651947 
vn 0.5006305575370789 0 0.865661084651947 
vn 0.5006305575370789 0 0.865661084651947 
vn 0.5006305575370789 0 0.865661084651947 
vn 0.5006305575370789 0 0.865661084651947 
vn 0.5006305575370789 0 0.865661084651947 
vn 0.5006305575370789 0 0.865661084651947 
vn 0.5006305575370789 0 0.865661084651947 
vn 0.5006305575370789 0 0.865661084651947 
vn 0.5068937540054321 -0.8100120425224304 -0.2948545813560486 
vn 0.5068937540054321 -0.8100120425224304 -0.2948545813560486 
vn 0.2648181915283203 -0.9518421292304993 -0.15449213981628418 
vn 0.2648181915283203 -0.9518421292304993 -0.15449213981628418 
vn 3.097898456858039e-13 -0.999997615814209 0.002184694167226553 
vn 3.097898456858039e-13 -0.999997615814209 0.002184694167226553 
vn -0.2648181915283203 -0.9518421292304993 0.15449213981628418 
vn -0.2648181915283203 -0.9518421292304993 0.15449213981628418 
vn -0.5079228281974792 -0.8093671798706055 0.2948545813560486 
vn -0.5079228281974792 -0.8093671798706055 0.2948545813560486 
vn -0.7005841732025146 -0.5873125195503235 0.405272513628006 
vn -0.7005841732025146 -0.5873125195503235 0.405272513628006 
vn -0.8229895830154419 -0.3102554976940155 0.4758462607860565 
vn -0.8229895830154419 -0.3102554976940155 0.4758462607860565 
vn -0.8667527437210083 -1.7926449441627718e-13 0.4987381398677826 
vn -0.8667527437210083 -1.7926449441627718e-13 0.4987381398677826 
vn -0.8229895830154419 0.3102554976940155 0.4758462607860565 
vn -0.8229895830154419 0.3102554976940155 0.4758462607860565 
vn -0.7005841732025146 0.5873125195503235 0.405272513628006 
vn -0.7005841732025146 0.5873125195503235 0.405272513628006 
vn -0.5079228281974792 0.8093671798706055 0.2948545813560486 
vn -0.5079228281974792 0.8093671798706055 0.2948545813560486 
vn -0.2648181915283203 0.9518421292304993 0.15449213981628418 
vn -0.2648181915283203 0.9518421292304993 0.15449213981628418 
vn -1.0341130485562108e-13 0.999997615814209 -0.002184694167226553 
vn -1.0341130485562108e-13 0.999997615814209 0.002184694167226553 
vn 0.2648181915283203 0.9518421292304993 -0.15449213981628418 
vn 0.2648181915283203 0.9518421292304993 -0.15449213981628418 
vn 0.5068937540054321 0.8100120425224304 -0.2948545813560486 
vn 0.5068937540054321 0.8100120425224304 -0.2948545813560486 
vn 0.6981536149978638 0.5901997089385986 -0.405272513628006 
vn 0.6981536149978638 0.5901997089385986 -0.405272513628006 
vn 0.8229895830154419 0.3102554976940155 -0.4758462607860565 
vn 0.8229895830154419 0.3102554976940155 -0.4758462607860565 
vn 0.8667527437210083 0 -0.4987381398677826 
vn 0.8667527437210083 0 -0.4987381398677826 
vn 0.8229895830154419 -0.3102554976940155 -0.4758462607860565 
vn 0.8229895830154419 -0.3102554976940155 -0.4758462607860565 
vn 0.6981536149978638 -0.5901997089385986 -0.405272513628006 
vn 0.6981536149978638 -0.5901997089385986 -0.405272513628006 
vn 0.6981536149978638 -0.5901997089385986 -0.405272513628006 
vn 0.6981536149978638 -0.5901997089385986 -0.405272513628006 
vn 0.5068937540054321 -0.8100120425224304 -0.2948545813560486 
vn 0.5068937540054321 -0.8100120425224304 -0.2948545813560486 
vn 0.2648181915283203 -0.9518421292304993 -0.15449213981628418 
vn 0.2648181915283203 -0.9518421292304993 -0.15449213981628418 
vn 3.097898456858039e-13 -0.999997615814209 0.002184694167226553 
vn 3.097898456858039e-13 -0.999997615814209 0.002184694167226553 
vn -0.2648181915283203 -0.9518421292304993 0.15449213981628418 
vn -0.2648181915283203 -0.9518421292304993 0.15449213981628418 
vn -0.5079228281974792 -0.8093671798706055 0.2948545813560486 
vn -0.5079228281974792 -0.8093671798706055 0.2948545813560486 
vn -0.7005841732025146 -0.5873125195503235 0.405272513628006 
vn -0.7005841732025146 -0.5873125195503235 0.405272513628006 
vn -0.8229895830154419 -0.3102554976940155 0.4758462607860565 
vn -0.8229895830154419 -0.3102554976940155 0.4758462607860565 
vn -0.8667527437210083 -1.7926449441627718e-13 0.4987381398677826 
vn -0.8667527437210083 -1.7926449441627718e-13 0.4987381398677826 
vn -0.8229895830154419 0.3102554976940155 0.4758462607860565 
vn -0.8229895830154419 0.3102554976940155 0.4758462607860565 
vn -0.7005841732025146 0.5873125195503235 0.405272513628006 
vn -0.7005841732025146 0.5873125195503235 0.405272513628006 
vn -0.5079228281974792 0.8093671798706055 0.2948545813560486 
vn -0.5079228281974792 0.8093671798706055 0.2948545813560486 
vn -0.2648181915283203 0.9518421292304993 0.15449213981628418 
vn -0.2648181915283203 0.9518421292304993 0.15449213981628418 
vn -1.0341130485562108e-13 0.999997615814209 -0.002184694167226553 
vn -1.0341130485562108e-13 0.999997615814209 -0.002184694167226553 
vn 0.2648181915283203 0.9518421292304993 -0.15449213981628418 
vn 0.2648181915283203 0.9518421292304993 -0.15449213981628418 
vn 0.5068937540054321 0.8100120425224304 -0.2948545813560486 
vn 0.5068937540054321 0.8100120425224304 -0.2948545813560486 
vn 0.6981536149978638 0.5901997089385986 -0.405272513628006 
vn 0.6981536149978638 0.5901997089385986 -0.405272513628006 
vn 0.8229895830154419 0.3102554976940155 -0.4758462607860565 
vn 0.8229895830154419 0.3102554976940155 -0.4758462607860565 
vn 0.8667527437210083 0 -0.4987381398677826 
vn 0.8667527437210083 0 -0.4987381398677826 
vn 0.8229895830154419 -0.3102554976940155 -0.4758462607860565 
vn 0.8229895830154419 -0.3102554976940155 -0.4758462607860565 
vn 0.5006305575370789 0 0.865661084651947 
vn 0.5006305575370789 0 0.865661084651947 
vn 0.5006305575370789 0 0.865661084651947 
vn 0.5006305575370789 0 0.865661084651947 
vn 0.5006305575370789 0 0.865661084651947 
vn 0.5006305575370789 0 0.865661084651947 
vn 0.5006305575370789 0 0.865661084651947 
vn 0.49781161546707153 0.11941716074943542 0.8590245246887207 
vn 0.49781161546707153 0.11941716074943542 0.8590245246887207 
vn 0.5299108624458313 0.11212286353111267 0.8406086564064026 
vn 0.5299108624458313 0.11212286353111267 0.8406086564064026 
vn 0.5550037622451782 0.09743718057870865 0.8261215686798096 
vn 0.5550037622451782 0.09743718057870865 0.8261215686798096 
vn 0.5810307860374451 0.06763191521167755 0.8110666871070862 
vn 0.5810307860374451 0.06763191521167755 0.8110666871070862 
vn 0.5943453907966614 0.03761935606598854 0.8033295273780823 
vn 0.5943453907966614 0.03761935606598854 0.8033295273780823 
vn 0.5990391373634338 0 0.8007197380065918 
vn 0.5990391373634338 0 0.8007197380065918 
vn 0.5943453907966614 -0.03761935606598854 0.8033295273780823 
vn 0.5943453907966614 -0.03761935606598854 0.8033295273780823 
vn 0.5810307860374451 -0.06763191521167755 0.8110666871070862 
vn 0.5810307860374451 -0.06763191521167755 0.8110666871070862 
vn 0.5550037622451782 -0.09743718057870865 0.8261215686798096 
vn 0.5550037622451782 -0.09743718057870865 0.8261215686798096 
vn 0.5299108624458313 -0.11212286353111267 0.8406086564064026 
vn 0.5299108624458313 -0.11212286353111267 0.8406086564064026 
vn 0.49781161546707153 -0.11941716074943542 0.8590245246887207 
vn 0.49781161546707153 -0.11941716074943542 0.8590245246887207 
vn 0.46449995040893555 -0.111806720495224 0.8784868121147156 
vn 0.46449995040893555 -0.111806720495224 0.8784868121147156 
vn 0.4361037611961365 -0.09705660492181778 0.8946471214294434 
vn 0.4361037611961365 -0.09705660492181778 0.8946471214294434 
vn 0.4137456715106964 -0.06743571162223816 0.9078915119171143 
vn 0.4137456715106964 -0.06743571162223816 0.9078915119171143 
vn 0.39749661087989807 -0.03761233016848564 0.916832447052002 
vn 0.39749661087989807 -0.03761233016848564 0.916832447052002 
vn 0.39526233077049255 0 0.9185682535171509 
vn 0.39526233077049255 0 0.9185682535171509 
vn 0.39749661087989807 0.03761233016848564 0.916832447052002 
vn 0.39749661087989807 0.03761233016848564 0.916832447052002 
vn 0.4137456715106964 0.06743571162223816 0.9078915119171143 
vn 0.4137456715106964 0.06743571162223816 0.9078915119171143 
vn 0.4361037611961365 0.09705660492181778 0.8946471214294434 
vn 0.4361037611961365 0.09705660492181778 0.8946471214294434 
vn 0.46449995040893555 0.111806720495224 0.8784868121147156 
vn 0.46449995040893555 0.111806720495224 0.8784868121147156 
vn -0.21014255285263062 0.1023997813463211 -0.9722933769226074 
vn -0.21014255285263062 0.1023997813463211 -0.9722933769226074 
vn -0.19535815715789795 -4.0404579503125135e-14 -0.9807319641113281 
vn -0.19535815715789795 -4.0404579503125135e-14 -0.9807319641113281 
vn -0.21014255285263062 -0.1023997813463211 -0.9722933769226074 
vn -0.21014255285263062 -0.1023997813463211 -0.9722933769226074 
vn -0.24916724860668182 -0.1903967559337616 -0.949560284614563 
vn -0.24916724860668182 -0.1903967559337616 -0.949560284614563 
vn -0.3124089539051056 -0.2550114095211029 -0.9150791168212891 
vn -0.3124089539051056 -0.2550114095211029 -0.9150791168212891 
vn -0.3898147642612457 -0.3018932044506073 -0.8700028657913208 
vn -0.3898147642612457 -0.3018932044506073 -0.8700028657913208 
vn -0.4721338450908661 -0.3205874264240265 -0.8211658596992493 
vn -0.4721338450908661 -0.3205874264240265 -0.8211658596992493 
vn -0.5610091686248779 -0.301339715719223 -0.7710143327713013 
vn -0.5610091686248779 -0.301339715719223 -0.7710143327713013 
vn -0.6355261206626892 -0.25812840461730957 -0.7276512384414673 
vn -0.6355261206626892 -0.25812840461730957 -0.7276512384414673 
vn -0.6975946426391602 -0.1905071884393692 -0.6907016038894653 
vn -0.6975946426391602 -0.1905071884393692 -0.6907016038894653 
vn -0.7369502186775208 -0.10162287950515747 -0.6682642698287964 
vn -0.7369502186775208 -0.10162287950515747 -0.6682642698287964 
vn -0.7497352957725525 -1.550625811563497e-13 -0.661737859249115 
vn -0.7497352957725525 -1.550625811563497e-13 -0.661737859249115 
vn -0.7369502186775208 0.10162287950515747 -0.6682642698287964 
vn -0.7369502186775208 0.10162287950515747 -0.6682642698287964 
vn -0.6975946426391602 0.1905071884393692 -0.6907016038894653 
vn -0.6975946426391602 0.1905071884393692 -0.6907016038894653 
vn -0.6355261206626892 0.25812840461730957 -0.7276512384414673 
vn -0.6355261206626892 0.25812840461730957 -0.7276512384414673 
vn -0.5610091686248779 0.301339715719223 -0.7710143327713013 
vn -0.5610091686248779 0.301339715719223 -0.7710143327713013 
vn -0.4721338450908661 0.3205874264240265 -0.8211658596992493 
vn -0.4721338450908661 0.3205874264240265 -0.8211658596992493 
vn -0.3898147642612457 0.3018932044506073 -0.8700028657913208 
vn -0.3898147642612457 0.3018932044506073 -0.8700028657913208 
vn -0.3124089539051056 0.2550114095211029 -0.9150791168212891 
vn -0.3124089539051056 0.2550114095211029 -0.9150791168212891 
vn -0.24916724860668182 0.1903967559337616 -0.949560284614563 
vn -0.24916724860668182 0.1903967559337616 -0.949560284614563 
vn -0.5006305575370789 -1.0354196476993274e-13 -0.865661084651947 
vn -0.5006305575370789 -1.0354196476993274e-13 -0.865661084651947 
vn -0.5006305575370789 -1.0354196476993274e-13 -0.865661084651947 
vn -0.5006305575370789 -1.0354196476993274e-13 -0.865661084651947 
vn -0.5006305575370789 -1.0354196476993274e-13 -0.865661084651947 
vn -0.5006305575370789 -1.0354196476993274e-13 -0.865661084651947 
vn -0.5006305575370789 -1.0354196476993274e-13 -0.865661084651947 
vn 0.36271312832832336 -0.901552140712738 -0.23588760197162628 
vn 0.35927900671958923 -0.9006673097610474 -0.24437066912651062 
vn -0.3821081817150116 -0.9027662873268127 0.1975002884864807 
vn -0.39446139335632324 -0.8992814421653748 0.18892620503902435 
vn -0.8471947312355042 -0.22017095983028412 0.4835140109062195 
vn -0.8490608930587769 -0.21286097168922424 0.4835140109062195 
vn -0.6680143475532532 0.6266863942146301 0.401274174451828 
vn -0.6557549238204956 0.6344203352928162 0.40926313400268555 
vn 0.01510031707584858 0.9996926784515381 0.01966099627315998 
vn 0.02263815514743328 0.999053955078125 0.03713129088282585 
vn 0.6829444766044617 0.6255900263786316 -0.37712597846984863 
vn 0.6838332414627075 0.6318076848983765 -0.3649536371231079 
vn 0.8418023586273193 -0.22393204271793365 -0.4911448359489441 
vn 0.8414743542671204 -0.21667759120464325 -0.4949462115764618 
vn 0.36271312832832336 -0.901552140712738 -0.23588760197162628 
vn 0.35927900671958923 -0.9006673097610474 -0.24437066912651062 
vn 0.6935757994651794 0.6455073952674866 -0.3198012113571167 
vn 0.05467963591217995 0.9940879940986633 0.09380380809307098 
vn -0.6232232451438904 0.6459099650382996 0.4409002661705017 
vn -0.8577162027359009 -0.19466188549995422 0.4758462607860565 
vn -0.8689963221549988 -0.19088099896907806 0.456519216299057 
vn -0.43048766255378723 -0.891431450843811 0.1415284425020218 
vn -0.4680247902870178 -0.8811203241348267 0.06767380982637405 
vn 0.2915147542953491 -0.8825218081474304 -0.3690181374549866 
vn -0.5043525099754333 -0.8634950518608093 0.002184694167226553 
vn 0.25341111421585083 -0.863038957118988 -0.43697428703308105 
vn 0.21855083107948303 -0.8387465476989746 -0.4987381398677826 
vn 0.3362063467502594 -0.8930555582046509 -0.2990269064903259 
vn 0.06945759803056717 -0.007424954324960709 0.9975572824478149 
vn 0.0709143728017807 -0.021874185651540756 0.9972425103187561 
vn -0.736890971660614 -0.041450340300798416 0.67473965883255 
vn -0.7388368248939514 -0.05653925612568855 0.6715083718299866 
vn -0.9845036864280701 -0.08297422528266907 -0.15449213981628418 
vn -0.9824391007423401 -0.09794669598340988 -0.15880759060382843 
vn -0.4986865222454071 -0.09774845093488693 -0.8612531423568726 
vn -0.4955551028251648 -0.11255286633968353 -0.8612531423568726 
vn 0.3576045334339142 -0.08245174586772919 -0.9302261471748352 
vn 0.3539048731327057 -0.09711134433746338 -0.9302261471748352 
vn 0.9518523812294006 -0.04528505355119705 -0.30319350957870483 
vn 0.951015293598175 -0.060362379997968674 -0.30319350957870483 
vn 0.8273162245750427 -0.007544739171862602 0.5616858005523682 
vn 0.829488217830658 -0.022632943466305733 0.5580654144287109 
vn 0.06945759803056717 -0.007424954324960709 0.9975572824478149 
vn 0.0709143728017807 -0.021874185651540756 0.9972425103187561 
vn -0.4353635907173157 -0.7892622947692871 0.43303996324539185 
vn -0.593762993812561 -0.8024774789810181 -0.058952588587999344 
vn -0.27844861149787903 -0.8276302814483643 -0.48733407258987427 
vn 0.24208950996398926 -0.8037562966346741 -0.5434780716896057 
vn 0.5929669141769409 -0.7885316610336304 -0.16312000155448914 
vn 0.49099138379096985 -0.8001424074172974 0.34452807903289795 
vn 0.04899094998836517 -0.7979065179824829 0.6007870435714722 
vn 0.022641615942120552 -0.9992066025733948 0.03276457265019417 
vn 0.02832009457051754 -0.9985462427139282 0.04586252197623253 
vn 0.015092821791768074 -0.9991964101791382 0.03713129088282585 
vn 0.030186811462044716 -0.9990071058273315 0.03276457265019417 
vn 0.030177012085914612 -0.9986827969551086 0.04149730131030083 
vn 0.020764991641044617 -0.9985219240188599 0.05022686347365379 
vn 0.22817350924015045 -0.9706190824508667 0.0763898640871048 
vn 0.12798529863357544 -0.967324435710907 0.21886809170246124 
vn -0.050921861082315445 -0.9704452753067017 0.23588760197162628 
vn -0.17454949021339417 -0.9778472185134888 0.11553031951189041 
vn -0.13922694325447083 -0.9876371622085571 -0.07203252613544464 
vn 0.0037733782082796097 -0.9873023629188538 -0.15880759060382843 
vn 0.41630658507347107 -0.5531185865402222 0.7216291427612305 
vn -0.2935313284397125 -0.5536587834358215 0.7792953848838806 
vn -0.7351589202880859 -0.6272650957107544 0.25706008076667786 
vn -0.6180192232131958 -0.6807371377944946 -0.3932546079158783 
vn -0.03587999567389488 -0.6786145567893982 -0.7336177229881287 
vn -0.3613957166671753 0.11465899646282196 0.9253358840942383 
vn -0.953131914138794 0.06782562285661697 0.2948545813560486 
vn -0.826798677444458 0.0302165187895298 -0.5616858005523682 
vn -0.07605801522731781 0.03303666040301323 -0.9965559244155884 
vn 0.4979485869407654 0.13407500088214874 0.8567795157432556 
vn 0.8208457827568054 -0.5544257760047913 0.1372016966342926 
vn 0.9812928438186646 0.12046648561954498 0.15017375349998474 
vn 0.5885313749313354 -0.6272743940353394 -0.5100564956665039 
vn 0.7319545149803162 0.0679372176527977 -0.677958071231842 
vn -0.03587999567389488 -0.6786145567893982 -0.7336177229881287 
vn -0.07605801522731781 0.03303666040301323 -0.9965559244155884 
vn 0.18195751309394836 -0.978821873664856 -0.09380380809307098 
vn 0.0037733782082796097 -0.9873023629188538 -0.15880759060382843 
vn 0.015090227127075195 -0.9990246295928955 0.04149730131030083 
vn 0.020764991641044617 -0.9985219240188599 0.05022686347365379 
vn 0.04899094998836517 -0.7979065179824829 0.6007870435714722 
vn 0.3362063467502594 -0.8930555582046509 -0.2990269064903259 
vn 0.8400744795799255 -0.1947866976261139 -0.5062933564186096 
vn 0.2915147542953491 -0.8825218081474304 -0.3690181374549866 
vn 0.8308914303779602 -0.19462525844573975 -0.5212872624397278 
vn 0.8230961561203003 -0.1873127669095993 -0.5361219048500061 
vn 0.748548686504364 0.6259166598320007 -0.21886809170246124 
vn 0.7748156785964966 0.6096130013465881 -0.16742929816246033 
vn 0.14105653762817383 0.9593675136566162 0.24437066912651062 
vn 0.1818377524614334 0.9298721551895142 0.3198012113571167 
vn -0.5630805492401123 0.6257401704788208 0.5398051738739014 
vn -0.5333980321884155 0.609295666217804 0.5867242813110352 
vn -0.8851584792137146 -0.1799163818359375 0.42909738421440125 
vn -0.5000876188278198 0.581318736076355 0.641857385635376 
vn -0.8941200971603394 -0.17256046831607819 0.41324591636657715 
vn -0.904050350189209 -0.1577054262161255 0.3972681760787964 
vn -0.6316900253295898 -0.7436830401420593 -0.21886809170246124 
vn -0.6824421882629395 -0.6650912165641785 -0.30319350957870483 
vn 0.12787967920303345 -0.7445878386497498 -0.6551609039306641 
vn 0.07728274911642075 -0.6654150485992432 -0.7424622178077698 
vn 0.7243388891220093 0.6362746357917786 -0.26549527049064636 
vn 0.09796935319900513 0.9802596569061279 0.17173540592193604 
vn -0.5949167013168335 0.6362789273262024 0.4911448359489441 
vn -0.8758399486541748 -0.18719378113746643 0.44481781125068665 
vn -0.5440208315849304 -0.8366795778274536 -0.0633138045668602 
vn -0.5858868956565857 -0.7986940741539001 -0.1372016966342926 
vn 0.1761307418346405 -0.8007758855819702 -0.5724822878837585 
vn 0.030242005363106728 -0.5770518183708191 -0.8161473870277405 
vn -0.7223024964332581 -0.5770521759986877 -0.3811691105365753 
vn -0.9227079153060913 -0.12417316436767578 0.3649536371231079 
vn -0.7567375302314758 -0.4826544225215912 -0.4409002661705017 
vn -0.9301877617835999 -0.10168758779764175 0.3527185618877411 
vn -0.7819780707359314 -0.39335036277770996 -0.4835140109062195 
vn -0.936271607875824 -0.0866469070315361 0.34042292833328247 
vn -0.8127727508544922 -0.26011553406715393 -0.5212872624397278 
vn -0.9385700821876526 -0.05655498057603836 0.34042292833328247 
vn -0.8247578144073486 -0.14286938309669495 -0.5471406579017639 
vn -0.944044291973114 -0.03393102064728737 0.3280687630176544 
vn -0.8294873237609863 -0.022665737196803093 -0.5580654144287109 
vn -0.9474771618843079 -0.003772627329453826 0.3198012113571167 
vn -0.829450249671936 0.06793206930160522 -0.5544344186782837 
vn -0.9500557780265808 0.018869031220674515 0.31150925159454346 
vn -0.8234607577323914 0.12047781050205231 -0.5544344186782837 
vn -0.9511160850524902 0.030192147940397263 0.30735430121421814 
vn -0.8209967017173767 0.15030549466609955 -0.5507928133010864 
vn -0.9523233771324158 0.03396938741207123 0.30319350957870483 
vn -0.8196022510528564 0.15773218870162964 -0.5507928133010864 
vn -0.9534978270530701 0.03774642199277878 0.2990269064903259 
vn -0.8196022510528564 0.15773218870162964 -0.5507928133010864 
vn -0.9534978270530701 0.03774642199277878 0.2990269064903259 
vn -0.8181406259536743 0.16514596343040466 -0.5507928133010864 
vn -0.9534978270530701 0.03774642199277878 0.2990269064903259 
vn -0.8196022510528564 0.15773218870162964 -0.5507928133010864 
vn -0.9547980427742004 0.03770282492041588 0.2948545813560486 
vn -0.818543016910553 0.1502990424633026 -0.5544344186782837 
vn -0.9562193155288696 0.03393702954053879 0.29067665338516235 
vn -0.8210052251815796 0.12047168612480164 -0.5580654144287109 
vn -0.9562193155288696 0.03393702954053879 0.29067665338516235 
vn -0.8215266466140747 0.09799494594335556 -0.5616858005523682 
vn -0.9564571380615234 0.02639765478670597 0.29067665338516235 
vn -0.8220875263214111 0.06792061030864716 -0.5652954578399658 
vn -0.9566355347633362 0.01885663904249668 0.29067665338516235 
vn -0.8236432075500488 0.0453089140355587 -0.5652954578399658 
vn -0.9567544460296631 0.0113144526258111 0.29067665338516235 
vn -0.8245771527290344 0.022663012146949768 -0.5652954578399658 
vn -0.9568139314651489 0.003771562362089753 0.29067665338516235 
vn -0.8248538970947266 0.007555182091891766 -0.5652954578399658 
vn -0.9568139314651489 0.003771562362089753 0.29067665338516235 
vn -0.8248885273933411 -1.7060600165669931e-13 -0.5652954578399658 
vn -0.9568139314651489 0.003771562362089753 0.29067665338516235 
vn -0.8248538970947266 -0.007555182091891766 -0.5652954578399658 
vn -0.9555421471595764 -1.9762819581780472e-13 0.2948545813560486 
vn -0.8215433359146118 0.03775981068611145 -0.5688942670822144 
vn -0.9566491842269897 0.07160088419914246 0.28230419754981995 
vn -0.826798677444458 0.0302165187895298 -0.5616858005523682 
vn -0.953131914138794 0.06782562285661697 0.2948545813560486 
vn -0.37191855907440186 -0.10777779668569565 0.9219872951507568 
vn -0.36975178122520447 -0.11499172449111938 0.9219872951507568 
vn -0.36975178122520447 -0.11499172449111938 0.9219872951507568 
vn -0.37191855907440186 -0.10777779668569565 0.9219872951507568 
vn -0.3656558692455292 -0.1002463847398758 0.9253358840942383 
vn -0.35686880350112915 -0.08558006584644318 0.9302261471748352 
vn -0.34823721647262573 -0.041263919323682785 0.9364978075027466 
vn -0.3378468155860901 0.018771525472402573 0.9410139322280884 
vn -0.3344970941543579 0.11818534135818481 0.9349566102027893 
vn 0.4921710193157196 0.17735272645950317 0.8522403836250305 
vn 0.47707170248031616 0.3065953552722931 0.8236515522003174 
vn 0.9649115204811096 0.20226995646953583 0.16742929816246033 
vn 0.44791173934936523 0.44791173934936523 0.7737894654273987 
vn 0.9477333426475525 0.2900800406932831 0.1328723281621933 
vn 0.4177621304988861 0.5480523109436035 0.7246471047401428 
vn 0.9267565608024597 0.3614082932472229 0.10250037163496017 
vn 0.3824569582939148 0.6448485851287842 0.661737859249115 
vn 0.9035571217536926 0.4237639904022217 0.0633138045668602 
vn 0.3380826711654663 0.7386478781700134 0.5831804275512695 
vn 0.8709640502929688 0.49122530221939087 0.010923261754214764 
vn 0.28349608182907104 0.8236544728279114 0.4911448359489441 
vn 0.8383310437202454 0.5428428053855896 -0.05022686347365379 
vn 0.2294694185256958 0.8867484331130981 0.401274174451828 
vn 0.8066934943199158 0.5795673727989197 -0.11553031951189041 
vn 0.4992172420024872 0.037590835243463516 0.865661084651947 
vn 0.49986475706100464 -0.06754849851131439 0.8634653687477112 
vn 0.49408218264579773 -0.13401365280151367 0.8590245246887207 
vn 0.49317774176597595 -0.16301694512367249 0.8545181155204773 
vn 0.4921710193157196 -0.17735272645950317 0.8522403836250305 
vn 0.4921710193157196 -0.17735272645950317 0.8522403836250305 
vn 0.4895641803741455 -0.18442673981189728 0.8522403836250305 
vn 0.4921710193157196 -0.17735272645950317 0.8522403836250305 
vn -0.37394461035728455 -0.10052308440208435 0.9219872951507568 
vn 0.49317774176597595 -0.16301694512367249 0.8545181155204773 
vn -0.374284952878952 -0.08212068676948547 0.9236704111099243 
vn 0.4979485869407654 -0.13407500088214874 0.8567795157432556 
vn -0.373780220746994 -0.0635758712887764 0.9253358840942383 
vn 0.4972790777683258 -0.10467342287302017 0.8612531423568726 
vn -0.3719130754470825 -0.04880506172776222 0.926983654499054 
vn 0.49880102276802063 -0.07500089704990387 0.8634653687477112 
vn -0.369828999042511 -0.030049145221710205 0.9286137819290161 
vn 0.49859583377838135 -0.045090314000844955 0.865661084651947 
vn -0.37074294686317444 -0.015036925673484802 0.9286137819290161 
vn 0.499725878238678 -0.030082866549491882 0.865661084651947 
vn -0.3669675588607788 -0.0037553836591541767 0.9302261471748352 
vn 0.5004042983055115 -0.015048232860863209 0.865661084651947 
vn -0.3669675588607788 -0.0037553836591541767 0.9302261471748352 
vn 0.5006305575370789 0 0.865661084651947 
vn -0.3669675588607788 0.0037553836591541767 0.9302261471748352 
vn 0.500573992729187 0.007524966262280941 0.865661084651947 
vn -0.3740209937095642 0.11480826139450073 0.9202865362167358 
vn 0.49408218264579773 0.13401365280151367 0.8590245246887207 
vn -0.3613957166671753 0.11465899646282196 0.9253358840942383 
vn 0.4979485869407654 0.13407500088214874 0.8567795157432556 
vn 1.4919529912719998e-13 -0.4816005229949951 -0.8763908743858337 
vn -0.028339752927422523 -0.39021724462509155 -0.9202865362167358 
vn -0.04697669669985771 -0.2591652274131775 -0.9646899104118347 
vn -0.0625605583190918 -0.14361572265625 -0.9876541495323181 
vn -0.0661967322230339 -0.022304276004433632 -0.9975572824478149 
vn -0.06986082345247269 0.06581311672925949 -0.9953833818435669 
vn -0.06527993083000183 0.12313101440668106 -0.9902410507202148 
vn -0.0645587220788002 0.15214470028877258 -0.9862475395202637 
vn -0.06654375791549683 0.1606508493423462 -0.9847655892372131 
vn -0.06654375791549683 0.1606508493423462 -0.9847655892372131 
vn -0.066438689827919 0.16533903777599335 -0.9839963912963867 
vn -0.06654375791549683 0.1606508493423462 -0.9847655892372131 
vn -0.07154763489961624 0.1441887766122818 -0.986960232257843 
vn -0.07402430474758148 0.12315621227025986 -0.9896226525306702 
vn -0.07566472142934799 0.09575030952692032 -0.9925254583358765 
vn -0.07548192143440247 0.0660906434059143 -0.994954526424408 
vn -0.0755838006734848 0.04363832622766495 -0.9961841106414795 
vn -0.0741141140460968 0.026077333837747574 -0.9969087839126587 
vn -0.0777435302734375 0.011352214962244034 -0.9969087839126587 
vn -0.07411297410726547 0.0038203089497983456 -0.9972425103187561 
vn -0.07332735508680344 -0.01142043061554432 -0.9972425103187561 
vn -0.07909950613975525 0.03688470646739006 -0.9961841106414795 
vn -0.07605801522731781 0.03303666040301323 -0.9965559244155884 
vn -0.33788448572158813 0.19724784791469574 0.9202865362167358 
vn -0.35843625664711 0.29203134775161743 0.8867024183273315 
vn -0.3758442997932434 0.3585245907306671 0.8545181155204773 
vn -0.3955210745334625 0.4261385202407837 0.8136147856712341 
vn -0.4252692759037018 0.49183326959609985 0.7597671151161194 
vn -0.9134162664413452 -0.14276142418384552 0.3811691105365753 
vn -0.4655107855796814 0.5414149761199951 0.7001210451126099 
vn 0.25341111421585083 -0.863038957118988 -0.43697428703308105 
vn 0.8150163888931274 -0.17993228137493134 -0.5507928133010864 
vn 0.21855083107948303 -0.8387465476989746 -0.4987381398677826 
vn 0.8066526651382446 -0.172489196062088 -0.5652954578399658 
vn 0.1761307418346405 -0.8007758855819702 -0.5724822878837585 
vn 0.7969173192977905 -0.15755441784858704 -0.5831804275512695 
vn 0.12787967920303345 -0.7445878386497498 -0.6551609039306641 
vn 0.7865622639656067 -0.14274001121520996 -0.6007870435714722 
vn 0.07728274911642075 -0.6654150485992432 -0.7424622178077698 
vn 0.7768250107765198 -0.12036076188087463 -0.6181069612503052 
vn 0.030242005363106728 -0.5770518183708191 -0.8161473870277405 
vn 0.7679738402366638 -0.10538987815380096 -0.6317508816719055 
vn 1.4919529912719998e-13 -0.4816005229949951 -0.8763908743858337 
vn 0.7623288631439209 -0.0829082652926445 -0.641857385635376 
vn -0.028339752927422523 -0.39021724462509155 -0.9202865362167358 
vn 0.7621802687644958 -0.0528758279979229 -0.6452018022537231 
vn -0.04697669669985771 -0.2591652274131775 -0.9646899104118347 
vn 0.7577433586120605 -0.0301969014108181 -0.651853621006012 
vn -0.0625605583190918 -0.14361572265625 -0.9876541495323181 
vn 0.7496973276138306 -0.0075491126626729965 -0.661737859249115 
vn -0.0661967322230339 -0.022304276004433632 -0.9975572824478149 
vn 0.7466838955879211 0.01511173415929079 -0.6650074124336243 
vn -0.06986082345247269 0.06581311672925949 -0.9953833818435669 
vn 0.7403802871704102 0.03022421896457672 -0.6715083718299866 
vn -0.06527993083000183 0.12313101440668106 -0.9902410507202148 
vn 0.7370899319648743 0.037746891379356384 -0.67473965883255 
vn -0.0645587220788002 0.15214470028877258 -0.9862475395202637 
vn 0.7370899319648743 0.037746891379356384 -0.67473965883255 
vn -0.06654375791549683 0.1606508493423462 -0.9847655892372131 
vn 0.7341290712356567 0.03778018429875374 -0.677958071231842 
vn -0.06654375791549683 0.1606508493423462 -0.9847655892372131 
vn 0.7341290712356567 0.03778018429875374 -0.677958071231842 
vn -0.066438689827919 0.16533903777599335 -0.9839963912963867 
vn 0.7341290712356567 0.03778018429875374 -0.677958071231842 
vn -0.06654375791549683 0.1606508493423462 -0.9847655892372131 
vn 0.7311573624610901 0.03775104135274887 -0.681163489818573 
vn -0.07154763489961624 0.1441887766122818 -0.986960232257843 
vn 0.7285211086273193 0.0302314143627882 -0.6843559741973877 
vn -0.07402430474758148 0.12315621227025986 -0.9896226525306702 
vn 0.7287953495979309 0.02267640456557274 -0.6843559741973877 
vn -0.07566472142934799 0.09575030952692032 -0.9925254583358765 
vn 0.7289913296699524 0.015118957497179508 -0.6843559741973877 
vn -0.07548192143440247 0.0660906434059143 -0.994954526424408 
vn 0.7291088700294495 0.0075598848052322865 -0.6843559741973877 
vn -0.0755838006734848 0.04363832622766495 -0.9961841106414795 
vn 0.7291088700294495 0.0075598848052322865 -0.6843559741973877 
vn -0.0741141140460968 0.026077333837747574 -0.9969087839126587 
vn 0.73213130235672 0 -0.681163489818573 
vn -0.0777435302734375 0.011352214962244034 -0.9969087839126587 
vn 0.73213130235672 0 -0.681163489818573 
vn -0.07411297410726547 0.0038203089497983456 -0.9972425103187561 
vn 0.73213130235672 0 -0.681163489818573 
vn -0.07332735508680344 -0.01142043061554432 -0.9972425103187561 
vn 0.722970724105835 0.06788560003042221 -0.6875353455543518 
vn -0.07909950613975525 0.03688470646739006 -0.9961841106414795 
vn 0.7319545149803162 0.0679372176527977 -0.677958071231842 
vn -0.07605801522731781 0.03303666040301323 -0.9965559244155884 
vn 0.9770991802215576 0.11294028908014297 0.18033768236637115 
vn 0.984122633934021 0.022653907537460327 0.1760382205247879 
vn 0.9848449230194092 -0.04525443911552429 0.16742929816246033 
vn 0.9845036864280701 -0.08297422528266907 0.15449213981628418 
vn 0.9836745262145996 -0.10541108250617981 0.1458524912595749 
vn 0.9834659099578857 -0.11298034340143204 0.1415284425020218 
vn 0.9834659099578857 -0.11298034340143204 0.1415284425020218 
vn 0.9834659099578857 -0.11298034340143204 0.1415284425020218 
vn 0.9840865135192871 -0.11291340738534927 0.1372016966342926 
vn 0.9856922030448914 -0.09791132062673569 0.1372016966342926 
vn 0.9870691299438477 -0.08288650959730148 0.1372016966342926 
vn 0.9876039624214172 -0.06788292527198792 0.1415284425020218 
vn 0.9888983368873596 -0.04527502506971359 0.1415284425020218 
vn 0.9894737601280212 -0.03018920123577118 0.1415284425020218 
vn 0.9891912937164307 -0.015086782164871693 0.1458524912595749 
vn 0.9892776012420654 -0.007543610408902168 0.1458524912595749 
vn 0.9893063306808472 0 0.1458524912595749 
vn 0.9892776012420654 0.007543610408902168 0.1458524912595749 
vn 0.9840865135192871 0.11291340738534927 0.1372016966342926 
vn 0.9812928438186646 0.12046648561954498 0.15017375349998474 
vn -0.47426337003707886 0.310921847820282 -0.8236515522003174 
vn -0.47426337003707886 0.310921847820282 -0.8236515522003174 
vn -0.40177828073501587 0.5902581810951233 -0.7001210451126099 
vn -0.40177828073501587 0.5902581810951233 -0.7001210451126099 
vn -0.2908288836479187 0.8094818592071533 -0.5100564956665039 
vn -0.2908288836479187 0.8094818592071533 -0.5100564956665039 
vn -0.1560438573360443 0.9502154588699341 -0.26970529556274414 
vn -0.1560438573360443 0.9502154588699341 -0.26970529556274414 
vn -1.0341130485562108e-13 0.999997615814209 0.002184694167226553 
vn -1.0341130485562108e-13 0.999997615814209 -0.002184694167226553 
vn 0.15398955345153809 0.9505504965782166 0.26970529556274414 
vn 0.15398955345153809 0.9505504965782166 0.26970529556274414 
vn 0.2957611382007599 0.80769282579422 0.5100564956665039 
vn 0.2957611382007599 0.80769282579422 0.5100564956665039 
vn 0.4027431309223175 0.5896002650260925 0.7001210451126099 
vn 0.4027431309223175 0.5896002650260925 0.7001210451126099 
vn 0.47707170248031616 0.3065953552722931 0.8236515522003174 
vn 0.47707170248031616 0.3065953552722931 0.8236515522003174 
vn 0.5006305575370789 0 0.865661084651947 
vn 0.5006305575370789 0 0.865661084651947 
vn 0.47707170248031616 -0.3065953552722931 0.8236515522003174 
vn 0.47707170248031616 -0.3065953552722931 0.8236515522003174 
vn 0.4027431309223175 -0.5896002650260925 0.7001210451126099 
vn 0.4027431309223175 -0.5896002650260925 0.7001210451126099 
vn 0.2957611382007599 -0.80769282579422 0.5100564956665039 
vn 0.2957611382007599 -0.80769282579422 0.5100564956665039 
vn 0.15398955345153809 -0.9505504965782166 0.26970529556274414 
vn 0.15398955345153809 -0.9505504965782166 0.26970529556274414 
vn 3.097898456858039e-13 -0.999997615814209 0.002184694167226553 
vn 3.097898456858039e-13 -0.999997615814209 -0.002184694167226553 
vn -0.1560438573360443 -0.9502154588699341 -0.26970529556274414 
vn -0.1560438573360443 -0.9502154588699341 -0.26970529556274414 
vn -0.2908288836479187 -0.8094818592071533 -0.5100564956665039 
vn -0.2908288836479187 -0.8094818592071533 -0.5100564956665039 
vn -0.40177828073501587 -0.5902581810951233 -0.7001210451126099 
vn -0.40177828073501587 -0.5902581810951233 -0.7001210451126099 
vn -0.47426337003707886 -0.310921847820282 -0.8236515522003174 
vn -0.47426337003707886 -0.310921847820282 -0.8236515522003174 
vn -0.5006305575370789 -1.0354196476993274e-13 -0.865661084651947 
vn -0.5006305575370789 -1.0354196476993274e-13 -0.865661084651947 
vn -0.47426337003707886 0.310921847820282 -0.8236515522003174 
vn -0.47426337003707886 0.310921847820282 -0.8236515522003174 
vn 0.8667527437210083 0 -0.4987381398677826 
vn 0.8117812871932983 0.03019481524825096 -0.5831804275512695 
vn 0.8667527437210083 0 -0.4987381398677826 
vn 0.820190966129303 0.06038255989551544 -0.5688942670822144 
vn 0.8667527437210083 0 -0.4987381398677826 
vn 0.830506443977356 0.08298415690660477 -0.5507928133010864 
vn 0.8667527437210083 0 -0.4987381398677826 
vn 0.8454376459121704 0.09797254204750061 -0.5250110030174255 
vn 0.8667527437210083 0 -0.4987381398677826 
vn 0.8603099584579468 0.10548480600118637 -0.4987381398677826 
vn 0.8667527437210083 0 -0.4987381398677826 
vn 0.8782021403312683 0.09799940139055252 -0.46814218163490295 
vn 0.8667527437210083 0 -0.4987381398677826 
vn 0.8917697072029114 0.0829693004488945 -0.44481781125068665 
vn 0.8667527437210083 0 -0.4987381398677826 
vn 0.9031085968017578 0.060375481843948364 -0.42514660954475403 
vn 0.8667527437210083 0 -0.4987381398677826 
vn 0.9101189374923706 0.030187560245394707 -0.41324591636657715 
vn 0.8667527437210083 0 -0.4987381398677826 
vn 0.9141958951950073 0 -0.405272513628006 
vn 0.8667527437210083 0 -0.4987381398677826 
vn 0.9101189374923706 -0.030187560245394707 -0.41324591636657715 
vn 0.8667527437210083 0 -0.4987381398677826 
vn 0.9031085968017578 -0.060375481843948364 -0.42514660954475403 
vn 0.8667527437210083 0 -0.4987381398677826 
vn 0.8917697072029114 -0.0829693004488945 -0.44481781125068665 
vn 0.8667527437210083 0 -0.4987381398677826 
vn 0.8782021403312683 -0.09799940139055252 -0.46814218163490295 
vn 0.8667527437210083 0 -0.4987381398677826 
vn 0.8603099584579468 -0.10548480600118637 -0.4987381398677826 
vn 0.8667527437210083 0 -0.4987381398677826 
vn 0.8454376459121704 -0.09797254204750061 -0.5250110030174255 
vn 0.8667527437210083 0 -0.4987381398677826 
vn 0.830506443977356 -0.08298415690660477 -0.5507928133010864 
vn 0.8667527437210083 0 -0.4987381398677826 
vn 0.820190966129303 -0.06038255989551544 -0.5688942670822144 
vn 0.8667527437210083 0 -0.4987381398677826 
vn 0.8117812871932983 -0.03019481524825096 -0.5831804275512695 
vn 0.8667527437210083 0 -0.4987381398677826 
vn 0.8097867965698242 0 -0.5867242813110352 
vn 0.8667527437210083 0 -0.4987381398677826 
vn 0.8117812871932983 0.03019481524825096 -0.5831804275512695 
vn 0.3028971552848816 0.42654383182525635 -0.8522403836250305 
vn 0.3841153383255005 0.58720463514328 -0.7124928832054138 
vn 0.4824869930744171 0.689794659614563 -0.5398051738739014 
vn 0.5945491790771484 0.7265064716339111 -0.34452807903289795 
vn 0.7090231776237488 0.689009428024292 -0.15017375349998474 
vn 0.8096699714660645 0.5863932967185974 0.024029340595006943 
vn 0.8909968137741089 0.423693984746933 0.16312000155448914 
vn 0.9411065578460693 0.22448353469371796 0.25283506512641907 
vn 0.9593249559402466 0 0.28230419754981995 
vn 0.9411065578460693 -0.22448353469371796 0.25283506512641907 
vn 0.8909968137741089 -0.423693984746933 0.16312000155448914 
vn 0.8096699714660645 -0.5863932967185974 0.024029340595006943 
vn 0.7090231776237488 -0.689009428024292 -0.15017375349998474 
vn 0.5945491790771484 -0.7265064716339111 -0.34452807903289795 
vn 0.4824869930744171 -0.689794659614563 -0.5398051738739014 
vn 0.3841153383255005 -0.58720463514328 -0.7124928832054138 
vn 0.3028971552848816 -0.42654383182525635 -0.8522403836250305 
vn 0.25538328289985657 -0.2219734489917755 -0.9410139322280884 
vn 0.23376400768756866 0 -0.9722933769226074 
vn 0.25538328289985657 0.2219734489917755 -0.9410139322280884 
vn -0.281585156917572 0.8079901933670044 -0.5175535082817078 
vn -0.1429864913225174 0.951066792011261 -0.27391019463539124 
vn 0.015102911740541458 0.9998644590377808 -0.006554040592163801 
vn 0.1651393175125122 0.9510319232940674 0.2612801790237427 
vn 0.30983248353004456 0.8071411848068237 0.5025205612182617 
vn 0.41714906692504883 0.5869857668876648 0.6938546895980835 
vn 0.4894173741340637 0.30720359086990356 0.8161473870277405 
vn 0.5119344592094421 0 0.8590245246887207 
vn 0.4894173741340637 -0.30720359086990356 0.8161473870277405 
vn 0.41714906692504883 -0.5869857668876648 0.6938546895980835 
vn 0.30983248353004456 -0.8071411848068237 0.5025205612182617 
vn 0.1651393175125122 -0.9510319232940674 0.2612801790237427 
vn 0.015102911740541458 -0.9998644590377808 -0.006554040592163801 
vn -0.1429864913225174 -0.951066792011261 -0.27391019463539124 
vn -0.281585156917572 -0.8079901933670044 -0.5175535082817078 
vn -0.38880476355552673 -0.5878382921218872 -0.7094202041625977 
vn -0.46381521224975586 -0.30706819891929626 -0.8310141563415527 
vn -0.4854104518890381 -0.0037841012235730886 -0.87427818775177 
vn -0.46381521224975586 0.30706819891929626 -0.8310141563415527 
vn -0.30494824051856995 0.8089991807937622 -0.5025205612182617 
vn -0.1672029197216034 0.9506712555885315 -0.2612801790237427 
vn -0.015102911740541458 0.9998644590377808 0.006554040592163801 
vn 0.1446741670370102 0.9508115649223328 0.27391019463539124 
vn 0.28298479318618774 0.8075010776519775 0.5175535082817078 
vn 0.3897920548915863 0.5871840715408325 0.7094202041625977 
vn 0.4645877778530121 0.30589810013771057 0.8310141563415527 
vn 0.48542520403862 0 0.87427818775177 
vn 0.4645877778530121 -0.30589810013771057 0.8310141563415527 
vn 0.3897920548915863 -0.5871840715408325 0.7094202041625977 
vn 0.28298479318618774 -0.8075010776519775 0.5175535082817078 
vn 0.1446741670370102 -0.9508115649223328 0.27391019463539124 
vn -0.015102911740541458 -0.9998644590377808 0.006554040592163801 
vn -0.1672029197216034 -0.9506712555885315 -0.2612801790237427 
vn -0.30494824051856995 -0.8089991807937622 -0.5025205612182617 
vn -0.41929101943969727 -0.5854576826095581 -0.6938546895980835 
vn -0.4886985421180725 -0.30834582448005676 -0.8161473870277405 
vn -0.5119344592094421 -1.058798705720447e-13 -0.8590245246887207 
vn -0.4886985421180725 0.30834582448005676 -0.8161473870277405 
vn -0.41929101943969727 0.5854576826095581 -0.6938546895980835 
vn -0.38880476355552673 0.5878382921218872 -0.7094202041625977 
vn -0.4886985421180725 0.30834582448005676 -0.8161473870277405 
vn -0.46381521224975586 0.30706819891929626 -0.8310141563415527 
vn 0.25538328289985657 0.2219734489917755 -0.9410139322280884 
vn -0.30494824051856995 0.8089991807937622 -0.5025205612182617 
vn -0.6999891996383667 0.6999891996383667 0.1415284425020218 
vn -0.1672029197216034 0.9506712555885315 -0.2612801790237427 
vn -0.5871720910072327 0.7362905144691467 0.3363112509250641 
vn -0.015102911740541458 0.9998644590377808 0.006554040592163801 
vn -0.4711335599422455 0.700433075428009 0.5361219048500061 
vn 0.1446741670370102 0.9508115649223328 0.27391019463539124 
vn -0.37023425102233887 0.5960540771484375 0.7124928832054138 
vn 0.28298479318618774 0.8075010776519775 0.5175535082817078 
vn -0.2832659184932709 0.43538400530815125 0.8545181155204773 
vn 0.3897920548915863 0.5871840715408325 0.7094202041625977 
vn -0.23381175100803375 0.2271801233291626 0.9453682899475098 
vn 0.4645877778530121 0.30589810013771057 0.8310141563415527 
vn -0.21673583984375 -4.4729729631581144e-14 0.976230263710022 
vn 0.48542520403862 0 0.87427818775177 
vn -0.23381175100803375 -0.2271801233291626 0.9453682899475098 
vn 0.4645877778530121 -0.30589810013771057 0.8310141563415527 
vn -0.2832659184932709 -0.43538400530815125 0.8545181155204773 
vn 0.3897920548915863 -0.5871840715408325 0.7094202041625977 
vn -0.37023425102233887 -0.5960540771484375 0.7124928832054138 
vn 0.28298479318618774 -0.8075010776519775 0.5175535082817078 
vn -0.4711335599422455 -0.700433075428009 0.5361219048500061 
vn 0.1446741670370102 -0.9508115649223328 0.27391019463539124 
vn -0.5871720910072327 -0.7362905144691467 0.3363112509250641 
vn -0.015102911740541458 -0.9998644590377808 0.006554040592163801 
vn -0.6999891996383667 -0.6999891996383667 0.1415284425020218 
vn -0.1672029197216034 -0.9506712555885315 -0.2612801790237427 
vn -0.8004001379013062 -0.5983150601387024 -0.03713129088282585 
vn -0.30494824051856995 -0.8089991807937622 -0.5025205612182617 
vn -0.884315550327301 -0.43065571784973145 -0.18033768236637115 
vn -0.41929101943969727 -0.5854576826095581 -0.6938546895980835 
vn -0.9355150461196899 -0.22819003462791443 -0.26970529556274414 
vn -0.4886985421180725 -0.30834582448005676 -0.8161473870277405 
vn -0.9529215097427368 -0.0037751663476228714 -0.30319350957870483 
vn -0.5119344592094421 -1.058798705720447e-13 -0.8590245246887207 
vn -0.9355150461196899 0.22819003462791443 -0.26970529556274414 
vn -0.4886985421180725 0.30834582448005676 -0.8161473870277405 
vn -0.884315550327301 0.43065571784973145 -0.18033768236637115 
vn -0.41929101943969727 0.5854576826095581 -0.6938546895980835 
vn -0.8004001379013062 0.5983150601387024 -0.03713129088282585 
vn -0.8729886412620544 0.0640704557299614 0.4835140109062195 
vn -0.8646530508995056 0.06029440090060234 0.4987381398677826 
vn -0.853251576423645 0.06403238326311111 0.5175535082817078 
vn -0.845055103302002 0.049008943140506744 0.5324283838272095 
vn -0.8387367129325867 0.03394515812397003 0.5434780716896057 
vn -0.8344288468360901 0.018862459808588028 0.5507928133010864 
vn -0.8322188854217529 0.0037727425806224346 0.5544344186782837 
vn -0.8344288468360901 -0.018862459808588028 0.5507928133010864 
vn -0.8387367129325867 -0.03394515812397003 0.5434780716896057 
vn -0.845055103302002 -0.049008943140506744 0.5324283838272095 
vn -0.853251576423645 -0.06403238326311111 0.5175535082817078 
vn -0.8646530508995056 -0.06029440090060234 0.4987381398677826 
vn -0.8729886412620544 -0.0640704557299614 0.4835140109062195 
vn -0.882075846195221 -0.05277441442012787 0.46814218163490295 
vn -0.8910542130470276 -0.033924806863069534 0.45262736082077026 
vn -0.8953351974487305 -0.0226276982575655 0.44481781125068665 
vn -0.8956210613250732 -1.8483740200306992e-13 0.44481781125068665 
vn -0.8953351974487305 0.0226276982575655 0.44481781125068665 
vn -0.8910542130470276 0.033924806863069534 0.45262736082077026 
vn -0.882075846195221 0.05277441442012787 0.46814218163490295 
vn -0.8787185549736023 0.0377359576523304 0.4758462607860565 
vn -0.872229278087616 0.04149216413497925 0.48733407258987427 
vn -0.8655714392662048 0.04523678869009018 0.4987381398677826 
vn -0.8589488863945007 0.04526755213737488 0.5100564956665039 
vn -0.8527066111564636 0.033927466720342636 0.5212872624397278 
vn -0.8483827710151672 0.026397356763482094 0.528724730014801 
vn -0.8440647125244141 0.011316642165184021 0.5361219048500061 
vn -0.844132125377655 0.003772314405068755 0.5361219048500061 
vn -0.8440647125244141 -0.011316642165184021 0.5361219048500061 
vn -0.8483827710151672 -0.026397356763482094 0.528724730014801 
vn -0.8527066111564636 -0.033927466720342636 0.5212872624397278 
vn -0.8589488863945007 -0.04526755213737488 0.5100564956665039 
vn -0.8655714392662048 -0.04523678869009018 0.4987381398677826 
vn -0.872229278087616 -0.04149216413497925 0.48733407258987427 
vn -0.8787185549736023 -0.0377359576523304 0.4758462607860565 
vn -0.8833633661270142 -0.022628597915172577 0.46814218163490295 
vn -0.8855618238449097 -0.015080451965332031 0.4642767012119293 
vn -0.8877023458480835 -0.0037737698294222355 0.46040233969688416 
vn -0.8855618238449097 0.015080451965332031 0.4642767012119293 
vn -0.8833633661270142 0.022628597915172577 0.46814218163490295 
vn 0.35429084300994873 0.9243634343147278 0.1415284425020218 
vn 0.35429084300994873 0.9243634343147278 0.1415284425020218 
vn 0.2061663419008255 0.9711471199989319 -0.11986933648586273 
vn 0.2061663419008255 0.9711471199989319 -0.11986933648586273 
vn 0.05845550075173378 0.9243153929710388 -0.37712597846984863 
vn 0.05845550075173378 0.9243153929710388 -0.37712597846984863 
vn -0.07543478906154633 0.7851719260215759 -0.6146662831306458 
vn -0.07543478906154633 0.7851719260215759 -0.6146662831306458 
vn -0.18942077457904816 0.5683024525642395 -0.8007197380065918 
vn -0.18942077457904816 0.5683024525642395 -0.8007197380065918 
vn -0.25727763772010803 0.3000675439834595 -0.9185682535171509 
vn -0.25727763772010803 0.3000675439834595 -0.9185682535171509 
vn -0.28018221259117126 -0.003777990350499749 -0.9599394202232361 
vn -0.28018221259117126 -0.003777990350499749 -0.9599394202232361 
vn -0.25727763772010803 -0.3000675439834595 -0.9185682535171509 
vn -0.25727763772010803 -0.3000675439834595 -0.9185682535171509 
vn -0.18942077457904816 -0.5683024525642395 -0.8007197380065918 
vn -0.18942077457904816 -0.5683024525642395 -0.8007197380065918 
vn -0.07543478906154633 -0.7851719260215759 -0.6146662831306458 
vn -0.07543478906154633 -0.7851719260215759 -0.6146662831306458 
vn 0.05845550075173378 -0.9243153929710388 -0.37712597846984863 
vn 0.05845550075173378 -0.9243153929710388 -0.37712597846984863 
vn 0.2061663419008255 -0.9711471199989319 -0.11986933648586273 
vn 0.2061663419008255 -0.9711471199989319 -0.11986933648586273 
vn 0.35429084300994873 -0.9243634343147278 0.1415284425020218 
vn 0.35429084300994873 -0.9243634343147278 0.1415284425020218 
vn 0.4921771287918091 -0.7845621109008789 0.37712597846984863 
vn 0.4921771287918091 -0.7845621109008789 0.37712597846984863 
vn 0.6014573574066162 -0.5681180357933044 0.5616858005523682 
vn 0.6014573574066162 -0.5681180357933044 0.5616858005523682 
vn 0.6678088903427124 -0.3000792860984802 0.681163489818573 
vn 0.6678088903427124 -0.3000792860984802 0.681163489818573 
vn 0.6922798156738281 0 0.7216291427612305 
vn 0.6922798156738281 0 0.7216291427612305 
vn 0.6678088903427124 0.3000792860984802 0.681163489818573 
vn 0.6678088903427124 0.3000792860984802 0.681163489818573 
vn 0.6014573574066162 0.5681180357933044 0.5616858005523682 
vn 0.6014573574066162 0.5681180357933044 0.5616858005523682 
vn 0.4921771287918091 0.7845621109008789 0.37712597846984863 
vn 0.4921771287918091 0.7845621109008789 0.37712597846984863 
vn 0.8667527437210083 0 -0.4987381398677826 
vn 0.8667527437210083 0 -0.4987381398677826 
vn 0.8667527437210083 0 -0.4987381398677826 
vn 0.8667527437210083 0 -0.4987381398677826 
vn 0.8667527437210083 0 -0.4987381398677826 
vn 0.8667527437210083 0 -0.4987381398677826 
vn 0.8667527437210083 0 -0.4987381398677826 
vn 0.8667527437210083 0 -0.4987381398677826 
vn 0.8667527437210083 0 -0.4987381398677826 
vn 0.8667527437210083 0 -0.4987381398677826 
vn 0.8667527437210083 0 -0.4987381398677826 
vn 0.8667527437210083 0 -0.4987381398677826 
vn 0.8667527437210083 0 -0.4987381398677826 
vn 0.8667527437210083 0 -0.4987381398677826 
vn 0.8667527437210083 0 -0.4987381398677826 
vn 0.8667527437210083 0 -0.4987381398677826 
vn 0.8667527437210083 0 -0.4987381398677826 
vn 0.8667527437210083 0 -0.4987381398677826 
vn 0.8667527437210083 0 -0.4987381398677826 
vn 0.8667527437210083 0 -0.4987381398677826 
vn 0.8667527437210083 0 -0.4987381398677826 
vn -0.8667527437210083 -1.7926449441627718e-13 0.4987381398677826 
vn -0.8666214346885681 -0.01508502196520567 0.4987381398677826 
vn -0.8667527437210083 -1.7926449441627718e-13 0.4987381398677826 
vn -0.8667527437210083 -1.7926449441627718e-13 0.4987381398677826 
vn -0.8645652532577515 -1.7919601349655756e-13 0.5025205612182617 
vn -0.8645652532577515 -1.7919601349655756e-13 0.5025205612182617 
vn -0.8645652532577515 -1.7919601349655756e-13 0.5025205612182617 
vn -0.8645652532577515 -1.7919601349655756e-13 0.5025205612182617 
vn -0.8645652532577515 -1.7919601349655756e-13 0.5025205612182617 
vn -0.8645652532577515 -1.7919601349655756e-13 0.5025205612182617 
vn -0.8667527437210083 -1.7926449441627718e-13 0.4987381398677826 
vn -0.8666214346885681 -0.01508502196520567 0.4987381398677826 
vn -0.8667527437210083 -1.7926449441627718e-13 0.4987381398677826 
vn -0.8645323514938354 0.007544659543782473 0.5025205612182617 
vn -0.8455860614776611 -0.3175840675830841 0.42909738421440125 
vn -0.81870436668396 -0.4146095812320709 0.3972681760787964 
vn -0.8264485597610474 -0.3908158242702484 0.405272513628006 
vn -0.4069538414478302 -0.9109384417533875 0.06767380982637405 
vn -0.43578431010246277 -0.8955948948860168 0.08945280313491821 
vn -0.384291410446167 -0.9215964674949646 0.05459024757146835 
vn -0.08857598900794983 -0.9871672987937927 -0.1328723281621933 
vn -0.08105523884296417 -0.9878132343292236 -0.1328723281621933 
vn -0.08105523884296417 -0.9878132343292236 -0.1328723281621933 
vn -0.07541158050298691 -0.987057626247406 -0.1415284425020218 
vn -0.07541158050298691 -0.987057626247406 -0.1415284425020218 
vn -0.07541158050298691 -0.987057626247406 -0.1415284425020218 
vn 0.26100078225135803 -0.9108269810676575 -0.3198012113571167 
vn 0.23899120092391968 -0.9210953116416931 -0.30735430121421814 
vn 0.7628498077392578 -0.3925042450428009 -0.5138099193572998 
vn 0.7544743418693542 -0.41305065155029297 -0.5100564956665039 
vn 0.8607393503189087 -0.052865900099277496 -0.5062933564186096 
vn 0.864433228969574 -0.015109728090465069 -0.5025205612182617 
vn 0.8666210770606995 0.015105942264199257 -0.4987381398677826 
vn 0.2967534363269806 -0.8937740921974182 -0.3363112509250641 
vn 0.7947832942008972 -0.31695088744163513 -0.5175535082817078 
vn 0.864433228969574 -0.015109728090465069 -0.5025205612182617 
vn 0.8667527437210083 0 -0.4987381398677826 
vn 0.8667197823524475 0.00755325797945261 -0.4987381398677826 
vn 0.8667527437210083 0 -0.4987381398677826 
vn 0.8667527437210083 0 -0.4987381398677826 
vn 0.8667527437210083 0 -0.4987381398677826 
vn 0.8667527437210083 0 -0.4987381398677826 
vn 0.8667527437210083 0 -0.4987381398677826 
vn 0.8667527437210083 0 -0.4987381398677826 
vn 0.8667527437210083 0 -0.4987381398677826 
vn 0.8667527437210083 0 -0.4987381398677826 
vn 0.8667527437210083 0 -0.4987381398677826 
vn 0.8667527437210083 0 -0.4987381398677826 
vn -0.8696961998939514 -0.04904361814260483 0.4911448359489441 
vn -0.8644335865974426 0.015088744461536407 0.5025205612182617 
vn 3.097898456858039e-13 -0.999997615814209 -0.002184694167226553 
vn -0.007551383227109909 -0.9999118447303772 -0.010923261754214764 
vn 3.097898456858039e-13 -0.999997615814209 -0.002184694167226553 
vn -0.007551383227109909 -0.9999118447303772 -0.010923261754214764 
vn -0.19302669167518616 -0.923248827457428 -0.33219319581985474 
vn -0.19302669167518616 -0.923248827457428 -0.33219319581985474 
vn -0.3535822033882141 -0.70809406042099 -0.6112139225006104 
vn -0.19302669167518616 -0.923248827457428 -0.33219319581985474 
vn -0.3535822033882141 -0.70809406042099 -0.6112139225006104 
vn -0.4605059325695038 -0.38312163949012756 -0.8007197380065918 
vn -0.4605059325695038 -0.38312163949012756 -0.8007197380065918 
vn -0.49971717596054077 -0.03022732026875019 -0.865661084651947 
vn -0.49971717596054077 -0.03022732026875019 -0.865661084651947 
vn -0.499203622341156 -0.03777121752500534 -0.865661084651947 
vn -0.499203622341156 -0.03777121752500534 -0.865661084651947 
vn -0.45171141624450684 -0.43434491753578186 -0.7792953848838806 
vn -0.45171141624450684 -0.43434491753578186 -0.7792953848838806 
vn -0.3063887059688568 -0.7865743637084961 -0.5361219048500061 
vn -0.3063887059688568 -0.7865743637084961 -0.5361219048500061 
vn -0.11115414649248123 -0.9756801128387451 -0.18892620503902435 
vn -0.11115414649248123 -0.9756801128387451 -0.18892620503902435 
vn -0.10181279480457306 -0.9783212542533875 -0.18033768236637115 
vn -0.10181279480457306 -0.9783212542533875 -0.18033768236637115 
vn -0.113071508705616 -0.9746192693710327 -0.19321508705615997 
vn -0.113071508705616 -0.9746192693710327 -0.19321508705615997 
vn -0.2496621012687683 -0.8661092519760132 -0.43303996324539185 
vn -0.2496621012687683 -0.8661092519760132 -0.43303996324539185 
vn -0.37246066331863403 -0.6702926158905029 -0.641857385635376 
vn -0.37246066331863403 -0.6702926158905029 -0.641857385635376 
vn -0.4580221474170685 -0.40732431411743164 -0.790128231048584 
vn -0.4580221474170685 -0.40732431411743164 -0.790128231048584 
vn -0.4804252088069916 -0.23375822603702545 -0.8453097939491272 
vn -0.4804252088069916 -0.23375822603702545 -0.8453097939491272 
vn -0.4852193593978882 -0.16321468353271484 -0.8590245246887207 
vn -0.4835375249385834 -0.15631529688835144 -0.8612531423568726 
vn -0.5006305575370789 -1.0354196476993274e-13 -0.865661084651947 
vn -0.5006305575370789 -1.0354196476993274e-13 -0.865661084651947 
vn -0.5006305575370789 -1.0354196476993274e-13 -0.865661084651947 
vn -0.5006305575370789 -1.0354196476993274e-13 -0.865661084651947 
vn -0.5006305575370789 -1.0354196476993274e-13 -0.865661084651947 
vn -0.5006305575370789 -1.0354196476993274e-13 -0.865661084651947 
vn -0.5006305575370789 -1.0354196476993274e-13 -0.865661084651947 
vn -0.5006305575370789 -1.0354196476993274e-13 -0.865661084651947 
vn -0.5006305575370789 -1.0354196476993274e-13 -0.865661084651947 
vn -0.5006305575370789 -1.0354196476993274e-13 -0.865661084651947 
vn -0.5006305575370789 -1.0354196476993274e-13 -0.865661084651947 
vn -0.5006305575370789 -1.0354196476993274e-13 -0.865661084651947 
vn -0.5008482336997986 -0.1635301560163498 -0.8499464392662048 
vn -0.5031425356864929 -0.15632882714271545 -0.8499464392662048 
vn -0.49408605694770813 -0.23074384033679962 -0.838234007358551 
vn -0.49408605694770813 -0.23074384033679962 -0.838234007358551 
vn -0.4580221474170685 -0.40732431411743164 -0.790128231048584 
vn -0.4580221474170685 -0.40732431411743164 -0.790128231048584 
vn -0.37246066331863403 -0.6702926158905029 -0.641857385635376 
vn -0.37246066331863403 -0.6702926158905029 -0.641857385635376 
vn -0.2496621012687683 -0.8661092519760132 -0.43303996324539185 
vn -0.2496621012687683 -0.8661092519760132 -0.43303996324539185 
vn -0.113071508705616 -0.9746192693710327 -0.19321508705615997 
vn -0.113071508705616 -0.9746192693710327 -0.19321508705615997 
vn -0.10181279480457306 -0.9783212542533875 -0.18033768236637115 
vn -0.10181279480457306 -0.9783212542533875 -0.18033768236637115 
vn -0.11115414649248123 -0.9756801128387451 -0.18892620503902435 
vn -0.11115414649248123 -0.9756801128387451 -0.18892620503902435 
vn -0.3063887059688568 -0.7865743637084961 -0.5361219048500061 
vn -0.3063887059688568 -0.7865743637084961 -0.5361219048500061 
vn -0.45171141624450684 -0.43434491753578186 -0.7792953848838806 
vn -0.45171141624450684 -0.43434491753578186 -0.7792953848838806 
vn -0.499203622341156 -0.03777121752500534 -0.865661084651947 
vn -0.499203622341156 -0.03777121752500534 -0.865661084651947 
vn -0.49971717596054077 -0.03022732026875019 -0.865661084651947 
vn -0.49971717596054077 -0.03022732026875019 -0.865661084651947 
vn -0.4605059325695038 -0.38312163949012756 -0.8007197380065918 
vn -0.4605059325695038 -0.38312163949012756 -0.8007197380065918 
vn -0.3535822033882141 -0.70809406042099 -0.6112139225006104 
vn -0.3535822033882141 -0.70809406042099 -0.6112139225006104 
vn -0.19302669167518616 -0.923248827457428 -0.33219319581985474 
vn -0.19302669167518616 -0.923248827457428 -0.33219319581985474 
vn 0.8667527437210083 0 -0.4987381398677826 
vn 0.8686754703521729 0.15039992332458496 -0.4719987213611603 
vn 0.8689851760864258 0.060344941914081573 -0.4911448359489441 
vn 0.7867818474769592 0.5007379055023193 -0.36088213324546814 
vn 0.7971327900886536 0.47475671768188477 -0.37307560443878174 
vn 0.5104551315307617 0.8488882184028625 -0.1372016966342926 
vn 0.7843931317329407 0.5073642134666443 -0.3568037748336792 
vn 0.49911898374557495 0.8569466471672058 -0.12854042649269104 
vn 0.10171709209680557 0.9870291352272034 0.1242060661315918 
vn 0.49257808923721313 0.860723078250885 -0.12854042649269104 
vn 0.10171709209680557 0.9870291352272034 0.1242060661315918 
vn 0.060312043875455856 0.9874662160873413 0.1458524912595749 
vn 0.060312043875455856 0.9874662160873413 0.1458524912595749 
vn -0.37886276841163635 0.8469223976135254 0.37307560443878174 
vn 0.09420612454414368 0.9877743124961853 0.1242060661315918 
vn 0.060312043875455856 0.9874662160873413 0.1458524912595749 
vn -0.36194637417793274 0.8577899932861328 0.3649536371231079 
vn -0.725085437297821 0.47087597846984863 0.5025205612182617 
vn -0.35498014092445374 0.8606961965560913 0.3649536371231079 
vn -0.7064996957778931 0.5021139979362488 0.4987381398677826 
vn -0.8574596643447876 0.06786210834980011 0.5100564956665039 
vn -0.702103316783905 0.508243203163147 0.4987381398677826 
vn -0.8607438802719116 0.05279236286878586 0.5062933564186096 
vn -0.8667527437210083 -1.7926449441627718e-13 0.4987381398677826 
vn -0.8667527437210083 -1.7926449441627718e-13 0.4987381398677826 
vn -0.8667527437210083 -1.7926449441627718e-13 0.4987381398677826 
vn -0.8667527437210083 -1.7926449441627718e-13 0.4987381398677826 
vn -0.8667527437210083 -1.7926449441627718e-13 0.4987381398677826 
vn -0.8667527437210083 -1.7926449441627718e-13 0.4987381398677826 
vn -0.8667527437210083 -1.7926449441627718e-13 0.4987381398677826 
vn -0.8667527437210083 -1.7926449441627718e-13 0.4987381398677826 
vn -0.8667527437210083 -1.7926449441627718e-13 0.4987381398677826 
vn -0.8667527437210083 -1.7926449441627718e-13 0.4987381398677826 
vn 0.5079529881477356 0.015058950521051884 0.8612531423568726 
vn 0.5117127895355225 0.015063769184052944 0.8590245246887207 
vn 0.5079529881477356 0.015058950521051884 0.8612531423568726 
vn 0.5117127895355225 0.015063769184052944 0.8590245246887207 
vn 0.581209123134613 0.015062524937093258 0.8136147856712341 
vn 0.581209123134613 0.015062524937093258 0.8136147856712341 
vn 0.5707883238792419 -0.09002266824245453 0.8161473870277405 
vn 0.5743927955627441 -0.09002163261175156 0.8136147856712341 
vn 0.49549126625061035 -0.1558436155319214 0.8545181155204773 
vn 0.49549126625061035 -0.1558436155319214 0.8545181155204773 
vn 0.4915947914123535 -0.15576738119125366 0.8567795157432556 
vn 0.4915947914123535 -0.15576738119125366 0.8567795157432556 
vn 0.4216498136520386 -0.08962443470954895 0.9023185968399048 
vn 0.41763243079185486 -0.0895390436053276 0.9041935205459595 
vn 0.4149620831012726 0.015034144744277 0.9097144603729248 
vn 0.4149620831012726 0.015034144744277 0.9097144603729248 
vn 0.4890085756778717 0.015066193416714668 0.872148871421814 
vn 0.4890085756778717 0.015066193416714668 0.872148871421814 
vn 0.4890085756778717 0.015066193416714668 0.872148871421814 
vn 0.4890085756778717 0.015066193416714668 0.872148871421814 
vn -0.8667527437210083 -1.7926449441627718e-13 0.4987381398677826 
vn -0.8667527437210083 -1.7926449441627718e-13 0.4987381398677826 
vn -0.8440208435058594 0.15371449291706085 0.5138099193572998 
vn -0.8667527437210083 -1.7926449441627718e-13 0.4987381398677826 
vn 3.097898456858039e-13 -0.999997615814209 -0.002184694167226553 
vn -0.007551383227109909 -0.9999118447303772 -0.010923261754214764 
vn 3.097898456858039e-13 -0.999997615814209 -0.002184694167226553 
vn -0.007551383227109909 -0.9999118447303772 -0.010923261754214764 
vn -0.19302669167518616 -0.923248827457428 -0.33219319581985474 
vn 0.8667527437210083 0 -0.4987381398677826 
vn 0.8667527437210083 0 -0.4987381398677826 
vn 0.8684296011924744 0.06787361204624176 -0.4911448359489441 
vn 0.8667527437210083 0 -0.4987381398677826 
vn 0.8667527437210083 0 -0.4987381398677826 
vn 0.8667527437210083 0 -0.4987381398677826 
vn 0.8667527437210083 0 -0.4987381398677826 
vn 0.8667527437210083 0 -0.4987381398677826 
vn 0.8667527437210083 0 -0.4987381398677826 
vn 0.8667527437210083 0 -0.4987381398677826 
vn 0.8667527437210083 0 -0.4987381398677826 
vn 0.8667527437210083 0 -0.4987381398677826 
vn 0.8667527437210083 0 -0.4987381398677826 
vn -0.8667527437210083 -1.7926449441627718e-13 0.4987381398677826 
vn -0.8667527437210083 -1.7926449441627718e-13 0.4987381398677826 
vn -0.8667527437210083 -1.7926449441627718e-13 0.4987381398677826 
vn -0.8645652532577515 -1.7919601349655756e-13 0.5025205612182617 
vn -0.8645652532577515 -1.7919601349655756e-13 0.5025205612182617 
vn -0.8645652532577515 -1.7919601349655756e-13 0.5025205612182617 
vn 0.8667527437210083 0 -0.4987381398677826 
vn 0.8667527437210083 0 -0.4987381398677826 
vn 0.8667527437210083 0 -0.4987381398677826 
vn 0.8667527437210083 0 -0.4987381398677826 
vn 0.8667527437210083 0 -0.4987381398677826 
vn 0.8667527437210083 0 -0.4987381398677826 
vn 0.8667527437210083 0 -0.4987381398677826 
vn 0.8667527437210083 0 -0.4987381398677826 
vn 0.8667527437210083 0 -0.4987381398677826 
vn 0.8667527437210083 0 -0.4987381398677826 
vn 0.8667527437210083 0 -0.4987381398677826 
vn 0.8667527437210083 0 -0.4987381398677826 
vn 0.8667527437210083 0 -0.4987381398677826 
vn 0.8667527437210083 0 -0.4987381398677826 
vn 0.8667527437210083 0 -0.4987381398677826 
vn -0.8667527437210083 -1.7926449441627718e-13 0.4987381398677826 
vn -0.8667527437210083 -1.7926449441627718e-13 0.4987381398677826 
vn -0.8667527437210083 -1.7926449441627718e-13 0.4987381398677826 
vn -0.8667527437210083 -1.7926449441627718e-13 0.4987381398677826 
vn -0.8667527437210083 -1.7926449441627718e-13 0.4987381398677826 
vn -0.8667527437210083 -1.7926449441627718e-13 0.4987381398677826 
vn -0.8667527437210083 -1.7926449441627718e-13 0.4987381398677826 
vn -0.8667527437210083 -1.7926449441627718e-13 0.4987381398677826 
vn -0.8667527437210083 -1.7926449441627718e-13 0.4987381398677826 
vn -0.8645652532577515 -1.7919601349655756e-13 0.5025205612182617 
vn -0.8645652532577515 -1.7919601349655756e-13 0.5025205612182617 
vn -0.8645652532577515 -1.7919601349655756e-13 0.5025205612182617 
vn -0.8645652532577515 -1.7919601349655756e-13 0.5025205612182617 
vn -0.8645652532577515 -1.7919601349655756e-13 0.5025205612182617 
vn -0.8645652532577515 -1.7919601349655756e-13 0.5025205612182617 
vn -0.8645652532577515 -1.7919601349655756e-13 0.5025205612182617 
vn -0.8645652532577515 -1.7919601349655756e-13 0.5025205612182617 
vn -0.8645652532577515 -1.7919601349655756e-13 0.5025205612182617 
vn 0.8667527437210083 0 -0.4987381398677826 
vn 0.8667527437210083 0 -0.4987381398677826 
vn 0.8667527437210083 0 -0.4987381398677826 
vn 0.8667527437210083 0 -0.4987381398677826 
vn 0.8667527437210083 0 -0.4987381398677826 
vn 0.8667527437210083 0 -0.4987381398677826 
vn 0.8667527437210083 0 -0.4987381398677826 
vn 0.8667527437210083 0 -0.4987381398677826 
vn 0.8667527437210083 0 -0.4987381398677826 
vn -0.8667527437210083 -1.7926449441627718e-13 0.4987381398677826 
vn -0.8667527437210083 -1.7926449441627718e-13 0.4987381398677826 
vn -0.8655714392662048 -0.04523678869009018 0.4987381398677826 
vn -0.8667527437210083 -1.7926449441627718e-13 0.4987381398677826 
vn -0.8667527437210083 -1.7926449441627718e-13 0.4987381398677826 
vn -0.8645652532577515 -1.7919601349655756e-13 0.5025205612182617 
vn -0.8645652532577515 -1.7919601349655756e-13 0.5025205612182617 
vn -0.8667527437210083 -1.7926449441627718e-13 0.4987381398677826 
vn -0.8667527437210083 -1.7926449441627718e-13 0.4987381398677826 
vn -0.8642690181732178 -0.022631680592894554 0.5025205612182617 
vn -0.7701388597488403 -0.45335450768470764 0.4487268626689911 
vn -0.7366430759429932 -0.4216718077659607 0.528724730014801 
vn -0.5271076560020447 -0.7922694087028503 0.30735430121421814 
vn -0.45984217524528503 -0.7662827968597412 0.4487268626689911 
vn -0.03019719012081623 -0.9993505477905273 0.01966099627315998 
vn 0.06973831355571747 -0.9786748886108398 0.19321508705615997 
vn 0.03019719012081623 -0.9993505477905273 -0.01966099627315998 
vn 0.13167504966259003 -0.9784895777702332 0.15880759060382843 
vn 0.5288302898406982 -0.7927245497703552 -0.30319350957870483 
vn 0.6209478974342346 -0.7648076415061951 -0.17173540592193604 
vn 0.7721454501152039 -0.4537934958934784 -0.44481781125068665 
vn 0.8246158957481384 -0.4216451942920685 -0.37712597846984863 
vn 0.8655681610107422 -0.0452994741499424 -0.4987381398677826 
vn 0.8686283230781555 -0.02265140973031521 -0.4949462115764618 
vn 0.8667527437210083 0 -0.4987381398677826 
vn 0.8702602386474609 -0.0377340093255043 -0.4911448359489441 
vn 0.8667527437210083 0 -0.4987381398677826 
vn 0.8707835078239441 -0.02264494076371193 -0.4911448359489441 
vn 0.8667527437210083 0 -0.4987381398677826 
vn 0.8667527437210083 0 -0.4987381398677826 
vn -0.8667527437210083 -1.7926449441627718e-13 0.4987381398677826 
vn -0.8593130707740784 -0.037728287279605865 0.5100564956665039 
vn -0.7167737483978271 -0.42762452363967896 0.5507928133010864 
vn -0.42126989364624023 -0.764877200126648 0.48733407258987427 
vn 0.10174739360809326 -0.9632460474967957 0.24860523641109467 
vn 0.16150018572807312 -0.9641979932785034 0.2103329300880432 
vn 0.6362026333808899 -0.7614585161209106 -0.1242060661315918 
vn 0.8368133306503296 -0.4221409261226654 -0.34862664341926575 
vn -0.7050508856773376 -0.4135926067829132 0.5760593414306641 
vn -0.40010666847229004 -0.7432953119277954 0.5361219048500061 
vn 0.1354261040687561 -0.9419093132019043 0.30735430121421814 
vn 0.19663822650909424 -0.941438615322113 0.27391019463539124 
vn 0.6653035283088684 -0.74265456199646 -0.0763898640871048 
vn 0.851298987865448 -0.4159533977508545 -0.3198012113571167 
vn -0.3791065514087677 -0.727009117603302 0.5724822878837585 
vn 0.16689521074295044 -0.9175565838813782 0.36088213324546814 
vn 0.23147863149642944 -0.9173231720924377 0.3239381015300751 
vn 0.6848369836807251 -0.7275137305259705 -0.04149730131030083 
vn 0.8588064312934875 -0.4159740209579468 -0.2990269064903259 
vn 0.8737396001815796 -0.05285150930285454 -0.4835140109062195 
vn -0.33171752095222473 -0.7552512884140015 0.5652954578399658 
vn 0.17430946230888367 -0.916176974773407 0.36088213324546814 
vn 0.2295893132686615 -0.9163294434547424 0.3280687630176544 
vn 0.6574370265007019 -0.7534810304641724 -0.006554040592163801 
vn 0.8454394936561584 -0.46340519189834595 -0.26549527049064636 
vn 0.8835279941558838 -0.12044397741556168 -0.45262736082077026 
vn 0.8667527437210083 0 -0.4987381398677826 
vn 0.8667527437210083 0 -0.4987381398677826 
vn 0.8667527437210083 0 -0.4987381398677826 
vn 0.8667527437210083 0 -0.4987381398677826 
vn 0.8667527437210083 0 -0.4987381398677826 
vn 0.8667527437210083 0 -0.4987381398677826 
vn 0.8667527437210083 0 -0.4987381398677826 
vn 0.8667527437210083 0 -0.4987381398677826 
vn 0.8667527437210083 0 -0.4987381398677826 
vn -1.0340933296291988e-13 0.9999785423278809 0.006554040592163801 
vn -1.0340933296291988e-13 0.9999785423278809 0.006554040592163801 
vn -1.0340933296291988e-13 0.9999785423278809 -0.006554040592163801 
vn -1.0340933296291988e-13 0.9999785423278809 -0.006554040592163801 
vn -0.24804335832595825 0.868533194065094 -0.42909738421440125 
vn -0.24804335832595825 0.868533194065094 -0.42909738421440125 
vn -0.4302526116371155 0.5049237608909607 -0.7482877969741821 
vn -0.4302526116371155 0.5049237608909607 -0.7482877969741821 
vn -0.4986865222454071 0.09774845093488693 -0.8612531423568726 
vn -0.4986865222454071 0.09774845093488693 -0.8612531423568726 
vn -0.4986865222454071 0.09774845093488693 -0.8612531423568726 
vn -0.4986865222454071 0.09774845093488693 -0.8612531423568726 
vn -0.4054294228553772 0.5914605855941772 -0.6969945430755615 
vn -0.4054294228553772 0.5914605855941772 -0.6969945430755615 
vn -0.1541765332221985 0.951704740524292 -0.26549527049064636 
vn -0.1541765332221985 0.951704740524292 -0.26549527049064636 
vn -0.1541765332221985 0.951704740524292 -0.26549527049064636 
vn -0.1541765332221985 0.951704740524292 -0.26549527049064636 
vn -0.22624646127223969 0.8893764615058899 -0.3972681760787964 
vn -0.22624646127223969 0.8893764615058899 -0.3972681760787964 
vn -0.30288881063461304 0.7953752279281616 -0.5250110030174255 
vn -0.30288881063461304 0.7953752279281616 -0.5250110030174255 
vn -0.3694429099559784 0.6751509308815002 -0.6385006904602051 
vn -0.3694429099559784 0.6751509308815002 -0.6385006904602051 
vn -0.45253100991249084 0.4939286410808563 -0.7424622178077698 
vn -0.45253100991249084 0.4939286410808563 -0.7424622178077698 
vn -0.47065556049346924 0.42394953966140747 -0.7737894654273987 
vn -0.47434285283088684 0.4248949885368347 -0.7710143327713013 
vn -0.5006305575370789 -1.0354196476993274e-13 -0.865661084651947 
vn -0.5006305575370789 -1.0354196476993274e-13 -0.865661084651947 
vn -0.5006305575370789 -1.0354196476993274e-13 -0.865661084651947 
vn -0.5006305575370789 -1.0354196476993274e-13 -0.865661084651947 
vn -0.5006305575370789 -1.0354196476993274e-13 -0.865661084651947 
vn -0.5006305575370789 -1.0354196476993274e-13 -0.865661084651947 
vn -0.5006305575370789 -1.0354196476993274e-13 -0.865661084651947 
vn -0.5006305575370789 -1.0354196476993274e-13 -0.865661084651947 
vn -0.5006305575370789 -1.0354196476993274e-13 -0.865661084651947 
vn -0.5006305575370789 -1.0354196476993274e-13 -0.865661084651947 
vn -0.5006305575370789 -1.0354196476993274e-13 -0.865661084651947 
vn -0.5006305575370789 -1.0354196476993274e-13 -0.865661084651947 
vn -0.4320231080055237 0.4200011193752289 -0.7980946898460388 
vn -0.43382498621940613 0.4231409430503845 -0.7954543828964233 
vn -0.4125269949436188 0.493916779756546 -0.7654199600219727 
vn -0.4125269949436188 0.493916779756546 -0.7654199600219727 
vn -0.3694429099559784 0.6751509308815002 -0.6385006904602051 
vn -0.3694429099559784 0.6751509308815002 -0.6385006904602051 
vn -0.30288881063461304 0.7953752279281616 -0.5250110030174255 
vn -0.30288881063461304 0.7953752279281616 -0.5250110030174255 
vn -0.22624646127223969 0.8893764615058899 -0.3972681760787964 
vn -0.22624646127223969 0.8893764615058899 -0.3972681760787964 
vn -0.1541765332221985 0.951704740524292 -0.26549527049064636 
vn -0.1541765332221985 0.951704740524292 -0.26549527049064636 
vn -0.1541765332221985 0.951704740524292 -0.26549527049064636 
vn -0.1541765332221985 0.951704740524292 -0.26549527049064636 
vn -0.4054294228553772 0.5914605855941772 -0.6969945430755615 
vn -0.4054294228553772 0.5914605855941772 -0.6969945430755615 
vn -0.4986865222454071 0.09774845093488693 -0.8612531423568726 
vn -0.4986865222454071 0.09774845093488693 -0.8612531423568726 
vn -0.4986865222454071 0.09774845093488693 -0.8612531423568726 
vn -0.4986865222454071 0.09774845093488693 -0.8612531423568726 
vn -0.4302526116371155 0.5049237608909607 -0.7482877969741821 
vn -0.4302526116371155 0.5049237608909607 -0.7482877969741821 
vn -0.35038626194000244 0.7126496434211731 -0.607749879360199 
vn -0.35038626194000244 0.7126496434211731 -0.607749879360199 
vn -1.0340933296291988e-13 0.9999785423278809 0.006554040592163801 
vn -1.0340933296291988e-13 0.9999785423278809 0.006554040592163801 
vn -1.0340933296291988e-13 0.9999785423278809 -0.006554040592163801 
vn -1.0340933296291988e-13 0.9999785423278809 -0.006554040592163801 
vn -0.12798529863357544 0.967324435710907 -0.21886809170246124 
vn -0.12798529863357544 0.967324435710907 -0.21886809170246124 
vn 0.5006305575370789 0 0.865661084651947 
vn 0.5006305575370789 0 0.865661084651947 
vn 0.5006305575370789 0 0.865661084651947 
vn 0.5006305575370789 0 0.865661084651947 
vn 0.5006305575370789 0 0.865661084651947 
vn 0.5006305575370789 0 0.865661084651947 
vn 0.5006305575370789 0 0.865661084651947 
vn 0.5006305575370789 0 0.865661084651947 
vn 0.5006305575370789 0 0.865661084651947 
vn 0.5006305575370789 0 0.865661084651947 
vn 0.5006305575370789 0 0.865661084651947 
vn 0.5006305575370789 0 0.865661084651947 
vn 0.5006305575370789 0 0.865661084651947 
vn 0.5006305575370789 0 0.865661084651947 
vn 0.5006305575370789 0 0.865661084651947 
vn 0.5006305575370789 0 0.865661084651947 
vn 0.5006305575370789 0 0.865661084651947 
vn 0.5006305575370789 0 0.865661084651947 
vn 0.5006305575370789 0 0.865661084651947 
vn 0.5006305575370789 0 0.865661084651947 
vn -0.8667527437210083 -1.7926449441627718e-13 0.4987381398677826 
vn -0.8667527437210083 -1.7926449441627718e-13 0.4987381398677826 
vn -0.8664573431015015 0.022626105695962906 0.4987381398677826 
vn -0.8667527437210083 -1.7926449441627718e-13 0.4987381398677826 
vn -0.8667527437210083 -1.7926449441627718e-13 0.4987381398677826 
vn -0.8667527437210083 -1.7926449441627718e-13 0.4987381398677826 
vn -0.8667527437210083 -1.7926449441627718e-13 0.4987381398677826 
vn -0.8667527437210083 -1.7926449441627718e-13 0.4987381398677826 
vn -0.8667527437210083 -1.7926449441627718e-13 0.4987381398677826 
vn -0.8666214346885681 0.01508502196520567 0.4987381398677826 
vn -0.8372552394866943 0.38405847549438477 0.3892335295677185 
vn -0.8448120355606079 0.3912818431854248 0.3649536371231079 
vn -0.6231005191802979 0.7735622525215149 0.11553031951189041 
vn -0.8611488938331604 0.38120508193969727 0.3363112509250641 
vn -0.6525093913078308 0.7551310062408447 0.0633138045668602 
vn -0.8803013563156128 0.3426957428455353 0.3280687630176544 
vn -0.706727147102356 0.706727147102356 0.03276457265019417 
vn -0.6743116974830627 0.7383660078048706 -0.010923261754214764 
vn -0.2298937439918518 0.9005411863327026 -0.3690181374549866 
vn -0.22990556061267853 0.9054471254348755 -0.3568037748336792 
vn -0.18391278386116028 0.9415308833122253 -0.28230419754981995 
vn -0.15040400624275208 0.964093029499054 -0.21886809170246124 
vn -0.6079441905021667 0.7770429253578186 0.16312000155448914 
vn -0.7895480990409851 0.41012677550315857 0.456519216299057 
vn -0.15412265062332153 0.9417160749435425 -0.2990269064903259 
vn -0.1204676702618599 0.9632364511489868 -0.2401314377784729 
vn -0.12056558579206467 0.9784842133522034 -0.16742929816246033 
vn -0.5179232358932495 0.8014602065086365 0.2990269064903259 
vn 0.41346344351768494 0.7715323567390442 -0.4835140109062195 
vn -0.08670175820589066 0.9789755940437317 -0.18463370203971863 
vn -0.015102335251867771 0.9998263120651245 0.010923261754214764 
vn 0.44890034198760986 0.7750003933906555 -0.44481781125068665 
vn 0.015102335251867771 0.9998263120651245 -0.010923261754214764 
vn 0.5179232358932495 0.8014602065086365 -0.2990269064903259 
vn 0.7561088800430298 0.385680615901947 -0.528724730014801 
vn 0.7910186052322388 0.40728333592414856 -0.456519216299057 
vn 0.864433228969574 0.015109728090465069 -0.5025205612182617 
vn 0.8664565086364746 0.022657480090856552 -0.4987381398677826 
vn 0.8667527437210083 0 -0.4987381398677826 
vn 0.8667527437210083 0 -0.4987381398677826 
vn 0.736866295337677 0.39198896288871765 -0.5507928133010864 
vn 0.3788968026638031 0.7569393515586853 -0.5324283838272095 
vn -0.19661845266819 0.9050509333610535 -0.37712597846984863 
vn -0.20219342410564423 0.9004082083702087 -0.3852050006389618 
vn 0.3284391760826111 0.7373767495155334 -0.590256929397583 
vn 0.38233429193496704 0.7050298452377319 -0.5972883701324463 
vn 0.7213339805603027 0.3844905197620392 -0.5760593414306641 
vn 0.8620633482933044 0.022668417543172836 -0.5062933564186096 
vn 0.6877354383468628 0.3970642387866974 -0.607749879360199 
vn 0.7246950268745422 0.34360402822494507 -0.5972883701324463 
vn 0.864433228969574 0.015109728090465069 -0.5025205612182617 
vn 0.8667527437210083 0 -0.4987381398677826 
vn 0.8667527437210083 0 -0.4987381398677826 
vn 0.8454341292381287 0.07544034719467163 -0.528724730014801 
vn 0.8596095442771912 0.03022831678390503 -0.5100564956665039 
vn 0.8667527437210083 0 -0.4987381398677826 
vn 0.8667527437210083 0 -0.4987381398677826 
vn 0.8667527437210083 0 -0.4987381398677826 
vn 0.8667527437210083 0 -0.4987381398677826 
vn 0.8667527437210083 0 -0.4987381398677826 
vn 0.8667527437210083 0 -0.4987381398677826 
vn 0.8667527437210083 0 -0.4987381398677826 
vn 0.8667527437210083 0 -0.4987381398677826 
vn 0.8667527437210083 0 -0.4987381398677826 
vn -0.6537543535232544 -0.46006542444229126 0.6007870435714722 
vn -0.688511073589325 -0.41638901829719543 0.5937783122062683 
vn -0.8349780440330505 -0.12403605878353119 0.5361219048500061 
vn -0.8537827134132385 -0.056510865688323975 0.5175535082817078 
vn -0.8667527437210083 -1.7926449441627718e-13 0.4987381398677826 
vn -0.8645652532577515 -1.7919601349655756e-13 0.5025205612182617 
vn -0.8620641827583313 -0.02263685315847397 0.5062933564186096 
vn -0.8667527437210083 -1.7926449441627718e-13 0.4987381398677826 
vn -0.8667527437210083 -1.7926449441627718e-13 0.4987381398677826 
vn -0.8700442314147949 0.3950744569301605 0.2948545813560486 
vn -0.8728161454200745 0.026410022750496864 0.48733407258987427 
vn -0.8804351091384888 0.07534531503915787 0.46814218163490295 
vn -0.8667527437210083 -1.7926449441627718e-13 0.4987381398677826 
vn -0.868792712688446 0.015081033110618591 0.4949462115764618 
vn -0.8667527437210083 -1.7926449441627718e-13 0.4987381398677826 
vn -0.8667527437210083 -1.7926449441627718e-13 0.4987381398677826 
vn -0.8667527437210083 -1.7926449441627718e-13 0.4987381398677826 
vn -0.8686291575431824 0.022620130330324173 0.4949462115764618 
vn -0.8667527437210083 -1.7926449441627718e-13 0.4987381398677826 
vn -0.9663659334182739 0.007552213501185179 -0.25706008076667786 
vn -0.9663954377174377 -1.998729008906644e-13 -0.25706008076667786 
vn -0.8731422424316406 0.011319990269839764 0.48733407258987427 
vn -0.8732074499130249 -0.003773423843085766 0.48733407258987427 
vn -0.8578957915306091 -0.0037694775965064764 0.5138099193572998 
vn -0.8578295111656189 0.011308141052722931 0.5138099193572998 
vn -0.259143590927124 0.0037519836332648993 0.9658315181732178 
vn -0.259143590927124 -0.0037519836332648993 0.9658315181732178 
vn 0.4853667914867401 0.007530602626502514 0.87427818775177 
vn 0.48542520403862 0 0.87427818775177 
vn 0.5119344592094421 0 0.8590245246887207 
vn 0.511879026889801 0.007532699964940548 0.8590245246887207 
vn 0.9663659930229187 0.007542832288891077 0.25706008076667786 
vn 0.9663954377174377 0 0.25706008076667786 
vn 0.8731828927993774 0.007557172328233719 -0.48733407258987427 
vn 0.8732156157493591 0 -0.48733407258987427 
vn 0.8579040765762329 0 -0.5138099193572998 
vn 0.8578708171844482 0.007549440488219261 -0.5138099193572998 
vn 0.2590600848197937 0.007572958245873451 -0.9658315181732178 
vn 0.2591707408428192 0 -0.9658315181732178 
vn -0.4852924644947052 0.011351384222507477 -0.87427818775177 
vn -0.4854104518890381 -0.0037841012235730886 -0.87427818775177 
vn -0.5118787288665771 0.007550381124019623 -0.8590245246887207 
vn -0.3464099168777466 0.7056514620780945 -0.6181069612503052 
vn -0.36389073729515076 0.7058495879173279 -0.607749879360199 
vn 0.007550373673439026 0.9997782111167908 -0.01966099627315998 
vn -0.02265329100191593 0.999721884727478 -0.006554040592163801 
vn -0.007550373673439026 0.9997782111167908 0.01966099627315998 
vn -0.6076158285140991 0.7075076103210449 0.36088213324546814 
vn 0.3408307433128357 0.7083630561828613 0.6181069612503052 
vn -0.21042373776435852 0.5793583989143372 0.7874425053596497 
vn -0.259143590927124 0.0037519836332648993 0.9658315181732178 
vn -0.8578295111656189 0.011308141052722931 0.5138099193572998 
vn -0.6183871030807495 0.706326961517334 0.34452807903289795 
vn -0.8731422424316406 0.011319990269839764 0.48733407258987427 
vn -0.9663659334182739 0.007552213501185179 -0.25706008076667786 
vn -0.7900300025939941 0.5758582353591919 -0.2103329300880432 
vn -0.5119344592094421 -1.058798705720447e-13 -0.8590245246887207 
vn -0.9663659334182739 0.007552213501185179 -0.25706008076667786 
vn 0.2590600848197937 0.007572958245873451 -0.9658315181732178 
vn 0.21476112306118011 0.577764630317688 -0.7874425053596497 
vn 0.6096923351287842 0.705718994140625 -0.36088213324546814 
vn 0.02265329100191593 0.999721884727478 0.006554040592163801 
vn 0.3595190644264221 0.7080862522125244 0.607749879360199 
vn 0.511879026889801 0.007532699964940548 0.8590245246887207 
vn 0.4853667914867401 0.007530602626502514 0.87427818775177 
vn 0.6176164746284485 0.7070009112358093 -0.34452807903289795 
vn 0.7882493138313293 0.5782932043075562 0.2103329300880432 
vn 0.9663659930229187 0.007542832288891077 0.25706008076667786 
vn 0.8731828927993774 0.007557172328233719 -0.48733407258987427 
vn 0.8578708171844482 0.007549440488219261 -0.5138099193572998 
vn -0.9663954377174377 -1.998729008906644e-13 -0.25706008076667786 
vn -0.9663954377174377 -1.998729008906644e-13 -0.25706008076667786 
vn -0.9663954377174377 -1.998729008906644e-13 -0.25706008076667786 
vn -0.7941284775733948 -1.6424412014898887e-13 -0.607749879360199 
vn -0.7941284775733948 -1.6424412014898887e-13 -0.607749879360199 
vn -0.5006305575370789 -1.0354196476993274e-13 -0.865661084651947 
vn -0.5006305575370789 -1.0354196476993274e-13 -0.865661084651947 
vn -0.13070669770240784 -2.6975117763962907e-14 -0.991421103477478 
vn -0.13070669770240784 -2.6975117763962907e-14 -0.991421103477478 
vn 0.2591707408428192 0 -0.9658315181732178 
vn 0.2591707408428192 0 -0.9658315181732178 
vn 0.6094833612442017 0 -0.7927988767623901 
vn 0.6094833612442017 0 -0.7927988767623901 
vn 0.8667527437210083 0 -0.4987381398677826 
vn 0.8667527437210083 0 -0.4987381398677826 
vn 0.9917042851448059 0 -0.12854042649269104 
vn 0.9917042851448059 0 -0.12854042649269104 
vn 0.9663954377174377 0 0.25706008076667786 
vn 0.9663954377174377 0 0.25706008076667786 
vn 0.7941284775733948 0 0.607749879360199 
vn 0.7941284775733948 0 0.607749879360199 
vn 0.5006305575370789 0 0.865661084651947 
vn 0.5006305575370789 0 0.865661084651947 
vn 0.13070669770240784 0 0.991421103477478 
vn 0.13070669770240784 0 0.991421103477478 
vn -0.259143590927124 0.0037519836332648993 0.9658315181732178 
vn -0.259143590927124 0.0037519836332648993 0.9658315181732178 
vn -0.6094833612442017 -1.2605523992247764e-13 0.7927988767623901 
vn -0.6094833612442017 -1.2605523992247764e-13 0.7927988767623901 
vn -0.8667527437210083 -1.7926449441627718e-13 0.4987381398677826 
vn -0.8667527437210083 -1.7926449441627718e-13 0.4987381398677826 
vn -0.9916970729827881 0.0037763919681310654 0.12854042649269104 
vn -0.9916970729827881 0.0037763919681310654 0.12854042649269104 
vn -0.9663954377174377 -1.998729008906644e-13 -0.25706008076667786 
vn -0.9663954377174377 -1.998729008906644e-13 -0.25706008076667786 
vn -1.0341130485562108e-13 0.999997615814209 0.002184694167226553 
vn -1.0341130485562108e-13 0.999997615814209 0.002184694167226553 
vn -1.0341130485562108e-13 0.999997615814209 0.002184694167226553 
vn -1.0341130485562108e-13 0.999997615814209 0.002184694167226553 
vn -1.0341130485562108e-13 0.999997615814209 0.002184694167226553 
vn -1.0341130485562108e-13 0.999997615814209 -0.002184694167226553 
vn -1.0341130485562108e-13 0.999997615814209 -0.002184694167226553 
vn -1.0341130485562108e-13 0.999997615814209 0.002184694167226553 
vn -1.0341130485562108e-13 0.999997615814209 0.002184694167226553 
vn -1.0341130485562108e-13 0.999997615814209 -0.002184694167226553 
vn -1.0341130485562108e-13 0.999997615814209 -0.002184694167226553 
vn -1.0341130485562108e-13 0.999997615814209 0.002184694167226553 
vn -1.0341130485562108e-13 0.999997615814209 0.002184694167226553 
vn -1.0341130485562108e-13 0.999997615814209 0.002184694167226553 
vn -1.0341130485562108e-13 0.999997615814209 0.002184694167226553 
vn -1.0341130485562108e-13 0.999997615814209 -0.002184694167226553 
vn -1.0341130485562108e-13 0.999997615814209 -0.002184694167226553 
vt 0.36312779784202576 0.5294094085693359 
vt 0.3921569883823395 0.5294744372367859 
vt 0.36312779784202576 0.5377984046936035 
vt 0.3921569883823395 0.5377984046936035 
vt 0.36312779784202576 0.5461223125457764 
vt 0.3921569883823395 0.5461873412132263 
vt 0.36312779784202576 0.554511308670044 
vt 0.3921569883823395 0.554511308670044 
vt 0.36312779784202576 0.5628352761268616 
vt 0.3921569883823395 0.5628352761268616 
vt 0.36305099725723267 0.5711591839790344 
vt 0.3921569883823395 0.5712242126464844 
vt 0.36305099725723267 0.579548180103302 
vt 0.3921569883823395 0.579548180103302 
vt 0.36305099725723267 0.5878720879554749 
vt 0.3920801877975464 0.5879371166229248 
vt 0.36305099725723267 0.5961960554122925 
vt 0.3920801877975464 0.5962610840797424 
vt 0.9727407693862915 0.06391895562410355 
vt 0.9897128939628601 0.0635937973856926 
vt 0.9727407693862915 0.06626006215810776 
vt 0.9897128939628601 0.0659349113702774 
vt 0.9897128939628601 0.0659349113702774 
vt 0.9869481921195984 0.208807572722435 
vt 0.9727407693862915 0.06626006215810776 
vt 0.9807276725769043 0.2089376449584961 
vt 0.9727407693862915 0.06626006215810776 
vt 0.9807276725769043 0.2089376449584961 
vt 0.9704368710517883 0.06639012694358826 
vt 0.9783469438552856 0.209067702293396 
vt 0.9807276725769043 0.2089376449584961 
vt 0.9869481921195984 0.208807572722435 
vt 0.9807276725769043 0.2112787514925003 
vt 0.9870250225067139 0.21121372282505035 
vt 0.992093563079834 0.06599994003772736 
vt 0.989328920841217 0.20887260138988495 
vt 0.9897128939628601 0.0659349113702774 
vt 0.9869481921195984 0.208807572722435 
vt 0.5177197456359863 0.5547714233398438 
vt 0.5116528272628784 0.5677125453948975 
vt 0.4990581274032593 0.5539910793304443 
vt 0.49821338057518005 0.5725898742675781 
vt 0.48531150817871094 0.5665420293807983 
vt 0.4804733097553253 0.5531456470489502 
vt 0.4865402579307556 0.5402045249938965 
vt 0.4999029040336609 0.5353922247886658 
vt 0.5128047466278076 0.5413751006126404 
vt 0.7834336757659912 0.25125664472579956 
vt 0.7861506938934326 0.25152942538261414 
vt 0.7818753123283386 0.27069368958473206 
vt 0.7845923900604248 0.27083009481430054 
vt 0.7817155122756958 0.28944873809814453 
vt 0.784432590007782 0.28944873809814453 
vt 0.7817155122756958 0.3075900077819824 
vt 0.784432590007782 0.30765819549560547 
vt 0.7816755771636963 0.3256630599498749 
vt 0.7843925952911377 0.3256630599498749 
vt 0.7815556526184082 0.3436678946018219 
vt 0.7842727303504944 0.3436678946018219 
vt 0.7813958525657654 0.3616727590560913 
vt 0.7841129302978516 0.3616727590560913 
vt 0.7812360525131226 0.3796776235103607 
vt 0.783953070640564 0.3796776235103607 
vt 0.781076192855835 0.39768245816230774 
vt 0.7837932705879211 0.3977506756782532 
vt 0.7809163928031921 0.41568732261657715 
vt 0.7836334109306335 0.4157555103302002 
vt 0.7807565331459045 0.4337603747844696 
vt 0.7834736108779907 0.4337603747844696 
vt 0.7805567383766174 0.451765239238739 
vt 0.7832738161087036 0.451765239238739 
vt 0.7803969383239746 0.46977007389068604 
vt 0.7831140160560608 0.46983829140663147 
vt 0.7801971435546875 0.4878431260585785 
vt 0.7829142212867737 0.4878431260585785 
vt 0.7800373435020447 0.5058479905128479 
vt 0.7827543616294861 0.5058479905128479 
vt 0.7798375487327576 0.5238528251647949 
vt 0.7825546264648438 0.523921012878418 
vt 0.77967768907547 0.5419259071350098 
vt 0.7823947668075562 0.5419259071350098 
vt 0.7794779539108276 0.5599307417869568 
vt 0.782194972038269 0.5599307417869568 
vt 0.77931809425354 0.5779355764389038 
vt 0.7820351719856262 0.5780038237571716 
vt 0.7791182994842529 0.5960086584091187 
vt 0.7818753123283386 0.5960086584091187 
vt 0.7789584994316101 0.6140134930610657 
vt 0.7816755771636963 0.6140134930610657 
vt 0.7787986397743225 0.6320183277130127 
vt 0.7815157175064087 0.6320865750312805 
vt 0.7786388397216797 0.6500914096832275 
vt 0.7813559174537659 0.6500914096832275 
vt 0.7784789800643921 0.6680962443351746 
vt 0.7811960577964783 0.6681644320487976 
vt 0.7783191800117493 0.6861693263053894 
vt 0.7810362577438354 0.6861693263053894 
vt 0.7781593799591064 0.7041741609573364 
vt 0.7808763980865479 0.7042423486709595 
vt 0.7779995203018188 0.7222472429275513 
vt 0.780716598033905 0.7222472429275513 
vt 0.7777997255325317 0.7402520775794983 
vt 0.7805168032646179 0.7403202652931213 
vt 0.7775200605392456 0.7584615349769592 
vt 0.780237078666687 0.7584615349769592 
vt 0.7774401307106018 0.7772165536880493 
vt 0.780157208442688 0.7771483659744263 
vt 0.778758704662323 0.7967900633811951 
vt 0.7814757823944092 0.7965172529220581 
vt 0.7888278365135193 0.2519386410713196 
vt 0.787309467792511 0.27103468775749207 
vt 0.7871496081352234 0.28951695561408997 
vt 0.7871496081352234 0.30765819549560547 
vt 0.7871096730232239 0.3256630599498749 
vt 0.7869898080825806 0.3436678946018219 
vt 0.7868300080299377 0.3616727590560913 
vt 0.7866701483726501 0.37974581122398376 
vt 0.7865103483200073 0.3977506756782532 
vt 0.7863504886627197 0.4157555103302002 
vt 0.7861906886100769 0.4337603747844696 
vt 0.7859908938407898 0.45183342695236206 
vt 0.7858310341835022 0.46983829140663147 
vt 0.7856312990188599 0.4878431260585785 
vt 0.7854714393615723 0.505916178226471 
vt 0.7852716445922852 0.523921012878418 
vt 0.7851118445396423 0.5419259071350098 
vt 0.7849120497703552 0.5599989295005798 
vt 0.7847522497177124 0.5780038237571716 
vt 0.7845923900604248 0.5960086584091187 
vt 0.7843925952911377 0.6140816807746887 
vt 0.7842327952384949 0.6320865750312805 
vt 0.7840729355812073 0.6501595973968506 
vt 0.7839131355285645 0.6681644320487976 
vt 0.7837532758712769 0.6862375140190125 
vt 0.783593475818634 0.7042423486709595 
vt 0.7834336757659912 0.7222472429275513 
vt 0.7832338809967041 0.7403202652931213 
vt 0.7829541563987732 0.7584615349769592 
vt 0.7828742265701294 0.7770119905471802 
vt 0.7841528654098511 0.7961762547492981 
vt 0.7915049195289612 0.25241604447364807 
vt 0.7900265455245972 0.27117109298706055 
vt 0.7898666858673096 0.28951695561408997 
vt 0.7898666858673096 0.30765819549560547 
vt 0.7898267507553101 0.3256630599498749 
vt 0.7897068858146667 0.34373611211776733 
vt 0.7895470261573792 0.36174094676971436 
vt 0.7893872261047363 0.37974581122398376 
vt 0.7892273664474487 0.3977506756782532 
vt 0.7890675663948059 0.41582372784614563 
vt 0.7889077067375183 0.43382856249809265 
vt 0.788707971572876 0.45183342695236206 
vt 0.7885481119155884 0.46983829140663147 
vt 0.7883483171463013 0.4879113435745239 
vt 0.7881885170936584 0.505916178226471 
vt 0.7879887223243713 0.523921012878418 
vt 0.7878289222717285 0.5419940948486328 
vt 0.7876291275024414 0.5599989295005798 
vt 0.7874692678451538 0.5780038237571716 
vt 0.7872695326805115 0.5960768461227417 
vt 0.7871096730232239 0.6140816807746887 
vt 0.786949872970581 0.6321547627449036 
vt 0.7867900133132935 0.6501595973968506 
vt 0.7865902185440063 0.6681644320487976 
vt 0.786470353603363 0.6862375140190125 
vt 0.7863105535507202 0.7042423486709595 
vt 0.7861506938934326 0.7223154306411743 
vt 0.7859509587287903 0.7403202652931213 
vt 0.7856712341308594 0.7584615349769592 
vt 0.7855913043022156 0.7768073678016663 
vt 0.7868300080299377 0.7956988215446472 
vt 0.7941420674324036 0.2529616355895996 
vt 0.7927036285400391 0.2713756859302521 
vt 0.7925837635993958 0.289585143327713 
vt 0.7925837635993958 0.30765819549560547 
vt 0.792503833770752 0.3257312476634979 
vt 0.7923839688301086 0.34373611211776733 
vt 0.7922641038894653 0.36174094676971436 
vt 0.7921043038368225 0.37974581122398376 
vt 0.7919444441795349 0.3978188633918762 
vt 0.7917846441268921 0.41582372784614563 
vt 0.791584849357605 0.43382856249809265 
vt 0.7914249897003174 0.4519016146659851 
vt 0.7912651896476746 0.4699064791202545 
vt 0.7910653948783875 0.4879113435745239 
vt 0.7909055948257446 0.505916178226471 
vt 0.7907058000564575 0.5239892601966858 
vt 0.7905459403991699 0.5419940948486328 
vt 0.7903462052345276 0.5599989295005798 
vt 0.79018634557724 0.5780720114707947 
vt 0.7899865508079529 0.5960768461227417 
vt 0.7898267507553101 0.6141499280929565 
vt 0.789626955986023 0.6321547627449036 
vt 0.7894671559333801 0.6501595973968506 
vt 0.7893072962760925 0.6682326793670654 
vt 0.7891474962234497 0.6862375140190125 
vt 0.7890276312828064 0.7043105959892273 
vt 0.7888677716255188 0.7223154306411743 
vt 0.7886679768562317 0.7403884530067444 
vt 0.7883883118629456 0.7584615349769592 
vt 0.7883083820343018 0.7766709923744202 
vt 0.7895070910453796 0.7951532602310181 
vt 0.7967392802238464 0.2535754442214966 
vt 0.7954207062721252 0.27164849638938904 
vt 0.7953008413314819 0.28965336084365845 
vt 0.7953008413314819 0.3077264130115509 
vt 0.7952209115028381 0.3257312476634979 
vt 0.7951010465621948 0.34373611211776733 
vt 0.7949411869049072 0.3618091642856598 
vt 0.7948213219642639 0.3798140287399292 
vt 0.7946615219116211 0.3978188633918762 
vt 0.794461727142334 0.41582372784614563 
vt 0.7943019270896912 0.4338967800140381 
vt 0.7941420674324036 0.4519016146659851 
vt 0.7939422726631165 0.4699064791202545 
vt 0.7937824726104736 0.487979531288147 
vt 0.7935826778411865 0.505984365940094 
vt 0.7934228777885437 0.5239892601966858 
vt 0.7932230830192566 0.5420622825622559 
vt 0.793063223361969 0.5600671172142029 
vt 0.7928634285926819 0.5780720114707947 
vt 0.7927036285400391 0.5961450338363647 
vt 0.792503833770752 0.6141499280929565 
vt 0.7923440337181091 0.6321547627449036 
vt 0.7921841740608215 0.6502277851104736 
vt 0.7920243740081787 0.6682326793670654 
vt 0.7918645143508911 0.6863057017326355 
vt 0.7917047142982483 0.7043105959892273 
vt 0.7915448546409607 0.7223836183547974 
vt 0.7913850545883179 0.7403884530067444 
vt 0.7911453247070312 0.7584615349769592 
vt 0.7910254597663879 0.7764663696289062 
vt 0.7921043038368225 0.7945394515991211 
vt 0.7992565631866455 0.25418925285339355 
vt 0.7981377243995667 0.27185308933258057 
vt 0.7980178594589233 0.2897215485572815 
vt 0.7980178594589233 0.3077264130115509 
vt 0.7979379892349243 0.3257312476634979 
vt 0.797818124294281 0.3438042998313904 
vt 0.7976582646369934 0.3618091642856598 
vt 0.7974984645843506 0.3798140287399292 
vt 0.797338604927063 0.3978188633918762 
vt 0.7971788048744202 0.4158919155597687 
vt 0.7970189452171326 0.4338967800140381 
vt 0.7968191504478455 0.4519016146659851 
vt 0.7966593503952026 0.46997466683387756 
vt 0.7964595556259155 0.487979531288147 
vt 0.7962997555732727 0.505984365940094 
vt 0.7960999608039856 0.5240574479103088 
vt 0.795940101146698 0.5420622825622559 
vt 0.7957403659820557 0.5600671172142029 
vt 0.7955805063247681 0.5781401991844177 
vt 0.795380711555481 0.5961450338363647 
vt 0.7952209115028381 0.6141499280929565 
vt 0.7950610518455505 0.6322229504585266 
vt 0.7949012517929077 0.6502277851104736 
vt 0.7947014570236206 0.6683008670806885 
vt 0.7945815920829773 0.6863057017326355 
vt 0.7944217920303345 0.7043105959892273 
vt 0.7942619323730469 0.7223836183547974 
vt 0.794102132320404 0.7403884530067444 
vt 0.7938624024391174 0.7583933472633362 
vt 0.7937424778938293 0.7763299942016602 
vt 0.7946615219116211 0.7939938306808472 
vt 0.8018137812614441 0.2547348439693451 
vt 0.8008947968482971 0.2720577120780945 
vt 0.8007749319076538 0.28978973627090454 
vt 0.8007349371910095 0.3077264130115509 
vt 0.8006550073623657 0.32579946517944336 
vt 0.8004952073097229 0.3438042998313904 
vt 0.8003753423690796 0.3618091642856598 
vt 0.800215482711792 0.37988221645355225 
vt 0.8000556826591492 0.39788708090782166 
vt 0.7998958230018616 0.4158919155597687 
vt 0.7996960878372192 0.4338967800140381 
vt 0.7995362281799316 0.45196983218193054 
vt 0.7993764281272888 0.46997466683387756 
vt 0.7991766333580017 0.487979531288147 
vt 0.7990167737007141 0.5060526132583618 
vt 0.7988170385360718 0.5240574479103088 
vt 0.7986571788787842 0.5420622825622559 
vt 0.7984573841094971 0.5601353645324707 
vt 0.7982975840568542 0.5781401991844177 
vt 0.7980977892875671 0.5961450338363647 
vt 0.7979379892349243 0.6142181158065796 
vt 0.7977381944656372 0.6322229504585266 
vt 0.7975783348083496 0.6502960324287415 
vt 0.7974185347557068 0.6683008670806885 
vt 0.7972586750984192 0.6863057017326355 
vt 0.7971388101577759 0.7043787837028503 
vt 0.7969790101051331 0.7223836183547974 
vt 0.7968191504478455 0.7404567003250122 
vt 0.7966194152832031 0.7583933472633362 
vt 0.7964995503425598 0.7761253714561462 
vt 0.7972187399864197 0.7934482097625732 
vt 0.8042911291122437 0.2552122473716736 
vt 0.8036118149757385 0.2721940875053406 
vt 0.8035319447517395 0.28985795378685 
vt 0.8034520149230957 0.30779460072517395 
vt 0.8033720850944519 0.32579946517944336 
vt 0.8032122850418091 0.3438042998313904 
vt 0.8030924201011658 0.36187735199928284 
vt 0.8029325604438782 0.37988221645355225 
vt 0.8027727603912354 0.39788708090782166 
vt 0.8026129007339478 0.4159601330757141 
vt 0.8024131059646606 0.43396496772766113 
vt 0.8022533059120178 0.45196983218193054 
vt 0.8020535111427307 0.46997466683387756 
vt 0.8018937110900879 0.48804771900177 
vt 0.8016939163208008 0.5060526132583618 
vt 0.8015340566635132 0.5240574479103088 
vt 0.8013343214988708 0.5421304702758789 
vt 0.8011744618415833 0.5601353645324707 
vt 0.8009746670722961 0.5782083868980408 
vt 0.8008148670196533 0.5962132215499878 
vt 0.8006550073623657 0.6142181158065796 
vt 0.8004552721977234 0.6322911381721497 
vt 0.8002954125404358 0.6502960324287415 
vt 0.800135612487793 0.6683008670806885 
vt 0.7999757528305054 0.6863738894462585 
vt 0.7998159527778625 0.7043787837028503 
vt 0.7996960878372192 0.7224518060684204 
vt 0.7995362281799316 0.7404567003250122 
vt 0.7993764281272888 0.7583933472633362 
vt 0.7992565631866455 0.7759889960289001 
vt 0.7997360229492188 0.7930390238761902 
vt 0.8067684173583984 0.25548505783081055 
vt 0.8063688278198242 0.27233049273490906 
vt 0.8062889575958252 0.289926141500473 
vt 0.8061690926551819 0.30779460072517395 
vt 0.8060891628265381 0.32579946517944336 
vt 0.8059293031692505 0.3438725173473358 
vt 0.8058094382286072 0.36187735199928284 
vt 0.8056496381759644 0.37988221645355225 
vt 0.8054897785186768 0.3979552686214447 
vt 0.8053299784660339 0.4159601330757141 
vt 0.8051301836967468 0.43396496772766113 
vt 0.804970383644104 0.4520380198955536 
vt 0.8047705888748169 0.470042884349823 
vt 0.8046107292175293 0.48804771900177 
vt 0.804410994052887 0.5061208009719849 
vt 0.8042511343955994 0.5241256356239319 
vt 0.8040513396263123 0.5421304702758789 
vt 0.8038915395736694 0.5602035522460938 
vt 0.8036917448043823 0.5782083868980408 
vt 0.8035319447517395 0.5962132215499878 
vt 0.8033720850944519 0.6142863035202026 
vt 0.8031722903251648 0.6322911381721497 
vt 0.803012490272522 0.6502960324287415 
vt 0.8028526306152344 0.6683690547943115 
vt 0.8026928305625916 0.6863738894462585 
vt 0.8025729656219482 0.7043787837028503 
vt 0.8024131059646606 0.7224518060684204 
vt 0.8022533059120178 0.7404567003250122 
vt 0.8021334409713745 0.7583250999450684 
vt 0.8020135760307312 0.7759207487106323 
vt 0.8022133708000183 0.7927662134170532 
vt 0.809245765209198 0.25562146306037903 
vt 0.8091658353805542 0.2723987102508545 
vt 0.8090459704399109 0.289926141500473 
vt 0.8089261054992676 0.30779460072517395 
vt 0.8088062405586243 0.32579946517944336 
vt 0.8086463809013367 0.3438725173473358 
vt 0.8085265159606934 0.36187735199928284 
vt 0.8083667159080505 0.3799504041671753 
vt 0.8082068562507629 0.3979552686214447 
vt 0.8080470561981201 0.4159601330757141 
vt 0.807847261428833 0.43403318524360657 
vt 0.8076874017715454 0.4520380198955536 
vt 0.8075276017189026 0.470042884349823 
vt 0.8073278069496155 0.48811593651771545 
vt 0.8071680068969727 0.5061208009719849 
vt 0.8069682121276855 0.5241256356239319 
vt 0.806808352470398 0.5421987175941467 
vt 0.8066086173057556 0.5602035522460938 
vt 0.806448757648468 0.5782083868980408 
vt 0.8062489628791809 0.5962814688682556 
vt 0.8060891628265381 0.6142863035202026 
vt 0.805889368057251 0.6322911381721497 
vt 0.8057295680046082 0.6503642201423645 
vt 0.8055697083473206 0.6683690547943115 
vt 0.8054099082946777 0.6863738894462585 
vt 0.8052900433540344 0.7044469714164734 
vt 0.8051301836967468 0.7224518060684204 
vt 0.8050103187561035 0.7404567003250122 
vt 0.8048904538154602 0.7583933472633362 
vt 0.8047705888748169 0.7759207487106323 
vt 0.8046906590461731 0.7926980257034302 
vt 0.8117230534553528 0.25548505783081055 
vt 0.8119228482246399 0.27233049273490906 
vt 0.8118029832839966 0.289926141500473 
vt 0.8116831183433533 0.3078628182411194 
vt 0.8115232586860657 0.3258676528930664 
vt 0.8114033937454224 0.3438725173473358 
vt 0.8112435936927795 0.36194556951522827 
vt 0.8110837340354919 0.3799504041671753 
vt 0.8109239339828491 0.3979552686214447 
vt 0.8107640743255615 0.41602832078933716 
vt 0.8105643391609192 0.43403318524360657 
vt 0.8104044795036316 0.4520380198955536 
vt 0.8102446794509888 0.47011107206344604 
vt 0.8100448846817017 0.48811593651771545 
vt 0.8098850250244141 0.5061208009719849 
vt 0.8096852898597717 0.5241938233375549 
vt 0.8095254302024841 0.5421987175941467 
vt 0.809325635433197 0.5602035522460938 
vt 0.8091658353805542 0.5782765746116638 
vt 0.8089660406112671 0.5962814688682556 
vt 0.8088062405586243 0.6142863035202026 
vt 0.8086064457893372 0.6323593258857727 
vt 0.8084465861320496 0.6503642201423645 
vt 0.8082867860794067 0.6683690547943115 
vt 0.8081269264221191 0.6864421367645264 
vt 0.8080070614814758 0.7044469714164734 
vt 0.807847261428833 0.7224518060684204 
vt 0.8077673316001892 0.7404567003250122 
vt 0.8076474666595459 0.7583933472633362 
vt 0.8075675368309021 0.7759889960289001 
vt 0.8071680068969727 0.7928344011306763 
vt 0.8142004013061523 0.2552122473716736 
vt 0.8146798610687256 0.272262305021286 
vt 0.8145599961280823 0.289926141500473 
vt 0.8144001960754395 0.3078628182411194 
vt 0.8142403364181519 0.3258676528930664 
vt 0.8141204714775085 0.3438725173473358 
vt 0.8139606714248657 0.36194556951522827 
vt 0.8138008117675781 0.3799504041671753 
vt 0.8136410117149353 0.39802345633506775 
vt 0.8134811520576477 0.41602832078933716 
vt 0.8132813572883606 0.43403318524360657 
vt 0.8131215572357178 0.452106237411499 
vt 0.8129616975784302 0.47011107206344604 
vt 0.8127619624137878 0.48811593651771545 
vt 0.8126021027565002 0.5061889886856079 
vt 0.8124023079872131 0.5241938233375549 
vt 0.8122425079345703 0.5421987175941467 
vt 0.8120427131652832 0.5602717399597168 
vt 0.8118829131126404 0.5782765746116638 
vt 0.8116831183433533 0.5962814688682556 
vt 0.8115232586860657 0.6143544912338257 
vt 0.8113235235214233 0.6323593258857727 
vt 0.8111636638641357 0.6503642201423645 
vt 0.8110038638114929 0.6684372425079346 
vt 0.8108440041542053 0.6864421367645264 
vt 0.810724139213562 0.7044469714164734 
vt 0.8105643391609192 0.7225199937820435 
vt 0.8104844093322754 0.7405248880386353 
vt 0.8104044795036316 0.7584615349769592 
vt 0.8103245496749878 0.7760571837425232 
vt 0.8096452951431274 0.7931072115898132 
vt 0.8167176842689514 0.2548030614852905 
vt 0.8174368739128113 0.27212589979171753 
vt 0.817317008972168 0.289926141500473 
vt 0.8171172142028809 0.3078628182411194 
vt 0.816957414150238 0.3258676528930664 
vt 0.8167975544929504 0.34394070506095886 
vt 0.8166776895523071 0.36194556951522827 
vt 0.8165178894996643 0.3800186216831207 
vt 0.8163580298423767 0.39802345633506775 
vt 0.8161982297897339 0.41602832078933716 
vt 0.8159984350204468 0.4341013729572296 
vt 0.815838634967804 0.452106237411499 
vt 0.8156388401985168 0.47011107206344604 
vt 0.8154789805412292 0.4881841242313385 
vt 0.8152792453765869 0.5061889886856079 
vt 0.8151193857192993 0.524262011051178 
vt 0.8149195909500122 0.5422669053077698 
vt 0.8147597908973694 0.5602717399597168 
vt 0.8145599961280823 0.5783448219299316 
vt 0.8144001960754395 0.5963496565818787 
vt 0.8142403364181519 0.6143544912338257 
vt 0.8140405416488647 0.6323593258857727 
vt 0.8138807415962219 0.6504324078559875 
vt 0.8137208819389343 0.6684372425079346 
vt 0.8135610818862915 0.6864421367645264 
vt 0.8134412169456482 0.7045151591300964 
vt 0.8132813572883606 0.7225199937820435 
vt 0.8132014870643616 0.7405248880386353 
vt 0.8131614923477173 0.7584615349769592 
vt 0.813041627407074 0.7762618064880371 
vt 0.8121625781059265 0.7935164570808411 
vt 0.81927490234375 0.25432565808296204 
vt 0.820193886756897 0.27198949456214905 
vt 0.8200740218162537 0.28985795378685 
vt 0.819834291934967 0.3078628182411194 
vt 0.8196744918823242 0.32593587040901184 
vt 0.8195146322250366 0.34394070506095886 
vt 0.8193548321723938 0.3620137572288513 
vt 0.8192349672317505 0.3800186216831207 
vt 0.8190751075744629 0.39802345633506775 
vt 0.8188753128051758 0.4160965085029602 
vt 0.818715512752533 0.4341013729572296 
vt 0.8185556530952454 0.45217442512512207 
vt 0.818355917930603 0.4701792895793915 
vt 0.8181960582733154 0.4881841242313385 
vt 0.8179962635040283 0.506257176399231 
vt 0.8178364634513855 0.524262011051178 
vt 0.8176366686820984 0.5422669053077698 
vt 0.8174768686294556 0.5603399276733398 
vt 0.8172770738601685 0.5783448219299316 
vt 0.8171172142028809 0.5963496565818787 
vt 0.8169174790382385 0.6144226789474487 
vt 0.8167576193809509 0.6324275732040405 
vt 0.8165978193283081 0.6504324078559875 
vt 0.8164379596710205 0.6684372425079346 
vt 0.8162781596183777 0.6865103244781494 
vt 0.8161182999610901 0.7045151591300964 
vt 0.8159984350204468 0.7225199937820435 
vt 0.815918505191803 0.7405930757522583 
vt 0.815918505191803 0.7585297226905823 
vt 0.8157986402511597 0.7764663696289062 
vt 0.8146798610687256 0.7940620183944702 
vt 0.8218321204185486 0.25371184945106506 
vt 0.8229109644889832 0.2717849016189575 
vt 0.8227910995483398 0.28985795378685 
vt 0.8225513696670532 0.30793100595474243 
vt 0.8223915100097656 0.32593587040901184 
vt 0.8222317099571228 0.3440089225769043 
vt 0.8220718502998352 0.3620137572288513 
vt 0.8219120502471924 0.3800186216831207 
vt 0.8217522501945496 0.3980916738510132 
vt 0.821592390537262 0.4160965085029602 
vt 0.8214325904846191 0.43416956067085266 
vt 0.821232795715332 0.45217442512512207 
vt 0.8210729360580444 0.4701792895793915 
vt 0.8208732008934021 0.48825234174728394 
vt 0.8207133412361145 0.506257176399231 
vt 0.8205135464668274 0.524262011051178 
vt 0.8203537464141846 0.5423350930213928 
vt 0.8201539516448975 0.5603399276733398 
vt 0.8199941515922546 0.5783448219299316 
vt 0.8197943568229675 0.5964178442955017 
vt 0.8196344971656799 0.6144226789474487 
vt 0.8194746971130371 0.6324275732040405 
vt 0.8193148374557495 0.6505005955696106 
vt 0.8191151022911072 0.6685054898262024 
vt 0.8189951777458191 0.6865103244781494 
vt 0.8188353776931763 0.7045151591300964 
vt 0.818715512752533 0.7225882411003113 
vt 0.8186355829238892 0.7405930757522583 
vt 0.8186355829238892 0.7585979104042053 
vt 0.8185157179832458 0.7766709923744202 
vt 0.8172370791435242 0.7946758270263672 
vt 0.824469268321991 0.25316622853279114 
vt 0.8256280422210693 0.27164849638938904 
vt 0.8255481123924255 0.28985795378685 
vt 0.8252684473991394 0.30793100595474243 
vt 0.8250686526298523 0.32593587040901184 
vt 0.8249087929725647 0.3440089225769043 
vt 0.8247889280319214 0.3620137572288513 
vt 0.8246291279792786 0.3800868093967438 
vt 0.824469268321991 0.3980916738510132 
vt 0.8243094682693481 0.41616472601890564 
vt 0.824109673500061 0.43416956067085266 
vt 0.8239498734474182 0.45217442512512207 
vt 0.8237500786781311 0.4702474772930145 
vt 0.8235902190208435 0.48825234174728394 
vt 0.8233904242515564 0.506257176399231 
vt 0.8232306241989136 0.5243302583694458 
vt 0.8230308294296265 0.5423350930213928 
vt 0.8228710293769836 0.5603399276733398 
vt 0.8226712346076965 0.5784130096435547 
vt 0.8225113749504089 0.5964178442955017 
vt 0.8223515748977661 0.6144226789474487 
vt 0.822151780128479 0.6324957609176636 
vt 0.8219919800758362 0.6505005955696106 
vt 0.8218321204185486 0.6685054898262024 
vt 0.8216723203659058 0.6865103244781494 
vt 0.8215524554252625 0.7045833468437195 
vt 0.8214325904846191 0.7225882411003113 
vt 0.8213526606559753 0.7405930757522583 
vt 0.8213526606559753 0.7586660981178284 
vt 0.821232795715332 0.7768755555152893 
vt 0.8197943568229675 0.7952896356582642 
vt 0.8271064162254333 0.2526206374168396 
vt 0.8283451199531555 0.2714439034461975 
vt 0.8282651901245117 0.28978973627090454 
vt 0.8279854655265808 0.30793100595474243 
vt 0.8277856707572937 0.3260040581226349 
vt 0.8276258707046509 0.3440089225769043 
vt 0.8274660706520081 0.36208197474479675 
vt 0.82734614610672 0.3800868093967438 
vt 0.8271863460540771 0.39815986156463623 
vt 0.82698655128479 0.41616472601890564 
vt 0.8268267512321472 0.43416956067085266 
vt 0.8266668915748596 0.4522426128387451 
vt 0.8264670968055725 0.4702474772930145 
vt 0.8263072967529297 0.488320529460907 
vt 0.8261075019836426 0.506325364112854 
vt 0.8259477019309998 0.5243302583694458 
vt 0.8257479071617126 0.5424032807350159 
vt 0.825588047504425 0.5604081153869629 
vt 0.8253883123397827 0.5784130096435547 
vt 0.8252284526824951 0.5964860320091248 
vt 0.825028657913208 0.6144909262657166 
vt 0.8248688578605652 0.6324957609176636 
vt 0.8247089982032776 0.6505005955696106 
vt 0.8245491981506348 0.6685736775398254 
vt 0.8243893980979919 0.6865785121917725 
vt 0.8242295384407043 0.7045833468437195 
vt 0.824109673500061 0.7225882411003113 
vt 0.8240697383880615 0.7406612634658813 
vt 0.8240697383880615 0.7587343454360962 
vt 0.8239098787307739 0.7770801782608032 
vt 0.8224315047264099 0.7959034442901611 
vt 0.82978355884552 0.2521432340145111 
vt 0.8310621380805969 0.27130749821662903 
vt 0.8309822678565979 0.28978973627090454 
vt 0.830702543258667 0.30793100595474243 
vt 0.8305027484893799 0.3260040581226349 
vt 0.8303429484367371 0.34407711029052734 
vt 0.8301830887794495 0.36208197474479675 
vt 0.8300232887268066 0.3801550269126892 
vt 0.829863429069519 0.39815986156463623 
vt 0.8297036290168762 0.41616472601890564 
vt 0.8295437693595886 0.4342377781867981 
vt 0.8293839693069458 0.4522426128387451 
vt 0.8291841745376587 0.47031569480895996 
vt 0.8290243744850159 0.488320529460907 
vt 0.8288245797157288 0.506325364112854 
vt 0.8286647200584412 0.5243984460830688 
vt 0.8284649848937988 0.5424032807350159 
vt 0.8283051252365112 0.5604081153869629 
vt 0.8281053304672241 0.5784811973571777 
vt 0.8279455304145813 0.5964860320091248 
vt 0.8277457356452942 0.6144909262657166 
vt 0.8275859355926514 0.6324957609176636 
vt 0.8274260759353638 0.6505687832832336 
vt 0.827266275882721 0.6685736775398254 
vt 0.8271064162254333 0.6865785121917725 
vt 0.8269466161727905 0.7045833468437195 
vt 0.8268267512321472 0.7225882411003113 
vt 0.8267867565155029 0.7406612634658813 
vt 0.8267867565155029 0.7588025331497192 
vt 0.8266269564628601 0.7772848010063171 
vt 0.8251085877418518 0.7963808178901672 
vt 0.8324606418609619 0.2518022358417511 
vt 0.8337792158126831 0.27117109298706055 
vt 0.8336992859840393 0.28978973627090454 
vt 0.8334196209907532 0.3079991936683655 
vt 0.8332198262214661 0.32607224583625793 
vt 0.8330600261688232 0.34407711029052734 
vt 0.8329001665115356 0.36208197474479675 
vt 0.8327403664588928 0.3801550269126892 
vt 0.8325805068016052 0.39815986156463623 
vt 0.8324207067489624 0.4162329137325287 
vt 0.8322608470916748 0.4342377781867981 
vt 0.832101047039032 0.45231083035469055 
vt 0.8319012522697449 0.47031569480895996 
vt 0.8317413926124573 0.488320529460907 
vt 0.8315416574478149 0.5063936114311218 
vt 0.8313817977905273 0.5243984460830688 
vt 0.8311820030212402 0.5424032807350159 
vt 0.8310222029685974 0.5604763627052307 
vt 0.8308224081993103 0.5784811973571777 
vt 0.8306626081466675 0.5964860320091248 
vt 0.8304628133773804 0.6145591139793396 
vt 0.8303029537200928 0.6325639486312866 
vt 0.83014315366745 0.6505687832832336 
vt 0.8299832940101624 0.6685736775398254 
vt 0.8298234939575195 0.6865785121917725 
vt 0.8296636939048767 0.7046515941619873 
vt 0.8295437693595886 0.7226564288139343 
vt 0.8295038342475891 0.7406612634658813 
vt 0.8295038342475891 0.7588707208633423 
vt 0.8293440341949463 0.7774211764335632 
vt 0.8277856707572937 0.7967900633811951 
vt 0.8351777195930481 0.25152942538261414 
vt 0.8364962935447693 0.27103468775749207 
vt 0.8364163637161255 0.28978973627090454 
vt 0.8361366987228394 0.3079991936683655 
vt 0.8359369039535522 0.32607224583625793 
vt 0.8357770442962646 0.34407711029052734 
vt 0.8356172442436218 0.3621501624584198 
vt 0.8354973793029785 0.3801550269126892 
vt 0.8352975845336914 0.39822807908058167 
vt 0.8351377248764038 0.4162329137325287 
vt 0.834977924823761 0.43430596590042114 
vt 0.8348181247711182 0.45231083035469055 
vt 0.834618330001831 0.47031569480895996 
vt 0.8344584703445435 0.4883887469768524 
vt 0.8342586755752563 0.5063936114311218 
vt 0.8340988755226135 0.5243984460830688 
vt 0.8338990807533264 0.5424714684486389 
vt 0.8337392807006836 0.5604763627052307 
vt 0.8335394859313965 0.5784811973571777 
vt 0.8333796262741089 0.5965542793273926 
vt 0.8331798911094666 0.6145591139793396 
vt 0.833020031452179 0.6325639486312866 
vt 0.8328602313995361 0.6505687832832336 
vt 0.8327003717422485 0.6686418652534485 
vt 0.8325405716896057 0.6866466999053955 
vt 0.8323807120323181 0.7046515941619873 
vt 0.8322608470916748 0.7226564288139343 
vt 0.8322209119796753 0.7406612634658813 
vt 0.8322209119796753 0.7588707208633423 
vt 0.8320610523223877 0.7775575518608093 
vt 0.8305027484893799 0.7970628142356873 
vt 0.7580211162567139 0.2812647223472595 
vt 0.7552641034126282 0.5050978064537048 
vt 0.7494304180145264 0.28112831711769104 
vt 0.7466334104537964 0.505029559135437 
vt 0.7407997250556946 0.28099191188812256 
vt 0.7380027770996094 0.5048931837081909 
vt 0.7321690917015076 0.2809237241744995 
vt 0.7294120788574219 0.5048249959945679 
vt 0.7235383987426758 0.28078731894493103 
vt 0.7207813858985901 0.504688560962677 
vt 0.7149077653884888 0.280719131231308 
vt 0.7121506929397583 0.5045521855354309 
vt 0.706277072429657 0.2805827260017395 
vt 0.7035200595855713 0.5044839978218079 
vt 0.6976463794708252 0.28051453828811646 
vt 0.6948893666267395 0.504347562789917 
vt 0.6890556812286377 0.280378133058548 
vt 0.6862587332725525 0.504279375076294 
vt 0.5920805335044861 0.272603303194046 
vt 0.5969153046607971 0.2758769094944 
vt 0.5864066481590271 0.280719131231308 
vt 0.5913612842559814 0.2835153341293335 
vt 0.5786550641059875 0.2969507575035095 
vt 0.5839692950248718 0.2989285886287689 
vt 0.5744995474815369 0.3137280344963074 
vt 0.580093502998352 0.31481921672821045 
vt 0.5729811787605286 0.3297550678253174 
vt 0.5786550641059875 0.3301642835140228 
vt 0.5728213787078857 0.3446227014064789 
vt 0.5784952044487 0.3446909189224243 
vt 0.5731410384178162 0.35860374569892883 
vt 0.5788148641586304 0.3585355579853058 
vt 0.5735006332397461 0.37203919887542725 
vt 0.5791745185852051 0.3719709813594818 
vt 0.5737403631210327 0.38513362407684326 
vt 0.5794541835784912 0.3850654363632202 
vt 0.573860228061676 0.3980916738510132 
vt 0.579534113407135 0.3980916738510132 
vt 0.5738202929496765 0.41098150610923767 
vt 0.5794941186904907 0.41098150610923767 
vt 0.5736604332923889 0.4238031506538391 
vt 0.5793343186378479 0.4239395558834076 
vt 0.5733807682991028 0.43676117062568665 
vt 0.579054594039917 0.4368975758552551 
vt 0.572941243648529 0.44971922039985657 
vt 0.5786150693893433 0.4499238133430481 
vt 0.572381854057312 0.4630182683467865 
vt 0.5780556797981262 0.463222861289978 
vt 0.5717425346374512 0.47665828466415405 
vt 0.5774164199829102 0.47679468989372253 
vt 0.5713030099868774 0.4911167323589325 
vt 0.5770168304443359 0.49104854464530945 
vt 0.5717425346374512 0.506666362285614 
vt 0.5774164199829102 0.505984365940094 
vt 0.5741798877716064 0.523239016532898 
vt 0.5796939134597778 0.5218068361282349 
vt 0.5799336433410645 0.5400844812393188 
vt 0.5850481390953064 0.5376974940299988 
vt 0.5890437960624695 0.5556341409683228 
vt 0.5939185619354248 0.5527015328407288 
vt 0.6015103459358215 0.27921873331069946 
vt 0.5959563255310059 0.286311537027359 
vt 0.58900386095047 0.300974577665329 
vt 0.5854077339172363 0.31597861647605896 
vt 0.5840891599655151 0.33070987462997437 
vt 0.5839692950248718 0.34489551186561584 
vt 0.5842490196228027 0.35860374569892883 
vt 0.5846086144447327 0.3719709813594818 
vt 0.5848483443260193 0.3850654363632202 
vt 0.5849682092666626 0.3980916738510132 
vt 0.5849282741546631 0.4110496938228607 
vt 0.5847684144973755 0.42400774359703064 
vt 0.5844887495040894 0.4370339810848236 
vt 0.5840492248535156 0.4500602185726166 
vt 0.5835297703742981 0.4632910490036011 
vt 0.5828904509544373 0.47679468989372253 
vt 0.5824909210205078 0.49070754647254944 
vt 0.5828505158424377 0.5052341818809509 
vt 0.5849282741546631 0.5202382206916809 
vt 0.5898829102516174 0.5353786945343018 
vt 0.5984736084938049 0.5495643019676208 
vt 0.6055060029029846 0.28262871503829956 
vt 0.5999919772148132 0.2890395522117615 
vt 0.5935189723968506 0.302952378988266 
vt 0.5902824997901917 0.31727442145347595 
vt 0.5891237258911133 0.3313918709754944 
vt 0.5889639258384705 0.34523651003837585 
vt 0.5892835855484009 0.35867196321487427 
vt 0.5896031856536865 0.3719709813594818 
vt 0.5898429751396179 0.3850654363632202 
vt 0.5899228453636169 0.3980916738510132 
vt 0.5898829102516174 0.41111791133880615 
vt 0.5897231101989746 0.4240759313106537 
vt 0.5894433856010437 0.43710216879844666 
vt 0.5890437960624695 0.45019662380218506 
vt 0.5885244011878967 0.4633592665195465 
vt 0.5879250168800354 0.4767265021800995 
vt 0.5875654220581055 0.49036654829978943 
vt 0.5878450870513916 0.50441575050354 
vt 0.5896831154823303 0.51873779296875 
vt 0.5941982269287109 0.53305983543396 
vt 0.6024693250656128 0.5464271306991577 
vt 0.6087824702262878 0.28590235114097595 
vt 0.6034682393074036 0.2916993498802185 
vt 0.597554624080658 0.3047938048839569 
vt 0.594677746295929 0.31843382120132446 
vt 0.5936388373374939 0.3320738673210144 
vt 0.5935189723968506 0.34557750821113586 
vt 0.5937587022781372 0.3588765561580658 
vt 0.5940783619880676 0.37203919887542725 
vt 0.5942781567573547 0.38513362407684326 
vt 0.594398021697998 0.39815986156463623 
vt 0.5943580865859985 0.41111791133880615 
vt 0.5941982269287109 0.4241441488265991 
vt 0.5939185619354248 0.4371703863143921 
vt 0.5935189723968506 0.45019662380218506 
vt 0.5929995179176331 0.4633592665195465 
vt 0.5924801230430603 0.476590096950531 
vt 0.5921204686164856 0.489957332611084 
vt 0.592360258102417 0.5035291910171509 
vt 0.5939584970474243 0.5173056125640869 
vt 0.5979941487312317 0.5308774709701538 
vt 0.6057857275009155 0.5432898998260498 
vt 0.6115394830703735 0.2890395522117615 
vt 0.6065449118614197 0.2942909598350525 
vt 0.6012706160545349 0.30663520097732544 
vt 0.5987133383750916 0.31959325075149536 
vt 0.5978342890739441 0.3327558636665344 
vt 0.5977144241333008 0.3459185063838959 
vt 0.5979542136192322 0.3590811491012573 
vt 0.5982338786125183 0.3721073865890503 
vt 0.5984336733818054 0.3852018415927887 
vt 0.5984736084938049 0.39815986156463623 
vt 0.5984336733818054 0.4111860990524292 
vt 0.5982738137245178 0.42421233654022217 
vt 0.5980340838432312 0.43723857402801514 
vt 0.5976744890213013 0.4502648115158081 
vt 0.597195029258728 0.4632910490036011 
vt 0.5966755747795105 0.4763855040073395 
vt 0.5963559150695801 0.4895481467247009 
vt 0.5965557098388672 0.50271075963974 
vt 0.5979142189025879 0.5158734321594238 
vt 0.601470410823822 0.5287632346153259 
vt 0.6085826754570007 0.5402891039848328 
vt 0.6095017194747925 0.2968825697898865 
vt 0.6049466133117676 0.30847659707069397 
vt 0.6028289198875427 0.3208208382129669 
vt 0.6020697355270386 0.3335060775279999 
vt 0.6019898056983948 0.3463277220726013 
vt 0.6021496653556824 0.35928574204444885 
vt 0.602389395236969 0.3722437918186188 
vt 0.6025491952896118 0.38527002930641174 
vt 0.6025891900062561 0.39822807908058167 
vt 0.6025491952896118 0.41125431656837463 
vt 0.602389395236969 0.4242805540561676 
vt 0.6021496653556824 0.43723857402801514 
vt 0.601830005645752 0.4502648115158081 
vt 0.6013904809951782 0.4632910490036011 
vt 0.6009109616279602 0.47618091106414795 
vt 0.6006312966346741 0.48907074332237244 
vt 0.6007511615753174 0.5018923878669739 
vt 0.6019099354743958 0.514441192150116 
vt 0.6049066781997681 0.5265808701515198 
vt 0.6111798882484436 0.537288248538971 
vt 0.6126183271408081 0.299678772687912 
vt 0.6089423298835754 0.31038621068000793 
vt 0.6072641015052795 0.3221166431903839 
vt 0.6067047119140625 0.3343244791030884 
vt 0.6066247820854187 0.3468051254749298 
vt 0.6067447066307068 0.3595585525035858 
vt 0.6069444417953491 0.37238019704818726 
vt 0.6070643067359924 0.3853382170200348 
vt 0.6070643067359924 0.3982962667942047 
vt 0.6070243716239929 0.4113225042819977 
vt 0.6068645715713501 0.4242805540561676 
vt 0.606664776802063 0.43730679154396057 
vt 0.6063451170921326 0.4502648115158081 
vt 0.6059455275535583 0.463154673576355 
vt 0.6055859327316284 0.47597628831863403 
vt 0.6053062081336975 0.48859333992004395 
vt 0.6053861379623413 0.5009375810623169 
vt 0.6062252521514893 0.5129408240318298 
vt 0.6085427403450012 0.5243302583694458 
vt 0.613817036151886 0.5342874526977539 
vt 0.6160545945167542 0.30240678787231445 
vt 0.6134174466133118 0.31236401200294495 
vt 0.6122986674308777 0.3234124481678009 
vt 0.6118991374969482 0.33507469296455383 
vt 0.611859142780304 0.3472825288772583 
vt 0.6119390726089478 0.3598313629627228 
vt 0.6120190024375916 0.37251660227775574 
vt 0.6120988726615906 0.3854064345359802 
vt 0.6120589375495911 0.39836445450782776 
vt 0.6120190024375916 0.4113907217979431 
vt 0.611859142780304 0.42434874176979065 
vt 0.6116593480110168 0.43730679154396057 
vt 0.6114196181297302 0.4502648115158081 
vt 0.6110999584197998 0.46308645606040955 
vt 0.6108202934265137 0.47570350766181946 
vt 0.610580563545227 0.48804771900177 
vt 0.610580563545227 0.500050961971283 
vt 0.6111399531364441 0.5114403963088989 
vt 0.6126582622528076 0.5220114588737488 
vt 0.6165341138839722 0.5315594673156738 
vt 0.6198904514312744 0.304589182138443 
vt 0.6184920072555542 0.31400081515312195 
vt 0.6179325580596924 0.32443544268608093 
vt 0.6176928281784058 0.33575668931007385 
vt 0.6176528930664062 0.34769171476364136 
vt 0.6176528930664062 0.3600359559059143 
vt 0.6176528930664062 0.37272119522094727 
vt 0.6176129579544067 0.3855428397655487 
vt 0.6175729632377625 0.3984326720237732 
vt 0.6174530982971191 0.4113907217979431 
vt 0.6173332333564758 0.4244169592857361 
vt 0.617173433303833 0.4373749792575836 
vt 0.6169736385345459 0.4502648115158081 
vt 0.6167738437652588 0.46295005083084106 
vt 0.6165740489959717 0.47549888491630554 
vt 0.6164142489433289 0.48770672082901 
vt 0.6163742542266846 0.4993007779121399 
vt 0.6165740489959717 0.510212779045105 
vt 0.617253303527832 0.5202382206916809 
vt 0.6192911267280579 0.529445230960846 
vt 0.6241658329963684 0.3055439889431 
vt 0.6240060329437256 0.31468281149864197 
vt 0.6239261031150818 0.3249128460884094 
vt 0.623846173286438 0.3360294997692108 
vt 0.623766303062439 0.34782811999320984 
vt 0.6236863732337952 0.3601723611354828 
vt 0.6235665082931519 0.3727893829345703 
vt 0.6234466433525085 0.38561102747917175 
vt 0.6233267784118652 0.39850085973739624 
vt 0.6232068538665771 0.41145890951156616 
vt 0.6230869889259338 0.4244169592857361 
vt 0.6229671239852905 0.4373749792575836 
vt 0.6228472590446472 0.4502648115158081 
vt 0.6227673292160034 0.46295005083084106 
vt 0.6226474642753601 0.4754306972026825 
vt 0.6225675940513611 0.4875703454017639 
vt 0.6224876642227173 0.499096155166626 
vt 0.6224077343940735 0.5098035931587219 
vt 0.6222878694534302 0.5194880366325378 
vt 0.6221280694007874 0.5285586714744568 
vt 0.6284012794494629 0.3046573996543884 
vt 0.629520058631897 0.31413722038269043 
vt 0.6299196481704712 0.3245718479156494 
vt 0.6299995183944702 0.3358248770236969 
vt 0.6298796534538269 0.3477599322795868 
vt 0.6296798586845398 0.36010414361953735 
vt 0.6294801235198975 0.3727893829345703 
vt 0.6292803287506104 0.38561102747917175 
vt 0.6291204690933228 0.39850085973739624 
vt 0.6289606690406799 0.4115270972251892 
vt 0.6288408041000366 0.42448514699935913 
vt 0.6287608742713928 0.43744319677352905 
vt 0.6287209391593933 0.45033302903175354 
vt 0.6287209391593933 0.46308645606040955 
vt 0.6287209391593933 0.475635290145874 
vt 0.6287209391593933 0.48777493834495544 
vt 0.6285610795021057 0.499437153339386 
vt 0.6282014846801758 0.5103492140769958 
vt 0.6272825002670288 0.520306408405304 
vt 0.6250448822975159 0.5293088555335999 
vt 0.6322371363639832 0.3024749755859375 
vt 0.6346744894981384 0.3126368224620819 
vt 0.6355934739112854 0.32361704111099243 
vt 0.635833203792572 0.33527928590774536 
vt 0.6357133388519287 0.34748712182044983 
vt 0.6354336738586426 0.35996776819229126 
vt 0.6351140141487122 0.37272119522094727 
vt 0.6348342895507812 0.38561102747917175 
vt 0.6345945596694946 0.3985690772533417 
vt 0.6344347596168518 0.4115270972251892 
vt 0.6343148946762085 0.4245533347129822 
vt 0.6342748999595642 0.4375113844871521 
vt 0.6343148946762085 0.450469434261322 
vt 0.6343947649002075 0.4632910490036011 
vt 0.6344746947288513 0.475908100605011 
vt 0.6345146298408508 0.48825234174728394 
vt 0.6343148946762085 0.5002555847167969 
vt 0.6335956454277039 0.5116450190544128 
vt 0.6318774819374084 0.5222160220146179 
vt 0.6279217600822449 0.531423032283783 
vt 0.6356734037399292 0.29981517791748047 
vt 0.6392295360565186 0.3106590211391449 
vt 0.6407079696655273 0.3223894536495209 
vt 0.6411075592041016 0.33459728956222534 
vt 0.640947699546814 0.3470779061317444 
vt 0.6406280398368835 0.3598313629627228 
vt 0.6402284502983093 0.3726530075073242 
vt 0.6398688554763794 0.38561102747917175 
vt 0.6395891904830933 0.3986372649669647 
vt 0.6394293308258057 0.41159531474113464 
vt 0.6393094658851624 0.4246215522289276 
vt 0.6393094658851624 0.43757957220077515 
vt 0.6393494009971619 0.45053762197494507 
vt 0.6395092606544495 0.463495671749115 
vt 0.6396690607070923 0.476249098777771 
vt 0.6397489905357361 0.4888661205768585 
vt 0.63946932554245 0.5012785792350769 
vt 0.6384304165840149 0.5132136344909668 
vt 0.6359531283378601 0.5245348215103149 
vt 0.6305989027023315 0.5342192649841309 
vt 0.6388300061225891 0.297087162733078 
vt 0.6432651877403259 0.30874940752983093 
vt 0.645223081111908 0.32123005390167236 
vt 0.645782470703125 0.3339152932167053 
vt 0.6456226706504822 0.3467369079589844 
vt 0.645223081111908 0.3596949577331543 
vt 0.6447835564613342 0.3726530075073242 
vt 0.64438396692276 0.38561102747917175 
vt 0.6441043019294739 0.3986372649669647 
vt 0.6439045071601868 0.4116635024547577 
vt 0.6437846422195435 0.42468973994255066 
vt 0.6437846422195435 0.4376477897167206 
vt 0.6439045071601868 0.45067402720451355 
vt 0.6441043019294739 0.4636320471763611 
vt 0.644304096698761 0.476590096950531 
vt 0.6444239616394043 0.4894799292087555 
vt 0.6440643072128296 0.5023015737533569 
vt 0.6427057981491089 0.5148504376411438 
vt 0.639549195766449 0.526853621006012 
vt 0.6331561207771301 0.537288248538971 
vt 0.6418666839599609 0.29456377029418945 
vt 0.6470211148262024 0.30697619915008545 
vt 0.6493386030197144 0.32007065415382385 
vt 0.6500179171562195 0.3332332670688629 
vt 0.6498980522155762 0.34639590978622437 
vt 0.6494585275650024 0.3595585525035858 
vt 0.6489390730857849 0.3726530075073242 
vt 0.6484995484352112 0.3856792449951172 
vt 0.6482198238372803 0.39870548248291016 
vt 0.6479800939559937 0.4117317199707031 
vt 0.6479001641273499 0.42468973994255066 
vt 0.6479001641273499 0.43771597743034363 
vt 0.6480200290679932 0.4507422149181366 
vt 0.6482598185539246 0.463836669921875 
vt 0.6485394835472107 0.476931095123291 
vt 0.648659348487854 0.4900255501270294 
vt 0.6482198238372803 0.5031881928443909 
vt 0.646621584892273 0.5163508057594299 
vt 0.642905592918396 0.5291042327880859 
vt 0.6356734037399292 0.5403572916984558 
vt 0.6449833512306213 0.2920403480529785 
vt 0.6507371068000793 0.3052712082862854 
vt 0.653414249420166 0.3189794421195984 
vt 0.6542533040046692 0.3326876759529114 
vt 0.6541334390640259 0.3461231291294098 
vt 0.6536539793014526 0.35942214727401733 
vt 0.6530945897102356 0.3726530075073242 
vt 0.6526550650596619 0.38574743270874023 
vt 0.6522954106330872 0.3987736701965332 
vt 0.6520956754684448 0.4117317199707031 
vt 0.652015745639801 0.4247579574584961 
vt 0.652015745639801 0.43778419494628906 
vt 0.6521755456924438 0.45081043243408203 
vt 0.6524152755737305 0.4639730751514435 
vt 0.6527349352836609 0.477203905582428 
vt 0.6528548002243042 0.49057114124298096 
vt 0.652375340461731 0.5041429996490479 
vt 0.6505373120307922 0.5177830457687378 
vt 0.646341860294342 0.5312184691429138 
vt 0.6383904814720154 0.5434945225715637 
vt 0.6484995484352112 0.28944873809814453 
vt 0.6548126935958862 0.3034297823905945 
vt 0.6578494310379028 0.3178200423717499 
vt 0.6588084101676941 0.3320738673210144 
vt 0.6586885452270508 0.3459185063838959 
vt 0.6581690907478333 0.35942214727401733 
vt 0.6575697064399719 0.3726530075073242 
vt 0.6571301817893982 0.3858156204223633 
vt 0.6567705869674683 0.39884185791015625 
vt 0.6565707921981812 0.41179990768432617 
vt 0.6564509272575378 0.42482614517211914 
vt 0.6564909219741821 0.43778419494628906 
vt 0.656650722026825 0.4508786201477051 
vt 0.6569304466247559 0.46404126286506653 
vt 0.6572501063346863 0.4774084985256195 
vt 0.6574099063873291 0.49104854464530945 
vt 0.6568505167961121 0.505029559135437 
vt 0.6548126935958862 0.5192834138870239 
vt 0.6500977873802185 0.5334690809249878 
vt 0.6416269540786743 0.5466316938400269 
vt 0.6525751352310181 0.28672075271606445 
vt 0.6594077348709106 0.3015201985836029 
vt 0.6627641320228577 0.31666064262390137 
vt 0.6638429760932922 0.33146005868911743 
vt 0.6637230515480042 0.34571391344070435 
vt 0.6631636619567871 0.3593539595603943 
vt 0.6625643372535706 0.37272119522094727 
vt 0.6620848774909973 0.3858838379383087 
vt 0.6617252230644226 0.3989100754261017 
vt 0.6615254282951355 0.4118680953979492 
vt 0.6614055633544922 0.42482614517211914 
vt 0.6614455580711365 0.4378523826599121 
vt 0.6616053581237793 0.4508786201477051 
vt 0.6619250178337097 0.4641094505786896 
vt 0.6622846126556396 0.47761309146881104 
vt 0.662404477596283 0.49152594804763794 
vt 0.6618051528930664 0.505984365940094 
vt 0.659527599811554 0.5209202170372009 
vt 0.6544131636619568 0.5358560681343079 
vt 0.6455427408218384 0.5499053001403809 
vt 0.657210111618042 0.283992737531662 
vt 0.6644423007965088 0.2995423674583435 
vt 0.6681182980537415 0.3155694305896759 
vt 0.6693170070648193 0.33098268508911133 
vt 0.669197142124176 0.34557750821113586 
vt 0.668637752532959 0.35942214727401733 
vt 0.6679984331130981 0.37285760045051575 
vt 0.6675189733505249 0.3860202431678772 
vt 0.667159378528595 0.39897826313972473 
vt 0.6669196486473083 0.41193631291389465 
vt 0.6668397188186646 0.4248943328857422 
vt 0.6668796539306641 0.43778419494628906 
vt 0.6670395135879517 0.4508786201477051 
vt 0.6673591732978821 0.4641094505786896 
vt 0.667718768119812 0.47768130898475647 
vt 0.6678785681724548 0.49186694622039795 
vt 0.6671993136405945 0.5068027973175049 
vt 0.6647220253944397 0.5224888324737549 
vt 0.6592079401016235 0.5383113026618958 
vt 0.6500977873802185 0.5531789064407349 
vt 0.6621248126029968 0.2812647223472595 
vt 0.6697565317153931 0.29763278365135193 
vt 0.6737522482872009 0.3145464360713959 
vt 0.6750308275222778 0.33064165711402893 
vt 0.6749109625816345 0.34557750821113586 
vt 0.6743515729904175 0.35962677001953125 
vt 0.6737122535705566 0.3730621933937073 
vt 0.6731928586959839 0.3861566185951233 
vt 0.6728332042694092 0.3991146683692932 
vt 0.6726334691047668 0.4120045006275177 
vt 0.6725136041641235 0.4248943328857422 
vt 0.672553539276123 0.43778419494628906 
vt 0.6727533340454102 0.45081043243408203 
vt 0.6730329990386963 0.46404126286506653 
vt 0.6734325885772705 0.47768130898475647 
vt 0.6735923886299133 0.4920715391635895 
vt 0.6728731989860535 0.507552981376648 
vt 0.6702360510826111 0.5239892601966858 
vt 0.6643224358558655 0.5406982898712158 
vt 0.6549725532531738 0.5561797022819519 
vt 0.6565707921981812 0.27314889430999756 
vt 0.6517760157585144 0.27628612518310547 
vt 0.6471409797668457 0.2795597314834595 
vt 0.6431053876876831 0.2828333377838135 
vt 0.6397489905357361 0.28603872656822205 
vt 0.6369520425796509 0.2891077399253845 
vt 0.6343947649002075 0.29210856556892395 
vt 0.6318774819374084 0.29504117369651794 
vt 0.6293202638626099 0.2977691888809204 
vt 0.6267630457878113 0.2998833656311035 
vt 0.6242457628250122 0.30076998472213745 
vt 0.6215686798095703 0.300019770860672 
vt 0.6189714670181274 0.2979055643081665 
vt 0.6164142489433289 0.295109361410141 
vt 0.6139768362045288 0.29210856556892395 
vt 0.8927554488182068 0.28378814458847046 
vt 0.8740156888961792 0.2942909598350525 
vt 0.870659351348877 0.266397088766098 
vt 0.8532781600952148 0.28849396109580994 
vt 0.8427295684814453 0.2697388827800751 
vt 0.8485232591629028 0.24900603294372559 
vt 0.8673029541969299 0.23843500018119812 
vt 0.8880405426025391 0.24423201382160187 
vt 0.8985891342163086 0.2630552649497986 
vt 0.8490826487541199 0.3100452125072479 
vt 0.8550362586975098 0.3030887842178345 
vt 0.8667435646057129 0.33152827620506287 
vt 0.862108588218689 0.2988603711128235 
vt 0.8696204423904419 0.29783737659454346 
vt 0.876892626285553 0.3001561760902405 
vt 0.8831258416175842 0.30547580122947693 
vt 0.8878008127212524 0.313387006521225 
vt 0.8903980255126953 0.3230714499950409 
vt 0.8906776905059814 0.3335742652416229 
vt 0.8885999321937561 0.3438725173473358 
vt 0.8844044804573059 0.3529431223869324 
vt 0.8784908652305603 0.35996776819229126 
vt 0.8714185357093811 0.36419618129730225 
vt 0.8638666868209839 0.3652191758155823 
vt 0.8566344976425171 0.36290037631988525 
vt 0.8503612875938416 0.3575807511806488 
vt 0.8457263112068176 0.34966951608657837 
vt 0.8431290984153748 0.33998510241508484 
vt 0.8428494334220886 0.3294822573661804 
vt 0.8448871970176697 0.3191840350627899 
vt 0.8433688282966614 0.39604565501213074 
vt 0.8471647500991821 0.38758882880210876 
vt 0.8640265464782715 0.4070940911769867 
vt 0.8525988459587097 0.38104161620140076 
vt 0.8591517806053162 0.3770177960395813 
vt 0.8661841750144958 0.37599480152130127 
vt 0.8730167746543884 0.3779726028442383 
vt 0.878930389881134 0.38281482458114624 
vt 0.8834055662155151 0.3901122510433197 
vt 0.886002779006958 0.39897826313972473 
vt 0.8864023089408875 0.40866270661354065 
vt 0.8846442103385925 0.4182107150554657 
vt 0.8808483481407166 0.4267357587814331 
vt 0.8754141926765442 0.43321478366851807 
vt 0.8688613176345825 0.43723857402801514 
vt 0.8618288636207581 0.43826159834861755 
vt 0.8550362586975098 0.43628376722335815 
vt 0.8490826487541199 0.4314415752887726 
vt 0.8446075320243835 0.4241441488265991 
vt 0.8420502543449402 0.4152781069278717 
vt 0.8416107296943665 0.4055936932563782 
vt 0.23078693449497223 0.6298761963844299 
vt 0.22414302825927734 0.626987099647522 
vt 0.23754064738750458 0.613681972026825 
vt 0.23078693449497223 0.6113250851631165 
vt 0.24281184375286102 0.5964993834495544 
vt 0.23583848774433136 0.5949788093566895 
vt 0.24577689170837402 0.5784044861793518 
vt 0.23863881826400757 0.5778722763061523 
vt 0.24588671326637268 0.5597773194313049 
vt 0.23880353569984436 0.5603855848312378 
vt 0.24303148686885834 0.5413022637367249 
vt 0.236113041639328 0.5429748892784119 
vt 0.23715628683567047 0.5235114693641663 
vt 0.23056729137897491 0.5263245701789856 
vt 0.22837096452713013 0.5068610906600952 
vt 0.22233104705810547 0.5106625556945801 
vt 0.2170049399137497 0.49188336730003357 
vt 0.21167884767055511 0.49667319655418396 
vt 0.203332781791687 0.4789584279060364 
vt 0.19888520240783691 0.48450854420661926 
vt 0.18768391013145447 0.4684664011001587 
vt 0.1842246949672699 0.47470077872276306 
vt 0.17060743272304535 0.46063539385795593 
vt 0.16819146275520325 0.46740198135375977 
vt 0.15243278443813324 0.45576953887939453 
vt 0.15116989612579346 0.4627642035484314 
vt 0.13376396894454956 0.4538688063621521 
vt 0.13359923660755157 0.4610155522823334 
vt 0.11498532444238663 0.45508527755737305 
vt 0.11602858453989029 0.4621559977531433 
vt 0.09670086205005646 0.45926687121391296 
vt 0.09884228557348251 0.4661094844341278 
vt 0.07929492741823196 0.46648964285850525 
vt 0.08253452181816101 0.47280004620552063 
vt 0.06331661343574524 0.47637343406677246 
vt 0.06754455715417862 0.48207560181617737 
vt 0.04915027320384979 0.4887661635875702 
vt 0.05431165173649788 0.493708074092865 
vt 0.03723517060279846 0.5032877326011658 
vt 0.04311035946011543 0.5073933005332947 
vt 0.027845852077007294 0.5196340084075928 
vt 0.03432503342628479 0.5226751565933228 
vt 0.021311765536665916 0.537196695804596 
vt 0.02817530184984207 0.5391734838485718 
vt 0.01774272508919239 0.5555957555770874 
vt 0.024880804121494293 0.5564320683479309 
vt 0.017193643376231194 0.5741468667984009 
vt 0.024331722408533096 0.5738427042961121 
vt 0.01949979178607464 0.5923938155174255 
vt 0.026528052985668182 0.5910252928733826 
vt 0.024112088605761528 0.6097284555435181 
vt 0.030975626781582832 0.607599675655365 
vt 0.030261818319559097 0.6260747313499451 
vt 0.03696063160896301 0.6234136819839478 
vt 0.217224583029747 0.6238698959350586 
vt 0.2237037569284439 0.608968198299408 
vt 0.22859059274196625 0.5933822393417358 
vt 0.23122619092464447 0.5773400664329529 
vt 0.23139092326164246 0.5609937906265259 
vt 0.2288651466369629 0.5447996258735657 
vt 0.22375866770744324 0.5292136669158936 
vt 0.2160715013742447 0.5146920680999756 
vt 0.20618800818920135 0.5016151070594788 
vt 0.1942179948091507 0.4903627932071686 
vt 0.18060074746608734 0.48116326332092285 
vt 0.16566568613052368 0.474396675825119 
vt 0.14985209703445435 0.4700630009174347 
vt 0.13348941504955292 0.4684664011001587 
vt 0.11712674796581268 0.4694547653198242 
vt 0.10114843398332596 0.47318020462989807 
vt 0.08593883365392685 0.47941458225250244 
vt 0.07199212908744812 0.4880819022655487 
vt 0.05963775888085365 0.49887803196907043 
vt 0.04920518025755882 0.511574923992157 
vt 0.041078753769397736 0.5257923603057861 
vt 0.035313382744789124 0.5412262678146362 
vt 0.032238516956567764 0.5572683811187744 
vt 0.0317443422973156 0.5736146569252014 
vt 0.03383085876703262 0.5898088216781616 
vt 0.038113705813884735 0.6054708361625671 
vt 0.043988894671201706 0.6206006407737732 
vt 0.20854906737804413 0.6197643280029297 
vt 0.21491843461990356 0.6058509945869446 
vt 0.21953073143959045 0.5914815068244934 
vt 0.22205650806427002 0.5767318606376648 
vt 0.222221240401268 0.5617541074752808 
vt 0.21991509199142456 0.5470044612884521 
vt 0.21524788439273834 0.5328630208969116 
vt 0.208329439163208 0.5196340084075928 
vt 0.19932447373867035 0.5077734589576721 
vt 0.18845263123512268 0.4975855350494385 
vt 0.17609825730323792 0.48922234773635864 
vt 0.1625359058380127 0.4830639958381653 
vt 0.14814993739128113 0.4791865050792694 
vt 0.13332469761371613 0.4776659309864044 
vt 0.1184445470571518 0.47857826948165894 
vt 0.10394875705242157 0.48192355036735535 
vt 0.09016676992177963 0.48762571811676025 
vt 0.07748295366764069 0.495456725358963 
vt 0.06628166139125824 0.5052644610404968 
vt 0.05683743581175804 0.5168209075927734 
vt 0.04936990514397621 0.529745876789093 
vt 0.044208526611328125 0.5437352061271667 
vt 0.04135329648852348 0.558408796787262 
vt 0.04096893593668938 0.5733105540275574 
vt 0.042890727519989014 0.588212251663208 
vt 0.046953942626714706 0.6027337908744812 
vt 0.05277422070503235 0.6167991757392883 
vt 0.19954410195350647 0.6148223876953125 
vt 0.20569384098052979 0.6024296879768372 
vt 0.21008649468421936 0.589428722858429 
vt 0.2123926430940628 0.5760475993156433 
vt 0.2125573754310608 0.5625904202461243 
vt 0.2105257660150528 0.5493613481521606 
vt 0.20635274052619934 0.5367405414581299 
vt 0.2001481056213379 0.5248799920082092 
vt 0.19207657873630524 0.5143119692802429 
vt 0.18241271376609802 0.5051884651184082 
vt 0.17137615382671356 0.4977376163005829 
vt 0.15924140810966492 0.4921874701976776 
vt 0.14639286696910858 0.4887661635875702 
vt 0.13315996527671814 0.4873976409435272 
vt 0.11987216025590897 0.4882339537143707 
vt 0.10691380500793457 0.4911991059780121 
vt 0.0945594385266304 0.4962930381298065 
vt 0.0832483246922493 0.5032877326011658 
vt 0.0732550173997879 0.512031078338623 
vt 0.06479913741350174 0.5223710536956787 
vt 0.05815523490309715 0.5339274406433105 
vt 0.053488027304410934 0.5463962554931641 
vt 0.05096224695444107 0.5595492720603943 
vt 0.05063279718160629 0.5730063915252686 
vt 0.05244477093219757 0.5864635705947876 
vt 0.056288354098796844 0.5996165871620178 
vt 0.0619439072906971 0.612313449382782 
vt 0.19081369042396545 0.6093482971191406 
vt 0.19668887555599213 0.5985521674156189 
vt 0.2006971836090088 0.5870717763900757 
vt 0.2027837038040161 0.5752872824668884 
vt 0.2029484212398529 0.5633507370948792 
vt 0.20113645493984222 0.5517182350158691 
vt 0.19745759665966034 0.5405420064926147 
vt 0.19196675717830658 0.5301259756088257 
vt 0.18488359451293945 0.5207744240760803 
vt 0.17637281119823456 0.5127913355827332 
vt 0.1665991246700287 0.5062528848648071 
vt 0.15594691038131714 0.5013870000839233 
vt 0.14463581144809723 0.49826979637145996 
vt 0.13299524784088135 0.4971293807029724 
vt 0.12129978090524673 0.4978136420249939 
vt 0.10987885296344757 0.5004746317863464 
vt 0.0990070104598999 0.5049603581428528 
vt 0.08901369571685791 0.5111187100410461 
vt 0.08022837340831757 0.5187976360321045 
vt 0.07276084274053574 0.5279211401939392 
vt 0.06688565760850906 0.5381090641021729 
vt 0.06276752799749374 0.54913330078125 
vt 0.060571201145648956 0.5606896877288818 
vt 0.06024175137281418 0.5726262927055359 
vt 0.06188900023698807 0.5845628380775452 
vt 0.0654580369591713 0.5961192846298218 
vt 0.07089395821094513 0.6072195172309875 
vt 0.18175381422042847 0.6028858423233032 
vt 0.1870250105857849 0.5939904451370239 
vt 0.19059404730796814 0.5843347311019897 
vt 0.19240602850914001 0.5742989182472229 
vt 0.19251585006713867 0.5641109943389893 
vt 0.19097840785980225 0.554151177406311 
vt 0.18779373168945312 0.5446475744247437 
vt 0.1831265240907669 0.535828173160553 
vt 0.1770317107439041 0.5278451442718506 
vt 0.169783815741539 0.5210025310516357 
vt 0.1614377498626709 0.5154523849487305 
vt 0.1523778736591339 0.5112707614898682 
vt 0.1427140235900879 0.5086857676506042 
vt 0.13277561962604523 0.5076974034309387 
vt 0.12278230488300323 0.5083056688308716 
vt 0.11306353658437729 0.5105865001678467 
vt 0.10383894294500351 0.5143879652023315 
vt 0.09532815217971802 0.5196340084075928 
vt 0.08775080740451813 0.5261724591255188 
vt 0.08143635094165802 0.5339274406433105 
vt 0.07638479024171829 0.5425947904586792 
vt 0.0728706568479538 0.5519463419914246 
vt 0.07094886898994446 0.5619061589241028 
vt 0.07067432999610901 0.572018027305603 
vt 0.07210194319486618 0.5821298956871033 
vt 0.0752866268157959 0.5919376611709595 
vt 0.0802832767367363 0.6010611653327942 
vt 0.170717254281044 0.5939143896102905 
vt 0.17489027976989746 0.5875279903411865 
vt 0.17763569951057434 0.5803052186965942 
vt 0.17900840938091278 0.5727022886276245 
vt 0.17900840938091278 0.5649473071098328 
vt 0.1777455061674118 0.5572683811187744 
vt 0.17527464032173157 0.5499696135520935 
vt 0.17159578204154968 0.5431270003318787 
vt 0.16687366366386414 0.5369685888290405 
vt 0.16121810674667358 0.5317226052284241 
vt 0.15473893284797668 0.5273889303207397 
vt 0.1477106660604477 0.5241957306861877 
vt 0.14018823206424713 0.5221429467201233 
vt 0.13250106573104858 0.5213826298713684 
vt 0.1247590035200119 0.5218388438224792 
vt 0.11718165874481201 0.5235875248908997 
vt 0.10998866707086563 0.5265526175498962 
vt 0.10339967161417007 0.5306581854820251 
vt 0.09757939726114273 0.5357521772384644 
vt 0.09263764321804047 0.5416824221611023 
vt 0.08868424594402313 0.5483729839324951 
vt 0.08593883365392685 0.5555957555770874 
vt 0.08440139889717102 0.5631986856460571 
vt 0.08412685990333557 0.5709536075592041 
vt 0.08522502332925797 0.5786325931549072 
vt 0.08775080740451813 0.5859313607215881 
vt 0.09164929389953613 0.5925458669662476 
vt 0.1608886569738388 0.5853991508483887 
vt 0.16368898749351501 0.5812175273895264 
vt 0.1655009537935257 0.5763517022132874 
vt 0.16637949645519257 0.5711056590080261 
vt 0.16632458567619324 0.5656315684318542 
vt 0.1653362363576889 0.5602335333824158 
vt 0.1634693592786789 0.5549874901771545 
vt 0.16077885031700134 0.5500456094741821 
vt 0.15731962025165558 0.5455598831176758 
vt 0.15314659476280212 0.5417584776878357 
vt 0.14842447638511658 0.5386412739753723 
vt 0.14331801235675812 0.536284327507019 
vt 0.13782717287540436 0.5348398089408875 
vt 0.13222652673721313 0.534307599067688 
vt 0.12657096982002258 0.534611701965332 
vt 0.12102523446083069 0.5359042286872864 
vt 0.11580894887447357 0.5381090641021729 
vt 0.1110319271683693 0.5410742163658142 
vt 0.10674908012151718 0.5447235703468323 
vt 0.10312513262033463 0.5490572452545166 
vt 0.10032480955123901 0.5539231300354004 
vt 0.09829320013523102 0.5590930581092834 
vt 0.0971401259303093 0.5644911527633667 
vt 0.09686558693647385 0.56988924741745 
vt 0.09757939726114273 0.5751352310180664 
vt 0.09922664612531662 0.5800771117210388 
vt 0.10186224430799484 0.5844107866287231 
vt 0.2796553075313568 0.4211762845516205 
vt 0.2783375084400177 0.42589008808135986 
vt 0.2705405354499817 0.4197317361831665 
vt 0.26971691846847534 0.4244455397129059 
vt 0.26142576336860657 0.41843923926353455 
vt 0.260766863822937 0.4232290983200073 
vt 0.2523658871650696 0.417222797870636 
vt 0.25176191329956055 0.4220886528491974 
vt 0.2433060258626938 0.41615837812423706 
vt 0.24270203709602356 0.42094820737838745 
vt 0.23419123888015747 0.41509395837783813 
vt 0.23364216089248657 0.4199598431587219 
vt 0.22513137757778168 0.4141816198825836 
vt 0.2246371954679489 0.418971449136734 
vt 0.21601659059524536 0.4133453071117401 
vt 0.21557733416557312 0.4181351363658905 
vt 0.20690181851387024 0.4125850200653076 
vt 0.20651745796203613 0.417374849319458 
vt 0.19784194231033325 0.41190075874328613 
vt 0.19745759665966034 0.4166905879974365 
vt 0.18872717022895813 0.41129252314567566 
vt 0.18845263123512268 0.41608235239982605 
vt 0.179612398147583 0.4107603132724762 
vt 0.1793927550315857 0.4156261682510376 
vt 0.1704976111650467 0.41038015484809875 
vt 0.1703328937292099 0.41524603962898254 
vt 0.16138283908367157 0.4100760519504547 
vt 0.1612730175256729 0.4149419069290161 
vt 0.15226806700229645 0.4099240005016327 
vt 0.15221315622329712 0.4147138297557831 
vt 0.14315328001976013 0.4097719192504883 
vt 0.14315328001976013 0.41463780403137207 
vt 0.134038507938385 0.4097719192504883 
vt 0.134038507938385 0.41463780403137207 
vt 0.12492372840642929 0.4099240005016327 
vt 0.12497863918542862 0.4147138297557831 
vt 0.11580894887447357 0.4100760519504547 
vt 0.11591876298189163 0.4149419069290161 
vt 0.10669416934251785 0.41038015484809875 
vt 0.10685889422893524 0.41517001390457153 
vt 0.0975244864821434 0.4107603132724762 
vt 0.09774412214756012 0.4155501425266266 
vt 0.08840970695018768 0.41121649742126465 
vt 0.08868424594402313 0.41600632667541504 
vt 0.07929492741823196 0.4117486774921417 
vt 0.07956947386264801 0.4165385365486145 
vt 0.07018015533685684 0.4123569130897522 
vt 0.07050960510969162 0.4171467423439026 
vt 0.06106537580490112 0.4130411744117737 
vt 0.06144973263144493 0.4178310036659241 
vt 0.051895689219236374 0.4138014614582062 
vt 0.05244477093219757 0.41859132051467896 
vt 0.042671095579862595 0.4147138297557831 
vt 0.04371435195207596 0.4195796847343445 
vt 0.021256856620311737 0.43797874450683594 
vt 0.02103722281754017 0.4325046241283417 
vt 0.029053835198283195 0.43737050890922546 
vt 0.028724385425448418 0.43227654695510864 
vt 0.036576271057128906 0.436990350484848 
vt 0.03630173206329346 0.4318203628063202 
vt 0.043988894671201706 0.436686247587204 
vt 0.04376925900578499 0.43144023418426514 
vt 0.05140151455998421 0.43638211488723755 
vt 0.05123678967356682 0.4311361014842987 
vt 0.05886904150247574 0.4361540377140045 
vt 0.05870431661605835 0.4309080243110657 
vt 0.06628166139125824 0.4360019862651825 
vt 0.06617184728384018 0.43075597286224365 
vt 0.07369428128004074 0.4358499050140381 
vt 0.07363937795162201 0.43060392141342163 
vt 0.08110690116882324 0.4357738792896271 
vt 0.08105199784040451 0.43052786588668823 
vt 0.08857443183660507 0.43569785356521606 
vt 0.08851952105760574 0.4304518401622772 
vt 0.09598705172538757 0.43569785356521606 
vt 0.09598705172538757 0.4304518401622772 
vt 0.10339967161417007 0.4357738792896271 
vt 0.1034545823931694 0.43052786588668823 
vt 0.1108672022819519 0.4358499050140381 
vt 0.11092211306095123 0.43060392141342163 
vt 0.1182798221707344 0.4359259307384491 
vt 0.11838963627815247 0.43075597286224365 
vt 0.1256924420595169 0.4361540377140045 
vt 0.1258571743965149 0.4309080243110657 
vt 0.13310506939888 0.43630608916282654 
vt 0.1332697868347168 0.4311361014842987 
vt 0.14057259261608124 0.4366101920604706 
vt 0.14073732495307922 0.4313642084598541 
vt 0.14798521995544434 0.436914324760437 
vt 0.14820484817028046 0.43166831135749817 
vt 0.15539783239364624 0.43721842765808105 
vt 0.1556723713874817 0.4320484697818756 
vt 0.16281045973300934 0.4376746118068695 
vt 0.16313990950584412 0.43242859840393066 
vt 0.17022307217121124 0.43805477023124695 
vt 0.17055252194404602 0.4328847825527191 
vt 0.17763569951057434 0.438586950302124 
vt 0.17802006006240845 0.4334169924259186 
vt 0.18504831194877625 0.4391951858997345 
vt 0.18543267250061035 0.43394920229911804 
vt 0.19246093928813934 0.43980342149734497 
vt 0.19290019571781158 0.4346334636211395 
vt 0.19987355172634125 0.44048768281936646 
vt 0.200367733836174 0.435317724943161 
vt 0.20734108984470367 0.44117194414138794 
vt 0.20789016783237457 0.4360780119895935 
vt 0.21502824127674103 0.44223636388778687 
vt 0.21563224494457245 0.436762273311615 
vt 0.02103722281754017 0.4325046241283417 
vt 0.021751031279563904 0.42741069197654724 
vt 0.028724385425448418 0.43227654695510864 
vt 0.028724385425448418 0.42733466625213623 
vt 0.03630173206329346 0.4318203628063202 
vt 0.03613700717687607 0.4268784821033478 
vt 0.04376925900578499 0.43144023418426514 
vt 0.0436045341193676 0.42649832367897034 
vt 0.05123678967356682 0.4311361014842987 
vt 0.05107206478714943 0.4261942207813263 
vt 0.05870431661605835 0.4309080243110657 
vt 0.05859450250864029 0.42589008808135986 
vt 0.06617184728384018 0.43075597286224365 
vt 0.06606203317642212 0.42573803663253784 
vt 0.07363937795162201 0.43060392141342163 
vt 0.07358446717262268 0.4255859851837158 
vt 0.08105199784040451 0.43052786588668823 
vt 0.08105199784040451 0.4255099594593048 
vt 0.08851952105760574 0.4304518401622772 
vt 0.08857443183660507 0.4255099594593048 
vt 0.09598705172538757 0.4304518401622772 
vt 0.0960419625043869 0.4255099594593048 
vt 0.1034545823931694 0.43052786588668823 
vt 0.10350949317216873 0.4255099594593048 
vt 0.11092211306095123 0.43060392141342163 
vt 0.1110319271683693 0.4255859851837158 
vt 0.11838963627815247 0.43075597286224365 
vt 0.11849945783615112 0.42573803663253784 
vt 0.1258571743965149 0.4309080243110657 
vt 0.12596698105335236 0.42589008808135986 
vt 0.1332697868347168 0.4311361014842987 
vt 0.13348941504955292 0.4261181950569153 
vt 0.14073732495307922 0.4313642084598541 
vt 0.14095695316791534 0.4263462722301483 
vt 0.14820484817028046 0.43166831135749817 
vt 0.14842447638511658 0.42665040493011475 
vt 0.1556723713874817 0.4320484697818756 
vt 0.15594691038131714 0.4270305335521698 
vt 0.16313990950584412 0.43242859840393066 
vt 0.16341444849967957 0.42741069197654724 
vt 0.17055252194404602 0.4328847825527191 
vt 0.17093688249588013 0.4278668463230133 
vt 0.17802006006240845 0.4334169924259186 
vt 0.17840440571308136 0.42839905619621277 
vt 0.18543267250061035 0.43394920229911804 
vt 0.1858719438314438 0.42900729179382324 
vt 0.19290019571781158 0.4346334636211395 
vt 0.19333946704864502 0.4296155273914337 
vt 0.200367733836174 0.435317724943161 
vt 0.20080700516700745 0.4302997887134552 
vt 0.20789016783237457 0.4360780119895935 
vt 0.2081097960472107 0.4310600757598877 
vt 0.21563224494457245 0.436762273311615 
vt 0.215192973613739 0.43151625990867615 
vt 0.1477106660604477 0.4423123896121979 
vt 0.14798521995544434 0.436914324760437 
vt 0.15506838262081146 0.4426164925098419 
vt 0.15539783239364624 0.43721842765808105 
vt 0.1402980536222458 0.44200828671455383 
vt 0.14057259261608124 0.4366101920604706 
vt 0.1477106660604477 0.4423123896121979 
vt 0.14798521995544434 0.436914324760437 
vt 0.34307441115379333 0.3613413870334625 
vt 0.34307441115379333 0.37951233983039856 
vt 0.3302258551120758 0.3613413870334625 
vt 0.3302258551120758 0.37951233983039856 
vt 0.31737732887268066 0.36141741275787354 
vt 0.31737732887268066 0.37951233983039856 
vt 0.30452877283096313 0.36141741275787354 
vt 0.30452877283096313 0.37958839535713196 
vt 0.291680246591568 0.36141741275787354 
vt 0.291680246591568 0.37958839535713196 
vt 0.27877679467201233 0.36141741275787354 
vt 0.27883169054985046 0.37958839535713196 
vt 0.2659282386302948 0.36149346828460693 
vt 0.2659831643104553 0.37958839535713196 
vt 0.25307971239089966 0.36149346828460693 
vt 0.2531346082687378 0.37966442108154297 
vt 0.24023115634918213 0.36149346828460693 
vt 0.24028606712818146 0.37966442108154297 
vt 0.2273826152086258 0.36156949400901794 
vt 0.2273826152086258 0.37966442108154297 
vt 0.21453407406806946 0.36156949400901794 
vt 0.21453407406806946 0.37966442108154297 
vt 0.20168553292751312 0.36156949400901794 
vt 0.20168553292751312 0.379740446805954 
vt 0.1888369917869568 0.36156949400901794 
vt 0.1888369917869568 0.379740446805954 
vt 0.17593353986740112 0.36164551973342896 
vt 0.17598845064640045 0.379740446805954 
vt 0.1630849987268448 0.36164551973342896 
vt 0.16313990950584412 0.379740446805954 
vt 0.15023645758628845 0.36164551973342896 
vt 0.15029136836528778 0.379816472530365 
vt 0.13738791644573212 0.36164551973342896 
vt 0.13744281232357025 0.379816472530365 
vt 0.12453936785459518 0.36172154545783997 
vt 0.12453936785459518 0.379816472530365 
vt 0.11169082671403885 0.36172154545783997 
vt 0.11169082671403885 0.379892498254776 
vt 0.09884228557348251 0.36172154545783997 
vt 0.09884228557348251 0.379892498254776 
vt 0.08599374443292618 0.36172154545783997 
vt 0.08599374443292618 0.379892498254776 
vt 0.07314520329236984 0.361797571182251 
vt 0.07314520329236984 0.379892498254776 
vt 0.06024175137281418 0.361797571182251 
vt 0.06029665842652321 0.379968523979187 
vt 0.047393206506967545 0.361797571182251 
vt 0.04744811728596687 0.379968523979187 
vt 0.03454466536641121 0.361797571182251 
vt 0.03459957242012024 0.379968523979187 
vt 0.021696124225854874 0.361873596906662 
vt 0.021751031279563904 0.379968523979187 
vt 0.008847581222653389 0.361873596906662 
vt 0.008847581222653389 0.380044549703598 
vt 0.13294033706188202 0.4417801797389984 
vt 0.13310506939888 0.43630608916282654 
vt 0.1402980536222458 0.44200828671455383 
vt 0.14057259261608124 0.4366101920604706 
vt 0.12552772462368011 0.4415521025657654 
vt 0.1256924420595169 0.4361540377140045 
vt 0.13294033706188202 0.4417801797389984 
vt 0.13310506939888 0.43630608916282654 
vt 0.11811509728431702 0.44140005111694336 
vt 0.1182798221707344 0.4359259307384491 
vt 0.12552772462368011 0.4415521025657654 
vt 0.1256924420595169 0.4361540377140045 
vt 0.2834988832473755 0.3937298059463501 
vt 0.2796553075313568 0.4211762845516205 
vt 0.2742193937301636 0.39243730902671814 
vt 0.2705405354499817 0.4197317361831665 
vt 0.2649948000907898 0.3912208378314972 
vt 0.26142576336860657 0.41843923926353455 
vt 0.2557153105735779 0.39000436663627625 
vt 0.2523658871650696 0.417222797870636 
vt 0.24643579125404358 0.3888639211654663 
vt 0.2433060258626938 0.41615837812423706 
vt 0.23710139095783234 0.38779953122138977 
vt 0.23419123888015747 0.41509395837783813 
vt 0.2277669757604599 0.38681113719940186 
vt 0.22513137757778168 0.4141816198825836 
vt 0.21843256056308746 0.38597482442855835 
vt 0.21601659059524536 0.4133453071117401 
vt 0.2090432494878769 0.38513851165771484 
vt 0.20690181851387024 0.4125850200653076 
vt 0.19970883429050446 0.38445425033569336 
vt 0.19784194231033325 0.41190075874328613 
vt 0.1903195083141327 0.3838460147380829 
vt 0.18872717022895813 0.41129252314567566 
vt 0.18093019723892212 0.38338983058929443 
vt 0.179612398147583 0.4107603132724762 
vt 0.17154087126255035 0.382933646440506 
vt 0.1704976111650467 0.41038015484809875 
vt 0.16215156018733978 0.38262954354286194 
vt 0.16138283908367157 0.4100760519504547 
vt 0.1527073234319687 0.3824774920940399 
vt 0.15226806700229645 0.4099240005016327 
vt 0.14331801235675812 0.3823254406452179 
vt 0.14315328001976013 0.4097719192504883 
vt 0.13392868638038635 0.3823254406452179 
vt 0.134038507938385 0.4097719192504883 
vt 0.12453936785459518 0.3824774920940399 
vt 0.12492372840642929 0.4099240005016327 
vt 0.11515004932880402 0.38262954354286194 
vt 0.11580894887447357 0.4100760519504547 
vt 0.10576073080301285 0.382933646440506 
vt 0.10669416934251785 0.41038015484809875 
vt 0.09637141227722168 0.3833138048648834 
vt 0.0975244864821434 0.4107603132724762 
vt 0.08698209375143051 0.3837699890136719 
vt 0.08840970695018768 0.41121649742126465 
vt 0.07764767855405807 0.38430219888687134 
vt 0.07929492741823196 0.4117486774921417 
vt 0.06831327080726624 0.3849104046821594 
vt 0.07018015533685684 0.4123569130897522 
vt 0.0589788593351841 0.3856707215309143 
vt 0.06106537580490112 0.4130411744117737 
vt 0.04964444786310196 0.3864310085773468 
vt 0.051895689219236374 0.4138014614582062 
vt 0.04036494344472885 0.3871912956237793 
vt 0.042671095579862595 0.4147138297557831 
vt 0.11075738817453384 0.44124796986579895 
vt 0.1108672022819519 0.4358499050140381 
vt 0.11811509728431702 0.44140005111694336 
vt 0.1182798221707344 0.4359259307384491 
vt 0.10334476828575134 0.44117194414138794 
vt 0.10339967161417007 0.4357738792896271 
vt 0.11075738817453384 0.44124796986579895 
vt 0.1108672022819519 0.4358499050140381 
vt 0.09593214839696884 0.44109591841697693 
vt 0.09598705172538757 0.43569785356521606 
vt 0.10334476828575134 0.44117194414138794 
vt 0.10339967161417007 0.4357738792896271 
vt 0.08851952105760574 0.44109591841697693 
vt 0.08857443183660507 0.43569785356521606 
vt 0.09593214839696884 0.44109591841697693 
vt 0.09598705172538757 0.43569785356521606 
vt 0.08116181194782257 0.44117194414138794 
vt 0.08110690116882324 0.4357738792896271 
vt 0.08851952105760574 0.44109591841697693 
vt 0.08857443183660507 0.43569785356521606 
vt 0.07374919205904007 0.44124796986579895 
vt 0.07369428128004074 0.4358499050140381 
vt 0.08116181194782257 0.44117194414138794 
vt 0.08110690116882324 0.4357738792896271 
vt 0.06633657217025757 0.44140005111694336 
vt 0.06628166139125824 0.4360019862651825 
vt 0.07374919205904007 0.44124796986579895 
vt 0.07369428128004074 0.4358499050140381 
vt 0.0589788593351841 0.4415521025657654 
vt 0.05886904150247574 0.4361540377140045 
vt 0.06633657217025757 0.44140005111694336 
vt 0.06628166139125824 0.4360019862651825 
vt 0.051566239446401596 0.4417801797389984 
vt 0.05140151455998421 0.43638211488723755 
vt 0.0589788593351841 0.4415521025657654 
vt 0.05886904150247574 0.4361540377140045 
vt 0.044208526611328125 0.44208431243896484 
vt 0.043988894671201706 0.436686247587204 
vt 0.051566239446401596 0.4417801797389984 
vt 0.05140151455998421 0.43638211488723755 
vt 0.036850813776254654 0.4423884153366089 
vt 0.036576271057128906 0.436990350484848 
vt 0.044208526611328125 0.44208431243896484 
vt 0.043988894671201706 0.436686247587204 
vt 0.02965782769024372 0.44276857376098633 
vt 0.029053835198283195 0.43737050890922546 
vt 0.036850813776254654 0.4423884153366089 
vt 0.036576271057128906 0.436990350484848 
vt 0.022739380598068237 0.4435288608074188 
vt 0.021256856620311737 0.43797874450683594 
vt 0.02965782769024372 0.44276857376098633 
vt 0.029053835198283195 0.43737050890922546 
vt 0.2064625471830368 0.4464939832687378 
vt 0.20734108984470367 0.44117194414138794 
vt 0.21327118575572968 0.4475584030151367 
vt 0.21502824127674103 0.44223636388778687 
vt 0.19926956295967102 0.4458097219467163 
vt 0.19987355172634125 0.44048768281936646 
vt 0.2064625471830368 0.4464939832687378 
vt 0.20734108984470367 0.44117194414138794 
vt 0.19191184639930725 0.4451254606246948 
vt 0.19246093928813934 0.43980342149734497 
vt 0.19926956295967102 0.4458097219467163 
vt 0.19987355172634125 0.44048768281936646 
vt 0.18455414474010468 0.44459325075149536 
vt 0.18504831194877625 0.4391951858997345 
vt 0.19191184639930725 0.4451254606246948 
vt 0.19246093928813934 0.43980342149734497 
vt 0.1771964281797409 0.4439850151538849 
vt 0.17763569951057434 0.438586950302124 
vt 0.18455414474010468 0.44459325075149536 
vt 0.18504831194877625 0.4391951858997345 
vt 0.16983871161937714 0.4435288608074188 
vt 0.17022307217121124 0.43805477023124695 
vt 0.1771964281797409 0.4439850151538849 
vt 0.17763569951057434 0.438586950302124 
vt 0.16248100996017456 0.44307267665863037 
vt 0.16281045973300934 0.4376746118068695 
vt 0.16983871161937714 0.4435288608074188 
vt 0.17022307217121124 0.43805477023124695 
vt 0.15506838262081146 0.4426164925098419 
vt 0.15539783239364624 0.43721842765808105 
vt 0.16248100996017456 0.44307267665863037 
vt 0.16281045973300934 0.4376746118068695 
vt 0.42999425530433655 0.008186227641999722 
vt 0.4291157126426697 0.35837626457214355 
vt 0.4137963056564331 0.008186227641999722 
vt 0.41291776299476624 0.35830023884773254 
vt 0.39759835600852966 0.008110198192298412 
vt 0.3967198133468628 0.35822421312332153 
vt 0.3814004063606262 0.008034168742597103 
vt 0.38052186369895935 0.35822421312332153 
vt 0.3652024567127228 0.008034168742597103 
vt 0.3643239140510559 0.3581481873989105 
vt 0.34900450706481934 0.007958140224218369 
vt 0.34807106852531433 0.3581481873989105 
vt 0.3328065574169159 0.007958140224218369 
vt 0.3318731188774109 0.3580721318721771 
vt 0.31660860776901245 0.00788211077451706 
vt 0.31567516922950745 0.3580721318721771 
vt 0.300410658121109 0.00788211077451706 
vt 0.299477219581604 0.3579961061477661 
vt 0.28421270847320557 0.007806081790477037 
vt 0.28327926993370056 0.3579961061477661 
vt 0.2680147588253021 0.007806081790477037 
vt 0.2670813202857971 0.3579200804233551 
vt 0.2518168091773987 0.0077300528064370155 
vt 0.2508833706378937 0.3579200804233551 
vt 0.23561885952949524 0.0077300528064370155 
vt 0.23468542098999023 0.3578440546989441 
vt 0.2194209098815918 0.007654023822396994 
vt 0.2184874713420868 0.3578440546989441 
vt 0.20322296023368835 0.007654023822396994 
vt 0.20228952169418335 0.3577680289745331 
vt 0.1870250105857849 0.007577994372695684 
vt 0.1860915720462799 0.35769200325012207 
vt 0.17077216506004333 0.0075019653886556625 
vt 0.16989362239837646 0.35769200325012207 
vt 0.1545742154121399 0.0075019653886556625 
vt 0.15369567275047302 0.35761597752571106 
vt 0.13837626576423645 0.007425936404615641 
vt 0.13749772310256958 0.35761597752571106 
vt 0.12217830866575241 0.007425936404615641 
vt 0.12129978090524673 0.35753995180130005 
vt 0.10598036646842957 0.007349907420575619 
vt 0.10510183125734329 0.35753995180130005 
vt 0.08978241682052612 0.007349907420575619 
vt 0.08890388160943985 0.35746392607688904 
vt 0.07358446717262268 0.0072738779708743095 
vt 0.07270593196153641 0.35746392607688904 
vt 0.05738651752471924 0.0072738779708743095 
vt 0.056507986038923264 0.35738787055015564 
vt 0.041188571602106094 0.007197848986834288 
vt 0.04031003639101982 0.35738787055015564 
vt 0.024990621954202652 0.007197848986834288 
vt 0.024112088605761528 0.35731184482574463 
vt 0.008792673237621784 0.007121820002794266 
vt 0.00791413988918066 0.3572358191013336 
vt 0.03152471035718918 0.4618518650531769 
vt 0.03443484753370285 0.44847074151039124 
vt 0.03300723433494568 0.46238407492637634 
vt 0.03899223729968071 0.4500673711299896 
vt 0.03427012264728546 0.46322038769721985 
vt 0.0430554524064064 0.45265233516693115 
vt 0.035313382744789124 0.4642848074436188 
vt 0.04634995013475418 0.456225723028183 
vt 0.03602718934416771 0.46565333008766174 
vt 0.048711005598306656 0.4604073166847229 
vt 0.036466456949710846 0.4670978784561157 
vt 0.04997389763593674 0.46504509449005127 
vt 0.036466456949710846 0.4686184525489807 
vt 0.050138622522354126 0.46991094946861267 
vt 0.0361919142305851 0.4701390266418457 
vt 0.04909536615014076 0.47462475299835205 
vt 0.03547810763120651 0.47150754928588867 
vt 0.04700884968042374 0.478882372379303 
vt 0.03454466536641121 0.4726479947566986 
vt 0.04387907683849335 0.48260781168937683 
vt 0.03328177332878113 0.4735603630542755 
vt 0.03998058661818504 0.4854969084262848 
vt 0.031909067183732986 0.4740925431251526 
vt 0.03553301468491554 0.4873216152191162 
vt 0.030371634289622307 0.474320650100708 
vt 0.030755992978811264 0.4880058765411377 
vt 0.028889110311865807 0.4741685688495636 
vt 0.025978971272706985 0.48754969239234924 
vt 0.027406586334109306 0.47371241450309753 
vt 0.021421581506729126 0.48602911829948425 
vt 0.026143696159124374 0.47287607192993164 
vt 0.017358368262648582 0.4833680987358093 
vt 0.02510043792426586 0.4717356562614441 
vt 0.01406386960297823 0.4798707664012909 
vt 0.024386629462242126 0.47044315934181213 
vt 0.011702812276780605 0.475689172744751 
vt 0.02394736371934414 0.46899861097335815 
vt 0.010439922101795673 0.4709753692150116 
vt 0.02389245480298996 0.4674780070781708 
vt 0.010275197215378284 0.4661855399608612 
vt 0.024221904575824738 0.4659574329853058 
vt 0.011318454518914223 0.4614717364311218 
vt 0.024935713037848473 0.4645889103412628 
vt 0.013404970057308674 0.4571380615234375 
vt 0.025869153439998627 0.4634484648704529 
vt 0.016534743830561638 0.45341262221336365 
vt 0.027132045477628708 0.46253612637519836 
vt 0.020433232188224792 0.4505995512008667 
vt 0.02850475162267685 0.4619278907775879 
vt 0.024880804121494293 0.44877487421035767 
vt 0.03004218451678753 0.46169981360435486 
vt 0.02965782769024372 0.4480145573616028 
vt 0.44668635725975037 0.40642663836479187 
vt 0.43367308378219604 0.3961627185344696 
vt 0.4359792470932007 0.3936537504196167 
vt 0.4208245575428009 0.38681113719940186 
vt 0.4224717915058136 0.3838460147380829 
vt 0.4061640501022339 0.38088086247444153 
vt 0.40704256296157837 0.3776116371154785 
vt 0.39051517844200134 0.37860000133514404 
vt 0.3905700743198395 0.3751786947250366 
vt 0.37475648522377014 0.38012057542800903 
vt 0.37398776412010193 0.3767752945423126 
vt 0.35976651310920715 0.3853665888309479 
vt 0.35828399658203125 0.3823254406452179 
vt 0.3465336263179779 0.39403390884399414 
vt 0.34439221024513245 0.3914489150047302 
vt 0.3357715904712677 0.4056663513183594 
vt 0.3330261707305908 0.4036135673522949 
vt 0.3280295431613922 0.41950365900993347 
vt 0.32495465874671936 0.4182111620903015 
vt 0.3239113986492157 0.43478551506996155 
vt 0.3205620050430298 0.4342533051967621 
vt 0.3235270380973816 0.4505995512008667 
vt 0.3201776444911957 0.45090368390083313 
vt 0.326931357383728 0.4660334587097168 
vt 0.3237466812133789 0.46717390418052673 
vt 0.3339596390724182 0.48025089502334595 
vt 0.3311043977737427 0.48207560181617737 
vt 0.34417256712913513 0.49233952164649963 
vt 0.3418664336204529 0.49484848976135254 
vt 0.35696619749069214 0.5016911029815674 
vt 0.35531896352767944 0.5046562552452087 
vt 0.37162670493125916 0.5076214075088501 
vt 0.3707481920719147 0.5108906626701355 
vt 0.3873305022716522 0.5099782943725586 
vt 0.38722068071365356 0.5133235454559326 
vt 0.40308916568756104 0.5083816647529602 
vt 0.4038029909133911 0.511726975440979 
vt 0.4180242419242859 0.5031356811523438 
vt 0.4195067584514618 0.5061768293380737 
vt 0.43125712871551514 0.4944683611392975 
vt 0.4334534704685211 0.4970533549785614 
vt 0.4420740604400635 0.4829119145870209 
vt 0.44481948018074036 0.4848886728286743 
vt 0.4497612416744232 0.46899861097335815 
vt 0.4528909921646118 0.4702911078929901 
vt 0.4539342522621155 0.4537167549133301 
vt 0.4572836756706238 0.45424896478652954 
vt 0.4543186128139496 0.43790268898010254 
vt 0.4576680362224579 0.4375985860824585 
vt 0.45091429352760315 0.42246878147125244 
vt 0.45409899950027466 0.4213283658027649 
vt 0.44388604164123535 0.4082513451576233 
vt 0.4313669502735138 0.3985956609249115 
vt 0.4191772937774658 0.3897762894630432 
vt 0.405285507440567 0.38415011763572693 
vt 0.3904053568840027 0.38194528222084045 
vt 0.3754703104496002 0.38338983058929443 
vt 0.3613039553165436 0.38840776681900024 
vt 0.3487299680709839 0.39661890268325806 
vt 0.33846211433410645 0.4076431095600128 
vt 0.3311592936515808 0.4207201302051544 
vt 0.327260822057724 0.4352416694164276 
vt 0.3268764615058899 0.45029544830322266 
vt 0.33011603355407715 0.46496906876564026 
vt 0.3367599546909332 0.4784262180328369 
vt 0.34647873044013977 0.4899066090583801 
vt 0.3586134612560272 0.4987259805202484 
vt 0.37256017327308655 0.5044281482696533 
vt 0.38738539814949036 0.5065569877624512 
vt 0.40237537026405334 0.5051124095916748 
vt 0.4165416955947876 0.5000945329666138 
vt 0.4291157126426697 0.49188336730003357 
vt 0.4393286406993866 0.4808591306209564 
vt 0.44663146138191223 0.4677821397781372 
vt 0.45058485865592957 0.4532605707645416 
vt 0.45096921920776367 0.43820682168006897 
vt 0.44772961735725403 0.42353320121765137 
vt 0.4410308003425598 0.4100760519504547 
vt 0.42906078696250916 0.4011046290397644 
vt 0.4175300598144531 0.3927414119243622 
vt 0.40440696477890015 0.38741937279701233 
vt 0.39035046100616455 0.3853665888309479 
vt 0.3761841058731079 0.38673511147499084 
vt 0.3627864718437195 0.3914489150047302 
vt 0.3509262800216675 0.399203896522522 
vt 0.3412075340747833 0.40961986780166626 
vt 0.33434396982192993 0.4220126271247864 
vt 0.3306102156639099 0.4357738792896271 
vt 0.3302258551120758 0.4499152898788452 
vt 0.33330073952674866 0.4638286232948303 
vt 0.3396151661872864 0.4765254855155945 
vt 0.348784863948822 0.4873976409435272 
vt 0.3602606952190399 0.49576085805892944 
vt 0.37343868613243103 0.5011588931083679 
vt 0.387495219707489 0.5032116770744324 
vt 0.40160664916038513 0.5017671585083008 
vt 0.4150591790676117 0.4970533549785614 
vt 0.4269193708896637 0.48929837346076965 
vt 0.4365832507610321 0.478882372379303 
vt 0.44350168108940125 0.46648964285850525 
vt 0.44723543524742126 0.45280441641807556 
vt 0.44756489992141724 0.438586950302124 
vt 0.4444900453090668 0.4246736466884613 
vt 0.4382304847240448 0.41197678446769714 
vt 0.3889228403568268 0.4442891478538513 
vt 0.008931088261306286 0.8365484476089478 
vt 0.05701694265007973 0.8366937637329102 
vt 0.00873481947928667 0.9001744985580444 
vt 0.05682067573070526 0.9003198742866516 
vt 0.10510279983282089 0.8368754386901855 
vt 0.10490652918815613 0.900501549243927 
vt 0.15318866074085236 0.8370571136474609 
vt 0.152992382645607 0.9006832242012024 
vt 0.20127451419830322 0.8372388482093811 
vt 0.20107823610305786 0.9008285999298096 
vt 0.2493603676557541 0.8373841643333435 
vt 0.24916410446166992 0.901010274887085 
vt 0.29754436016082764 0.8375658392906189 
vt 0.2972499430179596 0.9011919498443604 
vt 0.3456302285194397 0.8377475142478943 
vt 0.34533581137657166 0.9013736248016357 
vt 0.39371606707572937 0.8379292488098145 
vt 0.3934216797351837 0.9015552997589111 
vt 0.44180193543434143 0.8381472229957581 
vt 0.4415075182914734 0.9017733335494995 
vt 0.4898877739906311 0.8383289575576782 
vt 0.48959338665008545 0.9019550085067749 
vt 0.5379736423492432 0.8385106325149536 
vt 0.5376792550086975 0.9021366834640503 
vt 0.5860595107078552 0.838692307472229 
vt 0.5857650637626648 0.9023184180259705 
vt 0.6341453790664673 0.8389103412628174 
vt 0.6338509321212769 0.9025363922119141 
vt 0.6920446753501892 0.8390920162200928 
vt 0.6918483972549438 0.9027544260025024 
vt 0.6971476078033447 0.9835678935050964 
vt 0.6421923637390137 0.9834952354431152 
vt 0.6972457766532898 0.9231758117675781 
vt 0.6422905325889587 0.9231031537055969 
vt 0.5965598821640015 0.983458936214447 
vt 0.5966579914093018 0.9230667948722839 
vt 0.5509274005889893 0.983422577381134 
vt 0.5510255098342896 0.9230304956436157 
vt 0.5052948594093323 0.983386218547821 
vt 0.5052948594093323 0.9229941368103027 
vt 0.45966237783432007 0.9833499193191528 
vt 0.45966237783432007 0.9229577779769897 
vt 0.41402989625930786 0.9833135604858398 
vt 0.41402989625930786 0.9229214787483215 
vt 0.36839738488197327 0.9832772016525269 
vt 0.36839738488197327 0.9228851199150085 
vt 0.32276490330696106 0.9832409024238586 
vt 0.32276490330696106 0.9228851199150085 
vt 0.27703428268432617 0.9832045435905457 
vt 0.27713239192962646 0.9228488206863403 
vt 0.23140177130699158 0.9832045435905457 
vt 0.23149991035461426 0.9228124618530273 
vt 0.18576927483081818 0.9831682443618774 
vt 0.18586741387844086 0.9227761030197144 
vt 0.14013677835464478 0.9831318855285645 
vt 0.14023491740226746 0.9227398037910461 
vt 0.09450428187847137 0.9830955266952515 
vt 0.09450428187847137 0.9227034449577332 
vt 0.04887178912758827 0.9830592274665833 
vt 0.04887178912758827 0.9226670861244202 
vt 0.003239292884245515 0.9830228686332703 
vt 0.003239292884245515 0.922630786895752 
vt 0.0076553407125175 0.8182345628738403 
vt 0.008538550697267056 0.7699427008628845 
vt 0.04641842842102051 0.8186706304550171 
vt 0.04720350354909897 0.7708147764205933 
vt 0.08370950073003769 0.8192520141601562 
vt 0.08449457585811615 0.7712871432304382 
vt 0.12100057303905487 0.8198333978652954 
vt 0.12178564816713333 0.7718322277069092 
vt 0.15829163789749146 0.8203784823417664 
vt 0.1590767204761505 0.7724136114120483 
vt 0.19558271765708923 0.8209598660469055 
vt 0.1963677853345871 0.7729586958885193 
vt 0.23287378251552582 0.8215048909187317 
vt 0.23365886509418488 0.7735400795936584 
vt 0.2701648473739624 0.8220862746238708 
vt 0.27094992995262146 0.7740851044654846 
vt 0.3074559271335602 0.8226313591003418 
vt 0.30824100971221924 0.7746664881706238 
vt 0.34474700689315796 0.823212742805481 
vt 0.345532089471817 0.7752115726470947 
vt 0.38203808665275574 0.8237577676773071 
vt 0.3828231394290924 0.7757929563522339 
vt 0.41932913661003113 0.8243392109870911 
vt 0.4201142191886902 0.7763380408287048 
vt 0.4566202163696289 0.8248842358589172 
vt 0.45740529894828796 0.776919424533844 
vt 0.4939112961292267 0.8254293203353882 
vt 0.49469637870788574 0.7775008082389832 
vt 0.5312023758888245 0.8259743452072144 
vt 0.5319874286651611 0.7781185507774353 
vt 0.5684934258460999 0.8268101215362549 
vt 0.5693766474723816 0.7785182595252991 
vt 0.0038280992303043604 0.6936349868774414 
vt 0.05073634162545204 0.6940710544586182 
vt 0.009519894607365131 0.6989402174949646 
vt 0.05063820630311966 0.7000666260719299 
vt 0.09048077464103699 0.6947614550590515 
vt 0.0903826430439949 0.7007933855056763 
vt 0.13012707233428955 0.6955245137214661 
vt 0.13002893328666687 0.7015564441680908 
vt 0.1698715090751648 0.6963239312171936 
vt 0.16977337002754211 0.7023195624351501 
vt 0.20951780676841736 0.6971233487129211 
vt 0.20941966772079468 0.7031189799308777 
vt 0.2492622286081314 0.6979227662086487 
vt 0.24916410446166992 0.7039183974266052 
vt 0.28890854120254517 0.6986858248710632 
vt 0.2888104021549225 0.704717755317688 
vt 0.3286529779434204 0.6994852423667908 
vt 0.32855483889579773 0.7054808735847473 
vt 0.368299275636673 0.7002846598625183 
vt 0.3682011365890503 0.7062802910804749 
vt 0.40804368257522583 0.7010840773582458 
vt 0.40784743428230286 0.7070797085762024 
vt 0.4476899802684784 0.7018471360206604 
vt 0.4475918412208557 0.7078791260719299 
vt 0.48743441700935364 0.7026465535163879 
vt 0.4872381389141083 0.7086785435676575 
vt 0.5270807147026062 0.7035186886787415 
vt 0.5269826054573059 0.7095142602920532 
vt 0.5662363171577454 0.7041000723838806 
vt 0.5668251514434814 0.7101320028305054 
vt 0.0076553407125175 0.8182345628738403 
vt 0.04641842842102051 0.8186706304550171 
vt 0.00206167995929718 0.8229584097862244 
vt 0.04641842842102051 0.8242664933204651 
vt 0.08370950073003769 0.8192520141601562 
vt 0.0836113691329956 0.8249205946922302 
vt 0.12100057303905487 0.8198333978652954 
vt 0.12090244144201279 0.8254656195640564 
vt 0.15829163789749146 0.8203784823417664 
vt 0.15819351375102997 0.8260107040405273 
vt 0.19558271765708923 0.8209598660469055 
vt 0.19548457860946655 0.8265920877456665 
vt 0.23287378251552582 0.8215048909187317 
vt 0.23277565836906433 0.8271734714508057 
vt 0.2701648473739624 0.8220862746238708 
vt 0.2700667381286621 0.8277185559272766 
vt 0.3074559271335602 0.8226313591003418 
vt 0.3073577880859375 0.8282999396324158 
vt 0.34474700689315796 0.823212742805481 
vt 0.3446488678455353 0.8288449645042419 
vt 0.38203808665275574 0.8237577676773071 
vt 0.38193994760513306 0.8294263482093811 
vt 0.41932913661003113 0.8243392109870911 
vt 0.41923102736473083 0.829971432685852 
vt 0.4566202163696289 0.8248842358589172 
vt 0.4565220773220062 0.8305528163909912 
vt 0.4939112961292267 0.8254293203353882 
vt 0.493813157081604 0.8310978412628174 
vt 0.5312023758888245 0.8259743452072144 
vt 0.5311042070388794 0.8316065669059753 
vt 0.5684934258460999 0.8268101215362549 
vt 0.5678064823150635 0.8324787020683289 
vt 0.8027402758598328 0.9110029339790344 
vt 0.7869406342506409 0.9122747182846069 
vt 0.7950857877731323 0.9052980542182922 
vt 0.7882163524627686 0.9047166109085083 
vt 0.7814450860023499 0.9119113683700562 
vt 0.782524585723877 0.9043532609939575 
vt 0.7750663757324219 0.9113662838935852 
vt 0.7761458158493042 0.9039535522460938 
vt 0.7700614929199219 0.9111846089363098 
vt 0.7709447145462036 0.9036265015602112 
vt 0.7644678354263306 0.910784900188446 
vt 0.7654491662979126 0.9032995104789734 
vt 0.7576965689659119 0.9103125333786011 
vt 0.759757399559021 0.9029724597930908 
vt 0.7501401901245117 0.9085320234298706 
vt 0.7538692951202393 0.9025000929832458 
vt 0.7412099838256836 0.9031904935836792 
vt 0.747883141040802 0.9022094011306763 
vt 0.7978335022926331 0.8410178422927856 
vt 0.790865957736969 0.8409451842308044 
vt 0.8058805465698242 0.8356763124465942 
vt 0.7902771830558777 0.833568811416626 
vt 0.7851741909980774 0.840799868106842 
vt 0.7848798036575317 0.8333870768547058 
vt 0.7787954807281494 0.8406181931495667 
vt 0.7786973118782043 0.8332417607307434 
vt 0.773594319820404 0.8404001593589783 
vt 0.7738887071609497 0.832987368106842 
vt 0.7680006623268127 0.8401457667350769 
vt 0.7686876058578491 0.8327693939208984 
vt 0.7620144486427307 0.8397824168205261 
vt 0.7629958391189575 0.8322606682777405 
vt 0.7558320164680481 0.8394917249679565 
vt 0.7571077346801758 0.8320789933204651 
vt 0.7492570281028748 0.8390920162200928 
vt 0.7509253025054932 0.8310978412628174 
vt 0.744350254535675 0.9837496280670166 
vt 0.7444484233856201 0.9231758117675781 
vt 0.7515140771865845 0.9838222861289978 
vt 0.7517103552818298 0.9231758117675781 
vt 0.7528879642486572 0.9155450463294983 
vt 0.7587760090827942 0.9161627888679504 
vt 0.7517103552818298 0.9231758117675781 
vt 0.7577946782112122 0.9233211874961853 
vt 0.7644678354263306 0.9162718057632446 
vt 0.7637808918952942 0.9234302043914795 
vt 0.7696689367294312 0.9165261387825012 
vt 0.7691782712936401 0.9235392212867737 
vt 0.7747719287872314 0.9165261387825012 
vt 0.7746738195419312 0.9235755205154419 
vt 0.7793842554092407 0.9165988564491272 
vt 0.7797768115997314 0.9235755205154419 
vt 0.7851741909980774 0.916489839553833 
vt 0.7857630252838135 0.9235028624534607 
vt 0.790473461151123 0.916417121887207 
vt 0.7913566827774048 0.9233938455581665 
vt 0.8051936030387878 0.9178342819213867 
vt 0.7977353930473328 0.9232485294342041 
vt 0.7517103552818298 0.9231758117675781 
vt 0.7577946782112122 0.9233211874961853 
vt 0.7515140771865845 0.9838222861289978 
vt 0.7575984001159668 0.9836769104003906 
vt 0.7637808918952942 0.9234302043914795 
vt 0.7635846138000488 0.9836042523384094 
vt 0.7691782712936401 0.9235392212867737 
vt 0.7689819931983948 0.9835678935050964 
vt 0.7746738195419312 0.9235755205154419 
vt 0.7744775414466858 0.9835678935050964 
vt 0.7797768115997314 0.9235755205154419 
vt 0.7794824242591858 0.9836042523384094 
vt 0.7857630252838135 0.9235028624534607 
vt 0.7855667471885681 0.9837496280670166 
vt 0.7913566827774048 0.9233938455581665 
vt 0.7910622358322144 0.9838586449623108 
vt 0.7977353930473328 0.9232485294342041 
vt 0.7974410057067871 0.9841129779815674 
vt 0.7515140771865845 0.9838222861289978 
vt 0.7575984001159668 0.9836769104003906 
vt 0.7526916861534119 0.9912713766098022 
vt 0.7584816217422485 0.9907262921333313 
vt 0.7635846138000488 0.9836042523384094 
vt 0.7642715573310852 0.9906899929046631 
vt 0.7689819931983948 0.9835678935050964 
vt 0.7693745493888855 0.9905446171760559 
vt 0.7744775414466858 0.9835678935050964 
vt 0.7744775414466858 0.9906172752380371 
vt 0.7794824242591858 0.9836042523384094 
vt 0.7791879773139954 0.9906536340713501 
vt 0.7855667471885681 0.9837496280670166 
vt 0.7848798036575317 0.9908716678619385 
vt 0.7910622358322144 0.9838586449623108 
vt 0.7902771830558777 0.9910897016525269 
vt 0.7974410057067871 0.9841129779815674 
vt 0.8049973249435425 0.9893091917037964 
vt 0.7492570281028748 0.8390920162200928 
vt 0.7558320164680481 0.8394917249679565 
vt 0.747883141040802 0.9022094011306763 
vt 0.7538692951202393 0.9025000929832458 
vt 0.7620144486427307 0.8397824168205261 
vt 0.759757399559021 0.9029724597930908 
vt 0.7680006623268127 0.8401457667350769 
vt 0.7654491662979126 0.9032995104789734 
vt 0.773594319820404 0.8404001593589783 
vt 0.7709447145462036 0.9036265015602112 
vt 0.7787954807281494 0.8406181931495667 
vt 0.7761458158493042 0.9039535522460938 
vt 0.7851741909980774 0.840799868106842 
vt 0.782524585723877 0.9043532609939575 
vt 0.790865957736969 0.8409451842308044 
vt 0.7882163524627686 0.9047166109085083 
vt 0.7978335022926331 0.8410178422927856 
vt 0.7950857877731323 0.9052980542182922 
vt 0.7412099838256836 0.9031904935836792 
vt 0.7416025400161743 0.8391283750534058 
vt 0.747883141040802 0.9022094011306763 
vt 0.7492570281028748 0.8390920162200928 
vt 0.6971476078033447 0.9835678935050964 
vt 0.6972457766532898 0.9231758117675781 
vt 0.7114752531051636 0.9836042523384094 
vt 0.7115733623504639 0.9231758117675781 
vt 0.7161856889724731 0.9836042523384094 
vt 0.7162838578224182 0.9231758117675781 
vt 0.7210924029350281 0.9836406111717224 
vt 0.7211905717849731 0.9231758117675781 
vt 0.7249196767807007 0.9836406111717224 
vt 0.725017786026001 0.9231758117675781 
vt 0.7291394472122192 0.9836769104003906 
vt 0.7293357253074646 0.9231758117675781 
vt 0.7335554957389832 0.9836769104003906 
vt 0.7336536049842834 0.9231758117675781 
vt 0.7386584877967834 0.9837132692337036 
vt 0.7388547658920288 0.9231758117675781 
vt 0.744350254535675 0.9837496280670166 
vt 0.7444484233856201 0.9231758117675781 
vt 0.7416025400161743 0.8391283750534058 
vt 0.7412099838256836 0.9031904935836792 
vt 0.7357144355773926 0.839164674282074 
vt 0.7354200482368469 0.903081476688385 
vt 0.730513334274292 0.839164674282074 
vt 0.7302189469337463 0.903045117855072 
vt 0.7256066203117371 0.839164674282074 
vt 0.7252140641212463 0.9029724597930908 
vt 0.7212886810302734 0.839164674282074 
vt 0.7208961844444275 0.9029361009597778 
vt 0.7173632979393005 0.839164674282074 
vt 0.7169708013534546 0.9028998017311096 
vt 0.7120640873908997 0.839164674282074 
vt 0.7117696404457092 0.9028634428977966 
vt 0.707255482673645 0.8391283750534058 
vt 0.7069610953330994 0.9028634428977966 
vt 0.6920446753501892 0.8390920162200928 
vt 0.6918483972549438 0.9027544260025024 
vt 0.008440416306257248 0.7503570318222046 
vt 0.04965686425566673 0.7510111331939697 
vt 0.002356083132326603 0.7553715705871582 
vt 0.04955872893333435 0.7569704055786133 
vt 0.089303158223629 0.7518105506896973 
vt 0.08920502662658691 0.757842481136322 
vt 0.12904758751392365 0.7526099681854248 
vt 0.12894946336746216 0.7586418986320496 
vt 0.1686938852071762 0.7534093856811523 
vt 0.16859576106071472 0.7594049572944641 
vt 0.20843832194805145 0.7542088031768799 
vt 0.20834018290042877 0.7602043747901917 
vt 0.24808461964130402 0.7549718618392944 
vt 0.24798648059368134 0.7610037922859192 
vt 0.28782904148101807 0.755771279335022 
vt 0.2877309322357178 0.7617668509483337 
vt 0.32747533917427063 0.7565706968307495 
vt 0.32737722992897034 0.7625662684440613 
vt 0.3672197759151459 0.757370114326477 
vt 0.3670235276222229 0.7633656859397888 
vt 0.40686607360839844 0.7581331729888916 
vt 0.40676793456077576 0.7641651034355164 
vt 0.446512371301651 0.7589325904846191 
vt 0.4464142322540283 0.7649282217025757 
vt 0.48625680804252625 0.7596956491470337 
vt 0.48615866899490356 0.7657275795936584 
vt 0.5259031057357788 0.760458767414093 
vt 0.5258049964904785 0.7664543390274048 
vt 0.565647542476654 0.7615125179290771 
vt 0.5648624897003174 0.7675808072090149 
vt 0.008440416306257248 0.7503570318222046 
vt 0.009519894607365131 0.6989402174949646 
vt 0.04965686425566673 0.7510111331939697 
vt 0.05063820630311966 0.7000666260719299 
vt 0.089303158223629 0.7518105506896973 
vt 0.0903826430439949 0.7007933855056763 
vt 0.12904758751392365 0.7526099681854248 
vt 0.13002893328666687 0.7015564441680908 
vt 0.1686938852071762 0.7534093856811523 
vt 0.16977337002754211 0.7023195624351501 
vt 0.20843832194805145 0.7542088031768799 
vt 0.20941966772079468 0.7031189799308777 
vt 0.24808461964130402 0.7549718618392944 
vt 0.24916410446166992 0.7039183974266052 
vt 0.28782904148101807 0.755771279335022 
vt 0.2888104021549225 0.704717755317688 
vt 0.32747533917427063 0.7565706968307495 
vt 0.32855483889579773 0.7054808735847473 
vt 0.3672197759151459 0.757370114326477 
vt 0.3682011365890503 0.7062802910804749 
vt 0.40686607360839844 0.7581331729888916 
vt 0.40784743428230286 0.7070797085762024 
vt 0.446512371301651 0.7589325904846191 
vt 0.4475918412208557 0.7078791260719299 
vt 0.48625680804252625 0.7596956491470337 
vt 0.4872381389141083 0.7086785435676575 
vt 0.5259031057357788 0.760458767414093 
vt 0.5269826054573059 0.7095142602920532 
vt 0.565647542476654 0.7615125179290771 
vt 0.5668251514434814 0.7101320028305054 
vt 0.5693766474723816 0.7785182595252991 
vt 0.5319874286651611 0.7781185507774353 
vt 0.5687878131866455 0.7728496789932251 
vt 0.5319874286651611 0.7724862694740295 
vt 0.49469637870788574 0.7775008082389832 
vt 0.49469637870788574 0.7718685865402222 
vt 0.45740529894828796 0.776919424533844 
vt 0.45740529894828796 0.7712871432304382 
vt 0.4201142191886902 0.7763380408287048 
vt 0.4201142191886902 0.7707057595252991 
vt 0.3828231394290924 0.7757929563522339 
vt 0.3828231394290924 0.7701607346534729 
vt 0.345532089471817 0.7752115726470947 
vt 0.345532089471817 0.7695793509483337 
vt 0.30824100971221924 0.7746664881706238 
vt 0.30824100971221924 0.7689979672431946 
vt 0.27094992995262146 0.7740851044654846 
vt 0.27094992995262146 0.7684528827667236 
vt 0.23365886509418488 0.7735400795936584 
vt 0.23365886509418488 0.7678714990615845 
vt 0.1963677853345871 0.7729586958885193 
vt 0.1963677853345871 0.7673264145851135 
vt 0.1590767204761505 0.7724136114120483 
vt 0.1590767204761505 0.7667450308799744 
vt 0.12178564816713333 0.7718322277069092 
vt 0.12178564816713333 0.7662000060081482 
vt 0.08449457585811615 0.7712871432304382 
vt 0.08449457585811615 0.7656549215316772 
vt 0.04720350354909897 0.7708147764205933 
vt 0.04720350354909897 0.7651825547218323 
vt 0.008538550697267056 0.7699427008628845 
vt 0.0031411584932357073 0.7650008797645569 
vt 0.012553691864013672 0.6891304850578308 
vt 0.012280499562621117 0.6293858885765076 
vt 0.02193329483270645 0.6890995502471924 
vt 0.021660102531313896 0.6293241381645203 
vt 0.03122183308005333 0.6890377998352051 
vt 0.030948640778660774 0.6292932629585266 
vt 0.04060143604874611 0.6890068650245667 
vt 0.040328241884708405 0.6292314529418945 
vt 0.04998103901743889 0.688975989818573 
vt 0.049707844853401184 0.6292005777359009 
vt 0.05926957726478577 0.6889142394065857 
vt 0.05899638310074806 0.6291696429252625 
vt 0.06864918023347855 0.6888833045959473 
vt 0.06837598234415054 0.6291078925132751 
vt 0.07802878320217133 0.68882155418396 
vt 0.07775558531284332 0.6290770173072815 
vt 0.0873173177242279 0.6887906193733215 
vt 0.0870441272854805 0.6290152072906494 
vt 0.09669692069292068 0.6887597441673279 
vt 0.09642373025417328 0.6289843320846558 
vt 0.10607652366161346 0.6886979937553406 
vt 0.10580333322286606 0.6289533972740173 
vt 0.11536505818367004 0.6886670589447021 
vt 0.11509186774492264 0.62889164686203 
vt 0.12474466115236282 0.6886053085327148 
vt 0.12447147071361542 0.6288607716560364 
vt 0.1341242641210556 0.6885744333267212 
vt 0.1338510662317276 0.6287989616394043 
vt 0.14341279864311218 0.6885434985160828 
vt 0.14313961565494537 0.6287680864334106 
vt 0.15279240906238556 0.6884817481040955 
vt 0.15251921117305756 0.628737211227417 
vt 0.16217200458049774 0.688450813293457 
vt 0.16189882159233093 0.6286754012107849 
vt 0.17146055400371552 0.6883890628814697 
vt 0.1711873561143875 0.6286445260047913 
vt 0.1808401495218277 0.6883581876754761 
vt 0.1805669516324997 0.6285827159881592 
vt 0.19021974503993988 0.6883272528648376 
vt 0.18994656205177307 0.6285518407821655 
vt 0.19950829446315765 0.6882655024528503 
vt 0.19923509657382965 0.6285209655761719 
vt 0.75791335105896 0.5411592125892639 
vt 0.7306851744651794 0.5408194065093994 
vt 0.7581865191459656 0.5182066559791565 
vt 0.7310494184494019 0.517866849899292 
vt 0.7576401829719543 0.5641117691993713 
vt 0.7304120063781738 0.5638028383255005 
vt 0.75791335105896 0.5411592125892639 
vt 0.7306851744651794 0.5408194065093994 
vt 0.757366955280304 0.5870951414108276 
vt 0.7301387786865234 0.5867553353309631 
vt 0.7576401829719543 0.5641117691993713 
vt 0.7304120063781738 0.5638028383255005 
vt 0.7570937871932983 0.6100476980209351 
vt 0.7298656105995178 0.6097387671470642 
vt 0.757366955280304 0.5870951414108276 
vt 0.7301387786865234 0.5867553353309631 
vt 0.756820559501648 0.6330311298370361 
vt 0.7295924425125122 0.6326913237571716 
vt 0.7570937871932983 0.6100476980209351 
vt 0.7298656105995178 0.6097387671470642 
vt 0.7295924425125122 0.6326913237571716 
vt 0.756820559501648 0.6330311298370361 
vt 0.7293192148208618 0.655643880367279 
vt 0.7565473914146423 0.6559836864471436 
vt 0.2744540572166443 0.5920378565788269 
vt 0.27245062589645386 0.5878983736038208 
vt 0.2853817343711853 0.5870025157928467 
vt 0.28310513496398926 0.5829556584358215 
vt 0.2955809235572815 0.5802990198135376 
vt 0.29275792837142944 0.5766846537590027 
vt 0.30459627509117126 0.5721126794815063 
vt 0.30131796002388 0.5689926147460938 
vt 0.3123367130756378 0.5626598596572876 
vt 0.30851203203201294 0.5600649118423462 
vt 0.31843799352645874 0.5521257519721985 
vt 0.31434011459350586 0.5501487255096436 
vt 0.3228090703487396 0.5407575964927673 
vt 0.31843799352645874 0.5394293069839478 
vt 0.32544994354248047 0.5288334488868713 
vt 0.3208967447280884 0.5282155871391296 
vt 0.3260873854160309 0.5166311860084534 
vt 0.3215341866016388 0.5167547464370728 
vt 0.32490354776382446 0.5044907927513123 
vt 0.32044142484664917 0.5053248405456543 
vt 0.3218073844909668 0.49269014596939087 
vt 0.3175273537635803 0.4942038357257843 
vt 0.3168899118900299 0.48153823614120483 
vt 0.3128831088542938 0.4837006628513336 
vt 0.3103333115577698 0.47125130891799927 
vt 0.3066907227039337 0.474031537771225 
vt 0.3022285997867584 0.46213823556900024 
vt 0.29904136061668396 0.4654436707496643 
vt 0.29275792837142944 0.45441532135009766 
vt 0.2902081310749054 0.45815321803092957 
vt 0.28228557109832764 0.44823697209358215 
vt 0.2802821397781372 0.4523455798625946 
vt 0.270902544260025 0.4437885880470276 
vt 0.2695365846157074 0.44817519187927246 
vt 0.2589731514453888 0.4411627948284149 
vt 0.2583357095718384 0.4456729590892792 
vt 0.24686162173748016 0.44042137265205383 
vt 0.24686162173748016 0.44499334692955017 
vt 0.23465903103351593 0.44153347611427307 
vt 0.23538754880428314 0.4460436701774597 
vt 0.2230028212070465 0.4444682002067566 
vt 0.22409559786319733 0.44885480403900146 
vt 0.2754557430744171 0.5960228443145752 
vt 0.2744540572166443 0.5920378565788269 
vt 0.28738513588905334 0.5906476974487305 
vt 0.2853817343711853 0.5870025157928467 
vt 0.29803964495658875 0.5836043953895569 
vt 0.2955809235572815 0.5802990198135376 
vt 0.30760136246681213 0.5749856233596802 
vt 0.30459627509117126 0.5721126794815063 
vt 0.3157060742378235 0.5650385022163391 
vt 0.3123367130756378 0.5626598596572876 
vt 0.3221716284751892 0.5539174675941467 
vt 0.31843799352645874 0.5521257519721985 
vt 0.3268159031867981 0.5419623851776123 
vt 0.3228090703487396 0.5407575964927673 
vt 0.32954782247543335 0.529389500617981 
vt 0.32544994354248047 0.5288334488868713 
vt 0.33027634024620056 0.5165694355964661 
vt 0.3260873854160309 0.5166311860084534 
vt 0.32900142669677734 0.5037802457809448 
vt 0.32490354776382446 0.5044907927513123 
vt 0.32572314143180847 0.4913617968559265 
vt 0.3218073844909668 0.49269014596939087 
vt 0.3205324709415436 0.47959205508232117 
vt 0.3168899118900299 0.48153823614120483 
vt 0.31361159682273865 0.468749076128006 
vt 0.3103333115577698 0.47125130891799927 
vt 0.3051426410675049 0.45917263627052307 
vt 0.3022285997867584 0.46213823556900024 
vt 0.2951256036758423 0.45101723074913025 
vt 0.29275792837142944 0.45441532135009766 
vt 0.2841068506240845 0.44449907541275024 
vt 0.28228557109832764 0.44823697209358215 
vt 0.27208638191223145 0.4398035407066345 
vt 0.270902544260025 0.4437885880470276 
vt 0.2596105933189392 0.43705418705940247 
vt 0.2589731514453888 0.4411627948284149 
vt 0.24677056074142456 0.4362510144710541 
vt 0.24686162173748016 0.44042137265205383 
vt 0.23393051326274872 0.437424898147583 
vt 0.23465903103351593 0.44153347611427307 
vt 0.22136367857456207 0.440668523311615 
vt 0.2230028212070465 0.4444682002067566 
vt 0.30805668234825134 0.5462563633918762 
vt 0.30951371788978577 0.5462563633918762 
vt 0.3068728744983673 0.5539174675941467 
vt 0.30823883414268494 0.554349958896637 
vt 0.30332136154174805 0.5608372092247009 
vt 0.30450519919395447 0.5616713166236877 
vt 0.29785752296447754 0.5663359761238098 
vt 0.29876816272735596 0.5675098299980164 
vt 0.2910277247428894 0.5698884725570679 
vt 0.2914830446243286 0.5712786316871643 
vt 0.28337833285331726 0.5711241364479065 
vt 0.28337833285331726 0.5726069808006287 
vt 0.2757289409637451 0.5699502825737 
vt 0.2752736210823059 0.5713403820991516 
vt 0.2688080668449402 0.5664595365524292 
vt 0.26789742708206177 0.5676642656326294 
vt 0.2632531523704529 0.5610225796699524 
vt 0.26206931471824646 0.5618875622749329 
vt 0.259701669216156 0.5541337132453918 
vt 0.2583357095718384 0.5545970797538757 
vt 0.2585178315639496 0.5464726090431213 
vt 0.25706079602241516 0.546503484249115 
vt 0.259701669216156 0.538811445236206 
vt 0.2582446336746216 0.5383789539337158 
vt 0.26316210627555847 0.5318917036056519 
vt 0.26197826862335205 0.5310576558113098 
vt 0.268625944852829 0.5263929963111877 
vt 0.26771530508995056 0.5252190828323364 
vt 0.2754557430744171 0.5228404402732849 
vt 0.2750004231929779 0.5214812159538269 
vt 0.28310513496398926 0.5216047763824463 
vt 0.28310513496398926 0.5201528668403625 
vt 0.2907545268535614 0.5227786302566528 
vt 0.2912098467350006 0.5213885307312012 
vt 0.29767540097236633 0.5262694358825684 
vt 0.29858604073524475 0.525095522403717 
vt 0.30323028564453125 0.5317372679710388 
vt 0.30441412329673767 0.5308722853660583 
vt 0.3067817986011505 0.5386260747909546 
vt 0.30814775824546814 0.5381627082824707 
vt 0.2892064154148102 0.4705098867416382 
vt 0.28802260756492615 0.4718691408634186 
vt 0.28274089097976685 0.4664321839809418 
vt 0.28201237320899963 0.468069463968277 
vt 0.2752736210823059 0.4645477831363678 
vt 0.2750914990901947 0.4663395285606384 
vt 0.26753318309783936 0.46507295966148376 
vt 0.26798850297927856 0.46683377027511597 
vt 0.2604301869869232 0.4679458737373352 
vt 0.26134082674980164 0.4694904685020447 
vt 0.2545109987258911 0.4728885591030121 
vt 0.25587695837020874 0.474062442779541 
vt 0.25041311979293823 0.4794067144393921 
vt 0.25205227732658386 0.48011720180511475 
vt 0.2485007792711258 0.4868825078010559 
vt 0.25032204389572144 0.48703694343566895 
vt 0.2490471601486206 0.49457451701164246 
vt 0.25077736377716064 0.4941420555114746 
vt 0.25187015533447266 0.5017105340957642 
vt 0.2534182369709015 0.5007837414741516 
vt 0.25687867403030396 0.5076107978820801 
vt 0.2580625116825104 0.5062515735626221 
vt 0.2633442282676697 0.5117194056510925 
vt 0.2640727460384369 0.5100512504577637 
vt 0.2708114683628082 0.5136038064956665 
vt 0.2709936201572418 0.5118120908737183 
vt 0.27855193614959717 0.5130786299705505 
vt 0.27809661626815796 0.5113178491592407 
vt 0.2856549322605133 0.5102057456970215 
vt 0.2847442924976349 0.508661150932312 
vt 0.291574090719223 0.5052630305290222 
vt 0.2902081310749054 0.5040891766548157 
vt 0.2956719696521759 0.4987449049949646 
vt 0.2940328121185303 0.49803438782691956 
vt 0.29758432507514954 0.4912691116333008 
vt 0.2957630455493927 0.49111464619636536 
vt 0.29703792929649353 0.48357707262039185 
vt 0.2953077256679535 0.4839786887168884 
vt 0.29421496391296387 0.4764411151409149 
vt 0.29266685247421265 0.4773678481578827 
vt 0.16308264434337616 0.561053454875946 
vt 0.15670816600322723 0.5914199948310852 
vt 0.1336689442396164 0.5707534551620483 
vt 0.12729445099830627 0.6010891199111938 
vt 0.10416417568922043 0.580422580242157 
vt 0.11053866147994995 0.5500560402870178 
vt 0.13995236158370972 0.5403869152069092 
vt 0.27809661626815796 0.5113178491592407 
vt 0.2754557430744171 0.49973344802856445 
vt 0.2847442924976349 0.508661150932312 
vt 0.2786429822444916 0.4984668791294098 
vt 0.2902081310749054 0.5040891766548157 
vt 0.2812838554382324 0.49627357721328735 
vt 0.2940328121185303 0.49803438782691956 
vt 0.28310513496398926 0.4933697581291199 
vt 0.2957630455493927 0.49111464619636536 
vt 0.2839246988296509 0.4900643527507782 
vt 0.2953077256679535 0.4839786887168884 
vt 0.2837425768375397 0.48663535714149475 
vt 0.29266685247421265 0.4773678481578827 
vt 0.28246769309043884 0.48345351219177246 
vt 0.28802260756492615 0.4718691408634186 
vt 0.2802821397781372 0.4808277189731598 
vt 0.28201237320899963 0.468069463968277 
vt 0.27736809849739075 0.4790050983428955 
vt 0.2750914990901947 0.4663395285606384 
vt 0.2739987373352051 0.47817105054855347 
vt 0.26798850297927856 0.46683377027511597 
vt 0.270629346370697 0.4783872663974762 
vt 0.26134082674980164 0.4694904685020447 
vt 0.26744210720062256 0.4796847403049469 
vt 0.25587695837020874 0.474062442779541 
vt 0.2648012638092041 0.48187804222106934 
vt 0.25205227732658386 0.48011720180511475 
vt 0.2629799544811249 0.4847818613052368 
vt 0.25032204389572144 0.48703694343566895 
vt 0.26216039061546326 0.4880872666835785 
vt 0.25077736377716064 0.4941420555114746 
vt 0.26234251260757446 0.49151626229286194 
vt 0.2534182369709015 0.5007837414741516 
vt 0.2636174261569977 0.49469810724258423 
vt 0.2580625116825104 0.5062515735626221 
vt 0.26580294966697693 0.4973239004611969 
vt 0.2640727460384369 0.5100512504577637 
vt 0.2687169909477234 0.4991464912891388 
vt 0.2709936201572418 0.5118120908737183 
vt 0.27208638191223145 0.4999805688858032 
vt 0.28847792744636536 0.5301926732063293 
vt 0.2907545268535614 0.5227786302566528 
vt 0.29321324825286865 0.5326021909713745 
vt 0.29767540097236633 0.5262694358825684 
vt 0.2969468832015991 0.5363401174545288 
vt 0.30323028564453125 0.5317372679710388 
vt 0.29940560460090637 0.5410665273666382 
vt 0.3067817986011505 0.5386260747909546 
vt 0.3002251982688904 0.5462872385978699 
vt 0.30805668234825134 0.5462563633918762 
vt 0.29940560460090637 0.5515697002410889 
vt 0.3068728744983673 0.5539174675941467 
vt 0.29703792929649353 0.556296169757843 
vt 0.30332136154174805 0.5608372092247009 
vt 0.29330432415008545 0.5600649118423462 
vt 0.29785752296447754 0.5663359761238098 
vt 0.28856897354125977 0.5625053644180298 
vt 0.2910277247428894 0.5698884725570679 
vt 0.28328725695610046 0.5633703470230103 
vt 0.28337833285331726 0.5711241364479065 
vt 0.27809661626815796 0.5625362992286682 
vt 0.2757289409637451 0.5699502825737 
vt 0.2733612656593323 0.5601575970649719 
vt 0.2688080668449402 0.5664595365524292 
vt 0.2695365846157074 0.5564197301864624 
vt 0.2632531523704529 0.5610225796699524 
vt 0.26707786321640015 0.5516932606697083 
vt 0.259701669216156 0.5541337132453918 
vt 0.26625826954841614 0.5464416742324829 
vt 0.2585178315639496 0.5464726090431213 
vt 0.26707786321640015 0.5411900877952576 
vt 0.259701669216156 0.538811445236206 
vt 0.2694455087184906 0.5364328026771545 
vt 0.26316210627555847 0.5318917036056519 
vt 0.27317914366722107 0.5326640009880066 
vt 0.268625944852829 0.5263929963111877 
vt 0.27791449427604675 0.530223548412323 
vt 0.2754557430744171 0.5228404402732849 
vt 0.28319621086120605 0.529389500617981 
vt 0.28310513496398926 0.5216047763824463 
vt 0.22910411655902863 0.6311776041984558 
vt 0.26270678639411926 0.6309922933578491 
vt 0.24604204297065735 0.6601540446281433 
vt 0.2796446979045868 0.6599377989768982 
vt 0.2629799544811249 0.6890995502471924 
vt 0.22946837544441223 0.6892849206924438 
vt 0.2125304490327835 0.6603394150733948 
vt 0.9674831032752991 0.013562132604420185 
vt 0.9657646417617798 0.02200857363641262 
vt 0.9598349928855896 0.011983358301222324 
vt 0.9580976366996765 0.020508738234639168 
vt 0.9521680474281311 0.010009891353547573 
vt 0.9505251049995422 0.0183773934841156 
vt 0.9442178010940552 0.008036423474550247 
vt 0.9428392052650452 0.016167109832167625 
vt 0.935965359210968 0.006615526974201202 
vt 0.9350022673606873 0.014588335528969765 
vt 0.927656352519989 0.005984017625451088 
vt 0.9270142912864685 0.0141936419531703 
vt 0.9195739030838013 0.005984017625451088 
vt 0.9190828800201416 0.014430458657443523 
vt 0.911680281162262 0.005826139822602272 
vt 0.9111893177032471 0.014588335528969765 
vt 0.9261267185211182 0.02287689968943596 
vt 0.9338503479957581 0.023508409038186073 
vt 0.9415362477302551 0.024692488834261894 
vt 0.9491087794303894 0.02642914094030857 
vt 0.947975754737854 0.03463876619935036 
vt 0.9567191004753113 0.028244730085134506 
vt 0.9556238055229187 0.0360596626996994 
vt 0.9633852243423462 0.037164803594350815 
vt 0.9546229839324951 0.04395353049039841 
vt 0.9623655080795288 0.04497973620891571 
vt 0.9615345597267151 0.05279466509819031 
vt 0.9644427299499512 0.029586689546704292 
vt 0.9796634316444397 0.5913144946098328 
vt 0.988746702671051 0.6347307562828064 
vt 0.9621766209602356 0.5949456691741943 
vt 0.969352662563324 0.6398617625236511 
vt 0.9450109004974365 0.5973138213157654 
vt 0.9491087794303894 0.6425457000732422 
vt 0.9282795190811157 0.5982610583305359 
vt 0.9288082718849182 0.6435719132423401 
vt 0.9115103483200073 0.5976295471191406 
vt 0.9084699749946594 0.6428614258766174 
vt 0.8943068385124207 0.5956560969352722 
vt 0.888075053691864 0.640730082988739 
vt 0.8767445087432861 0.5923407077789307 
vt 0.8680200576782227 0.6372568011283875 
vt 0.8589178323745728 0.5883148312568665 
vt 0.8488714694976807 0.6319679021835327 
vt 0.9698625206947327 0.6413615942001343 
vt 0.9493542909622192 0.6439666152000427 
vt 0.928827166557312 0.6449138522148132 
vt 0.9082622528076172 0.6442034244537354 
vt 0.8876785039901733 0.6421509981155396 
vt 0.8676989674568176 0.6385987401008606 
vt 0.8482294082641602 0.6330730319023132 
vt 0.9498075246810913 0.6452296376228333 
vt 0.928827166557312 0.6461768746376038 
vt 0.9078468084335327 0.6454664468765259 
vt 0.8869231343269348 0.6432561278343201 
vt 0.8673968315124512 0.6400196552276611 
vt 0.8472663164138794 0.6340992450714111 
vt 0.9489576816558838 0.6490186452865601 
vt 0.9286949634552002 0.6497291326522827 
vt 0.9084322452545166 0.6492554545402527 
vt 0.887961745262146 0.6472030878067017 
vt 0.8665659427642822 0.6434929370880127 
vt 0.8446035981178284 0.6368620991706848 
vt 0.9286949634552002 0.6510710716247559 
vt 0.9080356359481812 0.6504395604133606 
vt 0.8873007893562317 0.6483871340751648 
vt 0.8662827014923096 0.6447559595108032 
vt 0.8436594009399414 0.6379672288894653 
vt 0.9078279137611389 0.6518604755401611 
vt 0.8869419693946838 0.6497291326522827 
vt 0.8659616708755493 0.6460979580879211 
vt 0.8430740237236023 0.6392302513122559 
vt 0.928713858127594 0.652413010597229 
vt 0.949373185634613 0.650202751159668 
vt 0.9495997428894043 0.6516236662864685 
vt 0.9707311987876892 0.6477556228637695 
vt 0.9712221622467041 0.6491765379905701 
vt 0.9939587712287903 0.640730082988739 
vt 0.9945630431175232 0.6419931054115295 
vt 0.9699569344520569 0.6467294692993164 
vt 0.9929956793785095 0.6396249532699585 
vt 0.970750093460083 0.6424667835235596 
vt 0.9902197122573853 0.6368620991706848 
vt 0.9893132448196411 0.6358358860015869 
vt 0.910622775554657 0.02248220518231392 
vt 0.9184030890464783 0.022719021886587143 
vt 0.909791886806488 0.03053395263850689 
vt 0.9174211025238037 0.031086523085832596 
vt 0.9164391160011292 0.03945402801036835 
vt 0.924049437046051 0.040006596595048904 
vt 0.9231052398681641 0.04853197559714317 
vt 0.9317730665206909 0.040795985609292984 
vt 0.9308477640151978 0.049242425709962845 
vt 0.9394778609275818 0.04174324870109558 
vt 0.9385902881622314 0.050110749900341034 
vt 0.9460684061050415 0.05097907781600952 
vt 0.9377027153968811 0.05839931592345238 
vt 0.9453319311141968 0.05910976231098175 
vt 0.9445199370384216 0.06731938570737839 
vt 0.9521491527557373 0.06795089691877365 
vt 0.951488196849823 0.07608158141374588 
vt 0.9599671959877014 0.06866134703159332 
vt 0.9592873454093933 0.07655521482229233 
vt 0.925088107585907 0.031481217592954636 
vt 0.9327928423881531 0.03219166398048401 
vt 0.9404220581054688 0.03321786969900131 
vt 0.9470503926277161 0.042769450694322586 
vt 0.9537732005119324 0.05192634090781212 
vt 0.9529422521591187 0.05989915132522583 
vt 0.9607036709785461 0.06068853661417961 
vt 0.9589096903800964 0.08452802151441574 
vt 0.9510916471481323 0.0841333270072937 
vt 0.9433491230010986 0.08365970104932785 
vt 0.9507894515991211 0.09226401895284653 
vt 0.9431602358818054 0.09186932444572449 
vt 0.9505251049995422 0.10039470344781876 
vt 0.942858099937439 0.10000000894069672 
vt 0.9503740072250366 0.10852538794279099 
vt 0.9426692724227905 0.10820963233709335 
vt 0.9502984881401062 0.12462888658046722 
vt 0.9425748586654663 0.12454994767904282 
vt 0.9504495859146118 0.14089025557041168 
vt 0.9426881670951843 0.1409691870212555 
vt 0.9507894515991211 0.15723057091236115 
vt 0.9429903030395508 0.15738844871520996 
vt 0.9511671662330627 0.17372874915599823 
vt 0.9433302283287048 0.17388662695884705 
vt 0.9515448212623596 0.1903058886528015 
vt 0.9437078833580017 0.19046376645565033 
vt 0.9519036412239075 0.20696194469928741 
vt 0.9440667033195496 0.20711982250213623 
vt 0.9522057771682739 0.2236180156469345 
vt 0.944368839263916 0.22377589344978333 
vt 0.9524701833724976 0.24035301804542542 
vt 0.9446332454681396 0.24051089584827423 
vt 0.9527345299720764 0.2570880353450775 
vt 0.9448975920677185 0.25724589824676514 
vt 0.9529611468315125 0.2738230228424072 
vt 0.9451242089271545 0.27390196919441223 
vt 0.9531122446060181 0.2905580401420593 
vt 0.9452753067016602 0.29063695669174194 
vt 0.9531877636909485 0.30737197399139404 
vt 0.9453319311141968 0.30737197399139404 
vt 0.9531688690185547 0.32418590784072876 
vt 0.9453319311141968 0.32418590784072876 
vt 0.9530933499336243 0.34092092514038086 
vt 0.9452375173568726 0.34092092514038086 
vt 0.9529234170913696 0.3577348589897156 
vt 0.9450864195823669 0.35765591263771057 
vt 0.9526779055595398 0.3744698762893677 
vt 0.9448598623275757 0.37439092993736267 
vt 0.9523001909255981 0.39112594723701477 
vt 0.9445388317108154 0.39112594723701477 
vt 0.9518092274665833 0.40770307183265686 
vt 0.9441233277320862 0.4079398810863495 
vt 0.9520169496536255 0.4239644408226013 
vt 0.9441989064216614 0.42499062418937683 
vt 0.9783226251602173 0.5824733376502991 
vt 0.95860755443573 0.5851572751998901 
vt 0.9370417594909668 0.25732484459877014 
vt 0.9367774128913879 0.24066877365112305 
vt 0.9364941120147705 0.22393377125263214 
vt 0.9361730813980103 0.20727770030498505 
vt 0.9358143210411072 0.19062162935733795 
vt 0.9354555010795593 0.17404450476169586 
vt 0.9351533651351929 0.15746738016605377 
vt 0.9350022673606873 0.1409691870212555 
vt 0.9348889589309692 0.124392069876194 
vt 0.9271275997161865 0.12431313097476959 
vt 0.9272409081459045 0.10757812112569809 
vt 0.9195550084114075 0.10749918222427368 
vt 0.9274863600730896 0.09928955882787704 
vt 0.9197249412536621 0.09913168102502823 
vt 0.9277507662773132 0.091000996530056 
vt 0.9200082421302795 0.09068524092435837 
vt 0.9282039999961853 0.08263349533081055 
vt 0.9204614758491516 0.08231773972511292 
vt 0.9286949634552002 0.0743449330329895 
vt 0.9210090637207031 0.07387129962444305 
vt 0.9293181300163269 0.06605637073516846 
vt 0.9216133952140808 0.0654248595237732 
vt 0.9299790859222412 0.057688865810632706 
vt 0.9222932457923889 0.05697841942310333 
vt 0.9272031188011169 0.1409691870212555 
vt 0.9273353219032288 0.15754632651805878 
vt 0.9276185631752014 0.17420238256454468 
vt 0.9279584884643555 0.19077950716018677 
vt 0.9283173084259033 0.20743557810783386 
vt 0.9286571741104126 0.22409164905548096 
vt 0.9289593696594238 0.24074770510196686 
vt 0.9292048215866089 0.25740379095077515 
vt 0.937249481678009 0.27405983209609985 
vt 0.9294125437736511 0.27413877844810486 
vt 0.9374005794525146 0.29071590304374695 
vt 0.9295636415481567 0.29079484939575195 
vt 0.9374760985374451 0.30745092034339905 
vt 0.9296202659606934 0.30745092034339905 
vt 0.9374572038650513 0.32410699129104614 
vt 0.9296202659606934 0.32410699129104614 
vt 0.9373816847801208 0.34084197878837585 
vt 0.9295447468757629 0.34084197878837585 
vt 0.93723064661026 0.35757699608802795 
vt 0.9294125437736511 0.35749804973602295 
vt 0.9370417594909668 0.37431198358535767 
vt 0.9292426109313965 0.37423306703567505 
vt 0.9367585182189941 0.39104700088500977 
vt 0.929053783416748 0.39096805453300476 
vt 0.9364374876022339 0.4080977439880371 
vt 0.928827166557312 0.4079398810863495 
vt 0.9362863898277283 0.4255432188510895 
vt 0.9283739328384399 0.4254642724990845 
vt 0.9387413859367371 0.5866571068763733 
vt 0.9188940525054932 0.5864202976226807 
vt 0.9585697650909424 0.09250083565711975 
vt 0.9583620429039001 0.10055258125066757 
vt 0.9581921100616455 0.10852538794279099 
vt 0.9581165313720703 0.12454994767904282 
vt 0.9582865238189697 0.14073237776756287 
vt 0.95860755443573 0.15707269310951233 
vt 0.9589663147926331 0.1734919399023056 
vt 0.9593629240989685 0.1900690644979477 
vt 0.9597216844558716 0.2068040668964386 
vt 0.9600238800048828 0.2234601378440857 
vt 0.9602882266044617 0.2401951402425766 
vt 0.9605526328086853 0.2570090889930725 
vt 0.9607791900634766 0.2737440764904022 
vt 0.9609302878379822 0.2905580401420593 
vt 0.9610058069229126 0.30737197399139404 
vt 0.9609869718551636 0.32418590784072876 
vt 0.9609113931655884 0.34099987149238586 
vt 0.9607414603233337 0.3578138053417206 
vt 0.9604959487915039 0.3746277391910553 
vt 0.9600993990898132 0.3912838101387024 
vt 0.9596272706985474 0.40754517912864685 
vt 0.9597027897834778 0.4226224720478058 
vt 0.9977544546127319 0.5785264372825623 
vt 0.9350400567054749 0.10781493782997131 
vt 0.9352477788925171 0.09960531443357468 
vt 0.9355121850967407 0.09139569103717804 
vt 0.935946524143219 0.0831860676407814 
vt 0.9363996982574463 0.07489750534296036 
vt 0.9439345002174377 0.07545007020235062 
vt 0.9369662404060364 0.06668787449598312 
vt 0.9087910056114197 0.038822516798973083 
vt 0.915532648563385 0.04790046811103821 
vt 0.9079034328460693 0.047190017998218536 
vt 0.9147584438323975 0.05642584711313248 
vt 0.9071292281150818 0.055715397000312805 
vt 0.9140785932540894 0.06495122611522675 
vt 0.9064682722091675 0.06439865380525589 
vt 0.9134931564331055 0.07347660511732101 
vt 0.9058639407157898 0.07308191061019897 
vt 0.912945568561554 0.08200198411941528 
vt 0.9053163528442383 0.08168622851371765 
vt 0.9124734401702881 0.09052736312150955 
vt 0.9048253297805786 0.09036948531866074 
vt 0.912133514881134 0.09905274212360382 
vt 0.9044854044914246 0.09905274212360382 
vt 0.9119824171066284 0.10757812112569809 
vt 0.9042965769767761 0.1077359989285469 
vt 0.9116991758346558 0.124392069876194 
vt 0.9039566516876221 0.124392069876194 
vt 0.9115292429924011 0.1411270648241043 
vt 0.9037489295005798 0.14120601117610931 
vt 0.911680281162262 0.1577831357717514 
vt 0.903843343257904 0.15794101357460022 
vt 0.9119257926940918 0.1744392067193985 
vt 0.9040888547897339 0.17467601597309113 
vt 0.912246823310852 0.1910952627658844 
vt 0.9043909907341003 0.19133208692073822 
vt 0.9125867486000061 0.2077513337135315 
vt 0.9047309160232544 0.2079092115163803 
vt 0.912945568561554 0.2244074046611786 
vt 0.9050897359848022 0.2245652824640274 
vt 0.9132665991783142 0.2410634607076645 
vt 0.9054296016693115 0.2411424070596695 
vt 0.9135120511054993 0.2576406002044678 
vt 0.9056751132011414 0.2577984631061554 
vt 0.9137008786201477 0.27429667115211487 
vt 0.9058451056480408 0.2743755877017975 
vt 0.9138330817222595 0.29087379574775696 
vt 0.9059961438179016 0.29087379574775696 
vt 0.9139086604118347 0.30745092034339905 
vt 0.906071662902832 0.30745092034339905 
vt 0.9139086604118347 0.32410699129104614 
vt 0.906071662902832 0.32402804493904114 
vt 0.9138519763946533 0.34068411588668823 
vt 0.9059961438179016 0.34068411588668823 
vt 0.9137386679649353 0.35734015703201294 
vt 0.9059017300605774 0.35734015703201294 
vt 0.9136253595352173 0.37399622797966003 
vt 0.9057884216308594 0.3739173114299774 
vt 0.9135876297950745 0.3905733525753021 
vt 0.9057506322860718 0.3904944360256195 
vt 0.9135687351226807 0.4070715606212616 
vt 0.9057506322860718 0.40659791231155396 
vt 0.9127000570297241 0.42333292961120605 
vt 0.9050897359848022 0.42143839597702026 
vt 0.8796149492263794 0.5804998874664307 
vt 0.8603530526161194 0.5755267143249512 
vt 0.919366180896759 0.12431313097476959 
vt 0.9193850755691528 0.1410481333732605 
vt 0.919479489326477 0.1577042043209076 
vt 0.9197816252708435 0.1743602603673935 
vt 0.9201026558876038 0.19093738496303558 
vt 0.9204614758491516 0.20759345591068268 
vt 0.9208202362060547 0.22424952685832977 
vt 0.9211223721504211 0.24090558290481567 
vt 0.9213867783546448 0.25756165385246277 
vt 0.9215756058692932 0.27421772480010986 
vt 0.921707808971405 0.29079484939575195 
vt 0.9217833280563354 0.30745092034339905 
vt 0.9217833280563354 0.32410699129104614 
vt 0.921707808971405 0.34076303243637085 
vt 0.921594500541687 0.35741910338401794 
vt 0.9214622974395752 0.37407517433166504 
vt 0.9213489890098572 0.39081019163131714 
vt 0.9212356805801392 0.40762412548065186 
vt 0.9204992055892944 0.4247538149356842 
vt 0.8991789817810059 0.5842889547348022 
vt 0.48949408531188965 0.6524168848991394 
vt 0.4874667227268219 0.6960147619247437 
vt 0.4838503301143646 0.6521567702293396 
vt 0.4817681610584259 0.6957546472549438 
vt 0.4782065749168396 0.6518966555595398 
vt 0.4761244058609009 0.695494532585144 
vt 0.4725628197193146 0.65163654088974 
vt 0.47048068046569824 0.6952344179153442 
vt 0.46691906452178955 0.6513763666152954 
vt 0.4648369252681732 0.6949222087860107 
vt 0.4612753391265869 0.6511162519454956 
vt 0.4591931700706482 0.6946620941162109 
vt 0.4555767774581909 0.6508561372756958 
vt 0.45354941487312317 0.6944019794464111 
vt 0.4499330222606659 0.6505439877510071 
vt 0.44790565967559814 0.6941418647766113 
vt 0.44428926706314087 0.6502838134765625 
vt 0.4422619044780731 0.6938816905021667 
vt 0.43864554166793823 0.6500236988067627 
vt 0.4365633726119995 0.6936215758323669 
vt 0.4330017864704132 0.6497635841369629 
vt 0.4309196174144745 0.6933614611625671 
vt 0.4273580312728882 0.6495034694671631 
vt 0.42527586221694946 0.6930493116378784 
vt 0.42171427607536316 0.6492432951927185 
vt 0.41963210701942444 0.6927891373634338 
vt 0.41607052087783813 0.6489831805229187 
vt 0.4139883518218994 0.692529022693634 
vt 0.4104267656803131 0.64867103099823 
vt 0.4083445966243744 0.6922689080238342 
vt 0.4047282338142395 0.6484109163284302 
vt 0.40270087122917175 0.6920087933540344 
vt 0.3990844786167145 0.6481508016586304 
vt 0.39705711603164673 0.6917486190795898 
vt 0.39344072341918945 0.6478906273841858 
vt 0.3914133608341217 0.69148850440979 
vt 0.38779696822166443 0.647630512714386 
vt 0.3857147991657257 0.6912283897399902 
vt 0.3821532130241394 0.6473703980445862 
vt 0.38007107377052307 0.6909162402153015 
vt 0.3765094578266144 0.6471102237701416 
vt 0.37442731857299805 0.6906561255455017 
vt 0.4422619044780731 0.28209513425827026 
vt 0.4446180462837219 0.28017017245292664 
vt 0.448782354593277 0.2939050495624542 
vt 0.4513576626777649 0.2925523817539215 
vt 0.45475488901138306 0.306339293718338 
vt 0.4574397802352905 0.30514270067214966 
vt 0.46028903126716614 0.3189816474914551 
vt 0.4630287289619446 0.31788909435272217 
vt 0.46522048115730286 0.3317800462245941 
vt 0.4680149555206299 0.33079156279563904 
vt 0.4694395959377289 0.3447345495223999 
vt 0.4722888469696045 0.3439021408557892 
vt 0.47289159893989563 0.35784512758255005 
vt 0.4757956564426422 0.3572208285331726 
vt 0.47552168369293213 0.37111178040504456 
vt 0.4784257411956787 0.3706435561180115 
vt 0.4772202968597412 0.3844825029373169 
vt 0.4801243543624878 0.3842223584651947 
vt 0.4779326021671295 0.39785319566726685 
vt 0.48089146614074707 0.3978011906147003 
vt 0.4777134358882904 0.4112759530544281 
vt 0.48067229986190796 0.41143202781677246 
vt 0.4765079617500305 0.42464664578437805 
vt 0.4794120490550995 0.4250108301639557 
vt 0.47431623935699463 0.43786126375198364 
vt 0.4772202968597412 0.43848559260368347 
vt 0.47119298577308655 0.4509718418121338 
vt 0.47404226660728455 0.451752245426178 
vt 0.46719303727149963 0.46387434005737305 
vt 0.4699327349662781 0.4648628234863281 
vt 0.4623163938522339 0.4765166640281677 
vt 0.46505609154701233 0.47766125202178955 
vt 0.45672744512557983 0.4889509081840515 
vt 0.4593575596809387 0.4902515709400177 
vt 0.45048096776008606 0.5011250376701355 
vt 0.453056275844574 0.5025817155838013 
vt 0.44363176822662354 0.5130910277366638 
vt 0.4460974633693695 0.5146517753601074 
vt 0.43628939986228943 0.5248489379882812 
vt 0.4387003183364868 0.5264617204666138 
vt 0.4285634756088257 0.5358784198760986 
vt 0.4306456446647644 0.5379595160484314 
vt 0.45212477445602417 0.29213616251945496 
vt 0.4582068920135498 0.304778516292572 
vt 0.46379584074020386 0.31752490997314453 
vt 0.46883684396743774 0.33053141832351685 
vt 0.47311076521873474 0.3436940312385559 
vt 0.47661757469177246 0.35701271891593933 
vt 0.47924765944480896 0.3704874813556671 
vt 0.4810010492801666 0.38411831855773926 
vt 0.4817681610584259 0.3978011906147003 
vt 0.4814941883087158 0.411484032869339 
vt 0.4802887439727783 0.42511487007141113 
vt 0.4780421853065491 0.43864166736602783 
vt 0.4748641550540924 0.45201238989830017 
vt 0.47075462341308594 0.4651229679584503 
vt 0.4658232033252716 0.4780254364013672 
vt 0.4601794481277466 0.49061575531959534 
vt 0.45382338762283325 0.5029458999633789 
vt 0.4468645751476288 0.515067994594574 
vt 0.4394126534461975 0.5269820094108582 
vt 0.4313031733036041 0.5385838150978088 
vt 0.45902878046035767 0.3044143319129944 
vt 0.4646177291870117 0.3172127604484558 
vt 0.469603955745697 0.3302192687988281 
vt 0.473932683467865 0.3434339165687561 
vt 0.4774394631385803 0.35680460929870605 
vt 0.4801243543624878 0.3703834116458893 
vt 0.48187774419784546 0.38406628370285034 
vt 0.48264485597610474 0.3978011906147003 
vt 0.48237091302871704 0.4115360677242279 
vt 0.48116543889045715 0.42521893978118896 
vt 0.4789189100265503 0.4387977421283722 
vt 0.47568607330322266 0.45222046971321106 
vt 0.4715765416622162 0.4653830826282501 
vt 0.46664512157440186 0.4783375859260559 
vt 0.46094655990600586 0.490979939699173 
vt 0.45453569293022156 0.5033621191978455 
vt 0.4475769102573395 0.5155362486839294 
vt 0.4401249587535858 0.5274502038955688 
vt 0.43201547861099243 0.5391560792922974 
vt 0.4774942696094513 0.2959861159324646 
vt 0.483411967754364 0.3095649182796478 
vt 0.48878175020217896 0.3235079050064087 
vt 0.4934392273426056 0.33776307106018066 
vt 0.497274786233902 0.35233035683631897 
vt 0.500178873538971 0.36715781688690186 
vt 0.5020966529846191 0.38219335675239563 
vt 0.502918541431427 0.39738497138023376 
vt 0.5026445388793945 0.4126286208629608 
vt 0.5012747049331665 0.42776820063591003 
vt 0.49880900979042053 0.4428037703037262 
vt 0.4953022003173828 0.45752713084220886 
vt 0.4908091425895691 0.4719904065132141 
vt 0.48543936014175415 0.48608946800231934 
vt 0.47930246591567993 0.4997723400592804 
vt 0.472508043050766 0.5130389928817749 
vt 0.4651108980178833 0.5258894562721252 
vt 0.4573301672935486 0.5383756756782532 
vt 0.4492207169532776 0.5504977703094482 
vt 0.471028596162796 0.2827194333076477 
vt 0.45289188623428345 0.2917199730873108 
vt 0.46428897976875305 0.26986899971961975 
vt 0.4460974633693695 0.27918165922164917 
vt 0.44533035159111023 0.27964991331100464 
vt 0.659244954586029 0.5603306889533997 
vt 0.6472999453544617 0.5689150094985962 
vt 0.6466972231864929 0.5682386755943298 
vt 0.6379849910736084 0.5800486207008362 
vt 0.6372178792953491 0.5796324014663696 
vt 0.6325604319572449 0.5935754179954529 
vt 0.631738543510437 0.5933672785758972 
vt 0.6316289305686951 0.6080906987190247 
vt 0.6307522654533386 0.6081426739692688 
vt 0.6351905465126038 0.6221897602081299 
vt 0.6344234347343445 0.6225019097328186 
vt 0.6429712176322937 0.6344678997993469 
vt 0.6423137187957764 0.6350402235984802 
vt 0.6541491746902466 0.6437805891036987 
vt 0.653656005859375 0.644508957862854 
vt 0.6676284074783325 0.6491913199424744 
vt 0.6674092411994934 0.6500236988067627 
vt 0.6821487545967102 0.6501277685165405 
vt 0.6822035312652588 0.6510121822357178 
vt 0.6962307095527649 0.6465379595756531 
vt 0.696559488773346 0.6473703980445862 
vt 0.7085044980049133 0.6387860774993896 
vt 0.7091072201728821 0.639462411403656 
vt 0.7178194522857666 0.6276004910469055 
vt 0.7185865640640259 0.6280686855316162 
vt 0.7232440114021301 0.6141257286071777 
vt 0.724065899848938 0.6143338084220886 
vt 0.7241755127906799 0.599610447883606 
vt 0.7250521779060364 0.599558413028717 
vt 0.7206138968467712 0.585511326789856 
vt 0.7214357852935791 0.5851991772651672 
vt 0.7128332257270813 0.5732331871986389 
vt 0.7134907245635986 0.5726609230041504 
vt 0.7017101049423218 0.5639204978942871 
vt 0.7021484375 0.5631921291351318 
vt 0.6881760358810425 0.5585098266601562 
vt 0.6883952021598816 0.5576773881912231 
vt 0.6736556887626648 0.5575733184814453 
vt 0.6736009120941162 0.5566889047622681 
vt 0.6595737338066101 0.5611631274223328 
vt 0.6478478908538818 0.5695393085479736 
vt 0.6387521028518677 0.5805168151855469 
vt 0.6334371566772461 0.5937834978103638 
vt 0.6325056552886963 0.6079866290092468 
vt 0.6360124349594116 0.6218255758285522 
vt 0.6436287760734558 0.6338956356048584 
vt 0.6545875072479248 0.6430001854896545 
vt 0.6678475737571716 0.6483068466186523 
vt 0.6820391416549683 0.6492432951927185 
vt 0.6959019303321838 0.6457575559616089 
vt 0.7079565525054932 0.6381097435951233 
vt 0.7170523405075073 0.627184271812439 
vt 0.7223672866821289 0.6139175891876221 
vt 0.7232987880706787 0.599714457988739 
vt 0.7197920083999634 0.5858755111694336 
vt 0.7121756672859192 0.5738054513931274 
vt 0.7012169361114502 0.5647009015083313 
vt 0.688011646270752 0.5593942403793335 
vt 0.6737653017044067 0.5584577918052673 
vt 0.6599025130271912 0.561943531036377 
vt 0.670642077922821 0.5868640542030334 
vt 0.6657106280326843 0.5899335741996765 
vt 0.6620394587516785 0.5944077968597412 
vt 0.6599025130271912 0.5997664928436279 
vt 0.6595189571380615 0.6055414080619812 
vt 0.6609435677528381 0.6111081838607788 
vt 0.6640120148658752 0.616050660610199 
vt 0.6684502959251404 0.6197445392608643 
vt 0.6738200783729553 0.6218776106834412 
vt 0.6795734167098999 0.6222417950630188 
vt 0.6852172017097473 0.6208370923995972 
vt 0.6900938153266907 0.6177675127983093 
vt 0.6937649846076965 0.6132932901382446 
vt 0.6959567666053772 0.6079345941543579 
vt 0.6962854862213135 0.6021596789360046 
vt 0.6949156522750854 0.5965408682823181 
vt 0.6917924284934998 0.5916504263877869 
vt 0.6873541474342346 0.5879565477371216 
vt 0.6819843649864197 0.5858234763145447 
vt 0.6762310266494751 0.5854593515396118 
vt 0.3401264548301697 0.5891531705856323 
vt 0.3343183100223541 0.6040326356887817 
vt 0.32593488693237305 0.5858755111694336 
vt 0.32500338554382324 0.601795494556427 
vt 0.31141456961631775 0.5871241688728333 
vt 0.31546929478645325 0.6025238633155823 
vt 0.298044890165329 0.5927950143814087 
vt 0.30664750933647156 0.6062177419662476 
vt 0.287031352519989 0.6023678183555603 
vt 0.2993599474430084 0.6124088168144226 
vt 0.27952462434768677 0.6148020625114441 
vt 0.2943737208843231 0.6205769181251526 
vt 0.27623701095581055 0.6290051937103271 
vt 0.29212716221809387 0.6298896074295044 
vt 0.277497261762619 0.6435204744338989 
vt 0.29289427399635315 0.639462411403656 
vt 0.2831957936286926 0.6568911671638489 
vt 0.2965654730796814 0.6482548117637634 
vt 0.292729914188385 0.6678686738014221 
vt 0.30281195044517517 0.6555384993553162 
vt 0.3051680624485016 0.6754124760627747 
vt 0.31097620725631714 0.6605330109596252 
vt 0.3193596303462982 0.6786900758743286 
vt 0.320291131734848 0.6627700924873352 
vt 0.3338799774646759 0.6774414777755737 
vt 0.3298252522945404 0.661989688873291 
vt 0.3472496271133423 0.6717706322669983 
vt 0.3386470377445221 0.6583479046821594 
vt 0.35826316475868225 0.6621978282928467 
vt 0.34593459963798523 0.6521047353744507 
vt 0.3657698929309845 0.649711549282074 
vt 0.35092082619667053 0.6439366340637207 
vt 0.3690575361251831 0.6355604529380798 
vt 0.3531125485897064 0.6346760392189026 
vt 0.36779728531837463 0.6210451722145081 
vt 0.3524002432823181 0.625103235244751 
vt 0.36209872364997864 0.6076744794845581 
vt 0.34872907400131226 0.6162588000297546 
vt 0.35256463289260864 0.596644937992096 
vt 0.3424825966358185 0.6090271472930908 
vt 0.34872907400131226 0.6162588000297546 
vt 0.3524002432823181 0.625103235244751 
vt 0.3226472735404968 0.6322827935218811 
vt 0.3531125485897064 0.6346760392189026 
vt 0.35092082619667053 0.6439366340637207 
vt 0.34593459963798523 0.6521047353744507 
vt 0.3386470377445221 0.6583479046821594 
vt 0.3298252522945404 0.661989688873291 
vt 0.320291131734848 0.6627700924873352 
vt 0.31097620725631714 0.6605330109596252 
vt 0.30281195044517517 0.6555384993553162 
vt 0.2965654730796814 0.6482548117637634 
vt 0.29289427399635315 0.639462411403656 
vt 0.29212716221809387 0.6298896074295044 
vt 0.2943737208843231 0.6205769181251526 
vt 0.2993599474430084 0.6124088168144226 
vt 0.30664750933647156 0.6062177419662476 
vt 0.31546929478645325 0.6025238633155823 
vt 0.32500338554382324 0.601795494556427 
vt 0.3343183100223541 0.6040326356887817 
vt 0.3424825966358185 0.6090271472930908 
vt 0.7283140420913696 0.012338973581790924 
vt 0.7756443023681641 0.020188450813293457 
vt 0.7214546203613281 0.05810915678739548 
vt 0.7215574979782104 0.06098361313343048 
vt 0.722895085811615 0.06352639943361282 
vt 0.7250558137893677 0.06540585309267044 
vt 0.7277309894561768 0.06640085577964783 
vt 0.7447767853736877 0.06927531212568283 
vt 0.7480350136756897 0.07060198485851288 
vt 0.7504358291625977 0.07325533032417297 
vt 0.7514304518699646 0.07668256759643555 
vt 0.7775306701660156 0.1762935221195221 
vt 0.7572267055511475 0.16369013488292694 
vt 0.76096510887146 0.21996314823627472 
vt 0.7775992751121521 0.020741229876875877 
vt 0.779451310634613 0.17717796564102173 
vt 0.7798628807067871 0.23577265441417694 
vt 0.7812690734863281 0.23599375784397125 
vt 0.7789368629455566 0.021183453500270844 
vt 0.7807546257972717 0.17784130573272705 
vt 0.783258318901062 0.23599375784397125 
vt 0.7808918356895447 0.0214045662432909 
vt 0.7826752662658691 0.17806242406368256 
vt 0.8221514821052551 0.23555153608322144 
vt 0.8214312195777893 0.17762018740177155 
vt 0.8197506666183472 0.020962342619895935 
vt 0.8241063952445984 0.23544098436832428 
vt 0.8233518600463867 0.17739908397197723 
vt 0.8255125880241394 0.23521986603736877 
vt 0.8246551752090454 0.1767357438802719 
vt 0.8275704383850098 0.23477764427661896 
vt 0.8265758156776428 0.17574074864387512 
vt 0.8340869545936584 0.2317926287651062 
vt 0.8217055797576904 0.020741229876875877 
vt 0.8230088949203491 0.020188450813293457 
vt 0.8249638676643372 0.019635669887065887 
vt 0.8463310599327087 0.16778071224689484 
vt 0.8441017270088196 0.2190786898136139 
vt 0.8504124283790588 0.07557700574398041 
vt 0.8513384461402893 0.07214976847171783 
vt 0.8536707162857056 0.06949642300605774 
vt 0.8569289445877075 0.06805919855833054 
vt 0.8739060759544373 0.06485307216644287 
vt 0.8765469789505005 0.06374751031398773 
vt 0.8786734342575073 0.06186806038022041 
vt 0.8799424171447754 0.05932527408003807 
vt 0.8799766898155212 0.05645081773400307 
vt 0.8721226453781128 0.010791189968585968 
vt 0.7778050303459167 0.23533043265342712 
vt 0.771254301071167 0.23256652057170868 
vt 0.7283140420913696 0.012338973581790924 
vt 0.7214546203613281 0.05810915678739548 
vt 0.7233409285545349 0.011565081775188446 
vt 0.7165157794952393 0.057445820420980453 
vt 0.7215574979782104 0.06098361313343048 
vt 0.7163100242614746 0.06043083220720291 
vt 0.722895085811615 0.06352639943361282 
vt 0.7180934548377991 0.06529530137777328 
vt 0.7201855778694153 0.06750641763210297 
vt 0.7250558137893677 0.06540585309267044 
vt 0.7229293584823608 0.06960698217153549 
vt 0.7277309894561768 0.06640085577964783 
vt 0.7261876463890076 0.0710442066192627 
vt 0.7447767853736877 0.06927531212568283 
vt 0.7430275678634644 0.07402922213077545 
vt 0.7480350136756897 0.07060198485851288 
vt 0.7450854182243347 0.07425033301115036 
vt 0.7504358291625977 0.07325533032417297 
vt 0.7464230060577393 0.07524533569812775 
vt 0.7514304518699646 0.07668256759643555 
vt 0.7465259432792664 0.07723534852266312 
vt 0.7572267055511475 0.16369013488292694 
vt 0.7523221373558044 0.16501681506633759 
vt 0.76096510887146 0.21996314823627472 
vt 0.7560262680053711 0.22062647342681885 
vt 0.7619253993034363 0.22416427731513977 
vt 0.757466733455658 0.22593316435813904 
vt 0.7641204595565796 0.22781261801719666 
vt 0.7602448463439941 0.2305765151977539 
vt 0.7673100829124451 0.23068706691265106 
vt 0.7641204595565796 0.23433542251586914 
vt 0.771254301071167 0.23256652057170868 
vt 0.7685104608535767 0.23676764965057373 
vt 0.7778050303459167 0.23533043265342712 
vt 0.7754385471343994 0.2397526651620865 
vt 0.7798628807067871 0.23577265441417694 
vt 0.7783881425857544 0.24063710868358612 
vt 0.7812690734863281 0.23599375784397125 
vt 0.7808232307434082 0.24096877872943878 
vt 0.783258318901062 0.23599375784397125 
vt 0.7831211686134338 0.24085822701454163 
vt 0.8221514821052551 0.23555153608322144 
vt 0.8224258422851562 0.2404160052537918 
vt 0.8241063952445984 0.23544098436832428 
vt 0.824998140335083 0.24030543863773346 
vt 0.8255125880241394 0.23521986603736877 
vt 0.8274332284927368 0.23986321687698364 
vt 0.8275704383850098 0.23477764427661896 
vt 0.8300398588180542 0.238978773355484 
vt 0.8340869545936584 0.2317926287651062 
vt 0.8367964029312134 0.2358832061290741 
vt 0.8379625082015991 0.22991317510604858 
vt 0.8410835862159729 0.2334509789943695 
vt 0.8411178588867188 0.22692817449569702 
vt 0.8449248671531677 0.22969207167625427 
vt 0.843209981918335 0.22327981889247894 
vt 0.8476686477661133 0.22493816912174225 
vt 0.8441017270088196 0.2190786898136139 
vt 0.8490748405456543 0.21963147819042206 
vt 0.8463310599327087 0.16778071224689484 
vt 0.8513384461402893 0.16855460405349731 
vt 0.8504124283790588 0.07557700574398041 
vt 0.8553855419158936 0.07601922750473022 
vt 0.8513384461402893 0.07214976847171783 
vt 0.8553169369697571 0.07425033301115036 
vt 0.8536707162857056 0.06949642300605774 
vt 0.8563801646232605 0.07292366027832031 
vt 0.8569289445877075 0.06805919855833054 
vt 0.8586781024932861 0.07259199768304825 
vt 0.8739060759544373 0.06485307216644287 
vt 0.8754494786262512 0.06938587129116058 
vt 0.8765469789505005 0.06374751031398773 
vt 0.8786391019821167 0.06794863939285278 
vt 0.8786734342575073 0.06186806038022041 
vt 0.8814172148704529 0.06584807485342026 
vt 0.8799424171447754 0.05932527408003807 
vt 0.8836808204650879 0.06363695859909058 
vt 0.8579921722412109 0.6607499122619629 
vt 0.866189181804657 0.6577649116516113 
vt 0.8654003739356995 0.7333852052688599 
vt 0.8696874976158142 0.7325007319450378 
vt 0.8676983118057251 0.8998825550079346 
vt 0.8719854354858398 0.8994402885437012 
vt 0.8705792427062988 0.657101571559906 
vt 0.8740090131759644 0.731726884841919 
vt 0.8762726187705994 0.8993297815322876 
vt 0.8749006986618042 0.6566593647003174 
vt 0.8782961368560791 0.7315057516098022 
vt 0.923568606376648 0.7320585250854492 
vt 0.9215450286865234 0.8998825550079346 
vt 0.925832211971283 0.9001036286354065 
vt 0.8792221546173096 0.656548798084259 
vt 0.9244602918624878 0.657101571559906 
vt 0.9278557300567627 0.7323902249336243 
vt 0.9301193952560425 0.9006564617156982 
vt 0.9287474751472473 0.6573227047920227 
vt 0.9321429133415222 0.7331640720367432 
vt 0.9344065189361572 0.9014303088188171 
vt 0.9331032037734985 0.6578754782676697 
vt 0.9364300966262817 0.7342696785926819 
vt 0.9639365077018738 0.8385239839553833 
vt 0.9649654030799866 0.8421723246574402 
vt 0.9675377011299133 0.8451573252677917 
vt 0.971104621887207 0.8465945720672607 
vt 0.9903797507286072 0.8499112129211426 
vt 0.9934664964675903 0.8511273264884949 
vt 0.9958329796791077 0.8533384799957275 
vt 0.9971705675125122 0.8563234806060791 
vt 0.9972391724586487 0.8596401810646057 
vt 0.9883561730384827 0.9113803505897522 
vt 0.8721226453781128 0.010791189968585968 
vt 0.8249638676643372 0.019635669887065887 
vt 0.8711966276168823 0.005816170014441013 
vt 0.8238320350646973 0.014771206304430962 
vt 0.8230088949203491 0.020188450813293457 
vt 0.8219113945960999 0.01554509811103344 
vt 0.8217055797576904 0.020741229876875877 
vt 0.8209167718887329 0.016429545357823372 
vt 0.8197506666183472 0.020962342619895935 
vt 0.8196134567260742 0.01609787717461586 
vt 0.7808918356895447 0.0214045662432909 
vt 0.780857503414154 0.016540102660655975 
vt 0.7789368629455566 0.021183453500270844 
vt 0.7795199155807495 0.017092881724238396 
vt 0.7775992751121521 0.020741229876875877 
vt 0.7783538103103638 0.01609787717461586 
vt 0.7756443023681641 0.020188450813293457 
vt 0.776638925075531 0.015323986299335957 
vt 0.7283140420913696 0.012338973581790924 
vt 0.7291371822357178 0.007363954093307257 
vt 0.9570770263671875 0.6764488816261292 
vt 0.9595464468002319 0.7339379787445068 
vt 0.9374589920043945 0.658538818359375 
vt 0.9455874562263489 0.6618554592132568 
vt 0.8770614266395569 0.009906741790473461 
vt 0.8848812580108643 0.05567692592740059 
vt 0.8721226453781128 0.010791189968585968 
vt 0.8799766898155212 0.05645081773400307 
vt 0.8851212859153748 0.05855138227343559 
vt 0.8092213869094849 0.9091692566871643 
vt 0.8015730977058411 0.8573184609413147 
vt 0.863376796245575 0.9005458950996399 
vt 0.8017445802688599 0.8540018200874329 
vt 0.8031507730484009 0.8510168194770813 
vt 0.8055515885353088 0.8488056659698486 
vt 0.808638334274292 0.847810685634613 
vt 0.8280162811279297 0.844936192035675 
vt 0.831617534160614 0.8434990048408508 
vt 0.8342584371566772 0.8406245112419128 
vt 0.8353902101516724 0.8368656039237976 
vt 0.8419409990310669 0.7376968860626221 
vt 0.8461253046989441 0.6751222014427185 
vt 0.9570770263671875 0.6764488816261292 
vt 0.9364300966262817 0.7342696785926819 
vt 0.9561167359352112 0.67158442735672 
vt 0.7775306701660156 0.1762935221195221 
vt 0.7619253993034363 0.22416427731513977 
vt 0.76096510887146 0.21996314823627472 
vt 0.8265758156776428 0.17574074864387512 
vt 0.8379625082015991 0.22991317510604858 
vt 0.8340869545936584 0.2317926287651062 
vt 0.8497264981269836 0.6660565733909607 
vt 0.8654003739356995 0.7333852052688599 
vt 0.8472228050231934 0.6702577471733093 
vt 0.8472228050231934 0.6702577471733093 
vt 0.8654003739356995 0.7333852052688599 
vt 0.8461253046989441 0.6751222014427185 
vt 0.8579921722412109 0.6607499122619629 
vt 0.8654003739356995 0.7333852052688599 
vt 0.8534649014472961 0.6627399325370789 
vt 0.8534649014472961 0.6627399325370789 
vt 0.8654003739356995 0.7333852052688599 
vt 0.8497264981269836 0.6660565733909607 
vt 0.9561167359352112 0.67158442735672 
vt 0.9364300966262817 0.7342696785926819 
vt 0.9536815881729126 0.6672727465629578 
vt 0.9536815881729126 0.6672727465629578 
vt 0.9364300966262817 0.7342696785926819 
vt 0.9500461220741272 0.6639560461044312 
vt 0.9500461220741272 0.6639560461044312 
vt 0.9364300966262817 0.7342696785926819 
vt 0.9455874562263489 0.6618554592132568 
vt 0.7775306701660156 0.1762935221195221 
vt 0.7673100829124451 0.23068706691265106 
vt 0.7641204595565796 0.22781261801719666 
vt 0.7775306701660156 0.1762935221195221 
vt 0.7641204595565796 0.22781261801719666 
vt 0.7619253993034363 0.22416427731513977 
vt 0.7775306701660156 0.1762935221195221 
vt 0.771254301071167 0.23256652057170868 
vt 0.7673100829124451 0.23068706691265106 
vt 0.8265758156776428 0.17574074864387512 
vt 0.843209981918335 0.22327981889247894 
vt 0.8411178588867188 0.22692817449569702 
vt 0.8265758156776428 0.17574074864387512 
vt 0.8411178588867188 0.22692817449569702 
vt 0.8379625082015991 0.22991317510604858 
vt 0.8441017270088196 0.2190786898136139 
vt 0.843209981918335 0.22327981889247894 
vt 0.8265758156776428 0.17574074864387512 
vt 0.5781440138816833 0.26818010210990906 
vt 0.574739396572113 0.21768635511398315 
vt 0.6228299140930176 0.2631177604198456 
vt 0.5751649737358093 0.21547968685626984 
vt 0.576725423336029 0.21379223465919495 
vt 0.5789952278137207 0.2130134105682373 
vt 0.5836765766143799 0.2127538025379181 
vt 0.5855207443237305 0.21197497844696045 
vt 0.5865137577056885 0.21054713428020477 
vt 0.6202764511108398 0.20626360177993774 
vt 0.6263764500617981 0.26272833347320557 
vt 0.6242485642433167 0.20600399374961853 
vt 0.6303485035896301 0.26246872544288635 
vt 0.6287880539894104 0.20587418973445892 
vt 0.6337531805038452 0.26220911741256714 
vt 0.6326183080673218 0.20587418973445892 
vt 0.6646786332130432 0.2629879415035248 
vt 0.6669483780860901 0.20613379776477814 
vt 0.6680832505226135 0.263247549533844 
vt 0.6707786321640015 0.20626360177993774 
vt 0.6720553636550903 0.263636976480484 
vt 0.6751762628555298 0.20652320981025696 
vt 0.6756018400192261 0.26402637362480164 
vt 0.6791483759880066 0.20678281784057617 
vt 0.7130529284477234 0.21158556640148163 
vt 0.6805669665336609 0.03076859749853611 
vt 0.7073785066604614 0.04803252965211868 
vt 0.6807088255882263 0.027653301134705544 
vt 0.7068110704421997 0.0427105650305748 
vt 0.7053924798965454 0.03751840442419052 
vt 0.5958765149116516 0.04634507745504379 
vt 0.6232554912567139 0.030119577422738075 
vt 0.6272276043891907 0.030249381437897682 
vt 0.6314833760261536 0.03037918545305729 
vt 0.6351717710494995 0.03037918545305729 
vt 0.66865074634552 0.030898401513695717 
vt 0.6723390817642212 0.030898401513695717 
vt 0.6767367124557495 0.030898401513695717 
vt 0.6272276043891907 0.027004282921552658 
vt 0.631625235080719 0.027263889089226723 
vt 0.6353136301040649 0.02739369310438633 
vt 0.66865074634552 0.02778310514986515 
vt 0.6724809408187866 0.02778310514986515 
vt 0.6767367124557495 0.027653301134705544 
vt 0.6317670941352844 0.0240187905728817 
vt 0.6354554891586304 0.024148594588041306 
vt 0.66865074634552 0.024667810648679733 
vt 0.6723390817642212 0.024538006633520126 
vt 0.6765948534011841 0.024538006633520126 
vt 0.6805669665336609 0.02440820261836052 
vt 0.6327601671218872 0.004288582131266594 
vt 0.6361647844314575 0.003899170085787773 
vt 0.6685088872909546 0.004418386146426201 
vt 0.6720553636550903 0.004937602207064629 
vt 0.6761692762374878 0.006235641892999411 
vt 0.6801413893699646 0.007793290074914694 
vt 0.6998599171638489 0.028302321210503578 
vt 0.7029808163642883 0.03271565958857536 
vt 0.7202877402305603 0.2696079611778259 
vt 0.7246854305267334 0.21898439526557922 
vt 0.7242598533630371 0.2167777270078659 
vt 0.7226994037628174 0.21509027481079102 
vt 0.7204295992851257 0.21431145071983337 
vt 0.7157482504844666 0.21379223465919495 
vt 0.713904082775116 0.2131432145833969 
vt 0.5687812566757202 0.2629879415035248 
vt 0.5648092031478882 0.26272833347320557 
vt 0.5716184973716736 0.2149604707956314 
vt 0.5677882432937622 0.2149604707956314 
vt 0.5704836249351501 0.21171537041664124 
vt 0.5673626661300659 0.2130134105682373 
vt 0.5683556795120239 0.2092490941286087 
vt 0.5658022165298462 0.21132595837116241 
vt 0.5658022165298462 0.20782124996185303 
vt 0.5638161897659302 0.21067693829536438 
vt 0.5612627267837524 0.2073020339012146 
vt 0.5594184994697571 0.21015772223472595 
vt 0.5597022175788879 0.20782124996185303 
vt 0.5577161908149719 0.20950870215892792 
vt 0.5605533719062805 0.20769144594669342 
vt 0.5567231774330139 0.20795105397701263 
vt 0.5548790097236633 0.05153723806142807 
vt 0.551048755645752 0.05166704207658768 
vt 0.5541697144508362 0.04595566540956497 
vt 0.5504813194274902 0.046734489500522614 
vt 0.5526092648506165 0.04050389677286148 
vt 0.5490627288818359 0.04193174093961716 
vt 0.550055742263794 0.03544154018163681 
vt 0.5467929840087891 0.037388600409030914 
vt 0.5466511249542236 0.030898401513695717 
vt 0.543813943862915 0.0333646796643734 
vt 0.5284930467605591 0.01103838998824358 
vt 0.5259395837783813 0.013894078321754932 
vt 0.5252302885055542 0.009221133776009083 
vt 0.5235279202461243 0.012466234154999256 
vt 0.52210932970047 0.007923093624413013 
vt 0.5212581753730774 0.011557606048882008 
vt 0.5196977257728577 0.00753368204459548 
vt 0.5194140076637268 0.011297998018562794 
vt 0.489339679479599 0.007403878029435873 
vt 0.48962339758872986 0.011168194003403187 
vt 0.4870699346065521 0.007793290074914694 
vt 0.4877792298793793 0.0114278020337224 
vt 0.48380714654922485 0.008961525745689869 
vt 0.48550945520401 0.01233643013983965 
vt 0.48040249943733215 0.010778781957924366 
vt 0.4829559922218323 0.013634470291435719 
vt 0.4621025621891022 0.030508989468216896 
vt 0.4650816321372986 0.03297526761889458 
vt 0.4586979150772095 0.03505213186144829 
vt 0.4621025621891022 0.036999188363552094 
vt 0.45628631114959717 0.04011448472738266 
vt 0.4598327875137329 0.041542328894138336 
vt 0.4545839726924896 0.04556625336408615 
vt 0.4584141969680786 0.04634507745504379 
vt 0.4538746774196625 0.05114782601594925 
vt 0.45770490169525146 0.05140743404626846 
vt 0.4453630745410919 0.20626360177993774 
vt 0.4491932988166809 0.20665301382541656 
vt 0.44550493359565735 0.20678281784057617 
vt 0.44834214448928833 0.20821066200733185 
vt 0.4443700611591339 0.20587418973445892 
vt 0.44649794697761536 0.20885968208312988 
vt 0.4399724006652832 0.20639340579509735 
vt 0.4422421455383301 0.2092490941286087 
vt 0.4374189078807831 0.20782124996185303 
vt 0.44011425971984863 0.20989811420440674 
vt 0.43543288111686707 0.21041733026504517 
vt 0.4385538101196289 0.21158556640148163 
vt 0.4399724006652832 0.2615601122379303 
vt 0.4361421763896942 0.2616899013519287 
vt 0.4381282329559326 0.21353262662887573 
vt 0.43429800868034363 0.21340282261371613 
vt 0.4385538101196289 0.21158556640148163 
vt 0.43543288111686707 0.21041733026504517 
vt 0.44025611877441406 0.2653244137763977 
vt 0.4399724006652832 0.2615601122379303 
vt 0.4826722741127014 0.2615601122379303 
vt 0.48224666714668274 0.2577957808971405 
vt 0.484516441822052 0.2613005042076111 
vt 0.484516441822052 0.2576659917831421 
vt 0.4863606095314026 0.2614302933216095 
vt 0.486502468585968 0.2576659917831421 
vt 0.48806294798851013 0.2616899013519287 
vt 0.48820480704307556 0.2575361728668213 
vt 0.5168605446815491 0.2615601122379303 
vt 0.5168605446815491 0.2575361728668213 
vt 0.5184209942817688 0.2613005042076111 
vt 0.5185628533363342 0.2576659917831421 
vt 0.5202651619911194 0.2614302933216095 
vt 0.5205488801002502 0.2577957808971405 
vt 0.52210932970047 0.2616899013519287 
vt 0.5226767659187317 0.2579255998134613 
vt 0.5643836259841919 0.2666224539279938 
vt 0.5648092031478882 0.26272833347320557 
vt 0.4399724006652832 0.2615601122379303 
vt 0.4381282329559326 0.21353262662887573 
vt 0.48224666714668274 0.2577957808971405 
vt 0.4385538101196289 0.21158556640148163 
vt 0.44011425971984863 0.20989811420440674 
vt 0.4422421455383301 0.2092490941286087 
vt 0.44649794697761536 0.20885968208312988 
vt 0.44834214448928833 0.20821066200733185 
vt 0.4491932988166809 0.20665301382541656 
vt 0.4811117947101593 0.20301850140094757 
vt 0.48338156938552856 0.20288869738578796 
vt 0.48522573709487915 0.03544154018163681 
vt 0.48721179366111755 0.03544154018163681 
vt 0.48522573709487915 0.03232624754309654 
vt 0.48721179366111755 0.03232624754309654 
vt 0.48522573709487915 0.02908114530146122 
vt 0.487353652715683 0.02908114530146122 
vt 0.4877792298793793 0.0114278020337224 
vt 0.48962339758872986 0.011168194003403187 
vt 0.48919782042503357 0.02908114530146122 
vt 0.48905596137046814 0.03232624754309654 
vt 0.48905596137046814 0.03557134419679642 
vt 0.48550945520401 0.20275889337062836 
vt 0.484516441822052 0.2576659917831421 
vt 0.5196977257728577 0.032585855573415756 
vt 0.5196977257728577 0.035701148211956024 
vt 0.487353652715683 0.20275889337062836 
vt 0.486502468585968 0.2576659917831421 
vt 0.5215418934822083 0.035701148211956024 
vt 0.5188465714454651 0.20314830541610718 
vt 0.48820480704307556 0.2575361728668213 
vt 0.5206907391548157 0.20314830541610718 
vt 0.5168605446815491 0.2575361728668213 
vt 0.5185628533363342 0.2576659917831421 
vt 0.5228186249732971 0.20327810943126678 
vt 0.5205488801002502 0.2577957808971405 
vt 0.5250884294509888 0.2034079134464264 
vt 0.5226767659187317 0.2579255998134613 
vt 0.5567231774330139 0.20795105397701263 
vt 0.5577161908149719 0.20950870215892792 
vt 0.5235279202461243 0.035701148211956024 
vt 0.5215418934822083 0.032585855573415756 
vt 0.5196977257728577 0.029340753331780434 
vt 0.5194140076637268 0.011297998018562794 
vt 0.5212581753730774 0.011557606048882008 
vt 0.5215418934822083 0.029210949316620827 
vt 0.5236697793006897 0.032585855573415756 
vt 0.5257977247238159 0.03557134419679642 
vt 0.5235279202461243 0.012466234154999256 
vt 0.5235279202461243 0.029340753331780434 
vt 0.5259395837783813 0.032585855573415756 
vt 0.5504813194274902 0.046734489500522614 
vt 0.551048755645752 0.05166704207658768 
vt 0.5259395837783813 0.013894078321754932 
vt 0.5257977247238159 0.02947055734694004 
vt 0.543813943862915 0.0333646796643734 
vt 0.5467929840087891 0.037388600409030914 
vt 0.5490627288818359 0.04193174093961716 
vt 0.5594184994697571 0.21015772223472595 
vt 0.5638161897659302 0.21067693829536438 
vt 0.5658022165298462 0.21132595837116241 
vt 0.5673626661300659 0.2130134105682373 
vt 0.5677882432937622 0.2149604707956314 
vt 0.5648092031478882 0.26272833347320557 
vt 0.6285043358802795 0.005586621817201376 
vt 0.6273694634437561 0.023759182542562485 
vt 0.6243904232978821 0.007014465983957052 
vt 0.6235392689704895 0.023629378527402878 
vt 0.6042462587356567 0.02687447890639305 
vt 0.6008416414260864 0.03115800954401493 
vt 0.6232554912567139 0.02687447890639305 
vt 0.5965858697891235 0.04102311283349991 
vt 0.5982881784439087 0.03583095222711563 
vt 0.48550945520401 0.01233643013983965 
vt 0.4829559922218323 0.029210949316620827 
vt 0.4829559922218323 0.013634470291435719 
vt 0.4650816321372986 0.03297526761889458 
vt 0.48281413316726685 0.03232624754309654 
vt 0.4598327875137329 0.041542328894138336 
vt 0.4584141969680786 0.04634507745504379 
vt 0.45770490169525146 0.05140743404626846 
vt 0.4829559922218323 0.0353117361664772 
vt 0.4621025621891022 0.036999188363552094 
vt 0.5710890293121338 0.766115665435791 
vt 0.5713837742805481 0.6753360033035278 
vt 0.5729559063911438 0.766115665435791 
vt 0.5732506513595581 0.6753360033035278 
vt 0.6212003827095032 0.6754794120788574 
vt 0.6209055781364441 0.7662590742111206 
vt 0.6227725148200989 0.7663307785987854 
vt 0.6230672597885132 0.6754794120788574 
vt 0.6246393918991089 0.7663307785987854 
vt 0.6249341368675232 0.6754794120788574 
vt 0.6691501140594482 0.675622820854187 
vt 0.6688553094863892 0.766474187374115 
vt 0.6707221865653992 0.766474187374115 
vt 0.6710169911384583 0.6756945252418518 
vt 0.6726873517036438 0.766474187374115 
vt 0.6729821562767029 0.6756945252418518 
vt 0.7208335995674133 0.6758379340171814 
vt 0.7205387949943542 0.7666175961494446 
vt 0.722405731678009 0.7666175961494446 
vt 0.7227987051010132 0.6758379340171814 
vt 0.7243708372116089 0.7666175961494446 
vt 0.724665641784668 0.6758379340171814 
vt 0.7686850428581238 0.7667610049247742 
vt 0.7243708372116089 0.768481969833374 
vt 0.7684885263442993 0.7686253786087036 
vt 0.7244691252708435 0.7703463435173035 
vt 0.7684885263442993 0.7704897522926331 
vt 0.7683902382850647 0.8183892965316772 
vt 0.7702571749687195 0.818461000919342 
vt 0.7684885263442993 0.8202536106109619 
vt 0.7699623703956604 0.8198950886726379 
vt 0.7708467245101929 0.8208272457122803 
vt 0.7721240520477295 0.8185327053070068 
vt 0.7703554034233093 0.7704897522926331 
vt 0.7722222805023193 0.7704180479049683 
vt 0.7709449529647827 0.7680517435073853 
vt 0.7699623703956604 0.7689839005470276 
vt 0.7688815593719482 0.675981342792511 
vt 0.7705519199371338 0.7667610049247742 
vt 0.7220126986503601 0.7679083347320557 
vt 0.7228969931602478 0.768840491771698 
vt 0.7226022481918335 0.7702746391296387 
vt 0.7241743206977844 0.8183175921440125 
vt 0.7241743206977844 0.8201819062232971 
vt 0.7240760922431946 0.8220462799072266 
vt 0.7685867547988892 0.8221179842948914 
vt 0.722405731678009 0.8183175921440125 
vt 0.7227004766464233 0.8198233842849731 
vt 0.721717894077301 0.8207555413246155 
vt 0.7205387949943542 0.8183892965316772 
vt 0.7207353115081787 0.7702029347419739 
vt 0.7707484364509583 0.675981342792511 
vt 0.5102529525756836 0.2764669954776764 
vt 0.5651900768280029 0.27682071924209595 
vt 0.5100968480110168 0.2923848628997803 
vt 0.5651120543479919 0.29273858666419983 
vt 0.5100188255310059 0.30830270051956177 
vt 0.5649559497833252 0.3086564242839813 
vt 0.5099408030509949 0.32422053813934326 
vt 0.5648779273033142 0.3245742917060852 
vt 0.5097847580909729 0.34013840556144714 
vt 0.5647999048233032 0.3404921293258667 
vt 0.5097066760063171 0.35605624318122864 
vt 0.5646438002586365 0.3564099669456482 
vt 0.5096286535263062 0.3719741106033325 
vt 0.5645657777786255 0.3723278343677521 
vt 0.5094726085662842 0.387891948223114 
vt 0.5644097328186035 0.38824567198753357 
vt 0.5093945264816284 0.4038097858428955 
vt 0.5643317103385925 0.40416353940963745 
vt 0.5092384815216064 0.4197276532649994 
vt 0.5642536282539368 0.42008137702941895 
vt 0.5091604590415955 0.4356454908847809 
vt 0.5640975832939148 0.4359992444515228 
vt 0.5090824365615845 0.45156335830688477 
vt 0.5640195608139038 0.4519170820713043 
vt 0.5089263319969177 0.46748119592666626 
vt 0.563941478729248 0.4678349196910858 
vt 0.5088483095169067 0.48339906334877014 
vt 0.5637854337692261 0.4837527871131897 
vt 0.5087702870368958 0.49931690096855164 
vt 0.5637074112892151 0.4996706247329712 
vt 0.508614182472229 0.5152347683906555 
vt 0.5635513067245483 0.5155884623527527 
vt 0.508536159992218 0.531152606010437 
vt 0.5634732842445374 0.531506359577179 
vt 0.4295640289783478 0.5605121850967407 
vt 0.4450931251049042 0.5569748878479004 
vt 0.4462636709213257 0.597653865814209 
vt 0.4607783257961273 0.559627890586853 
vt 0.4742784798145294 0.5679405331611633 
vt 0.48348671197891235 0.5810285210609436 
vt 0.4870763421058655 0.5965926647186279 
vt 0.48442313075065613 0.6121567487716675 
vt 0.475995272397995 0.6257753968238831 
vt 0.4629633128643036 0.634972333908081 
vt 0.4474342167377472 0.6385096311569214 
vt 0.43174901604652405 0.6358566880226135 
vt 0.41824886202812195 0.6273671388626099 
vt 0.409040629863739 0.6144559979438782 
vt 0.4054509997367859 0.5988919138908386 
vt 0.40810421109199524 0.5831509232521057 
vt 0.41653206944465637 0.5697091817855835 
s on 
f 1/1/1 2/2/2 3/3/3 
f 2/2/2 4/4/4 3/3/3 
f 3/3/3 4/4/4 5/5/5 
f 4/4/4 6/6/6 5/5/5 
f 5/5/5 6/6/6 7/7/7 
f 6/6/6 8/8/8 7/7/7 
f 7/7/7 8/8/8 9/9/9 
f 8/8/8 10/10/10 9/9/9 
f 9/9/9 10/10/10 11/11/11 
f 10/10/10 12/12/12 11/11/11 
f 11/11/11 12/12/12 13/13/13 
f 12/12/12 14/14/14 13/13/13 
f 13/13/13 14/14/14 15/15/15 
f 14/14/14 16/16/16 15/15/15 
f 15/15/15 16/16/16 17/17/17 
f 16/16/16 18/18/18 17/17/17 
f 17/17/17 18/18/18 18/18/18 
f 18/18/18 19/19/19 18/18/18 
f 18/18/18 19/19/19 19/19/19 
f 19/19/19 20/20/20 19/19/19 
f 19/19/19 20/20/20 21/21/21 
f 20/20/20 22/22/22 21/21/21 
f 21/21/21 22/22/22 22/22/22 
f 22/22/22 23/23/23 22/22/22 
f 22/22/22 23/23/23 23/23/23 
f 23/23/23 24/24/24 23/23/23 
f 23/23/23 24/24/24 25/25/25 
f 24/24/24 26/26/26 25/25/25 
f 25/25/25 26/26/26 26/26/26 
f 26/26/26 27/27/27 26/26/26 
f 26/26/26 27/27/27 27/27/27 
f 27/27/27 28/28/28 27/27/27 
f 27/27/27 28/28/28 29/29/29 
f 28/28/28 30/30/30 29/29/29 
f 29/29/29 30/30/30 30/30/30 
f 30/30/30 31/31/31 30/30/30 
f 30/30/30 31/31/31 31/31/31 
f 31/31/31 32/32/32 31/31/31 
f 31/31/31 32/32/32 33/33/33 
f 32/32/32 34/34/34 33/33/33 
f 33/33/33 34/34/34 34/34/34 
f 34/34/34 35/35/35 34/34/34 
f 34/34/34 35/35/35 35/35/35 
f 35/35/35 36/36/36 35/35/35 
f 35/35/35 36/36/36 37/37/37 
f 36/36/36 38/38/38 37/37/37 
f 37/37/37 38/38/38 38/38/38 
f 38/38/38 39/39/39 38/38/38 
f 38/38/38 39/39/39 39/39/39 
f 39/39/39 40/40/40 39/39/39 
f 39/39/39 40/40/40 41/41/41 
f 40/40/40 42/42/42 41/41/41 
f 41/41/41 42/42/42 43/43/43 
f 42/42/42 43/43/43 43/43/43 
f 43/43/43 43/43/43 43/43/43 
f 43/43/43 44/44/44 43/43/43 
f 43/43/43 44/44/44 41/41/41 
f 44/44/44 45/45/45 41/41/41 
f 41/41/41 45/45/45 46/46/46 
f 45/45/45 46/46/46 46/46/46 
f 46/46/46 46/46/46 46/46/46 
f 46/46/46 47/47/47 46/46/46 
f 46/46/46 47/47/47 41/41/41 
f 47/47/47 39/39/39 41/41/41 
f 41/41/41 39/39/39 39/39/39 
f 39/39/39 48/48/48 39/39/39 
f 39/39/39 48/48/48 48/48/48 
f 48/48/48 49/49/49 48/48/48 
f 48/48/48 49/49/49 50/50/50 
f 49/49/49 51/51/51 50/50/50 
f 50/50/50 51/51/51 52/52/52 
f 51/51/51 53/53/53 52/52/52 
f 52/52/52 53/53/53 54/54/54 
f 53/53/53 55/55/55 54/54/54 
f 54/54/54 55/55/55 56/56/56 
f 55/55/55 57/57/57 56/56/56 
f 56/56/56 57/57/57 58/58/58 
f 57/57/57 59/59/59 58/58/58 
f 58/58/58 59/59/59 60/60/60 
f 59/59/59 61/61/61 60/60/60 
f 60/60/60 61/61/61 62/62/62 
f 61/61/61 63/63/63 62/62/62 
f 62/62/62 63/63/63 64/64/64 
f 63/63/63 65/65/65 64/64/64 
f 64/64/64 65/65/65 66/66/66 
f 65/65/65 67/67/67 66/66/66 
f 66/66/66 67/67/67 68/68/68 
f 67/67/67 69/69/69 68/68/68 
f 68/68/68 69/69/69 70/70/70 
f 69/69/69 71/71/71 70/70/70 
f 70/70/70 71/71/71 72/72/72 
f 71/71/71 73/73/73 72/72/72 
f 72/72/72 73/73/73 74/74/74 
f 73/73/73 75/75/75 74/74/74 
f 74/74/74 75/75/75 76/76/76 
f 75/75/75 77/77/77 76/76/76 
f 76/76/76 77/77/77 78/78/78 
f 77/77/77 79/79/79 78/78/78 
f 78/78/78 79/79/79 80/80/80 
f 79/79/79 81/81/81 80/80/80 
f 80/80/80 81/81/81 82/82/82 
f 81/81/81 83/83/83 82/82/82 
f 82/82/82 83/83/83 84/84/84 
f 83/83/83 85/85/85 84/84/84 
f 84/84/84 85/85/85 86/86/86 
f 85/85/85 87/87/87 86/86/86 
f 86/86/86 87/87/87 88/88/88 
f 87/87/87 89/89/89 88/88/88 
f 88/88/88 89/89/89 90/90/90 
f 89/89/89 91/91/91 90/90/90 
f 90/90/90 91/91/91 92/92/92 
f 91/91/91 93/93/93 92/92/92 
f 92/92/92 93/93/93 94/94/94 
f 93/93/93 95/95/95 94/94/94 
f 94/94/94 95/95/95 96/96/96 
f 95/95/95 97/97/97 96/96/96 
f 96/96/96 97/97/97 98/98/98 
f 97/97/97 99/99/99 98/98/98 
f 98/98/98 99/99/99 100/100/100 
f 99/99/99 101/101/101 100/100/100 
f 100/100/100 101/101/101 102/102/102 
f 101/101/101 103/103/103 102/102/102 
f 102/102/102 103/103/103 104/104/104 
f 103/103/103 105/105/105 104/104/104 
f 104/104/104 105/105/105 106/106/106 
f 105/105/105 107/107/107 106/106/106 
f 106/106/106 107/107/107 108/108/108 
f 107/107/107 109/109/109 108/108/108 
f 108/108/108 109/109/109 109/109/109 
f 109/109/109 49/49/49 109/109/109 
f 109/109/109 49/49/49 49/49/49 
f 49/49/49 110/110/110 49/49/49 
f 49/49/49 110/110/110 51/51/51 
f 110/110/110 111/111/111 51/51/51 
f 51/51/51 111/111/111 53/53/53 
f 111/111/111 112/112/112 53/53/53 
f 53/53/53 112/112/112 55/55/55 
f 112/112/112 113/113/113 55/55/55 
f 55/55/55 113/113/113 57/57/57 
f 113/113/113 114/114/114 57/57/57 
f 57/57/57 114/114/114 59/59/59 
f 114/114/114 115/115/115 59/59/59 
f 59/59/59 115/115/115 61/61/61 
f 115/115/115 116/116/116 61/61/61 
f 61/61/61 116/116/116 63/63/63 
f 116/116/116 117/117/117 63/63/63 
f 63/63/63 117/117/117 65/65/65 
f 117/117/117 118/118/118 65/65/65 
f 65/65/65 118/118/118 67/67/67 
f 118/118/118 119/119/119 67/67/67 
f 67/67/67 119/119/119 69/69/69 
f 119/119/119 120/120/120 69/69/69 
f 69/69/69 120/120/120 71/71/71 
f 120/120/120 121/121/121 71/71/71 
f 71/71/71 121/121/121 73/73/73 
f 121/121/121 122/122/122 73/73/73 
f 73/73/73 122/122/122 75/75/75 
f 122/122/122 123/123/123 75/75/75 
f 75/75/75 123/123/123 77/77/77 
f 123/123/123 124/124/124 77/77/77 
f 77/77/77 124/124/124 79/79/79 
f 124/124/124 125/125/125 79/79/79 
f 79/79/79 125/125/125 81/81/81 
f 125/125/125 126/126/126 81/81/81 
f 81/81/81 126/126/126 83/83/83 
f 126/126/126 127/127/127 83/83/83 
f 83/83/83 127/127/127 85/85/85 
f 127/127/127 128/128/128 85/85/85 
f 85/85/85 128/128/128 87/87/87 
f 128/128/128 129/129/129 87/87/87 
f 87/87/87 129/129/129 89/89/89 
f 129/129/129 130/130/130 89/89/89 
f 89/89/89 130/130/130 91/91/91 
f 130/130/130 131/131/131 91/91/91 
f 91/91/91 131/131/131 93/93/93 
f 131/131/131 132/132/132 93/93/93 
f 93/93/93 132/132/132 95/95/95 
f 132/132/132 133/133/133 95/95/95 
f 95/95/95 133/133/133 97/97/97 
f 133/133/133 134/134/134 97/97/97 
f 97/97/97 134/134/134 99/99/99 
f 134/134/134 135/135/135 99/99/99 
f 99/99/99 135/135/135 101/101/101 
f 135/135/135 136/136/136 101/101/101 
f 101/101/101 136/136/136 103/103/103 
f 136/136/136 137/137/137 103/103/103 
f 103/103/103 137/137/137 105/105/105 
f 137/137/137 138/138/138 105/105/105 
f 105/105/105 138/138/138 107/107/107 
f 138/138/138 139/139/139 107/107/107 
f 107/107/107 139/139/139 109/109/109 
f 139/139/139 140/140/140 109/109/109 
f 109/109/109 140/140/140 140/140/140 
f 140/140/140 110/110/110 140/140/140 
f 140/140/140 110/110/110 110/110/110 
f 110/110/110 141/141/141 110/110/110 
f 110/110/110 141/141/141 111/111/111 
f 141/141/141 142/142/142 111/111/111 
f 111/111/111 142/142/142 112/112/112 
f 142/142/142 143/143/143 112/112/112 
f 112/112/112 143/143/143 113/113/113 
f 143/143/143 144/144/144 113/113/113 
f 113/113/113 144/144/144 114/114/114 
f 144/144/144 145/145/145 114/114/114 
f 114/114/114 145/145/145 115/115/115 
f 145/145/145 146/146/146 115/115/115 
f 115/115/115 146/146/146 116/116/116 
f 146/146/146 147/147/147 116/116/116 
f 116/116/116 147/147/147 117/117/117 
f 147/147/147 148/148/148 117/117/117 
f 117/117/117 148/148/148 118/118/118 
f 148/148/148 149/149/149 118/118/118 
f 118/118/118 149/149/149 119/119/119 
f 149/149/149 150/150/150 119/119/119 
f 119/119/119 150/150/150 120/120/120 
f 150/150/150 151/151/151 120/120/120 
f 120/120/120 151/151/151 121/121/121 
f 151/151/151 152/152/152 121/121/121 
f 121/121/121 152/152/152 122/122/122 
f 152/152/152 153/153/153 122/122/122 
f 122/122/122 153/153/153 123/123/123 
f 153/153/153 154/154/154 123/123/123 
f 123/123/123 154/154/154 124/124/124 
f 154/154/154 155/155/155 124/124/124 
f 124/124/124 155/155/155 125/125/125 
f 155/155/155 156/156/156 125/125/125 
f 125/125/125 156/156/156 126/126/126 
f 156/156/156 157/157/157 126/126/126 
f 126/126/126 157/157/157 127/127/127 
f 157/157/157 158/158/158 127/127/127 
f 127/127/127 158/158/158 128/128/128 
f 158/158/158 159/159/159 128/128/128 
f 128/128/128 159/159/159 129/129/129 
f 159/159/159 160/160/160 129/129/129 
f 129/129/129 160/160/160 130/130/130 
f 160/160/160 161/161/161 130/130/130 
f 130/130/130 161/161/161 131/131/131 
f 161/161/161 162/162/162 131/131/131 
f 131/131/131 162/162/162 132/132/132 
f 162/162/162 163/163/163 132/132/132 
f 132/132/132 163/163/163 133/133/133 
f 163/163/163 164/164/164 133/133/133 
f 133/133/133 164/164/164 134/134/134 
f 164/164/164 165/165/165 134/134/134 
f 134/134/134 165/165/165 135/135/135 
f 165/165/165 166/166/166 135/135/135 
f 135/135/135 166/166/166 136/136/136 
f 166/166/166 167/167/167 136/136/136 
f 136/136/136 167/167/167 137/137/137 
f 167/167/167 168/168/168 137/137/137 
f 137/137/137 168/168/168 138/138/138 
f 168/168/168 169/169/169 138/138/138 
f 138/138/138 169/169/169 139/139/139 
f 169/169/169 170/170/170 139/139/139 
f 139/139/139 170/170/170 140/140/140 
f 170/170/170 171/171/171 140/140/140 
f 140/140/140 171/171/171 171/171/171 
f 171/171/171 141/141/141 171/171/171 
f 171/171/171 141/141/141 141/141/141 
f 141/141/141 172/172/172 141/141/141 
f 141/141/141 172/172/172 142/142/142 
f 172/172/172 173/173/173 142/142/142 
f 142/142/142 173/173/173 143/143/143 
f 173/173/173 174/174/174 143/143/143 
f 143/143/143 174/174/174 144/144/144 
f 174/174/174 175/175/175 144/144/144 
f 144/144/144 175/175/175 145/145/145 
f 175/175/175 176/176/176 145/145/145 
f 145/145/145 176/176/176 146/146/146 
f 176/176/176 177/177/177 146/146/146 
f 146/146/146 177/177/177 147/147/147 
f 177/177/177 178/178/178 147/147/147 
f 147/147/147 178/178/178 148/148/148 
f 178/178/178 179/179/179 148/148/148 
f 148/148/148 179/179/179 149/149/149 
f 179/179/179 180/180/180 149/149/149 
f 149/149/149 180/180/180 150/150/150 
f 180/180/180 181/181/181 150/150/150 
f 150/150/150 181/181/181 151/151/151 
f 181/181/181 182/182/182 151/151/151 
f 151/151/151 182/182/182 152/152/152 
f 182/182/182 183/183/183 152/152/152 
f 152/152/152 183/183/183 153/153/153 
f 183/183/183 184/184/184 153/153/153 
f 153/153/153 184/184/184 154/154/154 
f 184/184/184 185/185/185 154/154/154 
f 154/154/154 185/185/185 155/155/155 
f 185/185/185 186/186/186 155/155/155 
f 155/155/155 186/186/186 156/156/156 
f 186/186/186 187/187/187 156/156/156 
f 156/156/156 187/187/187 157/157/157 
f 187/187/187 188/188/188 157/157/157 
f 157/157/157 188/188/188 158/158/158 
f 188/188/188 189/189/189 158/158/158 
f 158/158/158 189/189/189 159/159/159 
f 189/189/189 190/190/190 159/159/159 
f 159/159/159 190/190/190 160/160/160 
f 190/190/190 191/191/191 160/160/160 
f 160/160/160 191/191/191 161/161/161 
f 191/191/191 192/192/192 161/161/161 
f 161/161/161 192/192/192 162/162/162 
f 192/192/192 193/193/193 162/162/162 
f 162/162/162 193/193/193 163/163/163 
f 193/193/193 194/194/194 163/163/163 
f 163/163/163 194/194/194 164/164/164 
f 194/194/194 195/195/195 164/164/164 
f 164/164/164 195/195/195 165/165/165 
f 195/195/195 196/196/196 165/165/165 
f 165/165/165 196/196/196 166/166/166 
f 196/196/196 197/197/197 166/166/166 
f 166/166/166 197/197/197 167/167/167 
f 197/197/197 198/198/198 167/167/167 
f 167/167/167 198/198/198 168/168/168 
f 198/198/198 199/199/199 168/168/168 
f 168/168/168 199/199/199 169/169/169 
f 199/199/199 200/200/200 169/169/169 
f 169/169/169 200/200/200 170/170/170 
f 200/200/200 201/201/201 170/170/170 
f 170/170/170 201/201/201 171/171/171 
f 201/201/201 202/202/202 171/171/171 
f 171/171/171 202/202/202 202/202/202 
f 202/202/202 172/172/172 202/202/202 
f 202/202/202 172/172/172 172/172/172 
f 172/172/172 203/203/203 172/172/172 
f 172/172/172 203/203/203 173/173/173 
f 203/203/203 204/204/204 173/173/173 
f 173/173/173 204/204/204 174/174/174 
f 204/204/204 205/205/205 174/174/174 
f 174/174/174 205/205/205 175/175/175 
f 205/205/205 206/206/206 175/175/175 
f 175/175/175 206/206/206 176/176/176 
f 206/206/206 207/207/207 176/176/176 
f 176/176/176 207/207/207 177/177/177 
f 207/207/207 208/208/208 177/177/177 
f 177/177/177 208/208/208 178/178/178 
f 208/208/208 209/209/209 178/178/178 
f 178/178/178 209/209/209 179/179/179 
f 209/209/209 210/210/210 179/179/179 
f 179/179/179 210/210/210 180/180/180 
f 210/210/210 211/211/211 180/180/180 
f 180/180/180 211/211/211 181/181/181 
f 211/211/211 212/212/212 181/181/181 
f 181/181/181 212/212/212 182/182/182 
f 212/212/212 213/213/213 182/182/182 
f 182/182/182 213/213/213 183/183/183 
f 213/213/213 214/214/214 183/183/183 
f 183/183/183 214/214/214 184/184/184 
f 214/214/214 215/215/215 184/184/184 
f 184/184/184 215/215/215 185/185/185 
f 215/215/215 216/216/216 185/185/185 
f 185/185/185 216/216/216 186/186/186 
f 216/216/216 217/217/217 186/186/186 
f 186/186/186 217/217/217 187/187/187 
f 217/217/217 218/218/218 187/187/187 
f 187/187/187 218/218/218 188/188/188 
f 218/218/218 219/219/219 188/188/188 
f 188/188/188 219/219/219 189/189/189 
f 219/219/219 220/220/220 189/189/189 
f 189/189/189 220/220/220 190/190/190 
f 220/220/220 221/221/221 190/190/190 
f 190/190/190 221/221/221 191/191/191 
f 221/221/221 222/222/222 191/191/191 
f 191/191/191 222/222/222 192/192/192 
f 222/222/222 223/223/223 192/192/192 
f 192/192/192 223/223/223 193/193/193 
f 223/223/223 224/224/224 193/193/193 
f 193/193/193 224/224/224 194/194/194 
f 224/224/224 225/225/225 194/194/194 
f 194/194/194 225/225/225 195/195/195 
f 225/225/225 226/226/226 195/195/195 
f 195/195/195 226/226/226 196/196/196 
f 226/226/226 227/227/227 196/196/196 
f 196/196/196 227/227/227 197/197/197 
f 227/227/227 228/228/228 197/197/197 
f 197/197/197 228/228/228 198/198/198 
f 228/228/228 229/229/229 198/198/198 
f 198/198/198 229/229/229 199/199/199 
f 229/229/229 230/230/230 199/199/199 
f 199/199/199 230/230/230 200/200/200 
f 230/230/230 231/231/231 200/200/200 
f 200/200/200 231/231/231 201/201/201 
f 231/231/231 232/232/232 201/201/201 
f 201/201/201 232/232/232 202/202/202 
f 232/232/232 233/233/233 202/202/202 
f 202/202/202 233/233/233 233/233/233 
f 233/233/233 203/203/203 233/233/233 
f 233/233/233 203/203/203 203/203/203 
f 203/203/203 234/234/234 203/203/203 
f 203/203/203 234/234/234 204/204/204 
f 234/234/234 235/235/235 204/204/204 
f 204/204/204 235/235/235 205/205/205 
f 235/235/235 236/236/236 205/205/205 
f 205/205/205 236/236/236 206/206/206 
f 236/236/236 237/237/237 206/206/206 
f 206/206/206 237/237/237 207/207/207 
f 237/237/237 238/238/238 207/207/207 
f 207/207/207 238/238/238 208/208/208 
f 238/238/238 239/239/239 208/208/208 
f 208/208/208 239/239/239 209/209/209 
f 239/239/239 240/240/240 209/209/209 
f 209/209/209 240/240/240 210/210/210 
f 240/240/240 241/241/241 210/210/210 
f 210/210/210 241/241/241 211/211/211 
f 241/241/241 242/242/242 211/211/211 
f 211/211/211 242/242/242 212/212/212 
f 242/242/242 243/243/243 212/212/212 
f 212/212/212 243/243/243 213/213/213 
f 243/243/243 244/244/244 213/213/213 
f 213/213/213 244/244/244 214/214/214 
f 244/244/244 245/245/245 214/214/214 
f 214/214/214 245/245/245 215/215/215 
f 245/245/245 246/246/246 215/215/215 
f 215/215/215 246/246/246 216/216/216 
f 246/246/246 247/247/247 216/216/216 
f 216/216/216 247/247/247 217/217/217 
f 247/247/247 248/248/248 217/217/217 
f 217/217/217 248/248/248 218/218/218 
f 248/248/248 249/249/249 218/218/218 
f 218/218/218 249/249/249 219/219/219 
f 249/249/249 250/250/250 219/219/219 
f 219/219/219 250/250/250 220/220/220 
f 250/250/250 251/251/251 220/220/220 
f 220/220/220 251/251/251 221/221/221 
f 251/251/251 252/252/252 221/221/221 
f 221/221/221 252/252/252 222/222/222 
f 252/252/252 253/253/253 222/222/222 
f 222/222/222 253/253/253 223/223/223 
f 253/253/253 254/254/254 223/223/223 
f 223/223/223 254/254/254 224/224/224 
f 254/254/254 255/255/255 224/224/224 
f 224/224/224 255/255/255 225/225/225 
f 255/255/255 256/256/256 225/225/225 
f 225/225/225 256/256/256 226/226/226 
f 256/256/256 257/257/257 226/226/226 
f 226/226/226 257/257/257 227/227/227 
f 257/257/257 258/258/258 227/227/227 
f 227/227/227 258/258/258 228/228/228 
f 258/258/258 259/259/259 228/228/228 
f 228/228/228 259/259/259 229/229/229 
f 259/259/259 260/260/260 229/229/229 
f 229/229/229 260/260/260 230/230/230 
f 260/260/260 261/261/261 230/230/230 
f 230/230/230 261/261/261 231/231/231 
f 261/261/261 262/262/262 231/231/231 
f 231/231/231 262/262/262 232/232/232 
f 262/262/262 263/263/263 232/232/232 
f 232/232/232 263/263/263 233/233/233 
f 263/263/263 264/264/264 233/233/233 
f 233/233/233 264/264/264 264/264/264 
f 264/264/264 234/234/234 264/264/264 
f 264/264/264 234/234/234 234/234/234 
f 234/234/234 265/265/265 234/234/234 
f 234/234/234 265/265/265 235/235/235 
f 265/265/265 266/266/266 235/235/235 
f 235/235/235 266/266/266 236/236/236 
f 266/266/266 267/267/267 236/236/236 
f 236/236/236 267/267/267 237/237/237 
f 267/267/267 268/268/268 237/237/237 
f 237/237/237 268/268/268 238/238/238 
f 268/268/268 269/269/269 238/238/238 
f 238/238/238 269/269/269 239/239/239 
f 269/269/269 270/270/270 239/239/239 
f 239/239/239 270/270/270 240/240/240 
f 270/270/270 271/271/271 240/240/240 
f 240/240/240 271/271/271 241/241/241 
f 271/271/271 272/272/272 241/241/241 
f 241/241/241 272/272/272 242/242/242 
f 272/272/272 273/273/273 242/242/242 
f 242/242/242 273/273/273 243/243/243 
f 273/273/273 274/274/274 243/243/243 
f 243/243/243 274/274/274 244/244/244 
f 274/274/274 275/275/275 244/244/244 
f 244/244/244 275/275/275 245/245/245 
f 275/275/275 276/276/276 245/245/245 
f 245/245/245 276/276/276 246/246/246 
f 276/276/276 277/277/277 246/246/246 
f 246/246/246 277/277/277 247/247/247 
f 277/277/277 278/278/278 247/247/247 
f 247/247/247 278/278/278 248/248/248 
f 278/278/278 279/279/279 248/248/248 
f 248/248/248 279/279/279 249/249/249 
f 279/279/279 280/280/280 249/249/249 
f 249/249/249 280/280/280 250/250/250 
f 280/280/280 281/281/281 250/250/250 
f 250/250/250 281/281/281 251/251/251 
f 281/281/281 282/282/282 251/251/251 
f 251/251/251 282/282/282 252/252/252 
f 282/282/282 283/283/283 252/252/252 
f 252/252/252 283/283/283 253/253/253 
f 283/283/283 284/284/284 253/253/253 
f 253/253/253 284/284/284 254/254/254 
f 284/284/284 285/285/285 254/254/254 
f 254/254/254 285/285/285 255/255/255 
f 285/285/285 286/286/286 255/255/255 
f 255/255/255 286/286/286 256/256/256 
f 286/286/286 287/287/287 256/256/256 
f 256/256/256 287/287/287 257/257/257 
f 287/287/287 288/288/288 257/257/257 
f 257/257/257 288/288/288 258/258/258 
f 288/288/288 289/289/289 258/258/258 
f 258/258/258 289/289/289 259/259/259 
f 289/289/289 290/290/290 259/259/259 
f 259/259/259 290/290/290 260/260/260 
f 290/290/290 291/291/291 260/260/260 
f 260/260/260 291/291/291 261/261/261 
f 291/291/291 292/292/292 261/261/261 
f 261/261/261 292/292/292 262/262/262 
f 292/292/292 293/293/293 262/262/262 
f 262/262/262 293/293/293 263/263/263 
f 293/293/293 294/294/294 263/263/263 
f 263/263/263 294/294/294 264/264/264 
f 294/294/294 295/295/295 264/264/264 
f 264/264/264 295/295/295 295/295/295 
f 295/295/295 265/265/265 295/295/295 
f 295/295/295 265/265/265 265/265/265 
f 265/265/265 296/296/296 265/265/265 
f 265/265/265 296/296/296 266/266/266 
f 296/296/296 297/297/297 266/266/266 
f 266/266/266 297/297/297 267/267/267 
f 297/297/297 298/298/298 267/267/267 
f 267/267/267 298/298/298 268/268/268 
f 298/298/298 299/299/299 268/268/268 
f 268/268/268 299/299/299 269/269/269 
f 299/299/299 300/300/300 269/269/269 
f 269/269/269 300/300/300 270/270/270 
f 300/300/300 301/301/301 270/270/270 
f 270/270/270 301/301/301 271/271/271 
f 301/301/301 302/302/302 271/271/271 
f 271/271/271 302/302/302 272/272/272 
f 302/302/302 303/303/303 272/272/272 
f 272/272/272 303/303/303 273/273/273 
f 303/303/303 304/304/304 273/273/273 
f 273/273/273 304/304/304 274/274/274 
f 304/304/304 305/305/305 274/274/274 
f 274/274/274 305/305/305 275/275/275 
f 305/305/305 306/306/306 275/275/275 
f 275/275/275 306/306/306 276/276/276 
f 306/306/306 307/307/307 276/276/276 
f 276/276/276 307/307/307 277/277/277 
f 307/307/307 308/308/308 277/277/277 
f 277/277/277 308/308/308 278/278/278 
f 308/308/308 309/309/309 278/278/278 
f 278/278/278 309/309/309 279/279/279 
f 309/309/309 310/310/310 279/279/279 
f 279/279/279 310/310/310 280/280/280 
f 310/310/310 311/311/311 280/280/280 
f 280/280/280 311/311/311 281/281/281 
f 311/311/311 312/312/312 281/281/281 
f 281/281/281 312/312/312 282/282/282 
f 312/312/312 313/313/313 282/282/282 
f 282/282/282 313/313/313 283/283/283 
f 313/313/313 314/314/314 283/283/283 
f 283/283/283 314/314/314 284/284/284 
f 314/314/314 315/315/315 284/284/284 
f 284/284/284 315/315/315 285/285/285 
f 315/315/315 316/316/316 285/285/285 
f 285/285/285 316/316/316 286/286/286 
f 316/316/316 317/317/317 286/286/286 
f 286/286/286 317/317/317 287/287/287 
f 317/317/317 318/318/318 287/287/287 
f 287/287/287 318/318/318 288/288/288 
f 318/318/318 319/319/319 288/288/288 
f 288/288/288 319/319/319 289/289/289 
f 319/319/319 320/320/320 289/289/289 
f 289/289/289 320/320/320 290/290/290 
f 320/320/320 321/321/321 290/290/290 
f 290/290/290 321/321/321 291/291/291 
f 321/321/321 322/322/322 291/291/291 
f 291/291/291 322/322/322 292/292/292 
f 322/322/322 323/323/323 292/292/292 
f 292/292/292 323/323/323 293/293/293 
f 323/323/323 324/324/324 293/293/293 
f 293/293/293 324/324/324 294/294/294 
f 324/324/324 325/325/325 294/294/294 
f 294/294/294 325/325/325 295/295/295 
f 325/325/325 326/326/326 295/295/295 
f 295/295/295 326/326/326 326/326/326 
f 326/326/326 296/296/296 326/326/326 
f 326/326/326 296/296/296 296/296/296 
f 296/296/296 327/327/327 296/296/296 
f 296/296/296 327/327/327 297/297/297 
f 327/327/327 328/328/328 297/297/297 
f 297/297/297 328/328/328 298/298/298 
f 328/328/328 329/329/329 298/298/298 
f 298/298/298 329/329/329 299/299/299 
f 329/329/329 330/330/330 299/299/299 
f 299/299/299 330/330/330 300/300/300 
f 330/330/330 331/331/331 300/300/300 
f 300/300/300 331/331/331 301/301/301 
f 331/331/331 332/332/332 301/301/301 
f 301/301/301 332/332/332 302/302/302 
f 332/332/332 333/333/333 302/302/302 
f 302/302/302 333/333/333 303/303/303 
f 333/333/333 334/334/334 303/303/303 
f 303/303/303 334/334/334 304/304/304 
f 334/334/334 335/335/335 304/304/304 
f 304/304/304 335/335/335 305/305/305 
f 335/335/335 336/336/336 305/305/305 
f 305/305/305 336/336/336 306/306/306 
f 336/336/336 337/337/337 306/306/306 
f 306/306/306 337/337/337 307/307/307 
f 337/337/337 338/338/338 307/307/307 
f 307/307/307 338/338/338 308/308/308 
f 338/338/338 339/339/339 308/308/308 
f 308/308/308 339/339/339 309/309/309 
f 339/339/339 340/340/340 309/309/309 
f 309/309/309 340/340/340 310/310/310 
f 340/340/340 341/341/341 310/310/310 
f 310/310/310 341/341/341 311/311/311 
f 341/341/341 342/342/342 311/311/311 
f 311/311/311 342/342/342 312/312/312 
f 342/342/342 343/343/343 312/312/312 
f 312/312/312 343/343/343 313/313/313 
f 343/343/343 344/344/344 313/313/313 
f 313/313/313 344/344/344 314/314/314 
f 344/344/344 345/345/345 314/314/314 
f 314/314/314 345/345/345 315/315/315 
f 345/345/345 346/346/346 315/315/315 
f 315/315/315 346/346/346 316/316/316 
f 346/346/346 347/347/347 316/316/316 
f 316/316/316 347/347/347 317/317/317 
f 347/347/347 348/348/348 317/317/317 
f 317/317/317 348/348/348 318/318/318 
f 348/348/348 349/349/349 318/318/318 
f 318/318/318 349/349/349 319/319/319 
f 349/349/349 350/350/350 319/319/319 
f 319/319/319 350/350/350 320/320/320 
f 350/350/350 351/351/351 320/320/320 
f 320/320/320 351/351/351 321/321/321 
f 351/351/351 352/352/352 321/321/321 
f 321/321/321 352/352/352 322/322/322 
f 352/352/352 353/353/353 322/322/322 
f 322/322/322 353/353/353 323/323/323 
f 353/353/353 354/354/354 323/323/323 
f 323/323/323 354/354/354 324/324/324 
f 354/354/354 355/355/355 324/324/324 
f 324/324/324 355/355/355 325/325/325 
f 355/355/355 356/356/356 325/325/325 
f 325/325/325 356/356/356 326/326/326 
f 356/356/356 357/357/357 326/326/326 
f 326/326/326 357/357/357 357/357/357 
f 357/357/357 327/327/327 357/357/357 
f 357/357/357 327/327/327 327/327/327 
f 327/327/327 358/358/358 327/327/327 
f 327/327/327 358/358/358 328/328/328 
f 358/358/358 359/359/359 328/328/328 
f 328/328/328 359/359/359 329/329/329 
f 359/359/359 360/360/360 329/329/329 
f 329/329/329 360/360/360 330/330/330 
f 360/360/360 361/361/361 330/330/330 
f 330/330/330 361/361/361 331/331/331 
f 361/361/361 362/362/362 331/331/331 
f 331/331/331 362/362/362 332/332/332 
f 362/362/362 363/363/363 332/332/332 
f 332/332/332 363/363/363 333/333/333 
f 363/363/363 364/364/364 333/333/333 
f 333/333/333 364/364/364 334/334/334 
f 364/364/364 365/365/365 334/334/334 
f 334/334/334 365/365/365 335/335/335 
f 365/365/365 366/366/366 335/335/335 
f 335/335/335 366/366/366 336/336/336 
f 366/366/366 367/367/367 336/336/336 
f 336/336/336 367/367/367 337/337/337 
f 367/367/367 368/368/368 337/337/337 
f 337/337/337 368/368/368 338/338/338 
f 368/368/368 369/369/369 338/338/338 
f 338/338/338 369/369/369 339/339/339 
f 369/369/369 370/370/370 339/339/339 
f 339/339/339 370/370/370 340/340/340 
f 370/370/370 371/371/371 340/340/340 
f 340/340/340 371/371/371 341/341/341 
f 371/371/371 372/372/372 341/341/341 
f 341/341/341 372/372/372 342/342/342 
f 372/372/372 373/373/373 342/342/342 
f 342/342/342 373/373/373 343/343/343 
f 373/373/373 374/374/374 343/343/343 
f 343/343/343 374/374/374 344/344/344 
f 374/374/374 375/375/375 344/344/344 
f 344/344/344 375/375/375 345/345/345 
f 375/375/375 376/376/376 345/345/345 
f 345/345/345 376/376/376 346/346/346 
f 376/376/376 377/377/377 346/346/346 
f 346/346/346 377/377/377 347/347/347 
f 377/377/377 378/378/378 347/347/347 
f 347/347/347 378/378/378 348/348/348 
f 378/378/378 379/379/379 348/348/348 
f 348/348/348 379/379/379 349/349/349 
f 379/379/379 380/380/380 349/349/349 
f 349/349/349 380/380/380 350/350/350 
f 380/380/380 381/381/381 350/350/350 
f 350/350/350 381/381/381 351/351/351 
f 381/381/381 382/382/382 351/351/351 
f 351/351/351 382/382/382 352/352/352 
f 382/382/382 383/383/383 352/352/352 
f 352/352/352 383/383/383 353/353/353 
f 383/383/383 384/384/384 353/353/353 
f 353/353/353 384/384/384 354/354/354 
f 384/384/384 385/385/385 354/354/354 
f 354/354/354 385/385/385 355/355/355 
f 385/385/385 386/386/386 355/355/355 
f 355/355/355 386/386/386 356/356/356 
f 386/386/386 387/387/387 356/356/356 
f 356/356/356 387/387/387 357/357/357 
f 387/387/387 388/388/388 357/357/357 
f 357/357/357 388/388/388 388/388/388 
f 388/388/388 358/358/358 388/388/388 
f 388/388/388 358/358/358 358/358/358 
f 358/358/358 389/389/389 358/358/358 
f 358/358/358 389/389/389 359/359/359 
f 389/389/389 390/390/390 359/359/359 
f 359/359/359 390/390/390 360/360/360 
f 390/390/390 391/391/391 360/360/360 
f 360/360/360 391/391/391 361/361/361 
f 391/391/391 392/392/392 361/361/361 
f 361/361/361 392/392/392 362/362/362 
f 392/392/392 393/393/393 362/362/362 
f 362/362/362 393/393/393 363/363/363 
f 393/393/393 394/394/394 363/363/363 
f 363/363/363 394/394/394 364/364/364 
f 394/394/394 395/395/395 364/364/364 
f 364/364/364 395/395/395 365/365/365 
f 395/395/395 396/396/396 365/365/365 
f 365/365/365 396/396/396 366/366/366 
f 396/396/396 397/397/397 366/366/366 
f 366/366/366 397/397/397 367/367/367 
f 397/397/397 398/398/398 367/367/367 
f 367/367/367 398/398/398 368/368/368 
f 398/398/398 399/399/399 368/368/368 
f 368/368/368 399/399/399 369/369/369 
f 399/399/399 400/400/400 369/369/369 
f 369/369/369 400/400/400 370/370/370 
f 400/400/400 401/401/401 370/370/370 
f 370/370/370 401/401/401 371/371/371 
f 401/401/401 402/402/402 371/371/371 
f 371/371/371 402/402/402 372/372/372 
f 402/402/402 403/403/403 372/372/372 
f 372/372/372 403/403/403 373/373/373 
f 403/403/403 404/404/404 373/373/373 
f 373/373/373 404/404/404 374/374/374 
f 404/404/404 405/405/405 374/374/374 
f 374/374/374 405/405/405 375/375/375 
f 405/405/405 406/406/406 375/375/375 
f 375/375/375 406/406/406 376/376/376 
f 406/406/406 407/407/407 376/376/376 
f 376/376/376 407/407/407 377/377/377 
f 407/407/407 408/408/408 377/377/377 
f 377/377/377 408/408/408 378/378/378 
f 408/408/408 409/409/409 378/378/378 
f 378/378/378 409/409/409 379/379/379 
f 409/409/409 410/410/410 379/379/379 
f 379/379/379 410/410/410 380/380/380 
f 410/410/410 411/411/411 380/380/380 
f 380/380/380 411/411/411 381/381/381 
f 411/411/411 412/412/412 381/381/381 
f 381/381/381 412/412/412 382/382/382 
f 412/412/412 413/413/413 382/382/382 
f 382/382/382 413/413/413 383/383/383 
f 413/413/413 414/414/414 383/383/383 
f 383/383/383 414/414/414 384/384/384 
f 414/414/414 415/415/415 384/384/384 
f 384/384/384 415/415/415 385/385/385 
f 415/415/415 416/416/416 385/385/385 
f 385/385/385 416/416/416 386/386/386 
f 416/416/416 417/417/417 386/386/386 
f 386/386/386 417/417/417 387/387/387 
f 417/417/417 418/418/418 387/387/387 
f 387/387/387 418/418/418 388/388/388 
f 418/418/418 419/419/419 388/388/388 
f 388/388/388 419/419/419 419/419/419 
f 419/419/419 389/389/389 419/419/419 
f 419/419/419 389/389/389 389/389/389 
f 389/389/389 420/420/420 389/389/389 
f 389/389/389 420/420/420 390/390/390 
f 420/420/420 421/421/421 390/390/390 
f 390/390/390 421/421/421 391/391/391 
f 421/421/421 422/422/422 391/391/391 
f 391/391/391 422/422/422 392/392/392 
f 422/422/422 423/423/423 392/392/392 
f 392/392/392 423/423/423 393/393/393 
f 423/423/423 424/424/424 393/393/393 
f 393/393/393 424/424/424 394/394/394 
f 424/424/424 425/425/425 394/394/394 
f 394/394/394 425/425/425 395/395/395 
f 425/425/425 426/426/426 395/395/395 
f 395/395/395 426/426/426 396/396/396 
f 426/426/426 427/427/427 396/396/396 
f 396/396/396 427/427/427 397/397/397 
f 427/427/427 428/428/428 397/397/397 
f 397/397/397 428/428/428 398/398/398 
f 428/428/428 429/429/429 398/398/398 
f 398/398/398 429/429/429 399/399/399 
f 429/429/429 430/430/430 399/399/399 
f 399/399/399 430/430/430 400/400/400 
f 430/430/430 431/431/431 400/400/400 
f 400/400/400 431/431/431 401/401/401 
f 431/431/431 432/432/432 401/401/401 
f 401/401/401 432/432/432 402/402/402 
f 432/432/432 433/433/433 402/402/402 
f 402/402/402 433/433/433 403/403/403 
f 433/433/433 434/434/434 403/403/403 
f 403/403/403 434/434/434 404/404/404 
f 434/434/434 435/435/435 404/404/404 
f 404/404/404 435/435/435 405/405/405 
f 435/435/435 436/436/436 405/405/405 
f 405/405/405 436/436/436 406/406/406 
f 436/436/436 437/437/437 406/406/406 
f 406/406/406 437/437/437 407/407/407 
f 437/437/437 438/438/438 407/407/407 
f 407/407/407 438/438/438 408/408/408 
f 438/438/438 439/439/439 408/408/408 
f 408/408/408 439/439/439 409/409/409 
f 439/439/439 440/440/440 409/409/409 
f 409/409/409 440/440/440 410/410/410 
f 440/440/440 441/441/441 410/410/410 
f 410/410/410 441/441/441 411/411/411 
f 441/441/441 442/442/442 411/411/411 
f 411/411/411 442/442/442 412/412/412 
f 442/442/442 443/443/443 412/412/412 
f 412/412/412 443/443/443 413/413/413 
f 443/443/443 444/444/444 413/413/413 
f 413/413/413 444/444/444 414/414/414 
f 444/444/444 445/445/445 414/414/414 
f 414/414/414 445/445/445 415/415/415 
f 445/445/445 446/446/446 415/415/415 
f 415/415/415 446/446/446 416/416/416 
f 446/446/446 447/447/447 416/416/416 
f 416/416/416 447/447/447 417/417/417 
f 447/447/447 448/448/448 417/417/417 
f 417/417/417 448/448/448 418/418/418 
f 448/448/448 449/449/449 418/418/418 
f 418/418/418 449/449/449 419/419/419 
f 449/449/449 450/450/450 419/419/419 
f 419/419/419 450/450/450 450/450/450 
f 450/450/450 420/420/420 450/450/450 
f 450/450/450 420/420/420 420/420/420 
f 420/420/420 451/451/451 420/420/420 
f 420/420/420 451/451/451 421/421/421 
f 451/451/451 452/452/452 421/421/421 
f 421/421/421 452/452/452 422/422/422 
f 452/452/452 453/453/453 422/422/422 
f 422/422/422 453/453/453 423/423/423 
f 453/453/453 454/454/454 423/423/423 
f 423/423/423 454/454/454 424/424/424 
f 454/454/454 455/455/455 424/424/424 
f 424/424/424 455/455/455 425/425/425 
f 455/455/455 456/456/456 425/425/425 
f 425/425/425 456/456/456 426/426/426 
f 456/456/456 457/457/457 426/426/426 
f 426/426/426 457/457/457 427/427/427 
f 457/457/457 458/458/458 427/427/427 
f 427/427/427 458/458/458 428/428/428 
f 458/458/458 459/459/459 428/428/428 
f 428/428/428 459/459/459 429/429/429 
f 459/459/459 460/460/460 429/429/429 
f 429/429/429 460/460/460 430/430/430 
f 460/460/460 461/461/461 430/430/430 
f 430/430/430 461/461/461 431/431/431 
f 461/461/461 462/462/462 431/431/431 
f 431/431/431 462/462/462 432/432/432 
f 462/462/462 463/463/463 432/432/432 
f 432/432/432 463/463/463 433/433/433 
f 463/463/463 464/464/464 433/433/433 
f 433/433/433 464/464/464 434/434/434 
f 464/464/464 465/465/465 434/434/434 
f 434/434/434 465/465/465 435/435/435 
f 465/465/465 466/466/466 435/435/435 
f 435/435/435 466/466/466 436/436/436 
f 466/466/466 467/467/467 436/436/436 
f 436/436/436 467/467/467 437/437/437 
f 467/467/467 468/468/468 437/437/437 
f 437/437/437 468/468/468 438/438/438 
f 468/468/468 469/469/469 438/438/438 
f 438/438/438 469/469/469 439/439/439 
f 469/469/469 470/470/470 439/439/439 
f 439/439/439 470/470/470 440/440/440 
f 470/470/470 471/471/471 440/440/440 
f 440/440/440 471/471/471 441/441/441 
f 471/471/471 472/472/472 441/441/441 
f 441/441/441 472/472/472 442/442/442 
f 472/472/472 473/473/473 442/442/442 
f 442/442/442 473/473/473 443/443/443 
f 473/473/473 474/474/474 443/443/443 
f 443/443/443 474/474/474 444/444/444 
f 474/474/474 475/475/475 444/444/444 
f 444/444/444 475/475/475 445/445/445 
f 475/475/475 476/476/476 445/445/445 
f 445/445/445 476/476/476 446/446/446 
f 476/476/476 477/477/477 446/446/446 
f 446/446/446 477/477/477 447/447/447 
f 477/477/477 478/478/478 447/447/447 
f 447/447/447 478/478/478 448/448/448 
f 478/478/478 479/479/479 448/448/448 
f 448/448/448 479/479/479 449/449/449 
f 479/479/479 480/480/480 449/449/449 
f 449/449/449 480/480/480 450/450/450 
f 480/480/480 481/481/481 450/450/450 
f 450/450/450 481/481/481 481/481/481 
f 481/481/481 451/451/451 481/481/481 
f 481/481/481 451/451/451 451/451/451 
f 451/451/451 482/482/482 451/451/451 
f 451/451/451 482/482/482 452/452/452 
f 482/482/482 483/483/483 452/452/452 
f 452/452/452 483/483/483 453/453/453 
f 483/483/483 484/484/484 453/453/453 
f 453/453/453 484/484/484 454/454/454 
f 484/484/484 485/485/485 454/454/454 
f 454/454/454 485/485/485 455/455/455 
f 485/485/485 486/486/486 455/455/455 
f 455/455/455 486/486/486 456/456/456 
f 486/486/486 487/487/487 456/456/456 
f 456/456/456 487/487/487 457/457/457 
f 487/487/487 488/488/488 457/457/457 
f 457/457/457 488/488/488 458/458/458 
f 488/488/488 489/489/489 458/458/458 
f 458/458/458 489/489/489 459/459/459 
f 489/489/489 490/490/490 459/459/459 
f 459/459/459 490/490/490 460/460/460 
f 490/490/490 491/491/491 460/460/460 
f 460/460/460 491/491/491 461/461/461 
f 491/491/491 492/492/492 461/461/461 
f 461/461/461 492/492/492 462/462/462 
f 492/492/492 493/493/493 462/462/462 
f 462/462/462 493/493/493 463/463/463 
f 493/493/493 494/494/494 463/463/463 
f 463/463/463 494/494/494 464/464/464 
f 494/494/494 495/495/495 464/464/464 
f 464/464/464 495/495/495 465/465/465 
f 495/495/495 496/496/496 465/465/465 
f 465/465/465 496/496/496 466/466/466 
f 496/496/496 497/497/497 466/466/466 
f 466/466/466 497/497/497 467/467/467 
f 497/497/497 498/498/498 467/467/467 
f 467/467/467 498/498/498 468/468/468 
f 498/498/498 499/499/499 468/468/468 
f 468/468/468 499/499/499 469/469/469 
f 499/499/499 500/500/500 469/469/469 
f 469/469/469 500/500/500 470/470/470 
f 500/500/500 501/501/501 470/470/470 
f 470/470/470 501/501/501 471/471/471 
f 501/501/501 502/502/502 471/471/471 
f 471/471/471 502/502/502 472/472/472 
f 502/502/502 503/503/503 472/472/472 
f 472/472/472 503/503/503 473/473/473 
f 503/503/503 504/504/504 473/473/473 
f 473/473/473 504/504/504 474/474/474 
f 504/504/504 505/505/505 474/474/474 
f 474/474/474 505/505/505 475/475/475 
f 505/505/505 506/506/506 475/475/475 
f 475/475/475 506/506/506 476/476/476 
f 506/506/506 507/507/507 476/476/476 
f 476/476/476 507/507/507 477/477/477 
f 507/507/507 508/508/508 477/477/477 
f 477/477/477 508/508/508 478/478/478 
f 508/508/508 509/509/509 478/478/478 
f 478/478/478 509/509/509 479/479/479 
f 509/509/509 510/510/510 479/479/479 
f 479/479/479 510/510/510 480/480/480 
f 510/510/510 511/511/511 480/480/480 
f 480/480/480 511/511/511 481/481/481 
f 511/511/511 512/512/512 481/481/481 
f 481/481/481 512/512/512 512/512/512 
f 512/512/512 482/482/482 512/512/512 
f 512/512/512 482/482/482 482/482/482 
f 482/482/482 513/513/513 482/482/482 
f 482/482/482 513/513/513 483/483/483 
f 513/513/513 514/514/514 483/483/483 
f 483/483/483 514/514/514 484/484/484 
f 514/514/514 515/515/515 484/484/484 
f 484/484/484 515/515/515 485/485/485 
f 515/515/515 516/516/516 485/485/485 
f 485/485/485 516/516/516 486/486/486 
f 516/516/516 517/517/517 486/486/486 
f 486/486/486 517/517/517 487/487/487 
f 517/517/517 518/518/518 487/487/487 
f 487/487/487 518/518/518 488/488/488 
f 518/518/518 519/519/519 488/488/488 
f 488/488/488 519/519/519 489/489/489 
f 519/519/519 520/520/520 489/489/489 
f 489/489/489 520/520/520 490/490/490 
f 520/520/520 521/521/521 490/490/490 
f 490/490/490 521/521/521 491/491/491 
f 521/521/521 522/522/522 491/491/491 
f 491/491/491 522/522/522 492/492/492 
f 522/522/522 523/523/523 492/492/492 
f 492/492/492 523/523/523 493/493/493 
f 523/523/523 524/524/524 493/493/493 
f 493/493/493 524/524/524 494/494/494 
f 524/524/524 525/525/525 494/494/494 
f 494/494/494 525/525/525 495/495/495 
f 525/525/525 526/526/526 495/495/495 
f 495/495/495 526/526/526 496/496/496 
f 526/526/526 527/527/527 496/496/496 
f 496/496/496 527/527/527 497/497/497 
f 527/527/527 528/528/528 497/497/497 
f 497/497/497 528/528/528 498/498/498 
f 528/528/528 529/529/529 498/498/498 
f 498/498/498 529/529/529 499/499/499 
f 529/529/529 530/530/530 499/499/499 
f 499/499/499 530/530/530 500/500/500 
f 530/530/530 531/531/531 500/500/500 
f 500/500/500 531/531/531 501/501/501 
f 531/531/531 532/532/532 501/501/501 
f 501/501/501 532/532/532 502/502/502 
f 532/532/532 533/533/533 502/502/502 
f 502/502/502 533/533/533 503/503/503 
f 533/533/533 534/534/534 503/503/503 
f 503/503/503 534/534/534 504/504/504 
f 534/534/534 535/535/535 504/504/504 
f 504/504/504 535/535/535 505/505/505 
f 535/535/535 536/536/536 505/505/505 
f 505/505/505 536/536/536 506/506/506 
f 536/536/536 537/537/537 506/506/506 
f 506/506/506 537/537/537 507/507/507 
f 537/537/537 538/538/538 507/507/507 
f 507/507/507 538/538/538 508/508/508 
f 538/538/538 539/539/539 508/508/508 
f 508/508/508 539/539/539 509/509/509 
f 539/539/539 540/540/540 509/509/509 
f 509/509/509 540/540/540 510/510/510 
f 540/540/540 541/541/541 510/510/510 
f 510/510/510 541/541/541 511/511/511 
f 541/541/541 542/542/542 511/511/511 
f 511/511/511 542/542/542 512/512/512 
f 542/542/542 543/543/543 512/512/512 
f 512/512/512 543/543/543 543/543/543 
f 543/543/543 513/513/513 543/543/543 
f 543/543/543 513/513/513 513/513/513 
f 513/513/513 544/544/544 513/513/513 
f 513/513/513 544/544/544 514/514/514 
f 544/544/544 545/545/545 514/514/514 
f 514/514/514 545/545/545 515/515/515 
f 545/545/545 546/546/546 515/515/515 
f 515/515/515 546/546/546 516/516/516 
f 546/546/546 547/547/547 516/516/516 
f 516/516/516 547/547/547 517/517/517 
f 547/547/547 548/548/548 517/517/517 
f 517/517/517 548/548/548 518/518/518 
f 548/548/548 549/549/549 518/518/518 
f 518/518/518 549/549/549 519/519/519 
f 549/549/549 550/550/550 519/519/519 
f 519/519/519 550/550/550 520/520/520 
f 550/550/550 551/551/551 520/520/520 
f 520/520/520 551/551/551 521/521/521 
f 551/551/551 552/552/552 521/521/521 
f 521/521/521 552/552/552 522/522/522 
f 552/552/552 553/553/553 522/522/522 
f 522/522/522 553/553/553 523/523/523 
f 553/553/553 554/554/554 523/523/523 
f 523/523/523 554/554/554 524/524/524 
f 554/554/554 555/555/555 524/524/524 
f 524/524/524 555/555/555 525/525/525 
f 555/555/555 556/556/556 525/525/525 
f 525/525/525 556/556/556 526/526/526 
f 556/556/556 557/557/557 526/526/526 
f 526/526/526 557/557/557 527/527/527 
f 557/557/557 558/558/558 527/527/527 
f 527/527/527 558/558/558 528/528/528 
f 558/558/558 559/559/559 528/528/528 
f 528/528/528 559/559/559 529/529/529 
f 559/559/559 560/560/560 529/529/529 
f 529/529/529 560/560/560 530/530/530 
f 560/560/560 561/561/561 530/530/530 
f 530/530/530 561/561/561 531/531/531 
f 561/561/561 562/562/562 531/531/531 
f 531/531/531 562/562/562 532/532/532 
f 562/562/562 563/563/563 532/532/532 
f 532/532/532 563/563/563 533/533/533 
f 563/563/563 564/564/564 533/533/533 
f 533/533/533 564/564/564 534/534/534 
f 564/564/564 565/565/565 534/534/534 
f 534/534/534 565/565/565 535/535/535 
f 565/565/565 566/566/566 535/535/535 
f 535/535/535 566/566/566 536/536/536 
f 566/566/566 567/567/567 536/536/536 
f 536/536/536 567/567/567 537/537/537 
f 567/567/567 568/568/568 537/537/537 
f 537/537/537 568/568/568 538/538/538 
f 568/568/568 569/569/569 538/538/538 
f 538/538/538 569/569/569 539/539/539 
f 569/569/569 570/570/570 539/539/539 
f 539/539/539 570/570/570 540/540/540 
f 570/570/570 571/571/571 540/540/540 
f 540/540/540 571/571/571 541/541/541 
f 571/571/571 572/572/572 541/541/541 
f 541/541/541 572/572/572 542/542/542 
f 572/572/572 573/573/573 542/542/542 
f 542/542/542 573/573/573 543/543/543 
f 573/573/573 574/574/574 543/543/543 
f 543/543/543 574/574/574 574/574/574 
f 574/574/574 544/544/544 574/574/574 
f 574/574/574 544/544/544 544/544/544 
f 544/544/544 575/575/575 544/544/544 
f 544/544/544 575/575/575 545/545/545 
f 575/575/575 576/576/576 545/545/545 
f 545/545/545 576/576/576 546/546/546 
f 576/576/576 577/577/577 546/546/546 
f 546/546/546 577/577/577 547/547/547 
f 577/577/577 578/578/578 547/547/547 
f 547/547/547 578/578/578 548/548/548 
f 578/578/578 579/579/579 548/548/548 
f 548/548/548 579/579/579 549/549/549 
f 579/579/579 580/580/580 549/549/549 
f 549/549/549 580/580/580 550/550/550 
f 580/580/580 581/581/581 550/550/550 
f 550/550/550 581/581/581 551/551/551 
f 581/581/581 582/582/582 551/551/551 
f 551/551/551 582/582/582 552/552/552 
f 582/582/582 583/583/583 552/552/552 
f 552/552/552 583/583/583 553/553/553 
f 583/583/583 584/584/584 553/553/553 
f 553/553/553 584/584/584 554/554/554 
f 584/584/584 585/585/585 554/554/554 
f 554/554/554 585/585/585 555/555/555 
f 585/585/585 586/586/586 555/555/555 
f 555/555/555 586/586/586 556/556/556 
f 586/586/586 587/587/587 556/556/556 
f 556/556/556 587/587/587 557/557/557 
f 587/587/587 588/588/588 557/557/557 
f 557/557/557 588/588/588 558/558/558 
f 588/588/588 589/589/589 558/558/558 
f 558/558/558 589/589/589 559/559/559 
f 589/589/589 590/590/590 559/559/559 
f 559/559/559 590/590/590 560/560/560 
f 590/590/590 591/591/591 560/560/560 
f 560/560/560 591/591/591 561/561/561 
f 591/591/591 592/592/592 561/561/561 
f 561/561/561 592/592/592 562/562/562 
f 592/592/592 593/593/593 562/562/562 
f 562/562/562 593/593/593 563/563/563 
f 593/593/593 594/594/594 563/563/563 
f 563/563/563 594/594/594 564/564/564 
f 594/594/594 595/595/595 564/564/564 
f 564/564/564 595/595/595 565/565/565 
f 595/595/595 596/596/596 565/565/565 
f 565/565/565 596/596/596 566/566/566 
f 596/596/596 597/597/597 566/566/566 
f 566/566/566 597/597/597 567/567/567 
f 597/597/597 598/598/598 567/567/567 
f 567/567/567 598/598/598 568/568/568 
f 598/598/598 599/599/599 568/568/568 
f 568/568/568 599/599/599 569/569/569 
f 599/599/599 600/600/600 569/569/569 
f 569/569/569 600/600/600 570/570/570 
f 600/600/600 601/601/601 570/570/570 
f 570/570/570 601/601/601 571/571/571 
f 601/601/601 602/602/602 571/571/571 
f 571/571/571 602/602/602 572/572/572 
f 602/602/602 603/603/603 572/572/572 
f 572/572/572 603/603/603 573/573/573 
f 603/603/603 604/604/604 573/573/573 
f 573/573/573 604/604/604 574/574/574 
f 604/604/604 605/605/605 574/574/574 
f 574/574/574 605/605/605 605/605/605 
f 605/605/605 575/575/575 605/605/605 
f 605/605/605 575/575/575 575/575/575 
f 575/575/575 606/606/606 575/575/575 
f 575/575/575 606/606/606 576/576/576 
f 606/606/606 607/607/607 576/576/576 
f 576/576/576 607/607/607 577/577/577 
f 607/607/607 608/608/608 577/577/577 
f 577/577/577 608/608/608 578/578/578 
f 608/608/608 609/609/609 578/578/578 
f 578/578/578 609/609/609 579/579/579 
f 609/609/609 610/610/610 579/579/579 
f 579/579/579 610/610/610 580/580/580 
f 610/610/610 611/611/611 580/580/580 
f 580/580/580 611/611/611 581/581/581 
f 611/611/611 612/612/612 581/581/581 
f 581/581/581 612/612/612 582/582/582 
f 612/612/612 613/613/613 582/582/582 
f 582/582/582 613/613/613 583/583/583 
f 613/613/613 614/614/614 583/583/583 
f 583/583/583 614/614/614 584/584/584 
f 614/614/614 615/615/615 584/584/584 
f 584/584/584 615/615/615 585/585/585 
f 615/615/615 616/616/616 585/585/585 
f 585/585/585 616/616/616 586/586/586 
f 616/616/616 617/617/617 586/586/586 
f 586/586/586 617/617/617 587/587/587 
f 617/617/617 618/618/618 587/587/587 
f 587/587/587 618/618/618 588/588/588 
f 618/618/618 619/619/619 588/588/588 
f 588/588/588 619/619/619 589/589/589 
f 619/619/619 620/620/620 589/589/589 
f 589/589/589 620/620/620 590/590/590 
f 620/620/620 621/621/621 590/590/590 
f 590/590/590 621/621/621 591/591/591 
f 621/621/621 622/622/622 591/591/591 
f 591/591/591 622/622/622 592/592/592 
f 622/622/622 623/623/623 592/592/592 
f 592/592/592 623/623/623 593/593/593 
f 623/623/623 624/624/624 593/593/593 
f 593/593/593 624/624/624 594/594/594 
f 624/624/624 625/625/625 594/594/594 
f 594/594/594 625/625/625 595/595/595 
f 625/625/625 626/626/626 595/595/595 
f 595/595/595 626/626/626 596/596/596 
f 626/626/626 627/627/627 596/596/596 
f 596/596/596 627/627/627 597/597/597 
f 627/627/627 628/628/628 597/597/597 
f 597/597/597 628/628/628 598/598/598 
f 628/628/628 629/629/629 598/598/598 
f 598/598/598 629/629/629 599/599/599 
f 629/629/629 630/630/630 599/599/599 
f 599/599/599 630/630/630 600/600/600 
f 630/630/630 631/631/631 600/600/600 
f 600/600/600 631/631/631 601/601/601 
f 631/631/631 632/632/632 601/601/601 
f 601/601/601 632/632/632 602/602/602 
f 632/632/632 633/633/633 602/602/602 
f 602/602/602 633/633/633 603/603/603 
f 633/633/633 634/634/634 603/603/603 
f 603/603/603 634/634/634 604/604/604 
f 634/634/634 635/635/635 604/604/604 
f 604/604/604 635/635/635 605/605/605 
f 635/635/635 636/636/636 605/605/605 
f 605/605/605 636/636/636 636/636/636 
f 636/636/636 606/606/606 636/636/636 
f 636/636/636 606/606/606 606/606/606 
f 606/606/606 637/637/637 606/606/606 
f 606/606/606 637/637/637 607/607/607 
f 637/637/637 638/638/638 607/607/607 
f 607/607/607 638/638/638 608/608/608 
f 638/638/638 639/639/639 608/608/608 
f 608/608/608 639/639/639 609/609/609 
f 639/639/639 640/640/640 609/609/609 
f 609/609/609 640/640/640 610/610/610 
f 640/640/640 641/641/641 610/610/610 
f 610/610/610 641/641/641 611/611/611 
f 641/641/641 642/642/642 611/611/611 
f 611/611/611 642/642/642 612/612/612 
f 642/642/642 643/643/643 612/612/612 
f 612/612/612 643/643/643 613/613/613 
f 643/643/643 644/644/644 613/613/613 
f 613/613/613 644/644/644 614/614/614 
f 644/644/644 645/645/645 614/614/614 
f 614/614/614 645/645/645 615/615/615 
f 645/645/645 646/646/646 615/615/615 
f 615/615/615 646/646/646 616/616/616 
f 646/646/646 647/647/647 616/616/616 
f 616/616/616 647/647/647 617/617/617 
f 647/647/647 648/648/648 617/617/617 
f 617/617/617 648/648/648 618/618/618 
f 648/648/648 649/649/649 618/618/618 
f 618/618/618 649/649/649 619/619/619 
f 649/649/649 650/650/650 619/619/619 
f 619/619/619 650/650/650 620/620/620 
f 650/650/650 651/651/651 620/620/620 
f 620/620/620 651/651/651 621/621/621 
f 651/651/651 652/652/652 621/621/621 
f 621/621/621 652/652/652 622/622/622 
f 652/652/652 653/653/653 622/622/622 
f 622/622/622 653/653/653 623/623/623 
f 653/653/653 654/654/654 623/623/623 
f 623/623/623 654/654/654 624/624/624 
f 654/654/654 655/655/655 624/624/624 
f 624/624/624 655/655/655 625/625/625 
f 655/655/655 656/656/656 625/625/625 
f 625/625/625 656/656/656 626/626/626 
f 656/656/656 657/657/657 626/626/626 
f 626/626/626 657/657/657 627/627/627 
f 657/657/657 658/658/658 627/627/627 
f 627/627/627 658/658/658 628/628/628 
f 658/658/658 659/659/659 628/628/628 
f 628/628/628 659/659/659 629/629/629 
f 659/659/659 660/660/660 629/629/629 
f 629/629/629 660/660/660 630/630/630 
f 660/660/660 661/661/661 630/630/630 
f 630/630/630 661/661/661 631/631/631 
f 661/661/661 662/662/662 631/631/631 
f 631/631/631 662/662/662 632/632/632 
f 662/662/662 663/663/663 632/632/632 
f 632/632/632 663/663/663 633/633/633 
f 663/663/663 664/664/664 633/633/633 
f 633/633/633 664/664/664 634/634/634 
f 664/664/664 665/665/665 634/634/634 
f 634/634/634 665/665/665 635/635/635 
f 665/665/665 666/666/666 635/635/635 
f 635/635/635 666/666/666 636/636/636 
f 666/666/666 667/667/667 636/636/636 
f 636/636/636 667/667/667 667/667/667 
f 667/667/667 637/637/637 667/667/667 
f 667/667/667 637/637/637 637/637/637 
f 637/637/637 668/668/668 637/637/637 
f 637/637/637 668/668/668 638/638/638 
f 668/668/668 669/669/669 638/638/638 
f 638/638/638 669/669/669 639/639/639 
f 669/669/669 670/670/670 639/639/639 
f 639/639/639 670/670/670 640/640/640 
f 670/670/670 671/671/671 640/640/640 
f 640/640/640 671/671/671 641/641/641 
f 671/671/671 672/672/672 641/641/641 
f 641/641/641 672/672/672 642/642/642 
f 672/672/672 673/673/673 642/642/642 
f 642/642/642 673/673/673 643/643/643 
f 673/673/673 674/674/674 643/643/643 
f 643/643/643 674/674/674 644/644/644 
f 674/674/674 675/675/675 644/644/644 
f 644/644/644 675/675/675 645/645/645 
f 675/675/675 676/676/676 645/645/645 
f 645/645/645 676/676/676 646/646/646 
f 676/676/676 677/677/677 646/646/646 
f 646/646/646 677/677/677 647/647/647 
f 677/677/677 678/678/678 647/647/647 
f 647/647/647 678/678/678 648/648/648 
f 678/678/678 679/679/679 648/648/648 
f 648/648/648 679/679/679 649/649/649 
f 679/679/679 680/680/680 649/649/649 
f 649/649/649 680/680/680 650/650/650 
f 680/680/680 681/681/681 650/650/650 
f 650/650/650 681/681/681 651/651/651 
f 681/681/681 682/682/682 651/651/651 
f 651/651/651 682/682/682 652/652/652 
f 682/682/682 683/683/683 652/652/652 
f 652/652/652 683/683/683 653/653/653 
f 683/683/683 684/684/684 653/653/653 
f 653/653/653 684/684/684 654/654/654 
f 684/684/684 685/685/685 654/654/654 
f 654/654/654 685/685/685 655/655/655 
f 685/685/685 686/686/686 655/655/655 
f 655/655/655 686/686/686 656/656/656 
f 686/686/686 687/687/687 656/656/656 
f 656/656/656 687/687/687 657/657/657 
f 687/687/687 688/688/688 657/657/657 
f 657/657/657 688/688/688 658/658/658 
f 688/688/688 689/689/689 658/658/658 
f 658/658/658 689/689/689 659/659/659 
f 689/689/689 690/690/690 659/659/659 
f 659/659/659 690/690/690 660/660/660 
f 690/690/690 691/691/691 660/660/660 
f 660/660/660 691/691/691 661/661/661 
f 691/691/691 692/692/692 661/661/661 
f 661/661/661 692/692/692 662/662/662 
f 692/692/692 693/693/693 662/662/662 
f 662/662/662 693/693/693 663/663/663 
f 693/693/693 694/694/694 663/663/663 
f 663/663/663 694/694/694 664/664/664 
f 694/694/694 695/695/695 664/664/664 
f 664/664/664 695/695/695 665/665/665 
f 695/695/695 696/696/696 665/665/665 
f 665/665/665 696/696/696 666/666/666 
f 696/696/696 697/697/697 666/666/666 
f 666/666/666 697/697/697 667/667/667 
f 697/697/697 698/698/698 667/667/667 
f 667/667/667 698/698/698 698/698/698 
f 698/698/698 699/699/699 698/698/698 
f 698/698/698 699/699/699 699/699/699 
f 699/699/699 700/700/700 699/699/699 
f 699/699/699 700/700/700 701/701/701 
f 700/700/700 702/702/702 701/701/701 
f 701/701/701 702/702/702 703/703/703 
f 702/702/702 704/704/704 703/703/703 
f 703/703/703 704/704/704 705/705/705 
f 704/704/704 706/706/706 705/705/705 
f 705/705/705 706/706/706 707/707/707 
f 706/706/706 708/708/708 707/707/707 
f 707/707/707 708/708/708 709/709/709 
f 708/708/708 710/710/710 709/709/709 
f 709/709/709 710/710/710 711/711/711 
f 710/710/710 712/712/712 711/711/711 
f 711/711/711 712/712/712 713/713/713 
f 712/712/712 714/714/714 713/713/713 
f 713/713/713 714/714/714 715/715/715 
f 714/714/714 716/716/716 715/715/715 
f 715/715/715 716/716/716 716/716/716 
f 716/716/716 717/717/717 716/716/716 
f 716/716/716 717/717/717 717/717/717 
f 717/717/717 718/718/718 717/717/717 
f 717/717/717 718/718/718 719/719/719 
f 718/718/718 720/720/720 719/719/719 
f 719/719/719 720/720/720 721/721/721 
f 720/720/720 722/722/722 721/721/721 
f 721/721/721 722/722/722 723/723/723 
f 722/722/722 724/724/724 723/723/723 
f 723/723/723 724/724/724 725/725/725 
f 724/724/724 726/726/726 725/725/725 
f 725/725/725 726/726/726 727/727/727 
f 726/726/726 728/728/728 727/727/727 
f 727/727/727 728/728/728 729/729/729 
f 728/728/728 730/730/730 729/729/729 
f 729/729/729 730/730/730 731/731/731 
f 730/730/730 732/732/732 731/731/731 
f 731/731/731 732/732/732 733/733/733 
f 732/732/732 734/734/734 733/733/733 
f 733/733/733 734/734/734 735/735/735 
f 734/734/734 736/736/736 735/735/735 
f 735/735/735 736/736/736 737/737/737 
f 736/736/736 738/738/738 737/737/737 
f 737/737/737 738/738/738 739/739/739 
f 738/738/738 740/740/740 739/739/739 
f 739/739/739 740/740/740 741/741/741 
f 740/740/740 742/742/742 741/741/741 
f 741/741/741 742/742/742 743/743/743 
f 742/742/742 744/744/744 743/743/743 
f 743/743/743 744/744/744 745/745/745 
f 744/744/744 746/746/746 745/745/745 
f 745/745/745 746/746/746 747/747/747 
f 746/746/746 748/748/748 747/747/747 
f 747/747/747 748/748/748 749/749/749 
f 748/748/748 750/750/750 749/749/749 
f 749/749/749 750/750/750 751/751/751 
f 750/750/750 752/752/752 751/751/751 
f 751/751/751 752/752/752 753/753/753 
f 752/752/752 754/754/754 753/753/753 
f 753/753/753 754/754/754 755/755/755 
f 754/754/754 756/756/756 755/755/755 
f 755/755/755 756/756/756 757/757/757 
f 756/756/756 758/758/758 757/757/757 
f 757/757/757 758/758/758 758/758/758 
f 758/758/758 718/718/718 758/758/758 
f 758/758/758 718/718/718 718/718/718 
f 718/718/718 759/759/759 718/718/718 
f 718/718/718 759/759/759 720/720/720 
f 759/759/759 760/760/760 720/720/720 
f 720/720/720 760/760/760 722/722/722 
f 760/760/760 761/761/761 722/722/722 
f 722/722/722 761/761/761 724/724/724 
f 761/761/761 762/762/762 724/724/724 
f 724/724/724 762/762/762 726/726/726 
f 762/762/762 763/763/763 726/726/726 
f 726/726/726 763/763/763 728/728/728 
f 763/763/763 764/764/764 728/728/728 
f 728/728/728 764/764/764 730/730/730 
f 764/764/764 765/765/765 730/730/730 
f 730/730/730 765/765/765 732/732/732 
f 765/765/765 766/766/766 732/732/732 
f 732/732/732 766/766/766 734/734/734 
f 766/766/766 767/767/767 734/734/734 
f 734/734/734 767/767/767 736/736/736 
f 767/767/767 768/768/768 736/736/736 
f 736/736/736 768/768/768 738/738/738 
f 768/768/768 769/769/769 738/738/738 
f 738/738/738 769/769/769 740/740/740 
f 769/769/769 770/770/770 740/740/740 
f 740/740/740 770/770/770 742/742/742 
f 770/770/770 771/771/771 742/742/742 
f 742/742/742 771/771/771 744/744/744 
f 771/771/771 772/772/772 744/744/744 
f 744/744/744 772/772/772 746/746/746 
f 772/772/772 773/773/773 746/746/746 
f 746/746/746 773/773/773 748/748/748 
f 773/773/773 774/774/774 748/748/748 
f 748/748/748 774/774/774 750/750/750 
f 774/774/774 775/775/775 750/750/750 
f 750/750/750 775/775/775 752/752/752 
f 775/775/775 776/776/776 752/752/752 
f 752/752/752 776/776/776 754/754/754 
f 776/776/776 777/777/777 754/754/754 
f 754/754/754 777/777/777 756/756/756 
f 777/777/777 778/778/778 756/756/756 
f 756/756/756 778/778/778 758/758/758 
f 778/778/778 779/779/779 758/758/758 
f 758/758/758 779/779/779 779/779/779 
f 779/779/779 759/759/759 779/779/779 
f 779/779/779 759/759/759 759/759/759 
f 759/759/759 780/780/780 759/759/759 
f 759/759/759 780/780/780 760/760/760 
f 780/780/780 781/781/781 760/760/760 
f 760/760/760 781/781/781 761/761/761 
f 781/781/781 782/782/782 761/761/761 
f 761/761/761 782/782/782 762/762/762 
f 782/782/782 783/783/783 762/762/762 
f 762/762/762 783/783/783 763/763/763 
f 783/783/783 784/784/784 763/763/763 
f 763/763/763 784/784/784 764/764/764 
f 784/784/784 785/785/785 764/764/764 
f 764/764/764 785/785/785 765/765/765 
f 785/785/785 786/786/786 765/765/765 
f 765/765/765 786/786/786 766/766/766 
f 786/786/786 787/787/787 766/766/766 
f 766/766/766 787/787/787 767/767/767 
f 787/787/787 788/788/788 767/767/767 
f 767/767/767 788/788/788 768/768/768 
f 788/788/788 789/789/789 768/768/768 
f 768/768/768 789/789/789 769/769/769 
f 789/789/789 790/790/790 769/769/769 
f 769/769/769 790/790/790 770/770/770 
f 790/790/790 791/791/791 770/770/770 
f 770/770/770 791/791/791 771/771/771 
f 791/791/791 792/792/792 771/771/771 
f 771/771/771 792/792/792 772/772/772 
f 792/792/792 793/793/793 772/772/772 
f 772/772/772 793/793/793 773/773/773 
f 793/793/793 794/794/794 773/773/773 
f 773/773/773 794/794/794 774/774/774 
f 794/794/794 795/795/795 774/774/774 
f 774/774/774 795/795/795 775/775/775 
f 795/795/795 796/796/796 775/775/775 
f 775/775/775 796/796/796 776/776/776 
f 796/796/796 797/797/797 776/776/776 
f 776/776/776 797/797/797 777/777/777 
f 797/797/797 798/798/798 777/777/777 
f 777/777/777 798/798/798 778/778/778 
f 798/798/798 799/799/799 778/778/778 
f 778/778/778 799/799/799 779/779/779 
f 799/799/799 800/800/800 779/779/779 
f 779/779/779 800/800/800 800/800/800 
f 800/800/800 780/780/780 800/800/800 
f 800/800/800 780/780/780 780/780/780 
f 780/780/780 801/801/801 780/780/780 
f 780/780/780 801/801/801 781/781/781 
f 801/801/801 802/802/802 781/781/781 
f 781/781/781 802/802/802 782/782/782 
f 802/802/802 803/803/803 782/782/782 
f 782/782/782 803/803/803 783/783/783 
f 803/803/803 804/804/804 783/783/783 
f 783/783/783 804/804/804 784/784/784 
f 804/804/804 805/805/805 784/784/784 
f 784/784/784 805/805/805 785/785/785 
f 805/805/805 806/806/806 785/785/785 
f 785/785/785 806/806/806 786/786/786 
f 806/806/806 807/807/807 786/786/786 
f 786/786/786 807/807/807 787/787/787 
f 807/807/807 808/808/808 787/787/787 
f 787/787/787 808/808/808 788/788/788 
f 808/808/808 809/809/809 788/788/788 
f 788/788/788 809/809/809 789/789/789 
f 809/809/809 810/810/810 789/789/789 
f 789/789/789 810/810/810 790/790/790 
f 810/810/810 811/811/811 790/790/790 
f 790/790/790 811/811/811 791/791/791 
f 811/811/811 812/812/812 791/791/791 
f 791/791/791 812/812/812 792/792/792 
f 812/812/812 813/813/813 792/792/792 
f 792/792/792 813/813/813 793/793/793 
f 813/813/813 814/814/814 793/793/793 
f 793/793/793 814/814/814 794/794/794 
f 814/814/814 815/815/815 794/794/794 
f 794/794/794 815/815/815 795/795/795 
f 815/815/815 816/816/816 795/795/795 
f 795/795/795 816/816/816 796/796/796 
f 816/816/816 817/817/817 796/796/796 
f 796/796/796 817/817/817 797/797/797 
f 817/817/817 818/818/818 797/797/797 
f 797/797/797 818/818/818 798/798/798 
f 818/818/818 819/819/819 798/798/798 
f 798/798/798 819/819/819 799/799/799 
f 819/819/819 820/820/820 799/799/799 
f 799/799/799 820/820/820 800/800/800 
f 820/820/820 821/821/821 800/800/800 
f 800/800/800 821/821/821 821/821/821 
f 821/821/821 801/801/801 821/821/821 
f 821/821/821 801/801/801 801/801/801 
f 801/801/801 822/822/822 801/801/801 
f 801/801/801 822/822/822 802/802/802 
f 822/822/822 823/823/823 802/802/802 
f 802/802/802 823/823/823 803/803/803 
f 823/823/823 824/824/824 803/803/803 
f 803/803/803 824/824/824 804/804/804 
f 824/824/824 825/825/825 804/804/804 
f 804/804/804 825/825/825 805/805/805 
f 825/825/825 826/826/826 805/805/805 
f 805/805/805 826/826/826 806/806/806 
f 826/826/826 827/827/827 806/806/806 
f 806/806/806 827/827/827 807/807/807 
f 827/827/827 828/828/828 807/807/807 
f 807/807/807 828/828/828 808/808/808 
f 828/828/828 829/829/829 808/808/808 
f 808/808/808 829/829/829 809/809/809 
f 829/829/829 830/830/830 809/809/809 
f 809/809/809 830/830/830 810/810/810 
f 830/830/830 831/831/831 810/810/810 
f 810/810/810 831/831/831 811/811/811 
f 831/831/831 832/832/832 811/811/811 
f 811/811/811 832/832/832 812/812/812 
f 832/832/832 833/833/833 812/812/812 
f 812/812/812 833/833/833 813/813/813 
f 833/833/833 834/834/834 813/813/813 
f 813/813/813 834/834/834 814/814/814 
f 834/834/834 835/835/835 814/814/814 
f 814/814/814 835/835/835 815/815/815 
f 835/835/835 836/836/836 815/815/815 
f 815/815/815 836/836/836 816/816/816 
f 836/836/836 837/837/837 816/816/816 
f 816/816/816 837/837/837 817/817/817 
f 837/837/837 838/838/838 817/817/817 
f 817/817/817 838/838/838 818/818/818 
f 838/838/838 839/839/839 818/818/818 
f 818/818/818 839/839/839 819/819/819 
f 839/839/839 840/840/840 819/819/819 
f 819/819/819 840/840/840 820/820/820 
f 840/840/840 841/841/841 820/820/820 
f 820/820/820 841/841/841 821/821/821 
f 841/841/841 842/842/842 821/821/821 
f 821/821/821 842/842/842 842/842/842 
f 842/842/842 823/823/823 842/842/842 
f 842/842/842 823/823/823 823/823/823 
f 823/823/823 843/843/843 823/823/823 
f 823/823/823 843/843/843 824/824/824 
f 843/843/843 844/844/844 824/824/824 
f 824/824/824 844/844/844 825/825/825 
f 844/844/844 845/845/845 825/825/825 
f 825/825/825 845/845/845 826/826/826 
f 845/845/845 846/846/846 826/826/826 
f 826/826/826 846/846/846 827/827/827 
f 846/846/846 847/847/847 827/827/827 
f 827/827/827 847/847/847 828/828/828 
f 847/847/847 848/848/848 828/828/828 
f 828/828/828 848/848/848 829/829/829 
f 848/848/848 849/849/849 829/829/829 
f 829/829/829 849/849/849 830/830/830 
f 849/849/849 850/850/850 830/830/830 
f 830/830/830 850/850/850 831/831/831 
f 850/850/850 851/851/851 831/831/831 
f 831/831/831 851/851/851 832/832/832 
f 851/851/851 852/852/852 832/832/832 
f 832/832/832 852/852/852 833/833/833 
f 852/852/852 853/853/853 833/833/833 
f 833/833/833 853/853/853 834/834/834 
f 853/853/853 854/854/854 834/834/834 
f 834/834/834 854/854/854 835/835/835 
f 854/854/854 855/855/855 835/835/835 
f 835/835/835 855/855/855 836/836/836 
f 855/855/855 856/856/856 836/836/836 
f 836/836/836 856/856/856 837/837/837 
f 856/856/856 857/857/857 837/837/837 
f 837/837/837 857/857/857 838/838/838 
f 857/857/857 858/858/858 838/838/838 
f 838/838/838 858/858/858 839/839/839 
f 858/858/858 859/859/859 839/839/839 
f 839/839/839 859/859/859 840/840/840 
f 859/859/859 860/860/860 840/840/840 
f 840/840/840 860/860/860 841/841/841 
f 860/860/860 861/861/861 841/841/841 
f 841/841/841 861/861/861 842/842/842 
f 861/861/861 862/862/862 842/842/842 
f 842/842/842 862/862/862 862/862/862 
f 862/862/862 843/843/843 862/862/862 
f 862/862/862 843/843/843 843/843/843 
f 843/843/843 863/863/863 843/843/843 
f 843/843/843 863/863/863 844/844/844 
f 863/863/863 864/864/864 844/844/844 
f 844/844/844 864/864/864 845/845/845 
f 864/864/864 865/865/865 845/845/845 
f 845/845/845 865/865/865 846/846/846 
f 865/865/865 866/866/866 846/846/846 
f 846/846/846 866/866/866 847/847/847 
f 866/866/866 867/867/867 847/847/847 
f 847/847/847 867/867/867 848/848/848 
f 867/867/867 868/868/868 848/848/848 
f 848/848/848 868/868/868 849/849/849 
f 868/868/868 869/869/869 849/849/849 
f 849/849/849 869/869/869 850/850/850 
f 869/869/869 870/870/870 850/850/850 
f 850/850/850 870/870/870 851/851/851 
f 870/870/870 871/871/871 851/851/851 
f 851/851/851 871/871/871 852/852/852 
f 871/871/871 872/872/872 852/852/852 
f 852/852/852 872/872/872 853/853/853 
f 872/872/872 873/873/873 853/853/853 
f 853/853/853 873/873/873 854/854/854 
f 873/873/873 874/874/874 854/854/854 
f 854/854/854 874/874/874 855/855/855 
f 874/874/874 875/875/875 855/855/855 
f 855/855/855 875/875/875 856/856/856 
f 875/875/875 876/876/876 856/856/856 
f 856/856/856 876/876/876 857/857/857 
f 876/876/876 877/877/877 857/857/857 
f 857/857/857 877/877/877 858/858/858 
f 877/877/877 878/878/878 858/858/858 
f 858/858/858 878/878/878 859/859/859 
f 878/878/878 879/879/879 859/859/859 
f 859/859/859 879/879/879 860/860/860 
f 879/879/879 880/880/880 860/860/860 
f 860/860/860 880/880/880 861/861/861 
f 880/880/880 881/881/881 861/861/861 
f 861/861/861 881/881/881 862/862/862 
f 881/881/881 882/882/882 862/862/862 
f 862/862/862 882/882/882 882/882/882 
f 882/882/882 863/863/863 882/882/882 
f 882/882/882 863/863/863 863/863/863 
f 863/863/863 883/883/883 863/863/863 
f 863/863/863 883/883/883 864/864/864 
f 883/883/883 884/884/884 864/864/864 
f 864/864/864 884/884/884 865/865/865 
f 884/884/884 885/885/885 865/865/865 
f 865/865/865 885/885/885 866/866/866 
f 885/885/885 886/886/886 866/866/866 
f 866/866/866 886/886/886 867/867/867 
f 886/886/886 887/887/887 867/867/867 
f 867/867/867 887/887/887 868/868/868 
f 887/887/887 888/888/888 868/868/868 
f 868/868/868 888/888/888 869/869/869 
f 888/888/888 889/889/889 869/869/869 
f 869/869/869 889/889/889 870/870/870 
f 889/889/889 890/890/890 870/870/870 
f 870/870/870 890/890/890 871/871/871 
f 890/890/890 891/891/891 871/871/871 
f 871/871/871 891/891/891 872/872/872 
f 891/891/891 892/892/892 872/872/872 
f 872/872/872 892/892/892 873/873/873 
f 892/892/892 893/893/893 873/873/873 
f 873/873/873 893/893/893 874/874/874 
f 893/893/893 894/894/894 874/874/874 
f 874/874/874 894/894/894 875/875/875 
f 894/894/894 895/895/895 875/875/875 
f 875/875/875 895/895/895 876/876/876 
f 895/895/895 896/896/896 876/876/876 
f 876/876/876 896/896/896 877/877/877 
f 896/896/896 897/897/897 877/877/877 
f 877/877/877 897/897/897 878/878/878 
f 897/897/897 898/898/898 878/878/878 
f 878/878/878 898/898/898 879/879/879 
f 898/898/898 899/899/899 879/879/879 
f 879/879/879 899/899/899 880/880/880 
f 899/899/899 900/900/900 880/880/880 
f 880/880/880 900/900/900 881/881/881 
f 900/900/900 901/901/901 881/881/881 
f 881/881/881 901/901/901 882/882/882 
f 901/901/901 902/902/902 882/882/882 
f 882/882/882 902/902/902 902/902/902 
f 902/902/902 883/883/883 902/902/902 
f 902/902/902 883/883/883 883/883/883 
f 883/883/883 903/903/903 883/883/883 
f 883/883/883 903/903/903 884/884/884 
f 903/903/903 904/904/904 884/884/884 
f 884/884/884 904/904/904 885/885/885 
f 904/904/904 905/905/905 885/885/885 
f 885/885/885 905/905/905 886/886/886 
f 905/905/905 906/906/906 886/886/886 
f 886/886/886 906/906/906 887/887/887 
f 906/906/906 907/907/907 887/887/887 
f 887/887/887 907/907/907 888/888/888 
f 907/907/907 908/908/908 888/888/888 
f 888/888/888 908/908/908 889/889/889 
f 908/908/908 909/909/909 889/889/889 
f 889/889/889 909/909/909 890/890/890 
f 909/909/909 910/910/910 890/890/890 
f 890/890/890 910/910/910 891/891/891 
f 910/910/910 911/911/911 891/891/891 
f 891/891/891 911/911/911 892/892/892 
f 911/911/911 912/912/912 892/892/892 
f 892/892/892 912/912/912 893/893/893 
f 912/912/912 913/913/913 893/893/893 
f 893/893/893 913/913/913 894/894/894 
f 913/913/913 914/914/914 894/894/894 
f 894/894/894 914/914/914 895/895/895 
f 914/914/914 915/915/915 895/895/895 
f 895/895/895 915/915/915 896/896/896 
f 915/915/915 916/916/916 896/896/896 
f 896/896/896 916/916/916 897/897/897 
f 916/916/916 917/917/917 897/897/897 
f 897/897/897 917/917/917 898/898/898 
f 917/917/917 918/918/918 898/898/898 
f 898/898/898 918/918/918 899/899/899 
f 918/918/918 919/919/919 899/899/899 
f 899/899/899 919/919/919 900/900/900 
f 919/919/919 920/920/920 900/900/900 
f 900/900/900 920/920/920 901/901/901 
f 920/920/920 921/921/921 901/901/901 
f 901/901/901 921/921/921 902/902/902 
f 921/921/921 922/922/922 902/902/902 
f 902/902/902 922/922/922 922/922/922 
f 922/922/922 903/903/903 922/922/922 
f 922/922/922 903/903/903 903/903/903 
f 903/903/903 923/923/923 903/903/903 
f 903/903/903 923/923/923 904/904/904 
f 923/923/923 924/924/924 904/904/904 
f 904/904/904 924/924/924 905/905/905 
f 924/924/924 925/925/925 905/905/905 
f 905/905/905 925/925/925 906/906/906 
f 925/925/925 926/926/926 906/906/906 
f 906/906/906 926/926/926 907/907/907 
f 926/926/926 927/927/927 907/907/907 
f 907/907/907 927/927/927 908/908/908 
f 927/927/927 928/928/928 908/908/908 
f 908/908/908 928/928/928 909/909/909 
f 928/928/928 929/929/929 909/909/909 
f 909/909/909 929/929/929 910/910/910 
f 929/929/929 930/930/930 910/910/910 
f 910/910/910 930/930/930 911/911/911 
f 930/930/930 931/931/931 911/911/911 
f 911/911/911 931/931/931 912/912/912 
f 931/931/931 932/932/932 912/912/912 
f 912/912/912 932/932/932 913/913/913 
f 932/932/932 933/933/933 913/913/913 
f 913/913/913 933/933/933 914/914/914 
f 933/933/933 934/934/934 914/914/914 
f 914/914/914 934/934/934 915/915/915 
f 934/934/934 935/935/935 915/915/915 
f 915/915/915 935/935/935 916/916/916 
f 935/935/935 936/936/936 916/916/916 
f 916/916/916 936/936/936 917/917/917 
f 936/936/936 937/937/937 917/917/917 
f 917/917/917 937/937/937 918/918/918 
f 937/937/937 938/938/938 918/918/918 
f 918/918/918 938/938/938 919/919/919 
f 938/938/938 939/939/939 919/919/919 
f 919/919/919 939/939/939 920/920/920 
f 939/939/939 940/940/940 920/920/920 
f 920/920/920 940/940/940 921/921/921 
f 940/940/940 941/941/941 921/921/921 
f 921/921/921 941/941/941 922/922/922 
f 941/941/941 942/942/942 922/922/922 
f 922/922/922 942/942/942 942/942/942 
f 942/942/942 923/923/923 942/942/942 
f 942/942/942 923/923/923 923/923/923 
f 923/923/923 943/943/943 923/923/923 
f 923/923/923 943/943/943 924/924/924 
f 943/943/943 944/944/944 924/924/924 
f 924/924/924 944/944/944 925/925/925 
f 944/944/944 945/945/945 925/925/925 
f 925/925/925 945/945/945 926/926/926 
f 945/945/945 946/946/946 926/926/926 
f 926/926/926 946/946/946 927/927/927 
f 946/946/946 947/947/947 927/927/927 
f 927/927/927 947/947/947 928/928/928 
f 947/947/947 948/948/948 928/928/928 
f 928/928/928 948/948/948 929/929/929 
f 948/948/948 949/949/949 929/929/929 
f 929/929/929 949/949/949 930/930/930 
f 949/949/949 950/950/950 930/930/930 
f 930/930/930 950/950/950 931/931/931 
f 950/950/950 951/951/951 931/931/931 
f 931/931/931 951/951/951 932/932/932 
f 951/951/951 952/952/952 932/932/932 
f 932/932/932 952/952/952 933/933/933 
f 952/952/952 953/953/953 933/933/933 
f 933/933/933 953/953/953 934/934/934 
f 953/953/953 954/954/954 934/934/934 
f 934/934/934 954/954/954 935/935/935 
f 954/954/954 955/955/955 935/935/935 
f 935/935/935 955/955/955 936/936/936 
f 955/955/955 956/956/956 936/936/936 
f 936/936/936 956/956/956 937/937/937 
f 956/956/956 957/957/957 937/937/937 
f 937/937/937 957/957/957 938/938/938 
f 957/957/957 958/958/958 938/938/938 
f 938/938/938 958/958/958 939/939/939 
f 958/958/958 959/959/959 939/939/939 
f 939/939/939 959/959/959 940/940/940 
f 959/959/959 960/960/960 940/940/940 
f 940/940/940 960/960/960 941/941/941 
f 960/960/960 961/961/961 941/941/941 
f 941/941/941 961/961/961 942/942/942 
f 961/961/961 962/962/962 942/942/942 
f 942/942/942 962/962/962 962/962/962 
f 962/962/962 943/943/943 962/962/962 
f 962/962/962 943/943/943 943/943/943 
f 943/943/943 963/963/963 943/943/943 
f 943/943/943 963/963/963 944/944/944 
f 963/963/963 964/964/964 944/944/944 
f 944/944/944 964/964/964 945/945/945 
f 964/964/964 965/965/965 945/945/945 
f 945/945/945 965/965/965 946/946/946 
f 965/965/965 966/966/966 946/946/946 
f 946/946/946 966/966/966 947/947/947 
f 966/966/966 967/967/967 947/947/947 
f 947/947/947 967/967/967 948/948/948 
f 967/967/967 968/968/968 948/948/948 
f 948/948/948 968/968/968 949/949/949 
f 968/968/968 969/969/969 949/949/949 
f 949/949/949 969/969/969 950/950/950 
f 969/969/969 970/970/970 950/950/950 
f 950/950/950 970/970/970 951/951/951 
f 970/970/970 971/971/971 951/951/951 
f 951/951/951 971/971/971 952/952/952 
f 971/971/971 972/972/972 952/952/952 
f 952/952/952 972/972/972 953/953/953 
f 972/972/972 973/973/973 953/953/953 
f 953/953/953 973/973/973 954/954/954 
f 973/973/973 974/974/974 954/954/954 
f 954/954/954 974/974/974 955/955/955 
f 974/974/974 975/975/975 955/955/955 
f 955/955/955 975/975/975 956/956/956 
f 975/975/975 976/976/976 956/956/956 
f 956/956/956 976/976/976 957/957/957 
f 976/976/976 977/977/977 957/957/957 
f 957/957/957 977/977/977 958/958/958 
f 977/977/977 978/978/978 958/958/958 
f 958/958/958 978/978/978 959/959/959 
f 978/978/978 979/979/979 959/959/959 
f 959/959/959 979/979/979 960/960/960 
f 979/979/979 980/980/980 960/960/960 
f 960/960/960 980/980/980 961/961/961 
f 980/980/980 981/981/981 961/961/961 
f 961/961/961 981/981/981 962/962/962 
f 981/981/981 982/982/982 962/962/962 
f 962/962/962 982/982/982 982/982/982 
f 982/982/982 963/963/963 982/982/982 
f 982/982/982 963/963/963 963/963/963 
f 963/963/963 983/983/983 963/963/963 
f 963/963/963 983/983/983 964/964/964 
f 983/983/983 984/984/984 964/964/964 
f 964/964/964 984/984/984 965/965/965 
f 984/984/984 985/985/985 965/965/965 
f 965/965/965 985/985/985 966/966/966 
f 985/985/985 986/986/986 966/966/966 
f 966/966/966 986/986/986 967/967/967 
f 986/986/986 987/987/987 967/967/967 
f 967/967/967 987/987/987 968/968/968 
f 987/987/987 988/988/988 968/968/968 
f 968/968/968 988/988/988 969/969/969 
f 988/988/988 989/989/989 969/969/969 
f 969/969/969 989/989/989 970/970/970 
f 989/989/989 990/990/990 970/970/970 
f 970/970/970 990/990/990 971/971/971 
f 990/990/990 991/991/991 971/971/971 
f 971/971/971 991/991/991 972/972/972 
f 991/991/991 992/992/992 972/972/972 
f 972/972/972 992/992/992 973/973/973 
f 992/992/992 993/993/993 973/973/973 
f 973/973/973 993/993/993 974/974/974 
f 993/993/993 994/994/994 974/974/974 
f 974/974/974 994/994/994 975/975/975 
f 994/994/994 995/995/995 975/975/975 
f 975/975/975 995/995/995 976/976/976 
f 995/995/995 996/996/996 976/976/976 
f 976/976/976 996/996/996 977/977/977 
f 996/996/996 997/997/997 977/977/977 
f 977/977/977 997/997/997 978/978/978 
f 997/997/997 998/998/998 978/978/978 
f 978/978/978 998/998/998 979/979/979 
f 998/998/998 999/999/999 979/979/979 
f 979/979/979 999/999/999 980/980/980 
f 999/999/999 1000/1000/1000 980/980/980 
f 980/980/980 1000/1000/1000 981/981/981 
f 1000/1000/1000 1001/1001/1001 981/981/981 
f 981/981/981 1001/1001/1001 982/982/982 
f 1001/1001/1001 1002/1002/1002 982/982/982 
f 982/982/982 1002/1002/1002 1002/1002/1002 
f 1002/1002/1002 983/983/983 1002/1002/1002 
f 1002/1002/1002 983/983/983 983/983/983 
f 983/983/983 1003/1003/1003 983/983/983 
f 983/983/983 1003/1003/1003 984/984/984 
f 1003/1003/1003 1004/1004/1004 984/984/984 
f 984/984/984 1004/1004/1004 985/985/985 
f 1004/1004/1004 1005/1005/1005 985/985/985 
f 985/985/985 1005/1005/1005 986/986/986 
f 1005/1005/1005 1006/1006/1006 986/986/986 
f 986/986/986 1006/1006/1006 987/987/987 
f 1006/1006/1006 1007/1007/1007 987/987/987 
f 987/987/987 1007/1007/1007 988/988/988 
f 1007/1007/1007 1008/1008/1008 988/988/988 
f 988/988/988 1008/1008/1008 989/989/989 
f 1008/1008/1008 1009/1009/1009 989/989/989 
f 989/989/989 1009/1009/1009 990/990/990 
f 1009/1009/1009 1010/1010/1010 990/990/990 
f 990/990/990 1010/1010/1010 991/991/991 
f 1010/1010/1010 1011/1011/1011 991/991/991 
f 991/991/991 1011/1011/1011 992/992/992 
f 1011/1011/1011 1012/1012/1012 992/992/992 
f 992/992/992 1012/1012/1012 993/993/993 
f 1012/1012/1012 1013/1013/1013 993/993/993 
f 993/993/993 1013/1013/1013 994/994/994 
f 1013/1013/1013 1014/1014/1014 994/994/994 
f 994/994/994 1014/1014/1014 995/995/995 
f 1014/1014/1014 1015/1015/1015 995/995/995 
f 995/995/995 1015/1015/1015 996/996/996 
f 1015/1015/1015 1016/1016/1016 996/996/996 
f 996/996/996 1016/1016/1016 997/997/997 
f 1016/1016/1016 1017/1017/1017 997/997/997 
f 997/997/997 1017/1017/1017 998/998/998 
f 1017/1017/1017 1018/1018/1018 998/998/998 
f 998/998/998 1018/1018/1018 999/999/999 
f 1018/1018/1018 1019/1019/1019 999/999/999 
f 999/999/999 1019/1019/1019 1000/1000/1000 
f 1019/1019/1019 1020/1020/1020 1000/1000/1000 
f 1000/1000/1000 1020/1020/1020 1001/1001/1001 
f 1020/1020/1020 1021/1021/1021 1001/1001/1001 
f 1001/1001/1001 1021/1021/1021 1002/1002/1002 
f 1021/1021/1021 1022/1022/1022 1002/1002/1002 
f 1002/1002/1002 1022/1022/1022 1022/1022/1022 
f 1022/1022/1022 1003/1003/1003 1022/1022/1022 
f 1022/1022/1022 1003/1003/1003 1003/1003/1003 
f 1003/1003/1003 1023/1023/1023 1003/1003/1003 
f 1003/1003/1003 1023/1023/1023 1004/1004/1004 
f 1023/1023/1023 1024/1024/1024 1004/1004/1004 
f 1004/1004/1004 1024/1024/1024 1005/1005/1005 
f 1024/1024/1024 1025/1025/1025 1005/1005/1005 
f 1005/1005/1005 1025/1025/1025 1006/1006/1006 
f 1025/1025/1025 1026/1026/1026 1006/1006/1006 
f 1006/1006/1006 1026/1026/1026 1007/1007/1007 
f 1026/1026/1026 1027/1027/1027 1007/1007/1007 
f 1007/1007/1007 1027/1027/1027 1008/1008/1008 
f 1027/1027/1027 1028/1028/1028 1008/1008/1008 
f 1008/1008/1008 1028/1028/1028 1009/1009/1009 
f 1028/1028/1028 1029/1029/1029 1009/1009/1009 
f 1009/1009/1009 1029/1029/1029 1010/1010/1010 
f 1029/1029/1029 1030/1030/1030 1010/1010/1010 
f 1010/1010/1010 1030/1030/1030 1011/1011/1011 
f 1030/1030/1030 1031/1031/1031 1011/1011/1011 
f 1011/1011/1011 1031/1031/1031 1012/1012/1012 
f 1031/1031/1031 1032/1032/1032 1012/1012/1012 
f 1012/1012/1012 1032/1032/1032 1013/1013/1013 
f 1032/1032/1032 1033/1033/1033 1013/1013/1013 
f 1013/1013/1013 1033/1033/1033 1014/1014/1014 
f 1033/1033/1033 1034/1034/1034 1014/1014/1014 
f 1014/1014/1014 1034/1034/1034 1015/1015/1015 
f 1034/1034/1034 1035/1035/1035 1015/1015/1015 
f 1015/1015/1015 1035/1035/1035 1016/1016/1016 
f 1035/1035/1035 1036/1036/1036 1016/1016/1016 
f 1016/1016/1016 1036/1036/1036 1017/1017/1017 
f 1036/1036/1036 1037/1037/1037 1017/1017/1017 
f 1017/1017/1017 1037/1037/1037 1018/1018/1018 
f 1037/1037/1037 1038/1038/1038 1018/1018/1018 
f 1018/1018/1018 1038/1038/1038 1019/1019/1019 
f 1038/1038/1038 1039/1039/1039 1019/1019/1019 
f 1019/1019/1019 1039/1039/1039 1020/1020/1020 
f 1039/1039/1039 1040/1040/1040 1020/1020/1020 
f 1020/1020/1020 1040/1040/1040 1021/1021/1021 
f 1040/1040/1040 1041/1041/1041 1021/1021/1021 
f 1021/1021/1021 1041/1041/1041 1022/1022/1022 
f 1041/1041/1041 1042/1042/1042 1022/1022/1022 
f 1022/1022/1022 1042/1042/1042 1042/1042/1042 
f 1042/1042/1042 1023/1023/1023 1042/1042/1042 
f 1042/1042/1042 1023/1023/1023 1023/1023/1023 
f 1023/1023/1023 1043/1043/1043 1023/1023/1023 
f 1023/1023/1023 1043/1043/1043 1024/1024/1024 
f 1043/1043/1043 1044/1044/1044 1024/1024/1024 
f 1024/1024/1024 1044/1044/1044 1025/1025/1025 
f 1044/1044/1044 1045/1045/1045 1025/1025/1025 
f 1025/1025/1025 1045/1045/1045 1026/1026/1026 
f 1045/1045/1045 1046/1046/1046 1026/1026/1026 
f 1026/1026/1026 1046/1046/1046 1027/1027/1027 
f 1046/1046/1046 1047/1047/1047 1027/1027/1027 
f 1027/1027/1027 1047/1047/1047 1028/1028/1028 
f 1047/1047/1047 1048/1048/1048 1028/1028/1028 
f 1028/1028/1028 1048/1048/1048 1029/1029/1029 
f 1048/1048/1048 1049/1049/1049 1029/1029/1029 
f 1029/1029/1029 1049/1049/1049 1030/1030/1030 
f 1049/1049/1049 1050/1050/1050 1030/1030/1030 
f 1030/1030/1030 1050/1050/1050 1031/1031/1031 
f 1050/1050/1050 1051/1051/1051 1031/1031/1031 
f 1031/1031/1031 1051/1051/1051 1032/1032/1032 
f 1051/1051/1051 1052/1052/1052 1032/1032/1032 
f 1032/1032/1032 1052/1052/1052 1033/1033/1033 
f 1052/1052/1052 1053/1053/1053 1033/1033/1033 
f 1033/1033/1033 1053/1053/1053 1034/1034/1034 
f 1053/1053/1053 1054/1054/1054 1034/1034/1034 
f 1034/1034/1034 1054/1054/1054 1035/1035/1035 
f 1054/1054/1054 1055/1055/1055 1035/1035/1035 
f 1035/1035/1035 1055/1055/1055 1036/1036/1036 
f 1055/1055/1055 1056/1056/1056 1036/1036/1036 
f 1036/1036/1036 1056/1056/1056 1037/1037/1037 
f 1056/1056/1056 1057/1057/1057 1037/1037/1037 
f 1037/1037/1037 1057/1057/1057 1038/1038/1038 
f 1057/1057/1057 1058/1058/1058 1038/1038/1038 
f 1038/1038/1038 1058/1058/1058 1039/1039/1039 
f 1058/1058/1058 1059/1059/1059 1039/1039/1039 
f 1039/1039/1039 1059/1059/1059 1040/1040/1040 
f 1059/1059/1059 1060/1060/1060 1040/1040/1040 
f 1040/1040/1040 1060/1060/1060 1041/1041/1041 
f 1060/1060/1060 1061/1061/1061 1041/1041/1041 
f 1041/1041/1041 1061/1061/1061 1042/1042/1042 
f 1061/1061/1061 1062/1062/1062 1042/1042/1042 
f 1042/1042/1042 1062/1062/1062 1062/1062/1062 
f 1062/1062/1062 1043/1043/1043 1062/1062/1062 
f 1062/1062/1062 1043/1043/1043 1043/1043/1043 
f 1043/1043/1043 1063/1063/1063 1043/1043/1043 
f 1043/1043/1043 1063/1063/1063 1044/1044/1044 
f 1063/1063/1063 1064/1064/1064 1044/1044/1044 
f 1044/1044/1044 1064/1064/1064 1045/1045/1045 
f 1064/1064/1064 1065/1065/1065 1045/1045/1045 
f 1045/1045/1045 1065/1065/1065 1046/1046/1046 
f 1065/1065/1065 1066/1066/1066 1046/1046/1046 
f 1046/1046/1046 1066/1066/1066 1047/1047/1047 
f 1066/1066/1066 1067/1067/1067 1047/1047/1047 
f 1047/1047/1047 1067/1067/1067 1048/1048/1048 
f 1067/1067/1067 1068/1068/1068 1048/1048/1048 
f 1048/1048/1048 1068/1068/1068 1049/1049/1049 
f 1068/1068/1068 1069/1069/1069 1049/1049/1049 
f 1049/1049/1049 1069/1069/1069 1050/1050/1050 
f 1069/1069/1069 1070/1070/1070 1050/1050/1050 
f 1050/1050/1050 1070/1070/1070 1051/1051/1051 
f 1070/1070/1070 1071/1071/1071 1051/1051/1051 
f 1051/1051/1051 1071/1071/1071 1052/1052/1052 
f 1071/1071/1071 1072/1072/1072 1052/1052/1052 
f 1052/1052/1052 1072/1072/1072 1053/1053/1053 
f 1072/1072/1072 1073/1073/1073 1053/1053/1053 
f 1053/1053/1053 1073/1073/1073 1054/1054/1054 
f 1073/1073/1073 1074/1074/1074 1054/1054/1054 
f 1054/1054/1054 1074/1074/1074 1055/1055/1055 
f 1074/1074/1074 1075/1075/1075 1055/1055/1055 
f 1055/1055/1055 1075/1075/1075 1056/1056/1056 
f 1075/1075/1075 1076/1076/1076 1056/1056/1056 
f 1056/1056/1056 1076/1076/1076 1057/1057/1057 
f 1076/1076/1076 1077/1077/1077 1057/1057/1057 
f 1057/1057/1057 1077/1077/1077 1058/1058/1058 
f 1077/1077/1077 1078/1078/1078 1058/1058/1058 
f 1058/1058/1058 1078/1078/1078 1059/1059/1059 
f 1078/1078/1078 1079/1079/1079 1059/1059/1059 
f 1059/1059/1059 1079/1079/1079 1060/1060/1060 
f 1079/1079/1079 1080/1080/1080 1060/1060/1060 
f 1060/1060/1060 1080/1080/1080 1061/1061/1061 
f 1080/1080/1080 1081/1081/1081 1061/1061/1061 
f 1061/1061/1061 1081/1081/1081 1062/1062/1062 
f 1081/1081/1081 1082/1082/1082 1062/1062/1062 
f 1062/1062/1062 1082/1082/1082 1082/1082/1082 
f 1082/1082/1082 1063/1063/1063 1082/1082/1082 
f 1082/1082/1082 1063/1063/1063 1063/1063/1063 
f 1063/1063/1063 1083/1083/1083 1063/1063/1063 
f 1063/1063/1063 1083/1083/1083 1064/1064/1064 
f 1083/1083/1083 1084/1084/1084 1064/1064/1064 
f 1064/1064/1064 1084/1084/1084 1065/1065/1065 
f 1084/1084/1084 1085/1085/1085 1065/1065/1065 
f 1065/1065/1065 1085/1085/1085 1066/1066/1066 
f 1085/1085/1085 1086/1086/1086 1066/1066/1066 
f 1066/1066/1066 1086/1086/1086 1067/1067/1067 
f 1086/1086/1086 1087/1087/1087 1067/1067/1067 
f 1067/1067/1067 1087/1087/1087 1068/1068/1068 
f 1087/1087/1087 1088/1088/1088 1068/1068/1068 
f 1068/1068/1068 1088/1088/1088 1069/1069/1069 
f 1088/1088/1088 1089/1089/1089 1069/1069/1069 
f 1069/1069/1069 1089/1089/1089 1070/1070/1070 
f 1089/1089/1089 1090/1090/1090 1070/1070/1070 
f 1070/1070/1070 1090/1090/1090 1071/1071/1071 
f 1090/1090/1090 1091/1091/1091 1071/1071/1071 
f 1071/1071/1071 1091/1091/1091 1072/1072/1072 
f 1091/1091/1091 1092/1092/1092 1072/1072/1072 
f 1072/1072/1072 1092/1092/1092 1073/1073/1073 
f 1092/1092/1092 1093/1093/1093 1073/1073/1073 
f 1073/1073/1073 1093/1093/1093 1074/1074/1074 
f 1093/1093/1093 1094/1094/1094 1074/1074/1074 
f 1074/1074/1074 1094/1094/1094 1075/1075/1075 
f 1094/1094/1094 1095/1095/1095 1075/1075/1075 
f 1075/1075/1075 1095/1095/1095 1076/1076/1076 
f 1095/1095/1095 1096/1096/1096 1076/1076/1076 
f 1076/1076/1076 1096/1096/1096 1077/1077/1077 
f 1096/1096/1096 1097/1097/1097 1077/1077/1077 
f 1077/1077/1077 1097/1097/1097 1078/1078/1078 
f 1097/1097/1097 1098/1098/1098 1078/1078/1078 
f 1078/1078/1078 1098/1098/1098 1079/1079/1079 
f 1098/1098/1098 1099/1099/1099 1079/1079/1079 
f 1079/1079/1079 1099/1099/1099 1080/1080/1080 
f 1099/1099/1099 1100/1100/1100 1080/1080/1080 
f 1080/1080/1080 1100/1100/1100 1081/1081/1081 
f 1100/1100/1100 1101/1101/1101 1081/1081/1081 
f 1081/1081/1081 1101/1101/1101 1082/1082/1082 
f 1101/1101/1101 1102/1102/1102 1082/1082/1082 
f 1082/1082/1082 1102/1102/1102 1102/1102/1102 
f 1102/1102/1102 1083/1083/1083 1102/1102/1102 
f 1102/1102/1102 1083/1083/1083 1083/1083/1083 
f 1083/1083/1083 1103/1103/1103 1083/1083/1083 
f 1083/1083/1083 1103/1103/1103 1084/1084/1084 
f 1103/1103/1103 1104/1104/1104 1084/1084/1084 
f 1084/1084/1084 1104/1104/1104 1085/1085/1085 
f 1104/1104/1104 1105/1105/1105 1085/1085/1085 
f 1085/1085/1085 1105/1105/1105 1086/1086/1086 
f 1105/1105/1105 1106/1106/1106 1086/1086/1086 
f 1086/1086/1086 1106/1106/1106 1087/1087/1087 
f 1106/1106/1106 1107/1107/1107 1087/1087/1087 
f 1087/1087/1087 1107/1107/1107 1088/1088/1088 
f 1107/1107/1107 1108/1108/1108 1088/1088/1088 
f 1088/1088/1088 1108/1108/1108 1089/1089/1089 
f 1108/1108/1108 1109/1109/1109 1089/1089/1089 
f 1089/1089/1089 1109/1109/1109 1090/1090/1090 
f 1109/1109/1109 1110/1110/1110 1090/1090/1090 
f 1090/1090/1090 1110/1110/1110 1091/1091/1091 
f 1110/1110/1110 1111/1111/1111 1091/1091/1091 
f 1091/1091/1091 1111/1111/1111 1092/1092/1092 
f 1111/1111/1111 1112/1112/1112 1092/1092/1092 
f 1092/1092/1092 1112/1112/1112 1093/1093/1093 
f 1112/1112/1112 1113/1113/1113 1093/1093/1093 
f 1093/1093/1093 1113/1113/1113 1094/1094/1094 
f 1113/1113/1113 1114/1114/1114 1094/1094/1094 
f 1094/1094/1094 1114/1114/1114 1095/1095/1095 
f 1114/1114/1114 1115/1115/1115 1095/1095/1095 
f 1095/1095/1095 1115/1115/1115 1096/1096/1096 
f 1115/1115/1115 1116/1116/1116 1096/1096/1096 
f 1096/1096/1096 1116/1116/1116 1097/1097/1097 
f 1116/1116/1116 1117/1117/1117 1097/1097/1097 
f 1097/1097/1097 1117/1117/1117 1098/1098/1098 
f 1117/1117/1117 1118/1118/1118 1098/1098/1098 
f 1098/1098/1098 1118/1118/1118 1099/1099/1099 
f 1118/1118/1118 1119/1119/1119 1099/1099/1099 
f 1099/1099/1099 1119/1119/1119 1100/1100/1100 
f 1119/1119/1119 1120/1120/1120 1100/1100/1100 
f 1100/1100/1100 1120/1120/1120 1101/1101/1101 
f 1120/1120/1120 1121/1121/1121 1101/1101/1101 
f 1101/1101/1101 1121/1121/1121 1102/1102/1102 
f 1121/1121/1121 1122/1122/1122 1102/1102/1102 
f 1102/1102/1102 1122/1122/1122 1122/1122/1122 
f 1122/1122/1122 1103/1103/1103 1122/1122/1122 
f 1122/1122/1122 1103/1103/1103 1103/1103/1103 
f 1103/1103/1103 1123/1123/1123 1103/1103/1103 
f 1103/1103/1103 1123/1123/1123 1104/1104/1104 
f 1123/1123/1123 1124/1124/1124 1104/1104/1104 
f 1104/1104/1104 1124/1124/1124 1105/1105/1105 
f 1124/1124/1124 1125/1125/1125 1105/1105/1105 
f 1105/1105/1105 1125/1125/1125 1106/1106/1106 
f 1125/1125/1125 1126/1126/1126 1106/1106/1106 
f 1106/1106/1106 1126/1126/1126 1107/1107/1107 
f 1126/1126/1126 1127/1127/1127 1107/1107/1107 
f 1107/1107/1107 1127/1127/1127 1108/1108/1108 
f 1127/1127/1127 1128/1128/1128 1108/1108/1108 
f 1108/1108/1108 1128/1128/1128 1109/1109/1109 
f 1128/1128/1128 1129/1129/1129 1109/1109/1109 
f 1109/1109/1109 1129/1129/1129 1110/1110/1110 
f 1129/1129/1129 1130/1130/1130 1110/1110/1110 
f 1110/1110/1110 1130/1130/1130 1111/1111/1111 
f 1130/1130/1130 1131/1131/1131 1111/1111/1111 
f 1111/1111/1111 1131/1131/1131 1112/1112/1112 
f 1131/1131/1131 1132/1132/1132 1112/1112/1112 
f 1112/1112/1112 1132/1132/1132 1113/1113/1113 
f 1132/1132/1132 1133/1133/1133 1113/1113/1113 
f 1113/1113/1113 1133/1133/1133 1114/1114/1114 
f 1133/1133/1133 1134/1134/1134 1114/1114/1114 
f 1114/1114/1114 1134/1134/1134 1115/1115/1115 
f 1134/1134/1134 1135/1135/1135 1115/1115/1115 
f 1115/1115/1115 1135/1135/1135 1116/1116/1116 
f 1135/1135/1135 1136/1136/1136 1116/1116/1116 
f 1116/1116/1116 1136/1136/1136 1117/1117/1117 
f 1136/1136/1136 1137/1137/1137 1117/1117/1117 
f 1117/1117/1117 1137/1137/1137 1118/1118/1118 
f 1137/1137/1137 1138/1138/1138 1118/1118/1118 
f 1118/1118/1118 1138/1138/1138 1119/1119/1119 
f 1138/1138/1138 1139/1139/1139 1119/1119/1119 
f 1119/1119/1119 1139/1139/1139 1120/1120/1120 
f 1139/1139/1139 1140/1140/1140 1120/1120/1120 
f 1120/1120/1120 1140/1140/1140 1121/1121/1121 
f 1140/1140/1140 1141/1141/1141 1121/1121/1121 
f 1121/1121/1121 1141/1141/1141 1122/1122/1122 
f 1141/1141/1141 1142/1142/1142 1122/1122/1122 
f 1122/1122/1122 1142/1142/1142 1142/1142/1142 
f 1142/1142/1142 1123/1123/1123 1142/1142/1142 
f 1142/1142/1142 1123/1123/1123 1123/1123/1123 
f 1123/1123/1123 1103/1103/1103 1123/1123/1123 
f 1123/1123/1123 1103/1103/1103 1143/1143/1143 
f 1103/1103/1103 1144/1144/1144 1143/1143/1143 
f 1143/1143/1143 1144/1144/1144 1144/1144/1144 
f 1144/1144/1144 1103/1103/1103 1144/1144/1144 
f 1144/1144/1144 1103/1103/1103 1103/1103/1103 
f 1103/1103/1103 1083/1083/1083 1103/1103/1103 
f 1103/1103/1103 1083/1083/1083 1144/1144/1144 
f 1083/1083/1083 1145/1145/1145 1144/1144/1144 
f 1144/1144/1144 1145/1145/1145 1145/1145/1145 
f 1145/1145/1145 1083/1083/1083 1145/1145/1145 
f 1145/1145/1145 1083/1083/1083 1083/1083/1083 
f 1083/1083/1083 1063/1063/1063 1083/1083/1083 
f 1083/1083/1083 1063/1063/1063 1145/1145/1145 
f 1063/1063/1063 1146/1146/1146 1145/1145/1145 
f 1145/1145/1145 1146/1146/1146 1146/1146/1146 
f 1146/1146/1146 1063/1063/1063 1146/1146/1146 
f 1146/1146/1146 1063/1063/1063 1063/1063/1063 
f 1063/1063/1063 1043/1043/1043 1063/1063/1063 
f 1063/1063/1063 1043/1043/1043 1146/1146/1146 
f 1043/1043/1043 1147/1147/1147 1146/1146/1146 
f 1146/1146/1146 1147/1147/1147 1147/1147/1147 
f 1147/1147/1147 1043/1043/1043 1147/1147/1147 
f 1147/1147/1147 1043/1043/1043 1043/1043/1043 
f 1043/1043/1043 1023/1023/1023 1043/1043/1043 
f 1043/1043/1043 1023/1023/1023 1147/1147/1147 
f 1023/1023/1023 1148/1148/1148 1147/1147/1147 
f 1147/1147/1147 1148/1148/1148 1148/1148/1148 
f 1148/1148/1148 1023/1023/1023 1148/1148/1148 
f 1148/1148/1148 1023/1023/1023 1023/1023/1023 
f 1023/1023/1023 1003/1003/1003 1023/1023/1023 
f 1023/1023/1023 1003/1003/1003 1148/1148/1148 
f 1003/1003/1003 1149/1149/1149 1148/1148/1148 
f 1148/1148/1148 1149/1149/1149 1149/1149/1149 
f 1149/1149/1149 1003/1003/1003 1149/1149/1149 
f 1149/1149/1149 1003/1003/1003 1003/1003/1003 
f 1003/1003/1003 983/983/983 1003/1003/1003 
f 1003/1003/1003 983/983/983 1149/1149/1149 
f 983/983/983 1150/1150/1150 1149/1149/1149 
f 1149/1149/1149 1150/1150/1150 1150/1150/1150 
f 1150/1150/1150 983/983/983 1150/1150/1150 
f 1150/1150/1150 983/983/983 983/983/983 
f 983/983/983 963/963/963 983/983/983 
f 983/983/983 963/963/963 1150/1150/1150 
f 963/963/963 1151/1151/1151 1150/1150/1150 
f 1150/1150/1150 1151/1151/1151 1151/1151/1151 
f 1151/1151/1151 963/963/963 1151/1151/1151 
f 1151/1151/1151 963/963/963 963/963/963 
f 963/963/963 943/943/943 963/963/963 
f 963/963/963 943/943/943 1151/1151/1151 
f 943/943/943 1152/1152/1152 1151/1151/1151 
f 1151/1151/1151 1152/1152/1152 1152/1152/1152 
f 1152/1152/1152 943/943/943 1152/1152/1152 
f 1152/1152/1152 943/943/943 943/943/943 
f 943/943/943 923/923/923 943/943/943 
f 943/943/943 923/923/923 1152/1152/1152 
f 923/923/923 1153/1153/1153 1152/1152/1152 
f 1152/1152/1152 1153/1153/1153 1153/1153/1153 
f 1153/1153/1153 923/923/923 1153/1153/1153 
f 1153/1153/1153 923/923/923 923/923/923 
f 923/923/923 903/903/903 923/923/923 
f 923/923/923 903/903/903 1153/1153/1153 
f 903/903/903 1154/1154/1154 1153/1153/1153 
f 1153/1153/1153 1154/1154/1154 1154/1154/1154 
f 1154/1154/1154 903/903/903 1154/1154/1154 
f 1154/1154/1154 903/903/903 903/903/903 
f 903/903/903 883/883/883 903/903/903 
f 903/903/903 883/883/883 1154/1154/1154 
f 883/883/883 1155/1155/1155 1154/1154/1154 
f 1154/1154/1154 1155/1155/1155 1155/1155/1155 
f 1155/1155/1155 883/883/883 1155/1155/1155 
f 1155/1155/1155 883/883/883 883/883/883 
f 883/883/883 863/863/863 883/883/883 
f 883/883/883 863/863/863 1155/1155/1155 
f 863/863/863 1156/1156/1156 1155/1155/1155 
f 1155/1155/1155 1156/1156/1156 1156/1156/1156 
f 1156/1156/1156 863/863/863 1156/1156/1156 
f 1156/1156/1156 863/863/863 863/863/863 
f 863/863/863 843/843/843 863/863/863 
f 863/863/863 843/843/843 1156/1156/1156 
f 843/843/843 1157/1157/1157 1156/1156/1156 
f 1156/1156/1156 1157/1157/1157 1157/1157/1157 
f 1157/1157/1157 843/843/843 1157/1157/1157 
f 1157/1157/1157 843/843/843 822/822/822 
f 843/843/843 823/823/823 822/822/822 
f 822/822/822 823/823/823 823/823/823 
f 823/823/823 1158/1158/1158 823/823/823 
f 823/823/823 1158/1158/1158 1158/1158/1158 
f 1158/1158/1158 1159/1159/1159 1158/1158/1158 
f 1158/1158/1158 1159/1159/1159 1160/1160/1160 
f 1159/1159/1159 1161/1161/1161 1160/1160/1160 
f 1160/1160/1160 1161/1161/1161 1162/1162/1162 
f 1161/1161/1161 1162/1162/1162 1162/1162/1162 
f 1162/1162/1162 1162/1162/1162 1162/1162/1162 
f 1162/1162/1162 1163/1163/1163 1162/1162/1162 
f 1162/1162/1162 1163/1163/1163 1160/1160/1160 
f 1163/1163/1163 1164/1164/1164 1160/1160/1160 
f 1160/1160/1160 1164/1164/1164 1165/1165/1165 
f 1164/1164/1164 1165/1165/1165 1165/1165/1165 
f 1165/1165/1165 1165/1165/1165 1165/1165/1165 
f 1165/1165/1165 1166/1166/1166 1165/1165/1165 
f 1165/1165/1165 1166/1166/1166 1160/1160/1160 
f 1166/1166/1166 1158/1158/1158 1160/1160/1160 
f 1160/1160/1160 1158/1158/1158 1158/1158/1158 
f 1158/1158/1158 1167/1167/1167 1158/1158/1158 
f 1158/1158/1158 1167/1167/1167 1167/1167/1167 
f 1167/1167/1167 1168/1168/1168 1167/1167/1167 
f 1167/1167/1167 1168/1168/1168 1169/1169/1169 
f 1168/1168/1168 1170/1170/1170 1169/1169/1169 
f 1169/1169/1169 1170/1170/1170 1171/1171/1171 
f 1170/1170/1170 1171/1171/1171 1171/1171/1171 
f 1171/1171/1171 1171/1171/1171 1171/1171/1171 
f 1171/1171/1171 1172/1172/1172 1171/1171/1171 
f 1171/1171/1171 1172/1172/1172 1169/1169/1169 
f 1172/1172/1172 1173/1173/1173 1169/1169/1169 
f 1169/1169/1169 1173/1173/1173 1174/1174/1174 
f 1173/1173/1173 1174/1174/1174 1174/1174/1174 
f 1174/1174/1174 1174/1174/1174 1174/1174/1174 
f 1174/1174/1174 1175/1175/1175 1174/1174/1174 
f 1174/1174/1174 1175/1175/1175 1169/1169/1169 
f 1175/1175/1175 1176/1176/1176 1169/1169/1169 
f 1169/1169/1169 1176/1176/1176 1177/1177/1177 
f 1176/1176/1176 1177/1177/1177 1177/1177/1177 
f 1177/1177/1177 1177/1177/1177 1177/1177/1177 
f 1177/1177/1177 1178/1178/1178 1177/1177/1177 
f 1177/1177/1177 1178/1178/1178 1169/1169/1169 
f 1178/1178/1178 1179/1179/1179 1169/1169/1169 
f 1169/1169/1169 1179/1179/1179 1180/1180/1180 
f 1179/1179/1179 1180/1180/1180 1180/1180/1180 
f 1180/1180/1180 1180/1180/1180 1180/1180/1180 
f 1180/1180/1180 1181/1181/1181 1180/1180/1180 
f 1180/1180/1180 1181/1181/1181 1169/1169/1169 
f 1181/1181/1181 1182/1182/1182 1169/1169/1169 
f 1169/1169/1169 1182/1182/1182 1183/1183/1183 
f 1182/1182/1182 1183/1183/1183 1183/1183/1183 
f 1183/1183/1183 1183/1183/1183 1183/1183/1183 
f 1183/1183/1183 1184/1184/1184 1183/1183/1183 
f 1183/1183/1183 1184/1184/1184 1169/1169/1169 
f 1184/1184/1184 1185/1185/1185 1169/1169/1169 
f 1169/1169/1169 1185/1185/1185 1186/1186/1186 
f 1185/1185/1185 1186/1186/1186 1186/1186/1186 
f 1186/1186/1186 1186/1186/1186 1186/1186/1186 
f 1186/1186/1186 1187/1187/1187 1186/1186/1186 
f 1186/1186/1186 1187/1187/1187 1169/1169/1169 
f 1187/1187/1187 1167/1167/1167 1169/1169/1169 
f 1169/1169/1169 1167/1167/1167 1167/1167/1167 
f 1167/1167/1167 1188/1188/1188 1167/1167/1167 
f 1167/1167/1167 1188/1188/1188 1188/1188/1188 
f 1188/1188/1188 1189/1189/1189 1188/1188/1188 
f 1188/1188/1188 1189/1189/1189 1190/1190/1190 
f 1189/1189/1189 1191/1191/1191 1190/1190/1190 
f 1190/1190/1190 1191/1191/1191 1192/1192/1192 
f 1191/1191/1191 1192/1192/1192 1192/1192/1192 
f 1192/1192/1192 1192/1192/1192 1192/1192/1192 
f 1192/1192/1192 1193/1193/1193 1192/1192/1192 
f 1192/1192/1192 1193/1193/1193 1190/1190/1190 
f 1193/1193/1193 1194/1194/1194 1190/1190/1190 
f 1190/1190/1190 1194/1194/1194 1195/1195/1195 
f 1194/1194/1194 1195/1195/1195 1195/1195/1195 
f 1195/1195/1195 1195/1195/1195 1195/1195/1195 
f 1195/1195/1195 1196/1196/1196 1195/1195/1195 
f 1195/1195/1195 1196/1196/1196 1190/1190/1190 
f 1196/1196/1196 1197/1197/1197 1190/1190/1190 
f 1190/1190/1190 1197/1197/1197 1198/1198/1198 
f 1197/1197/1197 1198/1198/1198 1198/1198/1198 
f 1198/1198/1198 1198/1198/1198 1198/1198/1198 
f 1198/1198/1198 1199/1199/1199 1198/1198/1198 
f 1198/1198/1198 1199/1199/1199 1190/1190/1190 
f 1199/1199/1199 1200/1200/1200 1190/1190/1190 
f 1190/1190/1190 1200/1200/1200 1201/1201/1201 
f 1200/1200/1200 1201/1201/1201 1201/1201/1201 
f 1201/1201/1201 1201/1201/1201 1201/1201/1201 
f 1201/1201/1201 1202/1202/1202 1201/1201/1201 
f 1201/1201/1201 1202/1202/1202 1190/1190/1190 
f 1202/1202/1202 1203/1203/1203 1190/1190/1190 
f 1190/1190/1190 1203/1203/1203 1204/1204/1204 
f 1203/1203/1203 1204/1204/1204 1204/1204/1204 
f 1204/1204/1204 1204/1204/1204 1204/1204/1204 
f 1204/1204/1204 1205/1205/1205 1204/1204/1204 
f 1204/1204/1204 1205/1205/1205 1190/1190/1190 
f 1205/1205/1205 1206/1206/1206 1190/1190/1190 
f 1190/1190/1190 1206/1206/1206 1207/1207/1207 
f 1206/1206/1206 1207/1207/1207 1207/1207/1207 
f 1207/1207/1207 1207/1207/1207 1207/1207/1207 
f 1207/1207/1207 1208/1208/1208 1207/1207/1207 
f 1207/1207/1207 1208/1208/1208 1190/1190/1190 
f 1208/1208/1208 1188/1188/1188 1190/1190/1190 
f 1190/1190/1190 1188/1188/1188 1188/1188/1188 
f 1188/1188/1188 1209/1209/1209 1188/1188/1188 
f 1188/1188/1188 1209/1209/1209 1209/1209/1209 
f 1209/1209/1209 1210/1210/1210 1209/1209/1209 
f 1209/1209/1209 1210/1210/1210 1211/1211/1211 
f 1210/1210/1210 1212/1212/1212 1211/1211/1211 
f 1211/1211/1211 1212/1212/1212 1213/1213/1213 
f 1212/1212/1212 1214/1214/1214 1213/1213/1213 
f 1213/1213/1213 1214/1214/1214 1215/1215/1215 
f 1214/1214/1214 1216/1216/1216 1215/1215/1215 
f 1215/1215/1215 1216/1216/1216 1217/1217/1217 
f 1216/1216/1216 1218/1218/1218 1217/1217/1217 
f 1217/1217/1217 1218/1218/1218 1219/1219/1219 
f 1218/1218/1218 1220/1220/1220 1219/1219/1219 
f 1219/1219/1219 1220/1220/1220 1221/1221/1221 
f 1220/1220/1220 1222/1222/1222 1221/1221/1221 
f 1221/1221/1221 1222/1222/1222 1223/1223/1223 
f 1222/1222/1222 1224/1224/1224 1223/1223/1223 
f 1223/1223/1223 1224/1224/1224 1225/1225/1225 
f 1224/1224/1224 1226/1226/1226 1225/1225/1225 
f 1225/1225/1225 1226/1226/1226 1227/1227/1227 
f 1226/1226/1226 1228/1228/1228 1227/1227/1227 
f 1227/1227/1227 1228/1228/1228 1229/1229/1229 
f 1228/1228/1228 1230/1230/1230 1229/1229/1229 
f 1229/1229/1229 1230/1230/1230 1231/1231/1231 
f 1230/1230/1230 1232/1232/1232 1231/1231/1231 
f 1231/1231/1231 1232/1232/1232 1233/1233/1233 
f 1232/1232/1232 1234/1234/1234 1233/1233/1233 
f 1233/1233/1233 1234/1234/1234 1235/1235/1235 
f 1234/1234/1234 1236/1236/1236 1235/1235/1235 
f 1235/1235/1235 1236/1236/1236 1237/1237/1237 
f 1236/1236/1236 1238/1238/1238 1237/1237/1237 
f 1237/1237/1237 1238/1238/1238 1239/1239/1239 
f 1238/1238/1238 1240/1240/1240 1239/1239/1239 
f 1239/1239/1239 1240/1240/1240 1241/1241/1241 
f 1240/1240/1240 1242/1242/1242 1241/1241/1241 
f 1241/1241/1241 1242/1242/1242 1243/1243/1243 
f 1242/1242/1242 1244/1244/1244 1243/1243/1243 
f 1243/1243/1243 1244/1244/1244 1245/1245/1245 
f 1244/1244/1244 1246/1246/1246 1245/1245/1245 
f 1245/1245/1245 1246/1246/1246 1247/1247/1247 
f 1246/1246/1246 1248/1248/1248 1247/1247/1247 
f 1247/1247/1247 1248/1248/1248 1249/1249/1249 
f 1248/1248/1248 1250/1250/1250 1249/1249/1249 
f 1249/1249/1249 1250/1250/1250 1251/1251/1251 
f 1250/1250/1250 1252/1252/1252 1251/1251/1251 
f 1251/1251/1251 1252/1252/1252 1253/1253/1253 
f 1252/1252/1252 1254/1254/1254 1253/1253/1253 
f 1253/1253/1253 1254/1254/1254 1255/1255/1255 
f 1254/1254/1254 1256/1256/1256 1255/1255/1255 
f 1255/1255/1255 1256/1256/1256 1257/1257/1257 
f 1256/1256/1256 1258/1258/1258 1257/1257/1257 
f 1257/1257/1257 1258/1258/1258 1259/1259/1259 
f 1258/1258/1258 1260/1260/1260 1259/1259/1259 
f 1259/1259/1259 1260/1260/1260 1261/1261/1261 
f 1260/1260/1260 1262/1262/1262 1261/1261/1261 
f 1261/1261/1261 1262/1262/1262 1262/1262/1262 
f 1262/1262/1262 1210/1210/1210 1262/1262/1262 
f 1262/1262/1262 1210/1210/1210 1210/1210/1210 
f 1210/1210/1210 1263/1263/1263 1210/1210/1210 
f 1210/1210/1210 1263/1263/1263 1212/1212/1212 
f 1263/1263/1263 1264/1264/1264 1212/1212/1212 
f 1212/1212/1212 1264/1264/1264 1214/1214/1214 
f 1264/1264/1264 1265/1265/1265 1214/1214/1214 
f 1214/1214/1214 1265/1265/1265 1216/1216/1216 
f 1265/1265/1265 1266/1266/1266 1216/1216/1216 
f 1216/1216/1216 1266/1266/1266 1218/1218/1218 
f 1266/1266/1266 1267/1267/1267 1218/1218/1218 
f 1218/1218/1218 1267/1267/1267 1220/1220/1220 
f 1267/1267/1267 1268/1268/1268 1220/1220/1220 
f 1220/1220/1220 1268/1268/1268 1222/1222/1222 
f 1268/1268/1268 1269/1269/1269 1222/1222/1222 
f 1222/1222/1222 1269/1269/1269 1224/1224/1224 
f 1269/1269/1269 1270/1270/1270 1224/1224/1224 
f 1224/1224/1224 1270/1270/1270 1226/1226/1226 
f 1270/1270/1270 1271/1271/1271 1226/1226/1226 
f 1226/1226/1226 1271/1271/1271 1228/1228/1228 
f 1271/1271/1271 1272/1272/1272 1228/1228/1228 
f 1228/1228/1228 1272/1272/1272 1230/1230/1230 
f 1272/1272/1272 1273/1273/1273 1230/1230/1230 
f 1230/1230/1230 1273/1273/1273 1232/1232/1232 
f 1273/1273/1273 1274/1274/1274 1232/1232/1232 
f 1232/1232/1232 1274/1274/1274 1234/1234/1234 
f 1274/1274/1274 1275/1275/1275 1234/1234/1234 
f 1234/1234/1234 1275/1275/1275 1236/1236/1236 
f 1275/1275/1275 1276/1276/1276 1236/1236/1236 
f 1236/1236/1236 1276/1276/1276 1238/1238/1238 
f 1276/1276/1276 1277/1277/1277 1238/1238/1238 
f 1238/1238/1238 1277/1277/1277 1240/1240/1240 
f 1277/1277/1277 1278/1278/1278 1240/1240/1240 
f 1240/1240/1240 1278/1278/1278 1242/1242/1242 
f 1278/1278/1278 1279/1279/1279 1242/1242/1242 
f 1242/1242/1242 1279/1279/1279 1244/1244/1244 
f 1279/1279/1279 1280/1280/1280 1244/1244/1244 
f 1244/1244/1244 1280/1280/1280 1246/1246/1246 
f 1280/1280/1280 1281/1281/1281 1246/1246/1246 
f 1246/1246/1246 1281/1281/1281 1248/1248/1248 
f 1281/1281/1281 1282/1282/1282 1248/1248/1248 
f 1248/1248/1248 1282/1282/1282 1250/1250/1250 
f 1282/1282/1282 1283/1283/1283 1250/1250/1250 
f 1250/1250/1250 1283/1283/1283 1252/1252/1252 
f 1283/1283/1283 1284/1284/1284 1252/1252/1252 
f 1252/1252/1252 1284/1284/1284 1254/1254/1254 
f 1284/1284/1284 1285/1285/1285 1254/1254/1254 
f 1254/1254/1254 1285/1285/1285 1256/1256/1256 
f 1285/1285/1285 1286/1286/1286 1256/1256/1256 
f 1256/1256/1256 1286/1286/1286 1258/1258/1258 
f 1286/1286/1286 1287/1287/1287 1258/1258/1258 
f 1258/1258/1258 1287/1287/1287 1260/1260/1260 
f 1287/1287/1287 1288/1288/1288 1260/1260/1260 
f 1260/1260/1260 1288/1288/1288 1262/1262/1262 
f 1288/1288/1288 1289/1289/1289 1262/1262/1262 
f 1262/1262/1262 1289/1289/1289 1289/1289/1289 
f 1289/1289/1289 1263/1263/1263 1289/1289/1289 
f 1289/1289/1289 1263/1263/1263 1263/1263/1263 
f 1263/1263/1263 1290/1290/1290 1263/1263/1263 
f 1263/1263/1263 1290/1290/1290 1264/1264/1264 
f 1290/1290/1290 1291/1291/1291 1264/1264/1264 
f 1264/1264/1264 1291/1291/1291 1265/1265/1265 
f 1291/1291/1291 1292/1292/1292 1265/1265/1265 
f 1265/1265/1265 1292/1292/1292 1266/1266/1266 
f 1292/1292/1292 1293/1293/1293 1266/1266/1266 
f 1266/1266/1266 1293/1293/1293 1267/1267/1267 
f 1293/1293/1293 1294/1294/1294 1267/1267/1267 
f 1267/1267/1267 1294/1294/1294 1268/1268/1268 
f 1294/1294/1294 1295/1295/1295 1268/1268/1268 
f 1268/1268/1268 1295/1295/1295 1269/1269/1269 
f 1295/1295/1295 1296/1296/1296 1269/1269/1269 
f 1269/1269/1269 1296/1296/1296 1270/1270/1270 
f 1296/1296/1296 1297/1297/1297 1270/1270/1270 
f 1270/1270/1270 1297/1297/1297 1271/1271/1271 
f 1297/1297/1297 1298/1298/1298 1271/1271/1271 
f 1271/1271/1271 1298/1298/1298 1272/1272/1272 
f 1298/1298/1298 1299/1299/1299 1272/1272/1272 
f 1272/1272/1272 1299/1299/1299 1273/1273/1273 
f 1299/1299/1299 1300/1300/1300 1273/1273/1273 
f 1273/1273/1273 1300/1300/1300 1274/1274/1274 
f 1300/1300/1300 1301/1301/1301 1274/1274/1274 
f 1274/1274/1274 1301/1301/1301 1275/1275/1275 
f 1301/1301/1301 1302/1302/1302 1275/1275/1275 
f 1275/1275/1275 1302/1302/1302 1276/1276/1276 
f 1302/1302/1302 1303/1303/1303 1276/1276/1276 
f 1276/1276/1276 1303/1303/1303 1277/1277/1277 
f 1303/1303/1303 1304/1304/1304 1277/1277/1277 
f 1277/1277/1277 1304/1304/1304 1278/1278/1278 
f 1304/1304/1304 1305/1305/1305 1278/1278/1278 
f 1278/1278/1278 1305/1305/1305 1279/1279/1279 
f 1305/1305/1305 1306/1306/1306 1279/1279/1279 
f 1279/1279/1279 1306/1306/1306 1280/1280/1280 
f 1306/1306/1306 1307/1307/1307 1280/1280/1280 
f 1280/1280/1280 1307/1307/1307 1281/1281/1281 
f 1307/1307/1307 1308/1308/1308 1281/1281/1281 
f 1281/1281/1281 1308/1308/1308 1282/1282/1282 
f 1308/1308/1308 1309/1309/1309 1282/1282/1282 
f 1282/1282/1282 1309/1309/1309 1283/1283/1283 
f 1309/1309/1309 1310/1310/1310 1283/1283/1283 
f 1283/1283/1283 1310/1310/1310 1284/1284/1284 
f 1310/1310/1310 1311/1311/1311 1284/1284/1284 
f 1284/1284/1284 1311/1311/1311 1285/1285/1285 
f 1311/1311/1311 1312/1312/1312 1285/1285/1285 
f 1285/1285/1285 1312/1312/1312 1286/1286/1286 
f 1312/1312/1312 1313/1313/1313 1286/1286/1286 
f 1286/1286/1286 1313/1313/1313 1287/1287/1287 
f 1313/1313/1313 1314/1314/1314 1287/1287/1287 
f 1287/1287/1287 1314/1314/1314 1288/1288/1288 
f 1314/1314/1314 1315/1315/1315 1288/1288/1288 
f 1288/1288/1288 1315/1315/1315 1289/1289/1289 
f 1315/1315/1315 1316/1316/1316 1289/1289/1289 
f 1289/1289/1289 1316/1316/1316 1316/1316/1316 
f 1316/1316/1316 1290/1290/1290 1316/1316/1316 
f 1316/1316/1316 1290/1290/1290 1290/1290/1290 
f 1290/1290/1290 1317/1317/1317 1290/1290/1290 
f 1290/1290/1290 1317/1317/1317 1291/1291/1291 
f 1317/1317/1317 1318/1318/1318 1291/1291/1291 
f 1291/1291/1291 1318/1318/1318 1292/1292/1292 
f 1318/1318/1318 1319/1319/1319 1292/1292/1292 
f 1292/1292/1292 1319/1319/1319 1293/1293/1293 
f 1319/1319/1319 1320/1320/1320 1293/1293/1293 
f 1293/1293/1293 1320/1320/1320 1294/1294/1294 
f 1320/1320/1320 1321/1321/1321 1294/1294/1294 
f 1294/1294/1294 1321/1321/1321 1295/1295/1295 
f 1321/1321/1321 1322/1322/1322 1295/1295/1295 
f 1295/1295/1295 1322/1322/1322 1296/1296/1296 
f 1322/1322/1322 1323/1323/1323 1296/1296/1296 
f 1296/1296/1296 1323/1323/1323 1297/1297/1297 
f 1323/1323/1323 1324/1324/1324 1297/1297/1297 
f 1297/1297/1297 1324/1324/1324 1298/1298/1298 
f 1324/1324/1324 1325/1325/1325 1298/1298/1298 
f 1298/1298/1298 1325/1325/1325 1299/1299/1299 
f 1325/1325/1325 1326/1326/1326 1299/1299/1299 
f 1299/1299/1299 1326/1326/1326 1300/1300/1300 
f 1326/1326/1326 1327/1327/1327 1300/1300/1300 
f 1300/1300/1300 1327/1327/1327 1301/1301/1301 
f 1327/1327/1327 1328/1328/1328 1301/1301/1301 
f 1301/1301/1301 1328/1328/1328 1302/1302/1302 
f 1328/1328/1328 1329/1329/1329 1302/1302/1302 
f 1302/1302/1302 1329/1329/1329 1303/1303/1303 
f 1329/1329/1329 1330/1330/1330 1303/1303/1303 
f 1303/1303/1303 1330/1330/1330 1304/1304/1304 
f 1330/1330/1330 1331/1331/1331 1304/1304/1304 
f 1304/1304/1304 1331/1331/1331 1305/1305/1305 
f 1331/1331/1331 1332/1332/1332 1305/1305/1305 
f 1305/1305/1305 1332/1332/1332 1306/1306/1306 
f 1332/1332/1332 1333/1333/1333 1306/1306/1306 
f 1306/1306/1306 1333/1333/1333 1307/1307/1307 
f 1333/1333/1333 1334/1334/1334 1307/1307/1307 
f 1307/1307/1307 1334/1334/1334 1308/1308/1308 
f 1334/1334/1334 1335/1335/1335 1308/1308/1308 
f 1308/1308/1308 1335/1335/1335 1309/1309/1309 
f 1335/1335/1335 1336/1336/1336 1309/1309/1309 
f 1309/1309/1309 1336/1336/1336 1310/1310/1310 
f 1336/1336/1336 1337/1337/1337 1310/1310/1310 
f 1310/1310/1310 1337/1337/1337 1311/1311/1311 
f 1337/1337/1337 1338/1338/1338 1311/1311/1311 
f 1311/1311/1311 1338/1338/1338 1312/1312/1312 
f 1338/1338/1338 1339/1339/1339 1312/1312/1312 
f 1312/1312/1312 1339/1339/1339 1313/1313/1313 
f 1339/1339/1339 1340/1340/1340 1313/1313/1313 
f 1313/1313/1313 1340/1340/1340 1314/1314/1314 
f 1340/1340/1340 1341/1341/1341 1314/1314/1314 
f 1314/1314/1314 1341/1341/1341 1315/1315/1315 
f 1341/1341/1341 1342/1342/1342 1315/1315/1315 
f 1315/1315/1315 1342/1342/1342 1316/1316/1316 
f 1342/1342/1342 1343/1343/1343 1316/1316/1316 
f 1316/1316/1316 1343/1343/1343 1343/1343/1343 
f 1343/1343/1343 1317/1317/1317 1343/1343/1343 
f 1343/1343/1343 1317/1317/1317 1317/1317/1317 
f 1317/1317/1317 1344/1344/1344 1317/1317/1317 
f 1317/1317/1317 1344/1344/1344 1318/1318/1318 
f 1344/1344/1344 1345/1345/1345 1318/1318/1318 
f 1318/1318/1318 1345/1345/1345 1319/1319/1319 
f 1345/1345/1345 1346/1346/1346 1319/1319/1319 
f 1319/1319/1319 1346/1346/1346 1320/1320/1320 
f 1346/1346/1346 1347/1347/1347 1320/1320/1320 
f 1320/1320/1320 1347/1347/1347 1321/1321/1321 
f 1347/1347/1347 1348/1348/1348 1321/1321/1321 
f 1321/1321/1321 1348/1348/1348 1322/1322/1322 
f 1348/1348/1348 1349/1349/1349 1322/1322/1322 
f 1322/1322/1322 1349/1349/1349 1323/1323/1323 
f 1349/1349/1349 1350/1350/1350 1323/1323/1323 
f 1323/1323/1323 1350/1350/1350 1324/1324/1324 
f 1350/1350/1350 1351/1351/1351 1324/1324/1324 
f 1324/1324/1324 1351/1351/1351 1325/1325/1325 
f 1351/1351/1351 1352/1352/1352 1325/1325/1325 
f 1325/1325/1325 1352/1352/1352 1326/1326/1326 
f 1352/1352/1352 1353/1353/1353 1326/1326/1326 
f 1326/1326/1326 1353/1353/1353 1327/1327/1327 
f 1353/1353/1353 1354/1354/1354 1327/1327/1327 
f 1327/1327/1327 1354/1354/1354 1328/1328/1328 
f 1354/1354/1354 1355/1355/1355 1328/1328/1328 
f 1328/1328/1328 1355/1355/1355 1329/1329/1329 
f 1355/1355/1355 1356/1356/1356 1329/1329/1329 
f 1329/1329/1329 1356/1356/1356 1330/1330/1330 
f 1356/1356/1356 1357/1357/1357 1330/1330/1330 
f 1330/1330/1330 1357/1357/1357 1331/1331/1331 
f 1357/1357/1357 1358/1358/1358 1331/1331/1331 
f 1331/1331/1331 1358/1358/1358 1332/1332/1332 
f 1358/1358/1358 1359/1359/1359 1332/1332/1332 
f 1332/1332/1332 1359/1359/1359 1333/1333/1333 
f 1359/1359/1359 1360/1360/1360 1333/1333/1333 
f 1333/1333/1333 1360/1360/1360 1334/1334/1334 
f 1360/1360/1360 1361/1361/1361 1334/1334/1334 
f 1334/1334/1334 1361/1361/1361 1335/1335/1335 
f 1361/1361/1361 1362/1362/1362 1335/1335/1335 
f 1335/1335/1335 1362/1362/1362 1336/1336/1336 
f 1362/1362/1362 1363/1363/1363 1336/1336/1336 
f 1336/1336/1336 1363/1363/1363 1337/1337/1337 
f 1363/1363/1363 1364/1364/1364 1337/1337/1337 
f 1337/1337/1337 1364/1364/1364 1338/1338/1338 
f 1364/1364/1364 1365/1365/1365 1338/1338/1338 
f 1338/1338/1338 1365/1365/1365 1339/1339/1339 
f 1365/1365/1365 1366/1366/1366 1339/1339/1339 
f 1339/1339/1339 1366/1366/1366 1340/1340/1340 
f 1366/1366/1366 1367/1367/1367 1340/1340/1340 
f 1340/1340/1340 1367/1367/1367 1341/1341/1341 
f 1367/1367/1367 1368/1368/1368 1341/1341/1341 
f 1341/1341/1341 1368/1368/1368 1342/1342/1342 
f 1368/1368/1368 1369/1369/1369 1342/1342/1342 
f 1342/1342/1342 1369/1369/1369 1343/1343/1343 
f 1369/1369/1369 1370/1370/1370 1343/1343/1343 
f 1343/1343/1343 1370/1370/1370 1370/1370/1370 
f 1370/1370/1370 1344/1344/1344 1370/1370/1370 
f 1370/1370/1370 1344/1344/1344 1344/1344/1344 
f 1344/1344/1344 1371/1371/1371 1344/1344/1344 
f 1344/1344/1344 1371/1371/1371 1345/1345/1345 
f 1371/1371/1371 1372/1372/1372 1345/1345/1345 
f 1345/1345/1345 1372/1372/1372 1346/1346/1346 
f 1372/1372/1372 1373/1373/1373 1346/1346/1346 
f 1346/1346/1346 1373/1373/1373 1347/1347/1347 
f 1373/1373/1373 1374/1374/1374 1347/1347/1347 
f 1347/1347/1347 1374/1374/1374 1348/1348/1348 
f 1374/1374/1374 1375/1375/1375 1348/1348/1348 
f 1348/1348/1348 1375/1375/1375 1349/1349/1349 
f 1375/1375/1375 1376/1376/1376 1349/1349/1349 
f 1349/1349/1349 1376/1376/1376 1350/1350/1350 
f 1376/1376/1376 1377/1377/1377 1350/1350/1350 
f 1350/1350/1350 1377/1377/1377 1351/1351/1351 
f 1377/1377/1377 1378/1378/1378 1351/1351/1351 
f 1351/1351/1351 1378/1378/1378 1352/1352/1352 
f 1378/1378/1378 1379/1379/1379 1352/1352/1352 
f 1352/1352/1352 1379/1379/1379 1353/1353/1353 
f 1379/1379/1379 1380/1380/1380 1353/1353/1353 
f 1353/1353/1353 1380/1380/1380 1354/1354/1354 
f 1380/1380/1380 1381/1381/1381 1354/1354/1354 
f 1354/1354/1354 1381/1381/1381 1355/1355/1355 
f 1381/1381/1381 1382/1382/1382 1355/1355/1355 
f 1355/1355/1355 1382/1382/1382 1356/1356/1356 
f 1382/1382/1382 1383/1383/1383 1356/1356/1356 
f 1356/1356/1356 1383/1383/1383 1357/1357/1357 
f 1383/1383/1383 1384/1384/1384 1357/1357/1357 
f 1357/1357/1357 1384/1384/1384 1358/1358/1358 
f 1384/1384/1384 1385/1385/1385 1358/1358/1358 
f 1358/1358/1358 1385/1385/1385 1359/1359/1359 
f 1385/1385/1385 1386/1386/1386 1359/1359/1359 
f 1359/1359/1359 1386/1386/1386 1360/1360/1360 
f 1386/1386/1386 1387/1387/1387 1360/1360/1360 
f 1360/1360/1360 1387/1387/1387 1361/1361/1361 
f 1387/1387/1387 1388/1388/1388 1361/1361/1361 
f 1361/1361/1361 1388/1388/1388 1362/1362/1362 
f 1388/1388/1388 1389/1389/1389 1362/1362/1362 
f 1362/1362/1362 1389/1389/1389 1363/1363/1363 
f 1389/1389/1389 1390/1390/1390 1363/1363/1363 
f 1363/1363/1363 1390/1390/1390 1364/1364/1364 
f 1390/1390/1390 1391/1391/1391 1364/1364/1364 
f 1364/1364/1364 1391/1391/1391 1365/1365/1365 
f 1391/1391/1391 1392/1392/1392 1365/1365/1365 
f 1365/1365/1365 1392/1392/1392 1366/1366/1366 
f 1392/1392/1392 1393/1393/1393 1366/1366/1366 
f 1366/1366/1366 1393/1393/1393 1367/1367/1367 
f 1393/1393/1393 1394/1394/1394 1367/1367/1367 
f 1367/1367/1367 1394/1394/1394 1368/1368/1368 
f 1394/1394/1394 1395/1395/1395 1368/1368/1368 
f 1368/1368/1368 1395/1395/1395 1369/1369/1369 
f 1395/1395/1395 1396/1396/1396 1369/1369/1369 
f 1369/1369/1369 1396/1396/1396 1370/1370/1370 
f 1396/1396/1396 1397/1397/1397 1370/1370/1370 
f 1370/1370/1370 1397/1397/1397 1397/1397/1397 
f 1397/1397/1397 1371/1371/1371 1397/1397/1397 
f 1397/1397/1397 1371/1371/1371 1371/1371/1371 
f 1371/1371/1371 1398/1398/1398 1371/1371/1371 
f 1371/1371/1371 1398/1398/1398 1372/1372/1372 
f 1398/1398/1398 1399/1399/1399 1372/1372/1372 
f 1372/1372/1372 1399/1399/1399 1373/1373/1373 
f 1399/1399/1399 1400/1400/1400 1373/1373/1373 
f 1373/1373/1373 1400/1400/1400 1374/1374/1374 
f 1400/1400/1400 1401/1401/1401 1374/1374/1374 
f 1374/1374/1374 1401/1401/1401 1375/1375/1375 
f 1401/1401/1401 1402/1402/1402 1375/1375/1375 
f 1375/1375/1375 1402/1402/1402 1376/1376/1376 
f 1402/1402/1402 1403/1403/1403 1376/1376/1376 
f 1376/1376/1376 1403/1403/1403 1377/1377/1377 
f 1403/1403/1403 1404/1404/1404 1377/1377/1377 
f 1377/1377/1377 1404/1404/1404 1378/1378/1378 
f 1404/1404/1404 1405/1405/1405 1378/1378/1378 
f 1378/1378/1378 1405/1405/1405 1379/1379/1379 
f 1405/1405/1405 1406/1406/1406 1379/1379/1379 
f 1379/1379/1379 1406/1406/1406 1380/1380/1380 
f 1406/1406/1406 1407/1407/1407 1380/1380/1380 
f 1380/1380/1380 1407/1407/1407 1381/1381/1381 
f 1407/1407/1407 1408/1408/1408 1381/1381/1381 
f 1381/1381/1381 1408/1408/1408 1382/1382/1382 
f 1408/1408/1408 1409/1409/1409 1382/1382/1382 
f 1382/1382/1382 1409/1409/1409 1383/1383/1383 
f 1409/1409/1409 1410/1410/1410 1383/1383/1383 
f 1383/1383/1383 1410/1410/1410 1384/1384/1384 
f 1410/1410/1410 1411/1411/1411 1384/1384/1384 
f 1384/1384/1384 1411/1411/1411 1385/1385/1385 
f 1411/1411/1411 1412/1412/1412 1385/1385/1385 
f 1385/1385/1385 1412/1412/1412 1386/1386/1386 
f 1412/1412/1412 1413/1413/1413 1386/1386/1386 
f 1386/1386/1386 1413/1413/1413 1387/1387/1387 
f 1413/1413/1413 1414/1414/1414 1387/1387/1387 
f 1387/1387/1387 1414/1414/1414 1388/1388/1388 
f 1414/1414/1414 1415/1415/1415 1388/1388/1388 
f 1388/1388/1388 1415/1415/1415 1389/1389/1389 
f 1415/1415/1415 1416/1416/1416 1389/1389/1389 
f 1389/1389/1389 1416/1416/1416 1390/1390/1390 
f 1416/1416/1416 1417/1417/1417 1390/1390/1390 
f 1390/1390/1390 1417/1417/1417 1391/1391/1391 
f 1417/1417/1417 1418/1418/1418 1391/1391/1391 
f 1391/1391/1391 1418/1418/1418 1392/1392/1392 
f 1418/1418/1418 1419/1419/1419 1392/1392/1392 
f 1392/1392/1392 1419/1419/1419 1393/1393/1393 
f 1419/1419/1419 1420/1420/1420 1393/1393/1393 
f 1393/1393/1393 1420/1420/1420 1394/1394/1394 
f 1420/1420/1420 1421/1421/1421 1394/1394/1394 
f 1394/1394/1394 1421/1421/1421 1395/1395/1395 
f 1421/1421/1421 1422/1422/1422 1395/1395/1395 
f 1395/1395/1395 1422/1422/1422 1396/1396/1396 
f 1422/1422/1422 1423/1423/1423 1396/1396/1396 
f 1396/1396/1396 1423/1423/1423 1397/1397/1397 
f 1423/1423/1423 1424/1424/1424 1397/1397/1397 
f 1397/1397/1397 1424/1424/1424 1424/1424/1424 
f 1424/1424/1424 1398/1398/1398 1424/1424/1424 
f 1424/1424/1424 1398/1398/1398 1398/1398/1398 
f 1398/1398/1398 1425/1425/1425 1398/1398/1398 
f 1398/1398/1398 1425/1425/1425 1399/1399/1399 
f 1425/1425/1425 1426/1426/1426 1399/1399/1399 
f 1399/1399/1399 1426/1426/1426 1400/1400/1400 
f 1426/1426/1426 1427/1427/1427 1400/1400/1400 
f 1400/1400/1400 1427/1427/1427 1401/1401/1401 
f 1427/1427/1427 1428/1428/1428 1401/1401/1401 
f 1401/1401/1401 1428/1428/1428 1402/1402/1402 
f 1428/1428/1428 1429/1429/1429 1402/1402/1402 
f 1402/1402/1402 1429/1429/1429 1403/1403/1403 
f 1429/1429/1429 1430/1430/1430 1403/1403/1403 
f 1403/1403/1403 1430/1430/1430 1404/1404/1404 
f 1430/1430/1430 1431/1431/1431 1404/1404/1404 
f 1404/1404/1404 1431/1431/1431 1405/1405/1405 
f 1431/1431/1431 1432/1432/1432 1405/1405/1405 
f 1405/1405/1405 1432/1432/1432 1406/1406/1406 
f 1432/1432/1432 1433/1433/1433 1406/1406/1406 
f 1406/1406/1406 1433/1433/1433 1407/1407/1407 
f 1433/1433/1433 1434/1434/1434 1407/1407/1407 
f 1407/1407/1407 1434/1434/1434 1408/1408/1408 
f 1434/1434/1434 1435/1435/1435 1408/1408/1408 
f 1408/1408/1408 1435/1435/1435 1409/1409/1409 
f 1435/1435/1435 1436/1436/1436 1409/1409/1409 
f 1409/1409/1409 1436/1436/1436 1410/1410/1410 
f 1436/1436/1436 1437/1437/1437 1410/1410/1410 
f 1410/1410/1410 1437/1437/1437 1411/1411/1411 
f 1437/1437/1437 1438/1438/1438 1411/1411/1411 
f 1411/1411/1411 1438/1438/1438 1412/1412/1412 
f 1438/1438/1438 1439/1439/1439 1412/1412/1412 
f 1412/1412/1412 1439/1439/1439 1413/1413/1413 
f 1439/1439/1439 1440/1440/1440 1413/1413/1413 
f 1413/1413/1413 1440/1440/1440 1414/1414/1414 
f 1440/1440/1440 1441/1441/1441 1414/1414/1414 
f 1414/1414/1414 1441/1441/1441 1415/1415/1415 
f 1441/1441/1441 1442/1442/1442 1415/1415/1415 
f 1415/1415/1415 1442/1442/1442 1416/1416/1416 
f 1442/1442/1442 1443/1443/1443 1416/1416/1416 
f 1416/1416/1416 1443/1443/1443 1417/1417/1417 
f 1443/1443/1443 1444/1444/1444 1417/1417/1417 
f 1417/1417/1417 1444/1444/1444 1418/1418/1418 
f 1444/1444/1444 1445/1445/1445 1418/1418/1418 
f 1418/1418/1418 1445/1445/1445 1419/1419/1419 
f 1445/1445/1445 1446/1446/1446 1419/1419/1419 
f 1419/1419/1419 1446/1446/1446 1420/1420/1420 
f 1446/1446/1446 1447/1447/1447 1420/1420/1420 
f 1420/1420/1420 1447/1447/1447 1421/1421/1421 
f 1447/1447/1447 1448/1448/1448 1421/1421/1421 
f 1421/1421/1421 1448/1448/1448 1422/1422/1422 
f 1448/1448/1448 1449/1449/1449 1422/1422/1422 
f 1422/1422/1422 1449/1449/1449 1423/1423/1423 
f 1449/1449/1449 1450/1450/1450 1423/1423/1423 
f 1423/1423/1423 1450/1450/1450 1424/1424/1424 
f 1450/1450/1450 1451/1451/1451 1424/1424/1424 
f 1424/1424/1424 1451/1451/1451 1451/1451/1451 
f 1451/1451/1451 1452/1452/1452 1451/1451/1451 
f 1451/1451/1451 1452/1452/1452 1452/1452/1452 
f 1452/1452/1452 1453/1453/1453 1452/1452/1452 
f 1452/1452/1452 1453/1453/1453 1454/1454/1454 
f 1453/1453/1453 1455/1455/1455 1454/1454/1454 
f 1454/1454/1454 1455/1455/1455 1456/1456/1456 
f 1455/1455/1455 1457/1457/1457 1456/1456/1456 
f 1456/1456/1456 1457/1457/1457 1458/1458/1458 
f 1457/1457/1457 1459/1459/1459 1458/1458/1458 
f 1458/1458/1458 1459/1459/1459 1460/1460/1460 
f 1459/1459/1459 1461/1461/1461 1460/1460/1460 
f 1460/1460/1460 1461/1461/1461 1462/1462/1462 
f 1461/1461/1461 1463/1463/1463 1462/1462/1462 
f 1462/1462/1462 1463/1463/1463 1464/1464/1464 
f 1463/1463/1463 1465/1465/1465 1464/1464/1464 
f 1464/1464/1464 1465/1465/1465 1466/1466/1466 
f 1465/1465/1465 1467/1467/1467 1466/1466/1466 
f 1466/1466/1466 1467/1467/1467 1468/1468/1468 
f 1467/1467/1467 1469/1469/1469 1468/1468/1468 
f 1468/1468/1468 1469/1469/1469 1470/1470/1470 
f 1469/1469/1469 1471/1471/1471 1470/1470/1470 
f 1470/1470/1470 1471/1471/1471 1472/1472/1472 
f 1471/1471/1471 1473/1473/1473 1472/1472/1472 
f 1472/1472/1472 1473/1473/1473 1474/1474/1474 
f 1473/1473/1473 1475/1475/1475 1474/1474/1474 
f 1474/1474/1474 1475/1475/1475 1476/1476/1476 
f 1475/1475/1475 1477/1477/1477 1476/1476/1476 
f 1476/1476/1476 1477/1477/1477 1478/1478/1478 
f 1477/1477/1477 1479/1479/1479 1478/1478/1478 
f 1478/1478/1478 1479/1479/1479 1480/1480/1480 
f 1479/1479/1479 1481/1481/1481 1480/1480/1480 
f 1480/1480/1480 1481/1481/1481 1482/1482/1482 
f 1481/1481/1481 1483/1483/1483 1482/1482/1482 
f 1482/1482/1482 1483/1483/1483 1484/1484/1484 
f 1483/1483/1483 1485/1485/1485 1484/1484/1484 
f 1484/1484/1484 1485/1485/1485 1486/1486/1486 
f 1485/1485/1485 1487/1487/1487 1486/1486/1486 
f 1486/1486/1486 1487/1487/1487 1488/1488/1488 
f 1487/1487/1487 1489/1489/1489 1488/1488/1488 
f 1488/1488/1488 1489/1489/1489 1490/1490/1490 
f 1489/1489/1489 1491/1491/1491 1490/1490/1490 
f 1490/1490/1490 1491/1491/1491 1492/1492/1492 
f 1491/1491/1491 1493/1493/1493 1492/1492/1492 
f 1492/1492/1492 1493/1493/1493 1494/1494/1494 
f 1493/1493/1493 1495/1495/1495 1494/1494/1494 
f 1494/1494/1494 1495/1495/1495 1496/1496/1496 
f 1495/1495/1495 1497/1497/1497 1496/1496/1496 
f 1496/1496/1496 1497/1497/1497 1498/1498/1498 
f 1497/1497/1497 1499/1499/1499 1498/1498/1498 
f 1498/1498/1498 1499/1499/1499 1500/1500/1500 
f 1499/1499/1499 1501/1501/1501 1500/1500/1500 
f 1500/1500/1500 1501/1501/1501 1502/1502/1502 
f 1501/1501/1501 1503/1503/1503 1502/1502/1502 
f 1502/1502/1502 1503/1503/1503 1504/1504/1504 
f 1503/1503/1503 1505/1505/1505 1504/1504/1504 
f 1504/1504/1504 1505/1505/1505 1505/1505/1505 
f 1505/1505/1505 1506/1506/1506 1505/1505/1505 
f 1505/1505/1505 1506/1506/1506 1506/1506/1506 
f 1506/1506/1506 1507/1507/1507 1506/1506/1506 
f 1506/1506/1506 1507/1507/1507 1508/1508/1508 
f 1507/1507/1507 1509/1509/1509 1508/1508/1508 
f 1508/1508/1508 1509/1509/1509 1510/1510/1510 
f 1509/1509/1509 1511/1511/1511 1510/1510/1510 
f 1510/1510/1510 1511/1511/1511 1512/1512/1512 
f 1511/1511/1511 1513/1513/1513 1512/1512/1512 
f 1512/1512/1512 1513/1513/1513 1514/1514/1514 
f 1513/1513/1513 1515/1515/1515 1514/1514/1514 
f 1514/1514/1514 1515/1515/1515 1516/1516/1516 
f 1515/1515/1515 1517/1517/1517 1516/1516/1516 
f 1516/1516/1516 1517/1517/1517 1518/1518/1518 
f 1517/1517/1517 1519/1519/1519 1518/1518/1518 
f 1518/1518/1518 1519/1519/1519 1520/1520/1520 
f 1519/1519/1519 1521/1521/1521 1520/1520/1520 
f 1520/1520/1520 1521/1521/1521 1522/1522/1522 
f 1521/1521/1521 1523/1523/1523 1522/1522/1522 
f 1522/1522/1522 1523/1523/1523 1524/1524/1524 
f 1523/1523/1523 1525/1525/1525 1524/1524/1524 
f 1524/1524/1524 1525/1525/1525 1526/1526/1526 
f 1525/1525/1525 1527/1527/1527 1526/1526/1526 
f 1526/1526/1526 1527/1527/1527 1528/1528/1528 
f 1527/1527/1527 1529/1529/1529 1528/1528/1528 
f 1528/1528/1528 1529/1529/1529 1530/1530/1530 
f 1529/1529/1529 1531/1531/1531 1530/1530/1530 
f 1530/1530/1530 1531/1531/1531 1532/1532/1532 
f 1531/1531/1531 1533/1533/1533 1532/1532/1532 
f 1532/1532/1532 1533/1533/1533 1534/1534/1534 
f 1533/1533/1533 1535/1535/1535 1534/1534/1534 
f 1534/1534/1534 1535/1535/1535 1536/1536/1536 
f 1535/1535/1535 1537/1537/1537 1536/1536/1536 
f 1536/1536/1536 1537/1537/1537 1538/1538/1538 
f 1537/1537/1537 1539/1539/1539 1538/1538/1538 
f 1538/1538/1538 1539/1539/1539 1540/1540/1540 
f 1539/1539/1539 1541/1541/1541 1540/1540/1540 
f 1540/1540/1540 1541/1541/1541 1542/1542/1542 
f 1541/1541/1541 1543/1543/1543 1542/1542/1542 
f 1542/1542/1542 1543/1543/1543 1544/1544/1544 
f 1543/1543/1543 1545/1545/1545 1544/1544/1544 
f 1544/1544/1544 1545/1545/1545 1546/1546/1546 
f 1545/1545/1545 1547/1547/1547 1546/1546/1546 
f 1546/1546/1546 1547/1547/1547 1548/1548/1548 
f 1547/1547/1547 1549/1549/1549 1548/1548/1548 
f 1548/1548/1548 1549/1549/1549 1550/1550/1550 
f 1549/1549/1549 1551/1551/1551 1550/1550/1550 
f 1550/1550/1550 1551/1551/1551 1552/1552/1552 
f 1551/1551/1551 1553/1553/1553 1552/1552/1552 
f 1552/1552/1552 1553/1553/1553 1554/1554/1554 
f 1553/1553/1553 1555/1555/1555 1554/1554/1554 
f 1554/1554/1554 1555/1555/1555 1556/1556/1556 
f 1555/1555/1555 1557/1557/1557 1556/1556/1556 
f 1556/1556/1556 1557/1557/1557 1558/1558/1558 
f 1557/1557/1557 1559/1559/1559 1558/1558/1558 
f 1558/1558/1558 1559/1559/1559 1559/1559/1559 
f 1559/1559/1559 1560/1560/1560 1559/1559/1559 
f 1559/1559/1559 1560/1560/1560 1560/1560/1560 
f 1560/1560/1560 1561/1561/1561 1560/1560/1560 
f 1560/1560/1560 1561/1561/1561 1562/1562/1562 
f 1561/1561/1561 1563/1563/1563 1562/1562/1562 
f 1562/1562/1562 1563/1563/1563 1564/1564/1564 
f 1563/1563/1563 1565/1565/1565 1564/1564/1564 
f 1564/1564/1564 1565/1565/1565 1566/1566/1566 
f 1565/1565/1565 1567/1567/1567 1566/1566/1566 
f 1566/1566/1566 1567/1567/1567 1568/1568/1568 
f 1567/1567/1567 1569/1569/1569 1568/1568/1568 
f 1568/1568/1568 1569/1569/1569 1570/1570/1570 
f 1569/1569/1569 1571/1571/1571 1570/1570/1570 
f 1570/1570/1570 1571/1571/1571 1572/1572/1572 
f 1571/1571/1571 1573/1573/1573 1572/1572/1572 
f 1572/1572/1572 1573/1573/1573 1574/1574/1574 
f 1573/1573/1573 1575/1575/1575 1574/1574/1574 
f 1574/1574/1574 1575/1575/1575 1576/1576/1576 
f 1575/1575/1575 1577/1577/1577 1576/1576/1576 
f 1576/1576/1576 1577/1577/1577 1578/1578/1578 
f 1577/1577/1577 1579/1579/1579 1578/1578/1578 
f 1578/1578/1578 1579/1579/1579 1580/1580/1580 
f 1579/1579/1579 1581/1581/1581 1580/1580/1580 
f 1580/1580/1580 1581/1581/1581 1582/1582/1582 
f 1581/1581/1581 1583/1583/1583 1582/1582/1582 
f 1582/1582/1582 1583/1583/1583 1584/1584/1584 
f 1583/1583/1583 1585/1585/1585 1584/1584/1584 
f 1584/1584/1584 1585/1585/1585 1586/1586/1586 
f 1585/1585/1585 1587/1587/1587 1586/1586/1586 
f 1586/1586/1586 1587/1587/1587 1588/1588/1588 
f 1587/1587/1587 1589/1589/1589 1588/1588/1588 
f 1588/1588/1588 1589/1589/1589 1590/1590/1590 
f 1589/1589/1589 1591/1591/1591 1590/1590/1590 
f 1590/1590/1590 1591/1591/1591 1592/1592/1592 
f 1591/1591/1591 1593/1593/1593 1592/1592/1592 
f 1592/1592/1592 1593/1593/1593 1594/1594/1594 
f 1593/1593/1593 1595/1595/1595 1594/1594/1594 
f 1594/1594/1594 1595/1595/1595 1596/1596/1596 
f 1595/1595/1595 1597/1597/1597 1596/1596/1596 
f 1596/1596/1596 1597/1597/1597 1598/1598/1598 
f 1597/1597/1597 1599/1599/1599 1598/1598/1598 
f 1598/1598/1598 1599/1599/1599 1600/1600/1600 
f 1599/1599/1599 1601/1601/1601 1600/1600/1600 
f 1600/1600/1600 1601/1601/1601 1602/1602/1602 
f 1601/1601/1601 1603/1603/1603 1602/1602/1602 
f 1602/1602/1602 1603/1603/1603 1604/1604/1604 
f 1603/1603/1603 1605/1605/1605 1604/1604/1604 
f 1604/1604/1604 1605/1605/1605 1606/1606/1606 
f 1605/1605/1605 1607/1607/1607 1606/1606/1606 
f 1606/1606/1606 1607/1607/1607 1608/1608/1608 
f 1607/1607/1607 1609/1609/1609 1608/1608/1608 
f 1608/1608/1608 1609/1609/1609 1610/1610/1610 
f 1609/1609/1609 1611/1611/1611 1610/1610/1610 
f 1610/1610/1610 1611/1611/1611 1612/1612/1612 
f 1611/1611/1611 1613/1613/1613 1612/1612/1612 
f 1612/1612/1612 1613/1613/1613 1613/1613/1613 
f 1613/1613/1613 1614/1614/1614 1613/1613/1613 
f 1613/1613/1613 1614/1614/1614 1614/1614/1614 
f 1614/1614/1614 1615/1615/1615 1614/1614/1614 
f 1614/1614/1614 1615/1615/1615 1616/1616/1616 
f 1615/1615/1615 1617/1617/1617 1616/1616/1616 
f 1616/1616/1616 1617/1617/1617 1617/1617/1617 
f 1617/1617/1617 1618/1618/1618 1617/1617/1617 
f 1617/1617/1617 1618/1618/1618 1618/1618/1618 
f 1618/1618/1618 1619/1619/1619 1618/1618/1618 
f 1618/1618/1618 1619/1619/1619 1620/1620/1620 
f 1619/1619/1619 1621/1621/1621 1620/1620/1620 
f 1620/1620/1620 1621/1621/1621 1621/1621/1621 
f 1621/1621/1621 1622/1622/1622 1621/1621/1621 
f 1621/1621/1621 1622/1622/1622 1622/1622/1622 
f 1622/1622/1622 1623/1623/1623 1622/1622/1622 
f 1622/1622/1622 1623/1623/1623 1624/1624/1624 
f 1623/1623/1623 1625/1625/1625 1624/1624/1624 
f 1624/1624/1624 1625/1625/1625 1626/1626/1626 
f 1625/1625/1625 1627/1627/1627 1626/1626/1626 
f 1626/1626/1626 1627/1627/1627 1628/1628/1628 
f 1627/1627/1627 1629/1629/1629 1628/1628/1628 
f 1628/1628/1628 1629/1629/1629 1630/1630/1630 
f 1629/1629/1629 1631/1631/1631 1630/1630/1630 
f 1630/1630/1630 1631/1631/1631 1632/1632/1632 
f 1631/1631/1631 1633/1633/1633 1632/1632/1632 
f 1632/1632/1632 1633/1633/1633 1634/1634/1634 
f 1633/1633/1633 1635/1635/1635 1634/1634/1634 
f 1634/1634/1634 1635/1635/1635 1636/1636/1636 
f 1635/1635/1635 1637/1637/1637 1636/1636/1636 
f 1636/1636/1636 1637/1637/1637 1638/1638/1638 
f 1637/1637/1637 1639/1639/1639 1638/1638/1638 
f 1638/1638/1638 1639/1639/1639 1640/1640/1640 
f 1639/1639/1639 1641/1641/1641 1640/1640/1640 
f 1640/1640/1640 1641/1641/1641 1642/1642/1642 
f 1641/1641/1641 1643/1643/1643 1642/1642/1642 
f 1642/1642/1642 1643/1643/1643 1644/1644/1644 
f 1643/1643/1643 1645/1645/1645 1644/1644/1644 
f 1644/1644/1644 1645/1645/1645 1646/1646/1646 
f 1645/1645/1645 1647/1647/1647 1646/1646/1646 
f 1646/1646/1646 1647/1647/1647 1648/1648/1648 
f 1647/1647/1647 1649/1649/1649 1648/1648/1648 
f 1648/1648/1648 1649/1649/1649 1650/1650/1650 
f 1649/1649/1649 1651/1651/1651 1650/1650/1650 
f 1650/1650/1650 1651/1651/1651 1652/1652/1652 
f 1651/1651/1651 1653/1653/1653 1652/1652/1652 
f 1652/1652/1652 1653/1653/1653 1654/1654/1654 
f 1653/1653/1653 1655/1655/1655 1654/1654/1654 
f 1654/1654/1654 1655/1655/1655 1656/1656/1656 
f 1655/1655/1655 1657/1657/1657 1656/1656/1656 
f 1656/1656/1656 1657/1657/1657 1658/1658/1658 
f 1657/1657/1657 1659/1659/1659 1658/1658/1658 
f 1658/1658/1658 1659/1659/1659 1660/1660/1660 
f 1659/1659/1659 1661/1661/1661 1660/1660/1660 
f 1660/1660/1660 1661/1661/1661 1662/1662/1662 
f 1661/1661/1661 1663/1663/1663 1662/1662/1662 
f 1662/1662/1662 1663/1663/1663 1664/1664/1664 
f 1663/1663/1663 1665/1665/1665 1664/1664/1664 
f 1664/1664/1664 1665/1665/1665 1666/1666/1666 
f 1665/1665/1665 1667/1667/1667 1666/1666/1666 
f 1666/1666/1666 1667/1667/1667 1668/1668/1668 
f 1667/1667/1667 1669/1669/1669 1668/1668/1668 
f 1668/1668/1668 1669/1669/1669 1670/1670/1670 
f 1669/1669/1669 1671/1671/1671 1670/1670/1670 
f 1670/1670/1670 1671/1671/1671 1672/1672/1672 
f 1671/1671/1671 1673/1673/1673 1672/1672/1672 
f 1672/1672/1672 1673/1673/1673 1674/1674/1674 
f 1673/1673/1673 1675/1675/1675 1674/1674/1674 
f 1674/1674/1674 1675/1675/1675 1675/1675/1675 
f 1675/1675/1675 1676/1676/1676 1675/1675/1675 
f 1675/1675/1675 1676/1676/1676 1676/1676/1676 
f 1676/1676/1676 1677/1677/1677 1676/1676/1676 
f 1676/1676/1676 1677/1677/1677 1678/1678/1678 
f 1677/1677/1677 1679/1679/1679 1678/1678/1678 
f 1678/1678/1678 1679/1679/1679 1679/1679/1679 
f 1679/1679/1679 1680/1680/1680 1679/1679/1679 
f 1679/1679/1679 1680/1680/1680 1680/1680/1680 
f 1680/1680/1680 1681/1681/1681 1680/1680/1680 
f 1680/1680/1680 1681/1681/1681 1682/1682/1682 
f 1681/1681/1681 1683/1683/1683 1682/1682/1682 
f 1682/1682/1682 1683/1683/1683 1683/1683/1683 
f 1683/1683/1683 1684/1684/1684 1683/1683/1683 
f 1683/1683/1683 1684/1684/1684 1684/1684/1684 
f 1684/1684/1684 1685/1685/1685 1684/1684/1684 
f 1684/1684/1684 1685/1685/1685 1686/1686/1686 
f 1685/1685/1685 1687/1687/1687 1686/1686/1686 
f 1686/1686/1686 1687/1687/1687 1687/1687/1687 
f 1687/1687/1687 1688/1688/1688 1687/1687/1687 
f 1687/1687/1687 1688/1688/1688 1688/1688/1688 
f 1688/1688/1688 1689/1689/1689 1688/1688/1688 
f 1688/1688/1688 1689/1689/1689 1690/1690/1690 
f 1689/1689/1689 1691/1691/1691 1690/1690/1690 
f 1690/1690/1690 1691/1691/1691 1692/1692/1692 
f 1691/1691/1691 1693/1693/1693 1692/1692/1692 
f 1692/1692/1692 1693/1693/1693 1694/1694/1694 
f 1693/1693/1693 1695/1695/1695 1694/1694/1694 
f 1694/1694/1694 1695/1695/1695 1696/1696/1696 
f 1695/1695/1695 1697/1697/1697 1696/1696/1696 
f 1696/1696/1696 1697/1697/1697 1698/1698/1698 
f 1697/1697/1697 1699/1699/1699 1698/1698/1698 
f 1698/1698/1698 1699/1699/1699 1700/1700/1700 
f 1699/1699/1699 1701/1701/1701 1700/1700/1700 
f 1700/1700/1700 1701/1701/1701 1702/1702/1702 
f 1701/1701/1701 1703/1703/1703 1702/1702/1702 
f 1702/1702/1702 1703/1703/1703 1704/1704/1704 
f 1703/1703/1703 1705/1705/1705 1704/1704/1704 
f 1704/1704/1704 1705/1705/1705 1706/1706/1706 
f 1705/1705/1705 1707/1707/1707 1706/1706/1706 
f 1706/1706/1706 1707/1707/1707 1708/1708/1708 
f 1707/1707/1707 1709/1709/1709 1708/1708/1708 
f 1708/1708/1708 1709/1709/1709 1710/1710/1710 
f 1709/1709/1709 1711/1711/1711 1710/1710/1710 
f 1710/1710/1710 1711/1711/1711 1712/1712/1712 
f 1711/1711/1711 1713/1713/1713 1712/1712/1712 
f 1712/1712/1712 1713/1713/1713 1714/1714/1714 
f 1713/1713/1713 1715/1715/1715 1714/1714/1714 
f 1714/1714/1714 1715/1715/1715 1716/1716/1716 
f 1715/1715/1715 1717/1717/1717 1716/1716/1716 
f 1716/1716/1716 1717/1717/1717 1718/1718/1718 
f 1717/1717/1717 1719/1719/1719 1718/1718/1718 
f 1718/1718/1718 1719/1719/1719 1720/1720/1720 
f 1719/1719/1719 1721/1721/1721 1720/1720/1720 
f 1720/1720/1720 1721/1721/1721 1722/1722/1722 
f 1721/1721/1721 1723/1723/1723 1722/1722/1722 
f 1722/1722/1722 1723/1723/1723 1724/1724/1724 
f 1723/1723/1723 1725/1725/1725 1724/1724/1724 
f 1724/1724/1724 1725/1725/1725 1726/1726/1726 
f 1725/1725/1725 1727/1727/1727 1726/1726/1726 
f 1726/1726/1726 1727/1727/1727 1728/1728/1728 
f 1727/1727/1727 1729/1729/1729 1728/1728/1728 
f 1728/1728/1728 1729/1729/1729 1730/1730/1730 
f 1729/1729/1729 1731/1731/1731 1730/1730/1730 
f 1730/1730/1730 1731/1731/1731 1732/1732/1732 
f 1731/1731/1731 1733/1733/1733 1732/1732/1732 
f 1732/1732/1732 1733/1733/1733 1734/1734/1734 
f 1733/1733/1733 1735/1735/1735 1734/1734/1734 
f 1734/1734/1734 1735/1735/1735 1736/1736/1736 
f 1735/1735/1735 1737/1737/1737 1736/1736/1736 
f 1736/1736/1736 1737/1737/1737 1738/1738/1738 
f 1737/1737/1737 1739/1739/1739 1738/1738/1738 
f 1738/1738/1738 1739/1739/1739 1740/1740/1740 
f 1739/1739/1739 1741/1741/1741 1740/1740/1740 
f 1740/1740/1740 1741/1741/1741 1741/1741/1741 
f 1741/1741/1741 1742/1742/1742 1741/1741/1741 
f 1741/1741/1741 1742/1742/1742 1742/1742/1742 
f 1742/1742/1742 1743/1743/1743 1742/1742/1742 
f 1742/1742/1742 1743/1743/1743 1744/1744/1744 
f 1743/1743/1743 1745/1745/1745 1744/1744/1744 
f 1744/1744/1744 1745/1745/1745 1745/1745/1745 
f 1745/1745/1745 1746/1746/1746 1745/1745/1745 
f 1745/1745/1745 1746/1746/1746 1746/1746/1746 
f 1746/1746/1746 1747/1747/1747 1746/1746/1746 
f 1746/1746/1746 1747/1747/1747 1748/1748/1748 
f 1747/1747/1747 1749/1749/1749 1748/1748/1748 
f 1748/1748/1748 1749/1749/1749 1749/1749/1749 
f 1749/1749/1749 1750/1750/1750 1749/1749/1749 
f 1749/1749/1749 1750/1750/1750 1750/1750/1750 
f 1750/1750/1750 1751/1751/1751 1750/1750/1750 
f 1750/1750/1750 1751/1751/1751 1752/1752/1752 
f 1751/1751/1751 1753/1753/1753 1752/1752/1752 
f 1752/1752/1752 1753/1753/1753 1753/1753/1753 
f 1753/1753/1753 1754/1754/1754 1753/1753/1753 
f 1753/1753/1753 1754/1754/1754 1754/1754/1754 
f 1754/1754/1754 1755/1755/1755 1754/1754/1754 
f 1754/1754/1754 1755/1755/1755 1756/1756/1756 
f 1755/1755/1755 1757/1757/1757 1756/1756/1756 
f 1756/1756/1756 1757/1757/1757 1757/1757/1757 
f 1757/1757/1757 1758/1758/1758 1757/1757/1757 
f 1757/1757/1757 1758/1758/1758 1758/1758/1758 
f 1758/1758/1758 1759/1759/1759 1758/1758/1758 
f 1758/1758/1758 1759/1759/1759 1760/1760/1760 
f 1759/1759/1759 1761/1761/1761 1760/1760/1760 
f 1760/1760/1760 1761/1761/1761 1761/1761/1761 
f 1761/1761/1761 1762/1762/1762 1761/1761/1761 
f 1761/1761/1761 1762/1762/1762 1762/1762/1762 
f 1762/1762/1762 1763/1763/1763 1762/1762/1762 
f 1762/1762/1762 1763/1763/1763 1764/1764/1764 
f 1763/1763/1763 1765/1765/1765 1764/1764/1764 
f 1764/1764/1764 1765/1765/1765 1765/1765/1765 
f 1765/1765/1765 1766/1766/1766 1765/1765/1765 
f 1765/1765/1765 1766/1766/1766 1766/1766/1766 
f 1766/1766/1766 1767/1767/1767 1766/1766/1766 
f 1766/1766/1766 1767/1767/1767 1768/1768/1768 
f 1767/1767/1767 1769/1769/1769 1768/1768/1768 
f 1768/1768/1768 1769/1769/1769 1769/1769/1769 
f 1769/1769/1769 1770/1770/1770 1769/1769/1769 
f 1769/1769/1769 1770/1770/1770 1770/1770/1770 
f 1770/1770/1770 1771/1771/1771 1770/1770/1770 
f 1770/1770/1770 1771/1771/1771 1772/1772/1772 
f 1771/1771/1771 1773/1773/1773 1772/1772/1772 
f 1772/1772/1772 1773/1773/1773 1773/1773/1773 
f 1773/1773/1773 1774/1774/1774 1773/1773/1773 
f 1773/1773/1773 1774/1774/1774 1774/1774/1774 
f 1774/1774/1774 1775/1775/1775 1774/1774/1774 
f 1774/1774/1774 1775/1775/1775 1776/1776/1776 
f 1775/1775/1775 1777/1777/1777 1776/1776/1776 
f 1776/1776/1776 1777/1777/1777 1777/1777/1777 
f 1777/1777/1777 1778/1778/1778 1777/1777/1777 
f 1777/1777/1777 1778/1778/1778 1778/1778/1778 
f 1778/1778/1778 1779/1779/1779 1778/1778/1778 
f 1778/1778/1778 1779/1779/1779 1780/1780/1780 
f 1779/1779/1779 1781/1781/1781 1780/1780/1780 
f 1780/1780/1780 1781/1781/1781 1781/1781/1781 
f 1781/1781/1781 1782/1782/1782 1781/1781/1781 
f 1781/1781/1781 1782/1782/1782 1782/1782/1782 
f 1782/1782/1782 1783/1783/1783 1782/1782/1782 
f 1782/1782/1782 1783/1783/1783 1784/1784/1784 
f 1783/1783/1783 1785/1785/1785 1784/1784/1784 
f 1784/1784/1784 1785/1785/1785 1785/1785/1785 
f 1785/1785/1785 1786/1786/1786 1785/1785/1785 
f 1785/1785/1785 1786/1786/1786 1786/1786/1786 
f 1786/1786/1786 1787/1787/1787 1786/1786/1786 
f 1786/1786/1786 1787/1787/1787 1788/1788/1788 
f 1787/1787/1787 1789/1789/1789 1788/1788/1788 
f 1788/1788/1788 1789/1789/1789 1789/1789/1789 
f 1789/1789/1789 1790/1790/1790 1789/1789/1789 
f 1789/1789/1789 1790/1790/1790 1790/1790/1790 
f 1790/1790/1790 1791/1791/1791 1790/1790/1790 
f 1790/1790/1790 1791/1791/1791 1792/1792/1792 
f 1791/1791/1791 1793/1793/1793 1792/1792/1792 
f 1792/1792/1792 1793/1793/1793 1793/1793/1793 
f 1793/1793/1793 1794/1794/1794 1793/1793/1793 
f 1793/1793/1793 1794/1794/1794 1794/1794/1794 
f 1794/1794/1794 1795/1795/1795 1794/1794/1794 
f 1794/1794/1794 1795/1795/1795 1796/1796/1796 
f 1795/1795/1795 1797/1797/1797 1796/1796/1796 
f 1796/1796/1796 1797/1797/1797 1797/1797/1797 
f 1797/1797/1797 1798/1798/1798 1797/1797/1797 
f 1797/1797/1797 1798/1798/1798 1798/1798/1798 
f 1798/1798/1798 1799/1799/1799 1798/1798/1798 
f 1798/1798/1798 1799/1799/1799 1800/1800/1800 
f 1799/1799/1799 1801/1801/1801 1800/1800/1800 
f 1800/1800/1800 1801/1801/1801 1801/1801/1801 
f 1801/1801/1801 1802/1802/1802 1801/1801/1801 
f 1801/1801/1801 1802/1802/1802 1802/1802/1802 
f 1802/1802/1802 1803/1803/1803 1802/1802/1802 
f 1802/1802/1802 1803/1803/1803 1804/1804/1804 
f 1803/1803/1803 1805/1805/1805 1804/1804/1804 
f 1804/1804/1804 1805/1805/1805 1805/1805/1805 
f 1805/1805/1805 1806/1806/1806 1805/1805/1805 
f 1805/1805/1805 1806/1806/1806 1806/1806/1806 
f 1806/1806/1806 1807/1807/1807 1806/1806/1806 
f 1806/1806/1806 1807/1807/1807 1808/1808/1808 
f 1807/1807/1807 1809/1809/1809 1808/1808/1808 
f 1808/1808/1808 1809/1809/1809 1809/1809/1809 
f 1809/1809/1809 1810/1810/1810 1809/1809/1809 
f 1809/1809/1809 1810/1810/1810 1810/1810/1810 
f 1810/1810/1810 1811/1811/1811 1810/1810/1810 
f 1810/1810/1810 1811/1811/1811 1812/1812/1812 
f 1811/1811/1811 1813/1813/1813 1812/1812/1812 
f 1812/1812/1812 1813/1813/1813 1813/1813/1813 
f 1813/1813/1813 1814/1814/1814 1813/1813/1813 
f 1813/1813/1813 1814/1814/1814 1814/1814/1814 
f 1814/1814/1814 1815/1815/1815 1814/1814/1814 
f 1814/1814/1814 1815/1815/1815 1816/1816/1816 
f 1815/1815/1815 1817/1817/1817 1816/1816/1816 
f 1816/1816/1816 1817/1817/1817 1817/1817/1817 
f 1817/1817/1817 1818/1818/1818 1817/1817/1817 
f 1817/1817/1817 1818/1818/1818 1818/1818/1818 
f 1818/1818/1818 1819/1819/1819 1818/1818/1818 
f 1818/1818/1818 1819/1819/1819 1820/1820/1820 
f 1819/1819/1819 1821/1821/1821 1820/1820/1820 
f 1820/1820/1820 1821/1821/1821 1821/1821/1821 
f 1821/1821/1821 1822/1822/1822 1821/1821/1821 
f 1821/1821/1821 1822/1822/1822 1822/1822/1822 
f 1822/1822/1822 1823/1823/1823 1822/1822/1822 
f 1822/1822/1822 1823/1823/1823 1824/1824/1824 
f 1823/1823/1823 1825/1825/1825 1824/1824/1824 
f 1824/1824/1824 1825/1825/1825 1825/1825/1825 
f 1825/1825/1825 1826/1826/1826 1825/1825/1825 
f 1825/1825/1825 1826/1826/1826 1826/1826/1826 
f 1826/1826/1826 1827/1827/1827 1826/1826/1826 
f 1826/1826/1826 1827/1827/1827 1828/1828/1828 
f 1827/1827/1827 1829/1829/1829 1828/1828/1828 
f 1828/1828/1828 1829/1829/1829 1830/1830/1830 
f 1829/1829/1829 1831/1831/1831 1830/1830/1830 
f 1830/1830/1830 1831/1831/1831 1832/1832/1832 
f 1831/1831/1831 1833/1833/1833 1832/1832/1832 
f 1832/1832/1832 1833/1833/1833 1834/1834/1834 
f 1833/1833/1833 1835/1835/1835 1834/1834/1834 
f 1834/1834/1834 1835/1835/1835 1836/1836/1836 
f 1835/1835/1835 1837/1837/1837 1836/1836/1836 
f 1836/1836/1836 1837/1837/1837 1838/1838/1838 
f 1837/1837/1837 1839/1839/1839 1838/1838/1838 
f 1838/1838/1838 1839/1839/1839 1840/1840/1840 
f 1839/1839/1839 1841/1841/1841 1840/1840/1840 
f 1840/1840/1840 1841/1841/1841 1842/1842/1842 
f 1841/1841/1841 1843/1843/1843 1842/1842/1842 
f 1842/1842/1842 1843/1843/1843 1844/1844/1844 
f 1843/1843/1843 1845/1845/1845 1844/1844/1844 
f 1844/1844/1844 1845/1845/1845 1846/1846/1846 
f 1845/1845/1845 1847/1847/1847 1846/1846/1846 
f 1846/1846/1846 1847/1847/1847 1848/1848/1848 
f 1847/1847/1847 1849/1849/1849 1848/1848/1848 
f 1848/1848/1848 1849/1849/1849 1850/1850/1850 
f 1849/1849/1849 1851/1851/1851 1850/1850/1850 
f 1850/1850/1850 1851/1851/1851 1852/1852/1852 
f 1851/1851/1851 1853/1853/1853 1852/1852/1852 
f 1852/1852/1852 1853/1853/1853 1854/1854/1854 
f 1853/1853/1853 1855/1855/1855 1854/1854/1854 
f 1854/1854/1854 1855/1855/1855 1856/1856/1856 
f 1855/1855/1855 1857/1857/1857 1856/1856/1856 
f 1856/1856/1856 1857/1857/1857 1858/1858/1858 
f 1857/1857/1857 1859/1859/1859 1858/1858/1858 
f 1858/1858/1858 1859/1859/1859 1860/1860/1860 
f 1859/1859/1859 1861/1861/1861 1860/1860/1860 
f 1860/1860/1860 1861/1861/1861 1862/1862/1862 
f 1861/1861/1861 1863/1863/1863 1862/1862/1862 
f 1862/1862/1862 1863/1863/1863 1864/1864/1864 
f 1863/1863/1863 1865/1865/1865 1864/1864/1864 
f 1864/1864/1864 1865/1865/1865 1866/1866/1866 
f 1865/1865/1865 1867/1867/1867 1866/1866/1866 
f 1866/1866/1866 1867/1867/1867 1868/1868/1868 
f 1867/1867/1867 1869/1869/1869 1868/1868/1868 
f 1868/1868/1868 1869/1869/1869 1870/1870/1870 
f 1869/1869/1869 1871/1871/1871 1870/1870/1870 
f 1870/1870/1870 1871/1871/1871 1872/1872/1872 
f 1871/1871/1871 1873/1873/1873 1872/1872/1872 
f 1872/1872/1872 1873/1873/1873 1874/1874/1874 
f 1873/1873/1873 1875/1875/1875 1874/1874/1874 
f 1874/1874/1874 1875/1875/1875 1876/1876/1876 
f 1875/1875/1875 1877/1877/1877 1876/1876/1876 
f 1876/1876/1876 1877/1877/1877 1878/1878/1878 
f 1877/1877/1877 1879/1879/1879 1878/1878/1878 
f 1878/1878/1878 1879/1879/1879 1879/1879/1879 
f 1879/1879/1879 1880/1880/1880 1879/1879/1879 
f 1879/1879/1879 1880/1880/1880 1880/1880/1880 
f 1880/1880/1880 1881/1881/1881 1880/1880/1880 
f 1880/1880/1880 1881/1881/1881 1882/1882/1882 
f 1881/1881/1881 1883/1883/1883 1882/1882/1882 
f 1882/1882/1882 1883/1883/1883 1884/1884/1884 
f 1883/1883/1883 1885/1885/1885 1884/1884/1884 
f 1884/1884/1884 1885/1885/1885 1886/1886/1886 
f 1885/1885/1885 1887/1887/1887 1886/1886/1886 
f 1886/1886/1886 1887/1887/1887 1888/1888/1888 
f 1887/1887/1887 1889/1889/1889 1888/1888/1888 
f 1888/1888/1888 1889/1889/1889 1890/1890/1890 
f 1889/1889/1889 1891/1891/1891 1890/1890/1890 
f 1890/1890/1890 1891/1891/1891 1892/1892/1892 
f 1891/1891/1891 1893/1893/1893 1892/1892/1892 
f 1892/1892/1892 1893/1893/1893 1894/1894/1894 
f 1893/1893/1893 1895/1895/1895 1894/1894/1894 
f 1894/1894/1894 1895/1895/1895 1896/1896/1896 
f 1895/1895/1895 1897/1897/1897 1896/1896/1896 
f 1896/1896/1896 1897/1897/1897 1898/1898/1898 
f 1897/1897/1897 1899/1899/1899 1898/1898/1898 
f 1898/1898/1898 1899/1899/1899 1900/1900/1900 
f 1899/1899/1899 1901/1901/1901 1900/1900/1900 
f 1900/1900/1900 1901/1901/1901 1902/1902/1902 
f 1901/1901/1901 1903/1903/1903 1902/1902/1902 
f 1902/1902/1902 1903/1903/1903 1904/1904/1904 
f 1903/1903/1903 1905/1905/1905 1904/1904/1904 
f 1904/1904/1904 1905/1905/1905 1906/1906/1906 
f 1905/1905/1905 1907/1907/1907 1906/1906/1906 
f 1906/1906/1906 1907/1907/1907 1908/1908/1908 
f 1907/1907/1907 1909/1909/1909 1908/1908/1908 
f 1908/1908/1908 1909/1909/1909 1910/1910/1910 
f 1909/1909/1909 1911/1911/1911 1910/1910/1910 
f 1910/1910/1910 1911/1911/1911 1912/1912/1912 
f 1911/1911/1911 1913/1913/1913 1912/1912/1912 
f 1912/1912/1912 1913/1913/1913 1914/1914/1914 
f 1913/1913/1913 1915/1915/1915 1914/1914/1914 
f 1914/1914/1914 1915/1915/1915 1916/1916/1916 
f 1915/1915/1915 1917/1917/1917 1916/1916/1916 
f 1916/1916/1916 1917/1917/1917 1918/1918/1918 
f 1917/1917/1917 1919/1919/1919 1918/1918/1918 
f 1918/1918/1918 1919/1919/1919 1920/1920/1920 
f 1919/1919/1919 1921/1921/1921 1920/1920/1920 
f 1920/1920/1920 1921/1921/1921 1922/1922/1922 
f 1921/1921/1921 1923/1923/1923 1922/1922/1922 
f 1922/1922/1922 1923/1923/1923 1924/1924/1924 
f 1923/1923/1923 1925/1925/1925 1924/1924/1924 
f 1924/1924/1924 1925/1925/1925 1926/1926/1926 
f 1925/1925/1925 1927/1927/1927 1926/1926/1926 
f 1926/1926/1926 1927/1927/1927 1928/1928/1928 
f 1927/1927/1927 1929/1929/1929 1928/1928/1928 
f 1928/1928/1928 1929/1929/1929 1930/1930/1930 
f 1929/1929/1929 1931/1931/1931 1930/1930/1930 
f 1930/1930/1930 1931/1931/1931 1880/1880/1880 
f 1931/1931/1931 1881/1881/1881 1880/1880/1880 
f 1880/1880/1880 1881/1881/1881 1881/1881/1881 
f 1881/1881/1881 1932/1932/1932 1881/1881/1881 
f 1881/1881/1881 1932/1932/1932 1932/1932/1932 
f 1932/1932/1932 1933/1933/1933 1932/1932/1932 
f 1932/1932/1932 1933/1933/1933 1934/1934/1934 
f 1933/1933/1933 1935/1935/1935 1934/1934/1934 
f 1934/1934/1934 1935/1935/1935 1936/1936/1936 
f 1935/1935/1935 1937/1937/1937 1936/1936/1936 
f 1936/1936/1936 1937/1937/1937 1938/1938/1938 
f 1937/1937/1937 1939/1939/1939 1938/1938/1938 
f 1938/1938/1938 1939/1939/1939 1940/1940/1940 
f 1939/1939/1939 1941/1941/1941 1940/1940/1940 
f 1940/1940/1940 1941/1941/1941 1942/1942/1942 
f 1941/1941/1941 1943/1943/1943 1942/1942/1942 
f 1942/1942/1942 1943/1943/1943 1944/1944/1944 
f 1943/1943/1943 1945/1945/1945 1944/1944/1944 
f 1944/1944/1944 1945/1945/1945 1946/1946/1946 
f 1945/1945/1945 1947/1947/1947 1946/1946/1946 
f 1946/1946/1946 1947/1947/1947 1948/1948/1948 
f 1947/1947/1947 1949/1949/1949 1948/1948/1948 
f 1948/1948/1948 1949/1949/1949 1950/1950/1950 
f 1949/1949/1949 1951/1951/1951 1950/1950/1950 
f 1950/1950/1950 1951/1951/1951 1952/1952/1952 
f 1951/1951/1951 1953/1953/1953 1952/1952/1952 
f 1952/1952/1952 1953/1953/1953 1954/1954/1954 
f 1953/1953/1953 1955/1955/1955 1954/1954/1954 
f 1954/1954/1954 1955/1955/1955 1956/1956/1956 
f 1955/1955/1955 1957/1957/1957 1956/1956/1956 
f 1956/1956/1956 1957/1957/1957 1958/1958/1958 
f 1957/1957/1957 1959/1959/1959 1958/1958/1958 
f 1958/1958/1958 1959/1959/1959 1960/1960/1960 
f 1959/1959/1959 1961/1961/1961 1960/1960/1960 
f 1960/1960/1960 1961/1961/1961 1962/1962/1962 
f 1961/1961/1961 1963/1963/1963 1962/1962/1962 
f 1962/1962/1962 1963/1963/1963 1964/1964/1964 
f 1963/1963/1963 1965/1965/1965 1964/1964/1964 
f 1964/1964/1964 1965/1965/1965 1966/1966/1966 
f 1965/1965/1965 1967/1967/1967 1966/1966/1966 
f 1966/1966/1966 1967/1967/1967 1968/1968/1968 
f 1967/1967/1967 1969/1969/1969 1968/1968/1968 
f 1968/1968/1968 1969/1969/1969 1970/1970/1970 
f 1969/1969/1969 1971/1971/1971 1970/1970/1970 
f 1970/1970/1970 1971/1971/1971 1972/1972/1972 
f 1971/1971/1971 1973/1973/1973 1972/1972/1972 
f 1972/1972/1972 1973/1973/1973 1974/1974/1974 
f 1973/1973/1973 1975/1975/1975 1974/1974/1974 
f 1974/1974/1974 1975/1975/1975 1976/1976/1976 
f 1975/1975/1975 1977/1977/1977 1976/1976/1976 
f 1976/1976/1976 1977/1977/1977 1978/1978/1978 
f 1977/1977/1977 1979/1979/1979 1978/1978/1978 
f 1978/1978/1978 1979/1979/1979 1980/1980/1980 
f 1979/1979/1979 1981/1981/1981 1980/1980/1980 
f 1980/1980/1980 1981/1981/1981 1982/1982/1982 
f 1981/1981/1981 1983/1983/1983 1982/1982/1982 
f 1982/1982/1982 1983/1983/1983 1932/1932/1932 
f 1983/1983/1983 1933/1933/1933 1932/1932/1932 
f 1932/1932/1932 1933/1933/1933 1933/1933/1933 
f 1933/1933/1933 1983/1983/1983 1933/1933/1933 
f 1933/1933/1933 1983/1983/1983 1983/1983/1983 
f 1983/1983/1983 1984/1984/1984 1983/1983/1983 
f 1983/1983/1983 1984/1984/1984 1933/1933/1933 
f 1984/1984/1984 1985/1985/1985 1933/1933/1933 
f 1933/1933/1933 1985/1985/1985 1935/1935/1935 
f 1985/1985/1985 1986/1986/1986 1935/1935/1935 
f 1935/1935/1935 1986/1986/1986 1937/1937/1937 
f 1986/1986/1986 1987/1987/1987 1937/1937/1937 
f 1937/1937/1937 1987/1987/1987 1939/1939/1939 
f 1987/1987/1987 1988/1988/1988 1939/1939/1939 
f 1939/1939/1939 1988/1988/1988 1941/1941/1941 
f 1988/1988/1988 1989/1989/1989 1941/1941/1941 
f 1941/1941/1941 1989/1989/1989 1943/1943/1943 
f 1989/1989/1989 1990/1990/1990 1943/1943/1943 
f 1943/1943/1943 1990/1990/1990 1945/1945/1945 
f 1990/1990/1990 1991/1991/1991 1945/1945/1945 
f 1945/1945/1945 1991/1991/1991 1947/1947/1947 
f 1991/1991/1991 1992/1992/1992 1947/1947/1947 
f 1947/1947/1947 1992/1992/1992 1949/1949/1949 
f 1992/1992/1992 1993/1993/1993 1949/1949/1949 
f 1949/1949/1949 1993/1993/1993 1951/1951/1951 
f 1993/1993/1993 1994/1994/1994 1951/1951/1951 
f 1951/1951/1951 1994/1994/1994 1953/1953/1953 
f 1994/1994/1994 1995/1995/1995 1953/1953/1953 
f 1953/1953/1953 1995/1995/1995 1955/1955/1955 
f 1995/1995/1995 1996/1996/1996 1955/1955/1955 
f 1955/1955/1955 1996/1996/1996 1957/1957/1957 
f 1996/1996/1996 1997/1997/1997 1957/1957/1957 
f 1957/1957/1957 1997/1997/1997 1959/1959/1959 
f 1997/1997/1997 1998/1998/1998 1959/1959/1959 
f 1959/1959/1959 1998/1998/1998 1961/1961/1961 
f 1998/1998/1998 1999/1999/1999 1961/1961/1961 
f 1961/1961/1961 1999/1999/1999 1963/1963/1963 
f 1999/1999/1999 2000/2000/2000 1963/1963/1963 
f 1963/1963/1963 2000/2000/2000 1965/1965/1965 
f 2000/2000/2000 2001/2001/2001 1965/1965/1965 
f 1965/1965/1965 2001/2001/2001 1967/1967/1967 
f 2001/2001/2001 2002/2002/2002 1967/1967/1967 
f 1967/1967/1967 2002/2002/2002 1969/1969/1969 
f 2002/2002/2002 2003/2003/2003 1969/1969/1969 
f 1969/1969/1969 2003/2003/2003 1971/1971/1971 
f 2003/2003/2003 2004/2004/2004 1971/1971/1971 
f 1971/1971/1971 2004/2004/2004 1973/1973/1973 
f 2004/2004/2004 2005/2005/2005 1973/1973/1973 
f 1973/1973/1973 2005/2005/2005 1975/1975/1975 
f 2005/2005/2005 2006/2006/2006 1975/1975/1975 
f 1975/1975/1975 2006/2006/2006 1977/1977/1977 
f 2006/2006/2006 2007/2007/2007 1977/1977/1977 
f 1977/1977/1977 2007/2007/2007 1979/1979/1979 
f 2007/2007/2007 2008/2008/2008 1979/1979/1979 
f 1979/1979/1979 2008/2008/2008 1981/1981/1981 
f 2008/2008/2008 2009/2009/2009 1981/1981/1981 
f 1981/1981/1981 2009/2009/2009 1983/1983/1983 
f 2009/2009/2009 1984/1984/1984 1983/1983/1983 
f 1983/1983/1983 1984/1984/1984 1984/1984/1984 
f 1984/1984/1984 2009/2009/2009 1984/1984/1984 
f 1984/1984/1984 2009/2009/2009 2009/2009/2009 
f 2009/2009/2009 2010/2010/2010 2009/2009/2009 
f 2009/2009/2009 2010/2010/2010 1984/1984/1984 
f 2010/2010/2010 2011/2011/2011 1984/1984/1984 
f 1984/1984/1984 2011/2011/2011 1985/1985/1985 
f 2011/2011/2011 2012/2012/2012 1985/1985/1985 
f 1985/1985/1985 2012/2012/2012 1986/1986/1986 
f 2012/2012/2012 2013/2013/2013 1986/1986/1986 
f 1986/1986/1986 2013/2013/2013 1987/1987/1987 
f 2013/2013/2013 2014/2014/2014 1987/1987/1987 
f 1987/1987/1987 2014/2014/2014 1988/1988/1988 
f 2014/2014/2014 2015/2015/2015 1988/1988/1988 
f 1988/1988/1988 2015/2015/2015 1989/1989/1989 
f 2015/2015/2015 2016/2016/2016 1989/1989/1989 
f 1989/1989/1989 2016/2016/2016 1990/1990/1990 
f 2016/2016/2016 2017/2017/2017 1990/1990/1990 
f 1990/1990/1990 2017/2017/2017 1991/1991/1991 
f 2017/2017/2017 2018/2018/2018 1991/1991/1991 
f 1991/1991/1991 2018/2018/2018 1992/1992/1992 
f 2018/2018/2018 2019/2019/2019 1992/1992/1992 
f 1992/1992/1992 2019/2019/2019 1993/1993/1993 
f 2019/2019/2019 2020/2020/2020 1993/1993/1993 
f 1993/1993/1993 2020/2020/2020 1994/1994/1994 
f 2020/2020/2020 2021/2021/2021 1994/1994/1994 
f 1994/1994/1994 2021/2021/2021 1995/1995/1995 
f 2021/2021/2021 2022/2022/2022 1995/1995/1995 
f 1995/1995/1995 2022/2022/2022 1996/1996/1996 
f 2022/2022/2022 2023/2023/2023 1996/1996/1996 
f 1996/1996/1996 2023/2023/2023 1997/1997/1997 
f 2023/2023/2023 2024/2024/2024 1997/1997/1997 
f 1997/1997/1997 2024/2024/2024 1998/1998/1998 
f 2024/2024/2024 2025/2025/2025 1998/1998/1998 
f 1998/1998/1998 2025/2025/2025 1999/1999/1999 
f 2025/2025/2025 2026/2026/2026 1999/1999/1999 
f 1999/1999/1999 2026/2026/2026 2000/2000/2000 
f 2026/2026/2026 2027/2027/2027 2000/2000/2000 
f 2000/2000/2000 2027/2027/2027 2001/2001/2001 
f 2027/2027/2027 2028/2028/2028 2001/2001/2001 
f 2001/2001/2001 2028/2028/2028 2002/2002/2002 
f 2028/2028/2028 2029/2029/2029 2002/2002/2002 
f 2002/2002/2002 2029/2029/2029 2003/2003/2003 
f 2029/2029/2029 2030/2030/2030 2003/2003/2003 
f 2003/2003/2003 2030/2030/2030 2004/2004/2004 
f 2030/2030/2030 2031/2031/2031 2004/2004/2004 
f 2004/2004/2004 2031/2031/2031 2005/2005/2005 
f 2031/2031/2031 2032/2032/2032 2005/2005/2005 
f 2005/2005/2005 2032/2032/2032 2006/2006/2006 
f 2032/2032/2032 2033/2033/2033 2006/2006/2006 
f 2006/2006/2006 2033/2033/2033 2007/2007/2007 
f 2033/2033/2033 2034/2034/2034 2007/2007/2007 
f 2007/2007/2007 2034/2034/2034 2008/2008/2008 
f 2034/2034/2034 2035/2035/2035 2008/2008/2008 
f 2008/2008/2008 2035/2035/2035 2009/2009/2009 
f 2035/2035/2035 2010/2010/2010 2009/2009/2009 
f 2009/2009/2009 2010/2010/2010 2010/2010/2010 
f 2010/2010/2010 2035/2035/2035 2010/2010/2010 
f 2010/2010/2010 2035/2035/2035 2036/2036/2036 
f 2035/2035/2035 2034/2034/2034 2036/2036/2036 
f 2036/2036/2036 2034/2034/2034 2033/2033/2033 
f 2034/2034/2034 2033/2033/2033 2033/2033/2033 
f 2033/2033/2033 2033/2033/2033 2033/2033/2033 
f 2033/2033/2033 2032/2032/2032 2033/2033/2033 
f 2033/2033/2033 2032/2032/2032 2036/2036/2036 
f 2032/2032/2032 2031/2031/2031 2036/2036/2036 
f 2036/2036/2036 2031/2031/2031 2030/2030/2030 
f 2031/2031/2031 2030/2030/2030 2030/2030/2030 
f 2030/2030/2030 2030/2030/2030 2030/2030/2030 
f 2030/2030/2030 2029/2029/2029 2030/2030/2030 
f 2030/2030/2030 2029/2029/2029 2036/2036/2036 
f 2029/2029/2029 2028/2028/2028 2036/2036/2036 
f 2036/2036/2036 2028/2028/2028 2027/2027/2027 
f 2028/2028/2028 2027/2027/2027 2027/2027/2027 
f 2027/2027/2027 2027/2027/2027 2027/2027/2027 
f 2027/2027/2027 2026/2026/2026 2027/2027/2027 
f 2027/2027/2027 2026/2026/2026 2036/2036/2036 
f 2026/2026/2026 2025/2025/2025 2036/2036/2036 
f 2036/2036/2036 2025/2025/2025 2024/2024/2024 
f 2025/2025/2025 2024/2024/2024 2024/2024/2024 
f 2024/2024/2024 2024/2024/2024 2024/2024/2024 
f 2024/2024/2024 2023/2023/2023 2024/2024/2024 
f 2024/2024/2024 2023/2023/2023 2036/2036/2036 
f 2023/2023/2023 2022/2022/2022 2036/2036/2036 
f 2036/2036/2036 2022/2022/2022 2021/2021/2021 
f 2022/2022/2022 2021/2021/2021 2021/2021/2021 
f 2021/2021/2021 2021/2021/2021 2021/2021/2021 
f 2021/2021/2021 2020/2020/2020 2021/2021/2021 
f 2021/2021/2021 2020/2020/2020 2036/2036/2036 
f 2020/2020/2020 2019/2019/2019 2036/2036/2036 
f 2036/2036/2036 2019/2019/2019 2018/2018/2018 
f 2019/2019/2019 2018/2018/2018 2018/2018/2018 
f 2018/2018/2018 2018/2018/2018 2018/2018/2018 
f 2018/2018/2018 2017/2017/2017 2018/2018/2018 
f 2018/2018/2018 2017/2017/2017 2036/2036/2036 
f 2017/2017/2017 2016/2016/2016 2036/2036/2036 
f 2036/2036/2036 2016/2016/2016 2015/2015/2015 
f 2016/2016/2016 2015/2015/2015 2015/2015/2015 
f 2015/2015/2015 2015/2015/2015 2015/2015/2015 
f 2015/2015/2015 2014/2014/2014 2015/2015/2015 
f 2015/2015/2015 2014/2014/2014 2036/2036/2036 
f 2014/2014/2014 2013/2013/2013 2036/2036/2036 
f 2036/2036/2036 2013/2013/2013 2012/2012/2012 
f 2013/2013/2013 2012/2012/2012 2012/2012/2012 
f 2012/2012/2012 2012/2012/2012 2012/2012/2012 
f 2012/2012/2012 2011/2011/2011 2012/2012/2012 
f 2012/2012/2012 2011/2011/2011 2036/2036/2036 
f 2011/2011/2011 2010/2010/2010 2036/2036/2036 
f 2036/2036/2036 2010/2010/2010 2010/2010/2010 
f 2010/2010/2010 2037/2037/2037 2010/2010/2010 
f 2010/2010/2010 2037/2037/2037 2037/2037/2037 
f 2037/2037/2037 2038/2038/2038 2037/2037/2037 
f 2037/2037/2037 2038/2038/2038 2039/2039/2039 
f 2038/2038/2038 2040/2040/2040 2039/2039/2039 
f 2039/2039/2039 2040/2040/2040 2040/2040/2040 
f 2040/2040/2040 2038/2038/2038 2040/2040/2040 
f 2040/2040/2040 2038/2038/2038 2038/2038/2038 
f 2038/2038/2038 2041/2041/2041 2038/2038/2038 
f 2038/2038/2038 2041/2041/2041 2040/2040/2040 
f 2041/2041/2041 2042/2042/2042 2040/2040/2040 
f 2040/2040/2040 2042/2042/2042 2042/2042/2042 
f 2042/2042/2042 2041/2041/2041 2042/2042/2042 
f 2042/2042/2042 2041/2041/2041 2041/2041/2041 
f 2041/2041/2041 2043/2043/2043 2041/2041/2041 
f 2041/2041/2041 2043/2043/2043 2042/2042/2042 
f 2043/2043/2043 2044/2044/2044 2042/2042/2042 
f 2042/2042/2042 2044/2044/2044 2044/2044/2044 
f 2044/2044/2044 2043/2043/2043 2044/2044/2044 
f 2044/2044/2044 2043/2043/2043 2043/2043/2043 
f 2043/2043/2043 2045/2045/2045 2043/2043/2043 
f 2043/2043/2043 2045/2045/2045 2044/2044/2044 
f 2045/2045/2045 2046/2046/2046 2044/2044/2044 
f 2044/2044/2044 2046/2046/2046 2046/2046/2046 
f 2046/2046/2046 2045/2045/2045 2046/2046/2046 
f 2046/2046/2046 2045/2045/2045 2045/2045/2045 
f 2045/2045/2045 2047/2047/2047 2045/2045/2045 
f 2045/2045/2045 2047/2047/2047 2046/2046/2046 
f 2047/2047/2047 2048/2048/2048 2046/2046/2046 
f 2046/2046/2046 2048/2048/2048 2048/2048/2048 
f 2048/2048/2048 2047/2047/2047 2048/2048/2048 
f 2048/2048/2048 2047/2047/2047 2047/2047/2047 
f 2047/2047/2047 2049/2049/2049 2047/2047/2047 
f 2047/2047/2047 2049/2049/2049 2048/2048/2048 
f 2049/2049/2049 2050/2050/2050 2048/2048/2048 
f 2048/2048/2048 2050/2050/2050 2050/2050/2050 
f 2050/2050/2050 2049/2049/2049 2050/2050/2050 
f 2050/2050/2050 2049/2049/2049 2049/2049/2049 
f 2049/2049/2049 2051/2051/2051 2049/2049/2049 
f 2049/2049/2049 2051/2051/2051 2050/2050/2050 
f 2051/2051/2051 2052/2052/2052 2050/2050/2050 
f 2050/2050/2050 2052/2052/2052 2052/2052/2052 
f 2052/2052/2052 2051/2051/2051 2052/2052/2052 
f 2052/2052/2052 2051/2051/2051 2051/2051/2051 
f 2051/2051/2051 2053/2053/2053 2051/2051/2051 
f 2051/2051/2051 2053/2053/2053 2052/2052/2052 
f 2053/2053/2053 2054/2054/2054 2052/2052/2052 
f 2052/2052/2052 2054/2054/2054 2054/2054/2054 
f 2054/2054/2054 2053/2053/2053 2054/2054/2054 
f 2054/2054/2054 2053/2053/2053 2053/2053/2053 
f 2053/2053/2053 2055/2055/2055 2053/2053/2053 
f 2053/2053/2053 2055/2055/2055 2054/2054/2054 
f 2055/2055/2055 2056/2056/2056 2054/2054/2054 
f 2054/2054/2054 2056/2056/2056 2056/2056/2056 
f 2056/2056/2056 2055/2055/2055 2056/2056/2056 
f 2056/2056/2056 2055/2055/2055 2055/2055/2055 
f 2055/2055/2055 2057/2057/2057 2055/2055/2055 
f 2055/2055/2055 2057/2057/2057 2056/2056/2056 
f 2057/2057/2057 2058/2058/2058 2056/2056/2056 
f 2056/2056/2056 2058/2058/2058 2058/2058/2058 
f 2058/2058/2058 2057/2057/2057 2058/2058/2058 
f 2058/2058/2058 2057/2057/2057 2057/2057/2057 
f 2057/2057/2057 2059/2059/2059 2057/2057/2057 
f 2057/2057/2057 2059/2059/2059 2058/2058/2058 
f 2059/2059/2059 2060/2060/2060 2058/2058/2058 
f 2058/2058/2058 2060/2060/2060 2060/2060/2060 
f 2060/2060/2060 2059/2059/2059 2060/2060/2060 
f 2060/2060/2060 2059/2059/2059 2059/2059/2059 
f 2059/2059/2059 2061/2061/2061 2059/2059/2059 
f 2059/2059/2059 2061/2061/2061 2060/2060/2060 
f 2061/2061/2061 2062/2062/2062 2060/2060/2060 
f 2060/2060/2060 2062/2062/2062 2062/2062/2062 
f 2062/2062/2062 2061/2061/2061 2062/2062/2062 
f 2062/2062/2062 2061/2061/2061 2061/2061/2061 
f 2061/2061/2061 2063/2063/2063 2061/2061/2061 
f 2061/2061/2061 2063/2063/2063 2062/2062/2062 
f 2063/2063/2063 2064/2064/2064 2062/2062/2062 
f 2062/2062/2062 2064/2064/2064 2064/2064/2064 
f 2064/2064/2064 2063/2063/2063 2064/2064/2064 
f 2064/2064/2064 2063/2063/2063 2063/2063/2063 
f 2063/2063/2063 2065/2065/2065 2063/2063/2063 
f 2063/2063/2063 2065/2065/2065 2064/2064/2064 
f 2065/2065/2065 2066/2066/2066 2064/2064/2064 
f 2064/2064/2064 2066/2066/2066 2066/2066/2066 
f 2066/2066/2066 2067/2067/2067 2066/2066/2066 
f 2066/2066/2066 2067/2067/2067 2067/2067/2067 
f 2067/2067/2067 2068/2068/2068 2067/2067/2067 
f 2067/2067/2067 2068/2068/2068 2069/2069/2069 
f 2068/2068/2068 2070/2070/2070 2069/2069/2069 
f 2069/2069/2069 2070/2070/2070 2070/2070/2070 
f 2070/2070/2070 2068/2068/2068 2070/2070/2070 
f 2070/2070/2070 2068/2068/2068 2068/2068/2068 
f 2068/2068/2068 2071/2071/2071 2068/2068/2068 
f 2068/2068/2068 2071/2071/2071 2070/2070/2070 
f 2071/2071/2071 2072/2072/2072 2070/2070/2070 
f 2070/2070/2070 2072/2072/2072 2072/2072/2072 
f 2072/2072/2072 2071/2071/2071 2072/2072/2072 
f 2072/2072/2072 2071/2071/2071 2071/2071/2071 
f 2071/2071/2071 2073/2073/2073 2071/2071/2071 
f 2071/2071/2071 2073/2073/2073 2072/2072/2072 
f 2073/2073/2073 2074/2074/2074 2072/2072/2072 
f 2072/2072/2072 2074/2074/2074 2074/2074/2074 
f 2074/2074/2074 2073/2073/2073 2074/2074/2074 
f 2074/2074/2074 2073/2073/2073 2073/2073/2073 
f 2073/2073/2073 2075/2075/2075 2073/2073/2073 
f 2073/2073/2073 2075/2075/2075 2074/2074/2074 
f 2075/2075/2075 2076/2076/2076 2074/2074/2074 
f 2074/2074/2074 2076/2076/2076 2076/2076/2076 
f 2076/2076/2076 2075/2075/2075 2076/2076/2076 
f 2076/2076/2076 2075/2075/2075 2075/2075/2075 
f 2075/2075/2075 2077/2077/2077 2075/2075/2075 
f 2075/2075/2075 2077/2077/2077 2076/2076/2076 
f 2077/2077/2077 2078/2078/2078 2076/2076/2076 
f 2076/2076/2076 2078/2078/2078 2078/2078/2078 
f 2078/2078/2078 2077/2077/2077 2078/2078/2078 
f 2078/2078/2078 2077/2077/2077 2077/2077/2077 
f 2077/2077/2077 2079/2079/2079 2077/2077/2077 
f 2077/2077/2077 2079/2079/2079 2078/2078/2078 
f 2079/2079/2079 2080/2080/2080 2078/2078/2078 
f 2078/2078/2078 2080/2080/2080 2080/2080/2080 
f 2080/2080/2080 2079/2079/2079 2080/2080/2080 
f 2080/2080/2080 2079/2079/2079 2079/2079/2079 
f 2079/2079/2079 2081/2081/2081 2079/2079/2079 
f 2079/2079/2079 2081/2081/2081 2080/2080/2080 
f 2081/2081/2081 2082/2082/2082 2080/2080/2080 
f 2080/2080/2080 2082/2082/2082 2082/2082/2082 
f 2082/2082/2082 2081/2081/2081 2082/2082/2082 
f 2082/2082/2082 2081/2081/2081 2081/2081/2081 
f 2081/2081/2081 2083/2083/2083 2081/2081/2081 
f 2081/2081/2081 2083/2083/2083 2082/2082/2082 
f 2083/2083/2083 2084/2084/2084 2082/2082/2082 
f 2082/2082/2082 2084/2084/2084 2084/2084/2084 
f 2084/2084/2084 2083/2083/2083 2084/2084/2084 
f 2084/2084/2084 2083/2083/2083 2083/2083/2083 
f 2083/2083/2083 2085/2085/2085 2083/2083/2083 
f 2083/2083/2083 2085/2085/2085 2084/2084/2084 
f 2085/2085/2085 2086/2086/2086 2084/2084/2084 
f 2084/2084/2084 2086/2086/2086 2086/2086/2086 
f 2086/2086/2086 2085/2085/2085 2086/2086/2086 
f 2086/2086/2086 2085/2085/2085 2085/2085/2085 
f 2085/2085/2085 2087/2087/2087 2085/2085/2085 
f 2085/2085/2085 2087/2087/2087 2086/2086/2086 
f 2087/2087/2087 2088/2088/2088 2086/2086/2086 
f 2086/2086/2086 2088/2088/2088 2088/2088/2088 
f 2088/2088/2088 2087/2087/2087 2088/2088/2088 
f 2088/2088/2088 2087/2087/2087 2087/2087/2087 
f 2087/2087/2087 2089/2089/2089 2087/2087/2087 
f 2087/2087/2087 2089/2089/2089 2088/2088/2088 
f 2089/2089/2089 2090/2090/2090 2088/2088/2088 
f 2088/2088/2088 2090/2090/2090 2090/2090/2090 
f 2090/2090/2090 2089/2089/2089 2090/2090/2090 
f 2090/2090/2090 2089/2089/2089 2089/2089/2089 
f 2089/2089/2089 2091/2091/2091 2089/2089/2089 
f 2089/2089/2089 2091/2091/2091 2090/2090/2090 
f 2091/2091/2091 2092/2092/2092 2090/2090/2090 
f 2090/2090/2090 2092/2092/2092 2092/2092/2092 
f 2092/2092/2092 2091/2091/2091 2092/2092/2092 
f 2092/2092/2092 2091/2091/2091 2091/2091/2091 
f 2091/2091/2091 2093/2093/2093 2091/2091/2091 
f 2091/2091/2091 2093/2093/2093 2092/2092/2092 
f 2093/2093/2093 2094/2094/2094 2092/2092/2092 
f 2092/2092/2092 2094/2094/2094 2094/2094/2094 
f 2094/2094/2094 2093/2093/2093 2094/2094/2094 
f 2094/2094/2094 2093/2093/2093 2093/2093/2093 
f 2093/2093/2093 2095/2095/2095 2093/2093/2093 
f 2093/2093/2093 2095/2095/2095 2094/2094/2094 
f 2095/2095/2095 2096/2096/2096 2094/2094/2094 
f 2094/2094/2094 2096/2096/2096 2096/2096/2096 
f 2096/2096/2096 2095/2095/2095 2096/2096/2096 
f 2096/2096/2096 2095/2095/2095 2095/2095/2095 
f 2095/2095/2095 2097/2097/2097 2095/2095/2095 
f 2095/2095/2095 2097/2097/2097 2096/2096/2096 
f 2097/2097/2097 2098/2098/2098 2096/2096/2096 
f 2096/2096/2096 2098/2098/2098 2098/2098/2098 
f 2098/2098/2098 2099/2099/2099 2098/2098/2098 
f 2098/2098/2098 2099/2099/2099 2099/2099/2099 
f 2099/2099/2099 2100/2100/2100 2099/2099/2099 
f 2099/2099/2099 2100/2100/2100 2101/2101/2101 
f 2100/2100/2100 2102/2102/2102 2101/2101/2101 
f 2101/2101/2101 2102/2102/2102 2103/2103/2103 
f 2102/2102/2102 2104/2104/2104 2103/2103/2103 
f 2103/2103/2103 2104/2104/2104 2105/2105/2105 
f 2104/2104/2104 2106/2106/2106 2105/2105/2105 
f 2105/2105/2105 2106/2106/2106 2107/2107/2107 
f 2106/2106/2106 2108/2108/2108 2107/2107/2107 
f 2107/2107/2107 2108/2108/2108 2109/2109/2109 
f 2108/2108/2108 2110/2110/2110 2109/2109/2109 
f 2109/2109/2109 2110/2110/2110 2111/2111/2111 
f 2110/2110/2110 2112/2112/2112 2111/2111/2111 
f 2111/2111/2111 2112/2112/2112 2113/2113/2113 
f 2112/2112/2112 2114/2114/2114 2113/2113/2113 
f 2113/2113/2113 2114/2114/2114 2115/2115/2115 
f 2114/2114/2114 2116/2116/2116 2115/2115/2115 
f 2115/2115/2115 2116/2116/2116 2117/2117/2117 
f 2116/2116/2116 2118/2118/2118 2117/2117/2117 
f 2117/2117/2117 2118/2118/2118 2119/2119/2119 
f 2118/2118/2118 2120/2120/2120 2119/2119/2119 
f 2119/2119/2119 2120/2120/2120 2121/2121/2121 
f 2120/2120/2120 2122/2122/2122 2121/2121/2121 
f 2121/2121/2121 2122/2122/2122 2123/2123/2123 
f 2122/2122/2122 2124/2124/2124 2123/2123/2123 
f 2123/2123/2123 2124/2124/2124 2125/2125/2125 
f 2124/2124/2124 2126/2126/2126 2125/2125/2125 
f 2125/2125/2125 2126/2126/2126 2127/2127/2127 
f 2126/2126/2126 2128/2128/2128 2127/2127/2127 
f 2127/2127/2127 2128/2128/2128 2129/2129/2129 
f 2128/2128/2128 2130/2130/2130 2129/2129/2129 
f 2129/2129/2129 2130/2130/2130 2130/2130/2130 
f 2130/2130/2130 2131/2131/2131 2130/2130/2130 
f 2130/2130/2130 2131/2131/2131 2131/2131/2131 
f 2131/2131/2131 2132/2132/2132 2131/2131/2131 
f 2131/2131/2131 2132/2132/2132 2133/2133/2133 
f 2132/2132/2132 2134/2134/2134 2133/2133/2133 
f 2133/2133/2133 2134/2134/2134 2134/2134/2134 
f 2134/2134/2134 2132/2132/2132 2134/2134/2134 
f 2134/2134/2134 2132/2132/2132 2132/2132/2132 
f 2132/2132/2132 2135/2135/2135 2132/2132/2132 
f 2132/2132/2132 2135/2135/2135 2134/2134/2134 
f 2135/2135/2135 2136/2136/2136 2134/2134/2134 
f 2134/2134/2134 2136/2136/2136 2136/2136/2136 
f 2136/2136/2136 2135/2135/2135 2136/2136/2136 
f 2136/2136/2136 2135/2135/2135 2135/2135/2135 
f 2135/2135/2135 2137/2137/2137 2135/2135/2135 
f 2135/2135/2135 2137/2137/2137 2136/2136/2136 
f 2137/2137/2137 2138/2138/2138 2136/2136/2136 
f 2136/2136/2136 2138/2138/2138 2138/2138/2138 
f 2138/2138/2138 2137/2137/2137 2138/2138/2138 
f 2138/2138/2138 2137/2137/2137 2137/2137/2137 
f 2137/2137/2137 2139/2139/2139 2137/2137/2137 
f 2137/2137/2137 2139/2139/2139 2138/2138/2138 
f 2139/2139/2139 2140/2140/2140 2138/2138/2138 
f 2138/2138/2138 2140/2140/2140 2140/2140/2140 
f 2140/2140/2140 2139/2139/2139 2140/2140/2140 
f 2140/2140/2140 2139/2139/2139 2139/2139/2139 
f 2139/2139/2139 2141/2141/2141 2139/2139/2139 
f 2139/2139/2139 2141/2141/2141 2140/2140/2140 
f 2141/2141/2141 2142/2142/2142 2140/2140/2140 
f 2140/2140/2140 2142/2142/2142 2142/2142/2142 
f 2142/2142/2142 2141/2141/2141 2142/2142/2142 
f 2142/2142/2142 2141/2141/2141 2141/2141/2141 
f 2141/2141/2141 2143/2143/2143 2141/2141/2141 
f 2141/2141/2141 2143/2143/2143 2142/2142/2142 
f 2143/2143/2143 2144/2144/2144 2142/2142/2142 
f 2142/2142/2142 2144/2144/2144 2144/2144/2144 
f 2144/2144/2144 2143/2143/2143 2144/2144/2144 
f 2144/2144/2144 2143/2143/2143 2143/2143/2143 
f 2143/2143/2143 2145/2145/2145 2143/2143/2143 
f 2143/2143/2143 2145/2145/2145 2144/2144/2144 
f 2145/2145/2145 2146/2146/2146 2144/2144/2144 
f 2144/2144/2144 2146/2146/2146 2146/2146/2146 
f 2146/2146/2146 2145/2145/2145 2146/2146/2146 
f 2146/2146/2146 2145/2145/2145 2145/2145/2145 
f 2145/2145/2145 2147/2147/2147 2145/2145/2145 
f 2145/2145/2145 2147/2147/2147 2146/2146/2146 
f 2147/2147/2147 2148/2148/2148 2146/2146/2146 
f 2146/2146/2146 2148/2148/2148 2148/2148/2148 
f 2148/2148/2148 2147/2147/2147 2148/2148/2148 
f 2148/2148/2148 2147/2147/2147 2147/2147/2147 
f 2147/2147/2147 2149/2149/2149 2147/2147/2147 
f 2147/2147/2147 2149/2149/2149 2148/2148/2148 
f 2149/2149/2149 2150/2150/2150 2148/2148/2148 
f 2148/2148/2148 2150/2150/2150 2150/2150/2150 
f 2150/2150/2150 2149/2149/2149 2150/2150/2150 
f 2150/2150/2150 2149/2149/2149 2149/2149/2149 
f 2149/2149/2149 2151/2151/2151 2149/2149/2149 
f 2149/2149/2149 2151/2151/2151 2150/2150/2150 
f 2151/2151/2151 2152/2152/2152 2150/2150/2150 
f 2150/2150/2150 2152/2152/2152 2152/2152/2152 
f 2152/2152/2152 2151/2151/2151 2152/2152/2152 
f 2152/2152/2152 2151/2151/2151 2151/2151/2151 
f 2151/2151/2151 2153/2153/2153 2151/2151/2151 
f 2151/2151/2151 2153/2153/2153 2152/2152/2152 
f 2153/2153/2153 2154/2154/2154 2152/2152/2152 
f 2152/2152/2152 2154/2154/2154 2154/2154/2154 
f 2154/2154/2154 2153/2153/2153 2154/2154/2154 
f 2154/2154/2154 2153/2153/2153 2153/2153/2153 
f 2153/2153/2153 2155/2155/2155 2153/2153/2153 
f 2153/2153/2153 2155/2155/2155 2154/2154/2154 
f 2155/2155/2155 2156/2156/2156 2154/2154/2154 
f 2154/2154/2154 2156/2156/2156 2156/2156/2156 
f 2156/2156/2156 2155/2155/2155 2156/2156/2156 
f 2156/2156/2156 2155/2155/2155 2155/2155/2155 
f 2155/2155/2155 2157/2157/2157 2155/2155/2155 
f 2155/2155/2155 2157/2157/2157 2156/2156/2156 
f 2157/2157/2157 2158/2158/2158 2156/2156/2156 
f 2156/2156/2156 2158/2158/2158 2158/2158/2158 
f 2158/2158/2158 2157/2157/2157 2158/2158/2158 
f 2158/2158/2158 2157/2157/2157 2157/2157/2157 
f 2157/2157/2157 2159/2159/2159 2157/2157/2157 
f 2157/2157/2157 2159/2159/2159 2158/2158/2158 
f 2159/2159/2159 2160/2160/2160 2158/2158/2158 
f 2158/2158/2158 2160/2160/2160 2160/2160/2160 
f 2160/2160/2160 2161/2161/2161 2160/2160/2160 
f 2160/2160/2160 2161/2161/2161 2161/2161/2161 
f 2161/2161/2161 2162/2162/2162 2161/2161/2161 
f 2161/2161/2161 2162/2162/2162 2163/2163/2163 
f 2162/2162/2162 2164/2164/2164 2163/2163/2163 
f 2163/2163/2163 2164/2164/2164 2164/2164/2164 
f 2164/2164/2164 2162/2162/2162 2164/2164/2164 
f 2164/2164/2164 2162/2162/2162 2162/2162/2162 
f 2162/2162/2162 2165/2165/2165 2162/2162/2162 
f 2162/2162/2162 2165/2165/2165 2164/2164/2164 
f 2165/2165/2165 2166/2166/2166 2164/2164/2164 
f 2164/2164/2164 2166/2166/2166 2166/2166/2166 
f 2166/2166/2166 2165/2165/2165 2166/2166/2166 
f 2166/2166/2166 2165/2165/2165 2165/2165/2165 
f 2165/2165/2165 2167/2167/2167 2165/2165/2165 
f 2165/2165/2165 2167/2167/2167 2166/2166/2166 
f 2167/2167/2167 2168/2168/2168 2166/2166/2166 
f 2166/2166/2166 2168/2168/2168 2168/2168/2168 
f 2168/2168/2168 2167/2167/2167 2168/2168/2168 
f 2168/2168/2168 2167/2167/2167 2167/2167/2167 
f 2167/2167/2167 2169/2169/2169 2167/2167/2167 
f 2167/2167/2167 2169/2169/2169 2168/2168/2168 
f 2169/2169/2169 2170/2170/2170 2168/2168/2168 
f 2168/2168/2168 2170/2170/2170 2170/2170/2170 
f 2170/2170/2170 2169/2169/2169 2170/2170/2170 
f 2170/2170/2170 2169/2169/2169 2169/2169/2169 
f 2169/2169/2169 2171/2171/2171 2169/2169/2169 
f 2169/2169/2169 2171/2171/2171 2170/2170/2170 
f 2171/2171/2171 2172/2172/2172 2170/2170/2170 
f 2170/2170/2170 2172/2172/2172 2172/2172/2172 
f 2172/2172/2172 2171/2171/2171 2172/2172/2172 
f 2172/2172/2172 2171/2171/2171 2171/2171/2171 
f 2171/2171/2171 2173/2173/2173 2171/2171/2171 
f 2171/2171/2171 2173/2173/2173 2172/2172/2172 
f 2173/2173/2173 2174/2174/2174 2172/2172/2172 
f 2172/2172/2172 2174/2174/2174 2174/2174/2174 
f 2174/2174/2174 2173/2173/2173 2174/2174/2174 
f 2174/2174/2174 2173/2173/2173 2173/2173/2173 
f 2173/2173/2173 2175/2175/2175 2173/2173/2173 
f 2173/2173/2173 2175/2175/2175 2174/2174/2174 
f 2175/2175/2175 2176/2176/2176 2174/2174/2174 
f 2174/2174/2174 2176/2176/2176 2176/2176/2176 
f 2176/2176/2176 2175/2175/2175 2176/2176/2176 
f 2176/2176/2176 2175/2175/2175 2175/2175/2175 
f 2175/2175/2175 2177/2177/2177 2175/2175/2175 
f 2175/2175/2175 2177/2177/2177 2176/2176/2176 
f 2177/2177/2177 2178/2178/2178 2176/2176/2176 
f 2176/2176/2176 2178/2178/2178 2178/2178/2178 
f 2178/2178/2178 2177/2177/2177 2178/2178/2178 
f 2178/2178/2178 2177/2177/2177 2177/2177/2177 
f 2177/2177/2177 2179/2179/2179 2177/2177/2177 
f 2177/2177/2177 2179/2179/2179 2178/2178/2178 
f 2179/2179/2179 2180/2180/2180 2178/2178/2178 
f 2178/2178/2178 2180/2180/2180 2180/2180/2180 
f 2180/2180/2180 2179/2179/2179 2180/2180/2180 
f 2180/2180/2180 2179/2179/2179 2179/2179/2179 
f 2179/2179/2179 2181/2181/2181 2179/2179/2179 
f 2179/2179/2179 2181/2181/2181 2180/2180/2180 
f 2181/2181/2181 2182/2182/2182 2180/2180/2180 
f 2180/2180/2180 2182/2182/2182 2182/2182/2182 
f 2182/2182/2182 2181/2181/2181 2182/2182/2182 
f 2182/2182/2182 2181/2181/2181 2181/2181/2181 
f 2181/2181/2181 2183/2183/2183 2181/2181/2181 
f 2181/2181/2181 2183/2183/2183 2182/2182/2182 
f 2183/2183/2183 2184/2184/2184 2182/2182/2182 
f 2182/2182/2182 2184/2184/2184 2184/2184/2184 
f 2184/2184/2184 2183/2183/2183 2184/2184/2184 
f 2184/2184/2184 2183/2183/2183 2183/2183/2183 
f 2183/2183/2183 2185/2185/2185 2183/2183/2183 
f 2183/2183/2183 2185/2185/2185 2184/2184/2184 
f 2185/2185/2185 2186/2186/2186 2184/2184/2184 
f 2184/2184/2184 2186/2186/2186 2186/2186/2186 
f 2186/2186/2186 2185/2185/2185 2186/2186/2186 
f 2186/2186/2186 2185/2185/2185 2185/2185/2185 
f 2185/2185/2185 2187/2187/2187 2185/2185/2185 
f 2185/2185/2185 2187/2187/2187 2186/2186/2186 
f 2187/2187/2187 2188/2188/2188 2186/2186/2186 
f 2186/2186/2186 2188/2188/2188 2188/2188/2188 
f 2188/2188/2188 2187/2187/2187 2188/2188/2188 
f 2188/2188/2188 2187/2187/2187 2187/2187/2187 
f 2187/2187/2187 2189/2189/2189 2187/2187/2187 
f 2187/2187/2187 2189/2189/2189 2188/2188/2188 
f 2189/2189/2189 2190/2190/2190 2188/2188/2188 
f 2188/2188/2188 2190/2190/2190 2190/2190/2190 
f 2190/2190/2190 2189/2189/2189 2190/2190/2190 
f 2190/2190/2190 2189/2189/2189 2189/2189/2189 
f 2189/2189/2189 2191/2191/2191 2189/2189/2189 
f 2189/2189/2189 2191/2191/2191 2190/2190/2190 
f 2191/2191/2191 2192/2192/2192 2190/2190/2190 
f 2190/2190/2190 2192/2192/2192 2192/2192/2192 
f 2192/2192/2192 2193/2193/2193 2192/2192/2192 
f 2192/2192/2192 2193/2193/2193 2193/2193/2193 
f 2193/2193/2193 2194/2194/2194 2193/2193/2193 
f 2193/2193/2193 2194/2194/2194 2195/2195/2195 
f 2194/2194/2194 2196/2196/2196 2195/2195/2195 
f 2195/2195/2195 2196/2196/2196 2196/2196/2196 
f 2196/2196/2196 2194/2194/2194 2196/2196/2196 
f 2196/2196/2196 2194/2194/2194 2194/2194/2194 
f 2194/2194/2194 2197/2197/2197 2194/2194/2194 
f 2194/2194/2194 2197/2197/2197 2196/2196/2196 
f 2197/2197/2197 2198/2198/2198 2196/2196/2196 
f 2196/2196/2196 2198/2198/2198 2198/2198/2198 
f 2198/2198/2198 2197/2197/2197 2198/2198/2198 
f 2198/2198/2198 2197/2197/2197 2197/2197/2197 
f 2197/2197/2197 2199/2199/2199 2197/2197/2197 
f 2197/2197/2197 2199/2199/2199 2198/2198/2198 
f 2199/2199/2199 2200/2200/2200 2198/2198/2198 
f 2198/2198/2198 2200/2200/2200 2200/2200/2200 
f 2200/2200/2200 2199/2199/2199 2200/2200/2200 
f 2200/2200/2200 2199/2199/2199 2199/2199/2199 
f 2199/2199/2199 2201/2201/2201 2199/2199/2199 
f 2199/2199/2199 2201/2201/2201 2200/2200/2200 
f 2201/2201/2201 2202/2202/2202 2200/2200/2200 
f 2200/2200/2200 2202/2202/2202 2202/2202/2202 
f 2202/2202/2202 2201/2201/2201 2202/2202/2202 
f 2202/2202/2202 2201/2201/2201 2201/2201/2201 
f 2201/2201/2201 2203/2203/2203 2201/2201/2201 
f 2201/2201/2201 2203/2203/2203 2202/2202/2202 
f 2203/2203/2203 2204/2204/2204 2202/2202/2202 
f 2202/2202/2202 2204/2204/2204 2204/2204/2204 
f 2204/2204/2204 2203/2203/2203 2204/2204/2204 
f 2204/2204/2204 2203/2203/2203 2203/2203/2203 
f 2203/2203/2203 2205/2205/2205 2203/2203/2203 
f 2203/2203/2203 2205/2205/2205 2204/2204/2204 
f 2205/2205/2205 2206/2206/2206 2204/2204/2204 
f 2204/2204/2204 2206/2206/2206 2206/2206/2206 
f 2206/2206/2206 2205/2205/2205 2206/2206/2206 
f 2206/2206/2206 2205/2205/2205 2205/2205/2205 
f 2205/2205/2205 2207/2207/2207 2205/2205/2205 
f 2205/2205/2205 2207/2207/2207 2206/2206/2206 
f 2207/2207/2207 2208/2208/2208 2206/2206/2206 
f 2206/2206/2206 2208/2208/2208 2208/2208/2208 
f 2208/2208/2208 2207/2207/2207 2208/2208/2208 
f 2208/2208/2208 2207/2207/2207 2207/2207/2207 
f 2207/2207/2207 2209/2209/2209 2207/2207/2207 
f 2207/2207/2207 2209/2209/2209 2208/2208/2208 
f 2209/2209/2209 2210/2210/2210 2208/2208/2208 
f 2208/2208/2208 2210/2210/2210 2210/2210/2210 
f 2210/2210/2210 2211/2211/2211 2210/2210/2210 
f 2210/2210/2210 2211/2211/2211 2211/2211/2211 
f 2211/2211/2211 2212/2212/2212 2211/2211/2211 
f 2211/2211/2211 2212/2212/2212 2213/2213/2213 
f 2212/2212/2212 2214/2214/2214 2213/2213/2213 
f 2213/2213/2213 2214/2214/2214 2214/2214/2214 
f 2214/2214/2214 2212/2212/2212 2214/2214/2214 
f 2214/2214/2214 2212/2212/2212 2212/2212/2212 
f 2212/2212/2212 2215/2215/2215 2212/2212/2212 
f 2212/2212/2212 2215/2215/2215 2214/2214/2214 
f 2215/2215/2215 2216/2216/2216 2214/2214/2214 
f 2214/2214/2214 2216/2216/2216 2216/2216/2216 
f 2216/2216/2216 2215/2215/2215 2216/2216/2216 
f 2216/2216/2216 2215/2215/2215 2215/2215/2215 
f 2215/2215/2215 2217/2217/2217 2215/2215/2215 
f 2215/2215/2215 2217/2217/2217 2216/2216/2216 
f 2217/2217/2217 2218/2218/2218 2216/2216/2216 
f 2216/2216/2216 2218/2218/2218 2218/2218/2218 
f 2218/2218/2218 2217/2217/2217 2218/2218/2218 
f 2218/2218/2218 2217/2217/2217 2217/2217/2217 
f 2217/2217/2217 2219/2219/2219 2217/2217/2217 
f 2217/2217/2217 2219/2219/2219 2218/2218/2218 
f 2219/2219/2219 2220/2220/2220 2218/2218/2218 
f 2218/2218/2218 2220/2220/2220 2220/2220/2220 
f 2220/2220/2220 2219/2219/2219 2220/2220/2220 
f 2220/2220/2220 2219/2219/2219 2219/2219/2219 
f 2219/2219/2219 2221/2221/2221 2219/2219/2219 
f 2219/2219/2219 2221/2221/2221 2220/2220/2220 
f 2221/2221/2221 2222/2222/2222 2220/2220/2220 
f 2220/2220/2220 2222/2222/2222 2222/2222/2222 
f 2222/2222/2222 2221/2221/2221 2222/2222/2222 
f 2222/2222/2222 2221/2221/2221 2221/2221/2221 
f 2221/2221/2221 2223/2223/2223 2221/2221/2221 
f 2221/2221/2221 2223/2223/2223 2222/2222/2222 
f 2223/2223/2223 2224/2224/2224 2222/2222/2222 
f 2222/2222/2222 2224/2224/2224 2224/2224/2224 
f 2224/2224/2224 2223/2223/2223 2224/2224/2224 
f 2224/2224/2224 2223/2223/2223 2223/2223/2223 
f 2223/2223/2223 2225/2225/2225 2223/2223/2223 
f 2223/2223/2223 2225/2225/2225 2224/2224/2224 
f 2225/2225/2225 2226/2226/2226 2224/2224/2224 
f 2224/2224/2224 2226/2226/2226 2226/2226/2226 
f 2226/2226/2226 2225/2225/2225 2226/2226/2226 
f 2226/2226/2226 2225/2225/2225 2225/2225/2225 
f 2225/2225/2225 2227/2227/2227 2225/2225/2225 
f 2225/2225/2225 2227/2227/2227 2226/2226/2226 
f 2227/2227/2227 2228/2228/2228 2226/2226/2226 
f 2226/2226/2226 2228/2228/2228 2228/2228/2228 
f 2228/2228/2228 2229/2229/2229 2228/2228/2228 
f 2228/2228/2228 2229/2229/2229 2229/2229/2229 
f 2229/2229/2229 2230/2230/2230 2229/2229/2229 
f 2229/2229/2229 2230/2230/2230 2231/2231/2231 
f 2230/2230/2230 2232/2232/2232 2231/2231/2231 
f 2231/2231/2231 2232/2232/2232 2232/2232/2232 
f 2232/2232/2232 2233/2233/2233 2232/2232/2232 
f 2232/2232/2232 2233/2233/2233 2233/2233/2233 
f 2233/2233/2233 2234/2234/2234 2233/2233/2233 
f 2233/2233/2233 2234/2234/2234 2235/2235/2235 
f 2234/2234/2234 2236/2236/2236 2235/2235/2235 
f 2235/2235/2235 2236/2236/2236 2236/2236/2236 
f 2236/2236/2236 2234/2234/2234 2236/2236/2236 
f 2236/2236/2236 2234/2234/2234 2234/2234/2234 
f 2234/2234/2234 2237/2237/2237 2234/2234/2234 
f 2234/2234/2234 2237/2237/2237 2236/2236/2236 
f 2237/2237/2237 2238/2238/2238 2236/2236/2236 
f 2236/2236/2236 2238/2238/2238 2238/2238/2238 
f 2238/2238/2238 2237/2237/2237 2238/2238/2238 
f 2238/2238/2238 2237/2237/2237 2237/2237/2237 
f 2237/2237/2237 2239/2239/2239 2237/2237/2237 
f 2237/2237/2237 2239/2239/2239 2238/2238/2238 
f 2239/2239/2239 2240/2240/2240 2238/2238/2238 
f 2238/2238/2238 2240/2240/2240 2240/2240/2240 
f 2240/2240/2240 2239/2239/2239 2240/2240/2240 
f 2240/2240/2240 2239/2239/2239 2239/2239/2239 
f 2239/2239/2239 2241/2241/2241 2239/2239/2239 
f 2239/2239/2239 2241/2241/2241 2240/2240/2240 
f 2241/2241/2241 2242/2242/2242 2240/2240/2240 
f 2240/2240/2240 2242/2242/2242 2242/2242/2242 
f 2242/2242/2242 2241/2241/2241 2242/2242/2242 
f 2242/2242/2242 2241/2241/2241 2241/2241/2241 
f 2241/2241/2241 2243/2243/2243 2241/2241/2241 
f 2241/2241/2241 2243/2243/2243 2242/2242/2242 
f 2243/2243/2243 2244/2244/2244 2242/2242/2242 
f 2242/2242/2242 2244/2244/2244 2244/2244/2244 
f 2244/2244/2244 2243/2243/2243 2244/2244/2244 
f 2244/2244/2244 2243/2243/2243 2243/2243/2243 
f 2243/2243/2243 2245/2245/2245 2243/2243/2243 
f 2243/2243/2243 2245/2245/2245 2244/2244/2244 
f 2245/2245/2245 2246/2246/2246 2244/2244/2244 
f 2244/2244/2244 2246/2246/2246 2246/2246/2246 
f 2246/2246/2246 2245/2245/2245 2246/2246/2246 
f 2246/2246/2246 2245/2245/2245 2245/2245/2245 
f 2245/2245/2245 2247/2247/2247 2245/2245/2245 
f 2245/2245/2245 2247/2247/2247 2246/2246/2246 
f 2247/2247/2247 2248/2248/2248 2246/2246/2246 
f 2246/2246/2246 2248/2248/2248 2248/2248/2248 
f 2248/2248/2248 2247/2247/2247 2248/2248/2248 
f 2248/2248/2248 2247/2247/2247 2247/2247/2247 
f 2247/2247/2247 2249/2249/2249 2247/2247/2247 
f 2247/2247/2247 2249/2249/2249 2248/2248/2248 
f 2249/2249/2249 2250/2250/2250 2248/2248/2248 
f 2248/2248/2248 2250/2250/2250 2250/2250/2250 
f 2250/2250/2250 2251/2251/2251 2250/2250/2250 
f 2250/2250/2250 2251/2251/2251 2251/2251/2251 
f 2251/2251/2251 2252/2252/2252 2251/2251/2251 
f 2251/2251/2251 2252/2252/2252 2253/2253/2253 
f 2252/2252/2252 2254/2254/2254 2253/2253/2253 
f 2253/2253/2253 2254/2254/2254 2254/2254/2254 
f 2254/2254/2254 2252/2252/2252 2254/2254/2254 
f 2254/2254/2254 2252/2252/2252 2252/2252/2252 
f 2252/2252/2252 2255/2255/2255 2252/2252/2252 
f 2252/2252/2252 2255/2255/2255 2254/2254/2254 
f 2255/2255/2255 2256/2256/2256 2254/2254/2254 
f 2254/2254/2254 2256/2256/2256 2256/2256/2256 
f 2256/2256/2256 2255/2255/2255 2256/2256/2256 
f 2256/2256/2256 2255/2255/2255 2255/2255/2255 
f 2255/2255/2255 2257/2257/2257 2255/2255/2255 
f 2255/2255/2255 2257/2257/2257 2256/2256/2256 
f 2257/2257/2257 2258/2258/2258 2256/2256/2256 
f 2256/2256/2256 2258/2258/2258 2258/2258/2258 
f 2258/2258/2258 2257/2257/2257 2258/2258/2258 
f 2258/2258/2258 2257/2257/2257 2257/2257/2257 
f 2257/2257/2257 2259/2259/2259 2257/2257/2257 
f 2257/2257/2257 2259/2259/2259 2258/2258/2258 
f 2259/2259/2259 2260/2260/2260 2258/2258/2258 
f 2258/2258/2258 2260/2260/2260 2260/2260/2260 
f 2260/2260/2260 2259/2259/2259 2260/2260/2260 
f 2260/2260/2260 2259/2259/2259 2259/2259/2259 
f 2259/2259/2259 2261/2261/2261 2259/2259/2259 
f 2259/2259/2259 2261/2261/2261 2260/2260/2260 
f 2261/2261/2261 2262/2262/2262 2260/2260/2260 
f 2260/2260/2260 2262/2262/2262 2262/2262/2262 
f 2262/2262/2262 2261/2261/2261 2262/2262/2262 
f 2262/2262/2262 2261/2261/2261 2261/2261/2261 
f 2261/2261/2261 2263/2263/2263 2261/2261/2261 
f 2261/2261/2261 2263/2263/2263 2262/2262/2262 
f 2263/2263/2263 2264/2264/2264 2262/2262/2262 
f 2262/2262/2262 2264/2264/2264 2264/2264/2264 
f 2264/2264/2264 2263/2263/2263 2264/2264/2264 
f 2264/2264/2264 2263/2263/2263 2263/2263/2263 
f 2263/2263/2263 2265/2265/2265 2263/2263/2263 
f 2263/2263/2263 2265/2265/2265 2264/2264/2264 
f 2265/2265/2265 2266/2266/2266 2264/2264/2264 
f 2264/2264/2264 2266/2266/2266 2266/2266/2266 
f 2266/2266/2266 2265/2265/2265 2266/2266/2266 
f 2266/2266/2266 2265/2265/2265 2265/2265/2265 
f 2265/2265/2265 2267/2267/2267 2265/2265/2265 
f 2265/2265/2265 2267/2267/2267 2266/2266/2266 
f 2267/2267/2267 2268/2268/2268 2266/2266/2266 
f 2266/2266/2266 2268/2268/2268 2268/2268/2268 
f 2268/2268/2268 2269/2269/2269 2268/2268/2268 
f 2268/2268/2268 2269/2269/2269 2269/2269/2269 
f 2269/2269/2269 2270/2270/2270 2269/2269/2269 
f 2269/2269/2269 2270/2270/2270 2271/2271/2271 
f 2270/2270/2270 2272/2272/2272 2271/2271/2271 
f 2271/2271/2271 2272/2272/2272 2272/2272/2272 
f 2272/2272/2272 2270/2270/2270 2272/2272/2272 
f 2272/2272/2272 2270/2270/2270 2270/2270/2270 
f 2270/2270/2270 2273/2273/2273 2270/2270/2270 
f 2270/2270/2270 2273/2273/2273 2272/2272/2272 
f 2273/2273/2273 2274/2274/2274 2272/2272/2272 
f 2272/2272/2272 2274/2274/2274 2274/2274/2274 
f 2274/2274/2274 2273/2273/2273 2274/2274/2274 
f 2274/2274/2274 2273/2273/2273 2273/2273/2273 
f 2273/2273/2273 2275/2275/2275 2273/2273/2273 
f 2273/2273/2273 2275/2275/2275 2274/2274/2274 
f 2275/2275/2275 2276/2276/2276 2274/2274/2274 
f 2274/2274/2274 2276/2276/2276 2276/2276/2276 
f 2276/2276/2276 2275/2275/2275 2276/2276/2276 
f 2276/2276/2276 2275/2275/2275 2275/2275/2275 
f 2275/2275/2275 2277/2277/2277 2275/2275/2275 
f 2275/2275/2275 2277/2277/2277 2276/2276/2276 
f 2277/2277/2277 2278/2278/2278 2276/2276/2276 
f 2276/2276/2276 2278/2278/2278 2278/2278/2278 
f 2278/2278/2278 2277/2277/2277 2278/2278/2278 
f 2278/2278/2278 2277/2277/2277 2277/2277/2277 
f 2277/2277/2277 2279/2279/2279 2277/2277/2277 
f 2277/2277/2277 2279/2279/2279 2278/2278/2278 
f 2279/2279/2279 2280/2280/2280 2278/2278/2278 
f 2278/2278/2278 2280/2280/2280 2280/2280/2280 
f 2280/2280/2280 2279/2279/2279 2280/2280/2280 
f 2280/2280/2280 2279/2279/2279 2279/2279/2279 
f 2279/2279/2279 2281/2281/2281 2279/2279/2279 
f 2279/2279/2279 2281/2281/2281 2280/2280/2280 
f 2281/2281/2281 2282/2282/2282 2280/2280/2280 
f 2280/2280/2280 2282/2282/2282 2282/2282/2282 
f 2282/2282/2282 2281/2281/2281 2282/2282/2282 
f 2282/2282/2282 2281/2281/2281 2281/2281/2281 
f 2281/2281/2281 2283/2283/2283 2281/2281/2281 
f 2281/2281/2281 2283/2283/2283 2282/2282/2282 
f 2283/2283/2283 2284/2284/2284 2282/2282/2282 
f 2282/2282/2282 2284/2284/2284 2284/2284/2284 
f 2284/2284/2284 2283/2283/2283 2284/2284/2284 
f 2284/2284/2284 2283/2283/2283 2283/2283/2283 
f 2283/2283/2283 2285/2285/2285 2283/2283/2283 
f 2283/2283/2283 2285/2285/2285 2284/2284/2284 
f 2285/2285/2285 2286/2286/2286 2284/2284/2284 
f 2284/2284/2284 2286/2286/2286 2286/2286/2286 
f 2286/2286/2286 2287/2287/2287 2286/2286/2286 
f 2286/2286/2286 2287/2287/2287 2287/2287/2287 
f 2287/2287/2287 2288/2288/2288 2287/2287/2287 
f 2287/2287/2287 2288/2288/2288 2289/2289/2289 
f 2288/2288/2288 2290/2290/2290 2289/2289/2289 
f 2289/2289/2289 2290/2290/2290 2290/2290/2290 
f 2290/2290/2290 2288/2288/2288 2290/2290/2290 
f 2290/2290/2290 2288/2288/2288 2288/2288/2288 
f 2288/2288/2288 2291/2291/2291 2288/2288/2288 
f 2288/2288/2288 2291/2291/2291 2290/2290/2290 
f 2291/2291/2291 2292/2292/2292 2290/2290/2290 
f 2290/2290/2290 2292/2292/2292 2292/2292/2292 
f 2292/2292/2292 2291/2291/2291 2292/2292/2292 
f 2292/2292/2292 2291/2291/2291 2291/2291/2291 
f 2291/2291/2291 2293/2293/2293 2291/2291/2291 
f 2291/2291/2291 2293/2293/2293 2292/2292/2292 
f 2293/2293/2293 2294/2294/2294 2292/2292/2292 
f 2292/2292/2292 2294/2294/2294 2294/2294/2294 
f 2294/2294/2294 2293/2293/2293 2294/2294/2294 
f 2294/2294/2294 2293/2293/2293 2293/2293/2293 
f 2293/2293/2293 2295/2295/2295 2293/2293/2293 
f 2293/2293/2293 2295/2295/2295 2294/2294/2294 
f 2295/2295/2295 2296/2296/2296 2294/2294/2294 
f 2294/2294/2294 2296/2296/2296 2296/2296/2296 
f 2296/2296/2296 2295/2295/2295 2296/2296/2296 
f 2296/2296/2296 2295/2295/2295 2295/2295/2295 
f 2295/2295/2295 2297/2297/2297 2295/2295/2295 
f 2295/2295/2295 2297/2297/2297 2296/2296/2296 
f 2297/2297/2297 2298/2298/2298 2296/2296/2296 
f 2296/2296/2296 2298/2298/2298 2298/2298/2298 
f 2298/2298/2298 2297/2297/2297 2298/2298/2298 
f 2298/2298/2298 2297/2297/2297 2297/2297/2297 
f 2297/2297/2297 2299/2299/2299 2297/2297/2297 
f 2297/2297/2297 2299/2299/2299 2298/2298/2298 
f 2299/2299/2299 2300/2300/2300 2298/2298/2298 
f 2298/2298/2298 2300/2300/2300 2300/2300/2300 
f 2300/2300/2300 2299/2299/2299 2300/2300/2300 
f 2300/2300/2300 2299/2299/2299 2299/2299/2299 
f 2299/2299/2299 2301/2301/2301 2299/2299/2299 
f 2299/2299/2299 2301/2301/2301 2300/2300/2300 
f 2301/2301/2301 2302/2302/2302 2300/2300/2300 
f 2300/2300/2300 2302/2302/2302 2302/2302/2302 
f 2302/2302/2302 2301/2301/2301 2302/2302/2302 
f 2302/2302/2302 2301/2301/2301 2301/2301/2301 
f 2301/2301/2301 2303/2303/2303 2301/2301/2301 
f 2301/2301/2301 2303/2303/2303 2302/2302/2302 
f 2303/2303/2303 2304/2304/2304 2302/2302/2302 
f 2302/2302/2302 2304/2304/2304 2304/2304/2304 
f 2304/2304/2304 2305/2305/2305 2304/2304/2304 
f 2304/2304/2304 2305/2305/2305 2305/2305/2305 
f 2305/2305/2305 2306/2306/2306 2305/2305/2305 
f 2305/2305/2305 2306/2306/2306 2307/2307/2307 
f 2306/2306/2306 2308/2308/2308 2307/2307/2307 
f 2307/2307/2307 2308/2308/2308 2308/2308/2308 
f 2308/2308/2308 2309/2309/2309 2308/2308/2308 
f 2308/2308/2308 2309/2309/2309 2309/2309/2309 
f 2309/2309/2309 2310/2310/2310 2309/2309/2309 
f 2309/2309/2309 2310/2310/2310 2311/2311/2311 
f 2310/2310/2310 2312/2312/2312 2311/2311/2311 
f 2311/2311/2311 2312/2312/2312 2313/2313/2313 
f 2312/2312/2312 2314/2314/2314 2313/2313/2313 
f 2313/2313/2313 2314/2314/2314 2315/2315/2315 
f 2314/2314/2314 2316/2316/2316 2315/2315/2315 
f 2315/2315/2315 2316/2316/2316 2317/2317/2317 
f 2316/2316/2316 2318/2318/2318 2317/2317/2317 
f 2317/2317/2317 2318/2318/2318 2319/2319/2319 
f 2318/2318/2318 2320/2320/2320 2319/2319/2319 
f 2319/2319/2319 2320/2320/2320 2321/2321/2321 
f 2320/2320/2320 2322/2322/2322 2321/2321/2321 
f 2321/2321/2321 2322/2322/2322 2323/2323/2323 
f 2322/2322/2322 2324/2324/2324 2323/2323/2323 
f 2323/2323/2323 2324/2324/2324 2325/2325/2325 
f 2324/2324/2324 2326/2326/2326 2325/2325/2325 
f 2325/2325/2325 2326/2326/2326 2326/2326/2326 
f 2326/2326/2326 2327/2327/2327 2326/2326/2326 
f 2326/2326/2326 2327/2327/2327 2327/2327/2327 
f 2327/2327/2327 2328/2328/2328 2327/2327/2327 
f 2327/2327/2327 2328/2328/2328 2329/2329/2329 
f 2328/2328/2328 2330/2330/2330 2329/2329/2329 
f 2329/2329/2329 2330/2330/2330 2331/2331/2331 
f 2330/2330/2330 2332/2332/2332 2331/2331/2331 
f 2331/2331/2331 2332/2332/2332 2333/2333/2333 
f 2332/2332/2332 2334/2334/2334 2333/2333/2333 
f 2333/2333/2333 2334/2334/2334 2335/2335/2335 
f 2334/2334/2334 2336/2336/2336 2335/2335/2335 
f 2335/2335/2335 2336/2336/2336 2337/2337/2337 
f 2336/2336/2336 2338/2338/2338 2337/2337/2337 
f 2337/2337/2337 2338/2338/2338 2339/2339/2339 
f 2338/2338/2338 2340/2340/2340 2339/2339/2339 
f 2339/2339/2339 2340/2340/2340 2341/2341/2341 
f 2340/2340/2340 2342/2342/2342 2341/2341/2341 
f 2341/2341/2341 2342/2342/2342 2343/2343/2343 
f 2342/2342/2342 2344/2344/2344 2343/2343/2343 
f 2343/2343/2343 2344/2344/2344 2344/2344/2344 
f 2344/2344/2344 2345/2345/2345 2344/2344/2344 
f 2344/2344/2344 2345/2345/2345 2345/2345/2345 
f 2345/2345/2345 2346/2346/2346 2345/2345/2345 
f 2345/2345/2345 2346/2346/2346 2347/2347/2347 
f 2346/2346/2346 2348/2348/2348 2347/2347/2347 
f 2347/2347/2347 2348/2348/2348 2348/2348/2348 
f 2348/2348/2348 2346/2346/2346 2348/2348/2348 
f 2348/2348/2348 2346/2346/2346 2346/2346/2346 
f 2346/2346/2346 2349/2349/2349 2346/2346/2346 
f 2346/2346/2346 2349/2349/2349 2348/2348/2348 
f 2349/2349/2349 2350/2350/2350 2348/2348/2348 
f 2348/2348/2348 2350/2350/2350 2350/2350/2350 
f 2350/2350/2350 2349/2349/2349 2350/2350/2350 
f 2350/2350/2350 2349/2349/2349 2349/2349/2349 
f 2349/2349/2349 2351/2351/2351 2349/2349/2349 
f 2349/2349/2349 2351/2351/2351 2350/2350/2350 
f 2351/2351/2351 2352/2352/2352 2350/2350/2350 
f 2350/2350/2350 2352/2352/2352 2352/2352/2352 
f 2352/2352/2352 2351/2351/2351 2352/2352/2352 
f 2352/2352/2352 2351/2351/2351 2351/2351/2351 
f 2351/2351/2351 2353/2353/2353 2351/2351/2351 
f 2351/2351/2351 2353/2353/2353 2352/2352/2352 
f 2353/2353/2353 2354/2354/2354 2352/2352/2352 
f 2352/2352/2352 2354/2354/2354 2354/2354/2354 
f 2354/2354/2354 2353/2353/2353 2354/2354/2354 
f 2354/2354/2354 2353/2353/2353 2353/2353/2353 
f 2353/2353/2353 2355/2355/2355 2353/2353/2353 
f 2353/2353/2353 2355/2355/2355 2354/2354/2354 
f 2355/2355/2355 2356/2356/2356 2354/2354/2354 
f 2354/2354/2354 2356/2356/2356 2356/2356/2356 
f 2356/2356/2356 2355/2355/2355 2356/2356/2356 
f 2356/2356/2356 2355/2355/2355 2355/2355/2355 
f 2355/2355/2355 2357/2357/2357 2355/2355/2355 
f 2355/2355/2355 2357/2357/2357 2356/2356/2356 
f 2357/2357/2357 2358/2358/2358 2356/2356/2356 
f 2356/2356/2356 2358/2358/2358 2358/2358/2358 
f 2358/2358/2358 2357/2357/2357 2358/2358/2358 
f 2358/2358/2358 2357/2357/2357 2357/2357/2357 
f 2357/2357/2357 2359/2359/2359 2357/2357/2357 
f 2357/2357/2357 2359/2359/2359 2358/2358/2358 
f 2359/2359/2359 2360/2360/2360 2358/2358/2358 
f 2358/2358/2358 2360/2360/2360 2360/2360/2360 
f 2360/2360/2360 2359/2359/2359 2360/2360/2360 
f 2360/2360/2360 2359/2359/2359 2359/2359/2359 
f 2359/2359/2359 2361/2361/2361 2359/2359/2359 
f 2359/2359/2359 2361/2361/2361 2360/2360/2360 
f 2361/2361/2361 2362/2362/2362 2360/2360/2360 
f 2360/2360/2360 2362/2362/2362 2362/2362/2362 
f 2362/2362/2362 2361/2361/2361 2362/2362/2362 
f 2362/2362/2362 2361/2361/2361 2361/2361/2361 
f 2361/2361/2361 2363/2363/2363 2361/2361/2361 
f 2361/2361/2361 2363/2363/2363 2362/2362/2362 
f 2363/2363/2363 2364/2364/2364 2362/2362/2362 
f 2362/2362/2362 2364/2364/2364 2364/2364/2364 
f 2364/2364/2364 2363/2363/2363 2364/2364/2364 
f 2364/2364/2364 2363/2363/2363 2363/2363/2363 
f 2363/2363/2363 2365/2365/2365 2363/2363/2363 
f 2363/2363/2363 2365/2365/2365 2364/2364/2364 
f 2365/2365/2365 2366/2366/2366 2364/2364/2364 
f 2364/2364/2364 2366/2366/2366 2366/2366/2366 
f 2366/2366/2366 2365/2365/2365 2366/2366/2366 
f 2366/2366/2366 2365/2365/2365 2365/2365/2365 
f 2365/2365/2365 2367/2367/2367 2365/2365/2365 
f 2365/2365/2365 2367/2367/2367 2366/2366/2366 
f 2367/2367/2367 2368/2368/2368 2366/2366/2366 
f 2366/2366/2366 2368/2368/2368 2368/2368/2368 
f 2368/2368/2368 2367/2367/2367 2368/2368/2368 
f 2368/2368/2368 2367/2367/2367 2367/2367/2367 
f 2367/2367/2367 2369/2369/2369 2367/2367/2367 
f 2367/2367/2367 2369/2369/2369 2368/2368/2368 
f 2369/2369/2369 2370/2370/2370 2368/2368/2368 
f 2368/2368/2368 2370/2370/2370 2370/2370/2370 
f 2370/2370/2370 2369/2369/2369 2370/2370/2370 
f 2370/2370/2370 2369/2369/2369 2369/2369/2369 
f 2369/2369/2369 2371/2371/2371 2369/2369/2369 
f 2369/2369/2369 2371/2371/2371 2370/2370/2370 
f 2371/2371/2371 2372/2372/2372 2370/2370/2370 
f 2370/2370/2370 2372/2372/2372 2372/2372/2372 
f 2372/2372/2372 2371/2371/2371 2372/2372/2372 
f 2372/2372/2372 2371/2371/2371 2371/2371/2371 
f 2371/2371/2371 2373/2373/2373 2371/2371/2371 
f 2371/2371/2371 2373/2373/2373 2372/2372/2372 
f 2373/2373/2373 2374/2374/2374 2372/2372/2372 
f 2372/2372/2372 2374/2374/2374 2374/2374/2374 
f 2374/2374/2374 2375/2375/2375 2374/2374/2374 
f 2374/2374/2374 2375/2375/2375 2375/2375/2375 
f 2375/2375/2375 2376/2376/2376 2375/2375/2375 
f 2375/2375/2375 2376/2376/2376 2377/2377/2377 
f 2376/2376/2376 2378/2378/2378 2377/2377/2377 
f 2377/2377/2377 2378/2378/2378 2379/2379/2379 
f 2378/2378/2378 2380/2380/2380 2379/2379/2379 
f 2379/2379/2379 2380/2380/2380 2381/2381/2381 
f 2380/2380/2380 2382/2382/2382 2381/2381/2381 
f 2381/2381/2381 2382/2382/2382 2383/2383/2383 
f 2382/2382/2382 2384/2384/2384 2383/2383/2383 
f 2383/2383/2383 2384/2384/2384 2385/2385/2385 
f 2384/2384/2384 2386/2386/2386 2385/2385/2385 
f 2385/2385/2385 2386/2386/2386 2387/2387/2387 
f 2386/2386/2386 2388/2388/2388 2387/2387/2387 
f 2387/2387/2387 2388/2388/2388 2389/2389/2389 
f 2388/2388/2388 2390/2390/2390 2389/2389/2389 
f 2389/2389/2389 2390/2390/2390 2391/2391/2391 
f 2390/2390/2390 2392/2392/2392 2391/2391/2391 
f 2391/2391/2391 2392/2392/2392 2393/2393/2393 
f 2392/2392/2392 2394/2394/2394 2393/2393/2393 
f 2393/2393/2393 2394/2394/2394 2395/2395/2395 
f 2394/2394/2394 2396/2396/2396 2395/2395/2395 
f 2395/2395/2395 2396/2396/2396 2397/2397/2397 
f 2396/2396/2396 2398/2398/2398 2397/2397/2397 
f 2397/2397/2397 2398/2398/2398 2399/2399/2399 
f 2398/2398/2398 2400/2400/2400 2399/2399/2399 
f 2399/2399/2399 2400/2400/2400 2401/2401/2401 
f 2400/2400/2400 2402/2402/2402 2401/2401/2401 
f 2401/2401/2401 2402/2402/2402 2403/2403/2403 
f 2402/2402/2402 2404/2404/2404 2403/2403/2403 
f 2403/2403/2403 2404/2404/2404 2404/2404/2404 
f 2404/2404/2404 2405/2405/2405 2404/2404/2404 
f 2404/2404/2404 2405/2405/2405 2405/2405/2405 
f 2405/2405/2405 2406/2406/2406 2405/2405/2405 
f 2405/2405/2405 2406/2406/2406 2407/2407/2407 
f 2406/2406/2406 2408/2408/2408 2407/2407/2407 
f 2407/2407/2407 2408/2408/2408 2408/2408/2408 
f 2408/2408/2408 2406/2406/2406 2408/2408/2408 
f 2408/2408/2408 2406/2406/2406 2406/2406/2406 
f 2406/2406/2406 2409/2409/2409 2406/2406/2406 
f 2406/2406/2406 2409/2409/2409 2408/2408/2408 
f 2409/2409/2409 2410/2410/2410 2408/2408/2408 
f 2408/2408/2408 2410/2410/2410 2410/2410/2410 
f 2410/2410/2410 2409/2409/2409 2410/2410/2410 
f 2410/2410/2410 2409/2409/2409 2409/2409/2409 
f 2409/2409/2409 2411/2411/2411 2409/2409/2409 
f 2409/2409/2409 2411/2411/2411 2410/2410/2410 
f 2411/2411/2411 2412/2412/2412 2410/2410/2410 
f 2410/2410/2410 2412/2412/2412 2412/2412/2412 
f 2412/2412/2412 2411/2411/2411 2412/2412/2412 
f 2412/2412/2412 2411/2411/2411 2411/2411/2411 
f 2411/2411/2411 2413/2413/2413 2411/2411/2411 
f 2411/2411/2411 2413/2413/2413 2412/2412/2412 
f 2413/2413/2413 2414/2414/2414 2412/2412/2412 
f 2412/2412/2412 2414/2414/2414 2414/2414/2414 
f 2414/2414/2414 2413/2413/2413 2414/2414/2414 
f 2414/2414/2414 2413/2413/2413 2413/2413/2413 
f 2413/2413/2413 2415/2415/2415 2413/2413/2413 
f 2413/2413/2413 2415/2415/2415 2414/2414/2414 
f 2415/2415/2415 2416/2416/2416 2414/2414/2414 
f 2414/2414/2414 2416/2416/2416 2416/2416/2416 
f 2416/2416/2416 2415/2415/2415 2416/2416/2416 
f 2416/2416/2416 2415/2415/2415 2415/2415/2415 
f 2415/2415/2415 2417/2417/2417 2415/2415/2415 
f 2415/2415/2415 2417/2417/2417 2416/2416/2416 
f 2417/2417/2417 2418/2418/2418 2416/2416/2416 
f 2416/2416/2416 2418/2418/2418 2418/2418/2418 
f 2418/2418/2418 2417/2417/2417 2418/2418/2418 
f 2418/2418/2418 2417/2417/2417 2417/2417/2417 
f 2417/2417/2417 2419/2419/2419 2417/2417/2417 
f 2417/2417/2417 2419/2419/2419 2418/2418/2418 
f 2419/2419/2419 2420/2420/2420 2418/2418/2418 
f 2418/2418/2418 2420/2420/2420 2420/2420/2420 
f 2420/2420/2420 2419/2419/2419 2420/2420/2420 
f 2420/2420/2420 2419/2419/2419 2419/2419/2419 
f 2419/2419/2419 2421/2421/2421 2419/2419/2419 
f 2419/2419/2419 2421/2421/2421 2420/2420/2420 
f 2421/2421/2421 2422/2422/2422 2420/2420/2420 
f 2420/2420/2420 2422/2422/2422 2422/2422/2422 
f 2422/2422/2422 2421/2421/2421 2422/2422/2422 
f 2422/2422/2422 2421/2421/2421 2421/2421/2421 
f 2421/2421/2421 2423/2423/2423 2421/2421/2421 
f 2421/2421/2421 2423/2423/2423 2422/2422/2422 
f 2423/2423/2423 2424/2424/2424 2422/2422/2422 
f 2422/2422/2422 2424/2424/2424 2424/2424/2424 
f 2424/2424/2424 2423/2423/2423 2424/2424/2424 
f 2424/2424/2424 2423/2423/2423 2423/2423/2423 
f 2423/2423/2423 2425/2425/2425 2423/2423/2423 
f 2423/2423/2423 2425/2425/2425 2424/2424/2424 
f 2425/2425/2425 2426/2426/2426 2424/2424/2424 
f 2424/2424/2424 2426/2426/2426 2426/2426/2426 
f 2426/2426/2426 2425/2425/2425 2426/2426/2426 
f 2426/2426/2426 2425/2425/2425 2425/2425/2425 
f 2425/2425/2425 2427/2427/2427 2425/2425/2425 
f 2425/2425/2425 2427/2427/2427 2426/2426/2426 
f 2427/2427/2427 2428/2428/2428 2426/2426/2426 
f 2426/2426/2426 2428/2428/2428 2428/2428/2428 
f 2428/2428/2428 2427/2427/2427 2428/2428/2428 
f 2428/2428/2428 2427/2427/2427 2427/2427/2427 
f 2427/2427/2427 2429/2429/2429 2427/2427/2427 
f 2427/2427/2427 2429/2429/2429 2428/2428/2428 
f 2429/2429/2429 2430/2430/2430 2428/2428/2428 
f 2428/2428/2428 2430/2430/2430 2430/2430/2430 
f 2430/2430/2430 2429/2429/2429 2430/2430/2430 
f 2430/2430/2430 2429/2429/2429 2429/2429/2429 
f 2429/2429/2429 2431/2431/2431 2429/2429/2429 
f 2429/2429/2429 2431/2431/2431 2430/2430/2430 
f 2431/2431/2431 2432/2432/2432 2430/2430/2430 
f 2430/2430/2430 2432/2432/2432 2432/2432/2432 
f 2432/2432/2432 2431/2431/2431 2432/2432/2432 
f 2432/2432/2432 2431/2431/2431 2431/2431/2431 
f 2431/2431/2431 2433/2433/2433 2431/2431/2431 
f 2431/2431/2431 2433/2433/2433 2432/2432/2432 
f 2433/2433/2433 2434/2434/2434 2432/2432/2432 
f 2432/2432/2432 2434/2434/2434 2434/2434/2434 
f 2434/2434/2434 2433/2433/2433 2434/2434/2434 
f 2434/2434/2434 2433/2433/2433 2433/2433/2433 
f 2433/2433/2433 2435/2435/2435 2433/2433/2433 
f 2433/2433/2433 2435/2435/2435 2434/2434/2434 
f 2435/2435/2435 2436/2436/2436 2434/2434/2434 
f 2434/2434/2434 2436/2436/2436 2436/2436/2436 
f 2436/2436/2436 2437/2437/2437 2436/2436/2436 
f 2436/2436/2436 2437/2437/2437 2437/2437/2437 
f 2437/2437/2437 2438/2438/2438 2437/2437/2437 
f 2437/2437/2437 2438/2438/2438 2439/2439/2439 
f 2438/2438/2438 2440/2440/2440 2439/2439/2439 
f 2439/2439/2439 2440/2440/2440 2441/2441/2441 
f 2440/2440/2440 2442/2442/2442 2441/2441/2441 
f 2441/2441/2441 2442/2442/2442 2443/2443/2443 
f 2442/2442/2442 2444/2444/2444 2443/2443/2443 
f 2443/2443/2443 2444/2444/2444 2445/2445/2445 
f 2444/2444/2444 2446/2446/2446 2445/2445/2445 
f 2445/2445/2445 2446/2446/2446 2447/2447/2447 
f 2446/2446/2446 2448/2448/2448 2447/2447/2447 
f 2447/2447/2447 2448/2448/2448 2449/2449/2449 
f 2448/2448/2448 2450/2450/2450 2449/2449/2449 
f 2449/2449/2449 2450/2450/2450 2451/2451/2451 
f 2450/2450/2450 2452/2452/2452 2451/2451/2451 
f 2451/2451/2451 2452/2452/2452 2453/2453/2453 
f 2452/2452/2452 2454/2454/2454 2453/2453/2453 
f 2453/2453/2453 2454/2454/2454 2455/2455/2455 
f 2454/2454/2454 2456/2456/2456 2455/2455/2455 
f 2455/2455/2455 2456/2456/2456 2457/2457/2457 
f 2456/2456/2456 2458/2458/2458 2457/2457/2457 
f 2457/2457/2457 2458/2458/2458 2459/2459/2459 
f 2458/2458/2458 2460/2460/2460 2459/2459/2459 
f 2459/2459/2459 2460/2460/2460 2461/2461/2461 
f 2460/2460/2460 2462/2462/2462 2461/2461/2461 
f 2461/2461/2461 2462/2462/2462 2463/2463/2463 
f 2462/2462/2462 2464/2464/2464 2463/2463/2463 
f 2463/2463/2463 2464/2464/2464 2465/2465/2465 
f 2464/2464/2464 2466/2466/2466 2465/2465/2465 
f 2465/2465/2465 2466/2466/2466 2467/2467/2467 
f 2466/2466/2466 2468/2468/2468 2467/2467/2467 
f 2467/2467/2467 2468/2468/2468 2469/2469/2469 
f 2468/2468/2468 2470/2470/2470 2469/2469/2469 
f 2469/2469/2469 2470/2470/2470 2471/2471/2471 
f 2470/2470/2470 2472/2472/2472 2471/2471/2471 
f 2471/2471/2471 2472/2472/2472 2473/2473/2473 
f 2472/2472/2472 2474/2474/2474 2473/2473/2473 
f 2473/2473/2473 2474/2474/2474 2475/2475/2475 
f 2474/2474/2474 2476/2476/2476 2475/2475/2475 
f 2475/2475/2475 2476/2476/2476 2477/2477/2477 
f 2476/2476/2476 2478/2478/2478 2477/2477/2477 
f 2477/2477/2477 2478/2478/2478 2478/2478/2478 
f 2478/2478/2478 2479/2479/2479 2478/2478/2478 
f 2478/2478/2478 2479/2479/2479 2479/2479/2479 
f 2479/2479/2479 2480/2480/2480 2479/2479/2479 
f 2479/2479/2479 2480/2480/2480 2481/2481/2481 
f 2480/2480/2480 2482/2482/2482 2481/2481/2481 
f 2481/2481/2481 2482/2482/2482 2482/2482/2482 
f 2482/2482/2482 2483/2483/2483 2482/2482/2482 
f 2482/2482/2482 2483/2483/2483 2483/2483/2483 
f 2483/2483/2483 2484/2484/2484 2483/2483/2483 
f 2483/2483/2483 2484/2484/2484 2485/2485/2485 
f 2484/2484/2484 2486/2486/2486 2485/2485/2485 
f 2485/2485/2485 2486/2486/2486 2486/2486/2486 
f 2486/2486/2486 2487/2487/2487 2486/2486/2486 
f 2486/2486/2486 2487/2487/2487 2487/2487/2487 
f 2487/2487/2487 2488/2488/2488 2487/2487/2487 
f 2487/2487/2487 2488/2488/2488 2489/2489/2489 
f 2488/2488/2488 2490/2490/2490 2489/2489/2489 
f 2489/2489/2489 2490/2490/2490 2490/2490/2490 
f 2490/2490/2490 2491/2491/2491 2490/2490/2490 
f 2490/2490/2490 2491/2491/2491 2491/2491/2491 
f 2491/2491/2491 2492/2492/2492 2491/2491/2491 
f 2491/2491/2491 2492/2492/2492 2493/2493/2493 
f 2492/2492/2492 2494/2494/2494 2493/2493/2493 
f 2493/2493/2493 2494/2494/2494 2494/2494/2494 
f 2494/2494/2494 2495/2495/2495 2494/2494/2494 
f 2494/2494/2494 2495/2495/2495 2495/2495/2495 
f 2495/2495/2495 2496/2496/2496 2495/2495/2495 
f 2495/2495/2495 2496/2496/2496 2497/2497/2497 
f 2496/2496/2496 2498/2498/2498 2497/2497/2497 
f 2497/2497/2497 2498/2498/2498 2498/2498/2498 
f 2498/2498/2498 2499/2499/2499 2498/2498/2498 
f 2498/2498/2498 2499/2499/2499 2499/2499/2499 
f 2499/2499/2499 2500/2500/2500 2499/2499/2499 
f 2499/2499/2499 2500/2500/2500 2501/2501/2501 
f 2500/2500/2500 2502/2502/2502 2501/2501/2501 
f 2501/2501/2501 2502/2502/2502 2502/2502/2502 
f 2502/2502/2502 2503/2503/2503 2502/2502/2502 
f 2502/2502/2502 2503/2503/2503 2503/2503/2503 
f 2503/2503/2503 2504/2504/2504 2503/2503/2503 
f 2503/2503/2503 2504/2504/2504 2505/2505/2505 
f 2504/2504/2504 2506/2506/2506 2505/2505/2505 
f 2505/2505/2505 2506/2506/2506 2507/2507/2507 
f 2506/2506/2506 2508/2508/2508 2507/2507/2507 
f 2507/2507/2507 2508/2508/2508 2509/2509/2509 
f 2508/2508/2508 2510/2510/2510 2509/2509/2509 
f 2509/2509/2509 2510/2510/2510 2511/2511/2511 
f 2510/2510/2510 2512/2512/2512 2511/2511/2511 
f 2511/2511/2511 2512/2512/2512 2513/2513/2513 
f 2512/2512/2512 2514/2514/2514 2513/2513/2513 
f 2513/2513/2513 2514/2514/2514 2515/2515/2515 
f 2514/2514/2514 2516/2516/2516 2515/2515/2515 
f 2515/2515/2515 2516/2516/2516 2517/2517/2517 
f 2516/2516/2516 2518/2518/2518 2517/2517/2517 
f 2517/2517/2517 2518/2518/2518 2519/2519/2519 
f 2518/2518/2518 2520/2520/2520 2519/2519/2519 
f 2519/2519/2519 2520/2520/2520 2521/2521/2521 
f 2520/2520/2520 2522/2522/2522 2521/2521/2521 
f 2521/2521/2521 2522/2522/2522 2523/2523/2523 
f 2522/2522/2522 2524/2524/2524 2523/2523/2523 
f 2523/2523/2523 2524/2524/2524 2525/2525/2525 
f 2524/2524/2524 2526/2526/2526 2525/2525/2525 
f 2525/2525/2525 2526/2526/2526 2527/2527/2527 
f 2526/2526/2526 2528/2528/2528 2527/2527/2527 
f 2527/2527/2527 2528/2528/2528 2529/2529/2529 
f 2528/2528/2528 2530/2530/2530 2529/2529/2529 
f 2529/2529/2529 2530/2530/2530 2531/2531/2531 
f 2530/2530/2530 2532/2532/2532 2531/2531/2531 
f 2531/2531/2531 2532/2532/2532 2533/2533/2533 
f 2532/2532/2532 2534/2534/2534 2533/2533/2533 
f 2533/2533/2533 2534/2534/2534 2535/2535/2535 
f 2534/2534/2534 2536/2536/2536 2535/2535/2535 
f 2535/2535/2535 2536/2536/2536 2537/2537/2537 
f 2536/2536/2536 2538/2538/2538 2537/2537/2537 
f 2537/2537/2537 2538/2538/2538 2539/2539/2539 
f 2538/2538/2538 2540/2540/2540 2539/2539/2539 
f 2539/2539/2539 2540/2540/2540 2541/2541/2541 
f 2540/2540/2540 2542/2542/2542 2541/2541/2541 
f 2541/2541/2541 2542/2542/2542 2543/2543/2543 
f 2542/2542/2542 2544/2544/2544 2543/2543/2543 
f 2543/2543/2543 2544/2544/2544 2544/2544/2544 
f 2544/2544/2544 2545/2545/2545 2544/2544/2544 
f 2544/2544/2544 2545/2545/2545 2545/2545/2545 
f 2545/2545/2545 2546/2546/2546 2545/2545/2545 
f 2545/2545/2545 2546/2546/2546 2547/2547/2547 
f 2546/2546/2546 2548/2548/2548 2547/2547/2547 
f 2547/2547/2547 2548/2548/2548 2549/2549/2549 
f 2548/2548/2548 2550/2550/2550 2549/2549/2549 
f 2549/2549/2549 2550/2550/2550 2551/2551/2551 
f 2550/2550/2550 2552/2552/2552 2551/2551/2551 
f 2551/2551/2551 2552/2552/2552 2553/2553/2553 
f 2552/2552/2552 2554/2554/2554 2553/2553/2553 
f 2553/2553/2553 2554/2554/2554 2555/2555/2555 
f 2554/2554/2554 2556/2556/2556 2555/2555/2555 
f 2555/2555/2555 2556/2556/2556 2557/2557/2557 
f 2556/2556/2556 2558/2558/2558 2557/2557/2557 
f 2557/2557/2557 2558/2558/2558 2559/2559/2559 
f 2558/2558/2558 2560/2560/2560 2559/2559/2559 
f 2559/2559/2559 2560/2560/2560 2561/2561/2561 
f 2560/2560/2560 2562/2562/2562 2561/2561/2561 
f 2561/2561/2561 2562/2562/2562 2563/2563/2563 
f 2562/2562/2562 2564/2564/2564 2563/2563/2563 
f 2563/2563/2563 2564/2564/2564 2565/2565/2565 
f 2564/2564/2564 2566/2566/2566 2565/2565/2565 
f 2565/2565/2565 2566/2566/2566 2567/2567/2567 
f 2566/2566/2566 2568/2568/2568 2567/2567/2567 
f 2567/2567/2567 2568/2568/2568 2569/2569/2569 
f 2568/2568/2568 2570/2570/2570 2569/2569/2569 
f 2569/2569/2569 2570/2570/2570 2571/2571/2571 
f 2570/2570/2570 2572/2572/2572 2571/2571/2571 
f 2571/2571/2571 2572/2572/2572 2573/2573/2573 
f 2572/2572/2572 2574/2574/2574 2573/2573/2573 
f 2573/2573/2573 2574/2574/2574 2575/2575/2575 
f 2574/2574/2574 2576/2576/2576 2575/2575/2575 
f 2575/2575/2575 2576/2576/2576 2577/2577/2577 
f 2576/2576/2576 2578/2578/2578 2577/2577/2577 
f 2577/2577/2577 2578/2578/2578 2579/2579/2579 
f 2578/2578/2578 2580/2580/2580 2579/2579/2579 
f 2579/2579/2579 2580/2580/2580 2581/2581/2581 
f 2580/2580/2580 2582/2582/2582 2581/2581/2581 
f 2581/2581/2581 2582/2582/2582 2583/2583/2583 
f 2582/2582/2582 2584/2584/2584 2583/2583/2583 
f 2583/2583/2583 2584/2584/2584 2585/2585/2585 
f 2584/2584/2584 2586/2586/2586 2585/2585/2585 
f 2585/2585/2585 2586/2586/2586 2586/2586/2586 
f 2586/2586/2586 2587/2587/2587 2586/2586/2586 
f 2586/2586/2586 2587/2587/2587 2587/2587/2587 
f 2587/2587/2587 2588/2588/2588 2587/2587/2587 
f 2587/2587/2587 2588/2588/2588 2589/2589/2589 
f 2588/2588/2588 2590/2590/2590 2589/2589/2589 
f 2589/2589/2589 2590/2590/2590 2591/2591/2591 
f 2590/2590/2590 2592/2592/2592 2591/2591/2591 
f 2591/2591/2591 2592/2592/2592 2593/2593/2593 
f 2592/2592/2592 2594/2594/2594 2593/2593/2593 
f 2593/2593/2593 2594/2594/2594 2595/2595/2595 
f 2594/2594/2594 2596/2596/2596 2595/2595/2595 
f 2595/2595/2595 2596/2596/2596 2597/2597/2597 
f 2596/2596/2596 2598/2598/2598 2597/2597/2597 
f 2597/2597/2597 2598/2598/2598 2599/2599/2599 
f 2598/2598/2598 2600/2600/2600 2599/2599/2599 
f 2599/2599/2599 2600/2600/2600 2601/2601/2601 
f 2600/2600/2600 2602/2602/2602 2601/2601/2601 
f 2601/2601/2601 2602/2602/2602 2603/2603/2603 
f 2602/2602/2602 2604/2604/2604 2603/2603/2603 
f 2603/2603/2603 2604/2604/2604 2605/2605/2605 
f 2604/2604/2604 2606/2606/2606 2605/2605/2605 
f 2605/2605/2605 2606/2606/2606 2607/2607/2607 
f 2606/2606/2606 2608/2608/2608 2607/2607/2607 
f 2607/2607/2607 2608/2608/2608 2609/2609/2609 
f 2608/2608/2608 2610/2610/2610 2609/2609/2609 
f 2609/2609/2609 2610/2610/2610 2611/2611/2611 
f 2610/2610/2610 2612/2612/2612 2611/2611/2611 
f 2611/2611/2611 2612/2612/2612 2613/2613/2613 
f 2612/2612/2612 2614/2614/2614 2613/2613/2613 
f 2613/2613/2613 2614/2614/2614 2615/2615/2615 
f 2614/2614/2614 2616/2616/2616 2615/2615/2615 
f 2615/2615/2615 2616/2616/2616 2617/2617/2617 
f 2616/2616/2616 2618/2618/2618 2617/2617/2617 
f 2617/2617/2617 2618/2618/2618 2619/2619/2619 
f 2618/2618/2618 2620/2620/2620 2619/2619/2619 
f 2619/2619/2619 2620/2620/2620 2621/2621/2621 
f 2620/2620/2620 2622/2622/2622 2621/2621/2621 
f 2621/2621/2621 2622/2622/2622 2623/2623/2623 
f 2622/2622/2622 2624/2624/2624 2623/2623/2623 
f 2623/2623/2623 2624/2624/2624 2625/2625/2625 
f 2624/2624/2624 2626/2626/2626 2625/2625/2625 
f 2625/2625/2625 2626/2626/2626 2587/2587/2587 
f 2626/2626/2626 2588/2588/2588 2587/2587/2587 
f 2587/2587/2587 2588/2588/2588 2588/2588/2588 
f 2588/2588/2588 2627/2627/2627 2588/2588/2588 
f 2588/2588/2588 2627/2627/2627 2627/2627/2627 
f 2627/2627/2627 2628/2628/2628 2627/2627/2627 
f 2627/2627/2627 2628/2628/2628 2629/2629/2629 
f 2628/2628/2628 2630/2630/2630 2629/2629/2629 
f 2629/2629/2629 2630/2630/2630 2631/2631/2631 
f 2630/2630/2630 2632/2632/2632 2631/2631/2631 
f 2631/2631/2631 2632/2632/2632 2633/2633/2633 
f 2632/2632/2632 2634/2634/2634 2633/2633/2633 
f 2633/2633/2633 2634/2634/2634 2635/2635/2635 
f 2634/2634/2634 2636/2636/2636 2635/2635/2635 
f 2635/2635/2635 2636/2636/2636 2637/2637/2637 
f 2636/2636/2636 2638/2638/2638 2637/2637/2637 
f 2637/2637/2637 2638/2638/2638 2639/2639/2639 
f 2638/2638/2638 2640/2640/2640 2639/2639/2639 
f 2639/2639/2639 2640/2640/2640 2641/2641/2641 
f 2640/2640/2640 2642/2642/2642 2641/2641/2641 
f 2641/2641/2641 2642/2642/2642 2643/2643/2643 
f 2642/2642/2642 2644/2644/2644 2643/2643/2643 
f 2643/2643/2643 2644/2644/2644 2645/2645/2645 
f 2644/2644/2644 2646/2646/2646 2645/2645/2645 
f 2645/2645/2645 2646/2646/2646 2647/2647/2647 
f 2646/2646/2646 2648/2648/2648 2647/2647/2647 
f 2647/2647/2647 2648/2648/2648 2649/2649/2649 
f 2648/2648/2648 2650/2650/2650 2649/2649/2649 
f 2649/2649/2649 2650/2650/2650 2651/2651/2651 
f 2650/2650/2650 2652/2652/2652 2651/2651/2651 
f 2651/2651/2651 2652/2652/2652 2653/2653/2653 
f 2652/2652/2652 2654/2654/2654 2653/2653/2653 
f 2653/2653/2653 2654/2654/2654 2655/2655/2655 
f 2654/2654/2654 2656/2656/2656 2655/2655/2655 
f 2655/2655/2655 2656/2656/2656 2657/2657/2657 
f 2656/2656/2656 2658/2658/2658 2657/2657/2657 
f 2657/2657/2657 2658/2658/2658 2659/2659/2659 
f 2658/2658/2658 2660/2660/2660 2659/2659/2659 
f 2659/2659/2659 2660/2660/2660 2661/2661/2661 
f 2660/2660/2660 2662/2662/2662 2661/2661/2661 
f 2661/2661/2661 2662/2662/2662 2663/2663/2663 
f 2662/2662/2662 2664/2664/2664 2663/2663/2663 
f 2663/2663/2663 2664/2664/2664 2665/2665/2665 
f 2664/2664/2664 2666/2666/2666 2665/2665/2665 
f 2665/2665/2665 2666/2666/2666 2627/2627/2627 
f 2666/2666/2666 2628/2628/2628 2627/2627/2627 
f 2627/2627/2627 2628/2628/2628 2628/2628/2628 
f 2628/2628/2628 2667/2667/2667 2628/2628/2628 
f 2628/2628/2628 2667/2667/2667 2667/2667/2667 
f 2667/2667/2667 2668/2668/2668 2667/2667/2667 
f 2667/2667/2667 2668/2668/2668 2669/2669/2669 
f 2668/2668/2668 2670/2670/2670 2669/2669/2669 
f 2669/2669/2669 2670/2670/2670 2671/2671/2671 
f 2670/2670/2670 2671/2671/2671 2671/2671/2671 
f 2671/2671/2671 2671/2671/2671 2671/2671/2671 
f 2671/2671/2671 2672/2672/2672 2671/2671/2671 
f 2671/2671/2671 2672/2672/2672 2669/2669/2669 
f 2672/2672/2672 2673/2673/2673 2669/2669/2669 
f 2669/2669/2669 2673/2673/2673 2667/2667/2667 
f 2673/2673/2673 2667/2667/2667 2667/2667/2667 
f 2667/2667/2667 2667/2667/2667 2674/2674/2674 
f 2667/2667/2667 2674/2674/2674 2674/2674/2674 
f 2674/2674/2674 2674/2674/2674 2674/2674/2674 
f 2674/2674/2674 2675/2675/2675 2674/2674/2674 
f 2674/2674/2674 2675/2675/2675 2676/2676/2676 
f 2675/2675/2675 2677/2677/2677 2676/2676/2676 
f 2676/2676/2676 2677/2677/2677 2678/2678/2678 
f 2677/2677/2677 2679/2679/2679 2678/2678/2678 
f 2678/2678/2678 2679/2679/2679 2680/2680/2680 
f 2679/2679/2679 2681/2681/2681 2680/2680/2680 
f 2680/2680/2680 2681/2681/2681 2682/2682/2682 
f 2681/2681/2681 2683/2683/2683 2682/2682/2682 
f 2682/2682/2682 2683/2683/2683 2684/2684/2684 
f 2683/2683/2683 2685/2685/2685 2684/2684/2684 
f 2684/2684/2684 2685/2685/2685 2686/2686/2686 
f 2685/2685/2685 2687/2687/2687 2686/2686/2686 
f 2686/2686/2686 2687/2687/2687 2688/2688/2688 
f 2687/2687/2687 2689/2689/2689 2688/2688/2688 
f 2688/2688/2688 2689/2689/2689 2690/2690/2690 
f 2689/2689/2689 2691/2691/2691 2690/2690/2690 
f 2690/2690/2690 2691/2691/2691 2692/2692/2692 
f 2691/2691/2691 2693/2693/2693 2692/2692/2692 
f 2692/2692/2692 2693/2693/2693 2694/2694/2694 
f 2693/2693/2693 2695/2695/2695 2694/2694/2694 
f 2694/2694/2694 2695/2695/2695 2696/2696/2696 
f 2695/2695/2695 2697/2697/2697 2696/2696/2696 
f 2696/2696/2696 2697/2697/2697 2698/2698/2698 
f 2697/2697/2697 2699/2699/2699 2698/2698/2698 
f 2698/2698/2698 2699/2699/2699 2700/2700/2700 
f 2699/2699/2699 2701/2701/2701 2700/2700/2700 
f 2700/2700/2700 2701/2701/2701 2702/2702/2702 
f 2701/2701/2701 2703/2703/2703 2702/2702/2702 
f 2702/2702/2702 2703/2703/2703 2704/2704/2704 
f 2703/2703/2703 2705/2705/2705 2704/2704/2704 
f 2704/2704/2704 2705/2705/2705 2706/2706/2706 
f 2705/2705/2705 2707/2707/2707 2706/2706/2706 
f 2706/2706/2706 2707/2707/2707 2708/2708/2708 
f 2707/2707/2707 2709/2709/2709 2708/2708/2708 
f 2708/2708/2708 2709/2709/2709 2710/2710/2710 
f 2709/2709/2709 2711/2711/2711 2710/2710/2710 
f 2710/2710/2710 2711/2711/2711 2712/2712/2712 
f 2711/2711/2711 2713/2713/2713 2712/2712/2712 
f 2712/2712/2712 2713/2713/2713 2674/2674/2674 
f 2713/2713/2713 2675/2675/2675 2674/2674/2674 
f 2674/2674/2674 2675/2675/2675 2675/2675/2675 
f 2675/2675/2675 2714/2714/2714 2675/2675/2675 
f 2675/2675/2675 2714/2714/2714 2714/2714/2714 
f 2714/2714/2714 2715/2715/2715 2714/2714/2714 
f 2714/2714/2714 2715/2715/2715 2716/2716/2716 
f 2715/2715/2715 2717/2717/2717 2716/2716/2716 
f 2716/2716/2716 2717/2717/2717 2718/2718/2718 
f 2717/2717/2717 2719/2719/2719 2718/2718/2718 
f 2718/2718/2718 2719/2719/2719 2720/2720/2720 
f 2719/2719/2719 2721/2721/2721 2720/2720/2720 
f 2720/2720/2720 2721/2721/2721 2722/2722/2722 
f 2721/2721/2721 2723/2723/2723 2722/2722/2722 
f 2722/2722/2722 2723/2723/2723 2724/2724/2724 
f 2723/2723/2723 2725/2725/2725 2724/2724/2724 
f 2724/2724/2724 2725/2725/2725 2726/2726/2726 
f 2725/2725/2725 2727/2727/2727 2726/2726/2726 
f 2726/2726/2726 2727/2727/2727 2728/2728/2728 
f 2727/2727/2727 2729/2729/2729 2728/2728/2728 
f 2728/2728/2728 2729/2729/2729 2730/2730/2730 
f 2729/2729/2729 2731/2731/2731 2730/2730/2730 
f 2730/2730/2730 2731/2731/2731 2732/2732/2732 
f 2731/2731/2731 2733/2733/2733 2732/2732/2732 
f 2732/2732/2732 2733/2733/2733 2734/2734/2734 
f 2733/2733/2733 2735/2735/2735 2734/2734/2734 
f 2734/2734/2734 2735/2735/2735 2736/2736/2736 
f 2735/2735/2735 2737/2737/2737 2736/2736/2736 
f 2736/2736/2736 2737/2737/2737 2738/2738/2738 
f 2737/2737/2737 2739/2739/2739 2738/2738/2738 
f 2738/2738/2738 2739/2739/2739 2740/2740/2740 
f 2739/2739/2739 2741/2741/2741 2740/2740/2740 
f 2740/2740/2740 2741/2741/2741 2742/2742/2742 
f 2741/2741/2741 2743/2743/2743 2742/2742/2742 
f 2742/2742/2742 2743/2743/2743 2744/2744/2744 
f 2743/2743/2743 2745/2745/2745 2744/2744/2744 
f 2744/2744/2744 2745/2745/2745 2746/2746/2746 
f 2745/2745/2745 2747/2747/2747 2746/2746/2746 
f 2746/2746/2746 2747/2747/2747 2748/2748/2748 
f 2747/2747/2747 2749/2749/2749 2748/2748/2748 
f 2748/2748/2748 2749/2749/2749 2750/2750/2750 
f 2749/2749/2749 2751/2751/2751 2750/2750/2750 
f 2750/2750/2750 2751/2751/2751 2752/2752/2752 
f 2751/2751/2751 2753/2753/2753 2752/2752/2752 
f 2752/2752/2752 2753/2753/2753 2714/2714/2714 
f 2753/2753/2753 2715/2715/2715 2714/2714/2714 
f 2714/2714/2714 2715/2715/2715 2715/2715/2715 
f 2715/2715/2715 2754/2754/2754 2715/2715/2715 
f 2715/2715/2715 2754/2754/2754 2754/2754/2754 
f 2754/2754/2754 2755/2755/2755 2754/2754/2754 
f 2754/2754/2754 2755/2755/2755 2756/2756/2756 
f 2755/2755/2755 2757/2757/2757 2756/2756/2756 
f 2756/2756/2756 2757/2757/2757 2758/2758/2758 
f 2757/2757/2757 2758/2758/2758 2758/2758/2758 
f 2758/2758/2758 2758/2758/2758 2758/2758/2758 
f 2758/2758/2758 2759/2759/2759 2758/2758/2758 
f 2758/2758/2758 2759/2759/2759 2756/2756/2756 
f 2759/2759/2759 2760/2760/2760 2756/2756/2756 
f 2756/2756/2756 2760/2760/2760 2754/2754/2754 
f 2760/2760/2760 2754/2754/2754 2754/2754/2754 
f 2754/2754/2754 2754/2754/2754 2761/2761/2761 
f 2754/2754/2754 2761/2761/2761 2761/2761/2761 
f 2761/2761/2761 2761/2761/2761 2761/2761/2761 
f 2761/2761/2761 2762/2762/2762 2761/2761/2761 
f 2761/2761/2761 2762/2762/2762 2763/2763/2763 
f 2762/2762/2762 2764/2764/2764 2763/2763/2763 
f 2763/2763/2763 2764/2764/2764 2765/2765/2765 
f 2764/2764/2764 2766/2766/2766 2765/2765/2765 
f 2765/2765/2765 2766/2766/2766 2767/2767/2767 
f 2766/2766/2766 2768/2768/2768 2767/2767/2767 
f 2767/2767/2767 2768/2768/2768 2769/2769/2769 
f 2768/2768/2768 2770/2770/2770 2769/2769/2769 
f 2769/2769/2769 2770/2770/2770 2771/2771/2771 
f 2770/2770/2770 2772/2772/2772 2771/2771/2771 
f 2771/2771/2771 2772/2772/2772 2773/2773/2773 
f 2772/2772/2772 2774/2774/2774 2773/2773/2773 
f 2773/2773/2773 2774/2774/2774 2775/2775/2775 
f 2774/2774/2774 2776/2776/2776 2775/2775/2775 
f 2775/2775/2775 2776/2776/2776 2776/2776/2776 
f 2776/2776/2776 2774/2774/2774 2776/2776/2776 
f 2776/2776/2776 2774/2774/2774 2774/2774/2774 
f 2774/2774/2774 2772/2772/2772 2774/2774/2774 
f 2774/2774/2774 2772/2772/2772 2777/2777/2777 
f 2772/2772/2772 2770/2770/2770 2777/2777/2777 
f 2777/2777/2777 2770/2770/2770 2778/2778/2778 
f 2770/2770/2770 2768/2768/2768 2778/2778/2778 
f 2778/2778/2778 2768/2768/2768 2779/2779/2779 
f 2768/2768/2768 2780/2780/2780 2779/2779/2779 
f 2779/2779/2779 2780/2780/2780 2781/2781/2781 
f 2780/2780/2780 2782/2782/2782 2781/2781/2781 
f 2781/2781/2781 2782/2782/2782 2783/2783/2783 
f 2782/2782/2782 2784/2784/2784 2783/2783/2783 
f 2783/2783/2783 2784/2784/2784 2785/2785/2785 
f 2784/2784/2784 2786/2786/2786 2785/2785/2785 
f 2785/2785/2785 2786/2786/2786 2787/2787/2787 
f 2786/2786/2786 2787/2787/2787 2787/2787/2787 
f 2787/2787/2787 2787/2787/2787 2768/2768/2768 
f 2787/2787/2787 2768/2768/2768 2768/2768/2768 
f 2768/2768/2768 2768/2768/2768 2768/2768/2768 
f 2768/2768/2768 2766/2766/2766 2768/2768/2768 
f 2768/2768/2768 2766/2766/2766 2780/2780/2780 
f 2766/2766/2766 2764/2764/2764 2780/2780/2780 
f 2780/2780/2780 2764/2764/2764 2782/2782/2782 
f 2764/2764/2764 2788/2788/2788 2782/2782/2782 
f 2782/2782/2782 2788/2788/2788 2784/2784/2784 
f 2788/2788/2788 2784/2784/2784 2784/2784/2784 
f 2784/2784/2784 2784/2784/2784 2789/2789/2789 
f 2784/2784/2784 2789/2789/2789 2789/2789/2789 
f 2789/2789/2789 2789/2789/2789 2789/2789/2789 
f 2789/2789/2789 2790/2790/2790 2789/2789/2789 
f 2789/2789/2789 2790/2790/2790 2791/2791/2791 
f 2790/2790/2790 2792/2792/2792 2791/2791/2791 
f 2791/2791/2791 2792/2792/2792 2793/2793/2793 
f 2792/2792/2792 2794/2794/2794 2793/2793/2793 
f 2793/2793/2793 2794/2794/2794 2795/2795/2795 
f 2794/2794/2794 2796/2796/2796 2795/2795/2795 
f 2795/2795/2795 2796/2796/2796 2797/2797/2797 
f 2796/2796/2796 2798/2798/2798 2797/2797/2797 
f 2797/2797/2797 2798/2798/2798 2799/2799/2799 
f 2798/2798/2798 2800/2800/2800 2799/2799/2799 
f 2799/2799/2799 2800/2800/2800 2801/2801/2801 
f 2800/2800/2800 2802/2802/2802 2801/2801/2801 
f 2801/2801/2801 2802/2802/2802 2803/2803/2803 
f 2802/2802/2802 2804/2804/2804 2803/2803/2803 
f 2803/2803/2803 2804/2804/2804 2804/2804/2804 
f 2804/2804/2804 2790/2790/2790 2804/2804/2804 
f 2804/2804/2804 2790/2790/2790 2790/2790/2790 
f 2790/2790/2790 2805/2805/2805 2790/2790/2790 
f 2790/2790/2790 2805/2805/2805 2792/2792/2792 
f 2805/2805/2805 2806/2806/2806 2792/2792/2792 
f 2792/2792/2792 2806/2806/2806 2794/2794/2794 
f 2806/2806/2806 2807/2807/2807 2794/2794/2794 
f 2794/2794/2794 2807/2807/2807 2796/2796/2796 
f 2807/2807/2807 2808/2808/2808 2796/2796/2796 
f 2796/2796/2796 2808/2808/2808 2798/2798/2798 
f 2808/2808/2808 2809/2809/2809 2798/2798/2798 
f 2798/2798/2798 2809/2809/2809 2800/2800/2800 
f 2809/2809/2809 2810/2810/2810 2800/2800/2800 
f 2800/2800/2800 2810/2810/2810 2802/2802/2802 
f 2810/2810/2810 2811/2811/2811 2802/2802/2802 
f 2802/2802/2802 2811/2811/2811 2804/2804/2804 
f 2811/2811/2811 2804/2804/2804 2804/2804/2804 
f 2804/2804/2804 2804/2804/2804 2805/2805/2805 
f 2804/2804/2804 2805/2805/2805 2805/2805/2805 
f 2805/2805/2805 2805/2805/2805 2805/2805/2805 
f 2805/2805/2805 2812/2812/2812 2805/2805/2805 
f 2805/2805/2805 2812/2812/2812 2806/2806/2806 
f 2812/2812/2812 2813/2813/2813 2806/2806/2806 
f 2806/2806/2806 2813/2813/2813 2807/2807/2807 
f 2813/2813/2813 2814/2814/2814 2807/2807/2807 
f 2807/2807/2807 2814/2814/2814 2808/2808/2808 
f 2814/2814/2814 2815/2815/2815 2808/2808/2808 
f 2808/2808/2808 2815/2815/2815 2809/2809/2809 
f 2815/2815/2815 2816/2816/2816 2809/2809/2809 
f 2809/2809/2809 2816/2816/2816 2810/2810/2810 
f 2816/2816/2816 2817/2817/2817 2810/2810/2810 
f 2810/2810/2810 2817/2817/2817 2811/2811/2811 
f 2817/2817/2817 2811/2811/2811 2811/2811/2811 
f 2811/2811/2811 2811/2811/2811 2812/2812/2812 
f 2811/2811/2811 2812/2812/2812 2812/2812/2812 
f 2812/2812/2812 2812/2812/2812 2812/2812/2812 
f 2812/2812/2812 2818/2818/2818 2812/2812/2812 
f 2812/2812/2812 2818/2818/2818 2813/2813/2813 
f 2818/2818/2818 2819/2819/2819 2813/2813/2813 
f 2813/2813/2813 2819/2819/2819 2814/2814/2814 
f 2819/2819/2819 2820/2820/2820 2814/2814/2814 
f 2814/2814/2814 2820/2820/2820 2815/2815/2815 
f 2820/2820/2820 2821/2821/2821 2815/2815/2815 
f 2815/2815/2815 2821/2821/2821 2816/2816/2816 
f 2821/2821/2821 2822/2822/2822 2816/2816/2816 
f 2816/2816/2816 2822/2822/2822 2817/2817/2817 
f 2822/2822/2822 2823/2823/2823 2817/2817/2817 
f 2817/2817/2817 2823/2823/2823 2823/2823/2823 
f 2823/2823/2823 2818/2818/2818 2823/2823/2823 
f 2823/2823/2823 2818/2818/2818 2818/2818/2818 
f 2818/2818/2818 2824/2824/2824 2818/2818/2818 
f 2818/2818/2818 2824/2824/2824 2819/2819/2819 
f 2824/2824/2824 2825/2825/2825 2819/2819/2819 
f 2819/2819/2819 2825/2825/2825 2820/2820/2820 
f 2825/2825/2825 2826/2826/2826 2820/2820/2820 
f 2820/2820/2820 2826/2826/2826 2821/2821/2821 
f 2826/2826/2826 2827/2827/2827 2821/2821/2821 
f 2821/2821/2821 2827/2827/2827 2822/2822/2822 
f 2827/2827/2827 2828/2828/2828 2822/2822/2822 
f 2822/2822/2822 2828/2828/2828 2823/2823/2823 
f 2828/2828/2828 2823/2823/2823 2823/2823/2823 
f 2823/2823/2823 2823/2823/2823 2824/2824/2824 
f 2823/2823/2823 2824/2824/2824 2824/2824/2824 
f 2824/2824/2824 2824/2824/2824 2824/2824/2824 
f 2824/2824/2824 2829/2829/2829 2824/2824/2824 
f 2824/2824/2824 2829/2829/2829 2825/2825/2825 
f 2829/2829/2829 2830/2830/2830 2825/2825/2825 
f 2825/2825/2825 2830/2830/2830 2826/2826/2826 
f 2830/2830/2830 2831/2831/2831 2826/2826/2826 
f 2826/2826/2826 2831/2831/2831 2827/2827/2827 
f 2831/2831/2831 2832/2832/2832 2827/2827/2827 
f 2827/2827/2827 2832/2832/2832 2828/2828/2828 
f 2832/2832/2832 2828/2828/2828 2828/2828/2828 
f 2828/2828/2828 2828/2828/2828 2829/2829/2829 
f 2828/2828/2828 2829/2829/2829 2829/2829/2829 
f 2829/2829/2829 2829/2829/2829 2829/2829/2829 
f 2829/2829/2829 2824/2824/2824 2829/2829/2829 
f 2829/2829/2829 2824/2824/2824 2833/2833/2833 
f 2824/2824/2824 2834/2834/2834 2833/2833/2833 
f 2833/2833/2833 2834/2834/2834 2835/2835/2835 
f 2834/2834/2834 2836/2836/2836 2835/2835/2835 
f 2835/2835/2835 2836/2836/2836 2837/2837/2837 
f 2836/2836/2836 2838/2838/2838 2837/2837/2837 
f 2837/2837/2837 2838/2838/2838 2839/2839/2839 
f 2838/2838/2838 2839/2839/2839 2839/2839/2839 
f 2839/2839/2839 2839/2839/2839 2824/2824/2824 
f 2839/2839/2839 2824/2824/2824 2824/2824/2824 
f 2824/2824/2824 2824/2824/2824 2824/2824/2824 
f 2824/2824/2824 2818/2818/2818 2824/2824/2824 
f 2824/2824/2824 2818/2818/2818 2834/2834/2834 
f 2818/2818/2818 2840/2840/2840 2834/2834/2834 
f 2834/2834/2834 2840/2840/2840 2836/2836/2836 
f 2840/2840/2840 2841/2841/2841 2836/2836/2836 
f 2836/2836/2836 2841/2841/2841 2838/2838/2838 
f 2841/2841/2841 2838/2838/2838 2838/2838/2838 
f 2838/2838/2838 2838/2838/2838 2818/2818/2818 
f 2838/2838/2838 2818/2818/2818 2818/2818/2818 
f 2818/2818/2818 2818/2818/2818 2818/2818/2818 
f 2818/2818/2818 2812/2812/2812 2818/2818/2818 
f 2818/2818/2818 2812/2812/2812 2840/2840/2840 
f 2812/2812/2812 2842/2842/2842 2840/2840/2840 
f 2840/2840/2840 2842/2842/2842 2841/2841/2841 
f 2842/2842/2842 2843/2843/2843 2841/2841/2841 
f 2841/2841/2841 2843/2843/2843 2843/2843/2843 
f 2843/2843/2843 2842/2842/2842 2843/2843/2843 
f 2843/2843/2843 2842/2842/2842 2844/2844/2844 
f 2842/2842/2842 2805/2805/2805 2844/2844/2844 
f 2844/2844/2844 2805/2805/2805 2790/2790/2790 
f 2805/2805/2805 2790/2790/2790 2790/2790/2790 
f 2790/2790/2790 2790/2790/2790 2776/2776/2776 
f 2790/2790/2790 2776/2776/2776 2776/2776/2776 
f 2776/2776/2776 2776/2776/2776 2776/2776/2776 
f 2776/2776/2776 2774/2774/2774 2776/2776/2776 
f 2776/2776/2776 2774/2774/2774 2845/2845/2845 
f 2774/2774/2774 2846/2846/2846 2845/2845/2845 
f 2845/2845/2845 2846/2846/2846 2847/2847/2847 
f 2846/2846/2846 2848/2848/2848 2847/2847/2847 
f 2847/2847/2847 2848/2848/2848 2849/2849/2849 
f 2848/2848/2848 2850/2850/2850 2849/2849/2849 
f 2849/2849/2849 2850/2850/2850 2851/2851/2851 
f 2850/2850/2850 2852/2852/2852 2851/2851/2851 
f 2851/2851/2851 2852/2852/2852 2853/2853/2853 
f 2852/2852/2852 2854/2854/2854 2853/2853/2853 
f 2853/2853/2853 2854/2854/2854 2855/2855/2855 
f 2854/2854/2854 2856/2856/2856 2855/2855/2855 
f 2855/2855/2855 2856/2856/2856 2857/2857/2857 
f 2856/2856/2856 2858/2858/2858 2857/2857/2857 
f 2857/2857/2857 2858/2858/2858 2859/2859/2859 
f 2858/2858/2858 2860/2860/2860 2859/2859/2859 
f 2859/2859/2859 2860/2860/2860 2861/2861/2861 
f 2860/2860/2860 2862/2862/2862 2861/2861/2861 
f 2861/2861/2861 2862/2862/2862 2863/2863/2863 
f 2862/2862/2862 2863/2863/2863 2863/2863/2863 
f 2863/2863/2863 2863/2863/2863 2848/2848/2848 
f 2863/2863/2863 2848/2848/2848 2848/2848/2848 
f 2848/2848/2848 2848/2848/2848 2848/2848/2848 
f 2848/2848/2848 2864/2864/2864 2848/2848/2848 
f 2848/2848/2848 2864/2864/2864 2850/2850/2850 
f 2864/2864/2864 2865/2865/2865 2850/2850/2850 
f 2850/2850/2850 2865/2865/2865 2852/2852/2852 
f 2865/2865/2865 2866/2866/2866 2852/2852/2852 
f 2852/2852/2852 2866/2866/2866 2854/2854/2854 
f 2866/2866/2866 2867/2867/2867 2854/2854/2854 
f 2854/2854/2854 2867/2867/2867 2856/2856/2856 
f 2867/2867/2867 2785/2785/2785 2856/2856/2856 
f 2856/2856/2856 2785/2785/2785 2868/2868/2868 
f 2785/2785/2785 2787/2787/2787 2868/2868/2868 
f 2868/2868/2868 2787/2787/2787 2869/2869/2869 
f 2787/2787/2787 2870/2870/2870 2869/2869/2869 
f 2869/2869/2869 2870/2870/2870 2862/2862/2862 
f 2870/2870/2870 2862/2862/2862 2862/2862/2862 
f 2862/2862/2862 2862/2862/2862 2866/2866/2866 
f 2862/2862/2862 2866/2866/2866 2866/2866/2866 
f 2866/2866/2866 2866/2866/2866 2866/2866/2866 
f 2866/2866/2866 2865/2865/2865 2866/2866/2866 
f 2866/2866/2866 2865/2865/2865 2778/2778/2778 
f 2865/2865/2865 2864/2864/2864 2778/2778/2778 
f 2778/2778/2778 2864/2864/2864 2777/2777/2777 
f 2864/2864/2864 2846/2846/2846 2777/2777/2777 
f 2777/2777/2777 2846/2846/2846 2774/2774/2774 
f 2846/2846/2846 2774/2774/2774 2774/2774/2774 
f 2774/2774/2774 2774/2774/2774 2778/2778/2778 
f 2774/2774/2774 2778/2778/2778 2778/2778/2778 
f 2778/2778/2778 2778/2778/2778 2778/2778/2778 
f 2778/2778/2778 2779/2779/2779 2778/2778/2778 
f 2778/2778/2778 2779/2779/2779 2866/2866/2866 
f 2779/2779/2779 2781/2781/2781 2866/2866/2866 
f 2866/2866/2866 2781/2781/2781 2867/2867/2867 
f 2781/2781/2781 2785/2785/2785 2867/2867/2867 
f 2867/2867/2867 2785/2785/2785 2785/2785/2785 
f 2785/2785/2785 2868/2868/2868 2785/2785/2785 
f 2785/2785/2785 2868/2868/2868 2868/2868/2868 
f 2868/2868/2868 2869/2869/2869 2868/2868/2868 
f 2868/2868/2868 2869/2869/2869 2856/2856/2856 
f 2869/2869/2869 2858/2858/2858 2856/2856/2856 
f 2856/2856/2856 2858/2858/2858 2858/2858/2858 
f 2858/2858/2858 2869/2869/2869 2858/2858/2858 
f 2858/2858/2858 2869/2869/2869 2860/2860/2860 
f 2869/2869/2869 2862/2862/2862 2860/2860/2860 
f 2860/2860/2860 2862/2862/2862 2862/2862/2862 
f 2862/2862/2862 2863/2863/2863 2862/2862/2862 
f 2862/2862/2862 2863/2863/2863 2863/2863/2863 
f 2863/2863/2863 2871/2871/2871 2863/2863/2863 
f 2863/2863/2863 2871/2871/2871 2861/2861/2861 
f 2871/2871/2871 2872/2872/2872 2861/2861/2861 
f 2861/2861/2861 2872/2872/2872 2873/2873/2873 
f 2872/2872/2872 2874/2874/2874 2873/2873/2873 
f 2873/2873/2873 2874/2874/2874 2875/2875/2875 
f 2874/2874/2874 2876/2876/2876 2875/2875/2875 
f 2875/2875/2875 2876/2876/2876 2877/2877/2877 
f 2876/2876/2876 2878/2878/2878 2877/2877/2877 
f 2877/2877/2877 2878/2878/2878 2879/2879/2879 
f 2878/2878/2878 2880/2880/2880 2879/2879/2879 
f 2879/2879/2879 2880/2880/2880 2881/2881/2881 
f 2880/2880/2880 2882/2882/2882 2881/2881/2881 
f 2881/2881/2881 2882/2882/2882 2883/2883/2883 
f 2882/2882/2882 2884/2884/2884 2883/2883/2883 
f 2883/2883/2883 2884/2884/2884 2885/2885/2885 
f 2884/2884/2884 2886/2886/2886 2885/2885/2885 
f 2885/2885/2885 2886/2886/2886 2887/2887/2887 
f 2886/2886/2886 2888/2888/2888 2887/2887/2887 
f 2887/2887/2887 2888/2888/2888 2889/2889/2889 
f 2888/2888/2888 2890/2890/2890 2889/2889/2889 
f 2889/2889/2889 2890/2890/2890 2891/2891/2891 
f 2890/2890/2890 2892/2892/2892 2891/2891/2891 
f 2891/2891/2891 2892/2892/2892 2893/2893/2893 
f 2892/2892/2892 2894/2894/2894 2893/2893/2893 
f 2893/2893/2893 2894/2894/2894 2895/2895/2895 
f 2894/2894/2894 2896/2896/2896 2895/2895/2895 
f 2895/2895/2895 2896/2896/2896 2897/2897/2897 
f 2896/2896/2896 2898/2898/2898 2897/2897/2897 
f 2897/2897/2897 2898/2898/2898 2899/2899/2899 
f 2898/2898/2898 2900/2900/2900 2899/2899/2899 
f 2899/2899/2899 2900/2900/2900 2901/2901/2901 
f 2900/2900/2900 2902/2902/2902 2901/2901/2901 
f 2901/2901/2901 2902/2902/2902 2903/2903/2903 
f 2902/2902/2902 2904/2904/2904 2903/2903/2903 
f 2903/2903/2903 2904/2904/2904 2905/2905/2905 
f 2904/2904/2904 2906/2906/2906 2905/2905/2905 
f 2905/2905/2905 2906/2906/2906 2907/2907/2907 
f 2906/2906/2906 2908/2908/2908 2907/2907/2907 
f 2907/2907/2907 2908/2908/2908 2909/2909/2909 
f 2908/2908/2908 2910/2910/2910 2909/2909/2909 
f 2909/2909/2909 2910/2910/2910 2911/2911/2911 
f 2910/2910/2910 2912/2912/2912 2911/2911/2911 
f 2911/2911/2911 2912/2912/2912 2913/2913/2913 
f 2912/2912/2912 2914/2914/2914 2913/2913/2913 
f 2913/2913/2913 2914/2914/2914 2915/2915/2915 
f 2914/2914/2914 2916/2916/2916 2915/2915/2915 
f 2915/2915/2915 2916/2916/2916 2917/2917/2917 
f 2916/2916/2916 2918/2918/2918 2917/2917/2917 
f 2917/2917/2917 2918/2918/2918 2919/2919/2919 
f 2918/2918/2918 2919/2919/2919 2919/2919/2919 
f 2919/2919/2919 2919/2919/2919 2897/2897/2897 
f 2919/2919/2919 2897/2897/2897 2897/2897/2897 
f 2897/2897/2897 2897/2897/2897 2897/2897/2897 
f 2897/2897/2897 2920/2920/2920 2897/2897/2897 
f 2897/2897/2897 2920/2920/2920 2895/2895/2895 
f 2920/2920/2920 2921/2921/2921 2895/2895/2895 
f 2895/2895/2895 2921/2921/2921 2893/2893/2893 
f 2921/2921/2921 2922/2922/2922 2893/2893/2893 
f 2893/2893/2893 2922/2922/2922 2891/2891/2891 
f 2922/2922/2922 2923/2923/2923 2891/2891/2891 
f 2891/2891/2891 2923/2923/2923 2889/2889/2889 
f 2923/2923/2923 2924/2924/2924 2889/2889/2889 
f 2889/2889/2889 2924/2924/2924 2887/2887/2887 
f 2924/2924/2924 2925/2925/2925 2887/2887/2887 
f 2887/2887/2887 2925/2925/2925 2885/2885/2885 
f 2925/2925/2925 2926/2926/2926 2885/2885/2885 
f 2885/2885/2885 2926/2926/2926 2883/2883/2883 
f 2926/2926/2926 2927/2927/2927 2883/2883/2883 
f 2883/2883/2883 2927/2927/2927 2928/2928/2928 
f 2927/2927/2927 2929/2929/2929 2928/2928/2928 
f 2928/2928/2928 2929/2929/2929 2930/2930/2930 
f 2929/2929/2929 2931/2931/2931 2930/2930/2930 
f 2930/2930/2930 2931/2931/2931 2932/2932/2932 
f 2931/2931/2931 2933/2933/2933 2932/2932/2932 
f 2932/2932/2932 2933/2933/2933 2934/2934/2934 
f 2933/2933/2933 2935/2935/2935 2934/2934/2934 
f 2934/2934/2934 2935/2935/2935 2936/2936/2936 
f 2935/2935/2935 2937/2937/2937 2936/2936/2936 
f 2936/2936/2936 2937/2937/2937 2938/2938/2938 
f 2937/2937/2937 2939/2939/2939 2938/2938/2938 
f 2938/2938/2938 2939/2939/2939 2940/2940/2940 
f 2939/2939/2939 2941/2941/2941 2940/2940/2940 
f 2940/2940/2940 2941/2941/2941 2942/2942/2942 
f 2941/2941/2941 2943/2943/2943 2942/2942/2942 
f 2942/2942/2942 2943/2943/2943 2853/2853/2853 
f 2943/2943/2943 2851/2851/2851 2853/2853/2853 
f 2853/2853/2853 2851/2851/2851 2851/2851/2851 
f 2851/2851/2851 2929/2929/2929 2851/2851/2851 
f 2851/2851/2851 2929/2929/2929 2929/2929/2929 
f 2929/2929/2929 2927/2927/2927 2929/2929/2929 
f 2929/2929/2929 2927/2927/2927 2944/2944/2944 
f 2927/2927/2927 2926/2926/2926 2944/2944/2944 
f 2944/2944/2944 2926/2926/2926 2945/2945/2945 
f 2926/2926/2926 2925/2925/2925 2945/2945/2945 
f 2945/2945/2945 2925/2925/2925 2946/2946/2946 
f 2925/2925/2925 2924/2924/2924 2946/2946/2946 
f 2946/2946/2946 2924/2924/2924 2947/2947/2947 
f 2924/2924/2924 2923/2923/2923 2947/2947/2947 
f 2947/2947/2947 2923/2923/2923 2948/2948/2948 
f 2923/2923/2923 2922/2922/2922 2948/2948/2948 
f 2948/2948/2948 2922/2922/2922 2949/2949/2949 
f 2922/2922/2922 2921/2921/2921 2949/2949/2949 
f 2949/2949/2949 2921/2921/2921 2950/2950/2950 
f 2921/2921/2921 2920/2920/2920 2950/2950/2950 
f 2950/2950/2950 2920/2920/2920 2951/2951/2951 
f 2920/2920/2920 2952/2952/2952 2951/2951/2951 
f 2951/2951/2951 2952/2952/2952 2953/2953/2953 
f 2952/2952/2952 2954/2954/2954 2953/2953/2953 
f 2953/2953/2953 2954/2954/2954 2955/2955/2955 
f 2954/2954/2954 2956/2956/2956 2955/2955/2955 
f 2955/2955/2955 2956/2956/2956 2957/2957/2957 
f 2956/2956/2956 2958/2958/2958 2957/2957/2957 
f 2957/2957/2957 2958/2958/2958 2959/2959/2959 
f 2958/2958/2958 2960/2960/2960 2959/2959/2959 
f 2959/2959/2959 2960/2960/2960 2961/2961/2961 
f 2960/2960/2960 2962/2962/2962 2961/2961/2961 
f 2961/2961/2961 2962/2962/2962 2963/2963/2963 
f 2962/2962/2962 2964/2964/2964 2963/2963/2963 
f 2963/2963/2963 2964/2964/2964 2965/2965/2965 
f 2964/2964/2964 2966/2966/2966 2965/2965/2965 
f 2965/2965/2965 2966/2966/2966 2967/2967/2967 
f 2966/2966/2966 2968/2968/2968 2967/2967/2967 
f 2967/2967/2967 2968/2968/2968 2969/2969/2969 
f 2968/2968/2968 2970/2970/2970 2969/2969/2969 
f 2969/2969/2969 2970/2970/2970 2971/2971/2971 
f 2970/2970/2970 2972/2972/2972 2971/2971/2971 
f 2971/2971/2971 2972/2972/2972 2973/2973/2973 
f 2972/2972/2972 2973/2973/2973 2973/2973/2973 
f 2973/2973/2973 2973/2973/2973 2968/2968/2968 
f 2973/2973/2973 2968/2968/2968 2968/2968/2968 
f 2968/2968/2968 2968/2968/2968 2968/2968/2968 
f 2968/2968/2968 2966/2966/2966 2968/2968/2968 
f 2968/2968/2968 2966/2966/2966 2913/2913/2913 
f 2966/2966/2966 2964/2964/2964 2913/2913/2913 
f 2913/2913/2913 2964/2964/2964 2911/2911/2911 
f 2964/2964/2964 2962/2962/2962 2911/2911/2911 
f 2911/2911/2911 2962/2962/2962 2909/2909/2909 
f 2962/2962/2962 2960/2960/2960 2909/2909/2909 
f 2909/2909/2909 2960/2960/2960 2907/2907/2907 
f 2960/2960/2960 2958/2958/2958 2907/2907/2907 
f 2907/2907/2907 2958/2958/2958 2905/2905/2905 
f 2958/2958/2958 2956/2956/2956 2905/2905/2905 
f 2905/2905/2905 2956/2956/2956 2903/2903/2903 
f 2956/2956/2956 2954/2954/2954 2903/2903/2903 
f 2903/2903/2903 2954/2954/2954 2901/2901/2901 
f 2954/2954/2954 2952/2952/2952 2901/2901/2901 
f 2901/2901/2901 2952/2952/2952 2899/2899/2899 
f 2952/2952/2952 2920/2920/2920 2899/2899/2899 
f 2899/2899/2899 2920/2920/2920 2897/2897/2897 
f 2920/2920/2920 2897/2897/2897 2897/2897/2897 
f 2897/2897/2897 2897/2897/2897 2913/2913/2913 
f 2897/2897/2897 2913/2913/2913 2913/2913/2913 
f 2913/2913/2913 2913/2913/2913 2913/2913/2913 
f 2913/2913/2913 2915/2915/2915 2913/2913/2913 
f 2913/2913/2913 2915/2915/2915 2968/2968/2968 
f 2915/2915/2915 2970/2970/2970 2968/2968/2968 
f 2968/2968/2968 2970/2970/2970 2970/2970/2970 
f 2970/2970/2970 2915/2915/2915 2970/2970/2970 
f 2970/2970/2970 2915/2915/2915 2915/2915/2915 
f 2915/2915/2915 2917/2917/2917 2915/2915/2915 
f 2915/2915/2915 2917/2917/2917 2970/2970/2970 
f 2917/2917/2917 2919/2919/2919 2970/2970/2970 
f 2970/2970/2970 2919/2919/2919 2972/2972/2972 
f 2919/2919/2919 2972/2972/2972 2972/2972/2972 
f 2972/2972/2972 2972/2972/2972 2872/2872/2872 
f 2972/2972/2972 2872/2872/2872 2872/2872/2872 
f 2872/2872/2872 2872/2872/2872 2872/2872/2872 
f 2872/2872/2872 2871/2871/2871 2872/2872/2872 
f 2872/2872/2872 2871/2871/2871 2874/2874/2874 
f 2871/2871/2871 2974/2974/2974 2874/2874/2874 
f 2874/2874/2874 2974/2974/2974 2975/2975/2975 
f 2974/2974/2974 2975/2975/2975 2975/2975/2975 
f 2975/2975/2975 2975/2975/2975 2874/2874/2874 
f 2975/2975/2975 2874/2874/2874 2874/2874/2874 
f 2874/2874/2874 2874/2874/2874 2874/2874/2874 
f 2874/2874/2874 2975/2975/2975 2874/2874/2874 
f 2874/2874/2874 2975/2975/2975 2876/2876/2876 
f 2975/2975/2975 2878/2878/2878 2876/2876/2876 
f 2876/2876/2876 2878/2878/2878 2878/2878/2878 
f 2878/2878/2878 2975/2975/2975 2878/2878/2878 
f 2878/2878/2878 2975/2975/2975 2975/2975/2975 
f 2975/2975/2975 2976/2976/2976 2975/2975/2975 
f 2975/2975/2975 2976/2976/2976 2878/2878/2878 
f 2976/2976/2976 2880/2880/2880 2878/2878/2878 
f 2878/2878/2878 2880/2880/2880 2880/2880/2880 
f 2880/2880/2880 2976/2976/2976 2880/2880/2880 
f 2880/2880/2880 2976/2976/2976 2976/2976/2976 
f 2976/2976/2976 2977/2977/2977 2976/2976/2976 
f 2976/2976/2976 2977/2977/2977 2880/2880/2880 
f 2977/2977/2977 2978/2978/2978 2880/2880/2880 
f 2880/2880/2880 2978/2978/2978 2882/2882/2882 
f 2978/2978/2978 2884/2884/2884 2882/2882/2882 
f 2882/2882/2882 2884/2884/2884 2884/2884/2884 
f 2884/2884/2884 2978/2978/2978 2884/2884/2884 
f 2884/2884/2884 2978/2978/2978 2978/2978/2978 
f 2978/2978/2978 2979/2979/2979 2978/2978/2978 
f 2978/2978/2978 2979/2979/2979 2884/2884/2884 
f 2979/2979/2979 2886/2886/2886 2884/2884/2884 
f 2884/2884/2884 2886/2886/2886 2886/2886/2886 
f 2886/2886/2886 2979/2979/2979 2886/2886/2886 
f 2886/2886/2886 2979/2979/2979 2979/2979/2979 
f 2979/2979/2979 2980/2980/2980 2979/2979/2979 
f 2979/2979/2979 2980/2980/2980 2886/2886/2886 
f 2980/2980/2980 2888/2888/2888 2886/2886/2886 
f 2886/2886/2886 2888/2888/2888 2888/2888/2888 
f 2888/2888/2888 2980/2980/2980 2888/2888/2888 
f 2888/2888/2888 2980/2980/2980 2980/2980/2980 
f 2980/2980/2980 2981/2981/2981 2980/2980/2980 
f 2980/2980/2980 2981/2981/2981 2888/2888/2888 
f 2981/2981/2981 2890/2890/2890 2888/2888/2888 
f 2888/2888/2888 2890/2890/2890 2890/2890/2890 
f 2890/2890/2890 2981/2981/2981 2890/2890/2890 
f 2890/2890/2890 2981/2981/2981 2981/2981/2981 
f 2981/2981/2981 2982/2982/2982 2981/2981/2981 
f 2981/2981/2981 2982/2982/2982 2890/2890/2890 
f 2982/2982/2982 2892/2892/2892 2890/2890/2890 
f 2890/2890/2890 2892/2892/2892 2892/2892/2892 
f 2892/2892/2892 2982/2982/2982 2892/2892/2892 
f 2892/2892/2892 2982/2982/2982 2982/2982/2982 
f 2982/2982/2982 2983/2983/2983 2982/2982/2982 
f 2982/2982/2982 2983/2983/2983 2892/2892/2892 
f 2983/2983/2983 2894/2894/2894 2892/2892/2892 
f 2892/2892/2892 2894/2894/2894 2894/2894/2894 
f 2894/2894/2894 2983/2983/2983 2894/2894/2894 
f 2894/2894/2894 2983/2983/2983 2983/2983/2983 
f 2983/2983/2983 2984/2984/2984 2983/2983/2983 
f 2983/2983/2983 2984/2984/2984 2894/2894/2894 
f 2984/2984/2984 2896/2896/2896 2894/2894/2894 
f 2894/2894/2894 2896/2896/2896 2896/2896/2896 
f 2896/2896/2896 2984/2984/2984 2896/2896/2896 
f 2896/2896/2896 2984/2984/2984 2984/2984/2984 
f 2984/2984/2984 2985/2985/2985 2984/2984/2984 
f 2984/2984/2984 2985/2985/2985 2896/2896/2896 
f 2985/2985/2985 2898/2898/2898 2896/2896/2896 
f 2896/2896/2896 2898/2898/2898 2898/2898/2898 
f 2898/2898/2898 2985/2985/2985 2898/2898/2898 
f 2898/2898/2898 2985/2985/2985 2985/2985/2985 
f 2985/2985/2985 2986/2986/2986 2985/2985/2985 
f 2985/2985/2985 2986/2986/2986 2898/2898/2898 
f 2986/2986/2986 2987/2987/2987 2898/2898/2898 
f 2898/2898/2898 2987/2987/2987 2900/2900/2900 
f 2987/2987/2987 2902/2902/2902 2900/2900/2900 
f 2900/2900/2900 2902/2902/2902 2902/2902/2902 
f 2902/2902/2902 2987/2987/2987 2902/2902/2902 
f 2902/2902/2902 2987/2987/2987 2987/2987/2987 
f 2987/2987/2987 2988/2988/2988 2987/2987/2987 
f 2987/2987/2987 2988/2988/2988 2902/2902/2902 
f 2988/2988/2988 2989/2989/2989 2902/2902/2902 
f 2902/2902/2902 2989/2989/2989 2904/2904/2904 
f 2989/2989/2989 2906/2906/2906 2904/2904/2904 
f 2904/2904/2904 2906/2906/2906 2906/2906/2906 
f 2906/2906/2906 2989/2989/2989 2906/2906/2906 
f 2906/2906/2906 2989/2989/2989 2989/2989/2989 
f 2989/2989/2989 2990/2990/2990 2989/2989/2989 
f 2989/2989/2989 2990/2990/2990 2906/2906/2906 
f 2990/2990/2990 2991/2991/2991 2906/2906/2906 
f 2906/2906/2906 2991/2991/2991 2908/2908/2908 
f 2991/2991/2991 2910/2910/2910 2908/2908/2908 
f 2908/2908/2908 2910/2910/2910 2910/2910/2910 
f 2910/2910/2910 2991/2991/2991 2910/2910/2910 
f 2910/2910/2910 2991/2991/2991 2991/2991/2991 
f 2991/2991/2991 2992/2992/2992 2991/2991/2991 
f 2991/2991/2991 2992/2992/2992 2910/2910/2910 
f 2992/2992/2992 2993/2993/2993 2910/2910/2910 
f 2910/2910/2910 2993/2993/2993 2912/2912/2912 
f 2993/2993/2993 2914/2914/2914 2912/2912/2912 
f 2912/2912/2912 2914/2914/2914 2914/2914/2914 
f 2914/2914/2914 2993/2993/2993 2914/2914/2914 
f 2914/2914/2914 2993/2993/2993 2993/2993/2993 
f 2993/2993/2993 2994/2994/2994 2993/2993/2993 
f 2993/2993/2993 2994/2994/2994 2914/2914/2914 
f 2994/2994/2994 2916/2916/2916 2914/2914/2914 
f 2914/2914/2914 2916/2916/2916 2916/2916/2916 
f 2916/2916/2916 2994/2994/2994 2916/2916/2916 
f 2916/2916/2916 2994/2994/2994 2994/2994/2994 
f 2994/2994/2994 2995/2995/2995 2994/2994/2994 
f 2994/2994/2994 2995/2995/2995 2916/2916/2916 
f 2995/2995/2995 2996/2996/2996 2916/2916/2916 
f 2916/2916/2916 2996/2996/2996 2918/2918/2918 
f 2996/2996/2996 2918/2918/2918 2918/2918/2918 
f 2918/2918/2918 2918/2918/2918 2883/2883/2883 
f 2918/2918/2918 2883/2883/2883 2883/2883/2883 
f 2883/2883/2883 2883/2883/2883 2883/2883/2883 
f 2883/2883/2883 2928/2928/2928 2883/2883/2883 
f 2883/2883/2883 2928/2928/2928 2881/2881/2881 
f 2928/2928/2928 2997/2997/2997 2881/2881/2881 
f 2881/2881/2881 2997/2997/2997 2879/2879/2879 
f 2997/2997/2997 2998/2998/2998 2879/2879/2879 
f 2879/2879/2879 2998/2998/2998 2877/2877/2877 
f 2998/2998/2998 2999/2999/2999 2877/2877/2877 
f 2877/2877/2877 2999/2999/2999 2875/2875/2875 
f 2999/2999/2999 2873/2873/2873 2875/2875/2875 
f 2875/2875/2875 2873/2873/2873 2873/2873/2873 
f 2873/2873/2873 2998/2998/2998 2873/2873/2873 
f 2873/2873/2873 2998/2998/2998 2998/2998/2998 
f 2998/2998/2998 2934/2934/2934 2998/2998/2998 
f 2998/2998/2998 2934/2934/2934 2999/2999/2999 
f 2934/2934/2934 3000/3000/3000 2999/2999/2999 
f 2999/2999/2999 3000/3000/3000 2873/2873/2873 
f 3000/3000/3000 3001/3001/3001 2873/2873/2873 
f 2873/2873/2873 3001/3001/3001 3002/3002/3002 
f 3001/3001/3001 3003/3003/3003 3002/3002/3002 
f 3002/3002/3002 3003/3003/3003 2859/2859/2859 
f 3003/3003/3003 2857/2857/2857 2859/2859/2859 
f 2859/2859/2859 2857/2857/2857 2857/2857/2857 
f 2857/2857/2857 3000/3000/3000 2857/2857/2857 
f 2857/2857/2857 3000/3000/3000 3000/3000/3000 
f 3000/3000/3000 2936/2936/2936 3000/3000/3000 
f 3000/3000/3000 2936/2936/2936 3001/3001/3001 
f 2936/2936/2936 2938/2938/2938 3001/3001/3001 
f 3001/3001/3001 2938/2938/2938 3003/3003/3003 
f 2938/2938/2938 2940/2940/2940 3003/3003/3003 
f 3003/3003/3003 2940/2940/2940 2942/2942/2942 
f 2940/2940/2940 2942/2942/2942 2942/2942/2942 
f 2942/2942/2942 2942/2942/2942 3003/3003/3003 
f 2942/2942/2942 3003/3003/3003 3003/3003/3003 
f 3003/3003/3003 3003/3003/3003 3003/3003/3003 
f 3003/3003/3003 2942/2942/2942 3003/3003/3003 
f 3003/3003/3003 2942/2942/2942 2857/2857/2857 
f 2942/2942/2942 2855/2855/2855 2857/2857/2857 
f 2857/2857/2857 2855/2855/2855 2855/2855/2855 
f 2855/2855/2855 2928/2928/2928 2855/2855/2855 
f 2855/2855/2855 2928/2928/2928 2928/2928/2928 
f 2928/2928/2928 2930/2930/2930 2928/2928/2928 
f 2928/2928/2928 2930/2930/2930 2997/2997/2997 
f 2930/2930/2930 2998/2998/2998 2997/2997/2997 
f 2997/2997/2997 2998/2998/2998 2998/2998/2998 
f 2998/2998/2998 2930/2930/2930 2998/2998/2998 
f 2998/2998/2998 2930/2930/2930 2930/2930/2930 
f 2930/2930/2930 2932/2932/2932 2930/2930/2930 
f 2930/2930/2930 2932/2932/2932 2998/2998/2998 
f 2932/2932/2932 2934/2934/2934 2998/2998/2998 
f 2998/2998/2998 2934/2934/2934 2934/2934/2934 
f 2934/2934/2934 2873/2873/2873 2934/2934/2934 
f 2934/2934/2934 2873/2873/2873 2873/2873/2873 
f 2873/2873/2873 3002/3002/3002 2873/2873/2873 
f 2873/2873/2873 3002/3002/3002 2861/2861/2861 
f 3002/3002/3002 2859/2859/2859 2861/2861/2861 
f 2861/2861/2861 2859/2859/2859 2859/2859/2859 
f 2859/2859/2859 2847/2847/2847 2859/2859/2859 
f 2859/2859/2859 2847/2847/2847 2847/2847/2847 
f 2847/2847/2847 2849/2849/2849 2847/2847/2847 
f 2847/2847/2847 2849/2849/2849 3004/3004/3004 
f 2849/2849/2849 3005/3005/3005 3004/3004/3004 
f 3004/3004/3004 3005/3005/3005 3006/3006/3006 
f 3005/3005/3005 3007/3007/3007 3006/3006/3006 
f 3006/3006/3006 3007/3007/3007 3008/3008/3008 
f 3007/3007/3007 3009/3009/3009 3008/3008/3008 
f 3008/3008/3008 3009/3009/3009 3010/3010/3010 
f 3009/3009/3009 3011/3011/3011 3010/3010/3010 
f 3010/3010/3010 3011/3011/3011 3012/3012/3012 
f 3011/3011/3011 3013/3013/3013 3012/3012/3012 
f 3012/3012/3012 3013/3013/3013 3014/3014/3014 
f 3013/3013/3013 3015/3015/3015 3014/3014/3014 
f 3014/3014/3014 3015/3015/3015 3016/3016/3016 
f 3015/3015/3015 3017/3017/3017 3016/3016/3016 
f 3016/3016/3016 3017/3017/3017 3018/3018/3018 
f 3017/3017/3017 3019/3019/3019 3018/3018/3018 
f 3018/3018/3018 3019/3019/3019 3020/3020/3020 
f 3019/3019/3019 3021/3021/3021 3020/3020/3020 
f 3020/3020/3020 3021/3021/3021 3022/3022/3022 
f 3021/3021/3021 3023/3023/3023 3022/3022/3022 
f 3022/3022/3022 3023/3023/3023 3024/3024/3024 
f 3023/3023/3023 3025/3025/3025 3024/3024/3024 
f 3024/3024/3024 3025/3025/3025 3026/3026/3026 
f 3025/3025/3025 3027/3027/3027 3026/3026/3026 
f 3026/3026/3026 3027/3027/3027 3028/3028/3028 
f 3027/3027/3027 3029/3029/3029 3028/3028/3028 
f 3028/3028/3028 3029/3029/3029 3030/3030/3030 
f 3029/3029/3029 3031/3031/3031 3030/3030/3030 
f 3030/3030/3030 3031/3031/3031 3032/3032/3032 
f 3031/3031/3031 3033/3033/3033 3032/3032/3032 
f 3032/3032/3032 3033/3033/3033 3034/3034/3034 
f 3033/3033/3033 3035/3035/3035 3034/3034/3034 
f 3034/3034/3034 3035/3035/3035 3036/3036/3036 
f 3035/3035/3035 3037/3037/3037 3036/3036/3036 
f 3036/3036/3036 3037/3037/3037 3038/3038/3038 
f 3037/3037/3037 3039/3039/3039 3038/3038/3038 
f 3038/3038/3038 3039/3039/3039 3040/3040/3040 
f 3039/3039/3039 3041/3041/3041 3040/3040/3040 
f 3040/3040/3040 3041/3041/3041 3042/3042/3042 
f 3041/3041/3041 3043/3043/3043 3042/3042/3042 
f 3042/3042/3042 3043/3043/3043 3044/3044/3044 
f 3043/3043/3043 3045/3045/3045 3044/3044/3044 
f 3044/3044/3044 3045/3045/3045 3046/3046/3046 
f 3045/3045/3045 3047/3047/3047 3046/3046/3046 
f 3046/3046/3046 3047/3047/3047 3048/3048/3048 
f 3047/3047/3047 3049/3049/3049 3048/3048/3048 
f 3048/3048/3048 3049/3049/3049 3050/3050/3050 
f 3049/3049/3049 3051/3051/3051 3050/3050/3050 
f 3050/3050/3050 3051/3051/3051 3052/3052/3052 
f 3051/3051/3051 3053/3053/3053 3052/3052/3052 
f 3052/3052/3052 3053/3053/3053 3054/3054/3054 
f 3053/3053/3053 3055/3055/3055 3054/3054/3054 
f 3054/3054/3054 3055/3055/3055 3056/3056/3056 
f 3055/3055/3055 3057/3057/3057 3056/3056/3056 
f 3056/3056/3056 3057/3057/3057 3058/3058/3058 
f 3057/3057/3057 3059/3059/3059 3058/3058/3058 
f 3058/3058/3058 3059/3059/3059 3060/3060/3060 
f 3059/3059/3059 3060/3060/3060 3060/3060/3060 
f 3060/3060/3060 3060/3060/3060 2849/2849/2849 
f 3060/3060/3060 2849/2849/2849 2849/2849/2849 
f 2849/2849/2849 2849/2849/2849 2849/2849/2849 
f 2849/2849/2849 2851/2851/2851 2849/2849/2849 
f 2849/2849/2849 2851/2851/2851 3005/3005/3005 
f 2851/2851/2851 2943/2943/2943 3005/3005/3005 
f 3005/3005/3005 2943/2943/2943 3007/3007/3007 
f 2943/2943/2943 2941/2941/2941 3007/3007/3007 
f 3007/3007/3007 2941/2941/2941 3009/3009/3009 
f 2941/2941/2941 2939/2939/2939 3009/3009/3009 
f 3009/3009/3009 2939/2939/2939 3011/3011/3011 
f 2939/2939/2939 2937/2937/2937 3011/3011/3011 
f 3011/3011/3011 2937/2937/2937 3013/3013/3013 
f 2937/2937/2937 2935/2935/2935 3013/3013/3013 
f 3013/3013/3013 2935/2935/2935 3015/3015/3015 
f 2935/2935/2935 2933/2933/2933 3015/3015/3015 
f 3015/3015/3015 2933/2933/2933 3017/3017/3017 
f 2933/2933/2933 2931/2931/2931 3017/3017/3017 
f 3017/3017/3017 2931/2931/2931 3019/3019/3019 
f 2931/2931/2931 3061/3061/3061 3019/3019/3019 
f 3019/3019/3019 3061/3061/3061 3021/3021/3021 
f 3061/3061/3061 3062/3062/3062 3021/3021/3021 
f 3021/3021/3021 3062/3062/3062 3023/3023/3023 
f 3062/3062/3062 3025/3025/3025 3023/3023/3023 
f 3023/3023/3023 3025/3025/3025 3025/3025/3025 
f 3025/3025/3025 2931/2931/2931 3025/3025/3025 
f 3025/3025/3025 2931/2931/2931 2931/2931/2931 
f 2931/2931/2931 2929/2929/2929 2931/2931/2931 
f 2931/2931/2931 2929/2929/2929 3061/3061/3061 
f 2929/2929/2929 2944/2944/2944 3061/3061/3061 
f 3061/3061/3061 2944/2944/2944 3062/3062/3062 
f 2944/2944/2944 2945/2945/2945 3062/3062/3062 
f 3062/3062/3062 2945/2945/2945 3063/3063/3063 
f 2945/2945/2945 3064/3064/3064 3063/3063/3063 
f 3063/3063/3063 3064/3064/3064 3027/3027/3027 
f 3064/3064/3064 3029/3029/3029 3027/3027/3027 
f 3027/3027/3027 3029/3029/3029 3029/3029/3029 
f 3029/3029/3029 2945/2945/2945 3029/3029/3029 
f 3029/3029/3029 2945/2945/2945 2945/2945/2945 
f 2945/2945/2945 2946/2946/2946 2945/2945/2945 
f 2945/2945/2945 2946/2946/2946 3064/3064/3064 
f 2946/2946/2946 2947/2947/2947 3064/3064/3064 
f 3064/3064/3064 2947/2947/2947 3065/3065/3065 
f 2947/2947/2947 3066/3066/3066 3065/3065/3065 
f 3065/3065/3065 3066/3066/3066 3031/3031/3031 
f 3066/3066/3066 3033/3033/3033 3031/3031/3031 
f 3031/3031/3031 3033/3033/3033 3033/3033/3033 
f 3033/3033/3033 2947/2947/2947 3033/3033/3033 
f 3033/3033/3033 2947/2947/2947 2947/2947/2947 
f 2947/2947/2947 2948/2948/2948 2947/2947/2947 
f 2947/2947/2947 2948/2948/2948 3066/3066/3066 
f 2948/2948/2948 2949/2949/2949 3066/3066/3066 
f 3066/3066/3066 2949/2949/2949 3067/3067/3067 
f 2949/2949/2949 3068/3068/3068 3067/3067/3067 
f 3067/3067/3067 3068/3068/3068 3035/3035/3035 
f 3068/3068/3068 3037/3037/3037 3035/3035/3035 
f 3035/3035/3035 3037/3037/3037 3037/3037/3037 
f 3037/3037/3037 2949/2949/2949 3037/3037/3037 
f 3037/3037/3037 2949/2949/2949 2949/2949/2949 
f 2949/2949/2949 2950/2950/2950 2949/2949/2949 
f 2949/2949/2949 2950/2950/2950 3068/3068/3068 
f 2950/2950/2950 2951/2951/2951 3068/3068/3068 
f 3068/3068/3068 2951/2951/2951 3069/3069/3069 
f 2951/2951/2951 2953/2953/2953 3069/3069/3069 
f 3069/3069/3069 2953/2953/2953 3070/3070/3070 
f 2953/2953/2953 2955/2955/2955 3070/3070/3070 
f 3070/3070/3070 2955/2955/2955 3071/3071/3071 
f 2955/2955/2955 2957/2957/2957 3071/3071/3071 
f 3071/3071/3071 2957/2957/2957 3072/3072/3072 
f 2957/2957/2957 2959/2959/2959 3072/3072/3072 
f 3072/3072/3072 2959/2959/2959 3073/3073/3073 
f 2959/2959/2959 2961/2961/2961 3073/3073/3073 
f 3073/3073/3073 2961/2961/2961 3074/3074/3074 
f 2961/2961/2961 2963/2963/2963 3074/3074/3074 
f 3074/3074/3074 2963/2963/2963 3075/3075/3075 
f 2963/2963/2963 2965/2965/2965 3075/3075/3075 
f 3075/3075/3075 2965/2965/2965 3076/3076/3076 
f 2965/2965/2965 2967/2967/2967 3076/3076/3076 
f 3076/3076/3076 2967/2967/2967 3077/3077/3077 
f 2967/2967/2967 2969/2969/2969 3077/3077/3077 
f 3077/3077/3077 2969/2969/2969 3078/3078/3078 
f 2969/2969/2969 3079/3079/3079 3078/3078/3078 
f 3078/3078/3078 3079/3079/3079 3057/3057/3057 
f 3079/3079/3079 3080/3080/3080 3057/3057/3057 
f 3057/3057/3057 3080/3080/3080 3059/3059/3059 
f 3080/3080/3080 3059/3059/3059 3059/3059/3059 
f 3059/3059/3059 3059/3059/3059 3069/3069/3069 
f 3059/3059/3059 3069/3069/3069 3069/3069/3069 
f 3069/3069/3069 3069/3069/3069 3069/3069/3069 
f 3069/3069/3069 3070/3070/3070 3069/3069/3069 
f 3069/3069/3069 3070/3070/3070 3039/3039/3039 
f 3070/3070/3070 3071/3071/3071 3039/3039/3039 
f 3039/3039/3039 3071/3071/3071 3041/3041/3041 
f 3071/3071/3071 3072/3072/3072 3041/3041/3041 
f 3041/3041/3041 3072/3072/3072 3043/3043/3043 
f 3072/3072/3072 3073/3073/3073 3043/3043/3043 
f 3043/3043/3043 3073/3073/3073 3045/3045/3045 
f 3073/3073/3073 3074/3074/3074 3045/3045/3045 
f 3045/3045/3045 3074/3074/3074 3047/3047/3047 
f 3074/3074/3074 3075/3075/3075 3047/3047/3047 
f 3047/3047/3047 3075/3075/3075 3049/3049/3049 
f 3075/3075/3075 3076/3076/3076 3049/3049/3049 
f 3049/3049/3049 3076/3076/3076 3051/3051/3051 
f 3076/3076/3076 3077/3077/3077 3051/3051/3051 
f 3051/3051/3051 3077/3077/3077 3053/3053/3053 
f 3077/3077/3077 3055/3055/3055 3053/3053/3053 
f 3053/3053/3053 3055/3055/3055 3055/3055/3055 
f 3055/3055/3055 3077/3077/3077 3055/3055/3055 
f 3055/3055/3055 3077/3077/3077 3077/3077/3077 
f 3077/3077/3077 3078/3078/3078 3077/3077/3077 
f 3077/3077/3077 3078/3078/3078 3055/3055/3055 
f 3078/3078/3078 3057/3057/3057 3055/3055/3055 
f 3055/3055/3055 3057/3057/3057 3057/3057/3057 
f 3057/3057/3057 3027/3027/3027 3057/3057/3057 
f 3057/3057/3057 3027/3027/3027 3027/3027/3027 
f 3027/3027/3027 3025/3025/3025 3027/3027/3027 
f 3027/3027/3027 3025/3025/3025 3063/3063/3063 
f 3025/3025/3025 3062/3062/3062 3063/3063/3063 
f 3063/3063/3063 3062/3062/3062 3062/3062/3062 
f 3062/3062/3062 3035/3035/3035 3062/3062/3062 
f 3062/3062/3062 3035/3035/3035 3035/3035/3035 
f 3035/3035/3035 3033/3033/3033 3035/3035/3035 
f 3035/3035/3035 3033/3033/3033 3067/3067/3067 
f 3033/3033/3033 3066/3066/3066 3067/3067/3067 
f 3067/3067/3067 3066/3066/3066 3066/3066/3066 
f 3066/3066/3066 3039/3039/3039 3066/3066/3066 
f 3066/3066/3066 3039/3039/3039 3039/3039/3039 
f 3039/3039/3039 3037/3037/3037 3039/3039/3039 
f 3039/3039/3039 3037/3037/3037 3069/3069/3069 
f 3037/3037/3037 3068/3068/3068 3069/3069/3069 
f 3069/3069/3069 3068/3068/3068 3068/3068/3068 
f 3068/3068/3068 3064/3064/3064 3068/3068/3068 
f 3068/3068/3068 3064/3064/3064 3064/3064/3064 
f 3064/3064/3064 3065/3065/3065 3064/3064/3064 
f 3064/3064/3064 3065/3065/3065 3029/3029/3029 
f 3065/3065/3065 3031/3031/3031 3029/3029/3029 
f 3029/3029/3029 3031/3031/3031 3031/3031/3031 
f 3031/3031/3031 3080/3080/3080 3031/3031/3031 
f 3031/3031/3031 3080/3080/3080 3080/3080/3080 
f 3080/3080/3080 3079/3079/3079 3080/3080/3080 
f 3080/3080/3080 3079/3079/3079 2973/2973/2973 
f 3079/3079/3079 2971/2971/2971 2973/2973/2973 
f 2973/2973/2973 2971/2971/2971 2971/2971/2971 
f 2971/2971/2971 3081/3081/3081 2971/2971/2971 
f 2971/2971/2971 3081/3081/3081 3081/3081/3081 
f 3081/3081/3081 3082/3082/3082 3081/3081/3081 
f 3081/3081/3081 3082/3082/3082 3083/3083/3083 
f 3082/3082/3082 3084/3084/3084 3083/3083/3083 
f 3083/3083/3083 3084/3084/3084 3085/3085/3085 
f 3084/3084/3084 3086/3086/3086 3085/3085/3085 
f 3085/3085/3085 3086/3086/3086 3087/3087/3087 
f 3086/3086/3086 3088/3088/3088 3087/3087/3087 
f 3087/3087/3087 3088/3088/3088 3089/3089/3089 
f 3088/3088/3088 3090/3090/3090 3089/3089/3089 
f 3089/3089/3089 3090/3090/3090 3091/3091/3091 
f 3090/3090/3090 3092/3092/3092 3091/3091/3091 
f 3091/3091/3091 3092/3092/3092 3093/3093/3093 
f 3092/3092/3092 3094/3094/3094 3093/3093/3093 
f 3093/3093/3093 3094/3094/3094 3095/3095/3095 
f 3094/3094/3094 3096/3096/3096 3095/3095/3095 
f 3095/3095/3095 3096/3096/3096 3097/3097/3097 
f 3096/3096/3096 3098/3098/3098 3097/3097/3097 
f 3097/3097/3097 3098/3098/3098 3099/3099/3099 
f 3098/3098/3098 3100/3100/3100 3099/3099/3099 
f 3099/3099/3099 3100/3100/3100 3101/3101/3101 
f 3100/3100/3100 3102/3102/3102 3101/3101/3101 
f 3101/3101/3101 3102/3102/3102 3103/3103/3103 
f 3102/3102/3102 3104/3104/3104 3103/3103/3103 
f 3103/3103/3103 3104/3104/3104 3105/3105/3105 
f 3104/3104/3104 3106/3106/3106 3105/3105/3105 
f 3105/3105/3105 3106/3106/3106 3107/3107/3107 
f 3106/3106/3106 3108/3108/3108 3107/3107/3107 
f 3107/3107/3107 3108/3108/3108 3109/3109/3109 
f 3108/3108/3108 3110/3110/3110 3109/3109/3109 
f 3109/3109/3109 3110/3110/3110 3111/3111/3111 
f 3110/3110/3110 3112/3112/3112 3111/3111/3111 
f 3111/3111/3111 3112/3112/3112 3113/3113/3113 
f 3112/3112/3112 3114/3114/3114 3113/3113/3113 
f 3113/3113/3113 3114/3114/3114 3115/3115/3115 
f 3114/3114/3114 3116/3116/3116 3115/3115/3115 
f 3115/3115/3115 3116/3116/3116 3117/3117/3117 
f 3116/3116/3116 3118/3118/3118 3117/3117/3117 
f 3117/3117/3117 3118/3118/3118 3119/3119/3119 
f 3118/3118/3118 3120/3120/3120 3119/3119/3119 
f 3119/3119/3119 3120/3120/3120 3121/3121/3121 
f 3120/3120/3120 3122/3122/3122 3121/3121/3121 
f 3121/3121/3121 3122/3122/3122 3122/3122/3122 
f 3122/3122/3122 3123/3123/3123 3122/3122/3122 
f 3122/3122/3122 3123/3123/3123 3123/3123/3123 
f 3123/3123/3123 3124/3124/3124 3123/3123/3123 
f 3123/3123/3123 3124/3124/3124 3125/3125/3125 
f 3124/3124/3124 3126/3126/3126 3125/3125/3125 
f 3125/3125/3125 3126/3126/3126 3127/3127/3127 
f 3126/3126/3126 3128/3128/3128 3127/3127/3127 
f 3127/3127/3127 3128/3128/3128 3129/3129/3129 
f 3128/3128/3128 3130/3130/3130 3129/3129/3129 
f 3129/3129/3129 3130/3130/3130 3131/3131/3131 
f 3130/3130/3130 3132/3132/3132 3131/3131/3131 
f 3131/3131/3131 3132/3132/3132 3133/3133/3133 
f 3132/3132/3132 3134/3134/3134 3133/3133/3133 
f 3133/3133/3133 3134/3134/3134 3135/3135/3135 
f 3134/3134/3134 3136/3136/3136 3135/3135/3135 
f 3135/3135/3135 3136/3136/3136 3137/3137/3137 
f 3136/3136/3136 3138/3138/3138 3137/3137/3137 
f 3137/3137/3137 3138/3138/3138 3139/3139/3139 
f 3138/3138/3138 3140/3140/3140 3139/3139/3139 
f 3139/3139/3139 3140/3140/3140 3141/3141/3141 
f 3140/3140/3140 3142/3142/3142 3141/3141/3141 
f 3141/3141/3141 3142/3142/3142 3143/3143/3143 
f 3142/3142/3142 3144/3144/3144 3143/3143/3143 
f 3143/3143/3143 3144/3144/3144 3145/3145/3145 
f 3144/3144/3144 3146/3146/3146 3145/3145/3145 
f 3145/3145/3145 3146/3146/3146 3147/3147/3147 
f 3146/3146/3146 3148/3148/3148 3147/3147/3147 
f 3147/3147/3147 3148/3148/3148 3149/3149/3149 
f 3148/3148/3148 3150/3150/3150 3149/3149/3149 
f 3149/3149/3149 3150/3150/3150 3151/3151/3151 
f 3150/3150/3150 3152/3152/3152 3151/3151/3151 
f 3151/3151/3151 3152/3152/3152 3153/3153/3153 
f 3152/3152/3152 3154/3154/3154 3153/3153/3153 
f 3153/3153/3153 3154/3154/3154 3155/3155/3155 
f 3154/3154/3154 3156/3156/3156 3155/3155/3155 
f 3155/3155/3155 3156/3156/3156 3157/3157/3157 
f 3156/3156/3156 3158/3158/3158 3157/3157/3157 
f 3157/3157/3157 3158/3158/3158 3159/3159/3159 
f 3158/3158/3158 3160/3160/3160 3159/3159/3159 
f 3159/3159/3159 3160/3160/3160 3161/3161/3161 
f 3160/3160/3160 3162/3162/3162 3161/3161/3161 
f 3161/3161/3161 3162/3162/3162 3163/3163/3163 
f 3162/3162/3162 3164/3164/3164 3163/3163/3163 
f 3163/3163/3163 3164/3164/3164 3164/3164/3164 
f 3164/3164/3164 3124/3124/3124 3164/3164/3164 
f 3164/3164/3164 3124/3124/3124 3124/3124/3124 
f 3124/3124/3124 3165/3165/3165 3124/3124/3124 
f 3124/3124/3124 3165/3165/3165 3126/3126/3126 
f 3165/3165/3165 3166/3166/3166 3126/3126/3126 
f 3126/3126/3126 3166/3166/3166 3128/3128/3128 
f 3166/3166/3166 3167/3167/3167 3128/3128/3128 
f 3128/3128/3128 3167/3167/3167 3130/3130/3130 
f 3167/3167/3167 3168/3168/3168 3130/3130/3130 
f 3130/3130/3130 3168/3168/3168 3132/3132/3132 
f 3168/3168/3168 3169/3169/3169 3132/3132/3132 
f 3132/3132/3132 3169/3169/3169 3134/3134/3134 
f 3169/3169/3169 3170/3170/3170 3134/3134/3134 
f 3134/3134/3134 3170/3170/3170 3136/3136/3136 
f 3170/3170/3170 3171/3171/3171 3136/3136/3136 
f 3136/3136/3136 3171/3171/3171 3138/3138/3138 
f 3171/3171/3171 3172/3172/3172 3138/3138/3138 
f 3138/3138/3138 3172/3172/3172 3140/3140/3140 
f 3172/3172/3172 3173/3173/3173 3140/3140/3140 
f 3140/3140/3140 3173/3173/3173 3142/3142/3142 
f 3173/3173/3173 3174/3174/3174 3142/3142/3142 
f 3142/3142/3142 3174/3174/3174 3144/3144/3144 
f 3174/3174/3174 3175/3175/3175 3144/3144/3144 
f 3144/3144/3144 3175/3175/3175 3146/3146/3146 
f 3175/3175/3175 3176/3176/3176 3146/3146/3146 
f 3146/3146/3146 3176/3176/3176 3148/3148/3148 
f 3176/3176/3176 3177/3177/3177 3148/3148/3148 
f 3148/3148/3148 3177/3177/3177 3150/3150/3150 
f 3177/3177/3177 3178/3178/3178 3150/3150/3150 
f 3150/3150/3150 3178/3178/3178 3152/3152/3152 
f 3178/3178/3178 3179/3179/3179 3152/3152/3152 
f 3152/3152/3152 3179/3179/3179 3154/3154/3154 
f 3179/3179/3179 3180/3180/3180 3154/3154/3154 
f 3154/3154/3154 3180/3180/3180 3156/3156/3156 
f 3180/3180/3180 3181/3181/3181 3156/3156/3156 
f 3156/3156/3156 3181/3181/3181 3158/3158/3158 
f 3181/3181/3181 3182/3182/3182 3158/3158/3158 
f 3158/3158/3158 3182/3182/3182 3160/3160/3160 
f 3182/3182/3182 3183/3183/3183 3160/3160/3160 
f 3160/3160/3160 3183/3183/3183 3162/3162/3162 
f 3183/3183/3183 3184/3184/3184 3162/3162/3162 
f 3162/3162/3162 3184/3184/3184 3164/3164/3164 
f 3184/3184/3184 3164/3164/3164 3164/3164/3164 
f 3164/3164/3164 3164/3164/3164 3165/3165/3165 
f 3164/3164/3164 3165/3165/3165 3165/3165/3165 
f 3165/3165/3165 3165/3165/3165 3165/3165/3165 
f 3165/3165/3165 3185/3185/3185 3165/3165/3165 
f 3165/3165/3165 3185/3185/3185 3166/3166/3166 
f 3185/3185/3185 3186/3186/3186 3166/3166/3166 
f 3166/3166/3166 3186/3186/3186 3167/3167/3167 
f 3186/3186/3186 3187/3187/3187 3167/3167/3167 
f 3167/3167/3167 3187/3187/3187 3168/3168/3168 
f 3187/3187/3187 3188/3188/3188 3168/3168/3168 
f 3168/3168/3168 3188/3188/3188 3169/3169/3169 
f 3188/3188/3188 3189/3189/3189 3169/3169/3169 
f 3169/3169/3169 3189/3189/3189 3170/3170/3170 
f 3189/3189/3189 3190/3190/3190 3170/3170/3170 
f 3170/3170/3170 3190/3190/3190 3171/3171/3171 
f 3190/3190/3190 3191/3191/3191 3171/3171/3171 
f 3171/3171/3171 3191/3191/3191 3172/3172/3172 
f 3191/3191/3191 3192/3192/3192 3172/3172/3172 
f 3172/3172/3172 3192/3192/3192 3173/3173/3173 
f 3192/3192/3192 3193/3193/3193 3173/3173/3173 
f 3173/3173/3173 3193/3193/3193 3174/3174/3174 
f 3193/3193/3193 3194/3194/3194 3174/3174/3174 
f 3174/3174/3174 3194/3194/3194 3175/3175/3175 
f 3194/3194/3194 3195/3195/3195 3175/3175/3175 
f 3175/3175/3175 3195/3195/3195 3176/3176/3176 
f 3195/3195/3195 3196/3196/3196 3176/3176/3176 
f 3176/3176/3176 3196/3196/3196 3177/3177/3177 
f 3196/3196/3196 3197/3197/3197 3177/3177/3177 
f 3177/3177/3177 3197/3197/3197 3178/3178/3178 
f 3197/3197/3197 3198/3198/3198 3178/3178/3178 
f 3178/3178/3178 3198/3198/3198 3179/3179/3179 
f 3198/3198/3198 3199/3199/3199 3179/3179/3179 
f 3179/3179/3179 3199/3199/3199 3180/3180/3180 
f 3199/3199/3199 3200/3200/3200 3180/3180/3180 
f 3180/3180/3180 3200/3200/3200 3181/3181/3181 
f 3200/3200/3200 3201/3201/3201 3181/3181/3181 
f 3181/3181/3181 3201/3201/3201 3182/3182/3182 
f 3201/3201/3201 3202/3202/3202 3182/3182/3182 
f 3182/3182/3182 3202/3202/3202 3183/3183/3183 
f 3202/3202/3202 3203/3203/3203 3183/3183/3183 
f 3183/3183/3183 3203/3203/3203 3184/3184/3184 
f 3203/3203/3203 3184/3184/3184 3184/3184/3184 
f 3184/3184/3184 3184/3184/3184 3185/3185/3185 
f 3184/3184/3184 3185/3185/3185 3185/3185/3185 
f 3185/3185/3185 3185/3185/3185 3185/3185/3185 
f 3185/3185/3185 3204/3204/3204 3185/3185/3185 
f 3185/3185/3185 3204/3204/3204 3186/3186/3186 
f 3204/3204/3204 3205/3205/3205 3186/3186/3186 
f 3186/3186/3186 3205/3205/3205 3187/3187/3187 
f 3205/3205/3205 3206/3206/3206 3187/3187/3187 
f 3187/3187/3187 3206/3206/3206 3188/3188/3188 
f 3206/3206/3206 3207/3207/3207 3188/3188/3188 
f 3188/3188/3188 3207/3207/3207 3189/3189/3189 
f 3207/3207/3207 3208/3208/3208 3189/3189/3189 
f 3189/3189/3189 3208/3208/3208 3190/3190/3190 
f 3208/3208/3208 3209/3209/3209 3190/3190/3190 
f 3190/3190/3190 3209/3209/3209 3191/3191/3191 
f 3209/3209/3209 3210/3210/3210 3191/3191/3191 
f 3191/3191/3191 3210/3210/3210 3192/3192/3192 
f 3210/3210/3210 3211/3211/3211 3192/3192/3192 
f 3192/3192/3192 3211/3211/3211 3193/3193/3193 
f 3211/3211/3211 3212/3212/3212 3193/3193/3193 
f 3193/3193/3193 3212/3212/3212 3194/3194/3194 
f 3212/3212/3212 3213/3213/3213 3194/3194/3194 
f 3194/3194/3194 3213/3213/3213 3195/3195/3195 
f 3213/3213/3213 3214/3214/3214 3195/3195/3195 
f 3195/3195/3195 3214/3214/3214 3196/3196/3196 
f 3214/3214/3214 3215/3215/3215 3196/3196/3196 
f 3196/3196/3196 3215/3215/3215 3197/3197/3197 
f 3215/3215/3215 3216/3216/3216 3197/3197/3197 
f 3197/3197/3197 3216/3216/3216 3198/3198/3198 
f 3216/3216/3216 3217/3217/3217 3198/3198/3198 
f 3198/3198/3198 3217/3217/3217 3199/3199/3199 
f 3217/3217/3217 3218/3218/3218 3199/3199/3199 
f 3199/3199/3199 3218/3218/3218 3200/3200/3200 
f 3218/3218/3218 3219/3219/3219 3200/3200/3200 
f 3200/3200/3200 3219/3219/3219 3201/3201/3201 
f 3219/3219/3219 3220/3220/3220 3201/3201/3201 
f 3201/3201/3201 3220/3220/3220 3202/3202/3202 
f 3220/3220/3220 3221/3221/3221 3202/3202/3202 
f 3202/3202/3202 3221/3221/3221 3203/3203/3203 
f 3221/3221/3221 3222/3222/3222 3203/3203/3203 
f 3203/3203/3203 3222/3222/3222 3222/3222/3222 
f 3222/3222/3222 3204/3204/3204 3222/3222/3222 
f 3222/3222/3222 3204/3204/3204 3204/3204/3204 
f 3204/3204/3204 3185/3185/3185 3204/3204/3204 
f 3204/3204/3204 3185/3185/3185 3223/3223/3223 
f 3185/3185/3185 3224/3224/3224 3223/3223/3223 
f 3223/3223/3223 3224/3224/3224 3225/3225/3225 
f 3224/3224/3224 3226/3226/3226 3225/3225/3225 
f 3225/3225/3225 3226/3226/3226 3226/3226/3226 
f 3226/3226/3226 3224/3224/3224 3226/3226/3226 
f 3226/3226/3226 3224/3224/3224 3227/3227/3227 
f 3224/3224/3224 3165/3165/3165 3227/3227/3227 
f 3227/3227/3227 3165/3165/3165 3124/3124/3124 
f 3165/3165/3165 3124/3124/3124 3124/3124/3124 
f 3124/3124/3124 3124/3124/3124 3228/3228/3228 
f 3124/3124/3124 3228/3228/3228 3228/3228/3228 
f 3228/3228/3228 3228/3228/3228 3228/3228/3228 
f 3228/3228/3228 3229/3229/3229 3228/3228/3228 
f 3228/3228/3228 3229/3229/3229 3230/3230/3230 
f 3229/3229/3229 3231/3231/3231 3230/3230/3230 
f 3230/3230/3230 3231/3231/3231 3232/3232/3232 
f 3231/3231/3231 3233/3233/3233 3232/3232/3232 
f 3232/3232/3232 3233/3233/3233 3234/3234/3234 
f 3233/3233/3233 3235/3235/3235 3234/3234/3234 
f 3234/3234/3234 3235/3235/3235 3236/3236/3236 
f 3235/3235/3235 3237/3237/3237 3236/3236/3236 
f 3236/3236/3236 3237/3237/3237 3238/3238/3238 
f 3237/3237/3237 3239/3239/3239 3238/3238/3238 
f 3238/3238/3238 3239/3239/3239 3240/3240/3240 
f 3239/3239/3239 3241/3241/3241 3240/3240/3240 
f 3240/3240/3240 3241/3241/3241 3242/3242/3242 
f 3241/3241/3241 3243/3243/3243 3242/3242/3242 
f 3242/3242/3242 3243/3243/3243 3244/3244/3244 
f 3243/3243/3243 3245/3245/3245 3244/3244/3244 
f 3244/3244/3244 3245/3245/3245 3246/3246/3246 
f 3245/3245/3245 3247/3247/3247 3246/3246/3246 
f 3246/3246/3246 3247/3247/3247 3248/3248/3248 
f 3247/3247/3247 3249/3249/3249 3248/3248/3248 
f 3248/3248/3248 3249/3249/3249 3250/3250/3250 
f 3249/3249/3249 3251/3251/3251 3250/3250/3250 
f 3250/3250/3250 3251/3251/3251 3252/3252/3252 
f 3251/3251/3251 3253/3253/3253 3252/3252/3252 
f 3252/3252/3252 3253/3253/3253 3254/3254/3254 
f 3253/3253/3253 3255/3255/3255 3254/3254/3254 
f 3254/3254/3254 3255/3255/3255 3256/3256/3256 
f 3255/3255/3255 3257/3257/3257 3256/3256/3256 
f 3256/3256/3256 3257/3257/3257 3258/3258/3258 
f 3257/3257/3257 3259/3259/3259 3258/3258/3258 
f 3258/3258/3258 3259/3259/3259 3260/3260/3260 
f 3259/3259/3259 3261/3261/3261 3260/3260/3260 
f 3260/3260/3260 3261/3261/3261 3262/3262/3262 
f 3261/3261/3261 3263/3263/3263 3262/3262/3262 
f 3262/3262/3262 3263/3263/3263 3264/3264/3264 
f 3263/3263/3263 3265/3265/3265 3264/3264/3264 
f 3264/3264/3264 3265/3265/3265 3266/3266/3266 
f 3265/3265/3265 3267/3267/3267 3266/3266/3266 
f 3266/3266/3266 3267/3267/3267 3228/3228/3228 
f 3267/3267/3267 3229/3229/3229 3228/3228/3228 
f 3228/3228/3228 3229/3229/3229 3229/3229/3229 
f 3229/3229/3229 3267/3267/3267 3229/3229/3229 
f 3229/3229/3229 3267/3267/3267 3267/3267/3267 
f 3267/3267/3267 3268/3268/3268 3267/3267/3267 
f 3267/3267/3267 3268/3268/3268 3229/3229/3229 
f 3268/3268/3268 3269/3269/3269 3229/3229/3229 
f 3229/3229/3229 3269/3269/3269 3231/3231/3231 
f 3269/3269/3269 3270/3270/3270 3231/3231/3231 
f 3231/3231/3231 3270/3270/3270 3233/3233/3233 
f 3270/3270/3270 3271/3271/3271 3233/3233/3233 
f 3233/3233/3233 3271/3271/3271 3235/3235/3235 
f 3271/3271/3271 3272/3272/3272 3235/3235/3235 
f 3235/3235/3235 3272/3272/3272 3237/3237/3237 
f 3272/3272/3272 3273/3273/3273 3237/3237/3237 
f 3237/3237/3237 3273/3273/3273 3239/3239/3239 
f 3273/3273/3273 3274/3274/3274 3239/3239/3239 
f 3239/3239/3239 3274/3274/3274 3241/3241/3241 
f 3274/3274/3274 3275/3275/3275 3241/3241/3241 
f 3241/3241/3241 3275/3275/3275 3243/3243/3243 
f 3275/3275/3275 3276/3276/3276 3243/3243/3243 
f 3243/3243/3243 3276/3276/3276 3245/3245/3245 
f 3276/3276/3276 3277/3277/3277 3245/3245/3245 
f 3245/3245/3245 3277/3277/3277 3247/3247/3247 
f 3277/3277/3277 3278/3278/3278 3247/3247/3247 
f 3247/3247/3247 3278/3278/3278 3249/3249/3249 
f 3278/3278/3278 3279/3279/3279 3249/3249/3249 
f 3249/3249/3249 3279/3279/3279 3251/3251/3251 
f 3279/3279/3279 3280/3280/3280 3251/3251/3251 
f 3251/3251/3251 3280/3280/3280 3253/3253/3253 
f 3280/3280/3280 3281/3281/3281 3253/3253/3253 
f 3253/3253/3253 3281/3281/3281 3255/3255/3255 
f 3281/3281/3281 3282/3282/3282 3255/3255/3255 
f 3255/3255/3255 3282/3282/3282 3257/3257/3257 
f 3282/3282/3282 3283/3283/3283 3257/3257/3257 
f 3257/3257/3257 3283/3283/3283 3259/3259/3259 
f 3283/3283/3283 3284/3284/3284 3259/3259/3259 
f 3259/3259/3259 3284/3284/3284 3261/3261/3261 
f 3284/3284/3284 3285/3285/3285 3261/3261/3261 
f 3261/3261/3261 3285/3285/3285 3263/3263/3263 
f 3285/3285/3285 3286/3286/3286 3263/3263/3263 
f 3263/3263/3263 3286/3286/3286 3265/3265/3265 
f 3286/3286/3286 3287/3287/3287 3265/3265/3265 
f 3265/3265/3265 3287/3287/3287 3267/3267/3267 
f 3287/3287/3287 3268/3268/3268 3267/3267/3267 
f 3267/3267/3267 3268/3268/3268 3268/3268/3268 
f 3268/3268/3268 3287/3287/3287 3268/3268/3268 
f 3268/3268/3268 3287/3287/3287 3287/3287/3287 
f 3287/3287/3287 3288/3288/3288 3287/3287/3287 
f 3287/3287/3287 3288/3288/3288 3268/3268/3268 
f 3288/3288/3288 3289/3289/3289 3268/3268/3268 
f 3268/3268/3268 3289/3289/3289 3269/3269/3269 
f 3289/3289/3289 3290/3290/3290 3269/3269/3269 
f 3269/3269/3269 3290/3290/3290 3270/3270/3270 
f 3290/3290/3290 3291/3291/3291 3270/3270/3270 
f 3270/3270/3270 3291/3291/3291 3271/3271/3271 
f 3291/3291/3291 3292/3292/3292 3271/3271/3271 
f 3271/3271/3271 3292/3292/3292 3272/3272/3272 
f 3292/3292/3292 3293/3293/3293 3272/3272/3272 
f 3272/3272/3272 3293/3293/3293 3273/3273/3273 
f 3293/3293/3293 3294/3294/3294 3273/3273/3273 
f 3273/3273/3273 3294/3294/3294 3274/3274/3274 
f 3294/3294/3294 3295/3295/3295 3274/3274/3274 
f 3274/3274/3274 3295/3295/3295 3275/3275/3275 
f 3295/3295/3295 3296/3296/3296 3275/3275/3275 
f 3275/3275/3275 3296/3296/3296 3276/3276/3276 
f 3296/3296/3296 3297/3297/3297 3276/3276/3276 
f 3276/3276/3276 3297/3297/3297 3277/3277/3277 
f 3297/3297/3297 3298/3298/3298 3277/3277/3277 
f 3277/3277/3277 3298/3298/3298 3278/3278/3278 
f 3298/3298/3298 3299/3299/3299 3278/3278/3278 
f 3278/3278/3278 3299/3299/3299 3279/3279/3279 
f 3299/3299/3299 3300/3300/3300 3279/3279/3279 
f 3279/3279/3279 3300/3300/3300 3280/3280/3280 
f 3300/3300/3300 3301/3301/3301 3280/3280/3280 
f 3280/3280/3280 3301/3301/3301 3281/3281/3281 
f 3301/3301/3301 3302/3302/3302 3281/3281/3281 
f 3281/3281/3281 3302/3302/3302 3282/3282/3282 
f 3302/3302/3302 3303/3303/3303 3282/3282/3282 
f 3282/3282/3282 3303/3303/3303 3283/3283/3283 
f 3303/3303/3303 3304/3304/3304 3283/3283/3283 
f 3283/3283/3283 3304/3304/3304 3284/3284/3284 
f 3304/3304/3304 3305/3305/3305 3284/3284/3284 
f 3284/3284/3284 3305/3305/3305 3285/3285/3285 
f 3305/3305/3305 3306/3306/3306 3285/3285/3285 
f 3285/3285/3285 3306/3306/3306 3286/3286/3286 
f 3306/3306/3306 3307/3307/3307 3286/3286/3286 
f 3286/3286/3286 3307/3307/3307 3287/3287/3287 
f 3307/3307/3307 3288/3288/3288 3287/3287/3287 
f 3287/3287/3287 3288/3288/3288 3288/3288/3288 
f 3288/3288/3288 3308/3308/3308 3288/3288/3288 
f 3288/3288/3288 3308/3308/3308 3308/3308/3308 
f 3308/3308/3308 3309/3309/3309 3308/3308/3308 
f 3308/3308/3308 3309/3309/3309 3310/3310/3310 
f 3309/3309/3309 3311/3311/3311 3310/3310/3310 
f 3310/3310/3310 3311/3311/3311 3312/3312/3312 
f 3311/3311/3311 3313/3313/3313 3312/3312/3312 
f 3312/3312/3312 3313/3313/3313 3314/3314/3314 
f 3313/3313/3313 3315/3315/3315 3314/3314/3314 
f 3314/3314/3314 3315/3315/3315 3316/3316/3316 
f 3315/3315/3315 3317/3317/3317 3316/3316/3316 
f 3316/3316/3316 3317/3317/3317 3318/3318/3318 
f 3317/3317/3317 3319/3319/3319 3318/3318/3318 
f 3318/3318/3318 3319/3319/3319 3320/3320/3320 
f 3319/3319/3319 3321/3321/3321 3320/3320/3320 
f 3320/3320/3320 3321/3321/3321 3322/3322/3322 
f 3321/3321/3321 3323/3323/3323 3322/3322/3322 
f 3322/3322/3322 3323/3323/3323 3324/3324/3324 
f 3323/3323/3323 3325/3325/3325 3324/3324/3324 
f 3324/3324/3324 3325/3325/3325 3326/3326/3326 
f 3325/3325/3325 3327/3327/3327 3326/3326/3326 
f 3326/3326/3326 3327/3327/3327 3328/3328/3328 
f 3327/3327/3327 3329/3329/3329 3328/3328/3328 
f 3328/3328/3328 3329/3329/3329 3330/3330/3330 
f 3329/3329/3329 3331/3331/3331 3330/3330/3330 
f 3330/3330/3330 3331/3331/3331 3332/3332/3332 
f 3331/3331/3331 3333/3333/3333 3332/3332/3332 
f 3332/3332/3332 3333/3333/3333 3334/3334/3334 
f 3333/3333/3333 3335/3335/3335 3334/3334/3334 
f 3334/3334/3334 3335/3335/3335 3336/3336/3336 
f 3335/3335/3335 3337/3337/3337 3336/3336/3336 
f 3336/3336/3336 3337/3337/3337 3338/3338/3338 
f 3337/3337/3337 3339/3339/3339 3338/3338/3338 
f 3338/3338/3338 3339/3339/3339 3340/3340/3340 
f 3339/3339/3339 3341/3341/3341 3340/3340/3340 
f 3340/3340/3340 3341/3341/3341 3342/3342/3342 
f 3341/3341/3341 3343/3343/3343 3342/3342/3342 
f 3342/3342/3342 3343/3343/3343 3344/3344/3344 
f 3343/3343/3343 3345/3345/3345 3344/3344/3344 
f 3344/3344/3344 3345/3345/3345 3346/3346/3346 
f 3345/3345/3345 3347/3347/3347 3346/3346/3346 
f 3346/3346/3346 3347/3347/3347 3308/3308/3308 
f 3347/3347/3347 3309/3309/3309 3308/3308/3308 
f 3308/3308/3308 3309/3309/3309 3309/3309/3309 
f 3309/3309/3309 3348/3348/3348 3309/3309/3309 
f 3309/3309/3309 3348/3348/3348 3348/3348/3348 
f 3348/3348/3348 3349/3349/3349 3348/3348/3348 
f 3348/3348/3348 3349/3349/3349 3350/3350/3350 
f 3349/3349/3349 3351/3351/3351 3350/3350/3350 
f 3350/3350/3350 3351/3351/3351 3352/3352/3352 
f 3351/3351/3351 3352/3352/3352 3352/3352/3352 
f 3352/3352/3352 3352/3352/3352 3352/3352/3352 
f 3352/3352/3352 3353/3353/3353 3352/3352/3352 
f 3352/3352/3352 3353/3353/3353 3350/3350/3350 
f 3353/3353/3353 3354/3354/3354 3350/3350/3350 
f 3350/3350/3350 3354/3354/3354 3355/3355/3355 
f 3354/3354/3354 3355/3355/3355 3355/3355/3355 
f 3355/3355/3355 3355/3355/3355 3355/3355/3355 
f 3355/3355/3355 3356/3356/3356 3355/3355/3355 
f 3355/3355/3355 3356/3356/3356 3350/3350/3350 
f 3356/3356/3356 3357/3357/3357 3350/3350/3350 
f 3350/3350/3350 3357/3357/3357 3358/3358/3358 
f 3357/3357/3357 3358/3358/3358 3358/3358/3358 
f 3358/3358/3358 3358/3358/3358 3358/3358/3358 
f 3358/3358/3358 3359/3359/3359 3358/3358/3358 
f 3358/3358/3358 3359/3359/3359 3350/3350/3350 
f 3359/3359/3359 3360/3360/3360 3350/3350/3350 
f 3350/3350/3350 3360/3360/3360 3361/3361/3361 
f 3360/3360/3360 3361/3361/3361 3361/3361/3361 
f 3361/3361/3361 3361/3361/3361 3361/3361/3361 
f 3361/3361/3361 3362/3362/3362 3361/3361/3361 
f 3361/3361/3361 3362/3362/3362 3350/3350/3350 
f 3362/3362/3362 3363/3363/3363 3350/3350/3350 
f 3350/3350/3350 3363/3363/3363 3364/3364/3364 
f 3363/3363/3363 3364/3364/3364 3364/3364/3364 
f 3364/3364/3364 3364/3364/3364 3364/3364/3364 
f 3364/3364/3364 3365/3365/3365 3364/3364/3364 
f 3364/3364/3364 3365/3365/3365 3350/3350/3350 
f 3365/3365/3365 3366/3366/3366 3350/3350/3350 
f 3350/3350/3350 3366/3366/3366 3367/3367/3367 
f 3366/3366/3366 3367/3367/3367 3367/3367/3367 
f 3367/3367/3367 3367/3367/3367 3367/3367/3367 
f 3367/3367/3367 3368/3368/3368 3367/3367/3367 
f 3367/3367/3367 3368/3368/3368 3350/3350/3350 
f 3368/3368/3368 3348/3348/3348 3350/3350/3350 
f 3350/3350/3350 3348/3348/3348 3348/3348/3348 
f 3348/3348/3348 3369/3369/3369 3348/3348/3348 
f 3348/3348/3348 3369/3369/3369 3369/3369/3369 
f 3369/3369/3369 3370/3370/3370 3369/3369/3369 
f 3369/3369/3369 3370/3370/3370 3371/3371/3371 
f 3370/3370/3370 3372/3372/3372 3371/3371/3371 
f 3371/3371/3371 3372/3372/3372 3372/3372/3372 
f 3372/3372/3372 3370/3370/3370 3372/3372/3372 
f 3372/3372/3372 3370/3370/3370 3373/3373/3373 
f 3370/3370/3370 3374/3374/3374 3373/3373/3373 
f 3373/3373/3373 3374/3374/3374 3374/3374/3374 
f 3374/3374/3374 3370/3370/3370 3374/3374/3374 
f 3374/3374/3374 3370/3370/3370 3375/3375/3375 
f 3370/3370/3370 3376/3376/3376 3375/3375/3375 
f 3375/3375/3375 3376/3376/3376 3376/3376/3376 
f 3376/3376/3376 3370/3370/3370 3376/3376/3376 
f 3376/3376/3376 3370/3370/3370 3377/3377/3377 
f 3370/3370/3370 3378/3378/3378 3377/3377/3377 
f 3377/3377/3377 3378/3378/3378 3378/3378/3378 
f 3378/3378/3378 3370/3370/3370 3378/3378/3378 
f 3378/3378/3378 3370/3370/3370 3379/3379/3379 
f 3370/3370/3370 3380/3380/3380 3379/3379/3379 
f 3379/3379/3379 3380/3380/3380 3381/3381/3381 
f 3380/3380/3380 3382/3382/3382 3381/3381/3381 
f 3381/3381/3381 3382/3382/3382 3382/3382/3382 
f 3382/3382/3382 3370/3370/3370 3382/3382/3382 
f 3382/3382/3382 3370/3370/3370 3370/3370/3370 
f 3370/3370/3370 3383/3383/3383 3370/3370/3370 
f 3370/3370/3370 3383/3383/3383 3380/3380/3380 
f 3383/3383/3383 3384/3384/3384 3380/3380/3380 
f 3380/3380/3380 3384/3384/3384 3385/3385/3385 
f 3384/3384/3384 3386/3386/3386 3385/3385/3385 
f 3385/3385/3385 3386/3386/3386 3386/3386/3386 
f 3386/3386/3386 3383/3383/3383 3386/3386/3386 
f 3386/3386/3386 3383/3383/3383 3383/3383/3383 
f 3383/3383/3383 3387/3387/3387 3383/3383/3383 
f 3383/3383/3383 3387/3387/3387 3384/3384/3384 
f 3387/3387/3387 3388/3388/3388 3384/3384/3384 
f 3384/3384/3384 3388/3388/3388 3386/3386/3386 
f 3388/3388/3388 3389/3389/3389 3386/3386/3386 
f 3386/3386/3386 3389/3389/3389 3389/3389/3389 
f 3389/3389/3389 3387/3387/3387 3389/3389/3389 
f 3389/3389/3389 3387/3387/3387 3387/3387/3387 
f 3387/3387/3387 3390/3390/3390 3387/3387/3387 
f 3387/3387/3387 3390/3390/3390 3388/3388/3388 
f 3390/3390/3390 3391/3391/3391 3388/3388/3388 
f 3388/3388/3388 3391/3391/3391 3389/3389/3389 
f 3391/3391/3391 3392/3392/3392 3389/3389/3389 
f 3389/3389/3389 3392/3392/3392 3392/3392/3392 
f 3392/3392/3392 3391/3391/3391 3392/3392/3392 
f 3392/3392/3392 3391/3391/3391 3393/3393/3393 
f 3391/3391/3391 3390/3390/3390 3393/3393/3393 
f 3393/3393/3393 3390/3390/3390 3394/3394/3394 
f 3390/3390/3390 3394/3394/3394 3394/3394/3394 
f 3394/3394/3394 3394/3394/3394 3392/3392/3392 
f 3394/3394/3394 3392/3392/3392 3392/3392/3392 
f 3392/3392/3392 3392/3392/3392 3392/3392/3392 
f 3392/3392/3392 3393/3393/3393 3392/3392/3392 
f 3392/3392/3392 3393/3393/3393 3395/3395/3395 
f 3393/3393/3393 3396/3396/3396 3395/3395/3395 
f 3395/3395/3395 3396/3396/3396 3397/3397/3397 
f 3396/3396/3396 3398/3398/3398 3397/3397/3397 
f 3397/3397/3397 3398/3398/3398 3399/3399/3399 
f 3398/3398/3398 3400/3400/3400 3399/3399/3399 
f 3399/3399/3399 3400/3400/3400 3401/3401/3401 
f 3400/3400/3400 3401/3401/3401 3401/3401/3401 
f 3401/3401/3401 3401/3401/3401 3393/3393/3393 
f 3401/3401/3401 3393/3393/3393 3393/3393/3393 
f 3393/3393/3393 3393/3393/3393 3393/3393/3393 
f 3393/3393/3393 3402/3402/3402 3393/3393/3393 
f 3393/3393/3393 3402/3402/3402 3396/3396/3396 
f 3402/3402/3402 3403/3403/3403 3396/3396/3396 
f 3396/3396/3396 3403/3403/3403 3398/3398/3398 
f 3403/3403/3403 3404/3404/3404 3398/3398/3398 
f 3398/3398/3398 3404/3404/3404 3400/3400/3400 
f 3404/3404/3404 3405/3405/3405 3400/3400/3400 
f 3400/3400/3400 3405/3405/3405 3406/3406/3406 
f 3405/3405/3405 3406/3406/3406 3406/3406/3406 
f 3406/3406/3406 3406/3406/3406 3405/3405/3405 
f 3406/3406/3406 3405/3405/3405 3405/3405/3405 
f 3405/3405/3405 3405/3405/3405 3405/3405/3405 
f 3405/3405/3405 3404/3404/3404 3405/3405/3405 
f 3405/3405/3405 3404/3404/3404 3407/3407/3407 
f 3404/3404/3404 3408/3408/3408 3407/3407/3407 
f 3407/3407/3407 3408/3408/3408 3408/3408/3408 
f 3408/3408/3408 3404/3404/3404 3408/3408/3408 
f 3408/3408/3408 3404/3404/3404 3409/3409/3409 
f 3404/3404/3404 3410/3410/3410 3409/3409/3409 
f 3409/3409/3409 3410/3410/3410 3410/3410/3410 
f 3410/3410/3410 3404/3404/3404 3410/3410/3410 
f 3410/3410/3410 3404/3404/3404 3411/3411/3411 
f 3404/3404/3404 3412/3412/3412 3411/3411/3411 
f 3411/3411/3411 3412/3412/3412 3412/3412/3412 
f 3412/3412/3412 3404/3404/3404 3412/3412/3412 
f 3412/3412/3412 3404/3404/3404 3413/3413/3413 
f 3404/3404/3404 3414/3414/3414 3413/3413/3413 
f 3413/3413/3413 3414/3414/3414 3414/3414/3414 
f 3414/3414/3414 3404/3404/3404 3414/3414/3414 
f 3414/3414/3414 3404/3404/3404 3415/3415/3415 
f 3404/3404/3404 3416/3416/3416 3415/3415/3415 
f 3415/3415/3415 3416/3416/3416 3416/3416/3416 
f 3416/3416/3416 3385/3385/3385 3416/3416/3416 
f 3416/3416/3416 3385/3385/3385 3385/3385/3385 
f 3385/3385/3385 3417/3417/3417 3385/3385/3385 
f 3385/3385/3385 3417/3417/3417 3380/3380/3380 
f 3417/3417/3417 3418/3418/3418 3380/3380/3380 
f 3380/3380/3380 3418/3418/3418 3418/3418/3418 
f 3418/3418/3418 3419/3419/3419 3418/3418/3418 
f 3418/3418/3418 3419/3419/3419 3419/3419/3419 
f 3419/3419/3419 3420/3420/3420 3419/3419/3419 
f 3419/3419/3419 3420/3420/3420 3421/3421/3421 
f 3420/3420/3420 3422/3422/3422 3421/3421/3421 
f 3421/3421/3421 3422/3422/3422 3422/3422/3422 
f 3422/3422/3422 3420/3420/3420 3422/3422/3422 
f 3422/3422/3422 3420/3420/3420 3420/3420/3420 
f 3420/3420/3420 3423/3423/3423 3420/3420/3420 
f 3420/3420/3420 3423/3423/3423 3422/3422/3422 
f 3423/3423/3423 3424/3424/3424 3422/3422/3422 
f 3422/3422/3422 3424/3424/3424 3424/3424/3424 
f 3424/3424/3424 3423/3423/3423 3424/3424/3424 
f 3424/3424/3424 3423/3423/3423 3423/3423/3423 
f 3423/3423/3423 3425/3425/3425 3423/3423/3423 
f 3423/3423/3423 3425/3425/3425 3426/3426/3426 
f 3425/3425/3425 3427/3427/3427 3426/3426/3426 
f 3426/3426/3426 3427/3427/3427 3427/3427/3427 
f 3427/3427/3427 3425/3425/3425 3427/3427/3427 
f 3427/3427/3427 3425/3425/3425 3425/3425/3425 
f 3425/3425/3425 3428/3428/3428 3425/3425/3425 
f 3425/3425/3425 3428/3428/3428 3427/3427/3427 
f 3428/3428/3428 3429/3429/3429 3427/3427/3427 
f 3427/3427/3427 3429/3429/3429 3429/3429/3429 
f 3429/3429/3429 3428/3428/3428 3429/3429/3429 
f 3429/3429/3429 3428/3428/3428 3428/3428/3428 
f 3428/3428/3428 3430/3430/3430 3428/3428/3428 
f 3428/3428/3428 3430/3430/3430 3429/3429/3429 
f 3430/3430/3430 3431/3431/3431 3429/3429/3429 
f 3429/3429/3429 3431/3431/3431 3431/3431/3431 
f 3431/3431/3431 3430/3430/3430 3431/3431/3431 
f 3431/3431/3431 3430/3430/3430 3430/3430/3430 
f 3430/3430/3430 3432/3432/3432 3430/3430/3430 
f 3430/3430/3430 3432/3432/3432 3431/3431/3431 
f 3432/3432/3432 3433/3433/3433 3431/3431/3431 
f 3431/3431/3431 3433/3433/3433 3433/3433/3433 
f 3433/3433/3433 3432/3432/3432 3433/3433/3433 
f 3433/3433/3433 3432/3432/3432 3432/3432/3432 
f 3432/3432/3432 3434/3434/3434 3432/3432/3432 
f 3432/3432/3432 3434/3434/3434 3433/3433/3433 
f 3434/3434/3434 3435/3435/3435 3433/3433/3433 
f 3433/3433/3433 3435/3435/3435 3435/3435/3435 
f 3435/3435/3435 3434/3434/3434 3435/3435/3435 
f 3435/3435/3435 3434/3434/3434 3434/3434/3434 
f 3434/3434/3434 3436/3436/3436 3434/3434/3434 
f 3434/3434/3434 3436/3436/3436 3435/3435/3435 
f 3436/3436/3436 3437/3437/3437 3435/3435/3435 
f 3435/3435/3435 3437/3437/3437 3437/3437/3437 
f 3437/3437/3437 3436/3436/3436 3437/3437/3437 
f 3437/3437/3437 3436/3436/3436 3436/3436/3436 
f 3436/3436/3436 3438/3438/3438 3436/3436/3436 
f 3436/3436/3436 3438/3438/3438 3437/3437/3437 
f 3438/3438/3438 3439/3439/3439 3437/3437/3437 
f 3437/3437/3437 3439/3439/3439 3439/3439/3439 
f 3439/3439/3439 3438/3438/3438 3439/3439/3439 
f 3439/3439/3439 3438/3438/3438 3438/3438/3438 
f 3438/3438/3438 3440/3440/3440 3438/3438/3438 
f 3438/3438/3438 3440/3440/3440 3439/3439/3439 
f 3440/3440/3440 3441/3441/3441 3439/3439/3439 
f 3439/3439/3439 3441/3441/3441 3441/3441/3441 
f 3441/3441/3441 3440/3440/3440 3441/3441/3441 
f 3441/3441/3441 3440/3440/3440 3440/3440/3440 
f 3440/3440/3440 3442/3442/3442 3440/3440/3440 
f 3440/3440/3440 3442/3442/3442 3441/3441/3441 
f 3442/3442/3442 3443/3443/3443 3441/3441/3441 
f 3441/3441/3441 3443/3443/3443 3443/3443/3443 
f 3443/3443/3443 3442/3442/3442 3443/3443/3443 
f 3443/3443/3443 3442/3442/3442 3442/3442/3442 
f 3442/3442/3442 3444/3444/3444 3442/3442/3442 
f 3442/3442/3442 3444/3444/3444 3443/3443/3443 
f 3444/3444/3444 3445/3445/3445 3443/3443/3443 
f 3443/3443/3443 3445/3445/3445 3445/3445/3445 
f 3445/3445/3445 3444/3444/3444 3445/3445/3445 
f 3445/3445/3445 3444/3444/3444 3444/3444/3444 
f 3444/3444/3444 3446/3446/3446 3444/3444/3444 
f 3444/3444/3444 3446/3446/3446 3445/3445/3445 
f 3446/3446/3446 3447/3447/3447 3445/3445/3445 
f 3445/3445/3445 3447/3447/3447 3447/3447/3447 
f 3447/3447/3447 3446/3446/3446 3447/3447/3447 
f 3447/3447/3447 3446/3446/3446 3446/3446/3446 
f 3446/3446/3446 3448/3448/3448 3446/3446/3446 
f 3446/3446/3446 3448/3448/3448 3447/3447/3447 
f 3448/3448/3448 3449/3449/3449 3447/3447/3447 
f 3447/3447/3447 3449/3449/3449 3449/3449/3449 
f 3449/3449/3449 3448/3448/3448 3449/3449/3449 
f 3449/3449/3449 3448/3448/3448 3448/3448/3448 
f 3448/3448/3448 3450/3450/3450 3448/3448/3448 
f 3448/3448/3448 3450/3450/3450 3449/3449/3449 
f 3450/3450/3450 3451/3451/3451 3449/3449/3449 
f 3449/3449/3449 3451/3451/3451 3451/3451/3451 
f 3451/3451/3451 3450/3450/3450 3451/3451/3451 
f 3451/3451/3451 3450/3450/3450 3450/3450/3450 
f 3450/3450/3450 3452/3452/3452 3450/3450/3450 
f 3450/3450/3450 3452/3452/3452 3451/3451/3451 
f 3452/3452/3452 3453/3453/3453 3451/3451/3451 
f 3451/3451/3451 3453/3453/3453 3453/3453/3453 
f 3453/3453/3453 3452/3452/3452 3453/3453/3453 
f 3453/3453/3453 3452/3452/3452 3452/3452/3452 
f 3452/3452/3452 3454/3454/3454 3452/3452/3452 
f 3452/3452/3452 3454/3454/3454 3453/3453/3453 
f 3454/3454/3454 3455/3455/3455 3453/3453/3453 
f 3453/3453/3453 3455/3455/3455 3455/3455/3455 
f 3455/3455/3455 3454/3454/3454 3455/3455/3455 
f 3455/3455/3455 3454/3454/3454 3454/3454/3454 
f 3454/3454/3454 3456/3456/3456 3454/3454/3454 
f 3454/3454/3454 3456/3456/3456 3455/3455/3455 
f 3456/3456/3456 3457/3457/3457 3455/3455/3455 
f 3455/3455/3455 3457/3457/3457 3457/3457/3457 
f 3457/3457/3457 3456/3456/3456 3457/3457/3457 
f 3457/3457/3457 3456/3456/3456 3456/3456/3456 
f 3456/3456/3456 3458/3458/3458 3456/3456/3456 
f 3456/3456/3456 3458/3458/3458 3457/3457/3457 
f 3458/3458/3458 3459/3459/3459 3457/3457/3457 
f 3457/3457/3457 3459/3459/3459 3459/3459/3459 
f 3459/3459/3459 3458/3458/3458 3459/3459/3459 
f 3459/3459/3459 3458/3458/3458 3458/3458/3458 
f 3458/3458/3458 3460/3460/3460 3458/3458/3458 
f 3458/3458/3458 3460/3460/3460 3459/3459/3459 
f 3460/3460/3460 3461/3461/3461 3459/3459/3459 
f 3459/3459/3459 3461/3461/3461 3461/3461/3461 
f 3461/3461/3461 3460/3460/3460 3461/3461/3461 
f 3461/3461/3461 3460/3460/3460 3460/3460/3460 
f 3460/3460/3460 3462/3462/3462 3460/3460/3460 
f 3460/3460/3460 3462/3462/3462 3461/3461/3461 
f 3462/3462/3462 3463/3463/3463 3461/3461/3461 
f 3461/3461/3461 3463/3463/3463 3463/3463/3463 
f 3463/3463/3463 3462/3462/3462 3463/3463/3463 
f 3463/3463/3463 3462/3462/3462 3462/3462/3462 
f 3462/3462/3462 3464/3464/3464 3462/3462/3462 
f 3462/3462/3462 3464/3464/3464 3463/3463/3463 
f 3464/3464/3464 3465/3465/3465 3463/3463/3463 
f 3463/3463/3463 3465/3465/3465 3465/3465/3465 
f 3465/3465/3465 3464/3464/3464 3465/3465/3465 
f 3465/3465/3465 3464/3464/3464 3464/3464/3464 
f 3464/3464/3464 3466/3466/3466 3464/3464/3464 
f 3464/3464/3464 3466/3466/3466 3465/3465/3465 
f 3466/3466/3466 3467/3467/3467 3465/3465/3465 
f 3465/3465/3465 3467/3467/3467 3467/3467/3467 
f 3467/3467/3467 3466/3466/3466 3467/3467/3467 
f 3467/3467/3467 3466/3466/3466 3466/3466/3466 
f 3466/3466/3466 3468/3468/3468 3466/3466/3466 
f 3466/3466/3466 3468/3468/3468 3467/3467/3467 
f 3468/3468/3468 3469/3469/3469 3467/3467/3467 
f 3467/3467/3467 3469/3469/3469 3469/3469/3469 
f 3469/3469/3469 3468/3468/3468 3469/3469/3469 
f 3469/3469/3469 3468/3468/3468 3468/3468/3468 
f 3468/3468/3468 3470/3470/3470 3468/3468/3468 
f 3468/3468/3468 3470/3470/3470 3469/3469/3469 
f 3470/3470/3470 3471/3471/3471 3469/3469/3469 
f 3469/3469/3469 3471/3471/3471 3471/3471/3471 
f 3471/3471/3471 3470/3470/3470 3471/3471/3471 
f 3471/3471/3471 3470/3470/3470 3470/3470/3470 
f 3470/3470/3470 3472/3472/3472 3470/3470/3470 
f 3470/3470/3470 3472/3472/3472 3471/3471/3471 
f 3472/3472/3472 3473/3473/3473 3471/3471/3471 
f 3471/3471/3471 3473/3473/3473 3473/3473/3473 
f 3473/3473/3473 3472/3472/3472 3473/3473/3473 
f 3473/3473/3473 3472/3472/3472 3472/3472/3472 
f 3472/3472/3472 3474/3474/3474 3472/3472/3472 
f 3472/3472/3472 3474/3474/3474 3473/3473/3473 
f 3474/3474/3474 3475/3475/3475 3473/3473/3473 
f 3473/3473/3473 3475/3475/3475 3475/3475/3475 
f 3475/3475/3475 3474/3474/3474 3475/3475/3475 
f 3475/3475/3475 3474/3474/3474 3474/3474/3474 
f 3474/3474/3474 3476/3476/3476 3474/3474/3474 
f 3474/3474/3474 3476/3476/3476 3475/3475/3475 
f 3476/3476/3476 3477/3477/3477 3475/3475/3475 
f 3475/3475/3475 3477/3477/3477 3477/3477/3477 
f 3477/3477/3477 3476/3476/3476 3477/3477/3477 
f 3477/3477/3477 3476/3476/3476 3476/3476/3476 
f 3476/3476/3476 3478/3478/3478 3476/3476/3476 
f 3476/3476/3476 3478/3478/3478 3477/3477/3477 
f 3478/3478/3478 3479/3479/3479 3477/3477/3477 
f 3477/3477/3477 3479/3479/3479 3479/3479/3479 
f 3479/3479/3479 3478/3478/3478 3479/3479/3479 
f 3479/3479/3479 3478/3478/3478 3478/3478/3478 
f 3478/3478/3478 3480/3480/3480 3478/3478/3478 
f 3478/3478/3478 3480/3480/3480 3479/3479/3479 
f 3480/3480/3480 3481/3481/3481 3479/3479/3479 
f 3479/3479/3479 3481/3481/3481 3481/3481/3481 
f 3481/3481/3481 3480/3480/3480 3481/3481/3481 
f 3481/3481/3481 3480/3480/3480 3480/3480/3480 
f 3480/3480/3480 3482/3482/3482 3480/3480/3480 
f 3480/3480/3480 3482/3482/3482 3481/3481/3481 
f 3482/3482/3482 3483/3483/3483 3481/3481/3481 
f 3481/3481/3481 3483/3483/3483 3483/3483/3483 
f 3483/3483/3483 3482/3482/3482 3483/3483/3483 
f 3483/3483/3483 3482/3482/3482 3482/3482/3482 
f 3482/3482/3482 3484/3484/3484 3482/3482/3482 
f 3482/3482/3482 3484/3484/3484 3483/3483/3483 
f 3484/3484/3484 3485/3485/3485 3483/3483/3483 
f 3483/3483/3483 3485/3485/3485 3485/3485/3485 
f 3485/3485/3485 3484/3484/3484 3485/3485/3485 
f 3485/3485/3485 3484/3484/3484 3484/3484/3484 
f 3484/3484/3484 3486/3486/3486 3484/3484/3484 
f 3484/3484/3484 3486/3486/3486 3485/3485/3485 
f 3486/3486/3486 3487/3487/3487 3485/3485/3485 
f 3485/3485/3485 3487/3487/3487 3487/3487/3487 
f 3487/3487/3487 3486/3486/3486 3487/3487/3487 
f 3487/3487/3487 3486/3486/3486 3486/3486/3486 
f 3486/3486/3486 3488/3488/3488 3486/3486/3486 
f 3486/3486/3486 3488/3488/3488 3487/3487/3487 
f 3488/3488/3488 3489/3489/3489 3487/3487/3487 
f 3487/3487/3487 3489/3489/3489 3489/3489/3489 
f 3489/3489/3489 3488/3488/3488 3489/3489/3489 
f 3489/3489/3489 3488/3488/3488 3488/3488/3488 
f 3488/3488/3488 3490/3490/3490 3488/3488/3488 
f 3488/3488/3488 3490/3490/3490 3489/3489/3489 
f 3490/3490/3490 3491/3491/3491 3489/3489/3489 
f 3489/3489/3489 3491/3491/3491 3491/3491/3491 
f 3491/3491/3491 3490/3490/3490 3491/3491/3491 
f 3491/3491/3491 3490/3490/3490 3490/3490/3490 
f 3490/3490/3490 3492/3492/3492 3490/3490/3490 
f 3490/3490/3490 3492/3492/3492 3491/3491/3491 
f 3492/3492/3492 3493/3493/3493 3491/3491/3491 
f 3491/3491/3491 3493/3493/3493 3493/3493/3493 
f 3493/3493/3493 3492/3492/3492 3493/3493/3493 
f 3493/3493/3493 3492/3492/3492 3492/3492/3492 
f 3492/3492/3492 3494/3494/3494 3492/3492/3492 
f 3492/3492/3492 3494/3494/3494 3493/3493/3493 
f 3494/3494/3494 3495/3495/3495 3493/3493/3493 
f 3493/3493/3493 3495/3495/3495 3495/3495/3495 
f 3495/3495/3495 3496/3496/3496 3495/3495/3495 
f 3495/3495/3495 3496/3496/3496 3496/3496/3496 
f 3496/3496/3496 3497/3497/3497 3496/3496/3496 
f 3496/3496/3496 3497/3497/3497 3498/3498/3498 
f 3497/3497/3497 3499/3499/3499 3498/3498/3498 
f 3498/3498/3498 3499/3499/3499 3500/3500/3500 
f 3499/3499/3499 3501/3501/3501 3500/3500/3500 
f 3500/3500/3500 3501/3501/3501 3501/3501/3501 
f 3501/3501/3501 3497/3497/3497 3501/3501/3501 
f 3501/3501/3501 3497/3497/3497 3497/3497/3497 
f 3497/3497/3497 3502/3502/3502 3497/3497/3497 
f 3497/3497/3497 3502/3502/3502 3499/3499/3499 
f 3502/3502/3502 3503/3503/3503 3499/3499/3499 
f 3499/3499/3499 3503/3503/3503 3501/3501/3501 
f 3503/3503/3503 3504/3504/3504 3501/3501/3501 
f 3501/3501/3501 3504/3504/3504 3504/3504/3504 
f 3504/3504/3504 3502/3502/3502 3504/3504/3504 
f 3504/3504/3504 3502/3502/3502 3502/3502/3502 
f 3502/3502/3502 3505/3505/3505 3502/3502/3502 
f 3502/3502/3502 3505/3505/3505 3503/3503/3503 
f 3505/3505/3505 3506/3506/3506 3503/3503/3503 
f 3503/3503/3503 3506/3506/3506 3504/3504/3504 
f 3506/3506/3506 3507/3507/3507 3504/3504/3504 
f 3504/3504/3504 3507/3507/3507 3508/3508/3508 
f 3507/3507/3507 3509/3509/3509 3508/3508/3508 
f 3508/3508/3508 3509/3509/3509 3509/3509/3509 
f 3509/3509/3509 3505/3505/3505 3509/3509/3509 
f 3509/3509/3509 3505/3505/3505 3505/3505/3505 
f 3505/3505/3505 3510/3510/3510 3505/3505/3505 
f 3505/3505/3505 3510/3510/3510 3506/3506/3506 
f 3510/3510/3510 3507/3507/3507 3506/3506/3506 
f 3506/3506/3506 3507/3507/3507 3507/3507/3507 
f 3507/3507/3507 3510/3510/3510 3507/3507/3507 
f 3507/3507/3507 3510/3510/3510 3510/3510/3510 
f 3510/3510/3510 3511/3511/3511 3510/3510/3510 
f 3510/3510/3510 3511/3511/3511 3507/3507/3507 
f 3511/3511/3511 3512/3512/3512 3507/3507/3507 
f 3507/3507/3507 3512/3512/3512 3509/3509/3509 
f 3512/3512/3512 3513/3513/3513 3509/3509/3509 
f 3509/3509/3509 3513/3513/3513 3513/3513/3513 
f 3513/3513/3513 3511/3511/3511 3513/3513/3513 
f 3513/3513/3513 3511/3511/3511 3511/3511/3511 
f 3511/3511/3511 3514/3514/3514 3511/3511/3511 
f 3511/3511/3511 3514/3514/3514 3512/3512/3512 
f 3514/3514/3514 3515/3515/3515 3512/3512/3512 
f 3512/3512/3512 3515/3515/3515 3513/3513/3513 
f 3515/3515/3515 3516/3516/3516 3513/3513/3513 
f 3513/3513/3513 3516/3516/3516 3516/3516/3516 
f 3516/3516/3516 3514/3514/3514 3516/3516/3516 
f 3516/3516/3516 3514/3514/3514 3514/3514/3514 
f 3514/3514/3514 3517/3517/3517 3514/3514/3514 
f 3514/3514/3514 3517/3517/3517 3515/3515/3515 
f 3517/3517/3517 3518/3518/3518 3515/3515/3515 
f 3515/3515/3515 3518/3518/3518 3516/3516/3516 
f 3518/3518/3518 3519/3519/3519 3516/3516/3516 
f 3516/3516/3516 3519/3519/3519 3520/3520/3520 
f 3519/3519/3519 3520/3520/3520 3520/3520/3520 
f 3520/3520/3520 3520/3520/3520 3520/3520/3520 
f 3520/3520/3520 3521/3521/3521 3520/3520/3520 
f 3520/3520/3520 3521/3521/3521 3516/3516/3516 
f 3521/3521/3521 3522/3522/3522 3516/3516/3516 
f 3516/3516/3516 3522/3522/3522 3523/3523/3523 
f 3522/3522/3522 3523/3523/3523 3523/3523/3523 
f 3523/3523/3523 3523/3523/3523 3523/3523/3523 
f 3523/3523/3523 3524/3524/3524 3523/3523/3523 
f 3523/3523/3523 3524/3524/3524 3516/3516/3516 
f 3524/3524/3524 3525/3525/3525 3516/3516/3516 
f 3516/3516/3516 3525/3525/3525 3526/3526/3526 
f 3525/3525/3525 3526/3526/3526 3526/3526/3526 
f 3526/3526/3526 3526/3526/3526 3526/3526/3526 
f 3526/3526/3526 3527/3527/3527 3526/3526/3526 
f 3526/3526/3526 3527/3527/3527 3516/3516/3516 
f 3527/3527/3527 3528/3528/3528 3516/3516/3516 
f 3516/3516/3516 3528/3528/3528 3528/3528/3528 
f 3528/3528/3528 3529/3529/3529 3528/3528/3528 
f 3528/3528/3528 3529/3529/3529 3529/3529/3529 
f 3529/3529/3529 3530/3530/3530 3529/3529/3529 
f 3529/3529/3529 3530/3530/3530 3531/3531/3531 
f 3530/3530/3530 3532/3532/3532 3531/3531/3531 
f 3531/3531/3531 3532/3532/3532 3532/3532/3532 
f 3532/3532/3532 3530/3530/3530 3532/3532/3532 
f 3532/3532/3532 3530/3530/3530 3530/3530/3530 
f 3530/3530/3530 3533/3533/3533 3530/3530/3530 
f 3530/3530/3530 3533/3533/3533 3532/3532/3532 
f 3533/3533/3533 3534/3534/3534 3532/3532/3532 
f 3532/3532/3532 3534/3534/3534 3534/3534/3534 
f 3534/3534/3534 3533/3533/3533 3534/3534/3534 
f 3534/3534/3534 3533/3533/3533 3533/3533/3533 
f 3533/3533/3533 3535/3535/3535 3533/3533/3533 
f 3533/3533/3533 3535/3535/3535 3534/3534/3534 
f 3535/3535/3535 3536/3536/3536 3534/3534/3534 
f 3534/3534/3534 3536/3536/3536 3536/3536/3536 
f 3536/3536/3536 3535/3535/3535 3536/3536/3536 
f 3536/3536/3536 3535/3535/3535 3535/3535/3535 
f 3535/3535/3535 3537/3537/3537 3535/3535/3535 
f 3535/3535/3535 3537/3537/3537 3536/3536/3536 
f 3537/3537/3537 3538/3538/3538 3536/3536/3536 
f 3536/3536/3536 3538/3538/3538 3538/3538/3538 
f 3538/3538/3538 3537/3537/3537 3538/3538/3538 
f 3538/3538/3538 3537/3537/3537 3537/3537/3537 
f 3537/3537/3537 3539/3539/3539 3537/3537/3537 
f 3537/3537/3537 3539/3539/3539 3538/3538/3538 
f 3539/3539/3539 3540/3540/3540 3538/3538/3538 
f 3538/3538/3538 3540/3540/3540 3540/3540/3540 
f 3540/3540/3540 3539/3539/3539 3540/3540/3540 
f 3540/3540/3540 3539/3539/3539 3539/3539/3539 
f 3539/3539/3539 3541/3541/3541 3539/3539/3539 
f 3539/3539/3539 3541/3541/3541 3540/3540/3540 
f 3541/3541/3541 3542/3542/3542 3540/3540/3540 
f 3540/3540/3540 3542/3542/3542 3542/3542/3542 
f 3542/3542/3542 3541/3541/3541 3542/3542/3542 
f 3542/3542/3542 3541/3541/3541 3541/3541/3541 
f 3541/3541/3541 3543/3543/3543 3541/3541/3541 
f 3541/3541/3541 3543/3543/3543 3542/3542/3542 
f 3543/3543/3543 3544/3544/3544 3542/3542/3542 
f 3542/3542/3542 3544/3544/3544 3544/3544/3544 
f 3544/3544/3544 3543/3543/3543 3544/3544/3544 
f 3544/3544/3544 3543/3543/3543 3543/3543/3543 
f 3543/3543/3543 3545/3545/3545 3543/3543/3543 
f 3543/3543/3543 3545/3545/3545 3544/3544/3544 
f 3545/3545/3545 3546/3546/3546 3544/3544/3544 
f 3544/3544/3544 3546/3546/3546 3546/3546/3546 
f 3546/3546/3546 3545/3545/3545 3546/3546/3546 
f 3546/3546/3546 3545/3545/3545 3545/3545/3545 
f 3545/3545/3545 3547/3547/3547 3545/3545/3545 
f 3545/3545/3545 3547/3547/3547 3546/3546/3546 
f 3547/3547/3547 3548/3548/3548 3546/3546/3546 
f 3546/3546/3546 3548/3548/3548 3548/3548/3548 
f 3548/3548/3548 3549/3549/3549 3548/3548/3548 
f 3548/3548/3548 3549/3549/3549 3549/3549/3549 
f 3549/3549/3549 3550/3550/3550 3549/3549/3549 
f 3549/3549/3549 3550/3550/3550 3518/3518/3518 
f 3550/3550/3550 3519/3519/3519 3518/3518/3518 
f 3518/3518/3518 3519/3519/3519 3519/3519/3519 
f 3519/3519/3519 3517/3517/3517 3519/3519/3519 
f 3519/3519/3519 3517/3517/3517 3517/3517/3517 
f 3517/3517/3517 3551/3551/3551 3517/3517/3517 
f 3517/3517/3517 3551/3551/3551 3518/3518/3518 
f 3551/3551/3551 3552/3552/3552 3518/3518/3518 
f 3518/3518/3518 3552/3552/3552 3552/3552/3552 
f 3552/3552/3552 3553/3553/3553 3552/3552/3552 
f 3552/3552/3552 3553/3553/3553 3553/3553/3553 
f 3553/3553/3553 3554/3554/3554 3553/3553/3553 
f 3553/3553/3553 3554/3554/3554 3555/3555/3555 
f 3554/3554/3554 3556/3556/3556 3555/3555/3555 
f 3555/3555/3555 3556/3556/3556 3556/3556/3556 
f 3556/3556/3556 3554/3554/3554 3556/3556/3556 
f 3556/3556/3556 3554/3554/3554 3554/3554/3554 
f 3554/3554/3554 3557/3557/3557 3554/3554/3554 
f 3554/3554/3554 3557/3557/3557 3556/3556/3556 
f 3557/3557/3557 3494/3494/3494 3556/3556/3556 
f 3556/3556/3556 3494/3494/3494 3494/3494/3494 
f 3494/3494/3494 3558/3558/3558 3494/3494/3494 
f 3494/3494/3494 3558/3558/3558 3558/3558/3558 
f 3558/3558/3558 3559/3559/3559 3558/3558/3558 
f 3558/3558/3558 3559/3559/3559 3560/3560/3560 
f 3559/3559/3559 3561/3561/3561 3560/3560/3560 
f 3560/3560/3560 3561/3561/3561 3562/3562/3562 
f 3561/3561/3561 3562/3562/3562 3562/3562/3562 
f 3562/3562/3562 3562/3562/3562 3562/3562/3562 
f 3562/3562/3562 3563/3563/3563 3562/3562/3562 
f 3562/3562/3562 3563/3563/3563 3560/3560/3560 
f 3563/3563/3563 3564/3564/3564 3560/3560/3560 
f 3560/3560/3560 3564/3564/3564 3565/3565/3565 
f 3564/3564/3564 3565/3565/3565 3565/3565/3565 
f 3565/3565/3565 3565/3565/3565 3565/3565/3565 
f 3565/3565/3565 3566/3566/3566 3565/3565/3565 
f 3565/3565/3565 3566/3566/3566 3560/3560/3560 
f 3566/3566/3566 3567/3567/3567 3560/3560/3560 
f 3560/3560/3560 3567/3567/3567 3568/3568/3568 
f 3567/3567/3567 3568/3568/3568 3568/3568/3568 
f 3568/3568/3568 3568/3568/3568 3568/3568/3568 
f 3568/3568/3568 3569/3569/3569 3568/3568/3568 
f 3568/3568/3568 3569/3569/3569 3560/3560/3560 
f 3569/3569/3569 3498/3498/3498 3560/3560/3560 
f 3560/3560/3560 3498/3498/3498 3500/3500/3500 
f 3498/3498/3498 3500/3500/3500 3500/3500/3500 
f 3500/3500/3500 3500/3500/3500 3619/3619/3619 
f 3500/3500/3500 3619/3619/3619 3619/3619/3619 
f 3619/3619/3619 3619/3619/3619 3619/3619/3619 
f 3619/3619/3619 3620/3620/3620 3619/3619/3619 
f 3619/3619/3619 3620/3620/3620 3621/3621/3621 
f 3620/3620/3620 3622/3622/3622 3621/3621/3621 
f 3621/3621/3621 3622/3622/3622 3623/3623/3623 
f 3622/3622/3622 3623/3623/3623 3623/3623/3623 
f 3623/3623/3623 3623/3623/3623 3623/3623/3623 
f 3623/3623/3623 3624/3624/3624 3623/3623/3623 
f 3623/3623/3623 3624/3624/3624 3621/3621/3621 
f 3624/3624/3624 3625/3625/3625 3621/3621/3621 
f 3621/3621/3621 3625/3625/3625 3626/3626/3626 
f 3625/3625/3625 3626/3626/3626 3626/3626/3626 
f 3626/3626/3626 3626/3626/3626 3626/3626/3626 
f 3626/3626/3626 3627/3627/3627 3626/3626/3626 
f 3626/3626/3626 3627/3627/3627 3621/3621/3621 
f 3627/3627/3627 3628/3628/3628 3621/3621/3621 
f 3621/3621/3621 3628/3628/3628 3629/3629/3629 
f 3628/3628/3628 3630/3630/3630 3629/3629/3629 
f 3629/3629/3629 3630/3630/3630 3631/3631/3631 
f 3630/3630/3630 3632/3632/3632 3631/3631/3631 
f 3631/3631/3631 3632/3632/3632 3633/3633/3633 
f 3632/3632/3632 3634/3634/3634 3633/3633/3633 
f 3633/3633/3633 3634/3634/3634 3635/3635/3635 
f 3634/3634/3634 3636/3636/3636 3635/3635/3635 
f 3635/3635/3635 3636/3636/3636 3637/3637/3637 
f 3636/3636/3636 3638/3638/3638 3637/3637/3637 
f 3637/3637/3637 3638/3638/3638 3639/3639/3639 
f 3638/3638/3638 3640/3640/3640 3639/3639/3639 
f 3639/3639/3639 3640/3640/3640 3641/3641/3641 
f 3640/3640/3640 3642/3642/3642 3641/3641/3641 
f 3641/3641/3641 3642/3642/3642 3643/3643/3643 
f 3642/3642/3642 3644/3644/3644 3643/3643/3643 
f 3643/3643/3643 3644/3644/3644 3645/3645/3645 
f 3644/3644/3644 3646/3646/3646 3645/3645/3645 
f 3645/3645/3645 3646/3646/3646 3647/3647/3647 
f 3646/3646/3646 3648/3648/3648 3647/3647/3647 
f 3647/3647/3647 3648/3648/3648 3648/3648/3648 
f 3648/3648/3648 3627/3627/3627 3648/3648/3648 
f 3648/3648/3648 3627/3627/3627 3627/3627/3627 
f 3627/3627/3627 3649/3649/3649 3627/3627/3627 
f 3627/3627/3627 3649/3649/3649 3628/3628/3628 
f 3649/3649/3649 3650/3650/3650 3628/3628/3628 
f 3628/3628/3628 3650/3650/3650 3630/3630/3630 
f 3650/3650/3650 3651/3651/3651 3630/3630/3630 
f 3630/3630/3630 3651/3651/3651 3632/3632/3632 
f 3651/3651/3651 3652/3652/3652 3632/3632/3632 
f 3632/3632/3632 3652/3652/3652 3634/3634/3634 
f 3652/3652/3652 3653/3653/3653 3634/3634/3634 
f 3634/3634/3634 3653/3653/3653 3636/3636/3636 
f 3653/3653/3653 3654/3654/3654 3636/3636/3636 
f 3636/3636/3636 3654/3654/3654 3638/3638/3638 
f 3654/3654/3654 3655/3655/3655 3638/3638/3638 
f 3638/3638/3638 3655/3655/3655 3640/3640/3640 
f 3655/3655/3655 3656/3656/3656 3640/3640/3640 
f 3640/3640/3640 3656/3656/3656 3642/3642/3642 
f 3656/3656/3656 3644/3644/3644 3642/3642/3642 
f 3642/3642/3642 3644/3644/3644 3644/3644/3644 
f 3644/3644/3644 3650/3650/3650 3644/3644/3644 
f 3644/3644/3644 3650/3650/3650 3650/3650/3650 
f 3650/3650/3650 3657/3657/3657 3650/3650/3650 
f 3650/3650/3650 3657/3657/3657 3651/3651/3651 
f 3657/3657/3657 3658/3658/3658 3651/3651/3651 
f 3651/3651/3651 3658/3658/3658 3652/3652/3652 
f 3658/3658/3658 3659/3659/3659 3652/3652/3652 
f 3652/3652/3652 3659/3659/3659 3653/3653/3653 
f 3659/3659/3659 3660/3660/3660 3653/3653/3653 
f 3653/3653/3653 3660/3660/3660 3654/3654/3654 
f 3660/3660/3660 3661/3661/3661 3654/3654/3654 
f 3654/3654/3654 3661/3661/3661 3655/3655/3655 
f 3661/3661/3661 3662/3662/3662 3655/3655/3655 
f 3655/3655/3655 3662/3662/3662 3656/3656/3656 
f 3662/3662/3662 3646/3646/3646 3656/3656/3656 
f 3656/3656/3656 3646/3646/3646 3644/3644/3644 
f 3646/3646/3646 3644/3644/3644 3644/3644/3644 
f 3644/3644/3644 3644/3644/3644 3657/3657/3657 
f 3644/3644/3644 3657/3657/3657 3657/3657/3657 
f 3657/3657/3657 3657/3657/3657 3657/3657/3657 
f 3657/3657/3657 3663/3663/3663 3657/3657/3657 
f 3657/3657/3657 3663/3663/3663 3658/3658/3658 
f 3663/3663/3663 3664/3664/3664 3658/3658/3658 
f 3658/3658/3658 3664/3664/3664 3659/3659/3659 
f 3664/3664/3664 3665/3665/3665 3659/3659/3659 
f 3659/3659/3659 3665/3665/3665 3660/3660/3660 
f 3665/3665/3665 3666/3666/3666 3660/3660/3660 
f 3660/3660/3660 3666/3666/3666 3661/3661/3661 
f 3666/3666/3666 3667/3667/3667 3661/3661/3661 
f 3661/3661/3661 3667/3667/3667 3662/3662/3662 
f 3667/3667/3667 3668/3668/3668 3662/3662/3662 
f 3662/3662/3662 3668/3668/3668 3646/3646/3646 
f 3668/3668/3668 3648/3648/3648 3646/3646/3646 
f 3646/3646/3646 3648/3648/3648 3648/3648/3648 
f 3648/3648/3648 3663/3663/3663 3648/3648/3648 
f 3648/3648/3648 3663/3663/3663 3663/3663/3663 
f 3663/3663/3663 3669/3669/3669 3663/3663/3663 
f 3663/3663/3663 3669/3669/3669 3664/3664/3664 
f 3669/3669/3669 3670/3670/3670 3664/3664/3664 
f 3664/3664/3664 3670/3670/3670 3665/3665/3665 
f 3670/3670/3670 3671/3671/3671 3665/3665/3665 
f 3665/3665/3665 3671/3671/3671 3666/3666/3666 
f 3671/3671/3671 3672/3672/3672 3666/3666/3666 
f 3666/3666/3666 3672/3672/3672 3667/3667/3667 
f 3672/3672/3672 3673/3673/3673 3667/3667/3667 
f 3667/3667/3667 3673/3673/3673 3668/3668/3668 
f 3673/3673/3673 3674/3674/3674 3668/3668/3668 
f 3668/3668/3668 3674/3674/3674 3675/3675/3675 
f 3674/3674/3674 3675/3675/3675 3675/3675/3675 
f 3675/3675/3675 3675/3675/3675 3675/3675/3675 
f 3675/3675/3675 3676/3676/3676 3675/3675/3675 
f 3675/3675/3675 3676/3676/3676 3668/3668/3668 
f 3676/3676/3676 3648/3648/3648 3668/3668/3668 
f 3668/3668/3668 3648/3648/3648 3648/3648/3648 
f 3648/3648/3648 3677/3677/3677 3648/3648/3648 
f 3648/3648/3648 3677/3677/3677 3677/3677/3677 
f 3677/3677/3677 3641/3641/3641 3677/3677/3677 
f 3677/3677/3677 3641/3641/3641 3678/3678/3678 
f 3641/3641/3641 3679/3679/3679 3678/3678/3678 
f 3678/3678/3678 3679/3679/3679 3679/3679/3679 
f 3679/3679/3679 3641/3641/3641 3679/3679/3679 
f 3679/3679/3679 3641/3641/3641 3680/3680/3680 
f 3641/3641/3641 3681/3681/3681 3680/3680/3680 
f 3680/3680/3680 3681/3681/3681 3681/3681/3681 
f 3681/3681/3681 3641/3641/3641 3681/3681/3681 
f 3681/3681/3681 3641/3641/3641 3682/3682/3682 
f 3641/3641/3641 3683/3683/3683 3682/3682/3682 
f 3682/3682/3682 3683/3683/3683 3683/3683/3683 
f 3683/3683/3683 3684/3684/3684 3683/3683/3683 
f 3683/3683/3683 3684/3684/3684 3684/3684/3684 
f 3684/3684/3684 3685/3685/3685 3684/3684/3684 
f 3684/3684/3684 3685/3685/3685 3686/3686/3686 
f 3685/3685/3685 3687/3687/3687 3686/3686/3686 
f 3686/3686/3686 3687/3687/3687 3688/3688/3688 
f 3687/3687/3687 3689/3689/3689 3688/3688/3688 
f 3688/3688/3688 3689/3689/3689 3690/3690/3690 
f 3689/3689/3689 3691/3691/3691 3690/3690/3690 
f 3690/3690/3690 3691/3691/3691 3692/3692/3692 
f 3691/3691/3691 3693/3693/3693 3692/3692/3692 
f 3692/3692/3692 3693/3693/3693 3694/3694/3694 
f 3693/3693/3693 3695/3695/3695 3694/3694/3694 
f 3694/3694/3694 3695/3695/3695 3696/3696/3696 
f 3695/3695/3695 3697/3697/3697 3696/3696/3696 
f 3696/3696/3696 3697/3697/3697 3698/3698/3698 
f 3697/3697/3697 3699/3699/3699 3698/3698/3698 
f 3698/3698/3698 3699/3699/3699 3700/3700/3700 
f 3699/3699/3699 3701/3701/3701 3700/3700/3700 
f 3700/3700/3700 3701/3701/3701 3702/3702/3702 
f 3701/3701/3701 3703/3703/3703 3702/3702/3702 
f 3702/3702/3702 3703/3703/3703 3704/3704/3704 
f 3703/3703/3703 3705/3705/3705 3704/3704/3704 
f 3704/3704/3704 3705/3705/3705 3706/3706/3706 
f 3705/3705/3705 3707/3707/3707 3706/3706/3706 
f 3706/3706/3706 3707/3707/3707 3708/3708/3708 
f 3707/3707/3707 3709/3709/3709 3708/3708/3708 
f 3708/3708/3708 3709/3709/3709 3710/3710/3710 
f 3709/3709/3709 3711/3711/3711 3710/3710/3710 
f 3710/3710/3710 3711/3711/3711 3712/3712/3712 
f 3711/3711/3711 3713/3713/3713 3712/3712/3712 
f 3712/3712/3712 3713/3713/3713 3714/3714/3714 
f 3713/3713/3713 3715/3715/3715 3714/3714/3714 
f 3714/3714/3714 3715/3715/3715 3716/3716/3716 
f 3715/3715/3715 3717/3717/3717 3716/3716/3716 
f 3716/3716/3716 3717/3717/3717 3718/3718/3718 
f 3717/3717/3717 3719/3719/3719 3718/3718/3718 
f 3718/3718/3718 3719/3719/3719 3720/3720/3720 
f 3719/3719/3719 3721/3721/3721 3720/3720/3720 
f 3720/3720/3720 3721/3721/3721 3722/3722/3722 
f 3721/3721/3721 3723/3723/3723 3722/3722/3722 
f 3722/3722/3722 3723/3723/3723 3724/3724/3724 
f 3723/3723/3723 3725/3725/3725 3724/3724/3724 
f 3724/3724/3724 3725/3725/3725 3726/3726/3726 
f 3725/3725/3725 3727/3727/3727 3726/3726/3726 
f 3726/3726/3726 3727/3727/3727 3728/3728/3728 
f 3727/3727/3727 3729/3729/3729 3728/3728/3728 
f 3728/3728/3728 3729/3729/3729 3730/3730/3730 
f 3729/3729/3729 3731/3731/3731 3730/3730/3730 
f 3730/3730/3730 3731/3731/3731 3732/3732/3732 
f 3731/3731/3731 3733/3733/3733 3732/3732/3732 
f 3732/3732/3732 3733/3733/3733 3734/3734/3734 
f 3733/3733/3733 3735/3735/3735 3734/3734/3734 
f 3734/3734/3734 3735/3735/3735 3736/3736/3736 
f 3735/3735/3735 3737/3737/3737 3736/3736/3736 
f 3736/3736/3736 3737/3737/3737 3738/3738/3738 
f 3737/3737/3737 3739/3739/3739 3738/3738/3738 
f 3738/3738/3738 3739/3739/3739 3740/3740/3740 
f 3739/3739/3739 3741/3741/3741 3740/3740/3740 
f 3740/3740/3740 3741/3741/3741 3742/3742/3742 
f 3741/3741/3741 3743/3743/3743 3742/3742/3742 
f 3742/3742/3742 3743/3743/3743 3744/3744/3744 
f 3743/3743/3743 3745/3745/3745 3744/3744/3744 
f 3744/3744/3744 3745/3745/3745 3746/3746/3746 
f 3745/3745/3745 3747/3747/3747 3746/3746/3746 
f 3746/3746/3746 3747/3747/3747 3747/3747/3747 
f 3747/3747/3747 3748/3748/3748 3747/3747/3747 
f 3747/3747/3747 3748/3748/3748 3748/3748/3748 
f 3748/3748/3748 3749/3749/3749 3748/3748/3748 
f 3748/3748/3748 3749/3749/3749 3750/3750/3750 
f 3749/3749/3749 3751/3751/3751 3750/3750/3750 
f 3750/3750/3750 3751/3751/3751 3752/3752/3752 
f 3751/3751/3751 3753/3753/3753 3752/3752/3752 
f 3752/3752/3752 3753/3753/3753 3753/3753/3753 
f 3753/3753/3753 3754/3754/3754 3753/3753/3753 
f 3753/3753/3753 3754/3754/3754 3754/3754/3754 
f 3754/3754/3754 3755/3755/3755 3754/3754/3754 
f 3754/3754/3754 3755/3755/3755 3756/3756/3756 
f 3755/3755/3755 3757/3757/3757 3756/3756/3756 
f 3756/3756/3756 3757/3757/3757 3758/3758/3758 
f 3757/3757/3757 3759/3759/3759 3758/3758/3758 
f 3758/3758/3758 3759/3759/3759 3760/3760/3760 
f 3759/3759/3759 3761/3761/3761 3760/3760/3760 
f 3760/3760/3760 3761/3761/3761 3762/3762/3762 
f 3761/3761/3761 3763/3763/3763 3762/3762/3762 
f 3762/3762/3762 3763/3763/3763 3764/3764/3764 
f 3763/3763/3763 3765/3765/3765 3764/3764/3764 
f 3764/3764/3764 3765/3765/3765 3766/3766/3766 
f 3765/3765/3765 3767/3767/3767 3766/3766/3766 
f 3766/3766/3766 3767/3767/3767 3768/3768/3768 
f 3767/3767/3767 3769/3769/3769 3768/3768/3768 
f 3768/3768/3768 3769/3769/3769 3770/3770/3770 
f 3769/3769/3769 3771/3771/3771 3770/3770/3770 
f 3770/3770/3770 3771/3771/3771 3772/3772/3772 
f 3771/3771/3771 3773/3773/3773 3772/3772/3772 
f 3772/3772/3772 3773/3773/3773 3773/3773/3773 
f 3773/3773/3773 3774/3774/3774 3773/3773/3773 
f 3773/3773/3773 3774/3774/3774 3774/3774/3774 
f 3774/3774/3774 3775/3775/3775 3774/3774/3774 
f 3774/3774/3774 3775/3775/3775 3776/3776/3776 
f 3775/3775/3775 3777/3777/3777 3776/3776/3776 
f 3776/3776/3776 3777/3777/3777 3778/3778/3778 
f 3777/3777/3777 3778/3778/3778 3778/3778/3778 
f 3778/3778/3778 3778/3778/3778 3778/3778/3778 
f 3778/3778/3778 3779/3779/3779 3778/3778/3778 
f 3778/3778/3778 3779/3779/3779 3776/3776/3776 
f 3779/3779/3779 3780/3780/3780 3776/3776/3776 
f 3776/3776/3776 3780/3780/3780 3781/3781/3781 
f 3780/3780/3780 3781/3781/3781 3781/3781/3781 
f 3781/3781/3781 3781/3781/3781 3781/3781/3781 
f 3781/3781/3781 3782/3782/3782 3781/3781/3781 
f 3781/3781/3781 3782/3782/3782 3776/3776/3776 
f 3782/3782/3782 3783/3783/3783 3776/3776/3776 
f 3776/3776/3776 3783/3783/3783 3784/3784/3784 
f 3783/3783/3783 3785/3785/3785 3784/3784/3784 
f 3784/3784/3784 3785/3785/3785 3786/3786/3786 
f 3785/3785/3785 3787/3787/3787 3786/3786/3786 
f 3786/3786/3786 3787/3787/3787 3788/3788/3788 
f 3787/3787/3787 3789/3789/3789 3788/3788/3788 
f 3788/3788/3788 3789/3789/3789 3790/3790/3790 
f 3789/3789/3789 3791/3791/3791 3790/3790/3790 
f 3790/3790/3790 3791/3791/3791 3792/3792/3792 
f 3791/3791/3791 3792/3792/3792 3792/3792/3792 
f 3792/3792/3792 3792/3792/3792 3792/3792/3792 
f 3792/3792/3792 3793/3793/3793 3792/3792/3792 
f 3792/3792/3792 3793/3793/3793 3790/3790/3790 
f 3793/3793/3793 3794/3794/3794 3790/3790/3790 
f 3790/3790/3790 3794/3794/3794 3788/3788/3788 
f 3794/3794/3794 3795/3795/3795 3788/3788/3788 
f 3788/3788/3788 3795/3795/3795 3786/3786/3786 
f 3795/3795/3795 3796/3796/3796 3786/3786/3786 
f 3786/3786/3786 3796/3796/3796 3784/3784/3784 
f 3796/3796/3796 3797/3797/3797 3784/3784/3784 
f 3784/3784/3784 3797/3797/3797 3776/3776/3776 
f 3797/3797/3797 3776/3776/3776 3776/3776/3776 
f 3776/3776/3776 3776/3776/3776 3793/3793/3793 
f 3776/3776/3776 3793/3793/3793 3793/3793/3793 
f 3793/3793/3793 3793/3793/3793 3793/3793/3793 
f 3793/3793/3793 3798/3798/3798 3793/3793/3793 
f 3793/3793/3793 3798/3798/3798 3794/3794/3794 
f 3798/3798/3798 3799/3799/3799 3794/3794/3794 
f 3794/3794/3794 3799/3799/3799 3795/3795/3795 
f 3799/3799/3799 3800/3800/3800 3795/3795/3795 
f 3795/3795/3795 3800/3800/3800 3796/3796/3796 
f 3800/3800/3800 3801/3801/3801 3796/3796/3796 
f 3796/3796/3796 3801/3801/3801 3797/3797/3797 
f 3801/3801/3801 3797/3797/3797 3797/3797/3797 
f 3797/3797/3797 3797/3797/3797 3798/3798/3798 
f 3797/3797/3797 3798/3798/3798 3798/3798/3798 
f 3798/3798/3798 3798/3798/3798 3798/3798/3798 
f 3798/3798/3798 3802/3802/3802 3798/3798/3798 
f 3798/3798/3798 3802/3802/3802 3799/3799/3799 
f 3802/3802/3802 3803/3803/3803 3799/3799/3799 
f 3799/3799/3799 3803/3803/3803 3800/3800/3800 
f 3803/3803/3803 3804/3804/3804 3800/3800/3800 
f 3800/3800/3800 3804/3804/3804 3801/3801/3801 
f 3804/3804/3804 3801/3801/3801 3801/3801/3801 
f 3801/3801/3801 3801/3801/3801 3802/3802/3802 
f 3801/3801/3801 3802/3802/3802 3802/3802/3802 
f 3802/3802/3802 3802/3802/3802 3802/3802/3802 
f 3802/3802/3802 3805/3805/3805 3802/3802/3802 
f 3802/3802/3802 3805/3805/3805 3803/3803/3803 
f 3805/3805/3805 3806/3806/3806 3803/3803/3803 
f 3803/3803/3803 3806/3806/3806 3804/3804/3804 
f 3806/3806/3806 3804/3804/3804 3804/3804/3804 
f 3804/3804/3804 3804/3804/3804 3806/3806/3806 
f 3804/3804/3804 3806/3806/3806 3806/3806/3806 
f 3806/3806/3806 3806/3806/3806 3806/3806/3806 
f 3806/3806/3806 3805/3805/3805 3806/3806/3806 
f 3806/3806/3806 3805/3805/3805 3807/3807/3807 
f 3805/3805/3805 3808/3808/3808 3807/3807/3807 
f 3807/3807/3807 3808/3808/3808 3809/3809/3809 
f 3808/3808/3808 3810/3810/3810 3809/3809/3809 
f 3809/3809/3809 3810/3810/3810 3811/3811/3811 
f 3810/3810/3810 3812/3812/3812 3811/3811/3811 
f 3811/3811/3811 3812/3812/3812 3813/3813/3813 
f 3812/3812/3812 3813/3813/3813 3813/3813/3813 
f 3813/3813/3813 3813/3813/3813 3808/3808/3808 
f 3813/3813/3813 3808/3808/3808 3808/3808/3808 
f 3808/3808/3808 3808/3808/3808 3808/3808/3808 
f 3808/3808/3808 3805/3805/3805 3808/3808/3808 
f 3808/3808/3808 3805/3805/3805 3814/3814/3814 
f 3805/3805/3805 3802/3802/3802 3814/3814/3814 
f 3814/3814/3814 3802/3802/3802 3815/3815/3815 
f 3802/3802/3802 3798/3798/3798 3815/3815/3815 
f 3815/3815/3815 3798/3798/3798 3816/3816/3816 
f 3798/3798/3798 3793/3793/3793 3816/3816/3816 
f 3816/3816/3816 3793/3793/3793 3817/3817/3817 
f 3793/3793/3793 3792/3792/3792 3817/3817/3817 
f 3817/3817/3817 3792/3792/3792 3792/3792/3792 
f 3792/3792/3792 3817/3817/3817 3792/3792/3792 
f 3792/3792/3792 3817/3817/3817 3817/3817/3817 
f 3817/3817/3817 3818/3818/3818 3817/3817/3817 
f 3817/3817/3817 3818/3818/3818 3816/3816/3816 
f 3818/3818/3818 3819/3819/3819 3816/3816/3816 
f 3816/3816/3816 3819/3819/3819 3815/3815/3815 
f 3819/3819/3819 3820/3820/3820 3815/3815/3815 
f 3815/3815/3815 3820/3820/3820 3814/3814/3814 
f 3820/3820/3820 3821/3821/3821 3814/3814/3814 
f 3814/3814/3814 3821/3821/3821 3808/3808/3808 
f 3821/3821/3821 3810/3810/3810 3808/3808/3808 
f 3808/3808/3808 3810/3810/3810 3810/3810/3810 
f 3810/3810/3810 3818/3818/3818 3810/3810/3810 
f 3810/3810/3810 3818/3818/3818 3818/3818/3818 
f 3818/3818/3818 3822/3822/3822 3818/3818/3818 
f 3818/3818/3818 3822/3822/3822 3819/3819/3819 
f 3822/3822/3822 3823/3823/3823 3819/3819/3819 
f 3819/3819/3819 3823/3823/3823 3820/3820/3820 
f 3823/3823/3823 3824/3824/3824 3820/3820/3820 
f 3820/3820/3820 3824/3824/3824 3821/3821/3821 
f 3824/3824/3824 3825/3825/3825 3821/3821/3821 
f 3821/3821/3821 3825/3825/3825 3826/3826/3826 
f 3825/3825/3825 3826/3826/3826 3826/3826/3826 
f 3826/3826/3826 3826/3826/3826 3822/3822/3822 
f 3826/3826/3826 3822/3822/3822 3822/3822/3822 
f 3822/3822/3822 3822/3822/3822 3822/3822/3822 
f 3822/3822/3822 3827/3827/3827 3822/3822/3822 
f 3822/3822/3822 3827/3827/3827 3823/3823/3823 
f 3827/3827/3827 3828/3828/3828 3823/3823/3823 
f 3823/3823/3823 3828/3828/3828 3824/3824/3824 
f 3828/3828/3828 3825/3825/3825 3824/3824/3824 
f 3824/3824/3824 3825/3825/3825 3825/3825/3825 
f 3825/3825/3825 3827/3827/3827 3825/3825/3825 
f 3825/3825/3825 3827/3827/3827 3827/3827/3827 
f 3827/3827/3827 3829/3829/3829 3827/3827/3827 
f 3827/3827/3827 3829/3829/3829 3828/3828/3828 
f 3829/3829/3829 3830/3830/3830 3828/3828/3828 
f 3828/3828/3828 3830/3830/3830 3831/3831/3831 
f 3830/3830/3830 3831/3831/3831 3831/3831/3831 
f 3831/3831/3831 3831/3831/3831 3813/3813/3813 
f 3831/3831/3831 3813/3813/3813 3813/3813/3813 
f 3813/3813/3813 3813/3813/3813 3813/3813/3813 
f 3813/3813/3813 3832/3832/3832 3813/3813/3813 
f 3813/3813/3813 3832/3832/3832 3811/3811/3811 
f 3832/3832/3832 3833/3833/3833 3811/3811/3811 
f 3811/3811/3811 3833/3833/3833 3834/3834/3834 
f 3833/3833/3833 3834/3834/3834 3834/3834/3834 
f 3834/3834/3834 3834/3834/3834 3834/3834/3834 
f 3834/3834/3834 3835/3835/3835 3834/3834/3834 
f 3834/3834/3834 3835/3835/3835 3811/3811/3811 
f 3835/3835/3835 3836/3836/3836 3811/3811/3811 
f 3811/3811/3811 3836/3836/3836 3837/3837/3837 
f 3836/3836/3836 3837/3837/3837 3837/3837/3837 
f 3837/3837/3837 3837/3837/3837 3821/3821/3821 
f 3837/3837/3837 3821/3821/3821 3821/3821/3821 
f 3821/3821/3821 3821/3821/3821 3821/3821/3821 
f 3821/3821/3821 3826/3826/3826 3821/3821/3821 
f 3821/3821/3821 3826/3826/3826 3810/3810/3810 
f 3826/3826/3826 3812/3812/3812 3810/3810/3810 
f 3810/3810/3810 3812/3812/3812 3812/3812/3812 
f 3812/3812/3812 3669/3669/3669 3812/3812/3812 
f 3812/3812/3812 3669/3669/3669 3669/3669/3669 
f 3669/3669/3669 3663/3663/3663 3669/3669/3669 
f 3669/3669/3669 3663/3663/3663 3838/3838/3838 
f 3663/3663/3663 3839/3839/3839 3838/3838/3838 
f 3838/3838/3838 3839/3839/3839 3840/3840/3840 
f 3839/3839/3839 3841/3841/3841 3840/3840/3840 
f 3840/3840/3840 3841/3841/3841 3842/3842/3842 
f 3841/3841/3841 3843/3843/3843 3842/3842/3842 
f 3842/3842/3842 3843/3843/3843 3843/3843/3843 
f 3843/3843/3843 3663/3663/3663 3843/3843/3843 
f 3843/3843/3843 3663/3663/3663 3663/3663/3663 
f 3663/3663/3663 3657/3657/3657 3663/3663/3663 
f 3663/3663/3663 3657/3657/3657 3839/3839/3839 
f 3657/3657/3657 3844/3844/3844 3839/3839/3839 
f 3839/3839/3839 3844/3844/3844 3841/3841/3841 
f 3844/3844/3844 3845/3845/3845 3841/3841/3841 
f 3841/3841/3841 3845/3845/3845 3846/3846/3846 
f 3845/3845/3845 3846/3846/3846 3846/3846/3846 
f 3846/3846/3846 3846/3846/3846 3657/3657/3657 
f 3846/3846/3846 3657/3657/3657 3657/3657/3657 
f 3657/3657/3657 3657/3657/3657 3657/3657/3657 
f 3657/3657/3657 3650/3650/3650 3657/3657/3657 
f 3657/3657/3657 3650/3650/3650 3844/3844/3844 
f 3650/3650/3650 3845/3845/3845 3844/3844/3844 
f 3844/3844/3844 3845/3845/3845 3845/3845/3845 
f 3845/3845/3845 3791/3791/3791 3845/3845/3845 
f 3845/3845/3845 3791/3791/3791 3791/3791/3791 
f 3791/3791/3791 3789/3789/3789 3791/3791/3791 
f 3791/3791/3791 3789/3789/3789 3847/3847/3847 
f 3789/3789/3789 3848/3848/3848 3847/3847/3847 
f 3847/3847/3847 3848/3848/3848 3849/3849/3849 
f 3848/3848/3848 3850/3850/3850 3849/3849/3849 
f 3849/3849/3849 3850/3850/3850 3850/3850/3850 
f 3850/3850/3850 3789/3789/3789 3850/3850/3850 
f 3850/3850/3850 3789/3789/3789 3789/3789/3789 
f 3789/3789/3789 3787/3787/3787 3789/3789/3789 
f 3789/3789/3789 3787/3787/3787 3848/3848/3848 
f 3787/3787/3787 3851/3851/3851 3848/3848/3848 
f 3848/3848/3848 3851/3851/3851 3852/3852/3852 
f 3851/3851/3851 3853/3853/3853 3852/3852/3852 
f 3852/3852/3852 3853/3853/3853 3853/3853/3853 
f 3853/3853/3853 3851/3851/3851 3853/3853/3853 
f 3853/3853/3853 3851/3851/3851 3854/3854/3854 
f 3851/3851/3851 3855/3855/3855 3854/3854/3854 
f 3854/3854/3854 3855/3855/3855 3782/3782/3782 
f 3855/3855/3855 3783/3783/3783 3782/3782/3782 
f 3782/3782/3782 3783/3783/3783 3783/3783/3783 
f 3783/3783/3783 3855/3855/3855 3783/3783/3783 
f 3783/3783/3783 3855/3855/3855 3785/3785/3785 
f 3855/3855/3855 3851/3851/3851 3785/3785/3785 
f 3785/3785/3785 3851/3851/3851 3787/3787/3787 
f 3851/3851/3851 3787/3787/3787 3787/3787/3787 
f 3787/3787/3787 3787/3787/3787 3852/3852/3852 
f 3787/3787/3787 3852/3852/3852 3852/3852/3852 
f 3852/3852/3852 3852/3852/3852 3852/3852/3852 
f 3852/3852/3852 3856/3856/3856 3852/3852/3852 
f 3852/3852/3852 3856/3856/3856 3848/3848/3848 
f 3856/3856/3856 3850/3850/3850 3848/3848/3848 
f 3848/3848/3848 3850/3850/3850 3850/3850/3850 
f 3850/3850/3850 3857/3857/3857 3850/3850/3850 
f 3850/3850/3850 3857/3857/3857 3857/3857/3857 
f 3857/3857/3857 3858/3858/3858 3857/3857/3857 
f 3857/3857/3857 3858/3858/3858 3859/3859/3859 
f 3858/3858/3858 3860/3860/3860 3859/3859/3859 
f 3859/3859/3859 3860/3860/3860 3861/3861/3861 
f 3860/3860/3860 3861/3861/3861 3861/3861/3861 
f 3861/3861/3861 3861/3861/3861 3859/3859/3859 
f 3861/3861/3861 3859/3859/3859 3859/3859/3859 
f 3859/3859/3859 3859/3859/3859 3859/3859/3859 
f 3859/3859/3859 3861/3861/3861 3859/3859/3859 
f 3859/3859/3859 3861/3861/3861 3862/3862/3862 
f 3861/3861/3861 3863/3863/3863 3862/3862/3862 
f 3862/3862/3862 3863/3863/3863 3863/3863/3863 
f 3863/3863/3863 3861/3861/3861 3863/3863/3863 
f 3863/3863/3863 3861/3861/3861 3861/3861/3861 
f 3861/3861/3861 3864/3864/3864 3861/3861/3861 
f 3861/3861/3861 3864/3864/3864 3863/3863/3863 
f 3864/3864/3864 3865/3865/3865 3863/3863/3863 
f 3863/3863/3863 3865/3865/3865 3865/3865/3865 
f 3865/3865/3865 3864/3864/3864 3865/3865/3865 
f 3865/3865/3865 3864/3864/3864 3864/3864/3864 
f 3864/3864/3864 3866/3866/3866 3864/3864/3864 
f 3864/3864/3864 3866/3866/3866 3865/3865/3865 
f 3866/3866/3866 3867/3867/3867 3865/3865/3865 
f 3865/3865/3865 3867/3867/3867 3868/3868/3868 
f 3867/3867/3867 3869/3869/3869 3868/3868/3868 
f 3868/3868/3868 3869/3869/3869 3869/3869/3869 
f 3869/3869/3869 3867/3867/3867 3869/3869/3869 
f 3869/3869/3869 3867/3867/3867 3867/3867/3867 
f 3867/3867/3867 3870/3870/3870 3867/3867/3867 
f 3867/3867/3867 3870/3870/3870 3869/3869/3869 
f 3870/3870/3870 3871/3871/3871 3869/3869/3869 
f 3869/3869/3869 3871/3871/3871 3871/3871/3871 
f 3871/3871/3871 3870/3870/3870 3871/3871/3871 
f 3871/3871/3871 3870/3870/3870 3870/3870/3870 
f 3870/3870/3870 3872/3872/3872 3870/3870/3870 
f 3870/3870/3870 3872/3872/3872 3871/3871/3871 
f 3872/3872/3872 3873/3873/3873 3871/3871/3871 
f 3871/3871/3871 3873/3873/3873 3874/3874/3874 
f 3873/3873/3873 3875/3875/3875 3874/3874/3874 
f 3874/3874/3874 3875/3875/3875 3875/3875/3875 
f 3875/3875/3875 3873/3873/3873 3875/3875/3875 
f 3875/3875/3875 3873/3873/3873 3873/3873/3873 
f 3873/3873/3873 3876/3876/3876 3873/3873/3873 
f 3873/3873/3873 3876/3876/3876 3875/3875/3875 
f 3876/3876/3876 3877/3877/3877 3875/3875/3875 
f 3875/3875/3875 3877/3877/3877 3877/3877/3877 
f 3877/3877/3877 3876/3876/3876 3877/3877/3877 
f 3877/3877/3877 3876/3876/3876 3876/3876/3876 
f 3876/3876/3876 3878/3878/3878 3876/3876/3876 
f 3876/3876/3876 3878/3878/3878 3877/3877/3877 
f 3878/3878/3878 3879/3879/3879 3877/3877/3877 
f 3877/3877/3877 3879/3879/3879 3880/3880/3880 
f 3879/3879/3879 3881/3881/3881 3880/3880/3880 
f 3880/3880/3880 3881/3881/3881 3882/3882/3882 
f 3881/3881/3881 3883/3883/3883 3882/3882/3882 
f 3882/3882/3882 3883/3883/3883 3884/3884/3884 
f 3883/3883/3883 3885/3885/3885 3884/3884/3884 
f 3884/3884/3884 3885/3885/3885 3886/3886/3886 
f 3885/3885/3885 3887/3887/3887 3886/3886/3886 
f 3886/3886/3886 3887/3887/3887 3888/3888/3888 
f 3887/3887/3887 3885/3885/3885 3888/3888/3888 
f 3888/3888/3888 3885/3885/3885 3889/3889/3889 
f 3885/3885/3885 3890/3890/3890 3889/3889/3889 
f 3889/3889/3889 3890/3890/3890 3891/3891/3891 
f 3890/3890/3890 3892/3892/3892 3891/3891/3891 
f 3891/3891/3891 3892/3892/3892 3892/3892/3892 
f 3892/3892/3892 3885/3885/3885 3892/3892/3892 
f 3892/3892/3892 3885/3885/3885 3885/3885/3885 
f 3885/3885/3885 3883/3883/3883 3885/3885/3885 
f 3885/3885/3885 3883/3883/3883 3890/3890/3890 
f 3883/3883/3883 3881/3881/3881 3890/3890/3890 
f 3890/3890/3890 3881/3881/3881 3893/3893/3893 
f 3881/3881/3881 3892/3892/3892 3893/3893/3893 
f 3893/3893/3893 3892/3892/3892 3890/3890/3890 
f 3892/3892/3892 3890/3890/3890 3890/3890/3890 
f 3890/3890/3890 3890/3890/3890 3878/3878/3878 
f 3890/3890/3890 3878/3878/3878 3878/3878/3878 
f 3878/3878/3878 3878/3878/3878 3878/3878/3878 
f 3878/3878/3878 3894/3894/3894 3878/3878/3878 
f 3878/3878/3878 3894/3894/3894 3879/3879/3879 
f 3894/3894/3894 3895/3895/3895 3879/3879/3879 
f 3879/3879/3879 3895/3895/3895 3895/3895/3895 
f 3895/3895/3895 3877/3877/3877 3895/3895/3895 
f 3895/3895/3895 3877/3877/3877 3877/3877/3877 
f 3877/3877/3877 3880/3880/3880 3877/3877/3877 
f 3877/3877/3877 3880/3880/3880 3896/3896/3896 
f 3880/3880/3880 3897/3897/3897 3896/3896/3896 
f 3896/3896/3896 3897/3897/3897 3898/3898/3898 
f 3897/3897/3897 3880/3880/3880 3898/3898/3898 
f 3898/3898/3898 3880/3880/3880 3882/3882/3882 
f 3880/3880/3880 3882/3882/3882 3882/3882/3882 
f 3882/3882/3882 3882/3882/3882 3898/3898/3898 
f 3882/3882/3882 3898/3898/3898 3898/3898/3898 
f 3898/3898/3898 3898/3898/3898 3898/3898/3898 
f 3898/3898/3898 3882/3882/3882 3898/3898/3898 
f 3898/3898/3898 3882/3882/3882 3899/3899/3899 
f 3882/3882/3882 3884/3884/3884 3899/3899/3899 
f 3899/3899/3899 3884/3884/3884 3900/3900/3900 
f 3884/3884/3884 3886/3886/3886 3900/3900/3900 
f 3900/3900/3900 3886/3886/3886 3901/3901/3901 
f 3886/3886/3886 3902/3902/3902 3901/3901/3901 
f 3901/3901/3901 3902/3902/3902 3902/3902/3902 
f 3902/3902/3902 3898/3898/3898 3902/3902/3902 
f 3902/3902/3902 3898/3898/3898 3898/3898/3898 
f 3898/3898/3898 3899/3899/3899 3898/3898/3898 
f 3898/3898/3898 3899/3899/3899 3903/3903/3903 
f 3899/3899/3899 3900/3900/3900 3903/3903/3903 
f 3903/3903/3903 3900/3900/3900 3904/3904/3904 
f 3900/3900/3900 3905/3905/3905 3904/3904/3904 
f 3904/3904/3904 3905/3905/3905 3903/3903/3903 
f 3905/3905/3905 3906/3906/3906 3903/3903/3903 
f 3903/3903/3903 3906/3906/3906 3907/3907/3907 
f 3906/3906/3906 3907/3907/3907 3907/3907/3907 
f 3907/3907/3907 3907/3907/3907 3903/3903/3903 
f 3907/3907/3907 3903/3903/3903 3903/3903/3903 
f 3903/3903/3903 3903/3903/3903 3903/3903/3903 
f 3903/3903/3903 3907/3907/3907 3903/3903/3903 
f 3903/3903/3903 3907/3907/3907 3898/3898/3898 
f 3907/3907/3907 3896/3896/3896 3898/3898/3898 
f 3898/3898/3898 3896/3896/3896 3896/3896/3896 
f 3896/3896/3896 3909/3909/3909 3896/3896/3896 
f 3896/3896/3896 3909/3909/3909 3909/3909/3909 
f 3909/3909/3909 3910/3910/3910 3909/3909/3909 
f 3909/3909/3909 3910/3910/3910 3911/3911/3911 
f 3910/3910/3910 3912/3912/3912 3911/3911/3911 
f 3911/3911/3911 3912/3912/3912 3913/3913/3913 
f 3912/3912/3912 3914/3914/3914 3913/3913/3913 
f 3913/3913/3913 3914/3914/3914 3915/3915/3915 
f 3914/3914/3914 3916/3916/3916 3915/3915/3915 
f 3915/3915/3915 3916/3916/3916 3917/3917/3917 
f 3916/3916/3916 3918/3918/3918 3917/3917/3917 
f 3917/3917/3917 3918/3918/3918 3919/3919/3919 
f 3918/3918/3918 3920/3920/3920 3919/3919/3919 
f 3919/3919/3919 3920/3920/3920 3921/3921/3921 
f 3920/3920/3920 3922/3922/3922 3921/3921/3921 
f 3921/3921/3921 3922/3922/3922 3923/3923/3923 
f 3922/3922/3922 3924/3924/3924 3923/3923/3923 
f 3923/3923/3923 3924/3924/3924 3925/3925/3925 
f 3924/3924/3924 3926/3926/3926 3925/3925/3925 
f 3925/3925/3925 3926/3926/3926 3927/3927/3927 
f 3926/3926/3926 3928/3928/3928 3927/3927/3927 
f 3927/3927/3927 3928/3928/3928 3929/3929/3929 
f 3928/3928/3928 3930/3930/3930 3929/3929/3929 
f 3929/3929/3929 3930/3930/3930 3931/3931/3931 
f 3930/3930/3930 3932/3932/3932 3931/3931/3931 
f 3931/3931/3931 3932/3932/3932 3933/3933/3933 
f 3932/3932/3932 3934/3934/3934 3933/3933/3933 
f 3933/3933/3933 3934/3934/3934 3935/3935/3935 
f 3934/3934/3934 3936/3936/3936 3935/3935/3935 
f 3935/3935/3935 3936/3936/3936 3937/3937/3937 
f 3936/3936/3936 3938/3938/3938 3937/3937/3937 
f 3937/3937/3937 3938/3938/3938 3939/3939/3939 
f 3938/3938/3938 3940/3940/3940 3939/3939/3939 
f 3939/3939/3939 3940/3940/3940 3941/3941/3941 
f 3940/3940/3940 3942/3942/3942 3941/3941/3941 
f 3941/3941/3941 3942/3942/3942 3942/3942/3942 
f 3942/3942/3942 3943/3943/3943 3942/3942/3942 
f 3942/3942/3942 3943/3943/3943 3943/3943/3943 
f 3943/3943/3943 3944/3944/3944 3943/3943/3943 
f 3943/3943/3943 3944/3944/3944 3945/3945/3945 
f 3944/3944/3944 3946/3946/3946 3945/3945/3945 
f 3945/3945/3945 3946/3946/3946 3947/3947/3947 
f 3946/3946/3946 3947/3947/3947 3947/3947/3947 
f 3947/3947/3947 3947/3947/3947 3947/3947/3947 
f 3947/3947/3947 3948/3948/3948 3947/3947/3947 
f 3947/3947/3947 3948/3948/3948 3945/3945/3945 
f 3948/3948/3948 3949/3949/3949 3945/3945/3945 
f 3945/3945/3945 3949/3949/3949 3950/3950/3950 
f 3949/3949/3949 3950/3950/3950 3950/3950/3950 
f 3950/3950/3950 3950/3950/3950 3950/3950/3950 
f 3950/3950/3950 3951/3951/3951 3950/3950/3950 
f 3950/3950/3950 3951/3951/3951 3945/3945/3945 
f 3951/3951/3951 3952/3952/3952 3945/3945/3945 
f 3945/3945/3945 3952/3952/3952 3953/3953/3953 
f 3952/3952/3952 3953/3953/3953 3953/3953/3953 
f 3953/3953/3953 3953/3953/3953 3953/3953/3953 
f 3953/3953/3953 3954/3954/3954 3953/3953/3953 
f 3953/3953/3953 3954/3954/3954 3945/3945/3945 
f 3954/3954/3954 3955/3955/3955 3945/3945/3945 
f 3945/3945/3945 3955/3955/3955 3956/3956/3956 
f 3955/3955/3955 3956/3956/3956 3956/3956/3956 
f 3956/3956/3956 3956/3956/3956 3956/3956/3956 
f 3956/3956/3956 3957/3957/3957 3956/3956/3956 
f 3956/3956/3956 3957/3957/3957 3945/3945/3945 
f 3957/3957/3957 3958/3958/3958 3945/3945/3945 
f 3945/3945/3945 3958/3958/3958 3959/3959/3959 
f 2788/2788/2788 2764/2764/2764 2762/2762/2762 
f 2864/2864/2864 2848/2848/2848 2846/2846/2846 
f 2781/2781/2781 2783/2783/2783 2785/2785/2785 
f 2942/2942/2942 2853/2853/2853 2855/2855/2855 
f 2934/2934/2934 2936/2936/2936 3000/3000/3000 
f 2969/2969/2969 2971/2971/2971 3079/3079/3079 
f 2812/2812/2812 2805/2805/2805 2842/2842/2842 
f 3185/3185/3185 3165/3165/3165 3224/3224/3224 
f 3570/3570/3570 3498/3498/3498 3569/3569/3569 
f 3571/3571/3571 3572/3572/3572 3573/3573/3573 
f 3574/3574/3574 3575/3575/3575 3576/3576/3576 
f 3577/3577/3577 3578/3578/3578 3579/3579/3579 
f 3580/3580/3580 3581/3581/3581 3582/3582/3582 
f 3583/3583/3583 3584/3584/3584 3585/3585/3585 
f 3586/3586/3586 3587/3587/3587 3588/3588/3588 
f 3589/3589/3589 3590/3590/3590 3591/3591/3591 
f 3592/3592/3592 3593/3593/3593 3594/3594/3594 
f 3595/3595/3595 3596/3596/3596 3597/3597/3597 
f 3598/3598/3598 3599/3599/3599 3600/3600/3600 
f 3601/3601/3601 3602/3602/3602 3603/3603/3603 
f 3604/3604/3604 3605/3605/3605 3606/3606/3606 
f 3607/3607/3607 3608/3608/3608 3609/3609/3609 
f 3610/3610/3610 3611/3611/3611 3612/3612/3612 
f 3613/3613/3613 3614/3614/3614 3615/3615/3615 
f 3616/3616/3616 3617/3617/3617 3618/3618/3618 
f 3402/3402/3402 3393/3393/3393 3394/3394/3394 
f 3841/3841/3841 3846/3846/3846 3843/3843/3843 
f 3641/3641/3641 3643/3643/3643 3683/3683/3683 
f 3845/3845/3845 3650/3650/3650 3649/3649/3649 
f 3828/3828/3828 3831/3831/3831 3825/3825/3825 
f 3895/3895/3895 3894/3894/3894 3908/3908/3908 
f 3888/3888/3888 3902/3902/3902 3886/3886/3886 
f 3900/3900/3900 3901/3901/3901 3905/3905/3905 
f 3881/3881/3881 3879/3879/3879 3892/3892/3892 
f 3959/3959/3959 3943/3943/3943 3945/3945/3945 

