mtllib model_4.mtl
o model_4
v -1.3634990453720093 -0.059999000281095505 0 
v -1.3634990453720093 -0.055431999266147614 0.022960999980568886 
v -1.3669990301132202 -0.059999000281095505 0 
v -1.3669990301132202 -0.055431999266147614 0.022960999980568886 
v -1.3634990453720093 -0.04242600128054619 0.04242600128054619 
v -1.3669990301132202 -0.04242600128054619 0.04242600128054619 
v -1.3634990453720093 -0.022960999980568886 0.055431999266147614 
v -1.3669990301132202 -0.022960999980568886 0.055431999266147614 
v -1.3634990453720093 0 0.059999000281095505 
v -1.3669990301132202 0 0.059999000281095505 
v -1.3634990453720093 0.022960999980568886 0.055431999266147614 
v -1.3669990301132202 0.022960999980568886 0.055431999266147614 
v -1.3634990453720093 0.04242600128054619 0.04242600128054619 
v -1.3669990301132202 0.04242600128054619 0.04242600128054619 
v -1.3634990453720093 0.055431999266147614 0.022960999980568886 
v -1.3669990301132202 0.055431999266147614 0.022960999980568886 
v -1.3634990453720093 0.059999000281095505 0 
v -1.3669990301132202 0.059999000281095505 0 
v -1.3634990453720093 0.055431999266147614 -0.022960999980568886 
v -1.3669990301132202 0.055431999266147614 -0.022960999980568886 
v -1.3634990453720093 0.04242600128054619 -0.04242600128054619 
v -1.3669990301132202 0.04242600128054619 -0.04242600128054619 
v -1.3634990453720093 0.022960999980568886 -0.055431999266147614 
v -1.3669990301132202 0.022960999980568886 -0.055431999266147614 
v -1.3634990453720093 0 -0.059999000281095505 
v -1.3669990301132202 0 -0.059999000281095505 
v -1.355499029159546 0 -0.06800000369548798 
v -1.355499029159546 0.008303999900817871 -0.06634800136089325 
v -1.3561090230941772 0 -0.0649380013346672 
v -1.355499029159546 0.014677999541163445 -0.06508000195026398 
v -1.3561090230941772 0.02484999969601631 -0.05999499931931496 
v -1.355499029159546 0.02602200023829937 -0.06282299757003784 
v -1.355499029159546 0.04259800165891647 -0.05174800008535385 
v -1.3561090230941772 0.045917998999357224 -0.045917998999357224 
v -1.355499029159546 0.048082999885082245 -0.048082999885082245 
v -1.355499029159546 0.05174800008535385 -0.04259800165891647 
v -1.3561090230941772 0.05999499931931496 -0.02484999969601631 
v -1.355499029159546 0.06282299757003784 -0.02602200023829937 
v -1.355499029159546 0.06508000195026398 -0.014677999541163445 
v -1.3561090230941772 0.0649380013346672 0 
v -1.355499029159546 0.06634800136089325 -0.008303999900817871 
v -1.355499029159546 0.06800000369548798 0 
v -1.355499029159546 0.06634800136089325 0.008303999900817871 
v -1.355499029159546 0.06508000195026398 0.014677999541163445 
v -1.3561090230941772 0.05999499931931496 0.02484999969601631 
v -1.355499029159546 0.06282299757003784 0.02602200023829937 
v -1.355499029159546 0.05174800008535385 0.04259800165891647 
v -1.3561090230941772 0.045917998999357224 0.045917998999357224 
v -1.355499029159546 0.048082999885082245 0.048082999885082245 
v -1.355499029159546 0.04259800165891647 0.05174800008535385 
v -1.3561090230941772 0.02484999969601631 0.05999499931931496 
v -1.355499029159546 0.02602200023829937 0.06282299757003784 
v -1.355499029159546 0.014677999541163445 0.06508000195026398 
v -1.3561090230941772 0 0.0649380013346672 
v -1.355499029159546 0.008303999900817871 0.06634800136089325 
v -1.355499029159546 0 0.06800000369548798 
v -1.355499029159546 -0.008303999900817871 0.06634800136089325 
v -1.355499029159546 -0.014677999541163445 0.06508000195026398 
v -1.3561090230941772 -0.02484999969601631 0.05999499931931496 
v -1.355499029159546 -0.02602200023829937 0.06282299757003784 
v -1.355499029159546 -0.04259800165891647 0.05174800008535385 
v -1.3561090230941772 -0.045917998999357224 0.045917998999357224 
v -1.355499029159546 -0.048082999885082245 0.048082999885082245 
v -1.355499029159546 -0.05174800008535385 0.04259800165891647 
v -1.3561090230941772 -0.05999499931931496 0.02484999969601631 
v -1.355499029159546 -0.06282299757003784 0.02602200023829937 
v -1.355499029159546 -0.06508000195026398 0.014677999541163445 
v -1.3561090230941772 -0.0649380013346672 0 
v -1.355499029159546 -0.06634800136089325 0.008303999900817871 
v -1.355499029159546 -0.06800000369548798 0 
v -1.357843041419983 0 -0.06234300136566162 
v -1.357843041419983 0.02385699935257435 -0.057597000151872635 
v -1.3604379892349243 0 -0.06060799956321716 
v -1.357843041419983 -0.057597000151872635 0.02385699935257435 
v -1.357843041419983 -0.06234300136566162 0 
v -1.357843041419983 -0.04408299922943115 0.04408299922943115 
v -1.357843041419983 -0.02385699935257435 0.057597000151872635 
v -1.357843041419983 0 0.06234300136566162 
v -1.357843041419983 0.02385699935257435 0.057597000151872635 
v -1.357843041419983 0.04408299922943115 0.04408299922943115 
v -1.357843041419983 0.057597000151872635 0.02385699935257435 
v -1.357843041419983 0.06234300136566162 0 
v -1.357843041419983 0.057597000151872635 -0.02385699935257435 
v -1.357843041419983 0.04408299922943115 -0.04408299922943115 
v -1.3604379892349243 0.023194000124931335 -0.055994998663663864 
v -1.3634990453720093 0 -0.059999000281095505 
v -1.3634990453720093 0.022960999980568886 -0.055431999266147614 
v -1.3604379892349243 0.04285699874162674 -0.04285699874162674 
v -1.3634990453720093 0.04242600128054619 -0.04242600128054619 
v -1.3604379892349243 0.055994998663663864 -0.023194000124931335 
v -1.3634990453720093 0.055431999266147614 -0.022960999980568886 
v -1.3604379892349243 0.06060799956321716 0 
v -1.3634990453720093 0.059999000281095505 0 
v -1.3604379892349243 0.055994998663663864 0.023194000124931335 
v -1.3634990453720093 0.055431999266147614 0.022960999980568886 
v -1.3604379892349243 0.04285699874162674 0.04285699874162674 
v -1.3634990453720093 0.04242600128054619 0.04242600128054619 
v -1.3604379892349243 0.023194000124931335 0.055994998663663864 
v -1.3634990453720093 0.022960999980568886 0.055431999266147614 
v -1.3604379892349243 0 0.06060799956321716 
v -1.3634990453720093 0 0.059999000281095505 
v -1.3604379892349243 -0.023194000124931335 0.055994998663663864 
v -1.3634990453720093 -0.022960999980568886 0.055431999266147614 
v -1.3604379892349243 -0.04285699874162674 0.04285699874162674 
v -1.3634990453720093 -0.04242600128054619 0.04242600128054619 
v -1.3604379892349243 -0.055994998663663864 0.023194000124931335 
v -1.3634990453720093 -0.055431999266147614 0.022960999980568886 
v -1.3604379892349243 -0.06060799956321716 0 
v -1.3634990453720093 -0.059999000281095505 0 
v -1.355499029159546 -0.08950000256299973 0 
v -1.355499029159546 -0.08991800248622894 0.0021039999555796385 
v -1.355499029159546 -0.08360300213098526 0 
v -1.355499029159546 -0.08360300213098526 0.014677999541163445 
v -1.355499029159546 -0.06800000369548798 0 
v -1.355499029159546 -0.06634800136089325 0.008303999900817871 
v -1.355499029159546 -0.06634800136089325 0.014677999541163445 
v -1.355499029159546 -0.06508000195026398 0.014677999541163445 
v -1.355499029159546 -0.06634800136089325 0.04259800165891647 
v -1.355499029159546 -0.05174800008535385 0.04259800165891647 
v -1.355499029159546 -0.06634800136089325 0.06634800136089325 
v -1.355499029159546 -0.04259800165891647 0.05174800008535385 
v -1.355499029159546 -0.04259800165891647 0.06634800136089325 
v -1.355499029159546 -0.014677999541163445 0.06634800136089325 
v -1.355499029159546 -0.014677999541163445 0.06508000195026398 
v -1.355499029159546 -0.008303999900817871 0.06634800136089325 
v -1.355499029159546 -0.014677999541163445 0.08360300213098526 
v -1.355499029159546 0 0.06800000369548798 
v -1.355499029159546 0.014677999541163445 0.08360300213098526 
v -1.355499029159546 0.008303999900817871 0.06634800136089325 
v -1.355499029159546 0.014677999541163445 0.06634800136089325 
v -1.355499029159546 0.014677999541163445 0.06508000195026398 
v -1.355499029159546 0.02602200023829937 0.06282299757003784 
v -1.355499029159546 0.04259800165891647 0.06634800136089325 
v -1.355499029159546 0.04259800165891647 0.05174800008535385 
v -1.355499029159546 -0.091109998524189 0.003889000043272972 
v -1.355499029159546 -0.09289500117301941 0.005080999806523323 
v -1.355499029159546 -0.09499900043010712 0.005499000195413828 
v -1.355499029159546 0.04259800165891647 0.08360300213098526 
v -1.355499029159546 0.028212999925017357 0.08496999740600586 
v -1.355499029159546 0.02612300030887127 0.08590000122785568 
v -1.355499029159546 0.030500000342726707 0.08496999740600586 
v -1.355499029159546 0.03258899971842766 0.08590000122785568 
v -1.355499029159546 0.03373600170016289 0.08717499673366547 
v -1.355499029159546 0.04259800165891647 0.08717499673366547 
v -1.355499029159546 0.03411899879574776 0.08760000020265579 
v -1.355499029159546 0.03482599928975105 0.08977500349283218 
v -1.355499029159546 0.03458699956536293 0.0920490026473999 
v -1.355499029159546 0.04259800165891647 0.09775099903345108 
v -1.355499029159546 0.05842699855566025 0.08717499673366547 
v -1.355499029159546 0.06377200037240982 0.08360300213098526 
v -1.355499029159546 0.05583899840712547 0.08235599845647812 
v -1.355499029159546 0.05360199883580208 0.08188100159168243 
v -1.355499029159546 0.0517520010471344 0.08053600043058395 
v -1.355499029159546 0.05060800164937973 0.07855600118637085 
v -1.355499029159546 0.05036899819970131 0.07628100365400314 
v -1.355499029159546 0.051075998693704605 0.07410600036382675 
v -1.355499029159546 0.052606001496315 0.07240699976682663 
v -1.355499029159546 0.05469600111246109 0.07147599756717682 
v -1.355499029159546 0.06634800136089325 0.06634800136089325 
v -1.355499029159546 0.05698300153017044 0.07147599756717682 
v -1.355499029159546 0.05907199904322624 0.07240699976682663 
v -1.355499029159546 0.06060200184583664 0.07410600036382675 
v -1.355499029159546 0.06130899861454964 0.07628100365400314 
v -1.355499029159546 0.06634800136089325 0.08188199996948242 
v -1.355499029159546 0.061069998890161514 0.07855600118637085 
v -1.355499029159546 0.059925999492406845 0.08053600043058395 
v -1.355499029159546 0.058076001703739166 0.08188100159168243 
v -1.355499029159546 0.07565999776124954 0.07565999776124954 
v -1.355499029159546 0.08188199996948242 0.06634800136089325 
v -1.355499029159546 0.07685600221157074 0.06133899837732315 
v -1.355499029159546 0.07909300178289413 0.060864001512527466 
v -1.355499029159546 0.08360300213098526 0.06377200037240982 
v -1.355499029159546 0.08094300329685211 0.059519000351428986 
v -1.355499029159546 0.08208700269460678 0.05753900110721588 
v -1.355499029159546 0.0823260024189949 0.05526399984955788 
v -1.355499029159546 0.08360300213098526 0.04259800165891647 
v -1.355499029159546 0.08161900192499161 0.05308900028467178 
v -1.355499029159546 0.08008900284767151 0.05138999968767166 
v -1.355499029159546 0.07800000160932541 0.05045900121331215 
v -1.355499029159546 0.07571300119161606 0.05045900121331215 
v -1.355499029159546 0.06634800136089325 0.04259800165891647 
v -1.355499029159546 0.07362300157546997 0.05138999968767166 
v -1.355499029159546 0.07209300249814987 0.05308900028467178 
v -1.355499029159546 0.07138600200414658 0.05526399984955788 
v -1.355499029159546 0.0716250017285347 0.05753900110721588 
v -1.355499029159546 0.07276900112628937 0.059519000351428986 
v -1.355499029159546 0.07461900264024734 0.060864001512527466 
v -1.355499029159546 0.048082999885082245 0.048082999885082245 
v -1.355499029159546 0.05174800008535385 0.04259800165891647 
v -1.355499029159546 0.06282299757003784 0.02602200023829937 
v -1.355499029159546 0.06634800136089325 0.014677999541163445 
v -1.355499029159546 0.06508000195026398 0.014677999541163445 
v -1.355499029159546 0.06634800136089325 0.008303999900817871 
v -1.355499029159546 0.08360300213098526 0.014677999541163445 
v -1.355499029159546 0.06800000369548798 0 
v -1.355499029159546 0.08488000184297562 0.028781000524759293 
v -1.355499029159546 0.08511900156736374 0.031055999919772148 
v -1.355499029159546 0.08626300096511841 0.0330360010266304 
v -1.355499029159546 0.08811300247907639 0.03438099846243858 
v -1.355499029159546 0.09035000205039978 0.03485599905252457 
v -1.355499029159546 0.09775099903345108 0.04259800165891647 
v -1.355499029159546 0.09258700162172318 0.03438099846243858 
v -1.355499029159546 0.09817499667406082 0.04196399822831154 
v -1.355499029159546 0.09443700313568115 0.0330360010266304 
v -1.355499029159546 0.09558100253343582 0.031055999919772148 
v -1.355499029159546 0.09582000225782394 0.028781000524759293 
v -1.355499029159546 0.09817499667406082 0.014677999541163445 
v -1.355499029159546 0.09511300176382065 0.02660599909722805 
v -1.355499029159546 0.09358300268650055 0.024907000362873077 
v -1.355499029159546 0.09149300307035446 0.023976000025868416 
v -1.355499029159546 0.08920600265264511 0.023976000025868416 
v -1.355499029159546 0.08711700141429901 0.024907000362873077 
v -1.355499029159546 0.08558700233697891 0.02660599909722805 
v -1.355499029159546 0.09885500371456146 0.04094700142741203 
v -1.355499029159546 0.09499900043010712 0.005499000195413828 
v -1.355499029159546 0.09276200085878372 0.005024000070989132 
v -1.355499029159546 0.09091199934482574 0.0036800000816583633 
v -1.355499029159546 0.08976899832487106 0.001699000014923513 
v -1.355499029159546 0.08952999860048294 -0.0005740000051446259 
v -1.355499029159546 0.08360300213098526 -0.014677999541163445 
v -1.355499029159546 0.09023600071668625 -0.0027489999774843454 
v -1.355499029159546 0.09176699817180634 -0.004449000116437674 
v -1.355499029159546 0.09385599941015244 -0.005379000212997198 
v -1.355499029159546 0.06634800136089325 -0.008303999900817871 
v -1.355499029159546 0.06634800136089325 -0.014677999541163445 
v -1.355499029159546 0.06508000195026398 -0.014677999541163445 
v -1.355499029159546 0.06282299757003784 -0.02602200023829937 
v -1.355499029159546 0.06634800136089325 -0.04259800165891647 
v -1.355499029159546 0.05174800008535385 -0.04259800165891647 
v -1.355499029159546 0.06634800136089325 -0.06634800136089325 
v -1.355499029159546 0.048082999885082245 -0.048082999885082245 
v -1.355499029159546 0.04259800165891647 -0.05174800008535385 
v -1.355499029159546 0.04259800165891647 -0.06634800136089325 
v -1.355499029159546 0.02602200023829937 -0.06282299757003784 
v -1.355499029159546 0.014677999541163445 -0.06634800136089325 
v -1.355499029159546 0.014677999541163445 -0.06508000195026398 
v -1.355499029159546 0.008303999900817871 -0.06634800136089325 
v -1.355499029159546 0.014677999541163445 -0.08360300213098526 
v -1.355499029159546 0 -0.06800000369548798 
v -1.355499029159546 0 -0.08360300213098526 
v -1.355499029159546 0.0021039999555796385 -0.08991800248622894 
v -1.355499029159546 0 -0.08950000256299973 
v -1.355499029159546 0.003889000043272972 -0.091109998524189 
v -1.355499029159546 0.005080999806523323 -0.09289500117301941 
v -1.355499029159546 0.005499000195413828 -0.09499900043010712 
v -1.355499029159546 0.014677999541163445 -0.10142499953508377 
v -1.355499029159546 0.005080999806523323 -0.09710399806499481 
v -1.355499029159546 0.003889000043272972 -0.09888900071382523 
v -1.355499029159546 0.0021039999555796385 -0.10008099675178528 
v -1.355499029159546 0 -0.10142499953508377 
v -1.355499029159546 0 -0.10050000250339508 
v -1.355499029159546 0 -0.10700000077486038 
v -1.355499029159546 0.014677999541163445 -0.10407999902963638 
v -1.355499029159546 0.028025999665260315 -0.10142499953508377 
v -1.355499029159546 0.02612300030887127 -0.0947989970445633 
v -1.355499029159546 0.028212999925017357 -0.0957299992442131 
v -1.355499029159546 0.02459299936890602 -0.09309999644756317 
v -1.355499029159546 0.023886000737547874 -0.09092500060796738 
v -1.355499029159546 0.024125000461935997 -0.08865000307559967 
v -1.355499029159546 0.025268999859690666 -0.08666999638080597 
v -1.355499029159546 0.027118999511003494 -0.08532500267028809 
v -1.355499029159546 0.02935599908232689 -0.0848499983549118 
v -1.355499029159546 0.04259800165891647 -0.08360300213098526 
v -1.355499029159546 0.031592998653650284 -0.08532500267028809 
v -1.355499029159546 0.03344300016760826 -0.08666999638080597 
v -1.355499029159546 0.03458699956536293 -0.08865000307559967 
v -1.355499029159546 0.03482599928975105 -0.09092500060796738 
v -1.355499029159546 0.04259800165891647 -0.09775099903345108 
v -1.355499029159546 0.03411899879574776 -0.09309999644756317 
v -1.355499029159546 0.04094700142741203 -0.09885500371456146 
v -1.355499029159546 0.03258899971842766 -0.0947989970445633 
v -1.355499029159546 0.030500000342726707 -0.0957299992442131 
v -1.355499029159546 0.06377200037240982 -0.08360300213098526 
v -1.355499029159546 0.05469600111246109 -0.08223599940538406 
v -1.355499029159546 0.052606001496315 -0.08130600303411484 
v -1.355499029159546 0.051075998693704605 -0.07960599660873413 
v -1.355499029159546 0.05036899819970131 -0.07743100076913834 
v -1.355499029159546 0.05060800164937973 -0.07515700161457062 
v -1.355499029159546 0.0517520010471344 -0.07317599654197693 
v -1.355499029159546 0.05360199883580208 -0.07183200120925903 
v -1.355499029159546 0.05583899840712547 -0.07135599851608276 
v -1.355499029159546 0.058076001703739166 -0.07183200120925903 
v -1.355499029159546 0.059925999492406845 -0.07317599654197693 
v -1.355499029159546 0.061069998890161514 -0.07515700161457062 
v -1.355499029159546 0.06634800136089325 -0.08188199996948242 
v -1.355499029159546 0.06130899861454964 -0.07743100076913834 
v -1.355499029159546 0.06060200184583664 -0.07960599660873413 
v -1.355499029159546 0.05907199904322624 -0.08130600303411484 
v -1.355499029159546 0.05698300153017044 -0.08223599940538406 
v -1.355499029159546 0.07565999776124954 -0.07565999776124954 
v -1.355499029159546 0.08188199996948242 -0.06634800136089325 
v -1.355499029159546 0.07571300119161606 -0.061218999326229095 
v -1.355499029159546 0.07800000160932541 -0.061218999326229095 
v -1.355499029159546 0.08008900284767151 -0.06028899922966957 
v -1.355499029159546 0.08360300213098526 -0.06377200037240982 
v -1.355499029159546 0.08161900192499161 -0.05858900025486946 
v -1.355499029159546 0.0823260024189949 -0.05641400068998337 
v -1.355499029159546 0.08360300213098526 -0.04259800165891647 
v -1.355499029159546 0.08208700269460678 -0.05414000153541565 
v -1.355499029159546 0.08094300329685211 -0.05215900018811226 
v -1.355499029159546 0.07909300178289413 -0.050815001130104065 
v -1.355499029159546 0.07685600221157074 -0.050338998436927795 
v -1.355499029159546 0.07461900264024734 -0.050815001130104065 
v -1.355499029159546 0.07276900112628937 -0.05215900018811226 
v -1.355499029159546 0.0716250017285347 -0.05414000153541565 
v -1.355499029159546 0.07138600200414658 -0.05641400068998337 
v -1.355499029159546 0.07209300249814987 -0.05858900025486946 
v -1.355499029159546 0.07362300157546997 -0.06028899922966957 
v -1.355499029159546 0.08488000184297562 -0.029930999502539635 
v -1.355499029159546 0.08558700233697891 -0.03210600093007088 
v -1.355499029159546 0.08711700141429901 -0.03380599990487099 
v -1.355499029159546 0.08920600265264511 -0.03473600000143051 
v -1.355499029159546 0.09149300307035446 -0.03473600000143051 
v -1.355499029159546 0.09775099903345108 -0.04259800165891647 
v -1.355499029159546 0.09817499667406082 -0.04196399822831154 
v -1.355499029159546 0.09358300268650055 -0.03380599990487099 
v -1.355499029159546 0.09511300176382065 -0.03210600093007088 
v -1.355499029159546 0.09582000225782394 -0.029930999502539635 
v -1.355499029159546 0.09817499667406082 -0.014677999541163445 
v -1.355499029159546 0.09558100253343582 -0.027657000347971916 
v -1.355499029159546 0.09443700313568115 -0.025676000863313675 
v -1.355499029159546 0.09258700162172318 -0.02433199994266033 
v -1.355499029159546 0.09035000205039978 -0.02385599911212921 
v -1.355499029159546 0.08811300247907639 -0.02433199994266033 
v -1.355499029159546 0.08626300096511841 -0.025676000863313675 
v -1.355499029159546 0.08511900156736374 -0.027657000347971916 
v -1.355499029159546 0.09614299982786179 -0.005379000212997198 
v -1.355499029159546 0.09817499667406082 -0.004474999848753214 
v -1.355499029159546 0.10407999902963638 -0.014677999541163445 
v -1.355499029159546 0.09823200106620789 -0.004449000116437674 
v -1.355499029159546 0.09976299852132797 -0.0027489999774843454 
v -1.355499029159546 0.10700000077486038 0 
v -1.355499029159546 0.10046900063753128 -0.0005740000051446259 
v -1.355499029159546 0.10023000091314316 0.001699000014923513 
v -1.355499029159546 0.10407999902963638 0.014677999541163445 
v -1.355499029159546 0.09908699989318848 0.0036800000816583633 
v -1.355499029159546 0.09817499667406082 0.004342000000178814 
v -1.355499029159546 0.0972369983792305 0.005024000070989132 
v -1.355499029159546 0.09885500371456146 -0.04094700142741203 
v -1.355728030204773 0.09991499781608582 -0.04138600081205368 
v -1.355499029159546 0.09817499667406082 -0.04196399822831154 
v -1.355499029159546 0.09775099903345108 -0.04259800165891647 
v -1.355499029159546 0.08360300213098526 -0.06377200037240982 
v -1.355499029159546 0.10407999902963638 -0.014677999541163445 
v -1.355728030204773 0.1081480011343956 0 
v -1.355499029159546 0.10407999902963638 0.014677999541163445 
v -1.355728030204773 0.09991499781608582 0.04138600081205368 
v -1.355499029159546 0.09885500371456146 0.04094700142741203 
v -1.355499029159546 0.09817499667406082 0.04196399822831154 
v -1.355499029159546 0.09775099903345108 0.04259800165891647 
v -1.355499029159546 0.08360300213098526 0.06377200037240982 
v -1.355728030204773 0.07647199928760529 0.07647199928760529 
v -1.355499029159546 0.08188199996948242 0.06634800136089325 
v -1.355499029159546 0.07565999776124954 0.07565999776124954 
v -1.355499029159546 0.06634800136089325 0.08188199996948242 
v -1.355499029159546 0.06377200037240982 0.08360300213098526 
v -1.355499029159546 0.05842699855566025 0.08717499673366547 
v -1.355728030204773 0.04138600081205368 0.09991499781608582 
v -1.355499029159546 0.04259800165891647 0.09775099903345108 
v -1.355499029159546 0.04196399822831154 0.09817499667406082 
v -1.355499029159546 0.04094700142741203 0.09885500371456146 
v -1.355499029159546 0.014677999541163445 0.10407999902963638 
v -1.355728030204773 0 0.1081480011343956 
v -1.355499029159546 0 0.10700000077486038 
v -1.355499029159546 -0.014677999541163445 0.10407999902963638 
v -1.355728030204773 -0.04138600081205368 0.09991499781608582 
v -1.355499029159546 -0.04094700142741203 0.09885500371456146 
v -1.355499029159546 -0.04196399822831154 0.09817499667406082 
v -1.355499029159546 -0.04259800165891647 0.09775099903345108 
v -1.355499029159546 -0.05842699855566025 0.08717499673366547 
v -1.355728030204773 -0.07647199928760529 0.07647199928760529 
v -1.355499029159546 -0.06377200037240982 0.08360300213098526 
v -1.355499029159546 -0.06634800136089325 0.08188199996948242 
v -1.355499029159546 -0.07565999776124954 0.07565999776124954 
v -1.355499029159546 -0.08188199996948242 0.06634800136089325 
v -1.355499029159546 -0.08360300213098526 0.06377200037240982 
v -1.355728030204773 -0.09991499781608582 0.04138600081205368 
v -1.355499029159546 -0.09775099903345108 0.04259800165891647 
v -1.355499029159546 -0.09885500371456146 0.04094700142741203 
v -1.355499029159546 -0.10407999902963638 0.014677999541163445 
v -1.355728030204773 -0.1081480011343956 0 
v -1.355499029159546 -0.10700000077486038 0 
v -1.3563779592514038 -0.10912100225687027 0 
v -1.3563779592514038 -0.10081399977207184 0.04175800085067749 
v -1.3563779592514038 -0.07716000080108643 0.07716000080108643 
v -1.3563779592514038 -0.04175800085067749 0.10081399977207184 
v -1.3563779592514038 0 0.10912100225687027 
v -1.3563779592514038 0.04175800085067749 0.10081399977207184 
v -1.3563779592514038 0.07716000080108643 0.07716000080108643 
v -1.3563779592514038 0.10081399977207184 0.04175800085067749 
v -1.3563779592514038 0.10912100225687027 0 
v -1.3563779592514038 0.10081399977207184 -0.04175800085067749 
v -1.355728030204773 0.07647199928760529 -0.07647199928760529 
v -1.355499029159546 0.08188199996948242 -0.06634800136089325 
v -1.355499029159546 0.06634800136089325 -0.08188199996948242 
v -1.355499029159546 0.06377200037240982 -0.08360300213098526 
v -1.355728030204773 0.04138600081205368 -0.09991499781608582 
v -1.355499029159546 0.04259800165891647 -0.09775099903345108 
v -1.355499029159546 0.028025999665260315 -0.10142499953508377 
v -1.355499029159546 0.014677999541163445 -0.10407999902963638 
v -1.355728030204773 0 -0.1081480011343956 
v -1.355499029159546 0 -0.10700000077486038 
v -1.3573509454727173 -0.1097709983587265 0 
v -1.3563779592514038 0.04175800085067749 -0.10081399977207184 
v -1.3563779592514038 0 -0.10912100225687027 
v -1.3563779592514038 0.07716000080108643 -0.07716000080108643 
v -1.3573509454727173 0.1014150008559227 -0.042006999254226685 
v -1.3573509454727173 0.1097709983587265 0 
v -1.3573509454727173 0.1014150008559227 0.042006999254226685 
v -1.3573509454727173 0.0776199996471405 0.0776199996471405 
v -1.3573509454727173 0.042006999254226685 0.1014150008559227 
v -1.3573509454727173 0 0.1097709983587265 
v -1.3573509454727173 -0.042006999254226685 0.1014150008559227 
v -1.3573509454727173 -0.0776199996471405 0.0776199996471405 
v -1.3573509454727173 -0.1014150008559227 0.042006999254226685 
v -1.3585000038146973 -0.10999900102615356 0 
v -1.3585000038146973 -0.10162600129842758 0.04209500178694725 
v -1.3585000038146973 -0.07778099924325943 0.07778099924325943 
v -1.3585000038146973 -0.04209500178694725 0.10162600129842758 
v -1.3585000038146973 0 0.10999900102615356 
v -1.3585000038146973 0.04209500178694725 0.10162600129842758 
v -1.3585000038146973 0.07778099924325943 0.07778099924325943 
v -1.3585000038146973 0.10162600129842758 0.04209500178694725 
v -1.3585000038146973 0.10999900102615356 0 
v -1.3630000352859497 0.10162600129842758 0.04209500178694725 
v -1.3630000352859497 0.10270199924707413 0.036685001105070114 
v -1.3630000352859497 0.08072900027036667 0.07337000221014023 
v -1.3630000352859497 0.07778099924325943 0.07778099924325943 
v -1.3630000352859497 0.07328899949789047 0.08078300207853317 
v -1.3630000352859497 0.04209500178694725 0.10162600129842758 
v -1.3630000352859497 0.03664400056004524 0.10271000117063522 
v -1.3630000352859497 0 0.10999900102615356 
v -1.3630000352859497 -0.03664400056004524 0.10271000117063522 
v -1.3630000352859497 -0.04209500178694725 0.10162600129842758 
v -1.3630000352859497 -0.07328899949789047 0.08078300207853317 
v -1.3630000352859497 -0.07778099924325943 0.07778099924325943 
v -1.3630000352859497 -0.08072900027036667 0.07337000221014023 
v -1.3630000352859497 -0.10162600129842758 0.04209500178694725 
v -1.3630000352859497 -0.10270199924707413 0.036685001105070114 
v -1.3585000038146973 -0.10999900102615356 0 
v -1.3630000352859497 -0.109934002161026 0.0003279999946244061 
v -1.3630000352859497 -0.10999900102615356 0 
v -1.355499029159546 -0.10050000250339508 0 
v -1.355499029159546 -0.10700000077486038 0 
v -1.355499029159546 -0.10008099675178528 0.0021039999555796385 
v -1.355499029159546 -0.10407999902963638 0.014677999541163445 
v -1.355499029159546 -0.09888900071382523 0.003889000043272972 
v -1.355499029159546 -0.09710399806499481 0.005080999806523323 
v -1.355499029159546 -0.09149300307035446 0.023976000025868416 
v -1.355499029159546 -0.09358300268650055 0.024907000362873077 
v -1.355499029159546 -0.09511300176382065 0.02660599909722805 
v -1.355499029159546 -0.09582000225782394 0.028781000524759293 
v -1.355499029159546 -0.09558100253343582 0.031055999919772148 
v -1.355499029159546 -0.09885500371456146 0.04094700142741203 
v -1.355499029159546 -0.09443700313568115 0.0330360010266304 
v -1.355499029159546 -0.09258700162172318 0.03438099846243858 
v -1.355499029159546 -0.09775099903345108 0.04259800165891647 
v -1.355499029159546 -0.09035000205039978 0.03485599905252457 
v -1.355499029159546 -0.08360300213098526 0.04259800165891647 
v -1.355499029159546 -0.08811300247907639 0.03438099846243858 
v -1.355499029159546 -0.08626300096511841 0.0330360010266304 
v -1.355499029159546 -0.08511900156736374 0.031055999919772148 
v -1.355499029159546 -0.08488000184297562 0.028781000524759293 
v -1.355499029159546 -0.08558700233697891 0.02660599909722805 
v -1.355499029159546 -0.08711700141429901 0.024907000362873077 
v -1.355499029159546 -0.08920600265264511 0.023976000025868416 
v -1.355499029159546 -0.07571300119161606 0.05045900121331215 
v -1.355499029159546 -0.07362300157546997 0.05138999968767166 
v -1.355499029159546 -0.07209300249814987 0.05308900028467178 
v -1.355499029159546 -0.07138600200414658 0.05526399984955788 
v -1.355499029159546 -0.0716250017285347 0.05753900110721588 
v -1.355499029159546 -0.07276900112628937 0.059519000351428986 
v -1.355499029159546 -0.07461900264024734 0.060864001512527466 
v -1.355499029159546 -0.07685600221157074 0.06133899837732315 
v -1.355499029159546 -0.08188199996948242 0.06634800136089325 
v -1.355499029159546 -0.07909300178289413 0.060864001512527466 
v -1.355499029159546 -0.08360300213098526 0.06377200037240982 
v -1.355499029159546 -0.08094300329685211 0.059519000351428986 
v -1.355499029159546 -0.08208700269460678 0.05753900110721588 
v -1.355499029159546 -0.0823260024189949 0.05526399984955788 
v -1.355499029159546 -0.08161900192499161 0.05308900028467178 
v -1.355499029159546 -0.08008900284767151 0.05138999968767166 
v -1.355499029159546 -0.07800000160932541 0.05045900121331215 
v -1.355499029159546 -0.07565999776124954 0.07565999776124954 
v -1.355499029159546 -0.06634800136089325 0.08188199996948242 
v -1.355499029159546 -0.06130899861454964 0.07628100365400314 
v -1.355499029159546 -0.06060200184583664 0.07410600036382675 
v -1.355499029159546 -0.05907199904322624 0.07240699976682663 
v -1.355499029159546 -0.05698300153017044 0.07147599756717682 
v -1.355499029159546 -0.05469600111246109 0.07147599756717682 
v -1.355499029159546 -0.052606001496315 0.07240699976682663 
v -1.355499029159546 -0.051075998693704605 0.07410600036382675 
v -1.355499029159546 -0.05036899819970131 0.07628100365400314 
v -1.355499029159546 -0.04259800165891647 0.08360300213098526 
v -1.355499029159546 -0.05060800164937973 0.07855600118637085 
v -1.355499029159546 -0.0517520010471344 0.08053600043058395 
v -1.355499029159546 -0.05360199883580208 0.08188100159168243 
v -1.355499029159546 -0.05583899840712547 0.08235599845647812 
v -1.355499029159546 -0.06377200037240982 0.08360300213098526 
v -1.355499029159546 -0.058076001703739166 0.08188100159168243 
v -1.355499029159546 -0.059925999492406845 0.08053600043058395 
v -1.355499029159546 -0.061069998890161514 0.07855600118637085 
v -1.355499029159546 -0.05842699855566025 0.08717499673366547 
v -1.355499029159546 -0.04259800165891647 0.08717499673366547 
v -1.355499029159546 -0.04259800165891647 0.09775099903345108 
v -1.355499029159546 -0.03458699956536293 0.0920490026473999 
v -1.355499029159546 -0.04196399822831154 0.09817499667406082 
v -1.355499029159546 -0.03344300016760826 0.094030000269413 
v -1.355499029159546 -0.031592998653650284 0.09537400305271149 
v -1.355499029159546 -0.02935599908232689 0.09584999829530716 
v -1.355499029159546 -0.014677999541163445 0.09817499667406082 
v -1.355499029159546 -0.027118999511003494 0.09537400305271149 
v -1.355499029159546 -0.025268999859690666 0.094030000269413 
v -1.355499029159546 -0.024125000461935997 0.0920490026473999 
v -1.355499029159546 -0.014677999541163445 0.08717499673366547 
v -1.355499029159546 -0.023886000737547874 0.08977500349283218 
v -1.355499029159546 -0.02459299936890602 0.08760000020265579 
v -1.355499029159546 -0.02497600018978119 0.08717499673366547 
v -1.355499029159546 -0.02612300030887127 0.08590000122785568 
v -1.355499029159546 -0.028212999925017357 0.08496999740600586 
v -1.355499029159546 -0.030500000342726707 0.08496999740600586 
v -1.355499029159546 -0.03258899971842766 0.08590000122785568 
v -1.355499029159546 -0.03373600170016289 0.08717499673366547 
v -1.355499029159546 -0.03411899879574776 0.08760000020265579 
v -1.355499029159546 -0.03482599928975105 0.08977500349283218 
v -1.355499029159546 -0.04094700142741203 0.09885500371456146 
v -1.355499029159546 0.02497600018978119 0.08717499673366547 
v -1.355499029159546 0.014677999541163445 0.08717499673366547 
v -1.355499029159546 0.02459299936890602 0.08760000020265579 
v -1.355499029159546 0.023886000737547874 0.08977500349283218 
v -1.355499029159546 0.024125000461935997 0.0920490026473999 
v -1.355499029159546 0.014677999541163445 0.09817499667406082 
v -1.355499029159546 0.025268999859690666 0.094030000269413 
v -1.355499029159546 0.027118999511003494 0.09537400305271149 
v -1.355499029159546 0.02935599908232689 0.09584999829530716 
v -1.355499029159546 0.04196399822831154 0.09817499667406082 
v -1.355499029159546 0.031592998653650284 0.09537400305271149 
v -1.355499029159546 0.03344300016760826 0.094030000269413 
v -1.355499029159546 0.04094700142741203 0.09885500371456146 
v -1.355499029159546 0.014677999541163445 0.10407999902963638 
v -1.355499029159546 0.004377999808639288 0.09817499667406082 
v -1.355499029159546 0.0040870001539587975 0.09867999702692032 
v -1.355499029159546 0.005229999776929617 0.09669899940490723 
v -1.355499029159546 0.005468999966979027 0.09442500025033951 
v -1.355499029159546 0.004763000179082155 0.09224899858236313 
v -1.355499029159546 0.0032319999299943447 0.090549997985363 
v -1.355499029159546 0.001142999972216785 0.08962000161409378 
v -1.355499029159546 -0.001142999972216785 0.08962000161409378 
v -1.355499029159546 -0.0032319999299943447 0.090549997985363 
v -1.355499029159546 -0.004763000179082155 0.09224899858236313 
v -1.355499029159546 -0.005468999966979027 0.09442500025033951 
v -1.355499029159546 -0.005229999776929617 0.09669899940490723 
v -1.355499029159546 -0.004377999808639288 0.09817499667406082 
v -1.355499029159546 -0.014677999541163445 0.10407999902963638 
v -1.355499029159546 -0.0040870001539587975 0.09867999702692032 
v -1.355499029159546 -0.002237000036984682 0.10002399981021881 
v -1.355499029159546 0 0.10700000077486038 
v -1.355499029159546 0 0.10050000250339508 
v -1.355499029159546 0.002237000036984682 0.10002399981021881 
v -1.3573509454727173 0.042006999254226685 -0.1014150008559227 
v -1.3573509454727173 0 -0.1097709983587265 
v -1.3573509454727173 0.0776199996471405 -0.0776199996471405 
v -1.3585000038146973 0.10162600129842758 -0.04209500178694725 
v -1.3630000352859497 0 -0.10999900102615356 
v -1.3585000038146973 0 -0.10999900102615356 
v -1.3630000352859497 0.03664400056004524 -0.10271000117063522 
v -1.3585000038146973 0.04209500178694725 -0.10162600129842758 
v -1.3630000352859497 0.04209500178694725 -0.10162600129842758 
v -1.3630000352859497 0.07328899949789047 -0.08078300207853317 
v -1.3585000038146973 0.07778099924325943 -0.07778099924325943 
v -1.3630000352859497 0.07778099924325943 -0.07778099924325943 
v -1.3630000352859497 0.08072900027036667 -0.07337000221014023 
v -1.3630000352859497 0.10162600129842758 -0.04209500178694725 
v -1.3630000352859497 0.10270199924707413 -0.036685001105070114 
v -1.3630000352859497 0.109934002161026 -0.0003279999946244061 
v -1.3630000352859497 0.10999900102615356 0 
v -1.3630000352859497 0.109934002161026 0.0003279999946244061 
v -1.345499038696289 -0.08950000256299973 0 
v -1.345499038696289 -0.08360300213098526 0 
v -1.345499038696289 -0.08991800248622894 0.0021039999555796385 
v -1.345499038696289 -0.08360300213098526 0.014677999541163445 
v -1.345499038696289 -0.091109998524189 0.003889000043272972 
v -1.345499038696289 -0.09289500117301941 0.005080999806523323 
v -1.345499038696289 -0.09499900043010712 0.005499000195413828 
v -1.345499038696289 -0.10192500054836273 0.014677999541163445 
v -1.345499038696289 -0.09710399806499481 0.005080999806523323 
v -1.345499038696289 -0.09888900071382523 0.003889000043272972 
v -1.345499038696289 -0.10008099675178528 0.0021039999555796385 
v -1.345499038696289 -0.10192500054836273 0 
v -1.345499038696289 -0.10050000250339508 0 
v -1.345499038696289 -0.06800000369548798 0 
v -1.345499038696289 -0.06634800136089325 0.008303999900817871 
v -1.345499038696289 -0.06634800136089325 0.014677999541163445 
v -1.345499038696289 -0.06508000195026398 0.014677999541163445 
v -1.345499038696289 -0.06282299757003784 0.02602200023829937 
v -1.345499038696289 -0.1080000028014183 0 
v -1.345499038696289 -0.1050800010561943 0.014677999541163445 
v -1.345499038696289 -0.10192500054836273 0.030540000647306442 
v -1.345499038696289 -0.09511300176382065 0.02660599909722805 
v -1.345499038696289 -0.09582000225782394 0.028781000524759293 
v -1.345499038696289 -0.09558100253343582 0.031055999919772148 
v -1.345499038696289 -0.09977799654006958 0.041329000145196915 
v -1.345499038696289 -0.09443700313568115 0.0330360010266304 
v -1.345499038696289 -0.09258700162172318 0.03438099846243858 
v -1.345499038696289 -0.09893099963665009 0.04259800165891647 
v -1.345499038696289 -0.09035000205039978 0.03485599905252457 
v -1.345499038696289 -0.08360300213098526 0.04259800165891647 
v -1.345499038696289 -0.08811300247907639 0.03438099846243858 
v -1.345499038696289 -0.08626300096511841 0.0330360010266304 
v -1.345499038696289 -0.08511900156736374 0.031055999919772148 
v -1.345499038696289 -0.08488000184297562 0.028781000524759293 
v -1.345499038696289 -0.08558700233697891 0.02660599909722805 
v -1.345499038696289 -0.08711700141429901 0.024907000362873077 
v -1.345499038696289 -0.08920600265264511 0.023976000025868416 
v -1.345499038696289 -0.09149300307035446 0.023976000025868416 
v -1.345499038696289 -0.09358300268650055 0.024907000362873077 
v -1.345499038696289 -0.08360300213098526 0.06553799659013748 
v -1.345499038696289 -0.0823260024189949 0.05526399984955788 
v -1.345499038696289 -0.08208700269460678 0.05753900110721588 
v -1.345499038696289 -0.08094300329685211 0.059519000351428986 
v -1.345499038696289 -0.07909300178289413 0.060864001512527466 
v -1.345499038696289 -0.08306200057268143 0.06634800136089325 
v -1.345499038696289 -0.07685600221157074 0.06133899837732315 
v -1.345499038696289 -0.06634800136089325 0.06634800136089325 
v -1.345499038696289 -0.07461900264024734 0.060864001512527466 
v -1.345499038696289 -0.07276900112628937 0.059519000351428986 
v -1.345499038696289 -0.0716250017285347 0.05753900110721588 
v -1.345499038696289 -0.07138600200414658 0.05526399984955788 
v -1.345499038696289 -0.06634800136089325 0.04259800165891647 
v -1.345499038696289 -0.07209300249814987 0.05308900028467178 
v -1.345499038696289 -0.07362300157546997 0.05138999968767166 
v -1.345499038696289 -0.07571300119161606 0.05045900121331215 
v -1.345499038696289 -0.07800000160932541 0.05045900121331215 
v -1.345499038696289 -0.08008900284767151 0.05138999968767166 
v -1.345499038696289 -0.08161900192499161 0.05308900028467178 
v -1.345499038696289 -0.07636699825525284 0.07636699825525284 
v -1.345499038696289 -0.05174800008535385 0.04259800165891647 
v -1.345499038696289 -0.048082999885082245 0.048082999885082245 
v -1.345499038696289 -0.04259800165891647 0.05174800008535385 
v -1.345499038696289 -0.04259800165891647 0.06634800136089325 
v -1.345499038696289 -0.02602200023829937 0.06282299757003784 
v -1.345499038696289 -0.014677999541163445 0.06634800136089325 
v -1.345499038696289 -0.014677999541163445 0.06508000195026398 
v -1.345499038696289 -0.008303999900817871 0.06634800136089325 
v -1.345499038696289 -0.014677999541163445 0.08360300213098526 
v -1.345499038696289 0 0.06800000369548798 
v -1.345499038696289 -0.04259800165891647 0.08360300213098526 
v -1.345499038696289 -0.05036899819970131 0.07628100365400314 
v -1.345499038696289 -0.051075998693704605 0.07410600036382675 
v -1.345499038696289 -0.052606001496315 0.07240699976682663 
v -1.345499038696289 -0.05469600111246109 0.07147599756717682 
v -1.345499038696289 -0.05698300153017044 0.07147599756717682 
v -1.345499038696289 -0.05907199904322624 0.07240699976682663 
v -1.345499038696289 -0.06060200184583664 0.07410600036382675 
v -1.345499038696289 -0.06130899861454964 0.07628100365400314 
v -1.345499038696289 -0.06634800136089325 0.08306200057268143 
v -1.345499038696289 -0.061069998890161514 0.07855600118637085 
v -1.345499038696289 -0.06553799659013748 0.08360300213098526 
v -1.345499038696289 -0.059925999492406845 0.08053600043058395 
v -1.345499038696289 -0.058076001703739166 0.08188100159168243 
v -1.345499038696289 -0.05583899840712547 0.08235599845647812 
v -1.345499038696289 -0.05360199883580208 0.08188100159168243 
v -1.345499038696289 -0.0517520010471344 0.08053600043058395 
v -1.345499038696289 -0.05060800164937973 0.07855600118637085 
v -1.345499038696289 -0.06019200012087822 0.08717499673366547 
v -1.345499038696289 -0.04259800165891647 0.08717499673366547 
v -1.345499038696289 -0.0437299981713295 0.09817499667406082 
v -1.345499038696289 -0.04259800165891647 0.09817499667406082 
v -1.345499038696289 -0.04259800165891647 0.09893099963665009 
v -1.345499038696289 -0.041329000145196915 0.09977799654006958 
v -1.345499038696289 -0.014677999541163445 0.09817499667406082 
v -1.345499038696289 -0.014677999541163445 0.1050800010561943 
v -1.345499038696289 -0.031592998653650284 0.09537400305271149 
v -1.345499038696289 -0.02935599908232689 0.09584999829530716 
v -1.345499038696289 -0.03344300016760826 0.094030000269413 
v -1.345499038696289 -0.03458699956536293 0.0920490026473999 
v -1.345499038696289 -0.03482599928975105 0.08977500349283218 
v -1.345499038696289 -0.03411899879574776 0.08760000020265579 
v -1.345499038696289 -0.03373600170016289 0.08717499673366547 
v -1.345499038696289 -0.03258899971842766 0.08590000122785568 
v -1.345499038696289 -0.030500000342726707 0.08496999740600586 
v -1.345499038696289 -0.028212999925017357 0.08496999740600586 
v -1.345499038696289 -0.02612300030887127 0.08590000122785568 
v -1.345499038696289 -0.02497600018978119 0.08717499673366547 
v -1.345499038696289 -0.014677999541163445 0.08717499673366547 
v -1.345499038696289 -0.02459299936890602 0.08760000020265579 
v -1.345499038696289 -0.023886000737547874 0.08977500349283218 
v -1.345499038696289 -0.024125000461935997 0.0920490026473999 
v -1.345499038696289 -0.025268999859690666 0.094030000269413 
v -1.345499038696289 -0.027118999511003494 0.09537400305271149 
v -1.345499038696289 -0.005229999776929617 0.09669899940490723 
v -1.345499038696289 -0.005468999966979027 0.09442500025033951 
v -1.345499038696289 -0.004377999808639288 0.09817499667406082 
v -1.345499038696289 -0.0040870001539587975 0.09867999702692032 
v -1.345499038696289 -0.002237000036984682 0.10002399981021881 
v -1.345499038696289 0 0.1080000028014183 
v -1.345499038696289 0 0.10050000250339508 
v -1.345499038696289 0.002237000036984682 0.10002399981021881 
v -1.345499038696289 0.014677999541163445 0.1050800010561943 
v -1.345499038696289 0.0040870001539587975 0.09867999702692032 
v -1.345499038696289 0.004377999808639288 0.09817499667406082 
v -1.345499038696289 0.014677999541163445 0.09817499667406082 
v -1.345499038696289 0.005229999776929617 0.09669899940490723 
v -1.345499038696289 0.005468999966979027 0.09442500025033951 
v -1.345499038696289 0.041329000145196915 0.09977799654006958 
v -1.345499038696289 0.04259800165891647 0.09817499667406082 
v -1.345499038696289 0.04259800165891647 0.09893099963665009 
v -1.345499038696289 0.0437299981713295 0.09817499667406082 
v -1.345499038696289 0.04259800165891647 0.08717499673366547 
v -1.345499038696289 0.06019200012087822 0.08717499673366547 
v -1.345499038696289 0.04259800165891647 0.08360300213098526 
v -1.345499038696289 0.06553799659013748 0.08360300213098526 
v -1.345499038696289 0.03411899879574776 0.08760000020265579 
v -1.345499038696289 0.03373600170016289 0.08717499673366547 
v -1.345499038696289 0.03482599928975105 0.08977500349283218 
v -1.345499038696289 0.03458699956536293 0.0920490026473999 
v -1.345499038696289 0.03344300016760826 0.094030000269413 
v -1.345499038696289 0.031592998653650284 0.09537400305271149 
v -1.345499038696289 0.02935599908232689 0.09584999829530716 
v -1.345499038696289 0.027118999511003494 0.09537400305271149 
v -1.345499038696289 0.025268999859690666 0.094030000269413 
v -1.345499038696289 0.024125000461935997 0.0920490026473999 
v -1.345499038696289 0.014677999541163445 0.08717499673366547 
v -1.345499038696289 0.023886000737547874 0.08977500349283218 
v -1.345499038696289 0.02459299936890602 0.08760000020265579 
v -1.345499038696289 0.004763000179082155 0.09224899858236313 
v -1.345499038696289 0.0032319999299943447 0.090549997985363 
v -1.345499038696289 0.001142999972216785 0.08962000161409378 
v -1.345499038696289 -0.001142999972216785 0.08962000161409378 
v -1.345499038696289 -0.0032319999299943447 0.090549997985363 
v -1.345499038696289 -0.004763000179082155 0.09224899858236313 
v -1.345499038696289 0.014677999541163445 0.08360300213098526 
v -1.345499038696289 0.008303999900817871 0.06634800136089325 
v -1.345499038696289 0.014677999541163445 0.06634800136089325 
v -1.345499038696289 0.014677999541163445 0.06508000195026398 
v -1.345499038696289 0.02602200023829937 0.06282299757003784 
v -1.345499038696289 0.04259800165891647 0.06634800136089325 
v -1.345499038696289 0.04259800165891647 0.05174800008535385 
v -1.345499038696289 0.06634800136089325 0.06634800136089325 
v -1.345499038696289 0.048082999885082245 0.048082999885082245 
v -1.345499038696289 0.05174800008535385 0.04259800165891647 
v -1.345499038696289 0.06634800136089325 0.04259800165891647 
v -1.345499038696289 0.06282299757003784 0.02602200023829937 
v -1.345499038696289 0.06634800136089325 0.014677999541163445 
v -1.345499038696289 0.06508000195026398 0.014677999541163445 
v -1.345499038696289 0.06634800136089325 0.008303999900817871 
v -1.345499038696289 0.08360300213098526 0.014677999541163445 
v -1.345499038696289 0.06800000369548798 0 
v -1.345499038696289 0.08360300213098526 -0.014677999541163445 
v -1.345499038696289 0.06634800136089325 -0.008303999900817871 
v -1.345499038696289 0.06634800136089325 -0.014677999541163445 
v -1.345499038696289 0.06508000195026398 -0.014677999541163445 
v -1.345499038696289 0.06282299757003784 -0.02602200023829937 
v -1.345499038696289 0.06634800136089325 -0.04259800165891647 
v -1.345499038696289 0.08360300213098526 -0.04259800165891647 
v -1.345499038696289 0.08488000184297562 -0.029930999502539635 
v -1.345499038696289 0.08511900156736374 -0.027657000347971916 
v -1.345499038696289 0.08626300096511841 -0.025676000863313675 
v -1.345499038696289 0.08717499673366547 -0.025012999773025513 
v -1.345499038696289 0.08717499673366547 -0.014677999541163445 
v -1.345499038696289 0.08811300247907639 -0.02433199994266033 
v -1.345499038696289 0.09035000205039978 -0.02385599911212921 
v -1.345499038696289 0.09817499667406082 -0.014677999541163445 
v -1.345499038696289 0.09258700162172318 -0.02433199994266033 
v -1.345499038696289 0.09443700313568115 -0.025676000863313675 
v -1.345499038696289 0.09558100253343582 -0.027657000347971916 
v -1.345499038696289 0.09582000225782394 -0.029930999502539635 
v -1.345499038696289 0.09817499667406082 -0.04259800165891647 
v -1.345499038696289 0.09511300176382065 -0.03210600093007088 
v -1.345499038696289 0.09358300268650055 -0.03380599990487099 
v -1.345499038696289 0.09149300307035446 -0.03473600000143051 
v -1.345499038696289 0.08717499673366547 -0.04259800165891647 
v -1.345499038696289 0.08920600265264511 -0.03473600000143051 
v -1.345499038696289 0.08717499673366547 -0.033831000328063965 
v -1.345499038696289 0.08711700141429901 -0.03380599990487099 
v -1.345499038696289 0.08558700233697891 -0.03210600093007088 
v -1.345499038696289 0.09893099963665009 -0.04259800165891647 
v -1.345499038696289 0.09817499667406082 -0.0437299981713295 
v -1.345499038696289 0.08717499673366547 -0.06019200012087822 
v -1.345499038696289 0.09977799654006958 -0.041329000145196915 
v -1.345499038696289 0.1050800010561943 -0.014677999541163445 
v -1.345499038696289 0.09817499667406082 -0.004474999848753214 
v -1.345499038696289 0.09823200106620789 -0.004449000116437674 
v -1.345499038696289 0.09976299852132797 -0.0027489999774843454 
v -1.345499038696289 0.1080000028014183 0 
v -1.345499038696289 0.10046900063753128 -0.0005740000051446259 
v -1.345499038696289 0.10023000091314316 0.001699000014923513 
v -1.345499038696289 0.1050800010561943 0.014677999541163445 
v -1.345499038696289 0.09908699989318848 0.0036800000816583633 
v -1.345499038696289 0.09817499667406082 0.004342000000178814 
v -1.345499038696289 0.09817499667406082 0.014677999541163445 
v -1.345499038696289 0.0972369983792305 0.005024000070989132 
v -1.345499038696289 0.09499900043010712 0.005499000195413828 
v -1.345499038696289 0.09977799654006958 0.041329000145196915 
v -1.345499038696289 0.09817499667406082 0.04259800165891647 
v -1.345499038696289 0.09893099963665009 0.04259800165891647 
v -1.345499038696289 0.09817499667406082 0.0437299981713295 
v -1.345499038696289 0.08717499673366547 0.04259800165891647 
v -1.345499038696289 0.08717499673366547 0.06019200012087822 
v -1.345499038696289 0.08360300213098526 0.04259800165891647 
v -1.345499038696289 0.08360300213098526 0.06553799659013748 
v -1.345499038696289 0.0823260024189949 0.05526399984955788 
v -1.345499038696289 0.08208700269460678 0.05753900110721588 
v -1.345499038696289 0.08094300329685211 0.059519000351428986 
v -1.345499038696289 0.07909300178289413 0.060864001512527466 
v -1.345499038696289 0.08306200057268143 0.06634800136089325 
v -1.345499038696289 0.07685600221157074 0.06133899837732315 
v -1.345499038696289 0.07461900264024734 0.060864001512527466 
v -1.345499038696289 0.07276900112628937 0.059519000351428986 
v -1.345499038696289 0.0716250017285347 0.05753900110721588 
v -1.345499038696289 0.07138600200414658 0.05526399984955788 
v -1.345499038696289 0.07209300249814987 0.05308900028467178 
v -1.345499038696289 0.07362300157546997 0.05138999968767166 
v -1.345499038696289 0.07571300119161606 0.05045900121331215 
v -1.345499038696289 0.07800000160932541 0.05045900121331215 
v -1.345499038696289 0.08008900284767151 0.05138999968767166 
v -1.345499038696289 0.08161900192499161 0.05308900028467178 
v -1.345499038696289 0.07636699825525284 0.07636699825525284 
v -1.345499038696289 0.08488000184297562 0.028781000524759293 
v -1.345499038696289 0.08558700233697891 0.02660599909722805 
v -1.345499038696289 0.08511900156736374 0.031055999919772148 
v -1.345499038696289 0.08626300096511841 0.0330360010266304 
v -1.345499038696289 0.08717499673366547 0.033698998391628265 
v -1.345499038696289 0.08811300247907639 0.03438099846243858 
v -1.345499038696289 0.09035000205039978 0.03485599905252457 
v -1.345499038696289 0.09258700162172318 0.03438099846243858 
v -1.345499038696289 0.09443700313568115 0.0330360010266304 
v -1.345499038696289 0.09558100253343582 0.031055999919772148 
v -1.345499038696289 0.09582000225782394 0.028781000524759293 
v -1.345499038696289 0.09511300176382065 0.02660599909722805 
v -1.345499038696289 0.09358300268650055 0.024907000362873077 
v -1.345499038696289 0.09149300307035446 0.023976000025868416 
v -1.345499038696289 0.08717499673366547 0.014677999541163445 
v -1.345499038696289 0.08920600265264511 0.023976000025868416 
v -1.345499038696289 0.09276200085878372 0.005024000070989132 
v -1.345499038696289 0.09091199934482574 0.0036800000816583633 
v -1.345499038696289 0.08976899832487106 0.001699000014923513 
v -1.345499038696289 0.08952999860048294 -0.0005740000051446259 
v -1.345499038696289 0.09023600071668625 -0.0027489999774843454 
v -1.345499038696289 0.09176699817180634 -0.004449000116437674 
v -1.345499038696289 0.09385599941015244 -0.005379000212997198 
v -1.345499038696289 0.09614299982786179 -0.005379000212997198 
v -1.345499038696289 0.08717499673366547 0.024880999699234962 
v -1.345499038696289 0.08711700141429901 0.024907000362873077 
v -1.345499038696289 0.051075998693704605 0.07410600036382675 
v -1.345499038696289 0.05036899819970131 0.07628100365400314 
v -1.345499038696289 0.052606001496315 0.07240699976682663 
v -1.345499038696289 0.05469600111246109 0.07147599756717682 
v -1.345499038696289 0.05698300153017044 0.07147599756717682 
v -1.345499038696289 0.05907199904322624 0.07240699976682663 
v -1.345499038696289 0.06060200184583664 0.07410600036382675 
v -1.345499038696289 0.06130899861454964 0.07628100365400314 
v -1.345499038696289 0.06634800136089325 0.08306200057268143 
v -1.345499038696289 0.061069998890161514 0.07855600118637085 
v -1.345499038696289 0.059925999492406845 0.08053600043058395 
v -1.345499038696289 0.058076001703739166 0.08188100159168243 
v -1.345499038696289 0.05583899840712547 0.08235599845647812 
v -1.345499038696289 0.05360199883580208 0.08188100159168243 
v -1.345499038696289 0.0517520010471344 0.08053600043058395 
v -1.345499038696289 0.05060800164937973 0.07855600118637085 
v -1.345499038696289 0.03258899971842766 0.08590000122785568 
v -1.345499038696289 0.030500000342726707 0.08496999740600586 
v -1.345499038696289 0.028212999925017357 0.08496999740600586 
v -1.345499038696289 0.02612300030887127 0.08590000122785568 
v -1.345499038696289 0.02497600018978119 0.08717499673366547 
v -1.345499038696289 0.014677999541163445 -0.06508000195026398 
v -1.345499038696289 0.014677999541163445 -0.06634800136089325 
v -1.345499038696289 0.02602200023829937 -0.06282299757003784 
v -1.345499038696289 0.04259800165891647 -0.06634800136089325 
v -1.345499038696289 0.04259800165891647 -0.08360300213098526 
v -1.345499038696289 0.014677999541163445 -0.08360300213098526 
v -1.345499038696289 0.008303999900817871 -0.06634800136089325 
v -1.345499038696289 0 -0.06800000369548798 
v -1.345499038696289 0 -0.08360300213098526 
v -1.345499038696289 0.0021039999555796385 -0.08991800248622894 
v -1.345499038696289 0 -0.08950000256299973 
v -1.345499038696289 0.003889000043272972 -0.091109998524189 
v -1.345499038696289 0.005080999806523323 -0.09289500117301941 
v -1.345499038696289 0.005499000195413828 -0.09499900043010712 
v -1.345499038696289 0.014677999541163445 -0.10192500054836273 
v -1.345499038696289 0.005080999806523323 -0.09710399806499481 
v -1.345499038696289 0.003889000043272972 -0.09888900071382523 
v -1.345499038696289 0.0021039999555796385 -0.10008099675178528 
v -1.345499038696289 0 -0.10192500054836273 
v -1.345499038696289 0 -0.10050000250339508 
v -1.345499038696289 0 -0.1080000028014183 
v -1.345499038696289 0.014677999541163445 -0.1050800010561943 
v -1.345499038696289 0.030540000647306442 -0.10192500054836273 
v -1.345499038696289 0.028212999925017357 -0.0957299992442131 
v -1.345499038696289 0.030500000342726707 -0.0957299992442131 
v -1.345499038696289 0.03258899971842766 -0.0947989970445633 
v -1.345499038696289 0.041329000145196915 -0.09977799654006958 
v -1.345499038696289 0.03411899879574776 -0.09309999644756317 
v -1.345499038696289 0.04259800165891647 -0.09893099963665009 
v -1.345499038696289 0.03482599928975105 -0.09092500060796738 
v -1.345499038696289 0.03458699956536293 -0.08865000307559967 
v -1.345499038696289 0.03344300016760826 -0.08666999638080597 
v -1.345499038696289 0.031592998653650284 -0.08532500267028809 
v -1.345499038696289 0.02935599908232689 -0.0848499983549118 
v -1.345499038696289 0.027118999511003494 -0.08532500267028809 
v -1.345499038696289 0.025268999859690666 -0.08666999638080597 
v -1.345499038696289 0.024125000461935997 -0.08865000307559967 
v -1.345499038696289 0.023886000737547874 -0.09092500060796738 
v -1.345499038696289 0.02459299936890602 -0.09309999644756317 
v -1.345499038696289 0.02612300030887127 -0.0947989970445633 
v -1.345499038696289 0.06553799659013748 -0.08360300213098526 
v -1.345499038696289 0.05469600111246109 -0.08223599940538406 
v -1.345499038696289 0.05698300153017044 -0.08223599940538406 
v -1.345499038696289 0.05907199904322624 -0.08130600303411484 
v -1.345499038696289 0.06060200184583664 -0.07960599660873413 
v -1.345499038696289 0.06634800136089325 -0.08306200057268143 
v -1.345499038696289 0.06130899861454964 -0.07743100076913834 
v -1.345499038696289 0.06634800136089325 -0.06634800136089325 
v -1.345499038696289 0.061069998890161514 -0.07515700161457062 
v -1.345499038696289 0.059925999492406845 -0.07317599654197693 
v -1.345499038696289 0.058076001703739166 -0.07183200120925903 
v -1.345499038696289 0.05583899840712547 -0.07135599851608276 
v -1.345499038696289 0.05360199883580208 -0.07183200120925903 
v -1.345499038696289 0.0517520010471344 -0.07317599654197693 
v -1.345499038696289 0.05060800164937973 -0.07515700161457062 
v -1.345499038696289 0.05036899819970131 -0.07743100076913834 
v -1.345499038696289 0.051075998693704605 -0.07960599660873413 
v -1.345499038696289 0.052606001496315 -0.08130600303411484 
v -1.345499038696289 0.07636699825525284 -0.07636699825525284 
v -1.345499038696289 0.04259800165891647 -0.05174800008535385 
v -1.345499038696289 0.048082999885082245 -0.048082999885082245 
v -1.345499038696289 0.05174800008535385 -0.04259800165891647 
v -1.345499038696289 0.07209300249814987 -0.05858900025486946 
v -1.345499038696289 0.07138600200414658 -0.05641400068998337 
v -1.345499038696289 0.0716250017285347 -0.05414000153541565 
v -1.345499038696289 0.07276900112628937 -0.05215900018811226 
v -1.345499038696289 0.07461900264024734 -0.050815001130104065 
v -1.345499038696289 0.07685600221157074 -0.050338998436927795 
v -1.345499038696289 0.07909300178289413 -0.050815001130104065 
v -1.345499038696289 0.08094300329685211 -0.05215900018811226 
v -1.345499038696289 0.08208700269460678 -0.05414000153541565 
v -1.345499038696289 0.0823260024189949 -0.05641400068998337 
v -1.345499038696289 0.08360300213098526 -0.06553799659013748 
v -1.345499038696289 0.08161900192499161 -0.05858900025486946 
v -1.345499038696289 0.08008900284767151 -0.06028899922966957 
v -1.345499038696289 0.07800000160932541 -0.061218999326229095 
v -1.345499038696289 0.08306200057268143 -0.06634800136089325 
v -1.345499038696289 0.07571300119161606 -0.061218999326229095 
v -1.345499038696289 0.07362300157546997 -0.06028899922966957 
v -1.345499038696289 0 -0.06800000369548798 
v -1.3448909521102905 0 -0.0649380013346672 
v -1.345499038696289 0.008303999900817871 -0.06634800136089325 
v -1.345499038696289 0.014677999541163445 -0.06508000195026398 
v -1.3448909521102905 0.02484999969601631 -0.05999499931931496 
v -1.345499038696289 0.02602200023829937 -0.06282299757003784 
v -1.345499038696289 0.04259800165891647 -0.05174800008535385 
v -1.3448909521102905 0.045917998999357224 -0.045917998999357224 
v -1.345499038696289 0.05174800008535385 -0.04259800165891647 
v -1.3448909521102905 0.05999499931931496 -0.02484999969601631 
v -1.345499038696289 0.06508000195026398 -0.014677999541163445 
v -1.3448909521102905 0.0649380013346672 0 
v -1.345499038696289 0.06634800136089325 -0.008303999900817871 
v -1.345499038696289 0.06634800136089325 0.008303999900817871 
v -1.345499038696289 0.06508000195026398 0.014677999541163445 
v -1.3448909521102905 0.05999499931931496 0.02484999969601631 
v -1.345499038696289 0.05174800008535385 0.04259800165891647 
v -1.3448909521102905 0.045917998999357224 0.045917998999357224 
v -1.345499038696289 0.048082999885082245 0.048082999885082245 
v -1.345499038696289 0.04259800165891647 0.05174800008535385 
v -1.3448909521102905 0.02484999969601631 0.05999499931931496 
v -1.345499038696289 0.02602200023829937 0.06282299757003784 
v -1.345499038696289 0.014677999541163445 0.06508000195026398 
v -1.3448909521102905 0 0.0649380013346672 
v -1.345499038696289 0.008303999900817871 0.06634800136089325 
v -1.345499038696289 0 0.06800000369548798 
v -1.345499038696289 -0.008303999900817871 0.06634800136089325 
v -1.345499038696289 -0.014677999541163445 0.06508000195026398 
v -1.3448909521102905 -0.02484999969601631 0.05999499931931496 
v -1.345499038696289 -0.02602200023829937 0.06282299757003784 
v -1.345499038696289 -0.04259800165891647 0.05174800008535385 
v -1.3448909521102905 -0.045917998999357224 0.045917998999357224 
v -1.345499038696289 -0.048082999885082245 0.048082999885082245 
v -1.345499038696289 -0.05174800008535385 0.04259800165891647 
v -1.3448909521102905 -0.05999499931931496 0.02484999969601631 
v -1.345499038696289 -0.06282299757003784 0.02602200023829937 
v -1.345499038696289 -0.06508000195026398 0.014677999541163445 
v -1.3448909521102905 -0.0649380013346672 0 
v -1.345499038696289 -0.06634800136089325 0.008303999900817871 
v -1.345499038696289 -0.06800000369548798 0 
v -1.3431559801101685 -0.06234300136566162 0 
v -1.3431559801101685 -0.057597000151872635 0.02385699935257435 
v -1.340561032295227 -0.06060799956321716 0 
v -1.3431559801101685 -0.04408299922943115 0.04408299922943115 
v -1.3431559801101685 -0.02385699935257435 0.057597000151872635 
v -1.3431559801101685 0 0.06234300136566162 
v -1.3431559801101685 0.02385699935257435 0.057597000151872635 
v -1.3431559801101685 0.04408299922943115 0.04408299922943115 
v -1.3431559801101685 0.057597000151872635 0.02385699935257435 
v -1.3431559801101685 0.06234300136566162 0 
v -1.3431559801101685 0.057597000151872635 -0.02385699935257435 
v -1.3431559801101685 0.04408299922943115 -0.04408299922943115 
v -1.3431559801101685 0.02385699935257435 -0.057597000151872635 
v -1.3431559801101685 0 -0.06234300136566162 
v -1.340561032295227 0.023194000124931335 -0.055994998663663864 
v -1.340561032295227 0 -0.06060799956321716 
v -1.340561032295227 0.04285699874162674 -0.04285699874162674 
v -1.340561032295227 0.055994998663663864 -0.023194000124931335 
v -1.340561032295227 0.06060799956321716 0 
v -1.340561032295227 0.055994998663663864 0.023194000124931335 
v -1.340561032295227 0.04285699874162674 0.04285699874162674 
v -1.340561032295227 0.023194000124931335 0.055994998663663864 
v -1.340561032295227 0 0.06060799956321716 
v -1.340561032295227 -0.023194000124931335 0.055994998663663864 
v -1.340561032295227 -0.04285699874162674 0.04285699874162674 
v -1.340561032295227 -0.055994998663663864 0.023194000124931335 
v -1.3374990224838257 -0.059999000281095505 0 
v -1.3374990224838257 -0.055431999266147614 0.022960999980568886 
v -1.3374990224838257 -0.04242600128054619 0.04242600128054619 
v -1.3374990224838257 -0.022960999980568886 0.055431999266147614 
v -1.3374990224838257 0 0.059999000281095505 
v -1.3374990224838257 0.022960999980568886 0.055431999266147614 
v -1.3374990224838257 0.04242600128054619 0.04242600128054619 
v -1.3374990224838257 0.055431999266147614 0.022960999980568886 
v -1.3374990224838257 0.059999000281095505 0 
v -1.3374990224838257 0.055431999266147614 -0.022960999980568886 
v -1.3374990224838257 0.04242600128054619 -0.04242600128054619 
v -1.3374990224838257 0.022960999980568886 -0.055431999266147614 
v -1.3374990224838257 0 -0.059999000281095505 
v -1.3339990377426147 0 -0.059999000281095505 
v -1.3339990377426147 0.022960999980568886 -0.055431999266147614 
v -1.3339990377426147 0.04242600128054619 -0.04242600128054619 
v -1.3339990377426147 0.055431999266147614 -0.022960999980568886 
v -1.3339990377426147 0.059999000281095505 0 
v -1.3339990377426147 0.055431999266147614 0.022960999980568886 
v -1.3339990377426147 0.04242600128054619 0.04242600128054619 
v -1.3339990377426147 0.022960999980568886 0.055431999266147614 
v -1.3339990377426147 0 0.059999000281095505 
v -1.3339990377426147 -0.022960999980568886 0.055431999266147614 
v -1.3339990377426147 -0.04242600128054619 0.04242600128054619 
v -1.3339990377426147 -0.055431999266147614 0.022960999980568886 
v -1.3374990224838257 -0.059999000281095505 0 
v -1.3339990377426147 -0.059999000281095505 0 
vn 3.097898456858039e-13 -0.999997615814209 0.002184694167226553 
vn 0.0037719623651355505 -0.9244976043701172 0.3811691105365753 
vn 3.097898456858039e-13 -0.999997615814209 0.002184694167226553 
vn 0.0037719623651355505 -0.9244976043701172 0.3811691105365753 
vn 0.00376924779266119 -0.707868754863739 0.7063339352607727 
vn 0.00376924779266119 -0.707868754863739 0.7063339352607727 
vn 1.187080219278852e-13 -0.3831879794597626 0.9236704111099243 
vn 1.187080219278852e-13 -0.3831879794597626 0.9236704111099243 
vn 0 0 1 
vn 0 0 1 
vn -3.962606474504013e-14 0.3831879794597626 0.9236704111099243 
vn -3.962606474504013e-14 0.3831879794597626 0.9236704111099243 
vn 0.00376924779266119 0.707868754863739 0.7063339352607727 
vn 0.00376924779266119 0.707868754863739 0.7063339352607727 
vn 0.0037719623651355505 0.9244976043701172 0.3811691105365753 
vn 0.0037719623651355505 0.9244976043701172 0.3811691105365753 
vn -1.0341130485562108e-13 0.999997615814209 0.002184694167226553 
vn -1.0341130485562108e-13 0.999997615814209 0.002184694167226553 
vn 0.0018884376622736454 0.9245033860206604 -0.3811691105365753 
vn 0.0018884376622736454 0.9245033860206604 -0.3811691105365753 
vn 0.0018878303235396743 0.7078762650489807 -0.7063339352607727 
vn 0.0018878303235396743 0.7078762650489807 -0.7063339352607727 
vn 0.0037855375558137894 0.3831692636013031 -0.9236704111099243 
vn 0.0037855375558137894 0.3831692636013031 -0.9236704111099243 
vn -2.0682311115474694e-13 0 -1 
vn -2.0682311115474694e-13 0 -1 
vn -0.999997615814209 -2.0682260971124217e-13 0.002184694167226553 
vn -0.9904279708862305 0.01510564237833023 -0.1372016966342926 
vn -0.9244976043701172 -0.0037768674083054066 -0.3811691105365753 
vn -0.9872725605964661 0.037750840187072754 -0.15449213981628418 
vn -0.9247349500656128 0.14302058517932892 -0.3527185618877411 
vn -0.999997615814209 -2.0682260971124217e-13 0.002184694167226553 
vn -0.9924396872520447 0.07914745807647705 -0.09380380809307098 
vn -0.9237432479858398 0.27195116877555847 -0.26970529556274414 
vn -0.999997615814209 -2.0682260971124217e-13 0.002184694167226553 
vn -0.9929668307304382 0.09045127779245377 -0.0763898640871048 
vn -0.9249659776687622 0.35094866156578064 -0.1458524912595749 
vn -0.999997615814209 -2.0682260971124217e-13 0.002184694167226553 
vn -0.9869207739830017 0.1578412801027298 -0.03276457265019417 
vn -0.9238772988319397 0.38268253207206726 0.002184694167226553 
vn -0.9896077513694763 0.14297764003276825 -0.0152922747656703 
vn -0.999997615814209 -2.0682260971124217e-13 0.002184694167226553 
vn -0.9896077513694763 0.14297764003276825 0.0152922747656703 
vn -0.9869207739830017 0.1578412801027298 0.03276457265019417 
vn -0.923777163028717 0.3540661334991455 0.1458524912595749 
vn -0.999997615814209 -2.0682260971124217e-13 0.002184694167226553 
vn -0.9929668307304382 0.09045127779245377 0.0763898640871048 
vn -0.9248971939086914 0.26800042390823364 0.26970529556274414 
vn -0.999997615814209 -2.0682260971124217e-13 0.002184694167226553 
vn -0.9924396872520447 0.07914745807647705 0.09380380809307098 
vn -0.9241795539855957 0.14656668901443481 0.3527185618877411 
vn -0.999997615814209 -2.0682260971124217e-13 0.002184694167226553 
vn -0.9872725605964661 0.037750840187072754 0.15449213981628418 
vn -0.924505352973938 -1.9120906843538704e-13 0.3811691105365753 
vn -0.990363597869873 0.018858756870031357 0.1372016966342926 
vn -0.999997615814209 -2.0682260971124217e-13 0.002184694167226553 
vn -0.990363597869873 -0.018858756870031357 0.1372016966342926 
vn -0.9872725605964661 -0.037750840187072754 0.15449213981628418 
vn -0.9241795539855957 -0.14656668901443481 0.3527185618877411 
vn -0.999997615814209 -2.0682260971124217e-13 0.002184694167226553 
vn -0.9924396872520447 -0.07914745807647705 0.09380380809307098 
vn -0.9248971939086914 -0.26800042390823364 0.26970529556274414 
vn -0.999997615814209 -2.0682260971124217e-13 0.002184694167226553 
vn -0.9929668307304382 -0.09045127779245377 0.0763898640871048 
vn -0.923777163028717 -0.3540661334991455 0.1458524912595749 
vn -0.999997615814209 -2.0682260971124217e-13 0.002184694167226553 
vn -0.9869207739830017 -0.1578412801027298 0.03276457265019417 
vn -0.9238772988319397 -0.38268253207206726 0.002184694167226553 
vn -0.9896077513694763 -0.14297764003276825 0.0152922747656703 
vn -0.999997615814209 -2.0682260971124217e-13 0.002184694167226553 
vn -0.7078686952590942 -0.0037756471429020166 -0.7063339352607727 
vn -0.7088069319725037 0.2695915400981903 -0.651853621006012 
vn -0.3831879794597626 -7.925212949008026e-14 -0.9236704111099243 
vn -0.7083256244659424 -0.6523295640945435 0.26970529556274414 
vn -0.7071051001548767 -0.7071051001548767 0.002184694167226553 
vn -0.7064996957778931 -0.5021139979362488 0.4987381398677826 
vn -0.7076150178909302 -0.27270472049713135 0.651853621006012 
vn -0.7078787684440613 -1.4640568759497624e-13 0.7063339352607727 
vn -0.7076150178909302 0.27270472049713135 0.651853621006012 
vn -0.7064996957778931 0.5021139979362488 0.4987381398677826 
vn -0.7083256244659424 0.6523295640945435 0.26970529556274414 
vn -0.7071051001548767 0.7071051001548767 0.002184694167226553 
vn -0.705152690410614 0.6557581424713135 -0.26970529556274414 
vn -0.7082529067993164 0.49963799118995667 -0.4987381398677826 
vn -0.38295778632164 0.35091617703437805 -0.8545181155204773 
vn 2.0682311115474694e-13 4.2775797696334704e-26 -1 
vn 0.0037855375558137894 0.3831692636013031 -0.9236704111099243 
vn -0.38352373242378235 0.6542143821716309 -0.651853621006012 
vn 0.0018878303235396743 0.7078762650489807 -0.7063339352607727 
vn -0.384962797164917 0.8528735041618347 -0.3527185618877411 
vn 0.0018884376622736454 0.9245033860206604 -0.3811691105365753 
vn -0.38268253207206726 0.9238772988319397 0.002184694167226553 
vn -1.0341130485562108e-13 0.999997615814209 0.002184694167226553 
vn -0.3827775716781616 0.8538565039634705 0.3527185618877411 
vn 0.0037719623651355505 0.9244976043701172 0.3811691105365753 
vn -0.381346732378006 0.6554857492446899 0.651853621006012 
vn 0.00376924779266119 0.707868754863739 0.7063339352607727 
vn -0.38100701570510864 0.35303324460983276 0.8545181155204773 
vn -3.962606474504013e-14 0.3831879794597626 0.9236704111099243 
vn -0.3831879794597626 -7.925212949008026e-14 0.9236704111099243 
vn 0 0 1 
vn -0.38100701570510864 -0.35303324460983276 0.8545181155204773 
vn 1.187080219278852e-13 -0.3831879794597626 0.9236704111099243 
vn -0.381346732378006 -0.6554857492446899 0.651853621006012 
vn 0.00376924779266119 -0.707868754863739 0.7063339352607727 
vn -0.3827775716781616 -0.8538565039634705 0.3527185618877411 
vn 0.0037719623651355505 -0.9244976043701172 0.3811691105365753 
vn -0.38268253207206726 -0.9238772988319397 0.002184694167226553 
vn 3.097898456858039e-13 -0.999997615814209 0.002184694167226553 
vn -0.999997615814209 -2.0682260971124217e-13 0.002184694167226553 
vn -0.999997615814209 -2.0682260971124217e-13 0.002184694167226553 
vn -0.999997615814209 -2.0682260971124217e-13 0.002184694167226553 
vn -0.999997615814209 -2.0682260971124217e-13 0.002184694167226553 
vn -0.999997615814209 -2.0682260971124217e-13 0.002184694167226553 
vn -0.999997615814209 -2.0682260971124217e-13 0.002184694167226553 
vn -0.999997615814209 -2.0682260971124217e-13 0.002184694167226553 
vn -0.999997615814209 -2.0682260971124217e-13 0.002184694167226553 
vn -0.999997615814209 -2.0682260971124217e-13 0.002184694167226553 
vn -0.999997615814209 -2.0682260971124217e-13 0.002184694167226553 
vn -0.999997615814209 -2.0682260971124217e-13 0.002184694167226553 
vn -0.999997615814209 -2.0682260971124217e-13 0.002184694167226553 
vn -0.999997615814209 -2.0682260971124217e-13 0.002184694167226553 
vn -0.999997615814209 -2.0682260971124217e-13 0.002184694167226553 
vn -0.999997615814209 -2.0682260971124217e-13 0.002184694167226553 
vn -0.999997615814209 -2.0682260971124217e-13 0.002184694167226553 
vn -0.999997615814209 -2.0682260971124217e-13 0.002184694167226553 
vn -0.999997615814209 -2.0682260971124217e-13 0.002184694167226553 
vn -0.999997615814209 -2.0682260971124217e-13 0.002184694167226553 
vn -0.999997615814209 -2.0682260971124217e-13 0.002184694167226553 
vn -0.999997615814209 -2.0682260971124217e-13 0.002184694167226553 
vn -0.999997615814209 -2.0682260971124217e-13 0.002184694167226553 
vn -0.999997615814209 -2.0682260971124217e-13 0.002184694167226553 
vn -0.999997615814209 -2.0682260971124217e-13 0.002184694167226553 
vn -0.999997615814209 -2.0682260971124217e-13 0.002184694167226553 
vn -0.999997615814209 -2.0682260971124217e-13 0.002184694167226553 
vn -0.999997615814209 -2.0682260971124217e-13 0.002184694167226553 
vn -0.999997615814209 -2.0682260971124217e-13 0.002184694167226553 
vn -0.999997615814209 -2.0682260971124217e-13 0.002184694167226553 
vn -0.999997615814209 -2.0682260971124217e-13 0.002184694167226553 
vn -0.999997615814209 -2.0682260971124217e-13 0.002184694167226553 
vn -0.999997615814209 -2.0682260971124217e-13 0.002184694167226553 
vn -0.999997615814209 -2.0682260971124217e-13 0.002184694167226553 
vn -0.999997615814209 -2.0682260971124217e-13 0.002184694167226553 
vn -0.999997615814209 -2.0682260971124217e-13 0.002184694167226553 
vn -0.999997615814209 -2.0682260971124217e-13 0.002184694167226553 
vn -0.999997615814209 -2.0682260971124217e-13 0.002184694167226553 
vn -0.999997615814209 -2.0682260971124217e-13 0.002184694167226553 
vn -0.999997615814209 -2.0682260971124217e-13 0.002184694167226553 
vn -0.999997615814209 -2.0682260971124217e-13 0.002184694167226553 
vn -0.999997615814209 -2.0682260971124217e-13 0.002184694167226553 
vn -0.999997615814209 -2.0682260971124217e-13 0.002184694167226553 
vn -0.999997615814209 -2.0682260971124217e-13 0.002184694167226553 
vn -0.999997615814209 -2.0682260971124217e-13 0.002184694167226553 
vn -0.999997615814209 -2.0682260971124217e-13 0.002184694167226553 
vn -0.999997615814209 -2.0682260971124217e-13 0.002184694167226553 
vn -0.999997615814209 -2.0682260971124217e-13 0.002184694167226553 
vn -0.999997615814209 -2.0682260971124217e-13 0.002184694167226553 
vn -0.999997615814209 -2.0682260971124217e-13 0.002184694167226553 
vn -0.999997615814209 -2.0682260971124217e-13 0.002184694167226553 
vn -0.999997615814209 -2.0682260971124217e-13 0.002184694167226553 
vn -0.999997615814209 -2.0682260971124217e-13 0.002184694167226553 
vn -0.999997615814209 -2.0682260971124217e-13 0.002184694167226553 
vn -0.999997615814209 -2.0682260971124217e-13 0.002184694167226553 
vn -0.999997615814209 -2.0682260971124217e-13 0.002184694167226553 
vn -0.999997615814209 -2.0682260971124217e-13 0.002184694167226553 
vn -0.999997615814209 -2.0682260971124217e-13 0.002184694167226553 
vn -0.999997615814209 -2.0682260971124217e-13 0.002184694167226553 
vn -0.999997615814209 -2.0682260971124217e-13 0.002184694167226553 
vn -0.999997615814209 -2.0682260971124217e-13 0.002184694167226553 
vn -0.999997615814209 -2.0682260971124217e-13 0.002184694167226553 
vn -0.999997615814209 -2.0682260971124217e-13 0.002184694167226553 
vn -0.999997615814209 -2.0682260971124217e-13 0.002184694167226553 
vn -0.999997615814209 -2.0682260971124217e-13 0.002184694167226553 
vn -0.999997615814209 -2.0682260971124217e-13 0.002184694167226553 
vn -0.999997615814209 -2.0682260971124217e-13 0.002184694167226553 
vn -0.999997615814209 -2.0682260971124217e-13 0.002184694167226553 
vn -0.999997615814209 -2.0682260971124217e-13 0.002184694167226553 
vn -0.999997615814209 -2.0682260971124217e-13 0.002184694167226553 
vn -0.999997615814209 -2.0682260971124217e-13 0.002184694167226553 
vn -0.999997615814209 -2.0682260971124217e-13 0.002184694167226553 
vn -0.999997615814209 -2.0682260971124217e-13 0.002184694167226553 
vn -0.999997615814209 -2.0682260971124217e-13 0.002184694167226553 
vn -0.999997615814209 -2.0682260971124217e-13 0.002184694167226553 
vn -0.999997615814209 -2.0682260971124217e-13 0.002184694167226553 
vn -0.999997615814209 -2.0682260971124217e-13 0.002184694167226553 
vn -0.999997615814209 -2.0682260971124217e-13 0.002184694167226553 
vn -0.999997615814209 -2.0682260971124217e-13 0.002184694167226553 
vn -0.999997615814209 -2.0682260971124217e-13 0.002184694167226553 
vn -0.999997615814209 -2.0682260971124217e-13 0.002184694167226553 
vn -0.999997615814209 -2.0682260971124217e-13 0.002184694167226553 
vn -0.999997615814209 -2.0682260971124217e-13 0.002184694167226553 
vn -0.999997615814209 -2.0682260971124217e-13 0.002184694167226553 
vn -0.999997615814209 -2.0682260971124217e-13 0.002184694167226553 
vn -0.999997615814209 -2.0682260971124217e-13 0.002184694167226553 
vn -0.999997615814209 -2.0682260971124217e-13 0.002184694167226553 
vn -0.999997615814209 -2.0682260971124217e-13 0.002184694167226553 
vn -0.999997615814209 -2.0682260971124217e-13 0.002184694167226553 
vn -0.999997615814209 -2.0682260971124217e-13 0.002184694167226553 
vn -0.999997615814209 -2.0682260971124217e-13 0.002184694167226553 
vn -0.999997615814209 -2.0682260971124217e-13 0.002184694167226553 
vn -0.999997615814209 -2.0682260971124217e-13 0.002184694167226553 
vn -0.999997615814209 -2.0682260971124217e-13 0.002184694167226553 
vn -0.999997615814209 -2.0682260971124217e-13 0.002184694167226553 
vn -0.999997615814209 -2.0682260971124217e-13 0.002184694167226553 
vn -0.999997615814209 -2.0682260971124217e-13 0.002184694167226553 
vn -0.999997615814209 -2.0682260971124217e-13 0.002184694167226553 
vn -0.999997615814209 -2.0682260971124217e-13 0.002184694167226553 
vn -0.999997615814209 -2.0682260971124217e-13 0.002184694167226553 
vn -0.999997615814209 -2.0682260971124217e-13 0.002184694167226553 
vn -0.999997615814209 -2.0682260971124217e-13 0.002184694167226553 
vn -0.999997615814209 -2.0682260971124217e-13 0.002184694167226553 
vn -0.999997615814209 -2.0682260971124217e-13 0.002184694167226553 
vn -0.999997615814209 -2.0682260971124217e-13 0.002184694167226553 
vn -0.999997615814209 -2.0682260971124217e-13 0.002184694167226553 
vn -0.999997615814209 -2.0682260971124217e-13 0.002184694167226553 
vn -0.999997615814209 -2.0682260971124217e-13 0.002184694167226553 
vn -0.999997615814209 -2.0682260971124217e-13 0.002184694167226553 
vn -0.999997615814209 -2.0682260971124217e-13 0.002184694167226553 
vn -0.999997615814209 -2.0682260971124217e-13 0.002184694167226553 
vn -0.999997615814209 -2.0682260971124217e-13 0.002184694167226553 
vn -0.999997615814209 -2.0682260971124217e-13 0.002184694167226553 
vn -0.999997615814209 -2.0682260971124217e-13 0.002184694167226553 
vn -0.999997615814209 -2.0682260971124217e-13 0.002184694167226553 
vn -0.999997615814209 -2.0682260971124217e-13 0.002184694167226553 
vn -0.999997615814209 -2.0682260971124217e-13 0.002184694167226553 
vn -0.999997615814209 -2.0682260971124217e-13 0.002184694167226553 
vn -0.999997615814209 -2.0682260971124217e-13 0.002184694167226553 
vn -0.999997615814209 -2.0682260971124217e-13 0.002184694167226553 
vn -0.999997615814209 -2.0682260971124217e-13 0.002184694167226553 
vn -0.999997615814209 -2.0682260971124217e-13 0.002184694167226553 
vn -0.999997615814209 -2.0682260971124217e-13 0.002184694167226553 
vn -0.999997615814209 -2.0682260971124217e-13 0.002184694167226553 
vn -0.999997615814209 -2.0682260971124217e-13 0.002184694167226553 
vn -0.999997615814209 -2.0682260971124217e-13 0.002184694167226553 
vn -0.999997615814209 -2.0682260971124217e-13 0.002184694167226553 
vn -0.999997615814209 -2.0682260971124217e-13 0.002184694167226553 
vn -0.999997615814209 -2.0682260971124217e-13 0.002184694167226553 
vn -0.999997615814209 -2.0682260971124217e-13 0.002184694167226553 
vn -0.999997615814209 -2.0682260971124217e-13 0.002184694167226553 
vn -0.999997615814209 -2.0682260971124217e-13 0.002184694167226553 
vn -0.999997615814209 -2.0682260971124217e-13 0.002184694167226553 
vn -0.999997615814209 -2.0682260971124217e-13 0.002184694167226553 
vn -0.999997615814209 -2.0682260971124217e-13 0.002184694167226553 
vn -0.999997615814209 -2.0682260971124217e-13 0.002184694167226553 
vn -0.999997615814209 -2.0682260971124217e-13 0.002184694167226553 
vn -0.999997615814209 -2.0682260971124217e-13 0.002184694167226553 
vn -0.999997615814209 -2.0682260971124217e-13 0.002184694167226553 
vn -0.999997615814209 -2.0682260971124217e-13 0.002184694167226553 
vn -0.999997615814209 -2.0682260971124217e-13 0.002184694167226553 
vn -0.999997615814209 -2.0682260971124217e-13 0.002184694167226553 
vn -0.999997615814209 -2.0682260971124217e-13 0.002184694167226553 
vn -0.999997615814209 -2.0682260971124217e-13 0.002184694167226553 
vn -0.999997615814209 -2.0682260971124217e-13 0.002184694167226553 
vn -0.999997615814209 -2.0682260971124217e-13 0.002184694167226553 
vn -0.999997615814209 -2.0682260971124217e-13 0.002184694167226553 
vn -0.999997615814209 -2.0682260971124217e-13 0.002184694167226553 
vn -0.999997615814209 -2.0682260971124217e-13 0.002184694167226553 
vn -0.999997615814209 -2.0682260971124217e-13 0.002184694167226553 
vn -0.999997615814209 -2.0682260971124217e-13 0.002184694167226553 
vn -0.999997615814209 -2.0682260971124217e-13 0.002184694167226553 
vn -0.999997615814209 -2.0682260971124217e-13 0.002184694167226553 
vn -0.999997615814209 -2.0682260971124217e-13 0.002184694167226553 
vn -0.999997615814209 -2.0682260971124217e-13 0.002184694167226553 
vn -0.999997615814209 -2.0682260971124217e-13 0.002184694167226553 
vn -0.999997615814209 -2.0682260971124217e-13 0.002184694167226553 
vn -0.999997615814209 -2.0682260971124217e-13 0.002184694167226553 
vn -0.999997615814209 -2.0682260971124217e-13 0.002184694167226553 
vn -0.999997615814209 -2.0682260971124217e-13 0.002184694167226553 
vn -0.999997615814209 -2.0682260971124217e-13 0.002184694167226553 
vn -0.999997615814209 -2.0682260971124217e-13 0.002184694167226553 
vn -0.999997615814209 -2.0682260971124217e-13 0.002184694167226553 
vn -0.999997615814209 -2.0682260971124217e-13 0.002184694167226553 
vn -0.999997615814209 -2.0682260971124217e-13 0.002184694167226553 
vn -0.999997615814209 -2.0682260971124217e-13 0.002184694167226553 
vn -0.999997615814209 -2.0682260971124217e-13 0.002184694167226553 
vn -0.999997615814209 -2.0682260971124217e-13 0.002184694167226553 
vn -0.999997615814209 -2.0682260971124217e-13 0.002184694167226553 
vn -0.999997615814209 -2.0682260971124217e-13 0.002184694167226553 
vn -0.999997615814209 -2.0682260971124217e-13 0.002184694167226553 
vn -0.999997615814209 -2.0682260971124217e-13 0.002184694167226553 
vn -0.999997615814209 -2.0682260971124217e-13 0.002184694167226553 
vn -0.999997615814209 -2.0682260971124217e-13 0.002184694167226553 
vn -0.999997615814209 -2.0682260971124217e-13 0.002184694167226553 
vn -0.999997615814209 -2.0682260971124217e-13 0.002184694167226553 
vn -0.999997615814209 -2.0682260971124217e-13 0.002184694167226553 
vn -0.999997615814209 -2.0682260971124217e-13 0.002184694167226553 
vn -0.999997615814209 -2.0682260971124217e-13 0.002184694167226553 
vn -0.999997615814209 -2.0682260971124217e-13 0.002184694167226553 
vn -0.999997615814209 -2.0682260971124217e-13 0.002184694167226553 
vn -0.999997615814209 -2.0682260971124217e-13 0.002184694167226553 
vn -0.999997615814209 -2.0682260971124217e-13 0.002184694167226553 
vn -0.999997615814209 -2.0682260971124217e-13 0.002184694167226553 
vn -0.999997615814209 -2.0682260971124217e-13 0.002184694167226553 
vn -0.999997615814209 -2.0682260971124217e-13 0.002184694167226553 
vn -0.999997615814209 -2.0682260971124217e-13 0.002184694167226553 
vn -0.999997615814209 -2.0682260971124217e-13 0.002184694167226553 
vn -0.999997615814209 -2.0682260971124217e-13 0.002184694167226553 
vn -0.999997615814209 -2.0682260971124217e-13 0.002184694167226553 
vn -0.999997615814209 -2.0682260971124217e-13 0.002184694167226553 
vn -0.999997615814209 -2.0682260971124217e-13 0.002184694167226553 
vn -0.999997615814209 -2.0682260971124217e-13 0.002184694167226553 
vn -0.999997615814209 -2.0682260971124217e-13 0.002184694167226553 
vn -0.999997615814209 -2.0682260971124217e-13 0.002184694167226553 
vn -0.999997615814209 -2.0682260971124217e-13 0.002184694167226553 
vn -0.999997615814209 -2.0682260971124217e-13 0.002184694167226553 
vn -0.999997615814209 -2.0682260971124217e-13 0.002184694167226553 
vn -0.999997615814209 -2.0682260971124217e-13 0.002184694167226553 
vn -0.999997615814209 -2.0682260971124217e-13 0.002184694167226553 
vn -0.999997615814209 -2.0682260971124217e-13 0.002184694167226553 
vn -0.999997615814209 -2.0682260971124217e-13 0.002184694167226553 
vn -0.999997615814209 -2.0682260971124217e-13 0.002184694167226553 
vn -0.999997615814209 -2.0682260971124217e-13 0.002184694167226553 
vn -0.999997615814209 -2.0682260971124217e-13 0.002184694167226553 
vn -0.999997615814209 -2.0682260971124217e-13 0.002184694167226553 
vn -0.999997615814209 -2.0682260971124217e-13 0.002184694167226553 
vn -0.999997615814209 -2.0682260971124217e-13 0.002184694167226553 
vn -0.999997615814209 -2.0682260971124217e-13 0.002184694167226553 
vn -0.999997615814209 -2.0682260971124217e-13 0.002184694167226553 
vn -0.999997615814209 -2.0682260971124217e-13 0.002184694167226553 
vn -0.999997615814209 -2.0682260971124217e-13 0.002184694167226553 
vn -0.999997615814209 -2.0682260971124217e-13 0.002184694167226553 
vn -0.999997615814209 -2.0682260971124217e-13 0.002184694167226553 
vn -0.999997615814209 -2.0682260971124217e-13 0.002184694167226553 
vn -0.999997615814209 -2.0682260971124217e-13 0.002184694167226553 
vn -0.999997615814209 -2.0682260971124217e-13 0.002184694167226553 
vn -0.999997615814209 -2.0682260971124217e-13 0.002184694167226553 
vn -0.999997615814209 -2.0682260971124217e-13 0.002184694167226553 
vn -0.999997615814209 -2.0682260971124217e-13 0.002184694167226553 
vn -0.999997615814209 -2.0682260971124217e-13 0.002184694167226553 
vn -0.999997615814209 -2.0682260971124217e-13 0.002184694167226553 
vn -0.999997615814209 -2.0682260971124217e-13 0.002184694167226553 
vn -0.999997615814209 -2.0682260971124217e-13 0.002184694167226553 
vn -0.999997615814209 -2.0682260971124217e-13 0.002184694167226553 
vn -0.999997615814209 -2.0682260971124217e-13 0.002184694167226553 
vn -0.999997615814209 -2.0682260971124217e-13 0.002184694167226553 
vn -0.999997615814209 -2.0682260971124217e-13 0.002184694167226553 
vn -0.999997615814209 -2.0682260971124217e-13 0.002184694167226553 
vn -0.999997615814209 -2.0682260971124217e-13 0.002184694167226553 
vn -0.999997615814209 -2.0682260971124217e-13 0.002184694167226553 
vn -0.923777163028717 -0.3540661334991455 0.1458524912595749 
vn -0.9972887635231018 0.06788744032382965 -0.028397228568792343 
vn -0.992741584777832 0.10927680134773254 -0.05022686347365379 
vn -0.851298987865448 0.4159533977508545 -0.3198012113571167 
vn -0.8446800708770752 0.5297925472259521 -0.0763898640871048 
vn -0.9238772988319397 -0.38268253207206726 0.002184694167226553 
vn -0.8446800708770752 0.5297925472259521 0.0763898640871048 
vn -0.9249659776687622 -0.35094866156578064 -0.1458524912595749 
vn -0.999997615814209 -2.0682260971124217e-13 0.002184694167226553 
vn -0.9972887635231018 0.06788744032382965 0.028397228568792343 
vn -0.992741584777832 0.10927680134773254 0.05022686347365379 
vn -0.8498774170875549 0.41885027289390564 0.3198012113571167 
vn -0.9237432479858398 -0.27195116877555847 -0.26970529556274414 
vn -0.8805196285247803 0.3677881956100464 0.2990269064903259 
vn -0.999997615814209 -2.0682260971124217e-13 0.002184694167226553 
vn -0.8808529376983643 0.29651936888694763 0.3690181374549866 
vn -0.850209653377533 0.3210456967353821 0.417220801115036 
vn -0.8247809410095215 0.31714242696762085 0.46814218163490295 
vn -0.9247349500656128 -0.14302058517932892 -0.3527185618877411 
vn -0.992587685585022 0.04905800148844719 0.1111890971660614 
vn -0.9969450831413269 0.030197136104106903 0.07203252613544464 
vn -0.999997615814209 -2.0682260971124217e-13 0.002184694167226553 
vn -0.845770001411438 0.07157641649246216 0.528724730014801 
vn -0.9244976043701172 -0.0037768674083054066 -0.3811691105365753 
vn -0.999997615814209 -2.0682260971124217e-13 0.002184694167226553 
vn -0.845770001411438 -0.07157641649246216 0.528724730014801 
vn -0.9247349500656128 0.14302058517932892 -0.3527185618877411 
vn -0.999997615814209 -2.0682260971124217e-13 0.002184694167226553 
vn -0.9969450831413269 -0.030197136104106903 0.07203252613544464 
vn -0.992587685585022 -0.04905800148844719 0.1111890971660614 
vn -0.8247809410095215 -0.31714242696762085 0.46814218163490295 
vn -0.9237432479858398 0.27195116877555847 -0.26970529556274414 
vn -0.850209653377533 -0.3210456967353821 0.417220801115036 
vn -0.8808529376983643 -0.29651936888694763 0.3690181374549866 
vn -0.999997615814209 -2.0682260971124217e-13 0.002184694167226553 
vn -0.8805196285247803 -0.3677881956100464 0.2990269064903259 
vn -0.8498774170875549 -0.41885027289390564 0.3198012113571167 
vn -0.9249659776687622 0.35094866156578064 -0.1458524912595749 
vn -0.992741584777832 -0.10927680134773254 0.05022686347365379 
vn -0.999997615814209 -2.0682260971124217e-13 0.002184694167226553 
vn -0.8446800708770752 -0.5297925472259521 0.0763898640871048 
vn -0.9238772988319397 0.38268253207206726 0.002184694167226553 
vn -0.999997615814209 -2.0682260971124217e-13 0.002184694167226553 
vn -0.7071051001548767 0.7071051001548767 0.002184694167226553 
vn -0.705152690410614 0.6557581424713135 -0.26970529556274414 
vn -0.7082529067993164 0.49963799118995667 -0.4987381398677826 
vn -0.7088069319725037 0.2695915400981903 -0.651853621006012 
vn -0.7078686952590942 -0.0037756471429020166 -0.7063339352607727 
vn -0.7088069319725037 -0.2695915400981903 -0.651853621006012 
vn -0.7082529067993164 -0.49963799118995667 -0.4987381398677826 
vn -0.705152690410614 -0.6557581424713135 -0.26970529556274414 
vn -0.7071051001548767 -0.7071051001548767 0.002184694167226553 
vn -0.7083256244659424 -0.6523295640945435 0.26970529556274414 
vn -0.9248971939086914 -0.26800042390823364 0.26970529556274414 
vn -0.8805196285247803 0.3677881956100464 -0.2990269064903259 
vn -0.8795143961906433 0.3004663288593292 -0.3690181374549866 
vn -0.851384699344635 0.31791651248931885 -0.417220801115036 
vn -0.9241795539855957 -0.14656668901443481 0.3527185618877411 
vn -0.992587685585022 0.04905800148844719 -0.1111890971660614 
vn -0.8599061369895935 0.13906197249889374 -0.4911448359489441 
vn -0.8454341292381287 0.07544034719467163 -0.528724730014801 
vn -0.924505352973938 -1.9120906843538704e-13 0.3811691105365753 
vn -0.999997615814209 -2.0682260971124217e-13 0.002184694167226553 
vn -0.38268253207206726 0.9238772988319397 0.002184694167226553 
vn -0.7076150178909302 -0.27270472049713135 0.651853621006012 
vn -0.7078787684440613 -1.4640568759497624e-13 0.7063339352607727 
vn -0.7064996957778931 -0.5021139979362488 0.4987381398677826 
vn -0.3827775716781616 -0.8538565039634705 0.3527185618877411 
vn -0.38268253207206726 -0.9238772988319397 0.002184694167226553 
vn -0.384962797164917 -0.8528735041618347 -0.3527185618877411 
vn -0.38352373242378235 -0.6542143821716309 -0.651853621006012 
vn -0.38295778632164 -0.35091617703437805 -0.8545181155204773 
vn -0.3831879794597626 -7.925212949008026e-14 -0.9236704111099243 
vn -0.38295778632164 0.35091617703437805 -0.8545181155204773 
vn -0.38352373242378235 0.6542143821716309 -0.651853621006012 
vn -0.384962797164917 0.8528735041618347 -0.3527185618877411 
vn -1.0341130485562108e-13 0.999997615814209 0.002184694167226553 
vn 0.0018884376622736454 0.9245033860206604 -0.3811691105365753 
vn 0.0018878303235396743 0.7078762650489807 -0.7063339352607727 
vn 0.0037855375558137894 0.3831692636013031 -0.9236704111099243 
vn -2.0682311115474694e-13 0 -1 
vn 0.0037855375558137894 -0.3831692636013031 -0.9236704111099243 
vn 0.0018878303235396743 -0.7078762650489807 -0.7063339352607727 
vn 0.0018884376622736454 -0.9245033860206604 -0.3811691105365753 
vn 3.097898456858039e-13 -0.999997615814209 0.002184694167226553 
vn 0.0018884376622736454 -0.9245033860206604 -0.3811691105365753 
vn 2.9258198511530886e-13 -0.9417508840560913 -0.3363112509250641 
vn 2.2955387048682885e-13 -0.7409969568252563 -0.6715083718299866 
vn 0.0018878303235396743 -0.7078762650489807 -0.7063339352607727 
vn 2.091258210438346e-13 -0.6731256246566772 -0.7395281791687012 
vn 0.0037855375558137894 -0.3831692636013031 -0.9236704111099243 
vn 0.0037772103678435087 -0.3342316746711731 -0.9424833655357361 
vn -2.0682311115474694e-13 0 -1 
vn 0.0037772103678435087 0.3342316746711731 -0.9424833655357361 
vn 0.0037855375558137894 0.3831692636013031 -0.9236704111099243 
vn -6.960896431745106e-14 0.6731256246566772 -0.7395281791687012 
vn 0.0018878303235396743 0.7078762650489807 -0.7063339352607727 
vn -7.662764872498964e-14 0.7409969568252563 -0.6715083718299866 
vn 0.0018884376622736454 0.9245033860206604 -0.3811691105365753 
vn -9.738792481868777e-14 0.9417508840560913 -0.3363112509250641 
vn -1.0341130485562108e-13 0.999997615814209 0.002184694167226553 
vn -1.0341130485562108e-13 0.999997615814209 -0.002184694167226553 
vn -1.0341130485562108e-13 0.999997615814209 0.002184694167226553 
vn -0.999997615814209 -2.0682260971124217e-13 0.002184694167226553 
vn -0.999997615814209 -2.0682260971124217e-13 0.002184694167226553 
vn -0.999997615814209 -2.0682260971124217e-13 0.002184694167226553 
vn -0.999997615814209 -2.0682260971124217e-13 0.002184694167226553 
vn -0.999997615814209 -2.0682260971124217e-13 0.002184694167226553 
vn -0.999997615814209 -2.0682260971124217e-13 0.002184694167226553 
vn -0.999997615814209 -2.0682260971124217e-13 0.002184694167226553 
vn -0.999997615814209 -2.0682260971124217e-13 0.002184694167226553 
vn -0.999997615814209 -2.0682260971124217e-13 0.002184694167226553 
vn -0.999997615814209 -2.0682260971124217e-13 0.002184694167226553 
vn -0.999997615814209 -2.0682260971124217e-13 0.002184694167226553 
vn -0.999997615814209 -2.0682260971124217e-13 0.002184694167226553 
vn -0.999997615814209 -2.0682260971124217e-13 0.002184694167226553 
vn -0.999997615814209 -2.0682260971124217e-13 0.002184694167226553 
vn -0.999997615814209 -2.0682260971124217e-13 0.002184694167226553 
vn -0.999997615814209 -2.0682260971124217e-13 0.002184694167226553 
vn -0.999997615814209 -2.0682260971124217e-13 0.002184694167226553 
vn -0.999997615814209 -2.0682260971124217e-13 0.002184694167226553 
vn -0.999997615814209 -2.0682260971124217e-13 0.002184694167226553 
vn -0.999997615814209 -2.0682260971124217e-13 0.002184694167226553 
vn -0.999997615814209 -2.0682260971124217e-13 0.002184694167226553 
vn -0.999997615814209 -2.0682260971124217e-13 0.002184694167226553 
vn -0.999997615814209 -2.0682260971124217e-13 0.002184694167226553 
vn -0.999997615814209 -2.0682260971124217e-13 0.002184694167226553 
vn -0.999997615814209 -2.0682260971124217e-13 0.002184694167226553 
vn -0.999997615814209 -2.0682260971124217e-13 0.002184694167226553 
vn -0.999997615814209 -2.0682260971124217e-13 0.002184694167226553 
vn -0.999997615814209 -2.0682260971124217e-13 0.002184694167226553 
vn -0.999997615814209 -2.0682260971124217e-13 0.002184694167226553 
vn -0.999997615814209 -2.0682260971124217e-13 0.002184694167226553 
vn -0.999997615814209 -2.0682260971124217e-13 0.002184694167226553 
vn -0.999997615814209 -2.0682260971124217e-13 0.002184694167226553 
vn -0.999997615814209 -2.0682260971124217e-13 0.002184694167226553 
vn -0.999997615814209 -2.0682260971124217e-13 0.002184694167226553 
vn -0.999997615814209 -2.0682260971124217e-13 0.002184694167226553 
vn -0.999997615814209 -2.0682260971124217e-13 0.002184694167226553 
vn -0.999997615814209 -2.0682260971124217e-13 0.002184694167226553 
vn -0.999997615814209 -2.0682260971124217e-13 0.002184694167226553 
vn -0.999997615814209 -2.0682260971124217e-13 0.002184694167226553 
vn -0.999997615814209 -2.0682260971124217e-13 0.002184694167226553 
vn -0.999997615814209 -2.0682260971124217e-13 0.002184694167226553 
vn -0.999997615814209 -2.0682260971124217e-13 0.002184694167226553 
vn -0.999997615814209 -2.0682260971124217e-13 0.002184694167226553 
vn -0.999997615814209 -2.0682260971124217e-13 0.002184694167226553 
vn -0.999997615814209 -2.0682260971124217e-13 0.002184694167226553 
vn -0.999997615814209 -2.0682260971124217e-13 0.002184694167226553 
vn -0.999997615814209 -2.0682260971124217e-13 0.002184694167226553 
vn -0.999997615814209 -2.0682260971124217e-13 0.002184694167226553 
vn -0.999997615814209 -2.0682260971124217e-13 0.002184694167226553 
vn -0.999997615814209 -2.0682260971124217e-13 0.002184694167226553 
vn -0.999997615814209 -2.0682260971124217e-13 0.002184694167226553 
vn -0.999997615814209 -2.0682260971124217e-13 0.002184694167226553 
vn -0.999997615814209 -2.0682260971124217e-13 0.002184694167226553 
vn -0.999997615814209 -2.0682260971124217e-13 0.002184694167226553 
vn -0.999997615814209 -2.0682260971124217e-13 0.002184694167226553 
vn -0.999997615814209 -2.0682260971124217e-13 0.002184694167226553 
vn -0.999997615814209 -2.0682260971124217e-13 0.002184694167226553 
vn -0.999997615814209 -2.0682260971124217e-13 0.002184694167226553 
vn -0.999997615814209 -2.0682260971124217e-13 0.002184694167226553 
vn -0.999997615814209 -2.0682260971124217e-13 0.002184694167226553 
vn -0.999997615814209 -2.0682260971124217e-13 0.002184694167226553 
vn -0.999997615814209 -2.0682260971124217e-13 0.002184694167226553 
vn -0.999997615814209 -2.0682260971124217e-13 0.002184694167226553 
vn -0.999997615814209 -2.0682260971124217e-13 0.002184694167226553 
vn -0.999997615814209 -2.0682260971124217e-13 0.002184694167226553 
vn -0.999997615814209 -2.0682260971124217e-13 0.002184694167226553 
vn -0.999997615814209 -2.0682260971124217e-13 0.002184694167226553 
vn -0.999997615814209 -2.0682260971124217e-13 0.002184694167226553 
vn -0.999997615814209 -2.0682260971124217e-13 0.002184694167226553 
vn -0.999997615814209 -2.0682260971124217e-13 0.002184694167226553 
vn -0.999997615814209 -2.0682260971124217e-13 0.002184694167226553 
vn -0.999997615814209 -2.0682260971124217e-13 0.002184694167226553 
vn -0.999997615814209 -2.0682260971124217e-13 0.002184694167226553 
vn -0.999997615814209 -2.0682260971124217e-13 0.002184694167226553 
vn -0.999997615814209 -2.0682260971124217e-13 0.002184694167226553 
vn -0.999997615814209 -2.0682260971124217e-13 0.002184694167226553 
vn -0.999997615814209 -2.0682260971124217e-13 0.002184694167226553 
vn -0.999997615814209 -2.0682260971124217e-13 0.002184694167226553 
vn -0.999997615814209 -2.0682260971124217e-13 0.002184694167226553 
vn -0.999997615814209 -2.0682260971124217e-13 0.002184694167226553 
vn -0.999997615814209 -2.0682260971124217e-13 0.002184694167226553 
vn -0.999997615814209 -2.0682260971124217e-13 0.002184694167226553 
vn -0.999997615814209 -2.0682260971124217e-13 0.002184694167226553 
vn -0.999997615814209 -2.0682260971124217e-13 0.002184694167226553 
vn -0.999997615814209 -2.0682260971124217e-13 0.002184694167226553 
vn -0.999997615814209 -2.0682260971124217e-13 0.002184694167226553 
vn -0.999997615814209 -2.0682260971124217e-13 0.002184694167226553 
vn -0.999997615814209 -2.0682260971124217e-13 0.002184694167226553 
vn -0.999997615814209 -2.0682260971124217e-13 0.002184694167226553 
vn -0.999997615814209 -2.0682260971124217e-13 0.002184694167226553 
vn -0.999997615814209 -2.0682260971124217e-13 0.002184694167226553 
vn -0.999997615814209 -2.0682260971124217e-13 0.002184694167226553 
vn -0.999997615814209 -2.0682260971124217e-13 0.002184694167226553 
vn -0.999997615814209 -2.0682260971124217e-13 0.002184694167226553 
vn -0.999997615814209 -2.0682260971124217e-13 0.002184694167226553 
vn -0.999997615814209 -2.0682260971124217e-13 0.002184694167226553 
vn -0.999997615814209 -2.0682260971124217e-13 0.002184694167226553 
vn -0.999997615814209 -2.0682260971124217e-13 0.002184694167226553 
vn -0.999997615814209 -2.0682260971124217e-13 0.002184694167226553 
vn -0.999997615814209 -2.0682260971124217e-13 0.002184694167226553 
vn -0.999997615814209 -2.0682260971124217e-13 0.002184694167226553 
vn -0.999997615814209 -2.0682260971124217e-13 0.002184694167226553 
vn -0.999997615814209 -2.0682260971124217e-13 0.002184694167226553 
vn -0.999997615814209 -2.0682260971124217e-13 0.002184694167226553 
vn -0.999997615814209 -2.0682260971124217e-13 0.002184694167226553 
vn -0.999997615814209 -2.0682260971124217e-13 0.002184694167226553 
vn -0.999997615814209 -2.0682260971124217e-13 0.002184694167226553 
vn -0.999997615814209 -2.0682260971124217e-13 0.002184694167226553 
vn -0.999997615814209 -2.0682260971124217e-13 0.002184694167226553 
vn -0.999997615814209 -2.0682260971124217e-13 0.002184694167226553 
vn -0.999997615814209 -2.0682260971124217e-13 0.002184694167226553 
vn -0.999997615814209 -2.0682260971124217e-13 0.002184694167226553 
vn -0.999997615814209 -2.0682260971124217e-13 0.002184694167226553 
vn -0.999997615814209 -2.0682260971124217e-13 0.002184694167226553 
vn -0.999997615814209 -2.0682260971124217e-13 0.002184694167226553 
vn -0.999997615814209 -2.0682260971124217e-13 0.002184694167226553 
vn -0.999997615814209 -2.0682260971124217e-13 0.002184694167226553 
vn -0.38100701570510864 -0.35303324460983276 0.8545181155204773 
vn -0.3831879794597626 -7.925212949008026e-14 0.9236704111099243 
vn -0.381346732378006 -0.6554857492446899 0.651853621006012 
vn 0.0037719623651355505 -0.9244976043701172 0.3811691105365753 
vn 0 0 1 
vn 0 0 1 
vn -0.0018818661337718368 -0.33424773812294006 0.9424833655357361 
vn 1.187080219278852e-13 -0.3831879794597626 0.9236704111099243 
vn 1.187080219278852e-13 -0.3831879794597626 0.9236704111099243 
vn 0.0018847448518499732 -0.6731230020523071 0.7395281791687012 
vn 0.00376924779266119 -0.707868754863739 0.7063339352607727 
vn 0.00376924779266119 -0.707868754863739 0.7063339352607727 
vn 0.0018864733865484595 -0.7409945726394653 0.6715083718299866 
vn 0.0037719623651355505 -0.9244976043701172 0.3811691105365753 
vn 2.9258198511530886e-13 -0.9417508840560913 0.3363112509250641 
vn 3.097898456858039e-13 -0.999997615814209 0.002184694167226553 
vn 3.097898456858039e-13 -0.999997615814209 0.002184694167226553 
vn 3.097898456858039e-13 -0.999997615814209 -0.002184694167226553 
vn 0.999997615814209 0 0.002184694167226553 
vn 0.999997615814209 0 0.002184694167226553 
vn 0.999997615814209 0 0.002184694167226553 
vn 0.999997615814209 0 0.002184694167226553 
vn 0.999997615814209 0 0.002184694167226553 
vn 0.999997615814209 0 0.002184694167226553 
vn 0.999997615814209 0 0.002184694167226553 
vn 0.999997615814209 0 0.002184694167226553 
vn 0.999997615814209 0 0.002184694167226553 
vn 0.999997615814209 0 0.002184694167226553 
vn 0.999997615814209 0 0.002184694167226553 
vn 0.999997615814209 0 0.002184694167226553 
vn 0.999997615814209 0 0.002184694167226553 
vn 0.999997615814209 0 0.002184694167226553 
vn 0.999997615814209 0 0.002184694167226553 
vn 0.999997615814209 0 0.002184694167226553 
vn 0.999997615814209 0 0.002184694167226553 
vn 0.999997615814209 0 0.002184694167226553 
vn 0.999997615814209 0 0.002184694167226553 
vn 0.999997615814209 0 0.002184694167226553 
vn 0.999997615814209 0 0.002184694167226553 
vn 0.999997615814209 0 0.002184694167226553 
vn 0.999997615814209 0 0.002184694167226553 
vn 0.999997615814209 0 0.002184694167226553 
vn 0.999997615814209 0 0.002184694167226553 
vn 0.999997615814209 0 0.002184694167226553 
vn 0.999997615814209 0 0.002184694167226553 
vn 0.999997615814209 0 0.002184694167226553 
vn 0.999997615814209 0 0.002184694167226553 
vn 0.999997615814209 0 0.002184694167226553 
vn 0.999997615814209 0 0.002184694167226553 
vn 0.999997615814209 0 0.002184694167226553 
vn 0.999997615814209 0 0.002184694167226553 
vn 0.999997615814209 0 0.002184694167226553 
vn 0.999997615814209 0 0.002184694167226553 
vn 0.999997615814209 0 0.002184694167226553 
vn 0.999997615814209 0 0.002184694167226553 
vn 0.999997615814209 0 0.002184694167226553 
vn 0.999997615814209 0 0.002184694167226553 
vn 0.999997615814209 0 0.002184694167226553 
vn 0.999997615814209 0 0.002184694167226553 
vn 0.999997615814209 0 0.002184694167226553 
vn 0.999997615814209 0 0.002184694167226553 
vn 0.999997615814209 0 0.002184694167226553 
vn 0.999997615814209 0 0.002184694167226553 
vn 0.999997615814209 0 0.002184694167226553 
vn 0.999997615814209 0 0.002184694167226553 
vn 0.999997615814209 0 0.002184694167226553 
vn 0.999997615814209 0 0.002184694167226553 
vn 0.999997615814209 0 0.002184694167226553 
vn 0.999997615814209 0 0.002184694167226553 
vn 0.999997615814209 0 0.002184694167226553 
vn 0.999997615814209 0 0.002184694167226553 
vn 0.999997615814209 0 0.002184694167226553 
vn 0.999997615814209 0 0.002184694167226553 
vn 0.999997615814209 0 0.002184694167226553 
vn 0.999997615814209 0 0.002184694167226553 
vn 0.999997615814209 0 0.002184694167226553 
vn 0.999997615814209 0 0.002184694167226553 
vn 0.999997615814209 0 0.002184694167226553 
vn 0.999997615814209 0 0.002184694167226553 
vn 0.999997615814209 0 0.002184694167226553 
vn 0.999997615814209 0 0.002184694167226553 
vn 0.999997615814209 0 0.002184694167226553 
vn 0.999997615814209 0 0.002184694167226553 
vn 0.999997615814209 0 0.002184694167226553 
vn 0.999997615814209 0 0.002184694167226553 
vn 0.999997615814209 0 0.002184694167226553 
vn 0.999997615814209 0 0.002184694167226553 
vn 0.999997615814209 0 0.002184694167226553 
vn 0.999997615814209 0 0.002184694167226553 
vn 0.999997615814209 0 0.002184694167226553 
vn 0.999997615814209 0 0.002184694167226553 
vn 0.999997615814209 0 0.002184694167226553 
vn 0.999997615814209 0 0.002184694167226553 
vn 0.999997615814209 0 0.002184694167226553 
vn 0.999997615814209 0 0.002184694167226553 
vn 0.999997615814209 0 0.002184694167226553 
vn 0.999997615814209 0 0.002184694167226553 
vn 0.999997615814209 0 0.002184694167226553 
vn 0.999997615814209 0 0.002184694167226553 
vn 0.999997615814209 0 0.002184694167226553 
vn 0.999997615814209 0 0.002184694167226553 
vn 0.999997615814209 0 0.002184694167226553 
vn 0.999997615814209 0 0.002184694167226553 
vn 0.999997615814209 0 0.002184694167226553 
vn 0.999997615814209 0 0.002184694167226553 
vn 0.999997615814209 0 0.002184694167226553 
vn 0.999997615814209 0 0.002184694167226553 
vn 0.999997615814209 0 0.002184694167226553 
vn 0.999997615814209 0 0.002184694167226553 
vn 0.999997615814209 0 0.002184694167226553 
vn 0.999997615814209 0 0.002184694167226553 
vn 0.999997615814209 0 0.002184694167226553 
vn 0.999997615814209 0 0.002184694167226553 
vn 0.999997615814209 0 0.002184694167226553 
vn 0.999997615814209 0 0.002184694167226553 
vn 0.999997615814209 0 0.002184694167226553 
vn 0.999997615814209 0 0.002184694167226553 
vn 0.999997615814209 0 0.002184694167226553 
vn 0.999997615814209 0 0.002184694167226553 
vn 0.999997615814209 0 0.002184694167226553 
vn 0.999997615814209 0 0.002184694167226553 
vn 0.999997615814209 0 0.002184694167226553 
vn 0.999997615814209 0 0.002184694167226553 
vn 0.999997615814209 0 0.002184694167226553 
vn 0.999997615814209 0 0.002184694167226553 
vn 0.999997615814209 0 0.002184694167226553 
vn 0.999997615814209 0 0.002184694167226553 
vn 0.999997615814209 0 0.002184694167226553 
vn 0.999997615814209 0 0.002184694167226553 
vn 0.999997615814209 0 0.002184694167226553 
vn 0.999997615814209 0 0.002184694167226553 
vn 0.999997615814209 0 0.002184694167226553 
vn 0.999997615814209 0 0.002184694167226553 
vn 0.999997615814209 0 0.002184694167226553 
vn 0.999997615814209 0 0.002184694167226553 
vn 0.999997615814209 0 0.002184694167226553 
vn 0.999997615814209 0 0.002184694167226553 
vn 0.999997615814209 0 0.002184694167226553 
vn 0.999997615814209 0 0.002184694167226553 
vn 0.999997615814209 0 0.002184694167226553 
vn 0.999997615814209 0 0.002184694167226553 
vn 0.999997615814209 0 0.002184694167226553 
vn 0.999997615814209 0 0.002184694167226553 
vn 0.999997615814209 0 0.002184694167226553 
vn 0.999997615814209 0 0.002184694167226553 
vn 0.999997615814209 0 0.002184694167226553 
vn 0.999997615814209 0 0.002184694167226553 
vn 0.999997615814209 0 0.002184694167226553 
vn 0.999997615814209 0 0.002184694167226553 
vn 0.999997615814209 0 0.002184694167226553 
vn 0.999997615814209 0 0.002184694167226553 
vn 0.999997615814209 0 0.002184694167226553 
vn 0.999997615814209 0 0.002184694167226553 
vn 0.999997615814209 0 0.002184694167226553 
vn 0.999997615814209 0 0.002184694167226553 
vn 0.999997615814209 0 0.002184694167226553 
vn 0.999997615814209 0 0.002184694167226553 
vn 0.999997615814209 0 0.002184694167226553 
vn 0.999997615814209 0 0.002184694167226553 
vn 0.999997615814209 0 0.002184694167226553 
vn 0.999997615814209 0 0.002184694167226553 
vn 0.999997615814209 0 0.002184694167226553 
vn 0.999997615814209 0 0.002184694167226553 
vn 0.999997615814209 0 0.002184694167226553 
vn 0.999997615814209 0 0.002184694167226553 
vn 0.999997615814209 0 0.002184694167226553 
vn 0.999997615814209 0 0.002184694167226553 
vn 0.999997615814209 0 0.002184694167226553 
vn 0.999997615814209 0 0.002184694167226553 
vn 0.999997615814209 0 0.002184694167226553 
vn 0.999997615814209 0 0.002184694167226553 
vn 0.999997615814209 0 0.002184694167226553 
vn 0.999997615814209 0 0.002184694167226553 
vn 0.999997615814209 0 0.002184694167226553 
vn 0.999997615814209 0 0.002184694167226553 
vn 0.999997615814209 0 0.002184694167226553 
vn 0.999997615814209 0 0.002184694167226553 
vn 0.999997615814209 0 0.002184694167226553 
vn 0.999997615814209 0 0.002184694167226553 
vn 0.999997615814209 0 0.002184694167226553 
vn 0.999997615814209 0 0.002184694167226553 
vn 0.999997615814209 0 0.002184694167226553 
vn 0.999997615814209 0 0.002184694167226553 
vn 0.999997615814209 0 0.002184694167226553 
vn 0.999997615814209 0 0.002184694167226553 
vn 0.999997615814209 0 0.002184694167226553 
vn 0.999997615814209 0 0.002184694167226553 
vn 0.999997615814209 0 0.002184694167226553 
vn 0.999997615814209 0 0.002184694167226553 
vn 0.999997615814209 0 0.002184694167226553 
vn 0.999997615814209 0 0.002184694167226553 
vn 0.999997615814209 0 0.002184694167226553 
vn 0.999997615814209 0 0.002184694167226553 
vn 0.999997615814209 0 0.002184694167226553 
vn 0.999997615814209 0 0.002184694167226553 
vn 0.999997615814209 0 0.002184694167226553 
vn 0.999997615814209 0 0.002184694167226553 
vn 0.999997615814209 0 0.002184694167226553 
vn 0.999997615814209 0 0.002184694167226553 
vn 0.999997615814209 0 0.002184694167226553 
vn 0.999997615814209 0 0.002184694167226553 
vn 0.999997615814209 0 0.002184694167226553 
vn 0.999997615814209 0 0.002184694167226553 
vn 0.999997615814209 0 0.002184694167226553 
vn 0.999997615814209 0 0.002184694167226553 
vn 0.999997615814209 0 0.002184694167226553 
vn 0.999997615814209 0 0.002184694167226553 
vn 0.999997615814209 0 0.002184694167226553 
vn 0.999997615814209 0 0.002184694167226553 
vn 0.999997615814209 0 0.002184694167226553 
vn 0.999997615814209 0 0.002184694167226553 
vn 0.999997615814209 0 0.002184694167226553 
vn 0.999997615814209 0 0.002184694167226553 
vn 0.999997615814209 0 0.002184694167226553 
vn 0.999997615814209 0 0.002184694167226553 
vn 0.999997615814209 0 0.002184694167226553 
vn 0.999997615814209 0 0.002184694167226553 
vn 0.999997615814209 0 0.002184694167226553 
vn 0.999997615814209 0 0.002184694167226553 
vn 0.999997615814209 0 0.002184694167226553 
vn 0.999997615814209 0 0.002184694167226553 
vn 0.999997615814209 0 0.002184694167226553 
vn 0.999997615814209 0 0.002184694167226553 
vn 0.999997615814209 0 0.002184694167226553 
vn 0.999997615814209 0 0.002184694167226553 
vn 0.999997615814209 0 0.002184694167226553 
vn 0.999997615814209 0 0.002184694167226553 
vn 0.999997615814209 0 0.002184694167226553 
vn 0.999997615814209 0 0.002184694167226553 
vn 0.999997615814209 0 0.002184694167226553 
vn 0.999997615814209 0 0.002184694167226553 
vn 0.999997615814209 0 0.002184694167226553 
vn 0.999997615814209 0 0.002184694167226553 
vn 0.999997615814209 0 0.002184694167226553 
vn 0.999997615814209 0 0.002184694167226553 
vn 0.999997615814209 0 0.002184694167226553 
vn 0.999997615814209 0 0.002184694167226553 
vn 0.999997615814209 0 0.002184694167226553 
vn 0.999997615814209 0 0.002184694167226553 
vn 0.999997615814209 0 0.002184694167226553 
vn 0.999997615814209 0 0.002184694167226553 
vn 0.999997615814209 0 0.002184694167226553 
vn 0.999997615814209 0 0.002184694167226553 
vn 0.999997615814209 0 0.002184694167226553 
vn 0.999997615814209 0 0.002184694167226553 
vn 0.999997615814209 0 0.002184694167226553 
vn 0.999997615814209 0 0.002184694167226553 
vn 0.999997615814209 0 0.002184694167226553 
vn 0.999997615814209 0 0.002184694167226553 
vn 0.999997615814209 0 0.002184694167226553 
vn 0.999997615814209 0 0.002184694167226553 
vn 0.999997615814209 0 0.002184694167226553 
vn 0.999997615814209 0 0.002184694167226553 
vn 0.999997615814209 0 0.002184694167226553 
vn 0.999997615814209 0 0.002184694167226553 
vn 0.999997615814209 0 0.002184694167226553 
vn 0.999997615814209 0 0.002184694167226553 
vn 0.999997615814209 0 0.002184694167226553 
vn 0.999997615814209 0 0.002184694167226553 
vn 0.999997615814209 0 0.002184694167226553 
vn 0.999997615814209 0 0.002184694167226553 
vn 0.999997615814209 0 0.002184694167226553 
vn 0.999997615814209 0 0.002184694167226553 
vn 0.999997615814209 0 0.002184694167226553 
vn 0.999997615814209 0 0.002184694167226553 
vn 0.999997615814209 0 0.002184694167226553 
vn 0.999997615814209 0 0.002184694167226553 
vn 0.999997615814209 0 0.002184694167226553 
vn 0.999997615814209 0 0.002184694167226553 
vn 0.999997615814209 0 0.002184694167226553 
vn 0.999997615814209 0 0.002184694167226553 
vn 0.999997615814209 0 0.002184694167226553 
vn 0.999997615814209 0 0.002184694167226553 
vn 0.999997615814209 0 0.002184694167226553 
vn 0.999997615814209 0 0.002184694167226553 
vn 0.999997615814209 0 0.002184694167226553 
vn 0.999997615814209 0 0.002184694167226553 
vn 0.999997615814209 0 0.002184694167226553 
vn 0.999997615814209 0 0.002184694167226553 
vn 0.999997615814209 0 0.002184694167226553 
vn 0.999997615814209 0 0.002184694167226553 
vn 0.999997615814209 0 0.002184694167226553 
vn 0.999997615814209 0 0.002184694167226553 
vn 0.999997615814209 0 0.002184694167226553 
vn 0.999997615814209 0 0.002184694167226553 
vn 0.999997615814209 0 0.002184694167226553 
vn 0.999997615814209 0 0.002184694167226553 
vn 0.999997615814209 0 0.002184694167226553 
vn 0.999997615814209 0 0.002184694167226553 
vn 0.999997615814209 0 0.002184694167226553 
vn 0.999997615814209 0 0.002184694167226553 
vn 0.999997615814209 0 0.002184694167226553 
vn 0.999997615814209 0 0.002184694167226553 
vn 0.999997615814209 0 0.002184694167226553 
vn 0.999997615814209 0 0.002184694167226553 
vn 0.999997615814209 0 0.002184694167226553 
vn 0.999997615814209 0 0.002184694167226553 
vn 0.999997615814209 0 0.002184694167226553 
vn 0.999997615814209 0 0.002184694167226553 
vn 0.999997615814209 0 0.002184694167226553 
vn 0.999997615814209 0 0.002184694167226553 
vn 0.999997615814209 0 0.002184694167226553 
vn 0.999997615814209 0 0.002184694167226553 
vn 0.999997615814209 0 0.002184694167226553 
vn 0.999997615814209 0 0.002184694167226553 
vn 0.999997615814209 0 0.002184694167226553 
vn 0.999997615814209 0 0.002184694167226553 
vn 0.999997615814209 0 0.002184694167226553 
vn 0.999997615814209 0 0.002184694167226553 
vn 0.999997615814209 0 0.002184694167226553 
vn 0.999997615814209 0 0.002184694167226553 
vn 0.999997615814209 0 0.002184694167226553 
vn 0.999997615814209 0 0.002184694167226553 
vn 0.999997615814209 0 0.002184694167226553 
vn 0.999997615814209 0 0.002184694167226553 
vn 0.999997615814209 0 0.002184694167226553 
vn 0.999997615814209 0 0.002184694167226553 
vn 0.999997615814209 0 0.002184694167226553 
vn 0.999997615814209 0 0.002184694167226553 
vn 0.999997615814209 0 0.002184694167226553 
vn 0.999997615814209 0 0.002184694167226553 
vn 0.999997615814209 0 0.002184694167226553 
vn 0.999997615814209 0 0.002184694167226553 
vn 0.999997615814209 0 0.002184694167226553 
vn 0.999997615814209 0 0.002184694167226553 
vn 0.999997615814209 0 0.002184694167226553 
vn 0.999997615814209 0 0.002184694167226553 
vn 0.999997615814209 0 0.002184694167226553 
vn 0.999997615814209 0 0.002184694167226553 
vn 0.999997615814209 0 0.002184694167226553 
vn 0.999997615814209 0 0.002184694167226553 
vn 0.999997615814209 0 0.002184694167226553 
vn 0.999997615814209 0 0.002184694167226553 
vn 0.999997615814209 0 0.002184694167226553 
vn 0.999997615814209 0 0.002184694167226553 
vn 0.999997615814209 0 0.002184694167226553 
vn 0.999997615814209 0 0.002184694167226553 
vn 0.999997615814209 0 0.002184694167226553 
vn 0.999997615814209 0 0.002184694167226553 
vn 0.999997615814209 0 0.002184694167226553 
vn 0.999997615814209 0 0.002184694167226553 
vn 0.999997615814209 0 0.002184694167226553 
vn 0.999997615814209 0 0.002184694167226553 
vn 0.999997615814209 0 0.002184694167226553 
vn 0.999997615814209 0 0.002184694167226553 
vn 0.999997615814209 0 0.002184694167226553 
vn 0.999997615814209 0 0.002184694167226553 
vn 0.999997615814209 0 0.002184694167226553 
vn 0.999997615814209 0 0.002184694167226553 
vn 0.999997615814209 0 0.002184694167226553 
vn 0.999997615814209 0 0.002184694167226553 
vn 0.999997615814209 0 0.002184694167226553 
vn 0.999997615814209 0 0.002184694167226553 
vn 0.999997615814209 0 0.002184694167226553 
vn 0.999997615814209 0 0.002184694167226553 
vn 0.999997615814209 0 0.002184694167226553 
vn 0.999997615814209 0 0.002184694167226553 
vn 0.999997615814209 0 0.002184694167226553 
vn 0.999997615814209 0 0.002184694167226553 
vn 0.999997615814209 0 0.002184694167226553 
vn 0.999997615814209 0 0.002184694167226553 
vn 0.999997615814209 0 0.002184694167226553 
vn 0.999997615814209 0 0.002184694167226553 
vn 0.999997615814209 0 0.002184694167226553 
vn 0.999997615814209 0 0.002184694167226553 
vn 0.999997615814209 0 0.002184694167226553 
vn 0.999997615814209 0 0.002184694167226553 
vn 0.999997615814209 0 0.002184694167226553 
vn 0.999997615814209 0 0.002184694167226553 
vn 0.999997615814209 0 0.002184694167226553 
vn 0.999997615814209 0 0.002184694167226553 
vn 0.999997615814209 0 0.002184694167226553 
vn 0.999997615814209 0 0.002184694167226553 
vn 0.999997615814209 0 0.002184694167226553 
vn 0.999997615814209 0 0.002184694167226553 
vn 0.999997615814209 0 0.002184694167226553 
vn 0.999997615814209 0 0.002184694167226553 
vn 0.999997615814209 0 0.002184694167226553 
vn 0.999997615814209 0 0.002184694167226553 
vn 0.999997615814209 0 0.002184694167226553 
vn 0.999997615814209 0 0.002184694167226553 
vn 0.999997615814209 0 0.002184694167226553 
vn 0.999997615814209 0 0.002184694167226553 
vn 0.999997615814209 0 0.002184694167226553 
vn 0.999997615814209 0 0.002184694167226553 
vn 0.999997615814209 0 0.002184694167226553 
vn 0.924505352973938 0 -0.3811691105365753 
vn 0.9904279708862305 0.01510564237833023 -0.1372016966342926 
vn 0.9872725605964661 0.037750840187072754 -0.15449213981628418 
vn 0.9247349500656128 0.14302058517932892 -0.3527185618877411 
vn 0.999997615814209 0 0.002184694167226553 
vn 0.9927325248718262 0.0753859281539917 -0.09380380809307098 
vn 0.9248027801513672 0.268326073884964 -0.26970529556274414 
vn 0.9929668307304382 0.09045127779245377 -0.0763898640871048 
vn 0.9236195683479309 0.3544769287109375 -0.1458524912595749 
vn 0.9869207739830017 0.1578412801027298 -0.03276457265019417 
vn 0.9238772988319397 0.38268253207206726 0.002184694167226553 
vn 0.9896077513694763 0.14297764003276825 -0.0152922747656703 
vn 0.9896077513694763 0.14297764003276825 0.0152922747656703 
vn 0.9869207739830017 0.1578412801027298 0.03276457265019417 
vn 0.923777163028717 0.3540661334991455 0.1458524912595749 
vn 0.9929668307304382 0.09045127779245377 0.0763898640871048 
vn 0.9248971939086914 0.26800042390823364 0.26970529556274414 
vn 0.999997615814209 0 0.002184694167226553 
vn 0.9927325248718262 0.0753859281539917 0.09380380809307098 
vn 0.9247630834579468 0.14283843338489532 0.3527185618877411 
vn 0.999997615814209 0 0.002184694167226553 
vn 0.9872725605964661 0.037750840187072754 0.15449213981628418 
vn 0.924505352973938 0 0.3811691105365753 
vn 0.9904282093048096 0.01508733443915844 0.1372016966342926 
vn 0.999997615814209 0 0.002184694167226553 
vn 0.9904282093048096 -0.01508733443915844 0.1372016966342926 
vn 0.9872725605964661 -0.037750840187072754 0.15449213981628418 
vn 0.9247630834579468 -0.14283843338489532 0.3527185618877411 
vn 0.999997615814209 0 0.002184694167226553 
vn 0.9927325248718262 -0.0753859281539917 0.09380380809307098 
vn 0.9248971939086914 -0.26800042390823364 0.26970529556274414 
vn 0.999997615814209 0 0.002184694167226553 
vn 0.9929668307304382 -0.09045127779245377 0.0763898640871048 
vn 0.923777163028717 -0.3540661334991455 0.1458524912595749 
vn 0.999997615814209 0 0.002184694167226553 
vn 0.9869207739830017 -0.1578412801027298 0.03276457265019417 
vn 0.9238772988319397 -0.38268253207206726 0.002184694167226553 
vn 0.9896077513694763 -0.14297764003276825 0.0152922747656703 
vn 0.999997615814209 0 0.002184694167226553 
vn 0.7071051001548767 -0.7071051001548767 0.002184694167226553 
vn 0.7083256244659424 -0.6523295640945435 0.26970529556274414 
vn 0.38268253207206726 -0.9238772988319397 0.002184694167226553 
vn 0.7064996957778931 -0.5021139979362488 0.4987381398677826 
vn 0.7076150178909302 -0.27270472049713135 0.651853621006012 
vn 0.7078787684440613 0 0.7063339352607727 
vn 0.7076150178909302 0.27270472049713135 0.651853621006012 
vn 0.7064996957778931 0.5021139979362488 0.4987381398677826 
vn 0.7083256244659424 0.6523295640945435 0.26970529556274414 
vn 0.7071051001548767 0.7071051001548767 0.002184694167226553 
vn 0.7077192068099976 0.6529874205589294 -0.26970529556274414 
vn 0.7060691118240356 0.5027192831039429 -0.4987381398677826 
vn 0.7074559330940247 0.27311718463897705 -0.651853621006012 
vn 0.7078787684440613 0 -0.7063339352607727 
vn 0.38295778632164 0.35091617703437805 -0.8545181155204773 
vn 0.3831879794597626 0 -0.9236704111099243 
vn 0.3802618086338043 0.656115710735321 -0.651853621006012 
vn 0.384962797164917 0.8528735041618347 -0.3527185618877411 
vn 0.38268253207206726 0.9238772988319397 0.002184694167226553 
vn 0.3862179219722748 0.8523058891296387 0.3527185618877411 
vn 0.381346732378006 0.6554857492446899 0.651853621006012 
vn 0.38355836272239685 0.35025960206985474 0.8545181155204773 
vn 0.3831879794597626 0 0.9236704111099243 
vn 0.38355836272239685 -0.35025960206985474 0.8545181155204773 
vn 0.381346732378006 -0.6554857492446899 0.651853621006012 
vn 0.3862179219722748 -0.8523058891296387 0.3527185618877411 
vn 3.097898456858039e-13 -0.999997615814209 0.002184694167226553 
vn 0.0037719623651355505 -0.9244976043701172 0.3811691105365753 
vn 0.00376924779266119 -0.707868754863739 0.7063339352607727 
vn 1.187080219278852e-13 -0.3831879794597626 0.9236704111099243 
vn 0 0 1 
vn -3.962606474504013e-14 0.3831879794597626 0.9236704111099243 
vn 0.00376924779266119 0.707868754863739 0.7063339352607727 
vn 0.0037719623651355505 0.9244976043701172 0.3811691105365753 
vn -1.0341130485562108e-13 0.999997615814209 0.002184694167226553 
vn 0.0018884376622736454 0.9245033860206604 -0.3811691105365753 
vn 0.0018878303235396743 0.7078762650489807 -0.7063339352607727 
vn 0.0037855375558137894 0.3831692636013031 -0.9236704111099243 
vn -2.0682311115474694e-13 0 -1 
vn -2.0682311115474694e-13 0 -1 
vn 0.0037855375558137894 0.3831692636013031 -0.9236704111099243 
vn 0.0018878303235396743 0.7078762650489807 -0.7063339352607727 
vn 0.0018884376622736454 0.9245033860206604 -0.3811691105365753 
vn -1.0341130485562108e-13 0.999997615814209 0.002184694167226553 
vn 0.0037719623651355505 0.9244976043701172 0.3811691105365753 
vn 0.00376924779266119 0.707868754863739 0.7063339352607727 
vn -3.962606474504013e-14 0.3831879794597626 0.9236704111099243 
vn 0 0 1 
vn 1.187080219278852e-13 -0.3831879794597626 0.9236704111099243 
vn 0.00376924779266119 -0.707868754863739 0.7063339352607727 
vn 0.0037719623651355505 -0.9244976043701172 0.3811691105365753 
vn 3.097898456858039e-13 -0.999997615814209 0.002184694167226553 
vn 3.097898456858039e-13 -0.999997615814209 0.002184694167226553 
vt 13.635003089904785 0.0000037216000237094704 
vt 13.635003089904785 0.229611337184906 
vt 13.669994354248047 0.0000037216000237094704 
vt 13.669994354248047 0.229611337184906 
vt 13.635003089904785 -0.4242618978023529 
vt 13.669994354248047 -0.4242618978023529 
vt 13.635003089904785 -0.22960805892944336 
vt 13.669994354248047 -0.22960805892944336 
vt 13.635003089904785 0.0000037216000237094704 
vt 13.669994354248047 0.0000037216000237094704 
vt 13.635003089904785 0.229611337184906 
vt 13.669994354248047 0.229611337184906 
vt 13.635003089904785 0.42426517605781555 
vt 13.669994354248047 0.42426517605781555 
vt -13.635009765625 0.229611337184906 
vt -13.670000076293945 0.229611337184906 
vt -13.635009765625 0.0000037216000237094704 
vt -13.670000076293945 0.0000037216000237094704 
vt -13.635009765625 -0.22960805892944336 
vt -13.670000076293945 -0.22960805892944336 
vt -13.635009765625 0.42426517605781555 
vt -13.670000076293945 0.42426517605781555 
vt -13.635009765625 0.229611337184906 
vt -13.670000076293945 0.229611337184906 
vt -13.635009765625 0.0000037216000237094704 
vt -13.670000076293945 0.0000037216000237094704 
vt 0.6800200343132019 0.0000037216000237094704 
vt 0.6634894609451294 0.08304858952760696 
vt 0.6493576169013977 0.0000037216000237094704 
vt 0.6508177518844604 0.14678291976451874 
vt 0.5999743938446045 0.24850976467132568 
vt 0.6282380819320679 0.2602234482765198 
vt 0.5174778699874878 0.42598435282707214 
vt 0.45917749404907227 0.4591856300830841 
vt 0.480818510055542 0.48083141446113586 
vt 0.42595985531806946 0.5174835324287415 
vt 0.24850362539291382 0.5999539494514465 
vt 0.2602367103099823 0.6282392144203186 
vt 0.1467648297548294 0.6508049368858337 
vt 0.000023168000552686863 0.6493854522705078 
vt 0.08304119110107422 0.6634801626205444 
vt 0.000023168000552686863 0.6800017356872559 
vt -0.08304700255393982 0.6634801626205444 
vt -0.146770641207695 0.6508049368858337 
vt -0.24850943684577942 0.5999539494514465 
vt -0.2602425217628479 0.6282392144203186 
vt -0.42596566677093506 0.5174835324287415 
vt -0.45918330550193787 0.4591856300830841 
vt -0.4808243215084076 0.48083141446113586 
vt -0.517483651638031 0.42598435282707214 
vt -0.5999802350997925 0.24850976467132568 
vt -0.6282438635826111 0.2602234482765198 
vt -0.6508235335350037 0.14678291976451874 
vt -0.6493633985519409 0.0000037216000237094704 
vt -0.6634952425956726 0.08304858952760696 
vt -0.6800258755683899 0.0000037216000237094704 
vt -0.6634952425956726 -0.08304531127214432 
vt -0.6508235335350037 -0.1467796415090561 
vt -0.5999802350997925 -0.24850648641586304 
vt -0.6282438635826111 -0.26022017002105713 
vt -0.517483651638031 -0.4259769022464752 
vt -0.45918330550193787 -0.45918235182762146 
vt -0.4808243215084076 -0.4808281362056732 
vt -0.42596566677093506 -0.5174802541732788 
vt -0.24850943684577942 -0.5999506711959839 
vt -0.2602425217628479 -0.6282358765602112 
vt -0.146770641207695 -0.6507974863052368 
vt 0.000023168000552686863 -0.6493821740150452 
vt -0.08304700255393982 -0.6634768843650818 
vt 0.000023168000552686863 -0.6799984574317932 
vt 0.6234405636787415 0.0000037216000237094704 
vt 0.5759868025779724 0.2385776787996292 
vt -13.604398727416992 0.0000037216000237094704 
vt -0.23860150575637817 -0.5759738087654114 
vt 0.000023168000552686863 -0.6234280467033386 
vt -0.4408275783061981 -0.44082924723625183 
vt -0.5759925842285156 -0.23857440054416656 
vt -0.6234463453292847 0.0000037216000237094704 
vt -0.5759925842285156 0.2385776787996292 
vt -0.4408275783061981 0.4408325254917145 
vt -0.23860150575637817 0.575977087020874 
vt 0.000023168000552686863 0.6234313249588013 
vt 0.23859569430351257 0.575977087020874 
vt 0.4408217668533325 0.4408325254917145 
vt -13.604398727416992 0.23194241523742676 
vt -13.635009765625 0.0000037216000237094704 
vt -13.635009765625 0.229611337184906 
vt -13.604398727416992 0.42856934666633606 
vt -13.635009765625 0.42426517605781555 
vt -13.604398727416992 -0.2319391369819641 
vt -13.635009765625 -0.22960805892944336 
vt -13.604398727416992 0.0000037216000237094704 
vt -13.635009765625 0.0000037216000237094704 
vt -13.604398727416992 0.23194241523742676 
vt -13.635009765625 0.229611337184906 
vt 13.604393005371094 0.42856934666633606 
vt 13.635003089904785 0.42426517605781555 
vt 13.604393005371094 0.23194241523742676 
vt 13.635003089904785 0.229611337184906 
vt 13.604393005371094 0.0000037216000237094704 
vt 13.635003089904785 0.0000037216000237094704 
vt 13.604393005371094 -0.2319391369819641 
vt 13.635003089904785 -0.22960805892944336 
vt 13.604393005371094 -0.4285660684108734 
vt 13.635003089904785 -0.4242618978023529 
vt 13.604393005371094 0.23194241523742676 
vt 13.635003089904785 0.229611337184906 
vt 13.604393005371094 0.0000037216000237094704 
vt 13.635003089904785 0.0000037216000237094704 
vt 0.000023168000552686863 -0.8949951529502869 
vt -0.02104422077536583 -0.8991827964782715 
vt 0.000023168000552686863 -0.8360312581062317 
vt -0.146770641207695 -0.8360312581062317 
vt 0.000023168000552686863 -0.6799984574317932 
vt -0.08304700255393982 -0.6634768843650818 
vt -0.146770641207695 -0.6634768843650818 
vt -0.146770641207695 -0.6507974863052368 
vt -0.42596566677093506 -0.6634768843650818 
vt -0.42596566677093506 -0.5174802541732788 
vt -0.6634952425956726 -0.6634768843650818 
vt -0.517483651638031 -0.4259769022464752 
vt -0.6634952425956726 -0.4259769022464752 
vt -0.6634952425956726 -0.1467796415090561 
vt -0.6508235335350037 -0.1467796415090561 
vt -0.6634952425956726 -0.08304531127214432 
vt -0.8360496759414673 -0.1467796415090561 
vt -0.6800258755683899 0.0000037216000237094704 
vt -0.8360496759414673 0.14678291976451874 
vt -0.6634952425956726 0.08304858952760696 
vt -0.6634952425956726 0.14678291976451874 
vt -0.6508235335350037 0.14678291976451874 
vt -0.6282438635826111 0.2602234482765198 
vt -0.6634952425956726 0.42598435282707214 
vt -0.517483651638031 0.42598435282707214 
vt -0.03887849301099777 -0.9111046195030212 
vt -0.050820156931877136 -0.9289498925209045 
vt -0.054991915822029114 -0.9499962329864502 
vt -0.8360496759414673 0.42598435282707214 
vt -0.8497121930122375 0.28213149309158325 
vt -0.8589943647384644 0.2612391412258148 
vt -0.8497121930122375 0.30500108003616333 
vt -0.8589943647384644 0.32589343190193176 
vt -0.8717703819274902 0.3373698592185974 
vt -0.8717703819274902 0.42598435282707214 
vt -0.8759942650794983 0.34119948744773865 
vt -0.897739589214325 0.3482635021209717 
vt -0.9204756617546082 0.345874160528183 
vt -0.9775245189666748 0.42598435282707214 
vt -0.8717703819274902 0.5842732787132263 
vt -0.8360496759414673 0.6377300024032593 
vt -0.8235865235328674 0.5583940744400024 
vt -0.818789005279541 0.5360281467437744 
vt -0.8053872585296631 0.5175251960754395 
vt -0.7855713963508606 0.5060862302780151 
vt -0.7628353238105774 0.503696858882904 
vt -0.7410899996757507 0.510765016078949 
vt -0.7240900993347168 0.5260669589042664 
vt -0.7147557735443115 0.5469592809677124 
vt -0.6634952425956726 0.6634801626205444 
vt -0.7147557735443115 0.5698330402374268 
vt -0.7240900993347168 0.5907253623008728 
vt -0.7410899996757507 0.6060273051261902 
vt -0.7628353238105774 0.6130954623222351 
vt -0.8188411593437195 0.6634801626205444 
vt -0.7855713963508606 0.610706090927124 
vt -0.8053872585296631 0.5992671251296997 
vt -0.818789005279541 0.580768346786499 
vt -0.7566298246383667 0.7566028237342834 
vt -0.6634952425956726 0.8188261389732361 
vt -0.6133819818496704 0.7685662508010864 
vt -0.6086366176605225 0.7909363508224487 
vt -0.6377346515655518 0.8360345363616943 
vt -0.5951827168464661 0.8094393610954285 
vt -0.5753668546676636 0.8208741545677185 
vt -0.5526307225227356 0.8232635259628296 
vt -0.42596566677093506 0.8360345363616943 
vt -0.5308854579925537 0.8161994814872742 
vt -0.513885498046875 0.8008934259414673 
vt -0.5046033263206482 0.7800011038780212 
vt -0.5046033263206482 0.7571314573287964 
vt -0.42596566677093506 0.6634801626205444 
vt -0.513885498046875 0.7362391352653503 
vt -0.5308854579925537 0.7209330797195435 
vt -0.5526307225227356 0.713869035243988 
vt -0.5753668546676636 0.7162584066390991 
vt -0.5951827168464661 0.7276932001113892 
vt -0.6086366176605225 0.7461962103843689 
vt -0.4808243215084076 0.48083141446113586 
vt -0.42596566677093506 0.5174835324287415 
vt -0.2602425217628479 0.6282392144203186 
vt -0.146770641207695 0.6634801626205444 
vt -0.146770641207695 0.6508049368858337 
vt -0.08304700255393982 0.6634801626205444 
vt -0.146770641207695 0.8360345363616943 
vt 0.000023168000552686863 0.6800017356872559 
vt -0.287828266620636 0.8488055467605591 
vt -0.3105643689632416 0.8511948585510254 
vt -0.33038023114204407 0.8626296520233154 
vt -0.34383416175842285 0.8811326622962952 
vt -0.3485795259475708 0.9035027623176575 
vt -0.42596566677093506 0.9775187969207764 
vt -0.34383416175842285 0.925872802734375 
vt -0.4196558892726898 0.9817522168159485 
vt -0.33038023114204407 0.9443758130073547 
vt -0.3105643689632416 0.9558106064796448 
vt -0.287828266620636 0.9582041501998901 
vt -0.146770641207695 0.9817522168159485 
vt -0.2660829722881317 0.9511359333992004 
vt -0.24908305704593658 0.9358298778533936 
vt -0.2397487312555313 0.9149375557899475 
vt -0.2397487312555313 0.8920679688453674 
vt -0.24908305704593658 0.8711755871772766 
vt -0.2660829722881317 0.855873703956604 
vt -0.40948721766471863 0.9885498285293579 
vt -0.054991915822029114 0.9499995708465576 
vt -0.05024654045701027 0.9276294708251953 
vt -0.03679261356592178 0.9091264605522156 
vt -0.016976753249764442 0.8976916670799255 
vt 0.005759337916970253 0.8953022956848145 
vt 0.1467648297548294 0.8360345363616943 
vt 0.027504637837409973 0.9023705124855042 
vt 0.0445045605301857 0.9176723957061768 
vt 0.05378672480583191 0.9385647177696228 
vt 0.08304119110107422 0.6634801626205444 
vt 0.1467648297548294 0.6634801626205444 
vt 0.1467648297548294 0.6508049368858337 
vt 0.2602367103099823 0.6282392144203186 
vt 0.42595985531806946 0.6634801626205444 
vt 0.42595985531806946 0.5174835324287415 
vt 0.6634894609451294 0.6634801626205444 
vt 0.480818510055542 0.48083141446113586 
vt 0.5174778699874878 0.42598435282707214 
vt 0.6634894609451294 0.42598435282707214 
vt 0.6282380819320679 0.2602234482765198 
vt 0.6634894609451294 0.14678291976451874 
vt 0.6508177518844604 0.14678291976451874 
vt 0.6634894609451294 0.08304858952760696 
vt 0.8360438942909241 0.14678291976451874 
vt 0.6800200343132019 0.0000037216000237094704 
vt 0.8360438942909241 0.0000037216000237094704 
vt 0.8991938829421997 0.02105008065700531 
vt 0.8950221538543701 0.0000037216000237094704 
vt 0.9110834002494812 0.03889119625091553 
vt 0.9289698004722595 0.05081302672624588 
vt 0.9499850869178772 0.05500065162777901 
vt 1.0142301321029663 0.14678291976451874 
vt 0.9710524678230286 0.05081302672624588 
vt 0.9888867139816284 0.03889119625091553 
vt 1.0008283853530884 0.02105008065700531 
vt 1.0142301321029663 0.0000037216000237094704 
vt 1.005000114440918 0.0000037216000237094704 
vt 1.0699752569198608 0.0000037216000237094704 
vt 1.0408251285552979 0.14678291976451874 
vt 1.0142301321029663 0.2802666127681732 
vt 0.9480034708976746 0.2612391412258148 
vt 0.9572856426239014 0.28213149309158325 
vt 0.9310035705566406 0.24593724310398102 
vt 0.909258246421814 0.2388690710067749 
vt 0.8865221738815308 0.2412584275007248 
vt 0.8667063117027283 0.252693235874176 
vt 0.8532524108886719 0.2711962163448334 
vt 0.8485069870948792 0.2935662865638733 
vt 0.8360438942909241 0.42598435282707214 
vt 0.8532524108886719 0.3159363567829132 
vt 0.8667063117027283 0.33443933725357056 
vt 0.8865221738815308 0.345874160528183 
vt 0.909258246421814 0.3482635021209717 
vt 0.9775186777114868 0.42598435282707214 
vt 0.9310035705566406 0.34119948744773865 
vt 0.9885738492012024 0.4094711244106293 
vt 0.9480034708976746 0.32589343190193176 
vt 0.9572856426239014 0.30500108003616333 
vt 0.8360438942909241 0.6377300024032593 
vt 0.8223813772201538 0.5469592809677124 
vt 0.8130470514297485 0.5260669589042664 
vt 0.7960471510887146 0.510765016078949 
vt 0.7743018269538879 0.503696858882904 
vt 0.7515657544136047 0.5060862302780151 
vt 0.7317498922348022 0.5175251960754395 
vt 0.7182959318161011 0.5360281467437744 
vt 0.7135505676269531 0.5583940744400024 
vt 0.7182959318161011 0.580768346786499 
vt 0.7317498922348022 0.5992671251296997 
vt 0.7515657544136047 0.610706090927124 
vt 0.8188353776931763 0.6634801626205444 
vt 0.7743018269538879 0.6130954623222351 
vt 0.7960471510887146 0.6060273051261902 
vt 0.8130470514297485 0.5907253623008728 
vt 0.8223813772201538 0.5698330402374268 
vt 0.7566239833831787 0.7566028237342834 
vt 0.6634894609451294 0.8188261389732361 
vt 0.612176775932312 0.7571314573287964 
vt 0.612176775932312 0.7800011038780212 
vt 0.60289466381073 0.8008934259414673 
vt 0.6377288103103638 0.8360345363616943 
vt 0.5858947038650513 0.8161994814872742 
vt 0.5641494393348694 0.8232635259628296 
vt 0.42595985531806946 0.8360345363616943 
vt 0.5414133071899414 0.8208741545677185 
vt 0.5215974450111389 0.8094393610954285 
vt 0.5081435441970825 0.7909363508224487 
vt 0.5033981800079346 0.7685662508010864 
vt 0.5081435441970825 0.7461962103843689 
vt 0.5215974450111389 0.7276932001113892 
vt 0.5414133071899414 0.7162584066390991 
vt 0.5641494393348694 0.713869035243988 
vt 0.5858947038650513 0.7209330797195435 
vt 0.60289466381073 0.7362391352653503 
vt 0.2992947995662689 0.8488055467605591 
vt 0.3210400938987732 0.855873703956604 
vt 0.3380400240421295 0.8711755871772766 
vt 0.3473743498325348 0.8920679688453674 
vt 0.3473743498325348 0.9149375557899475 
vt 0.42595985531806946 0.9775187969207764 
vt 0.4196500778198242 0.9817522168159485 
vt 0.3380400240421295 0.9358298778533936 
vt 0.3210400938987732 0.9511359333992004 
vt 0.2992947995662689 0.9582041501998901 
vt 0.1467648297548294 0.9817522168159485 
vt 0.27655869722366333 0.9558106064796448 
vt 0.25674283504486084 0.9443758130073547 
vt 0.24334107339382172 0.925872802734375 
vt 0.2385435402393341 0.9035027623176575 
vt 0.24334107339382172 0.8811326622962952 
vt 0.25674283504486084 0.8626296520233154 
vt 0.27655869722366333 0.8511948585510254 
vt 0.05378672480583191 0.9614343643188477 
vt 0.04476529359817505 0.9817522168159485 
vt 0.1467648297548294 1.0408035516738892 
vt 0.0445045605301857 0.9823266863822937 
vt 0.027504637837409973 0.9976327419281006 
vt 0.000023168000552686863 1.070000410079956 
vt 0.005759337916970253 1.0046967267990112 
vt -0.016976753249764442 1.002307415008545 
vt -0.146770641207695 1.0408035516738892 
vt -0.03679261356592178 0.9908726215362549 
vt -0.04341528192162514 0.9817522168159485 
vt -0.05024654045701027 0.9723696112632751 
vt 0.409481406211853 0.9885498285293579 
vt 0.4138617515563965 0.9991562962532043 
vt 0.4196500778198242 0.9817522168159485 
vt 0.42595985531806946 0.9775187969207764 
vt 0.6377288103103638 0.8360345363616943 
vt 0.1467648297548294 1.0408035516738892 
vt 0.000023168000552686863 1.0814809799194336 
vt -0.146770641207695 1.0408035516738892 
vt -0.4138675630092621 0.9991562962532043 
vt -0.40948721766471863 0.9885498285293579 
vt -0.4196558892726898 0.9817522168159485 
vt -0.42596566677093506 0.9775187969207764 
vt -0.6377346515655518 0.8360345363616943 
vt -0.7647125720977783 0.7647241353988647 
vt -0.6634952425956726 0.8188261389732361 
vt -0.7566298246383667 0.7566028237342834 
vt -0.8188411593437195 0.6634801626205444 
vt -0.8360496759414673 0.6377300024032593 
vt -0.8717703819274902 0.5842732787132263 
vt -0.9991654753684998 0.41386687755584717 
vt -0.9775245189666748 0.42598435282707214 
vt -0.9817484021186829 0.41964879631996155 
vt -0.9885275363922119 0.4094711244106293 
vt -1.0408309698104858 0.14678291976451874 
vt -1.0815056562423706 0.0000037216000237094704 
vt -1.0699810981750488 0.0000037216000237094704 
vt -1.0408309698104858 -0.1467796415090561 
vt -0.9991654753684998 -0.4138635993003845 
vt -0.9885275363922119 -0.4094678461551666 
vt -0.9817484021186829 -0.4196455180644989 
vt -0.9775245189666748 -0.4259769022464752 
vt -0.8717703819274902 -0.5842700004577637 
vt -0.7647125720977783 -0.7647208571434021 
vt -0.8360496759414673 -0.6377226114273071 
vt -0.8188411593437195 -0.6634768843650818 
vt -0.7566298246383667 -0.7565995454788208 
vt -0.6634952425956726 -0.8188228607177734 
vt -0.6377346515655518 -0.8360312581062317 
vt -0.4138675630092621 -0.9991530179977417 
vt -0.42596566677093506 -0.9775155186653137 
vt -0.40948721766471863 -0.9885465502738953 
vt -0.146770641207695 -1.0408003330230713 
vt 0.000023168000552686863 -1.0814777612686157 
vt 0.000023168000552686863 -1.0699971914291382 
vt 0.000023168000552686863 -1.0912100076675415 
vt -0.41756999492645264 -1.0081443786621094 
vt -0.7715960144996643 -0.7716017365455627 
vt -1.0081348419189453 -0.41758501529693604 
vt -1.0912050008773804 0.0000037216000237094704 
vt -1.0081348419189453 0.4175882935523987 
vt -0.7715960144996643 0.7716050148010254 
vt -0.41756999492645264 1.0081475973129272 
vt 0.000023168000552686863 1.0912132263183594 
vt 0.41756418347358704 1.0081475973129272 
vt 0.7647067904472351 0.7647241353988647 
vt 0.6634894609451294 0.8188261389732361 
vt 0.8188353776931763 0.6634801626205444 
vt 0.8360438942909241 0.6377300024032593 
vt 0.9991596937179565 0.41386687755584717 
vt 0.9775186777114868 0.42598435282707214 
vt 1.0142301321029663 0.2802666127681732 
vt 1.0408251285552979 0.14678291976451874 
vt 1.0814998149871826 0.0000037216000237094704 
vt 1.0699752569198608 0.0000037216000237094704 
vt -13.573528289794922 0.0000037216000237094704 
vt 1.0081290006637573 0.4175882935523987 
vt 1.0911991596221924 0.0000037216000237094704 
vt 0.7715901732444763 0.7716050148010254 
vt 13.573522567749023 -0.4200742542743683 
vt 13.573522567749023 0.0000037216000237094704 
vt 13.573522567749023 0.42007753252983093 
vt -13.573528289794922 0.7762047648429871 
vt -13.573528289794922 0.42007753252983093 
vt -13.573528289794922 0.0000037216000237094704 
vt -13.573528289794922 -0.4200742542743683 
vt -13.573528289794922 -0.7762014865875244 
vt -13.573528289794922 0.42007753252983093 
vt -13.585000038146973 0.0000037216000237094704 
vt -13.585000038146973 0.4209516942501068 
vt -13.585000038146973 -0.7778124213218689 
vt -13.585000038146973 -0.42094841599464417 
vt -13.585000038146973 0.0000037216000237094704 
vt -13.585000038146973 0.4209516942501068 
vt -13.585000038146973 0.7778198719024658 
vt 13.584994316101074 0.4209516942501068 
vt 13.584994316101074 0.0000037216000237094704 
vt 13.629997253417969 0.4209516942501068 
vt 13.629997253417969 0.36684975028038025 
vt 13.629997253417969 0.7336999177932739 
vt -13.630002975463867 0.7778198719024658 
vt -13.630002975463867 0.7328965067863464 
vt -13.630002975463867 0.4209516942501068 
vt -13.630002975463867 0.36645013093948364 
vt -13.630002975463867 0.0000037216000237094704 
vt -13.630002975463867 -0.366446852684021 
vt -13.630002975463867 -0.42094841599464417 
vt -13.630002975463867 -0.7328932285308838 
vt -13.630002975463867 -0.7778124213218689 
vt -13.630002975463867 0.7336999177932739 
vt -13.630002975463867 0.4209516942501068 
vt -13.630002975463867 0.36684975028038025 
vt -13.585000038146973 0.0000037216000237094704 
vt -13.630002975463867 0.003288052510470152 
vt -13.630002975463867 0.0000037216000237094704 
vt 0.000023168000552686863 -1.0049973726272583 
vt 0.000023168000552686863 -1.0699971914291382 
vt -0.02104422077536583 -1.0008097887039185 
vt -0.146770641207695 -1.0408003330230713 
vt -0.03887849301099777 -0.9888879060745239 
vt -0.050820156931877136 -0.9710426330566406 
vt -0.2397487312555313 -0.9149342775344849 
vt -0.24908305704593658 -0.9358265995979309 
vt -0.2660829722881317 -0.9511326551437378 
vt -0.287828266620636 -0.9582008719444275 
vt -0.3105643689632416 -0.9558073282241821 
vt -0.40948721766471863 -0.9885465502738953 
vt -0.33038023114204407 -0.9443725347518921 
vt -0.34383416175842285 -0.9258695244789124 
vt -0.42596566677093506 -0.9775155186653137 
vt -0.3485795259475708 -0.9034994840621948 
vt -0.42596566677093506 -0.8360312581062317 
vt -0.34383416175842285 -0.8811293840408325 
vt -0.33038023114204407 -0.8626263737678528 
vt -0.3105643689632416 -0.8511915802955627 
vt -0.287828266620636 -0.8488022685050964 
vt -0.2660829722881317 -0.8558704257011414 
vt -0.24908305704593658 -0.871172308921814 
vt -0.2397487312555313 -0.8920646905899048 
vt -0.5046033263206482 -0.7571281790733337 
vt -0.513885498046875 -0.7362358570098877 
vt -0.5308854579925537 -0.7209298014640808 
vt -0.5526307225227356 -0.7138657569885254 
vt -0.5753668546676636 -0.7162551283836365 
vt -0.5951827168464661 -0.7276899218559265 
vt -0.6086366176605225 -0.7461929321289062 
vt -0.6133819818496704 -0.7685629725456238 
vt -0.6634952425956726 -0.8188228607177734 
vt -0.6086366176605225 -0.7909330725669861 
vt -0.6377346515655518 -0.8360312581062317 
vt -0.5951827168464661 -0.8094360828399658 
vt -0.5753668546676636 -0.8208708763122559 
vt -0.5526307225227356 -0.8232602477073669 
vt -0.5308854579925537 -0.8161962032318115 
vt -0.513885498046875 -0.8008901476860046 
vt -0.5046033263206482 -0.7799978256225586 
vt -0.7566298246383667 -0.7565995454788208 
vt -0.8188411593437195 -0.6634768843650818 
vt -0.7628353238105774 -0.6130921840667725 
vt -0.7410899996757507 -0.6060240268707275 
vt -0.7240900993347168 -0.5907220840454102 
vt -0.7147557735443115 -0.5698297619819641 
vt -0.7147557735443115 -0.5469560027122498 
vt -0.7240900993347168 -0.5260636806488037 
vt -0.7410899996757507 -0.5107617378234863 
vt -0.7628353238105774 -0.5036935806274414 
vt -0.8360496759414673 -0.4259769022464752 
vt -0.7855713963508606 -0.5060829520225525 
vt -0.8053872585296631 -0.5175219178199768 
vt -0.818789005279541 -0.5360206961631775 
vt -0.8235865235328674 -0.5583907961845398 
vt -0.8360496759414673 -0.6377226114273071 
vt -0.818789005279541 -0.5807650685310364 
vt -0.8053872585296631 -0.5992638468742371 
vt -0.7855713963508606 -0.6107028126716614 
vt -0.8717703819274902 -0.5842700004577637 
vt -0.8717703819274902 -0.4259769022464752 
vt -0.9775245189666748 -0.4259769022464752 
vt -0.9204756617546082 -0.34587085247039795 
vt -0.9817484021186829 -0.4196455180644989 
vt -0.9402915239334106 -0.3344360589981079 
vt -0.9537454843521118 -0.31593307852745056 
vt -0.9584908485412598 -0.29356300830841064 
vt -0.9817484021186829 -0.1467796415090561 
vt -0.9537454843521118 -0.2711929380893707 
vt -0.9402915239334106 -0.2526899576187134 
vt -0.9204756617546082 -0.24125514924526215 
vt -0.8717703819274902 -0.1467796415090561 
vt -0.897739589214325 -0.23886579275131226 
vt -0.8759942650794983 -0.24593396484851837 
vt -0.8717703819274902 -0.24975943565368652 
vt -0.8589943647384644 -0.2612358629703522 
vt -0.8497121930122375 -0.2821282148361206 
vt -0.8497121930122375 -0.3049978017807007 
vt -0.8589943647384644 -0.3258901536464691 
vt -0.8717703819274902 -0.33736658096313477 
vt -0.8759942650794983 -0.341196209192276 
vt -0.897739589214325 -0.34826022386550903 
vt -0.9885275363922119 -0.4094678461551666 
vt -0.8717703819274902 0.24976272881031036 
vt -0.8717703819274902 0.14678291976451874 
vt -0.8759942650794983 0.24593724310398102 
vt -0.897739589214325 0.2388690710067749 
vt -0.9204756617546082 0.2412584275007248 
vt -0.9817484021186829 0.14678291976451874 
vt -0.9402915239334106 0.252693235874176 
vt -0.9537454843521118 0.2711962163448334 
vt -0.9584908485412598 0.2935662865638733 
vt -0.9817484021186829 0.41964879631996155 
vt -0.9537454843521118 0.3159363567829132 
vt -0.9402915239334106 0.33443933725357056 
vt -0.9885275363922119 0.4094711244106293 
vt -1.0408309698104858 0.14678291976451874 
vt -0.9817484021186829 0.04379063844680786 
vt -0.9868066310882568 0.040872618556022644 
vt -0.9669908285140991 0.05231158062815666 
vt -0.9442546963691711 0.05470094084739685 
vt -0.9225094318389893 0.04763276129961014 
vt -0.9055094718933105 0.03233086317777634 
vt -0.8962273001670837 0.011438521556556225 
vt -0.8962273001670837 -0.011435240507125854 
vt -0.9055094718933105 -0.03232758119702339 
vt -0.9225094318389893 -0.04762948304414749 
vt -0.9442546963691711 -0.054697662591934204 
vt -0.9669908285140991 -0.052304137498140335 
vt -0.9817484021186829 -0.043787356466054916 
vt -1.0408309698104858 -0.1467796415090561 
vt -0.9868066310882568 -0.04086934030056 
vt -1.000260591506958 -0.02236635982990265 
vt -1.0699810981750488 0.0000037216000237094704 
vt -1.005005955696106 0.0000037216000237094704 
vt -1.000260591506958 0.022369639948010445 
vt 13.573522567749023 0.42007753252983093 
vt 13.573522567749023 0.0000037216000237094704 
vt 13.573522567749023 0.7762047648429871 
vt 13.584994316101074 -0.42094841599464417 
vt 13.629997253417969 0.0000037216000237094704 
vt 13.584994316101074 0.0000037216000237094704 
vt 13.629997253417969 0.36645013093948364 
vt 13.584994316101074 0.4209516942501068 
vt 13.629997253417969 0.4209516942501068 
vt 13.629997253417969 0.7328965067863464 
vt 13.584994316101074 0.7778198719024658 
vt 13.629997253417969 0.7778198719024658 
vt 13.629997253417969 -0.7336966395378113 
vt 13.629997253417969 -0.42094841599464417 
vt 13.629997253417969 -0.3668464720249176 
vt 13.629997253417969 -0.003284771926701069 
vt 13.629997253417969 0.0000037216000237094704 
vt 13.629997253417969 0.003288052510470152 
vt 0.000023168000552686863 -0.8949951529502869 
vt 0.000023168000552686863 -0.8360312581062317 
vt 0.02103840932250023 -0.8991827964782715 
vt 0.1467648297548294 -0.8360312581062317 
vt 0.03887268155813217 -0.9111046195030212 
vt 0.050814345479011536 -0.9289498925209045 
vt 0.05498610436916351 -0.9499962329864502 
vt 0.1467648297548294 -1.0192461013793945 
vt 0.050814345479011536 -0.9710426330566406 
vt 0.03887268155813217 -0.9888879060745239 
vt 0.02103840932250023 -1.0008097887039185 
vt 0.000023168000552686863 -1.0192461013793945 
vt 0.000023168000552686863 -1.0049973726272583 
vt 0.000023168000552686863 -0.6799984574317932 
vt 0.08304119110107422 -0.6634768843650818 
vt 0.1467648297548294 -0.6634768843650818 
vt 0.1467648297548294 -0.6507974863052368 
vt 0.2602367103099823 -0.6282358765602112 
vt 0.000023168000552686863 -1.07999587059021 
vt 0.1467648297548294 -1.050799012184143 
vt 0.3053959906101227 -1.0192461013793945 
vt 0.2660771608352661 -0.9511326551437378 
vt 0.2878224551677704 -0.9582008719444275 
vt 0.310558557510376 -0.9558073282241821 
vt 0.4132881462574005 -0.9977876543998718 
vt 0.33037441968917847 -0.9443725347518921 
vt 0.34382835030555725 -0.9258695244789124 
vt 0.42595985531806946 -0.989312469959259 
vt 0.3485737144947052 -0.9034994840621948 
vt 0.42595985531806946 -0.8360312581062317 
vt 0.34382835030555725 -0.8811293840408325 
vt 0.33037441968917847 -0.8626263737678528 
vt 0.310558557510376 -0.8511915802955627 
vt 0.2878224551677704 -0.8488022685050964 
vt 0.2660771608352661 -0.8558704257011414 
vt 0.24907724559307098 -0.871172308921814 
vt 0.2397429198026657 -0.8920646905899048 
vt 0.2397429198026657 -0.9149342775344849 
vt 0.24907724559307098 -0.9358265995979309 
vt 0.6553544998168945 -0.8360312581062317 
vt 0.5526249408721924 -0.8232602477073669 
vt 0.575413167476654 -0.8208708763122559 
vt 0.5951768755912781 -0.8094360828399658 
vt 0.6086307764053345 -0.7909330725669861 
vt 0.6634894609451294 -0.8306198120117188 
vt 0.6133762001991272 -0.7685629725456238 
vt 0.6634894609451294 -0.6634768843650818 
vt 0.6086307764053345 -0.7461929321289062 
vt 0.5951768755912781 -0.7276899218559265 
vt 0.575413167476654 -0.7162551283836365 
vt 0.5526249408721924 -0.7138657569885254 
vt 0.42595985531806946 -0.6634768843650818 
vt 0.5308796167373657 -0.7209298014640808 
vt 0.5138797163963318 -0.7362358570098877 
vt 0.504597544670105 -0.7571281790733337 
vt 0.504597544670105 -0.7799978256225586 
vt 0.5138797163963318 -0.8008901476860046 
vt 0.5308796167373657 -0.8161962032318115 
vt 0.7636638283729553 -0.763671875 
vt 0.42595985531806946 -0.5174802541732788 
vt 0.480818510055542 -0.4808281362056732 
vt 0.5174778699874878 -0.4259769022464752 
vt 0.6634894609451294 -0.4259769022464752 
vt 0.6282380819320679 -0.26022017002105713 
vt 0.6634894609451294 -0.1467796415090561 
vt 0.6508177518844604 -0.1467796415090561 
vt 0.6634894609451294 -0.08304531127214432 
vt 0.8360438942909241 -0.1467796415090561 
vt 0.6800200343132019 0.0000037216000237094704 
vt 0.8360438942909241 -0.4259769022464752 
vt 0.7628294825553894 -0.5036935806274414 
vt 0.7410841584205627 -0.5107617378234863 
vt 0.7240842580795288 -0.5260636806488037 
vt 0.7147499322891235 -0.5469560027122498 
vt 0.7147499322891235 -0.5698297619819641 
vt 0.7240842580795288 -0.5907220840454102 
vt 0.7410841584205627 -0.6060240268707275 
vt 0.7628294825553894 -0.6130921840667725 
vt 0.8306205868721008 -0.6634768843650818 
vt 0.7855655550956726 -0.6107028126716614 
vt 0.8360438942909241 -0.6553805470466614 
vt 0.8053814172744751 -0.5992638468742371 
vt 0.8188353776931763 -0.5807650685310364 
vt 0.8235807418823242 -0.5583907961845398 
vt 0.8188353776931763 -0.5360206961631775 
vt 0.8053814172744751 -0.5175219178199768 
vt 0.7855655550956726 -0.5060829520225525 
vt 0.8717645406723022 -0.6019238233566284 
vt 0.8717645406723022 -0.4259769022464752 
vt 0.9817425608634949 -0.43729931116104126 
vt 0.9817425608634949 -0.4259769022464752 
vt 0.9893038868904114 -0.4259769022464752 
vt 0.9978038668632507 -0.41329747438430786 
vt 0.9817425608634949 -0.1467796415090561 
vt 1.0507851839065552 -0.1467796415090561 
vt 0.9537396430969238 -0.31593307852745056 
vt 0.9584850072860718 -0.29356300830841064 
vt 0.9402857422828674 -0.3344360589981079 
vt 0.9205220341682434 -0.34587085247039795 
vt 0.897733747959137 -0.34826022386550903 
vt 0.8759884834289551 -0.341196209192276 
vt 0.8717645406723022 -0.33736658096313477 
vt 0.8589885234832764 -0.3258901536464691 
vt 0.8497064113616943 -0.3049978017807007 
vt 0.8497064113616943 -0.2821282148361206 
vt 0.8589885234832764 -0.2612358629703522 
vt 0.8717645406723022 -0.24975943565368652 
vt 0.8717645406723022 -0.1467796415090561 
vt 0.8759884834289551 -0.24593396484851837 
vt 0.897733747959137 -0.23886579275131226 
vt 0.9205220341682434 -0.24125514924526215 
vt 0.9402857422828674 -0.2526899576187134 
vt 0.9537396430969238 -0.2711929380893707 
vt 0.9669849872589111 -0.052304137498140335 
vt 0.9442489147186279 -0.054697662591934204 
vt 0.9817425608634949 -0.043787356466054916 
vt 0.9868008494377136 -0.04086934030056 
vt 1.00025475025177 -0.02236635982990265 
vt 1.0799875259399414 0.0000037216000237094704 
vt 1.005000114440918 0.0000037216000237094704 
vt 1.00025475025177 0.022369639948010445 
vt 1.0507851839065552 0.14678291976451874 
vt 0.9868008494377136 0.040872618556022644 
vt 0.9817425608634949 0.04379063844680786 
vt 0.9817425608634949 0.14678291976451874 
vt 0.9669849872589111 0.05231158062815666 
vt 0.9442489147186279 0.05470094084739685 
vt 0.9978038668632507 0.4133007526397705 
vt 0.9817425608634949 0.42598435282707214 
vt 0.9893038868904114 0.42598435282707214 
vt 0.9817425608634949 0.4373025894165039 
vt 0.8717645406723022 0.42598435282707214 
vt 0.8717645406723022 0.6019271016120911 
vt 0.8360438942909241 0.42598435282707214 
vt 0.8360438942909241 0.655383825302124 
vt 0.8759884834289551 0.34119948744773865 
vt 0.8717645406723022 0.3373698592185974 
vt 0.897733747959137 0.3482635021209717 
vt 0.9205220341682434 0.345874160528183 
vt 0.9402857422828674 0.33443933725357056 
vt 0.9537396430969238 0.3159363567829132 
vt 0.9584850072860718 0.2935662865638733 
vt 0.9537396430969238 0.2711962163448334 
vt 0.9402857422828674 0.252693235874176 
vt 0.9205220341682434 0.2412584275007248 
vt 0.8717645406723022 0.14678291976451874 
vt 0.897733747959137 0.2388690710067749 
vt 0.8759884834289551 0.24593724310398102 
vt 0.9225035905838013 0.04763276129961014 
vt 0.9055036902427673 0.03233086317777634 
vt 0.8962215185165405 0.011438521556556225 
vt 0.8962215185165405 -0.011435240507125854 
vt 0.9055036902427673 -0.03232758119702339 
vt 0.9225035905838013 -0.04762948304414749 
vt 0.8360438942909241 0.14678291976451874 
vt 0.6634894609451294 0.08304858952760696 
vt 0.6634894609451294 0.14678291976451874 
vt 0.6508177518844604 0.14678291976451874 
vt 0.6282380819320679 0.2602234482765198 
vt 0.6634894609451294 0.42598435282707214 
vt 0.5174778699874878 0.42598435282707214 
vt 0.6634894609451294 0.6634801626205444 
vt 0.480818510055542 0.48083141446113586 
vt 0.42595985531806946 0.5174835324287415 
vt 0.42595985531806946 0.6634801626205444 
vt 0.2602367103099823 0.6282392144203186 
vt 0.1467648297548294 0.6634801626205444 
vt 0.1467648297548294 0.6508049368858337 
vt 0.08304119110107422 0.6634801626205444 
vt 0.1467648297548294 0.8360345363616943 
vt 0.000023168000552686863 0.6800017356872559 
vt -0.146770641207695 0.8360345363616943 
vt -0.08304700255393982 0.6634801626205444 
vt -0.146770641207695 0.6634801626205444 
vt -0.146770641207695 0.6508049368858337 
vt -0.2602425217628479 0.6282392144203186 
vt -0.42596566677093506 0.6634801626205444 
vt -0.42596566677093506 0.8360345363616943 
vt -0.2993006110191345 0.8488055467605591 
vt -0.27656450867652893 0.8511948585510254 
vt -0.25674864649772644 0.8626296520233154 
vt -0.2501260042190552 0.8717500567436218 
vt -0.146770641207695 0.8717500567436218 
vt -0.24334688484668732 0.8811326622962952 
vt -0.2385493516921997 0.9035027623176575 
vt -0.146770641207695 0.9817522168159485 
vt -0.24334688484668732 0.925872802734375 
vt -0.25674864649772644 0.9443758130073547 
vt -0.27656450867652893 0.9558106064796448 
vt -0.2993006110191345 0.9582041501998901 
vt -0.42596566677093506 0.9817522168159485 
vt -0.3210459053516388 0.9511359333992004 
vt -0.3380458354949951 0.9358298778533936 
vt -0.347380131483078 0.9149375557899475 
vt -0.42596566677093506 0.8717500567436218 
vt -0.347380131483078 0.8920679688453674 
vt -0.33830657601356506 0.8717500567436218 
vt -0.3380458354949951 0.8711755871772766 
vt -0.3210459053516388 0.855873703956604 
vt -0.42596566677093506 0.9893157482147217 
vt -0.4372815787792206 0.9817522168159485 
vt -0.6019096374511719 0.8717500567436218 
vt -0.4132939577102661 0.9977909326553345 
vt -0.146770641207695 1.050802230834961 
vt -0.04477110505104065 0.9817522168159485 
vt -0.044510368257761 0.9823266863822937 
vt -0.027510447427630424 0.9976327419281006 
vt 0.000023168000552686863 1.0799990892410278 
vt -0.005765148904174566 1.0046967267990112 
vt 0.01697094365954399 1.002307415008545 
vt 0.1467648297548294 1.050802230834961 
vt 0.03678680211305618 0.9908726215362549 
vt 0.04340947046875954 0.9817522168159485 
vt 0.1467648297548294 0.9817522168159485 
vt 0.05024072900414467 0.9723696112632751 
vt 0.05498610436916351 0.9499995708465576 
vt 0.4132881462574005 0.9977909326553345 
vt 0.42595985531806946 0.9817522168159485 
vt 0.42595985531806946 0.9893157482147217 
vt 0.437275767326355 0.9817522168159485 
vt 0.42595985531806946 0.8717500567436218 
vt 0.6019038558006287 0.8717500567436218 
vt 0.42595985531806946 0.8360345363616943 
vt 0.6553544998168945 0.8360345363616943 
vt 0.5526249408721924 0.8232635259628296 
vt 0.575413167476654 0.8208741545677185 
vt 0.5951768755912781 0.8094393610954285 
vt 0.6086307764053345 0.7909363508224487 
vt 0.6634894609451294 0.8306230902671814 
vt 0.6133762001991272 0.7685662508010864 
vt 0.6086307764053345 0.7461962103843689 
vt 0.5951768755912781 0.7276932001113892 
vt 0.575413167476654 0.7162584066390991 
vt 0.5526249408721924 0.713869035243988 
vt 0.5308796167373657 0.7209330797195435 
vt 0.5138797163963318 0.7362391352653503 
vt 0.504597544670105 0.7571314573287964 
vt 0.504597544670105 0.7800011038780212 
vt 0.5138797163963318 0.8008934259414673 
vt 0.5308796167373657 0.8161994814872742 
vt 0.7636638283729553 0.7636751532554626 
vt 0.2878224551677704 0.8488055467605591 
vt 0.2660771608352661 0.855873703956604 
vt 0.310558557510376 0.8511948585510254 
vt 0.33037441968917847 0.8626296520233154 
vt 0.3369970917701721 0.8717500567436218 
vt 0.34382835030555725 0.8811326622962952 
vt 0.3485737144947052 0.9035027623176575 
vt 0.34382835030555725 0.925872802734375 
vt 0.33037441968917847 0.9443758130073547 
vt 0.310558557510376 0.9558106064796448 
vt 0.2878224551677704 0.9582041501998901 
vt 0.2660771608352661 0.9511359333992004 
vt 0.24907724559307098 0.9358298778533936 
vt 0.2397429198026657 0.9149375557899475 
vt 0.1467648297548294 0.8717500567436218 
vt 0.2397429198026657 0.8920679688453674 
vt 0.05024072900414467 0.9276294708251953 
vt 0.03678680211305618 0.9091264605522156 
vt 0.01697094365954399 0.8976916670799255 
vt -0.005765148904174566 0.8953022956848145 
vt -0.027510447427630424 0.9023705124855042 
vt -0.044510368257761 0.9176723957061768 
vt -0.05379253625869751 0.9385647177696228 
vt -0.05379253625869751 0.9614343643188477 
vt 0.24881650507450104 0.8717500567436218 
vt 0.24907724559307098 0.8711755871772766 
vt 0.7410841584205627 0.510765016078949 
vt 0.7628294825553894 0.503696858882904 
vt 0.7240842580795288 0.5260669589042664 
vt 0.7147499322891235 0.5469592809677124 
vt 0.7147499322891235 0.5698330402374268 
vt 0.7240842580795288 0.5907253623008728 
vt 0.7410841584205627 0.6060273051261902 
vt 0.7628294825553894 0.6130954623222351 
vt 0.8306205868721008 0.6634801626205444 
vt 0.7855655550956726 0.610706090927124 
vt 0.8053814172744751 0.5992671251296997 
vt 0.8188353776931763 0.580768346786499 
vt 0.8235807418823242 0.5583940744400024 
vt 0.8188353776931763 0.5360281467437744 
vt 0.8053814172744751 0.5175251960754395 
vt 0.7855655550956726 0.5060862302780151 
vt 0.8589885234832764 0.32589343190193176 
vt 0.8497064113616943 0.30500108003616333 
vt 0.8497064113616943 0.28213149309158325 
vt 0.8589885234832764 0.2612391412258148 
vt 0.8717645406723022 0.24976272881031036 
vt -0.6508235335350037 0.14678291976451874 
vt -0.6634952425956726 0.14678291976451874 
vt -0.6282438635826111 0.2602234482765198 
vt -0.6634952425956726 0.42598435282707214 
vt -0.8360496759414673 0.42598435282707214 
vt -0.8360496759414673 0.14678291976451874 
vt -0.6634952425956726 0.08304858952760696 
vt -0.6800258755683899 0.0000037216000237094704 
vt -0.8360496759414673 0.0000037216000237094704 
vt -0.8991997241973877 0.02105008065700531 
vt -0.8950279355049133 0.0000037216000237094704 
vt -0.9110892415046692 0.03889119625091553 
vt -0.9289756417274475 0.05081302672624588 
vt -0.9499908685684204 0.05500065162777901 
vt -1.0192420482635498 0.14678291976451874 
vt -0.9710582494735718 0.05081302672624588 
vt -0.9888925552368164 0.03889119625091553 
vt -1.0008342266082764 0.02105008065700531 
vt -1.0192420482635498 0.0000037216000237094704 
vt -1.005005955696106 0.0000037216000237094704 
vt -1.0799933671951294 0.0000037216000237094704 
vt -1.0507910251617432 0.14678291976451874 
vt -1.0192420482635498 0.30540069937705994 
vt -0.9572914838790894 0.28213149309158325 
vt -0.9572914838790894 0.30500108003616333 
vt -0.9480093121528625 0.32589343190193176 
vt -0.997809648513794 0.4133007526397705 
vt -0.9310093522071838 0.34119948744773865 
vt -0.9893097281455994 0.42598435282707214 
vt -0.909264087677002 0.3482635021209717 
vt -0.886527955532074 0.345874160528183 
vt -0.8667120933532715 0.33443933725357056 
vt -0.8532581925392151 0.3159363567829132 
vt -0.8485128283500671 0.2935662865638733 
vt -0.8532581925392151 0.2711962163448334 
vt -0.8667120933532715 0.252693235874176 
vt -0.886527955532074 0.2412584275007248 
vt -0.909264087677002 0.2388690710067749 
vt -0.9310093522071838 0.24593724310398102 
vt -0.9480093121528625 0.2612391412258148 
vt -0.8360496759414673 0.655383825302124 
vt -0.822387158870697 0.5469592809677124 
vt -0.822387158870697 0.5698330402374268 
vt -0.8130528330802917 0.5907253623008728 
vt -0.7960529327392578 0.6060273051261902 
vt -0.830626368522644 0.6634801626205444 
vt -0.7743076086044312 0.6130954623222351 
vt -0.6634952425956726 0.6634801626205444 
vt -0.751571536064148 0.610706090927124 
vt -0.7317556738853455 0.5992671251296997 
vt -0.7183017730712891 0.580768346786499 
vt -0.7135564088821411 0.5583940744400024 
vt -0.7183017730712891 0.5360281467437744 
vt -0.7317556738853455 0.5175251960754395 
vt -0.751571536064148 0.5060862302780151 
vt -0.7743076086044312 0.503696858882904 
vt -0.7960529327392578 0.510765016078949 
vt -0.8130528330802917 0.5260669589042664 
vt -0.7636696696281433 0.7636751532554626 
vt -0.517483651638031 0.42598435282707214 
vt -0.4808243215084076 0.48083141446113586 
vt -0.42596566677093506 0.5174835324287415 
vt -0.5859005451202393 0.7209330797195435 
vt -0.5641552209854126 0.713869035243988 
vt -0.5414191484451294 0.7162584066390991 
vt -0.5216032862663269 0.7276932001113892 
vt -0.5081493258476257 0.7461962103843689 
vt -0.5034039616584778 0.7685662508010864 
vt -0.5081493258476257 0.7909363508224487 
vt -0.5216032862663269 0.8094393610954285 
vt -0.5414191484451294 0.8208741545677185 
vt -0.5641552209854126 0.8232635259628296 
vt -0.6553603410720825 0.8360345363616943 
vt -0.5859005451202393 0.8161994814872742 
vt -0.6029004454612732 0.8008934259414673 
vt -0.6121826171875 0.7800011038780212 
vt -0.6634952425956726 0.8306230902671814 
vt -0.6121826171875 0.7571314573287964 
vt -0.6029004454612732 0.7362391352653503 
vt -0.6800258755683899 0.0000037216000237094704 
vt -0.6493633985519409 0.0000037216000237094704 
vt -0.6634952425956726 0.08304858952760696 
vt -0.6508235335350037 0.14678291976451874 
vt -0.5999802350997925 0.24850976467132568 
vt -0.6282438635826111 0.2602234482765198 
vt -0.517483651638031 0.42598435282707214 
vt -0.45918330550193787 0.4591856300830841 
vt -0.42596566677093506 0.5174835324287415 
vt -0.24850943684577942 0.5999539494514465 
vt -0.146770641207695 0.6508049368858337 
vt 0.000023168000552686863 0.6493854522705078 
vt -0.08304700255393982 0.6634801626205444 
vt 0.08304119110107422 0.6634801626205444 
vt 0.1467648297548294 0.6508049368858337 
vt 0.24850362539291382 0.5999539494514465 
vt 0.42595985531806946 0.5174835324287415 
vt 0.45917749404907227 0.4591856300830841 
vt 0.480818510055542 0.48083141446113586 
vt 0.5174778699874878 0.42598435282707214 
vt 0.5999743938446045 0.24850976467132568 
vt 0.6282380819320679 0.2602234482765198 
vt 0.6508177518844604 0.14678291976451874 
vt 0.6493576169013977 0.0000037216000237094704 
vt 0.6634894609451294 0.08304858952760696 
vt 0.6800200343132019 0.0000037216000237094704 
vt 0.6634894609451294 -0.08304531127214432 
vt 0.6508177518844604 -0.1467796415090561 
vt 0.5999743938446045 -0.24850648641586304 
vt 0.6282380819320679 -0.26022017002105713 
vt 0.5174778699874878 -0.4259769022464752 
vt 0.45917749404907227 -0.45918235182762146 
vt 0.480818510055542 -0.4808281362056732 
vt 0.42595985531806946 -0.5174802541732788 
vt 0.24850362539291382 -0.5999506711959839 
vt 0.2602367103099823 -0.6282358765602112 
vt 0.1467648297548294 -0.6507974863052368 
vt 0.000023168000552686863 -0.6493821740150452 
vt 0.08304119110107422 -0.6634768843650818 
vt 0.000023168000552686863 -0.6799984574317932 
vt 0.000023168000552686863 -0.6234280467033386 
vt 0.23859569430351257 -0.5759738087654114 
vt 13.405609130859375 0.0000037216000237094704 
vt 0.4408217668533325 -0.44082924723625183 
vt 0.5759868025779724 -0.23857440054416656 
vt 0.6234405636787415 0.0000037216000237094704 
vt 0.5759868025779724 0.2385776787996292 
vt 0.4408217668533325 0.4408325254917145 
vt 0.23859569430351257 0.575977087020874 
vt 0.000023168000552686863 0.6234313249588013 
vt -0.23860150575637817 0.575977087020874 
vt -0.4408275783061981 0.4408325254917145 
vt -0.5759925842285156 0.2385776787996292 
vt -0.6234463453292847 0.0000037216000237094704 
vt -13.405614852905273 0.23194241523742676 
vt -13.405614852905273 0.0000037216000237094704 
vt -13.405614852905273 0.42856934666633606 
vt -13.405614852905273 -0.2319391369819641 
vt -13.405614852905273 0.0000037216000237094704 
vt -13.405614852905273 0.23194241523742676 
vt 13.405609130859375 0.42856934666633606 
vt 13.405609130859375 0.23194241523742676 
vt 13.405609130859375 0.0000037216000237094704 
vt 13.405609130859375 -0.2319391369819641 
vt 13.405609130859375 -0.4285660684108734 
vt 13.405609130859375 0.23194241523742676 
vt 13.374999046325684 0.0000037216000237094704 
vt 13.374999046325684 0.229611337184906 
vt 13.374999046325684 -0.4242618978023529 
vt 13.374999046325684 -0.22960805892944336 
vt 13.374999046325684 0.0000037216000237094704 
vt 13.374999046325684 0.229611337184906 
vt 13.374999046325684 0.42426517605781555 
vt -13.375004768371582 0.229611337184906 
vt -13.375004768371582 0.0000037216000237094704 
vt -13.375004768371582 -0.22960805892944336 
vt -13.375004768371582 0.42426517605781555 
vt -13.375004768371582 0.229611337184906 
vt -13.375004768371582 0.0000037216000237094704 
vt -13.34001350402832 0.0000037216000237094704 
vt -13.34001350402832 0.229611337184906 
vt -13.34001350402832 0.42426517605781555 
vt -13.34001350402832 -0.22960805892944336 
vt -13.34001350402832 0.0000037216000237094704 
vt -13.34001350402832 0.229611337184906 
vt 13.340007781982422 0.42426517605781555 
vt 13.340007781982422 0.229611337184906 
vt 13.340007781982422 0.0000037216000237094704 
vt 13.340007781982422 -0.22960805892944336 
vt 13.340007781982422 -0.4242618978023529 
vt 13.340007781982422 0.229611337184906 
vt 13.374999046325684 0.0000037216000237094704 
vt 13.340007781982422 0.0000037216000237094704 
s on 
f 1/1/1 2/2/2 3/3/3 
f 2/2/2 2/2/2 3/3/3 
f 3/3/3 2/2/2 4/4/4 
f 2/2/2 5/5/5 4/4/4 
f 4/4/4 5/5/5 6/6/6 
f 5/5/5 7/7/7 6/6/6 
f 6/6/6 7/7/7 8/8/8 
f 7/7/7 9/9/9 8/8/8 
f 8/8/8 9/9/9 10/10/10 
f 9/9/9 11/11/11 10/10/10 
f 10/10/10 11/11/11 12/12/12 
f 11/11/11 13/13/13 12/12/12 
f 12/12/12 13/13/13 14/14/14 
f 13/13/13 15/15/15 14/14/14 
f 14/14/14 15/15/15 16/16/16 
f 15/15/15 17/17/17 16/16/16 
f 16/16/16 17/17/17 18/18/18 
f 17/17/17 19/19/19 18/18/18 
f 18/18/18 19/19/19 20/20/20 
f 19/19/19 21/21/21 20/20/20 
f 20/20/20 21/21/21 22/22/22 
f 21/21/21 23/23/23 22/22/22 
f 22/22/22 23/23/23 24/24/24 
f 23/23/23 25/25/25 24/24/24 
f 24/24/24 25/25/25 26/26/26 
f 25/25/25 26/26/26 26/26/26 
f 26/26/26 26/26/26 27/27/27 
f 26/26/26 27/27/27 27/27/27 
f 27/27/27 27/27/27 28/28/28 
f 27/27/27 29/29/29 28/28/28 
f 28/28/28 29/29/29 30/30/30 
f 29/29/29 31/31/31 30/30/30 
f 30/30/30 31/31/31 32/32/32 
f 31/31/31 31/31/31 32/32/32 
f 32/32/32 31/31/31 33/33/33 
f 31/31/31 34/34/34 33/33/33 
f 33/33/33 34/34/34 35/35/35 
f 34/34/34 34/34/34 35/35/35 
f 35/35/35 34/34/34 36/36/36 
f 34/34/34 37/37/37 36/36/36 
f 36/36/36 37/37/37 38/38/38 
f 37/37/37 37/37/37 38/38/38 
f 38/38/38 37/37/37 39/39/39 
f 37/37/37 40/40/40 39/39/39 
f 39/39/39 40/40/40 41/41/41 
f 40/40/40 40/40/40 41/41/41 
f 41/41/41 40/40/40 42/42/42 
f 40/40/40 40/40/40 42/42/42 
f 42/42/42 40/40/40 43/43/43 
f 40/40/40 40/40/40 43/43/43 
f 43/43/43 40/40/40 44/44/44 
f 40/40/40 45/45/45 44/44/44 
f 44/44/44 45/45/45 46/46/46 
f 45/45/45 45/45/45 46/46/46 
f 46/46/46 45/45/45 47/47/47 
f 45/45/45 48/48/48 47/47/47 
f 47/47/47 48/48/48 49/49/49 
f 48/48/48 48/48/48 49/49/49 
f 49/49/49 48/48/48 50/50/50 
f 48/48/48 51/51/51 50/50/50 
f 50/50/50 51/51/51 52/52/52 
f 51/51/51 51/51/51 52/52/52 
f 52/52/52 51/51/51 53/53/53 
f 51/51/51 54/54/54 53/53/53 
f 53/53/53 54/54/54 55/55/55 
f 54/54/54 54/54/54 55/55/55 
f 55/55/55 54/54/54 56/56/56 
f 54/54/54 54/54/54 56/56/56 
f 56/56/56 54/54/54 57/57/57 
f 54/54/54 54/54/54 57/57/57 
f 57/57/57 54/54/54 58/58/58 
f 54/54/54 59/59/59 58/58/58 
f 58/58/58 59/59/59 60/60/60 
f 59/59/59 59/59/59 60/60/60 
f 60/60/60 59/59/59 61/61/61 
f 59/59/59 62/62/62 61/61/61 
f 61/61/61 62/62/62 63/63/63 
f 62/62/62 62/62/62 63/63/63 
f 63/63/63 62/62/62 64/64/64 
f 62/62/62 65/65/65 64/64/64 
f 64/64/64 65/65/65 66/66/66 
f 65/65/65 65/65/65 66/66/66 
f 66/66/66 65/65/65 67/67/67 
f 65/65/65 68/68/68 67/67/67 
f 67/67/67 68/68/68 69/69/69 
f 68/68/68 70/70/70 69/69/69 
f 69/69/69 70/70/70 70/70/70 
f 70/70/70 29/29/29 70/70/70 
f 70/70/70 29/29/29 29/29/29 
f 29/29/29 71/71/71 29/29/29 
f 29/29/29 71/71/71 31/31/31 
f 71/71/71 72/72/72 31/31/31 
f 31/31/31 72/72/72 34/34/34 
f 72/72/72 34/34/34 34/34/34 
f 34/34/34 34/34/34 72/72/72 
f 34/34/34 72/72/72 72/72/72 
f 72/72/72 72/72/72 73/73/73 
f 72/72/72 71/71/71 73/73/73 
f 73/73/73 71/71/71 71/71/71 
f 71/71/71 65/65/65 71/71/71 
f 71/71/71 65/65/65 65/65/65 
f 65/65/65 74/74/74 65/65/65 
f 65/65/65 74/74/74 68/68/68 
f 74/74/74 75/75/75 68/68/68 
f 68/68/68 75/75/75 75/75/75 
f 75/75/75 74/74/74 75/75/75 
f 75/75/75 74/74/74 74/74/74 
f 74/74/74 65/65/65 74/74/74 
f 74/74/74 65/65/65 76/76/76 
f 65/65/65 62/62/62 76/76/76 
f 76/76/76 62/62/62 77/77/77 
f 62/62/62 59/59/59 77/77/77 
f 77/77/77 59/59/59 78/78/78 
f 59/59/59 54/54/54 78/78/78 
f 78/78/78 54/54/54 79/79/79 
f 54/54/54 51/51/51 79/79/79 
f 79/79/79 51/51/51 80/80/80 
f 51/51/51 48/48/48 80/80/80 
f 80/80/80 48/48/48 81/81/81 
f 48/48/48 45/45/45 81/81/81 
f 81/81/81 45/45/45 82/82/82 
f 45/45/45 40/40/40 82/82/82 
f 82/82/82 40/40/40 83/83/83 
f 40/40/40 37/37/37 83/83/83 
f 83/83/83 37/37/37 84/84/84 
f 37/37/37 34/34/34 84/84/84 
f 84/84/84 34/34/34 84/84/84 
f 34/34/34 72/72/72 84/84/84 
f 84/84/84 72/72/72 85/85/85 
f 72/72/72 73/73/73 85/85/85 
f 85/85/85 73/73/73 85/85/85 
f 73/73/73 86/86/86 85/85/85 
f 85/85/85 86/86/86 85/85/85 
f 86/86/86 87/87/87 85/85/85 
f 85/85/85 87/87/87 88/88/88 
f 87/87/87 89/89/89 88/88/88 
f 88/88/88 89/89/89 90/90/90 
f 89/89/89 91/91/91 90/90/90 
f 90/90/90 91/91/91 92/92/92 
f 91/91/91 93/93/93 92/92/92 
f 92/92/92 93/93/93 94/94/94 
f 93/93/93 95/95/95 94/94/94 
f 94/94/94 95/95/95 96/96/96 
f 95/95/95 97/97/97 96/96/96 
f 96/96/96 97/97/97 98/98/98 
f 97/97/97 99/99/99 98/98/98 
f 98/98/98 99/99/99 100/100/100 
f 99/99/99 101/101/101 100/100/100 
f 100/100/100 101/101/101 102/102/102 
f 101/101/101 103/103/103 102/102/102 
f 102/102/102 103/103/103 104/104/104 
f 103/103/103 105/105/105 104/104/104 
f 104/104/104 105/105/105 106/106/106 
f 105/105/105 107/107/107 106/106/106 
f 106/106/106 107/107/107 108/108/108 
f 107/107/107 109/109/109 108/108/108 
f 108/108/108 109/109/109 109/109/109 
f 109/109/109 85/85/85 109/109/109 
f 109/109/109 85/85/85 85/85/85 
f 85/85/85 88/88/88 85/85/85 
f 85/85/85 88/88/88 84/84/84 
f 88/88/88 88/88/88 84/84/84 
f 84/84/84 88/88/88 83/83/83 
f 88/88/88 90/90/90 83/83/83 
f 83/83/83 90/90/90 82/82/82 
f 90/90/90 92/92/92 82/82/82 
f 82/82/82 92/92/92 92/92/92 
f 92/92/92 108/108/108 92/92/92 
f 92/92/92 108/108/108 108/108/108 
f 108/108/108 75/75/75 108/108/108 
f 108/108/108 75/75/75 106/106/106 
f 75/75/75 74/74/74 106/106/106 
f 106/106/106 74/74/74 104/104/104 
f 74/74/74 76/76/76 104/104/104 
f 104/104/104 76/76/76 102/102/102 
f 76/76/76 77/77/77 102/102/102 
f 102/102/102 77/77/77 100/100/100 
f 77/77/77 78/78/78 100/100/100 
f 100/100/100 78/78/78 98/98/98 
f 78/78/78 79/79/79 98/98/98 
f 98/98/98 79/79/79 96/96/96 
f 79/79/79 80/80/80 96/96/96 
f 96/96/96 80/80/80 94/94/94 
f 80/80/80 81/81/81 94/94/94 
f 94/94/94 81/81/81 92/92/92 
f 81/81/81 82/82/82 92/92/92 
f 92/92/92 82/82/82 82/82/82 
f 82/82/82 110/110/110 82/82/82 
f 82/82/82 110/110/110 110/110/110 
f 110/110/110 111/111/111 110/110/110 
f 110/110/110 111/111/111 112/112/112 
f 111/111/111 113/113/113 112/112/112 
f 112/112/112 113/113/113 114/114/114 
f 113/113/113 113/113/113 114/114/114 
f 114/114/114 113/113/113 115/115/115 
f 113/113/113 116/116/116 115/115/115 
f 115/115/115 116/116/116 117/117/117 
f 116/116/116 116/116/116 117/117/117 
f 117/117/117 116/116/116 66/66/66 
f 116/116/116 118/118/118 66/66/66 
f 66/66/66 118/118/118 119/119/119 
f 118/118/118 120/120/120 119/119/119 
f 119/119/119 120/120/120 63/63/63 
f 120/120/120 120/120/120 63/63/63 
f 63/63/63 120/120/120 121/121/121 
f 120/120/120 122/122/122 121/121/121 
f 121/121/121 122/122/122 60/60/60 
f 122/122/122 123/123/123 60/60/60 
f 60/60/60 123/123/123 124/124/124 
f 123/123/123 123/123/123 124/124/124 
f 124/124/124 123/123/123 125/125/125 
f 123/123/123 126/126/126 125/125/125 
f 125/125/125 126/126/126 127/127/127 
f 126/126/126 128/128/128 127/127/127 
f 127/127/127 128/128/128 129/129/129 
f 128/128/128 130/130/130 129/129/129 
f 129/129/129 130/130/130 131/131/131 
f 130/130/130 130/130/130 131/131/131 
f 131/131/131 130/130/130 132/132/132 
f 130/130/130 133/133/133 132/132/132 
f 132/132/132 133/133/133 134/134/134 
f 133/133/133 134/134/134 134/134/134 
f 134/134/134 134/134/134 111/111/111 
f 134/134/134 111/111/111 111/111/111 
f 111/111/111 111/111/111 113/113/113 
f 111/111/111 135/135/135 113/113/113 
f 113/113/113 135/135/135 113/113/113 
f 135/135/135 136/136/136 113/113/113 
f 113/113/113 136/136/136 137/137/137 
f 136/136/136 137/137/137 137/137/137 
f 137/137/137 137/137/137 118/118/118 
f 137/137/137 118/118/118 118/118/118 
f 118/118/118 118/118/118 113/113/113 
f 118/118/118 116/116/116 113/113/113 
f 113/113/113 116/116/116 116/116/116 
f 116/116/116 126/126/126 116/116/116 
f 116/116/116 126/126/126 126/126/126 
f 126/126/126 123/123/123 126/126/126 
f 126/126/126 123/123/123 122/122/122 
f 123/123/123 122/122/122 122/122/122 
f 122/122/122 122/122/122 133/133/133 
f 122/122/122 133/133/133 133/133/133 
f 133/133/133 133/133/133 138/138/138 
f 133/133/133 130/130/130 138/138/138 
f 138/138/138 130/130/130 138/138/138 
f 130/130/130 128/128/128 138/138/138 
f 138/138/138 128/128/128 139/139/139 
f 128/128/128 140/140/140 139/139/139 
f 139/139/139 140/140/140 140/140/140 
f 140/140/140 139/139/139 140/140/140 
f 140/140/140 139/139/139 139/139/139 
f 139/139/139 141/141/141 139/139/139 
f 139/139/139 141/141/141 138/138/138 
f 141/141/141 142/142/142 138/138/138 
f 138/138/138 142/142/142 138/138/138 
f 142/142/142 143/143/143 138/138/138 
f 138/138/138 143/143/143 144/144/144 
f 143/143/143 145/145/145 144/144/144 
f 144/144/144 145/145/145 144/144/144 
f 145/145/145 146/146/146 144/144/144 
f 144/144/144 146/146/146 144/144/144 
f 146/146/146 147/147/147 144/144/144 
f 144/144/144 147/147/147 144/144/144 
f 147/147/147 148/148/148 144/144/144 
f 144/144/144 148/148/148 144/144/144 
f 148/148/148 149/149/149 144/144/144 
f 144/144/144 149/149/149 138/138/138 
f 149/149/149 150/150/150 138/138/138 
f 138/138/138 150/150/150 138/138/138 
f 150/150/150 151/151/151 138/138/138 
f 138/138/138 151/151/151 138/138/138 
f 151/151/151 152/152/152 138/138/138 
f 138/138/138 152/152/152 138/138/138 
f 152/152/152 153/153/153 138/138/138 
f 138/138/138 153/153/153 138/138/138 
f 153/153/153 154/154/154 138/138/138 
f 138/138/138 154/154/154 138/138/138 
f 154/154/154 155/155/155 138/138/138 
f 138/138/138 155/155/155 133/133/133 
f 155/155/155 156/156/156 133/133/133 
f 133/133/133 156/156/156 133/133/133 
f 156/156/156 157/157/157 133/133/133 
f 133/133/133 157/157/157 133/133/133 
f 157/157/157 158/158/158 133/133/133 
f 133/133/133 158/158/158 159/159/159 
f 158/158/158 160/160/160 159/159/159 
f 159/159/159 160/160/160 159/159/159 
f 160/160/160 161/161/161 159/159/159 
f 159/159/159 161/161/161 159/159/159 
f 161/161/161 162/162/162 159/159/159 
f 159/159/159 162/162/162 159/159/159 
f 162/162/162 163/163/163 159/159/159 
f 159/159/159 163/163/163 164/164/164 
f 163/163/163 165/165/165 164/164/164 
f 164/164/164 165/165/165 150/150/150 
f 165/165/165 166/166/166 150/150/150 
f 150/150/150 166/166/166 150/150/150 
f 166/166/166 167/167/167 150/150/150 
f 150/150/150 167/167/167 151/151/151 
f 167/167/167 151/151/151 151/151/151 
f 151/151/151 151/151/151 164/164/164 
f 151/151/151 164/164/164 164/164/164 
f 164/164/164 164/164/164 159/159/159 
f 164/164/164 168/168/168 159/159/159 
f 159/159/159 168/168/168 159/159/159 
f 168/168/168 169/169/169 159/159/159 
f 159/159/159 169/169/169 170/170/170 
f 169/169/169 169/169/169 170/170/170 
f 170/170/170 169/169/169 171/171/171 
f 169/169/169 172/172/172 171/171/171 
f 171/171/171 172/172/172 173/173/173 
f 172/172/172 172/172/172 173/173/173 
f 173/173/173 172/172/172 174/174/174 
f 172/172/172 172/172/172 174/174/174 
f 174/174/174 172/172/172 175/175/175 
f 172/172/172 176/176/176 175/175/175 
f 175/175/175 176/176/176 177/177/177 
f 176/176/176 176/176/176 177/177/177 
f 177/177/177 176/176/176 178/178/178 
f 176/176/176 176/176/176 178/178/178 
f 178/178/178 176/176/176 179/179/179 
f 176/176/176 176/176/176 179/179/179 
f 179/179/179 176/176/176 180/180/180 
f 176/176/176 181/181/181 180/180/180 
f 180/180/180 181/181/181 182/182/182 
f 181/181/181 181/181/181 182/182/182 
f 182/182/182 181/181/181 183/183/183 
f 181/181/181 181/181/181 183/183/183 
f 183/183/183 181/181/181 184/184/184 
f 181/181/181 159/159/159 184/184/184 
f 184/184/184 159/159/159 185/185/185 
f 159/159/159 159/159/159 185/185/185 
f 185/185/185 159/159/159 186/186/186 
f 159/159/159 159/159/159 186/186/186 
f 186/186/186 159/159/159 187/187/187 
f 159/159/159 170/170/170 187/187/187 
f 187/187/187 170/170/170 170/170/170 
f 170/170/170 133/133/133 170/170/170 
f 170/170/170 133/133/133 133/133/133 
f 133/133/133 159/159/159 133/133/133 
f 133/133/133 159/159/159 134/134/134 
f 159/159/159 159/159/159 134/134/134 
f 134/134/134 159/159/159 188/188/188 
f 159/159/159 159/159/159 188/188/188 
f 188/188/188 159/159/159 189/189/189 
f 159/159/159 181/181/181 189/189/189 
f 189/189/189 181/181/181 190/190/190 
f 181/181/181 191/191/191 190/190/190 
f 190/190/190 191/191/191 192/192/192 
f 191/191/191 191/191/191 192/192/192 
f 192/192/192 191/191/191 193/193/193 
f 191/191/191 194/194/194 193/193/193 
f 193/193/193 194/194/194 195/195/195 
f 194/194/194 195/195/195 195/195/195 
f 195/195/195 195/195/195 181/181/181 
f 195/195/195 181/181/181 181/181/181 
f 181/181/181 181/181/181 191/191/191 
f 181/181/181 176/176/176 191/191/191 
f 191/191/191 176/176/176 194/194/194 
f 176/176/176 176/176/176 194/194/194 
f 194/194/194 176/176/176 196/196/196 
f 176/176/176 176/176/176 196/196/196 
f 196/196/196 176/176/176 197/197/197 
f 176/176/176 176/176/176 197/197/197 
f 197/197/197 176/176/176 198/198/198 
f 176/176/176 176/176/176 198/198/198 
f 198/198/198 176/176/176 199/199/199 
f 176/176/176 176/176/176 199/199/199 
f 199/199/199 176/176/176 200/200/200 
f 176/176/176 201/201/201 200/200/200 
f 200/200/200 201/201/201 202/202/202 
f 201/201/201 203/203/203 202/202/202 
f 202/202/202 203/203/203 204/204/204 
f 203/203/203 203/203/203 204/204/204 
f 204/204/204 203/203/203 205/205/205 
f 203/203/203 203/203/203 205/205/205 
f 205/205/205 203/203/203 206/206/206 
f 203/203/203 207/207/207 206/206/206 
f 206/206/206 207/207/207 208/208/208 
f 207/207/207 207/207/207 208/208/208 
f 208/208/208 207/207/207 209/209/209 
f 207/207/207 207/207/207 209/209/209 
f 209/209/209 207/207/207 210/210/210 
f 207/207/207 194/194/194 210/210/210 
f 210/210/210 194/194/194 211/211/211 
f 194/194/194 194/194/194 211/211/211 
f 211/211/211 194/194/194 212/212/212 
f 194/194/194 194/194/194 212/212/212 
f 212/212/212 194/194/194 213/213/213 
f 194/194/194 196/196/196 213/213/213 
f 213/213/213 196/196/196 196/196/196 
f 196/196/196 201/201/201 196/196/196 
f 196/196/196 201/201/201 201/201/201 
f 201/201/201 176/176/176 201/201/201 
f 201/201/201 176/176/176 172/172/172 
f 176/176/176 172/172/172 172/172/172 
f 172/172/172 172/172/172 207/207/207 
f 172/172/172 207/207/207 207/207/207 
f 207/207/207 207/207/207 214/214/214 
f 207/207/207 203/203/203 214/214/214 
f 214/214/214 203/203/203 203/203/203 
f 203/203/203 215/215/215 203/203/203 
f 203/203/203 215/215/215 215/215/215 
f 215/215/215 216/216/216 215/215/215 
f 215/215/215 216/216/216 207/207/207 
f 216/216/216 216/216/216 207/207/207 
f 207/207/207 216/216/216 194/194/194 
f 216/216/216 217/217/217 194/194/194 
f 194/194/194 217/217/217 194/194/194 
f 217/217/217 218/218/218 194/194/194 
f 194/194/194 218/218/218 194/194/194 
f 218/218/218 219/219/219 194/194/194 
f 194/194/194 219/219/219 220/220/220 
f 219/219/219 221/221/221 220/220/220 
f 220/220/220 221/221/221 220/220/220 
f 221/221/221 222/222/222 220/220/220 
f 220/220/220 222/222/222 223/223/223 
f 222/222/222 223/223/223 223/223/223 
f 223/223/223 223/223/223 194/194/194 
f 223/223/223 194/194/194 194/194/194 
f 194/194/194 194/194/194 195/195/195 
f 194/194/194 220/220/220 195/195/195 
f 195/195/195 220/220/220 224/224/224 
f 220/220/220 225/225/225 224/224/224 
f 224/224/224 225/225/225 226/226/226 
f 225/225/225 225/225/225 226/226/226 
f 226/226/226 225/225/225 227/227/227 
f 225/225/225 228/228/228 227/227/227 
f 227/227/227 228/228/228 229/229/229 
f 228/228/228 230/230/230 229/229/229 
f 229/229/229 230/230/230 231/231/231 
f 230/230/230 230/230/230 231/231/231 
f 231/231/231 230/230/230 232/232/232 
f 230/230/230 233/233/233 232/232/232 
f 232/232/232 233/233/233 234/234/234 
f 233/233/233 235/235/235 234/234/234 
f 234/234/234 235/235/235 236/236/236 
f 235/235/235 235/235/235 236/236/236 
f 236/236/236 235/235/235 237/237/237 
f 235/235/235 238/238/238 237/237/237 
f 237/237/237 238/238/238 239/239/239 
f 238/238/238 238/238/238 239/239/239 
f 239/239/239 238/238/238 240/240/240 
f 238/238/238 241/241/241 240/240/240 
f 240/240/240 241/241/241 242/242/242 
f 241/241/241 242/242/242 242/242/242 
f 242/242/242 242/242/242 228/228/228 
f 242/242/242 228/228/228 228/228/228 
f 228/228/228 228/228/228 220/220/220 
f 228/228/228 225/225/225 220/220/220 
f 220/220/220 225/225/225 225/225/225 
f 225/225/225 238/238/238 225/225/225 
f 225/225/225 238/238/238 238/238/238 
f 238/238/238 235/235/235 238/238/238 
f 238/238/238 235/235/235 233/233/233 
f 235/235/235 233/233/233 233/233/233 
f 233/233/233 233/233/233 241/241/241 
f 233/233/233 241/241/241 241/241/241 
f 241/241/241 241/241/241 243/243/243 
f 241/241/241 238/238/238 243/243/243 
f 243/243/243 238/238/238 244/244/244 
f 238/238/238 238/238/238 244/244/244 
f 244/244/244 238/238/238 245/245/245 
f 238/238/238 246/246/246 245/245/245 
f 245/245/245 246/246/246 247/247/247 
f 246/246/246 246/246/246 247/247/247 
f 247/247/247 246/246/246 248/248/248 
f 246/246/246 246/246/246 248/248/248 
f 248/248/248 246/246/246 249/249/249 
f 246/246/246 250/250/250 249/249/249 
f 249/249/249 250/250/250 251/251/251 
f 250/250/250 251/251/251 251/251/251 
f 251/251/251 251/251/251 252/252/252 
f 251/251/251 252/252/252 252/252/252 
f 252/252/252 252/252/252 253/253/253 
f 252/252/252 250/250/250 253/253/253 
f 253/253/253 250/250/250 253/253/253 
f 250/250/250 246/246/246 253/253/253 
f 253/253/253 246/246/246 254/254/254 
f 246/246/246 255/255/255 254/254/254 
f 254/254/254 255/255/255 256/256/256 
f 255/255/255 256/256/256 256/256/256 
f 256/256/256 256/256/256 255/255/255 
f 256/256/256 255/255/255 255/255/255 
f 255/255/255 255/255/255 257/257/257 
f 255/255/255 246/246/246 257/257/257 
f 257/257/257 246/246/246 258/258/258 
f 246/246/246 238/238/238 258/258/258 
f 258/258/258 238/238/238 259/259/259 
f 238/238/238 238/238/238 259/259/259 
f 259/259/259 238/238/238 260/260/260 
f 238/238/238 238/238/238 260/260/260 
f 260/260/260 238/238/238 261/261/261 
f 238/238/238 238/238/238 261/261/261 
f 261/261/261 238/238/238 262/262/262 
f 238/238/238 263/263/263 262/262/262 
f 262/262/262 263/263/263 264/264/264 
f 263/263/263 263/263/263 264/264/264 
f 264/264/264 263/263/263 265/265/265 
f 263/263/263 263/263/263 265/265/265 
f 265/265/265 263/263/263 266/266/266 
f 263/263/263 263/263/263 266/266/266 
f 266/266/266 263/263/263 267/267/267 
f 263/263/263 268/268/268 267/267/267 
f 267/267/267 268/268/268 269/269/269 
f 268/268/268 270/270/270 269/269/269 
f 269/269/269 270/270/270 271/271/271 
f 270/270/270 270/270/270 271/271/271 
f 271/271/271 270/270/270 272/272/272 
f 270/270/270 254/254/254 272/272/272 
f 272/272/272 254/254/254 256/256/256 
f 254/254/254 256/256/256 256/256/256 
f 256/256/256 256/256/256 268/268/268 
f 256/256/256 268/268/268 268/268/268 
f 268/268/268 268/268/268 273/273/273 
f 268/268/268 263/263/263 273/273/273 
f 273/273/273 263/263/263 274/274/274 
f 263/263/263 263/263/263 274/274/274 
f 274/274/274 263/263/263 275/275/275 
f 263/263/263 263/263/263 275/275/275 
f 275/275/275 263/263/263 276/276/276 
f 263/263/263 263/263/263 276/276/276 
f 276/276/276 263/263/263 277/277/277 
f 263/263/263 233/233/233 277/277/277 
f 277/277/277 233/233/233 278/278/278 
f 233/233/233 233/233/233 278/278/278 
f 278/278/278 233/233/233 279/279/279 
f 233/233/233 233/233/233 279/279/279 
f 279/279/279 233/233/233 280/280/280 
f 233/233/233 233/233/233 280/280/280 
f 280/280/280 233/233/233 281/281/281 
f 233/233/233 230/230/230 281/281/281 
f 281/281/281 230/230/230 282/282/282 
f 230/230/230 230/230/230 282/282/282 
f 282/282/282 230/230/230 283/283/283 
f 230/230/230 230/230/230 283/283/283 
f 283/283/283 230/230/230 284/284/284 
f 230/230/230 285/285/285 284/284/284 
f 284/284/284 285/285/285 286/286/286 
f 285/285/285 285/285/285 286/286/286 
f 286/286/286 285/285/285 287/287/287 
f 285/285/285 273/273/273 287/287/287 
f 287/287/287 273/273/273 288/288/288 
f 273/273/273 273/273/273 288/288/288 
f 288/288/288 273/273/273 289/289/289 
f 273/273/273 274/274/274 289/289/289 
f 289/289/289 274/274/274 274/274/274 
f 274/274/274 233/233/233 274/274/274 
f 274/274/274 233/233/233 233/233/233 
f 233/233/233 263/263/263 233/233/233 
f 233/233/233 263/263/263 238/238/238 
f 263/263/263 238/238/238 238/238/238 
f 238/238/238 238/238/238 285/285/285 
f 238/238/238 285/285/285 285/285/285 
f 285/285/285 285/285/285 290/290/290 
f 285/285/285 230/230/230 290/290/290 
f 290/290/290 230/230/230 291/291/291 
f 230/230/230 292/292/292 291/291/291 
f 291/291/291 292/292/292 291/291/291 
f 292/292/292 293/293/293 291/291/291 
f 291/291/291 293/293/293 291/291/291 
f 293/293/293 294/294/294 291/291/291 
f 291/291/291 294/294/294 295/295/295 
f 294/294/294 296/296/296 295/295/295 
f 295/295/295 296/296/296 295/295/295 
f 296/296/296 297/297/297 295/295/295 
f 295/295/295 297/297/297 298/298/298 
f 297/297/297 299/299/299 298/298/298 
f 298/298/298 299/299/299 298/298/298 
f 299/299/299 300/300/300 298/298/298 
f 298/298/298 300/300/300 298/298/298 
f 300/300/300 301/301/301 298/298/298 
f 298/298/298 301/301/301 298/298/298 
f 301/301/301 302/302/302 298/298/298 
f 298/298/298 302/302/302 228/228/228 
f 302/302/302 303/303/303 228/228/228 
f 228/228/228 303/303/303 228/228/228 
f 303/303/303 304/304/304 228/228/228 
f 228/228/228 304/304/304 228/228/228 
f 304/304/304 305/305/305 228/228/228 
f 228/228/228 305/305/305 228/228/228 
f 305/305/305 306/306/306 228/228/228 
f 228/228/228 306/306/306 230/230/230 
f 306/306/306 307/307/307 230/230/230 
f 230/230/230 307/307/307 230/230/230 
f 307/307/307 308/308/308 230/230/230 
f 230/230/230 308/308/308 292/292/292 
f 308/308/308 292/292/292 292/292/292 
f 292/292/292 292/292/292 228/228/228 
f 292/292/292 228/228/228 228/228/228 
f 228/228/228 228/228/228 298/298/298 
f 228/228/228 220/220/220 298/298/298 
f 298/298/298 220/220/220 298/298/298 
f 220/220/220 309/309/309 298/298/298 
f 298/298/298 309/309/309 298/298/298 
f 309/309/309 310/310/310 298/298/298 
f 298/298/298 310/310/310 298/298/298 
f 310/310/310 311/311/311 298/298/298 
f 298/298/298 311/311/311 298/298/298 
f 311/311/311 312/312/312 298/298/298 
f 298/298/298 312/312/312 298/298/298 
f 312/312/312 313/313/313 298/298/298 
f 298/298/298 313/313/313 314/314/314 
f 313/313/313 313/313/313 314/314/314 
f 314/314/314 313/313/313 315/315/315 
f 313/313/313 316/316/316 315/315/315 
f 315/315/315 316/316/316 315/315/315 
f 316/316/316 317/317/317 315/315/315 
f 315/315/315 317/317/317 315/315/315 
f 317/317/317 318/318/318 315/315/315 
f 315/315/315 318/318/318 319/319/319 
f 318/318/318 320/320/320 319/319/319 
f 319/319/319 320/320/320 319/319/319 
f 320/320/320 321/321/321 319/319/319 
f 319/319/319 321/321/321 319/319/319 
f 321/321/321 322/322/322 319/319/319 
f 319/319/319 322/322/322 319/319/319 
f 322/322/322 323/323/323 319/319/319 
f 319/319/319 323/323/323 220/220/220 
f 323/323/323 324/324/324 220/220/220 
f 220/220/220 324/324/324 220/220/220 
f 324/324/324 325/325/325 220/220/220 
f 220/220/220 325/325/325 220/220/220 
f 325/325/325 326/326/326 220/220/220 
f 220/220/220 326/326/326 309/309/309 
f 326/326/326 309/309/309 309/309/309 
f 309/309/309 309/309/309 295/295/295 
f 309/309/309 295/295/295 295/295/295 
f 295/295/295 295/295/295 314/314/314 
f 295/295/295 298/298/298 314/314/314 
f 314/314/314 298/298/298 298/298/298 
f 298/298/298 220/220/220 298/298/298 
f 298/298/298 220/220/220 220/220/220 
f 220/220/220 223/223/223 220/220/220 
f 220/220/220 223/223/223 319/319/319 
f 223/223/223 327/327/327 319/319/319 
f 319/319/319 327/327/327 319/319/319 
f 327/327/327 328/328/328 319/319/319 
f 319/319/319 328/328/328 329/329/329 
f 328/328/328 330/330/330 329/329/329 
f 329/329/329 330/330/330 329/329/329 
f 330/330/330 331/331/331 329/329/329 
f 329/329/329 331/331/331 332/332/332 
f 331/331/331 333/333/333 332/332/332 
f 332/332/332 333/333/333 332/332/332 
f 333/333/333 334/334/334 332/332/332 
f 332/332/332 334/334/334 335/335/335 
f 334/334/334 336/336/336 335/335/335 
f 335/335/335 336/336/336 335/335/335 
f 336/336/336 337/337/337 335/335/335 
f 335/335/335 337/337/337 207/207/207 
f 337/337/337 338/338/338 207/207/207 
f 207/207/207 338/338/338 215/215/215 
f 338/338/338 215/215/215 215/215/215 
f 215/215/215 215/215/215 214/214/214 
f 215/215/215 214/214/214 214/214/214 
f 214/214/214 214/214/214 207/207/207 
f 214/214/214 335/335/335 207/207/207 
f 207/207/207 335/335/335 335/335/335 
f 335/335/335 329/329/329 335/335/335 
f 335/335/335 329/329/329 329/329/329 
f 329/329/329 339/339/339 329/329/329 
f 329/329/329 339/339/339 319/319/319 
f 339/339/339 315/315/315 319/319/319 
f 319/319/319 315/315/315 315/315/315 
f 315/315/315 339/339/339 315/315/315 
f 315/315/315 339/339/339 339/339/339 
f 339/339/339 340/340/340 339/339/339 
f 339/339/339 340/340/340 341/341/341 
f 340/340/340 340/340/340 341/341/341 
f 341/341/341 340/340/340 342/342/342 
f 340/340/340 343/343/343 342/342/342 
f 342/342/342 343/343/343 343/343/343 
f 343/343/343 339/339/339 343/343/343 
f 343/343/343 339/339/339 339/339/339 
f 339/339/339 344/344/344 339/339/339 
f 339/339/339 344/344/344 340/340/340 
f 344/344/344 344/344/344 340/340/340 
f 340/340/340 344/344/344 345/345/345 
f 344/344/344 332/332/332 345/345/345 
f 345/345/345 332/332/332 345/345/345 
f 332/332/332 346/346/346 345/345/345 
f 345/345/345 346/346/346 347/347/347 
f 346/346/346 348/348/348 347/347/347 
f 347/347/347 348/348/348 347/347/347 
f 348/348/348 349/349/349 347/347/347 
f 347/347/347 349/349/349 347/347/347 
f 349/349/349 350/350/350 347/347/347 
f 347/347/347 350/350/350 347/347/347 
f 350/350/350 351/351/351 347/347/347 
f 347/347/347 351/351/351 352/352/352 
f 351/351/351 353/353/353 352/352/352 
f 352/352/352 353/353/353 352/352/352 
f 353/353/353 354/354/354 352/352/352 
f 352/352/352 354/354/354 352/352/352 
f 354/354/354 355/355/355 352/352/352 
f 352/352/352 355/355/355 352/352/352 
f 355/355/355 356/356/356 352/352/352 
f 352/352/352 356/356/356 352/352/352 
f 356/356/356 357/357/357 352/352/352 
f 352/352/352 357/357/357 358/358/358 
f 357/357/357 359/359/359 358/358/358 
f 358/358/358 359/359/359 358/358/358 
f 359/359/359 360/360/360 358/358/358 
f 358/358/358 360/360/360 358/358/358 
f 360/360/360 361/361/361 358/358/358 
f 358/358/358 361/361/361 358/358/358 
f 361/361/361 362/362/362 358/358/358 
f 358/358/358 362/362/362 363/363/363 
f 362/362/362 364/364/364 363/363/363 
f 363/363/363 364/364/364 363/363/363 
f 364/364/364 365/365/365 363/363/363 
f 363/363/363 365/365/365 366/366/366 
f 365/365/365 367/367/367 366/366/366 
f 366/366/366 367/367/367 366/366/366 
f 367/367/367 368/368/368 366/366/366 
f 366/366/366 368/368/368 366/366/366 
f 368/368/368 369/369/369 366/366/366 
f 366/366/366 369/369/369 366/366/366 
f 369/369/369 370/370/370 366/366/366 
f 366/366/366 370/370/370 371/371/371 
f 370/370/370 372/372/372 371/371/371 
f 371/371/371 372/372/372 371/371/371 
f 372/372/372 373/373/373 371/371/371 
f 371/371/371 373/373/373 371/371/371 
f 373/373/373 374/374/374 371/371/371 
f 371/371/371 374/374/374 371/371/371 
f 374/374/374 375/375/375 371/371/371 
f 371/371/371 375/375/375 371/371/371 
f 375/375/375 376/376/376 371/371/371 
f 371/371/371 376/376/376 377/377/377 
f 376/376/376 378/378/378 377/377/377 
f 377/377/377 378/378/378 377/377/377 
f 378/378/378 379/379/379 377/377/377 
f 377/377/377 379/379/379 377/377/377 
f 379/379/379 380/380/380 377/377/377 
f 377/377/377 380/380/380 381/381/381 
f 380/380/380 382/382/382 381/381/381 
f 381/381/381 382/382/382 382/382/382 
f 382/382/382 381/381/381 382/382/382 
f 382/382/382 381/381/381 381/381/381 
f 381/381/381 383/383/383 381/381/381 
f 381/381/381 383/383/383 377/377/377 
f 383/383/383 384/384/384 377/377/377 
f 377/377/377 384/384/384 371/371/371 
f 384/384/384 385/385/385 371/371/371 
f 371/371/371 385/385/385 366/366/366 
f 385/385/385 386/386/386 366/366/366 
f 366/366/366 386/386/386 363/363/363 
f 386/386/386 387/387/387 363/363/363 
f 363/363/363 387/387/387 358/358/358 
f 387/387/387 388/388/388 358/358/358 
f 358/358/358 388/388/388 352/352/352 
f 388/388/388 389/389/389 352/352/352 
f 352/352/352 389/389/389 347/347/347 
f 389/389/389 390/390/390 347/347/347 
f 347/347/347 390/390/390 345/345/345 
f 390/390/390 391/391/391 345/345/345 
f 345/345/345 391/391/391 340/340/340 
f 391/391/391 392/392/392 340/340/340 
f 340/340/340 392/392/392 340/340/340 
f 392/392/392 393/393/393 340/340/340 
f 340/340/340 393/393/393 343/343/343 
f 393/393/393 393/393/393 343/343/343 
f 343/343/343 393/393/393 394/394/394 
f 393/393/393 393/393/393 394/394/394 
f 394/394/394 393/393/393 290/290/290 
f 393/393/393 393/393/393 290/290/290 
f 290/290/290 393/393/393 395/395/395 
f 393/393/393 393/393/393 395/395/395 
f 395/395/395 393/393/393 396/396/396 
f 393/393/393 397/397/397 396/396/396 
f 396/396/396 397/397/397 398/398/398 
f 397/397/397 397/397/397 398/398/398 
f 398/398/398 397/397/397 270/270/270 
f 397/397/397 397/397/397 270/270/270 
f 270/270/270 397/397/397 399/399/399 
f 397/397/397 397/397/397 399/399/399 
f 399/399/399 397/397/397 400/400/400 
f 397/397/397 401/401/401 400/400/400 
f 400/400/400 401/401/401 402/402/402 
f 401/401/401 402/402/402 402/402/402 
f 402/402/402 402/402/402 384/384/384 
f 402/402/402 384/384/384 384/384/384 
f 384/384/384 384/384/384 403/403/403 
f 384/384/384 383/383/383 403/403/403 
f 403/403/403 383/383/383 383/383/383 
f 383/383/383 397/397/397 383/383/383 
f 383/383/383 397/397/397 397/397/397 
f 397/397/397 404/404/404 397/397/397 
f 397/397/397 404/404/404 401/401/401 
f 404/404/404 405/405/405 401/401/401 
f 401/401/401 405/405/405 405/405/405 
f 405/405/405 404/404/404 405/405/405 
f 405/405/405 404/404/404 404/404/404 
f 404/404/404 397/397/397 404/404/404 
f 404/404/404 397/397/397 406/406/406 
f 397/397/397 393/393/393 406/406/406 
f 406/406/406 393/393/393 406/406/406 
f 393/393/393 392/392/392 406/406/406 
f 406/406/406 392/392/392 407/407/407 
f 392/392/392 392/392/392 407/407/407 
f 407/407/407 392/392/392 408/408/408 
f 392/392/392 391/391/391 408/408/408 
f 408/408/408 391/391/391 409/409/409 
f 391/391/391 390/390/390 409/409/409 
f 409/409/409 390/390/390 410/410/410 
f 390/390/390 389/389/389 410/410/410 
f 410/410/410 389/389/389 411/411/411 
f 389/389/389 388/388/388 411/411/411 
f 411/411/411 388/388/388 412/412/412 
f 388/388/388 387/387/387 412/412/412 
f 412/412/412 387/387/387 413/413/413 
f 387/387/387 386/386/386 413/413/413 
f 413/413/413 386/386/386 414/414/414 
f 386/386/386 385/385/385 414/414/414 
f 414/414/414 385/385/385 415/415/415 
f 385/385/385 384/384/384 415/415/415 
f 415/415/415 384/384/384 415/415/415 
f 384/384/384 403/403/403 415/415/415 
f 415/415/415 403/403/403 415/415/415 
f 403/403/403 416/416/416 415/415/415 
f 415/415/415 416/416/416 415/415/415 
f 416/416/416 417/417/417 415/415/415 
f 415/415/415 417/417/417 414/414/414 
f 417/417/417 418/418/418 414/414/414 
f 414/414/414 418/418/418 413/413/413 
f 418/418/418 419/419/419 413/413/413 
f 413/413/413 419/419/419 412/412/412 
f 419/419/419 420/420/420 412/412/412 
f 412/412/412 420/420/420 411/411/411 
f 420/420/420 421/421/421 411/411/411 
f 411/411/411 421/421/421 410/410/410 
f 421/421/421 422/422/422 410/410/410 
f 410/410/410 422/422/422 409/409/409 
f 422/422/422 423/423/423 409/409/409 
f 409/409/409 423/423/423 408/408/408 
f 423/423/423 424/424/424 408/408/408 
f 408/408/408 424/424/424 407/407/407 
f 424/424/424 407/407/407 407/407/407 
f 407/407/407 407/407/407 425/425/425 
f 407/407/407 425/425/425 425/425/425 
f 425/425/425 425/425/425 423/423/423 
f 425/425/425 426/426/426 423/423/423 
f 423/423/423 426/426/426 424/424/424 
f 426/426/426 424/424/424 424/424/424 
f 424/424/424 424/424/424 425/425/425 
f 424/424/424 425/425/425 425/425/425 
f 425/425/425 425/425/425 427/427/427 
f 425/425/425 423/423/423 427/427/427 
f 427/427/427 423/423/423 427/427/427 
f 423/423/423 422/422/422 427/427/427 
f 427/427/427 422/422/422 428/428/428 
f 422/422/422 422/422/422 428/428/428 
f 428/428/428 422/422/422 429/429/429 
f 422/422/422 421/421/421 429/429/429 
f 429/429/429 421/421/421 430/430/430 
f 421/421/421 421/421/421 430/430/430 
f 430/430/430 421/421/421 431/431/431 
f 421/421/421 420/420/420 431/431/431 
f 431/431/431 420/420/420 432/432/432 
f 420/420/420 420/420/420 432/432/432 
f 432/432/432 420/420/420 433/433/433 
f 420/420/420 419/419/419 433/433/433 
f 433/433/433 419/419/419 434/434/434 
f 419/419/419 419/419/419 434/434/434 
f 434/434/434 419/419/419 435/435/435 
f 419/419/419 418/418/418 435/435/435 
f 435/435/435 418/418/418 436/436/436 
f 418/418/418 418/418/418 436/436/436 
f 436/436/436 418/418/418 437/437/437 
f 418/418/418 417/417/417 437/437/437 
f 437/437/437 417/417/417 438/438/438 
f 417/417/417 417/417/417 438/438/438 
f 438/438/438 417/417/417 439/439/439 
f 417/417/417 440/440/440 439/439/439 
f 439/439/439 440/440/440 441/441/441 
f 440/440/440 442/442/442 441/441/441 
f 441/441/441 442/442/442 442/442/442 
f 442/442/442 443/443/443 442/442/442 
f 442/442/442 443/443/443 443/443/443 
f 443/443/443 444/444/444 443/443/443 
f 443/443/443 444/444/444 445/445/445 
f 444/444/444 446/446/446 445/445/445 
f 445/445/445 446/446/446 447/447/447 
f 446/446/446 446/446/446 447/447/447 
f 447/447/447 446/446/446 448/448/448 
f 446/446/446 446/446/446 448/448/448 
f 448/448/448 446/446/446 137/137/137 
f 446/446/446 446/446/446 137/137/137 
f 137/137/137 446/446/446 113/113/113 
f 446/446/446 446/446/446 113/113/113 
f 113/113/113 446/446/446 449/449/449 
f 446/446/446 446/446/446 449/449/449 
f 449/449/449 446/446/446 450/450/450 
f 446/446/446 446/446/446 450/450/450 
f 450/450/450 446/446/446 451/451/451 
f 446/446/446 446/446/446 451/451/451 
f 451/451/451 446/446/446 452/452/452 
f 446/446/446 446/446/446 452/452/452 
f 452/452/452 446/446/446 453/453/453 
f 446/446/446 454/454/454 453/453/453 
f 453/453/453 454/454/454 455/455/455 
f 454/454/454 454/454/454 455/455/455 
f 455/455/455 454/454/454 456/456/456 
f 454/454/454 457/457/457 456/456/456 
f 456/456/456 457/457/457 458/458/458 
f 457/457/457 459/459/459 458/458/458 
f 458/458/458 459/459/459 460/460/460 
f 459/459/459 459/459/459 460/460/460 
f 460/460/460 459/459/459 461/461/461 
f 459/459/459 459/459/459 461/461/461 
f 461/461/461 459/459/459 462/462/462 
f 459/459/459 459/459/459 462/462/462 
f 462/462/462 459/459/459 463/463/463 
f 459/459/459 113/113/113 463/463/463 
f 463/463/463 113/113/113 464/464/464 
f 113/113/113 113/113/113 464/464/464 
f 464/464/464 113/113/113 465/465/465 
f 113/113/113 113/113/113 465/465/465 
f 465/465/465 113/113/113 466/466/466 
f 113/113/113 449/449/449 466/466/466 
f 466/466/466 449/449/449 449/449/449 
f 449/449/449 113/113/113 449/449/449 
f 449/449/449 113/113/113 113/113/113 
f 113/113/113 459/459/459 113/113/113 
f 113/113/113 459/459/459 118/118/118 
f 459/459/459 467/467/467 118/118/118 
f 118/118/118 467/467/467 118/118/118 
f 467/467/467 468/468/468 118/118/118 
f 118/118/118 468/468/468 118/118/118 
f 468/468/468 469/469/469 118/118/118 
f 118/118/118 469/469/469 118/118/118 
f 469/469/469 470/470/470 118/118/118 
f 118/118/118 470/470/470 120/120/120 
f 470/470/470 471/471/471 120/120/120 
f 120/120/120 471/471/471 120/120/120 
f 471/471/471 472/472/472 120/120/120 
f 120/120/120 472/472/472 120/120/120 
f 472/472/472 473/473/473 120/120/120 
f 120/120/120 473/473/473 120/120/120 
f 473/473/473 474/474/474 120/120/120 
f 120/120/120 474/474/474 475/475/475 
f 474/474/474 476/476/476 475/475/475 
f 475/475/475 476/476/476 477/477/477 
f 476/476/476 478/478/478 477/477/477 
f 477/477/477 478/478/478 477/477/477 
f 478/478/478 479/479/479 477/477/477 
f 477/477/477 479/479/479 477/477/477 
f 479/479/479 480/480/480 477/477/477 
f 477/477/477 480/480/480 459/459/459 
f 480/480/480 481/481/481 459/459/459 
f 459/459/459 481/481/481 459/459/459 
f 481/481/481 482/482/482 459/459/459 
f 459/459/459 482/482/482 459/459/459 
f 482/482/482 483/483/483 459/459/459 
f 459/459/459 483/483/483 467/467/467 
f 483/483/483 467/467/467 467/467/467 
f 467/467/467 467/467/467 477/477/477 
f 467/467/467 477/477/477 477/477/477 
f 477/477/477 477/477/477 457/457/457 
f 477/477/477 459/459/459 457/457/457 
f 457/457/457 459/459/459 459/459/459 
f 459/459/459 475/475/475 459/459/459 
f 459/459/459 475/475/475 475/475/475 
f 475/475/475 484/484/484 475/475/475 
f 475/475/475 484/484/484 120/120/120 
f 484/484/484 485/485/485 120/120/120 
f 120/120/120 485/485/485 120/120/120 
f 485/485/485 486/486/486 120/120/120 
f 120/120/120 486/486/486 120/120/120 
f 486/486/486 487/487/487 120/120/120 
f 120/120/120 487/487/487 120/120/120 
f 487/487/487 488/488/488 120/120/120 
f 120/120/120 488/488/488 120/120/120 
f 488/488/488 489/489/489 120/120/120 
f 120/120/120 489/489/489 120/120/120 
f 489/489/489 490/490/490 120/120/120 
f 120/120/120 490/490/490 122/122/122 
f 490/490/490 491/491/491 122/122/122 
f 122/122/122 491/491/491 122/122/122 
f 491/491/491 492/492/492 122/122/122 
f 122/122/122 492/492/492 122/122/122 
f 492/492/492 493/493/493 122/122/122 
f 122/122/122 493/493/493 494/494/494 
f 493/493/493 495/495/495 494/494/494 
f 494/494/494 495/495/495 494/494/494 
f 495/495/495 496/496/496 494/494/494 
f 494/494/494 496/496/496 494/494/494 
f 496/496/496 497/497/497 494/494/494 
f 494/494/494 497/497/497 494/494/494 
f 497/497/497 498/498/498 494/494/494 
f 494/494/494 498/498/498 499/499/499 
f 498/498/498 500/500/500 499/499/499 
f 499/499/499 500/500/500 499/499/499 
f 500/500/500 501/501/501 499/499/499 
f 499/499/499 501/501/501 499/499/499 
f 501/501/501 502/502/502 499/499/499 
f 499/499/499 502/502/502 485/485/485 
f 502/502/502 486/486/486 485/485/485 
f 485/485/485 486/486/486 486/486/486 
f 486/486/486 499/499/499 486/486/486 
f 486/486/486 499/499/499 499/499/499 
f 499/499/499 503/503/503 499/499/499 
f 499/499/499 503/503/503 494/494/494 
f 503/503/503 503/503/503 494/494/494 
f 494/494/494 503/503/503 504/504/504 
f 503/503/503 505/505/505 504/504/504 
f 504/504/504 505/505/505 506/506/506 
f 505/505/505 507/507/507 506/506/506 
f 506/506/506 507/507/507 508/508/508 
f 507/507/507 507/507/507 508/508/508 
f 508/508/508 507/507/507 509/509/509 
f 507/507/507 507/507/507 509/509/509 
f 509/509/509 507/507/507 510/510/510 
f 507/507/507 511/511/511 510/510/510 
f 510/510/510 511/511/511 512/512/512 
f 511/511/511 511/511/511 512/512/512 
f 512/512/512 511/511/511 513/513/513 
f 511/511/511 511/511/511 513/513/513 
f 513/513/513 511/511/511 514/514/514 
f 511/511/511 515/515/515 514/514/514 
f 514/514/514 515/515/515 516/516/516 
f 515/515/515 515/515/515 516/516/516 
f 516/516/516 515/515/515 517/517/517 
f 515/515/515 515/515/515 517/517/517 
f 517/517/517 515/515/515 518/518/518 
f 515/515/515 126/126/126 518/518/518 
f 518/518/518 126/126/126 519/519/519 
f 126/126/126 126/126/126 519/519/519 
f 519/519/519 126/126/126 520/520/520 
f 126/126/126 494/494/494 520/520/520 
f 520/520/520 494/494/494 521/521/521 
f 494/494/494 494/494/494 521/521/521 
f 521/521/521 494/494/494 522/522/522 
f 494/494/494 494/494/494 522/522/522 
f 522/522/522 494/494/494 523/523/523 
f 494/494/494 504/504/504 523/523/523 
f 523/523/523 504/504/504 524/524/524 
f 504/504/504 504/504/504 524/524/524 
f 524/524/524 504/504/504 525/525/525 
f 504/504/504 506/506/506 525/525/525 
f 525/525/525 506/506/506 506/506/506 
f 506/506/506 511/511/511 506/506/506 
f 506/506/506 511/511/511 511/511/511 
f 511/511/511 507/507/507 511/511/511 
f 511/511/511 507/507/507 526/526/526 
f 507/507/507 526/526/526 526/526/526 
f 526/526/526 526/526/526 122/122/122 
f 526/526/526 122/122/122 122/122/122 
f 122/122/122 122/122/122 126/126/126 
f 122/122/122 494/494/494 126/126/126 
f 126/126/126 494/494/494 494/494/494 
f 494/494/494 140/140/140 494/494/494 
f 494/494/494 140/140/140 140/140/140 
f 140/140/140 128/128/128 140/140/140 
f 140/140/140 128/128/128 527/527/527 
f 128/128/128 528/528/528 527/527/527 
f 527/527/527 528/528/528 529/529/529 
f 528/528/528 528/528/528 529/529/529 
f 529/529/529 528/528/528 530/530/530 
f 528/528/528 528/528/528 530/530/530 
f 530/530/530 528/528/528 531/531/531 
f 528/528/528 532/532/532 531/531/531 
f 531/531/531 532/532/532 533/533/533 
f 532/532/532 532/532/532 533/533/533 
f 533/533/533 532/532/532 534/534/534 
f 532/532/532 532/532/532 534/534/534 
f 534/534/534 532/532/532 535/535/535 
f 532/532/532 536/536/536 535/535/535 
f 535/535/535 536/536/536 537/537/537 
f 536/536/536 536/536/536 537/537/537 
f 537/537/537 536/536/536 538/538/538 
f 536/536/536 536/536/536 538/538/538 
f 538/538/538 536/536/536 147/147/147 
f 536/536/536 148/148/148 147/147/147 
f 147/147/147 148/148/148 148/148/148 
f 148/148/148 128/128/128 148/148/148 
f 148/148/148 128/128/128 128/128/128 
f 128/128/128 126/126/126 128/128/128 
f 128/128/128 126/126/126 528/528/528 
f 126/126/126 515/515/515 528/528/528 
f 528/528/528 515/515/515 515/515/515 
f 515/515/515 536/536/536 515/515/515 
f 515/515/515 536/536/536 536/536/536 
f 536/536/536 532/532/532 536/536/536 
f 536/536/536 532/532/532 539/539/539 
f 532/532/532 532/532/532 539/539/539 
f 539/539/539 532/532/532 540/540/540 
f 532/532/532 541/541/541 540/540/540 
f 540/540/540 541/541/541 542/542/542 
f 541/541/541 542/542/542 542/542/542 
f 542/542/542 542/542/542 541/541/541 
f 542/542/542 541/541/541 541/541/541 
f 541/541/541 541/541/541 543/543/543 
f 541/541/541 532/532/532 543/543/543 
f 543/543/543 532/532/532 544/544/544 
f 532/532/532 528/528/528 544/544/544 
f 544/544/544 528/528/528 545/545/545 
f 528/528/528 528/528/528 545/545/545 
f 545/545/545 528/528/528 546/546/546 
f 528/528/528 528/528/528 546/546/546 
f 546/546/546 528/528/528 547/547/547 
f 528/528/528 528/528/528 547/547/547 
f 547/547/547 528/528/528 548/548/548 
f 528/528/528 515/515/515 548/548/548 
f 548/548/548 515/515/515 549/549/549 
f 515/515/515 515/515/515 549/549/549 
f 549/549/549 515/515/515 550/550/550 
f 515/515/515 515/515/515 550/550/550 
f 550/550/550 515/515/515 551/551/551 
f 515/515/515 511/511/511 551/551/551 
f 551/551/551 511/511/511 552/552/552 
f 511/511/511 511/511/511 552/552/552 
f 552/552/552 511/511/511 553/553/553 
f 511/511/511 554/554/554 553/553/553 
f 553/553/553 554/554/554 555/555/555 
f 554/554/554 554/554/554 555/555/555 
f 555/555/555 554/554/554 556/556/556 
f 554/554/554 557/557/557 556/556/556 
f 556/556/556 557/557/557 558/558/558 
f 557/557/557 557/557/557 558/558/558 
f 558/558/558 557/557/557 559/559/559 
f 557/557/557 540/540/540 559/559/559 
f 559/559/559 540/540/540 542/542/542 
f 540/540/540 542/542/542 542/542/542 
f 542/542/542 542/542/542 526/526/526 
f 542/542/542 526/526/526 526/526/526 
f 526/526/526 526/526/526 511/511/511 
f 526/526/526 554/554/554 511/511/511 
f 511/511/511 554/554/554 554/554/554 
f 554/554/554 404/404/404 554/554/554 
f 554/554/554 404/404/404 404/404/404 
f 404/404/404 560/560/560 404/404/404 
f 404/404/404 560/560/560 405/405/405 
f 560/560/560 561/561/561 405/405/405 
f 405/405/405 561/561/561 561/561/561 
f 561/561/561 560/560/560 561/561/561 
f 561/561/561 560/560/560 560/560/560 
f 560/560/560 404/404/404 560/560/560 
f 560/560/560 404/404/404 562/562/562 
f 404/404/404 406/406/406 562/562/562 
f 562/562/562 406/406/406 562/562/562 
f 406/406/406 407/407/407 562/562/562 
f 562/562/562 407/407/407 563/563/563 
f 407/407/407 424/424/424 563/563/563 
f 563/563/563 424/424/424 424/424/424 
f 424/424/424 564/564/564 424/424/424 
f 424/424/424 564/564/564 564/564/564 
f 564/564/564 565/565/565 564/564/564 
f 564/564/564 565/565/565 566/566/566 
f 565/565/565 567/567/567 566/566/566 
f 566/566/566 567/567/567 568/568/568 
f 567/567/567 567/567/567 568/568/568 
f 568/568/568 567/567/567 569/569/569 
f 567/567/567 570/570/570 569/569/569 
f 569/569/569 570/570/570 571/571/571 
f 570/570/570 570/570/570 571/571/571 
f 571/571/571 570/570/570 572/572/572 
f 570/570/570 563/563/563 572/572/572 
f 572/572/572 563/563/563 573/573/573 
f 563/563/563 563/563/563 573/573/573 
f 573/573/573 563/563/563 574/574/574 
f 563/563/563 424/424/424 574/574/574 
f 574/574/574 424/424/424 575/575/575 
f 424/424/424 424/424/424 575/575/575 
f 575/575/575 424/424/424 576/576/576 
f 424/424/424 424/424/424 576/576/576 
f 576/576/576 424/424/424 577/577/577 
f 424/424/424 426/426/426 577/577/577 
f 577/577/577 426/426/426 426/426/426 
f 426/426/426 563/563/563 426/426/426 
f 426/426/426 563/563/563 563/563/563 
f 563/563/563 570/570/570 563/563/563 
f 563/563/563 570/570/570 562/562/562 
f 570/570/570 570/570/570 562/562/562 
f 562/562/562 570/570/570 560/560/560 
f 570/570/570 567/567/567 560/560/560 
f 560/560/560 567/567/567 561/561/561 
f 567/567/567 565/565/565 561/561/561 
f 561/561/561 565/565/565 565/565/565 
f 565/565/565 578/578/578 565/565/565 
f 565/565/565 578/578/578 578/578/578 
f 578/578/578 579/579/579 578/578/578 
f 578/578/578 579/579/579 580/580/580 
f 579/579/579 581/581/581 580/580/580 
f 580/580/580 581/581/581 582/582/582 
f 581/581/581 581/581/581 582/582/582 
f 582/582/582 581/581/581 583/583/583 
f 581/581/581 581/581/581 583/583/583 
f 583/583/583 581/581/581 584/584/584 
f 581/581/581 585/585/585 584/584/584 
f 584/584/584 585/585/585 586/586/586 
f 585/585/585 585/585/585 586/586/586 
f 586/586/586 585/585/585 587/587/587 
f 585/585/585 585/585/585 587/587/587 
f 587/587/587 585/585/585 588/588/588 
f 585/585/585 589/589/589 588/588/588 
f 588/588/588 589/589/589 590/590/590 
f 589/589/589 590/590/590 590/590/590 
f 590/590/590 590/590/590 579/579/579 
f 590/590/590 579/579/579 579/579/579 
f 579/579/579 579/579/579 581/581/581 
f 579/579/579 591/591/591 581/581/581 
f 581/581/581 591/591/591 581/581/581 
f 591/591/591 592/592/592 581/581/581 
f 581/581/581 592/592/592 593/593/593 
f 592/592/592 594/594/594 593/593/593 
f 593/593/593 594/594/594 595/595/595 
f 594/594/594 595/595/595 595/595/595 
f 595/595/595 595/595/595 596/596/596 
f 595/595/595 596/596/596 596/596/596 
f 596/596/596 596/596/596 597/597/597 
f 596/596/596 589/589/589 597/597/597 
f 597/597/597 589/589/589 597/597/597 
f 589/589/589 585/585/585 597/597/597 
f 597/597/597 585/585/585 598/598/598 
f 585/585/585 599/599/599 598/598/598 
f 598/598/598 599/599/599 598/598/598 
f 599/599/599 600/600/600 598/598/598 
f 598/598/598 600/600/600 598/598/598 
f 600/600/600 601/601/601 598/598/598 
f 598/598/598 601/601/601 602/602/602 
f 601/601/601 603/603/603 602/602/602 
f 602/602/602 603/603/603 602/602/602 
f 603/603/603 604/604/604 602/602/602 
f 602/602/602 604/604/604 605/605/605 
f 604/604/604 606/606/606 605/605/605 
f 605/605/605 606/606/606 607/607/607 
f 606/606/606 608/608/608 607/607/607 
f 607/607/607 608/608/608 607/607/607 
f 608/608/608 609/609/609 607/607/607 
f 607/607/607 609/609/609 607/607/607 
f 609/609/609 610/610/610 607/607/607 
f 607/607/607 610/610/610 607/607/607 
f 610/610/610 611/611/611 607/607/607 
f 607/607/607 611/611/611 581/581/581 
f 611/611/611 612/612/612 581/581/581 
f 581/581/581 612/612/612 581/581/581 
f 612/612/612 613/613/613 581/581/581 
f 581/581/581 613/613/613 581/581/581 
f 613/613/613 614/614/614 581/581/581 
f 581/581/581 614/614/614 581/581/581 
f 614/614/614 615/615/615 581/581/581 
f 581/581/581 615/615/615 585/585/585 
f 615/615/615 616/616/616 585/585/585 
f 585/585/585 616/616/616 599/599/599 
f 616/616/616 599/599/599 599/599/599 
f 599/599/599 599/599/599 605/605/605 
f 599/599/599 605/605/605 605/605/605 
f 605/605/605 605/605/605 617/617/617 
f 605/605/605 607/607/607 617/617/617 
f 617/617/617 607/607/607 617/617/617 
f 607/607/607 618/618/618 617/617/617 
f 617/617/617 618/618/618 617/617/617 
f 618/618/618 619/619/619 617/617/617 
f 617/617/617 619/619/619 617/617/617 
f 619/619/619 620/620/620 617/617/617 
f 617/617/617 620/620/620 617/617/617 
f 620/620/620 621/621/621 617/617/617 
f 617/617/617 621/621/621 622/622/622 
f 621/621/621 623/623/623 622/622/622 
f 622/622/622 623/623/623 624/624/624 
f 623/623/623 625/625/625 624/624/624 
f 624/624/624 625/625/625 624/624/624 
f 625/625/625 626/626/626 624/624/624 
f 624/624/624 626/626/626 624/624/624 
f 626/626/626 627/627/627 624/624/624 
f 624/624/624 627/627/627 624/624/624 
f 627/627/627 628/628/628 624/624/624 
f 624/624/624 628/628/628 629/629/629 
f 628/628/628 630/630/630 629/629/629 
f 629/629/629 630/630/630 629/629/629 
f 630/630/630 631/631/631 629/629/629 
f 629/629/629 631/631/631 629/629/629 
f 631/631/631 632/632/632 629/629/629 
f 629/629/629 632/632/632 607/607/607 
f 632/632/632 633/633/633 607/607/607 
f 607/607/607 633/633/633 607/607/607 
f 633/633/633 634/634/634 607/607/607 
f 607/607/607 634/634/634 607/607/607 
f 634/634/634 635/635/635 607/607/607 
f 607/607/607 635/635/635 618/618/618 
f 635/635/635 618/618/618 618/618/618 
f 618/618/618 618/618/618 636/636/636 
f 618/618/618 636/636/636 636/636/636 
f 636/636/636 636/636/636 624/624/624 
f 636/636/636 622/622/622 624/624/624 
f 624/624/624 622/622/622 622/622/622 
f 622/622/622 581/581/581 622/622/622 
f 622/622/622 581/581/581 581/581/581 
f 581/581/581 593/593/593 581/581/581 
f 581/581/581 593/593/593 607/607/607 
f 593/593/593 593/593/593 607/607/607 
f 607/607/607 593/593/593 629/629/629 
f 593/593/593 595/595/595 629/629/629 
f 629/629/629 595/595/595 629/629/629 
f 595/595/595 637/637/637 629/629/629 
f 629/629/629 637/637/637 624/624/624 
f 637/637/637 638/638/638 624/624/624 
f 624/624/624 638/638/638 624/624/624 
f 638/638/638 639/639/639 624/624/624 
f 624/624/624 639/639/639 640/640/640 
f 639/639/639 641/641/641 640/640/640 
f 640/640/640 641/641/641 642/642/642 
f 641/641/641 643/643/643 642/642/642 
f 642/642/642 643/643/643 642/642/642 
f 643/643/643 644/644/644 642/642/642 
f 642/642/642 644/644/644 645/645/645 
f 644/644/644 646/646/646 645/645/645 
f 645/645/645 646/646/646 646/646/646 
f 646/646/646 645/645/645 646/646/646 
f 646/646/646 645/645/645 645/645/645 
f 645/645/645 647/647/647 645/645/645 
f 645/645/645 647/647/647 642/642/642 
f 647/647/647 647/647/647 642/642/642 
f 642/642/642 647/647/647 640/640/640 
f 647/647/647 648/648/648 640/640/640 
f 640/640/640 648/648/648 640/640/640 
f 648/648/648 649/649/649 640/640/640 
f 640/640/640 649/649/649 640/640/640 
f 649/649/649 650/650/650 640/640/640 
f 640/640/640 650/650/650 640/640/640 
f 650/650/650 651/651/651 640/640/640 
f 640/640/640 651/651/651 624/624/624 
f 651/651/651 652/652/652 624/624/624 
f 624/624/624 652/652/652 624/624/624 
f 652/652/652 653/653/653 624/624/624 
f 624/624/624 653/653/653 624/624/624 
f 653/653/653 654/654/654 624/624/624 
f 624/624/624 654/654/654 624/624/624 
f 654/654/654 655/655/655 624/624/624 
f 624/624/624 655/655/655 656/656/656 
f 655/655/655 657/657/657 656/656/656 
f 656/656/656 657/657/657 658/658/658 
f 657/657/657 659/659/659 658/658/658 
f 658/658/658 659/659/659 658/658/658 
f 659/659/659 660/660/660 658/658/658 
f 658/658/658 660/660/660 658/658/658 
f 660/660/660 661/661/661 658/658/658 
f 658/658/658 661/661/661 647/647/647 
f 661/661/661 662/662/662 647/647/647 
f 647/647/647 662/662/662 647/647/647 
f 662/662/662 663/663/663 647/647/647 
f 647/647/647 663/663/663 647/647/647 
f 663/663/663 664/664/664 647/647/647 
f 647/647/647 664/664/664 648/648/648 
f 664/664/664 648/648/648 648/648/648 
f 648/648/648 648/648/648 624/624/624 
f 648/648/648 624/624/624 624/624/624 
f 624/624/624 624/624/624 636/636/636 
f 624/624/624 656/656/656 636/636/636 
f 636/636/636 656/656/656 656/656/656 
f 656/656/656 658/658/658 656/656/656 
f 656/656/656 658/658/658 658/658/658 
f 658/658/658 647/647/647 658/658/658 
f 658/658/658 647/647/647 665/665/665 
f 647/647/647 666/666/666 665/665/665 
f 665/665/665 666/666/666 667/667/667 
f 666/666/666 668/668/668 667/667/667 
f 667/667/667 668/668/668 669/669/669 
f 668/668/668 668/668/668 669/669/669 
f 669/669/669 668/668/668 670/670/670 
f 668/668/668 671/671/671 670/670/670 
f 670/670/670 671/671/671 672/672/672 
f 671/671/671 672/672/672 672/672/672 
f 672/672/672 672/672/672 673/673/673 
f 672/672/672 673/673/673 673/673/673 
f 673/673/673 673/673/673 668/668/668 
f 673/673/673 674/674/674 668/668/668 
f 668/668/668 674/674/674 671/671/671 
f 674/674/674 671/671/671 671/671/671 
f 671/671/671 671/671/671 673/673/673 
f 671/671/671 673/673/673 673/673/673 
f 673/673/673 673/673/673 675/675/675 
f 673/673/673 668/668/668 675/675/675 
f 675/675/675 668/668/668 676/676/676 
f 668/668/668 666/666/666 676/676/676 
f 676/676/676 666/666/666 677/677/677 
f 666/666/666 666/666/666 677/677/677 
f 677/677/677 666/666/666 678/678/678 
f 666/666/666 666/666/666 678/678/678 
f 678/678/678 666/666/666 679/679/679 
f 666/666/666 647/647/647 679/679/679 
f 679/679/679 647/647/647 680/680/680 
f 647/647/647 647/647/647 680/680/680 
f 680/680/680 647/647/647 681/681/681 
f 647/647/647 647/647/647 681/681/681 
f 681/681/681 647/647/647 682/682/682 
f 647/647/647 645/645/645 682/682/682 
f 682/682/682 645/645/645 683/683/683 
f 645/645/645 645/645/645 683/683/683 
f 683/683/683 645/645/645 684/684/684 
f 645/645/645 685/685/685 684/684/684 
f 684/684/684 685/685/685 686/686/686 
f 685/685/685 685/685/685 686/686/686 
f 686/686/686 685/685/685 687/687/687 
f 685/685/685 685/685/685 687/687/687 
f 687/687/687 685/685/685 688/688/688 
f 685/685/685 671/671/671 688/688/688 
f 688/688/688 671/671/671 689/689/689 
f 671/671/671 671/671/671 689/689/689 
f 689/689/689 671/671/671 690/690/690 
f 671/671/671 674/674/674 690/690/690 
f 690/690/690 674/674/674 674/674/674 
f 674/674/674 691/691/691 674/674/674 
f 674/674/674 691/691/691 691/691/691 
f 691/691/691 671/671/671 691/691/691 
f 691/691/691 671/671/671 692/692/692 
f 671/671/671 685/685/685 692/692/692 
f 692/692/692 685/685/685 685/685/685 
f 685/685/685 691/691/691 685/685/685 
f 685/685/685 691/691/691 691/691/691 
f 691/691/691 693/693/693 691/691/691 
f 691/691/691 693/693/693 671/671/671 
f 693/693/693 693/693/693 671/671/671 
f 671/671/671 693/693/693 672/672/672 
f 693/693/693 694/694/694 672/672/672 
f 672/672/672 694/694/694 672/672/672 
f 694/694/694 695/695/695 672/672/672 
f 672/672/672 695/695/695 696/696/696 
f 695/695/695 697/697/697 696/696/696 
f 696/696/696 697/697/697 696/696/696 
f 697/697/697 698/698/698 696/696/696 
f 696/696/696 698/698/698 699/699/699 
f 698/698/698 700/700/700 699/699/699 
f 699/699/699 700/700/700 699/699/699 
f 700/700/700 701/701/701 699/699/699 
f 699/699/699 701/701/701 702/702/702 
f 701/701/701 703/703/703 702/702/702 
f 702/702/702 703/703/703 704/704/704 
f 703/703/703 704/704/704 704/704/704 
f 704/704/704 704/704/704 699/699/699 
f 704/704/704 699/699/699 699/699/699 
f 699/699/699 699/699/699 705/705/705 
f 699/699/699 702/702/702 705/705/705 
f 705/705/705 702/702/702 705/705/705 
f 702/702/702 706/706/706 705/705/705 
f 705/705/705 706/706/706 707/707/707 
f 706/706/706 706/706/706 707/707/707 
f 707/707/707 706/706/706 708/708/708 
f 706/706/706 709/709/709 708/708/708 
f 708/708/708 709/709/709 710/710/710 
f 709/709/709 711/711/711 710/710/710 
f 710/710/710 711/711/711 712/712/712 
f 711/711/711 712/712/712 712/712/712 
f 712/712/712 712/712/712 713/713/713 
f 712/712/712 713/713/713 713/713/713 
f 713/713/713 713/713/713 709/709/709 
f 713/713/713 714/714/714 709/709/709 
f 709/709/709 714/714/714 711/711/711 
f 714/714/714 711/711/711 711/711/711 
f 711/711/711 711/711/711 713/713/713 
f 711/711/711 713/713/713 713/713/713 
f 713/713/713 713/713/713 715/715/715 
f 713/713/713 709/709/709 715/715/715 
f 715/715/715 709/709/709 716/716/716 
f 709/709/709 706/706/706 716/716/716 
f 716/716/716 706/706/706 717/717/717 
f 706/706/706 706/706/706 717/717/717 
f 717/717/717 706/706/706 718/718/718 
f 706/706/706 706/706/706 718/718/718 
f 718/718/718 706/706/706 719/719/719 
f 706/706/706 702/702/702 719/719/719 
f 719/719/719 702/702/702 720/720/720 
f 702/702/702 702/702/702 720/720/720 
f 720/720/720 702/702/702 721/721/721 
f 702/702/702 702/702/702 721/721/721 
f 721/721/721 702/702/702 722/722/722 
f 702/702/702 723/723/723 722/722/722 
f 722/722/722 723/723/723 724/724/724 
f 723/723/723 725/725/725 724/724/724 
f 724/724/724 725/725/725 725/725/725 
f 725/725/725 702/702/702 725/725/725 
f 725/725/725 702/702/702 702/702/702 
f 702/702/702 704/704/704 702/702/702 
f 702/702/702 704/704/704 723/723/723 
f 704/704/704 726/726/726 723/723/723 
f 723/723/723 726/726/726 723/723/723 
f 726/726/726 727/727/727 723/723/723 
f 723/723/723 727/727/727 723/723/723 
f 727/727/727 728/728/728 723/723/723 
f 723/723/723 728/728/728 685/685/685 
f 728/728/728 729/729/729 685/685/685 
f 685/685/685 729/729/729 685/685/685 
f 729/729/729 730/730/730 685/685/685 
f 685/685/685 730/730/730 685/685/685 
f 730/730/730 731/731/731 685/685/685 
f 685/685/685 731/731/731 692/692/692 
f 731/731/731 692/692/692 692/692/692 
f 692/692/692 692/692/692 723/723/723 
f 692/692/692 723/723/723 723/723/723 
f 723/723/723 723/723/723 732/732/732 
f 723/723/723 685/685/685 732/732/732 
f 732/732/732 685/685/685 732/732/732 
f 685/685/685 645/645/645 732/732/732 
f 732/732/732 645/645/645 732/732/732 
f 645/645/645 646/646/646 732/732/732 
f 732/732/732 646/646/646 732/732/732 
f 646/646/646 733/733/733 732/732/732 
f 732/732/732 733/733/733 734/734/734 
f 733/733/733 735/735/735 734/734/734 
f 734/734/734 735/735/735 734/734/734 
f 735/735/735 736/736/736 734/734/734 
f 734/734/734 736/736/736 737/737/737 
f 736/736/736 738/738/738 737/737/737 
f 737/737/737 738/738/738 739/739/739 
f 738/738/738 740/740/740 739/739/739 
f 739/739/739 740/740/740 739/739/739 
f 740/740/740 741/741/741 739/739/739 
f 739/739/739 741/741/741 742/742/742 
f 741/741/741 743/743/743 742/742/742 
f 742/742/742 743/743/743 744/744/744 
f 743/743/743 745/745/745 744/744/744 
f 744/744/744 745/745/745 744/744/744 
f 745/745/745 746/746/746 744/744/744 
f 744/744/744 746/746/746 747/747/747 
f 746/746/746 748/748/748 747/747/747 
f 747/747/747 748/748/748 749/749/749 
f 748/748/748 750/750/750 749/749/749 
f 749/749/749 750/750/750 751/751/751 
f 750/750/750 752/752/752 751/751/751 
f 751/751/751 752/752/752 751/751/751 
f 752/752/752 753/753/753 751/751/751 
f 751/751/751 753/753/753 751/751/751 
f 753/753/753 754/754/754 751/751/751 
f 751/751/751 754/754/754 751/751/751 
f 754/754/754 755/755/755 751/751/751 
f 751/751/751 755/755/755 749/749/749 
f 755/755/755 756/756/756 749/749/749 
f 749/749/749 756/756/756 749/749/749 
f 756/756/756 757/757/757 749/749/749 
f 749/749/749 757/757/757 749/749/749 
f 757/757/757 758/758/758 749/749/749 
f 749/749/749 758/758/758 749/749/749 
f 758/758/758 759/759/759 749/749/749 
f 749/749/749 759/759/759 760/760/760 
f 759/759/759 761/761/761 760/760/760 
f 760/760/760 761/761/761 760/760/760 
f 761/761/761 762/762/762 760/760/760 
f 760/760/760 762/762/762 763/763/763 
f 762/762/762 764/764/764 763/763/763 
f 763/763/763 764/764/764 763/763/763 
f 764/764/764 765/765/765 763/763/763 
f 763/763/763 765/765/765 763/763/763 
f 765/765/765 766/766/766 763/763/763 
f 763/763/763 766/766/766 763/763/763 
f 766/766/766 767/767/767 763/763/763 
f 763/763/763 767/767/767 768/768/768 
f 767/767/767 769/769/769 768/768/768 
f 768/768/768 769/769/769 768/768/768 
f 769/769/769 770/770/770 768/768/768 
f 768/768/768 770/770/770 768/768/768 
f 770/770/770 771/771/771 768/768/768 
f 768/768/768 771/771/771 772/772/772 
f 771/771/771 773/773/773 772/772/772 
f 772/772/772 773/773/773 772/772/772 
f 773/773/773 774/774/774 772/772/772 
f 772/772/772 774/774/774 755/755/755 
f 774/774/774 775/775/775 755/755/755 
f 755/755/755 775/775/775 755/755/755 
f 775/775/775 776/776/776 755/755/755 
f 755/755/755 776/776/776 756/756/756 
f 776/776/776 756/756/756 756/756/756 
f 756/756/756 756/756/756 732/732/732 
f 756/756/756 732/732/732 732/732/732 
f 732/732/732 732/732/732 737/737/737 
f 732/732/732 734/734/734 737/737/737 
f 737/737/737 734/734/734 734/734/734 
f 734/734/734 742/742/742 734/734/734 
f 734/734/734 742/742/742 742/742/742 
f 742/742/742 744/744/744 742/742/742 
f 742/742/742 744/744/744 747/747/747 
f 744/744/744 747/747/747 747/747/747 
f 747/747/747 747/747/747 747/747/747 
f 747/747/747 747/747/747 747/747/747 
f 747/747/747 747/747/747 760/760/760 
f 747/747/747 749/749/749 760/760/760 
f 760/760/760 749/749/749 749/749/749 
f 749/749/749 777/777/777 749/749/749 
f 749/749/749 777/777/777 777/777/777 
f 777/777/777 768/768/768 777/777/777 
f 777/777/777 768/768/768 778/778/778 
f 768/768/768 772/772/772 778/778/778 
f 778/778/778 772/772/772 779/779/779 
f 772/772/772 755/755/755 779/779/779 
f 779/779/779 755/755/755 755/755/755 
f 755/755/755 777/777/777 755/755/755 
f 755/755/755 777/777/777 777/777/777 
f 777/777/777 780/780/780 777/777/777 
f 777/777/777 780/780/780 768/768/768 
f 780/780/780 780/780/780 768/768/768 
f 768/768/768 780/780/780 763/763/763 
f 780/780/780 781/781/781 763/763/763 
f 763/763/763 781/781/781 782/782/782 
f 781/781/781 781/781/781 782/782/782 
f 782/782/782 781/781/781 783/783/783 
f 781/781/781 781/781/781 783/783/783 
f 783/783/783 781/781/781 784/784/784 
f 781/781/781 785/785/785 784/784/784 
f 784/784/784 785/785/785 786/786/786 
f 785/785/785 785/785/785 786/786/786 
f 786/786/786 785/785/785 787/787/787 
f 785/785/785 788/788/788 787/787/787 
f 787/787/787 788/788/788 789/789/789 
f 788/788/788 788/788/788 789/789/789 
f 789/789/789 788/788/788 790/790/790 
f 788/788/788 791/791/791 790/790/790 
f 790/790/790 791/791/791 792/792/792 
f 791/791/791 793/793/793 792/792/792 
f 792/792/792 793/793/793 793/793/793 
f 793/793/793 788/788/788 793/793/793 
f 793/793/793 788/788/788 788/788/788 
f 788/788/788 794/794/794 788/788/788 
f 788/788/788 794/794/794 791/791/791 
f 794/794/794 794/794/794 791/791/791 
f 791/791/791 794/794/794 795/795/795 
f 794/794/794 796/796/796 795/795/795 
f 795/795/795 796/796/796 795/795/795 
f 796/796/796 797/797/797 795/795/795 
f 795/795/795 797/797/797 798/798/798 
f 797/797/797 799/799/799 798/798/798 
f 798/798/798 799/799/799 800/800/800 
f 799/799/799 801/801/801 800/800/800 
f 800/800/800 801/801/801 802/802/802 
f 801/801/801 801/801/801 802/802/802 
f 802/802/802 801/801/801 803/803/803 
f 801/801/801 801/801/801 803/803/803 
f 803/803/803 801/801/801 804/804/804 
f 801/801/801 801/801/801 804/804/804 
f 804/804/804 801/801/801 805/805/805 
f 801/801/801 806/806/806 805/805/805 
f 805/805/805 806/806/806 807/807/807 
f 806/806/806 739/739/739 807/807/807 
f 807/807/807 739/739/739 808/808/808 
f 739/739/739 739/739/739 808/808/808 
f 808/808/808 739/739/739 809/809/809 
f 739/739/739 739/739/739 809/809/809 
f 809/809/809 739/739/739 810/810/810 
f 739/739/739 739/739/739 810/810/810 
f 810/810/810 739/739/739 811/811/811 
f 739/739/739 742/742/742 811/811/811 
f 811/811/811 742/742/742 812/812/812 
f 742/742/742 742/742/742 812/812/812 
f 812/812/812 742/742/742 813/813/813 
f 742/742/742 742/742/742 813/813/813 
f 813/813/813 742/742/742 814/814/814 
f 742/742/742 800/800/800 814/814/814 
f 814/814/814 800/800/800 815/815/815 
f 800/800/800 800/800/800 815/815/815 
f 815/815/815 800/800/800 816/816/816 
f 800/800/800 800/800/800 816/816/816 
f 816/816/816 800/800/800 817/817/817 
f 800/800/800 802/802/802 817/817/817 
f 817/817/817 802/802/802 802/802/802 
f 802/802/802 739/739/739 802/802/802 
f 802/802/802 739/739/739 739/739/739 
f 739/739/739 806/806/806 739/739/739 
f 739/739/739 806/806/806 818/818/818 
f 806/806/806 818/818/818 818/818/818 
f 818/818/818 818/818/818 742/742/742 
f 818/818/818 742/742/742 742/742/742 
f 742/742/742 742/742/742 800/800/800 
f 742/742/742 747/747/747 800/800/800 
f 800/800/800 747/747/747 819/819/819 
f 747/747/747 820/820/820 819/819/819 
f 819/819/819 820/820/820 820/820/820 
f 820/820/820 819/819/819 820/820/820 
f 820/820/820 819/819/819 819/819/819 
f 819/819/819 821/821/821 819/819/819 
f 819/819/819 821/821/821 800/800/800 
f 821/821/821 822/822/822 800/800/800 
f 800/800/800 822/822/822 800/800/800 
f 822/822/822 823/823/823 800/800/800 
f 800/800/800 823/823/823 798/798/798 
f 823/823/823 824/824/824 798/798/798 
f 798/798/798 824/824/824 798/798/798 
f 824/824/824 825/825/825 798/798/798 
f 798/798/798 825/825/825 795/795/795 
f 825/825/825 826/826/826 795/795/795 
f 795/795/795 826/826/826 795/795/795 
f 826/826/826 827/827/827 795/795/795 
f 795/795/795 827/827/827 795/795/795 
f 827/827/827 828/828/828 795/795/795 
f 795/795/795 828/828/828 795/795/795 
f 828/828/828 829/829/829 795/795/795 
f 795/795/795 829/829/829 791/791/791 
f 829/829/829 830/830/830 791/791/791 
f 791/791/791 830/830/830 791/791/791 
f 830/830/830 831/831/831 791/791/791 
f 791/791/791 831/831/831 791/791/791 
f 831/831/831 832/832/832 791/791/791 
f 791/791/791 832/832/832 833/833/833 
f 832/832/832 834/834/834 833/833/833 
f 833/833/833 834/834/834 834/834/834 
f 834/834/834 791/791/791 834/834/834 
f 834/834/834 791/791/791 791/791/791 
f 791/791/791 833/833/833 791/791/791 
f 791/791/791 833/833/833 793/793/793 
f 833/833/833 833/833/833 793/793/793 
f 793/793/793 833/833/833 835/835/835 
f 833/833/833 833/833/833 835/835/835 
f 835/835/835 833/833/833 836/836/836 
f 833/833/833 833/833/833 836/836/836 
f 836/836/836 833/833/833 837/837/837 
f 833/833/833 833/833/833 837/837/837 
f 837/837/837 833/833/833 838/838/838 
f 833/833/833 760/760/760 838/838/838 
f 838/838/838 760/760/760 839/839/839 
f 760/760/760 760/760/760 839/839/839 
f 839/839/839 760/760/760 840/840/840 
f 760/760/760 760/760/760 840/840/840 
f 840/840/840 760/760/760 841/841/841 
f 760/760/760 763/763/763 841/841/841 
f 841/841/841 763/763/763 842/842/842 
f 763/763/763 782/782/782 842/842/842 
f 842/842/842 782/782/782 782/782/782 
f 782/782/782 760/760/760 782/782/782 
f 782/782/782 760/760/760 760/760/760 
f 760/760/760 833/833/833 760/760/760 
f 760/760/760 833/833/833 747/747/747 
f 833/833/833 843/843/843 747/747/747 
f 747/747/747 843/843/843 747/747/747 
f 843/843/843 844/844/844 747/747/747 
f 747/747/747 844/844/844 820/820/820 
f 844/844/844 820/820/820 820/820/820 
f 820/820/820 820/820/820 834/834/834 
f 820/820/820 834/834/834 834/834/834 
f 834/834/834 834/834/834 833/833/833 
f 834/834/834 843/843/843 833/833/833 
f 833/833/833 843/843/843 843/843/843 
f 843/843/843 845/845/845 843/843/843 
f 843/843/843 845/845/845 845/845/845 
f 845/845/845 846/846/846 845/845/845 
f 845/845/845 846/846/846 737/737/737 
f 846/846/846 711/711/711 737/737/737 
f 737/737/737 711/711/711 732/732/732 
f 711/711/711 732/732/732 732/732/732 
f 732/732/732 732/732/732 845/845/845 
f 732/732/732 845/845/845 845/845/845 
f 845/845/845 845/845/845 847/847/847 
f 845/845/845 737/737/737 847/847/847 
f 847/847/847 737/737/737 848/848/848 
f 737/737/737 739/739/739 848/848/848 
f 848/848/848 739/739/739 849/849/849 
f 739/739/739 739/739/739 849/849/849 
f 849/849/849 739/739/739 850/850/850 
f 739/739/739 739/739/739 850/850/850 
f 850/850/850 739/739/739 851/851/851 
f 739/739/739 739/739/739 851/851/851 
f 851/851/851 739/739/739 852/852/852 
f 739/739/739 853/853/853 852/852/852 
f 852/852/852 853/853/853 854/854/854 
f 853/853/853 712/712/712 854/854/854 
f 854/854/854 712/712/712 855/855/855 
f 712/712/712 712/712/712 855/855/855 
f 855/855/855 712/712/712 856/856/856 
f 712/712/712 712/712/712 856/856/856 
f 856/856/856 712/712/712 857/857/857 
f 712/712/712 711/711/711 857/857/857 
f 857/857/857 711/711/711 858/858/858 
f 711/711/711 711/711/711 858/858/858 
f 858/858/858 711/711/711 859/859/859 
f 711/711/711 711/711/711 859/859/859 
f 859/859/859 711/711/711 860/860/860 
f 711/711/711 846/846/846 860/860/860 
f 860/860/860 846/846/846 846/846/846 
f 846/846/846 818/818/818 846/846/846 
f 846/846/846 818/818/818 818/818/818 
f 818/818/818 853/853/853 818/818/818 
f 818/818/818 853/853/853 739/739/739 
f 853/853/853 739/739/739 739/739/739 
f 739/739/739 739/739/739 714/714/714 
f 739/739/739 714/714/714 714/714/714 
f 714/714/714 714/714/714 711/711/711 
f 714/714/714 861/861/861 711/711/711 
f 711/711/711 861/861/861 711/711/711 
f 861/861/861 862/862/862 711/711/711 
f 711/711/711 862/862/862 711/711/711 
f 862/862/862 863/863/863 711/711/711 
f 711/711/711 863/863/863 732/732/732 
f 863/863/863 864/864/864 732/732/732 
f 732/732/732 864/864/864 732/732/732 
f 864/864/864 865/865/865 732/732/732 
f 732/732/732 865/865/865 723/723/723 
f 865/865/865 725/725/725 723/723/723 
f 723/723/723 725/725/725 725/725/725 
f 725/725/725 866/866/866 725/725/725 
f 725/725/725 866/866/866 866/866/866 
f 866/866/866 867/867/867 866/866/866 
f 866/866/866 867/867/867 868/868/868 
f 867/867/867 867/867/867 868/868/868 
f 868/868/868 867/867/867 869/869/869 
f 867/867/867 867/867/867 869/869/869 
f 869/869/869 867/867/867 870/870/870 
f 867/867/867 867/867/867 870/870/870 
f 870/870/870 867/867/867 871/871/871 
f 867/867/867 872/872/872 871/871/871 
f 871/871/871 872/872/872 871/871/871 
f 872/872/872 873/873/873 871/871/871 
f 871/871/871 873/873/873 871/871/871 
f 873/873/873 874/874/874 871/871/871 
f 871/871/871 874/874/874 875/875/875 
f 874/874/874 876/876/876 875/875/875 
f 875/875/875 876/876/876 876/876/876 
f 876/876/876 872/872/872 876/876/876 
f 876/876/876 872/872/872 872/872/872 
f 872/872/872 867/867/867 872/872/872 
f 872/872/872 867/867/867 866/866/866 
f 867/867/867 866/866/866 866/866/866 
f 866/866/866 866/866/866 875/875/875 
f 866/866/866 875/875/875 875/875/875 
f 875/875/875 875/875/875 871/871/871 
f 875/875/875 877/877/877 871/871/871 
f 871/871/871 877/877/877 871/871/871 
f 877/877/877 878/878/878 871/871/871 
f 871/871/871 878/878/878 871/871/871 
f 878/878/878 879/879/879 871/871/871 
f 871/871/871 879/879/879 880/880/880 
f 879/879/879 881/881/881 880/880/880 
f 880/880/880 881/881/881 880/880/880 
f 881/881/881 882/882/882 880/880/880 
f 880/880/880 882/882/882 880/880/880 
f 882/882/882 883/883/883 880/880/880 
f 880/880/880 883/883/883 884/884/884 
f 883/883/883 885/885/885 884/884/884 
f 884/884/884 885/885/885 885/885/885 
f 885/885/885 886/886/886 885/885/885 
f 885/885/885 886/886/886 886/886/886 
f 886/886/886 887/887/887 886/886/886 
f 886/886/886 887/887/887 884/884/884 
f 887/887/887 887/887/887 884/884/884 
f 884/884/884 887/887/887 880/880/880 
f 887/887/887 888/888/888 880/880/880 
f 880/880/880 888/888/888 889/889/889 
f 888/888/888 888/888/888 889/889/889 
f 889/889/889 888/888/888 890/890/890 
f 888/888/888 888/888/888 890/890/890 
f 890/890/890 888/888/888 891/891/891 
f 888/888/888 892/892/892 891/891/891 
f 891/891/891 892/892/892 893/893/893 
f 892/892/892 894/894/894 893/893/893 
f 893/893/893 894/894/894 895/895/895 
f 894/894/894 870/870/870 895/895/895 
f 895/895/895 870/870/870 896/896/896 
f 870/870/870 870/870/870 896/896/896 
f 896/896/896 870/870/870 897/897/897 
f 870/870/870 870/870/870 897/897/897 
f 897/897/897 870/870/870 898/898/898 
f 870/870/870 870/870/870 898/898/898 
f 898/898/898 870/870/870 899/899/899 
f 870/870/870 871/871/871 899/899/899 
f 899/899/899 871/871/871 900/900/900 
f 871/871/871 871/871/871 900/900/900 
f 900/900/900 871/871/871 901/901/901 
f 871/871/871 871/871/871 901/901/901 
f 901/901/901 871/871/871 902/902/902 
f 871/871/871 871/871/871 902/902/902 
f 902/902/902 871/871/871 903/903/903 
f 871/871/871 880/880/880 903/903/903 
f 903/903/903 880/880/880 904/904/904 
f 880/880/880 880/880/880 904/904/904 
f 904/904/904 880/880/880 905/905/905 
f 880/880/880 889/889/889 905/905/905 
f 905/905/905 889/889/889 889/889/889 
f 889/889/889 894/894/894 889/889/889 
f 889/889/889 894/894/894 894/894/894 
f 894/894/894 906/906/906 894/894/894 
f 894/894/894 906/906/906 870/870/870 
f 906/906/906 906/906/906 870/870/870 
f 870/870/870 906/906/906 907/907/907 
f 906/906/906 906/906/906 907/907/907 
f 907/907/907 906/906/906 908/908/908 
f 906/906/906 906/906/906 908/908/908 
f 908/908/908 906/906/906 909/909/909 
f 906/906/906 906/906/906 909/909/909 
f 909/909/909 906/906/906 910/910/910 
f 906/906/906 911/911/911 910/910/910 
f 910/910/910 911/911/911 912/912/912 
f 911/911/911 913/913/913 912/912/912 
f 912/912/912 913/913/913 914/914/914 
f 913/913/913 913/913/913 914/914/914 
f 914/914/914 913/913/913 915/915/915 
f 913/913/913 913/913/913 915/915/915 
f 915/915/915 913/913/913 916/916/916 
f 913/913/913 913/913/913 916/916/916 
f 916/916/916 913/913/913 917/917/917 
f 913/913/913 869/869/869 917/917/917 
f 917/917/917 869/869/869 918/918/918 
f 869/869/869 869/869/869 918/918/918 
f 918/918/918 869/869/869 919/919/919 
f 869/869/869 869/869/869 919/919/919 
f 919/919/919 869/869/869 920/920/920 
f 869/869/869 869/869/869 920/920/920 
f 920/920/920 869/869/869 921/921/921 
f 869/869/869 870/870/870 921/921/921 
f 921/921/921 870/870/870 922/922/922 
f 870/870/870 870/870/870 922/922/922 
f 922/922/922 870/870/870 923/923/923 
f 870/870/870 907/907/907 923/923/923 
f 923/923/923 907/907/907 907/907/907 
f 907/907/907 913/913/913 907/907/907 
f 907/907/907 913/913/913 913/913/913 
f 913/913/913 911/911/911 913/913/913 
f 913/913/913 911/911/911 924/924/924 
f 911/911/911 924/924/924 924/924/924 
f 924/924/924 924/924/924 868/868/868 
f 924/924/924 868/868/868 868/868/868 
f 868/868/868 868/868/868 925/925/925 
f 868/868/868 869/869/869 925/925/925 
f 925/925/925 869/869/869 925/925/925 
f 869/869/869 913/913/913 925/925/925 
f 925/925/925 913/913/913 926/926/926 
f 913/913/913 913/913/913 926/926/926 
f 926/926/926 913/913/913 927/927/927 
f 913/913/913 754/754/754 927/927/927 
f 927/927/927 754/754/754 753/753/753 
f 754/754/754 753/753/753 753/753/753 
f 753/753/753 753/753/753 928/928/928 
f 753/753/753 928/928/928 928/928/928 
f 928/928/928 928/928/928 913/913/913 
f 928/928/928 929/929/929 913/913/913 
f 913/913/913 929/929/929 754/754/754 
f 929/929/929 930/930/930 754/754/754 
f 754/754/754 930/930/930 754/754/754 
f 930/930/930 931/931/931 754/754/754 
f 754/754/754 931/931/931 754/754/754 
f 931/931/931 932/932/932 754/754/754 
f 754/754/754 932/932/932 754/754/754 
f 932/932/932 933/933/933 754/754/754 
f 754/754/754 933/933/933 755/755/755 
f 933/933/933 934/934/934 755/755/755 
f 755/755/755 934/934/934 755/755/755 
f 934/934/934 935/935/935 755/755/755 
f 755/755/755 935/935/935 755/755/755 
f 935/935/935 936/936/936 755/755/755 
f 755/755/755 936/936/936 755/755/755 
f 936/936/936 937/937/937 755/755/755 
f 755/755/755 937/937/937 938/938/938 
f 937/937/937 939/939/939 938/938/938 
f 938/938/938 939/939/939 938/938/938 
f 939/939/939 940/940/940 938/938/938 
f 938/938/938 940/940/940 938/938/938 
f 940/940/940 941/941/941 938/938/938 
f 938/938/938 941/941/941 942/942/942 
f 941/941/941 943/943/943 942/942/942 
f 942/942/942 943/943/943 913/913/913 
f 943/943/943 944/944/944 913/913/913 
f 913/913/913 944/944/944 928/928/928 
f 944/944/944 928/928/928 928/928/928 
f 928/928/928 928/928/928 755/755/755 
f 928/928/928 755/755/755 755/755/755 
f 755/755/755 755/755/755 779/779/779 
f 755/755/755 938/938/938 779/779/779 
f 779/779/779 938/938/938 938/938/938 
f 938/938/938 924/924/924 938/938/938 
f 938/938/938 924/924/924 924/924/924 
f 924/924/924 942/942/942 924/924/924 
f 924/924/924 942/942/942 913/913/913 
f 942/942/942 913/913/913 913/913/913 
f 913/913/913 913/913/913 945/945/945 
f 913/913/913 945/945/945 945/945/945 
f 945/945/945 945/945/945 946/946/946 
f 945/945/945 947/947/947 946/946/946 
f 946/946/946 947/947/947 946/946/946 
f 947/947/947 948/948/948 946/946/946 
f 946/946/946 948/948/948 949/949/949 
f 948/948/948 950/950/950 949/949/949 
f 949/949/949 950/950/950 949/949/949 
f 950/950/950 951/951/951 949/949/949 
f 949/949/949 951/951/951 952/952/952 
f 951/951/951 926/926/926 952/952/952 
f 952/952/952 926/926/926 952/952/952 
f 926/926/926 953/953/953 952/952/952 
f 952/952/952 953/953/953 954/954/954 
f 953/953/953 753/753/753 954/954/954 
f 954/954/954 753/753/753 954/954/954 
f 753/753/753 955/955/955 954/954/954 
f 954/954/954 955/955/955 956/956/956 
f 955/955/955 957/957/957 956/956/956 
f 956/956/956 957/957/957 956/956/956 
f 957/957/957 748/748/748 956/956/956 
f 956/956/956 748/748/748 956/956/956 
f 748/748/748 958/958/958 956/956/956 
f 956/956/956 958/958/958 956/956/956 
f 958/958/958 959/959/959 956/956/956 
f 956/956/956 959/959/959 960/960/960 
f 959/959/959 743/743/743 960/960/960 
f 960/960/960 743/743/743 960/960/960 
f 743/743/743 961/961/961 960/960/960 
f 960/960/960 961/961/961 962/962/962 
f 961/961/961 963/963/963 962/962/962 
f 962/962/962 963/963/963 962/962/962 
f 963/963/963 964/964/964 962/962/962 
f 962/962/962 964/964/964 965/965/965 
f 964/964/964 966/966/966 965/965/965 
f 965/965/965 966/966/966 965/965/965 
f 966/966/966 967/967/967 965/965/965 
f 965/965/965 967/967/967 968/968/968 
f 967/967/967 969/969/969 968/968/968 
f 968/968/968 969/969/969 968/968/968 
f 969/969/969 970/970/970 968/968/968 
f 968/968/968 970/970/970 968/968/968 
f 970/970/970 971/971/971 968/968/968 
f 968/968/968 971/971/971 968/968/968 
f 971/971/971 972/972/972 968/968/968 
f 968/968/968 972/972/972 973/973/973 
f 972/972/972 974/974/974 973/973/973 
f 973/973/973 974/974/974 973/973/973 
f 974/974/974 975/975/975 973/973/973 
f 973/973/973 975/975/975 976/976/976 
f 975/975/975 977/977/977 976/976/976 
f 976/976/976 977/977/977 976/976/976 
f 977/977/977 978/978/978 976/976/976 
f 976/976/976 978/978/978 979/979/979 
f 978/978/978 980/980/980 979/979/979 
f 979/979/979 980/980/980 979/979/979 
f 980/980/980 981/981/981 979/979/979 
f 979/979/979 981/981/981 982/982/982 
f 981/981/981 983/983/983 982/982/982 
f 982/982/982 983/983/983 984/984/984 
f 983/983/983 984/984/984 984/984/984 
f 984/984/984 984/984/984 982/982/982 
f 984/984/984 982/982/982 982/982/982 
f 982/982/982 982/982/982 979/979/979 
f 982/982/982 985/985/985 979/979/979 
f 979/979/979 985/985/985 986/986/986 
f 985/985/985 987/987/987 986/986/986 
f 986/986/986 987/987/987 987/987/987 
f 987/987/987 979/979/979 987/987/987 
f 987/987/987 979/979/979 979/979/979 
f 979/979/979 986/986/986 979/979/979 
f 979/979/979 986/986/986 976/976/976 
f 986/986/986 988/988/988 976/976/976 
f 976/976/976 988/988/988 973/973/973 
f 988/988/988 989/989/989 973/973/973 
f 973/973/973 989/989/989 968/968/968 
f 989/989/989 990/990/990 968/968/968 
f 968/968/968 990/990/990 965/965/965 
f 990/990/990 991/991/991 965/965/965 
f 965/965/965 991/991/991 962/962/962 
f 991/991/991 992/992/992 962/962/962 
f 962/962/962 992/992/992 960/960/960 
f 992/992/992 993/993/993 960/960/960 
f 960/960/960 993/993/993 956/956/956 
f 993/993/993 994/994/994 956/956/956 
f 956/956/956 994/994/994 954/954/954 
f 994/994/994 995/995/995 954/954/954 
f 954/954/954 995/995/995 952/952/952 
f 995/995/995 996/996/996 952/952/952 
f 952/952/952 996/996/996 949/949/949 
f 996/996/996 997/997/997 949/949/949 
f 949/949/949 997/997/997 946/946/946 
f 997/997/997 997/997/997 946/946/946 
f 946/946/946 997/997/997 998/998/998 
f 997/997/997 999/999/999 998/998/998 
f 998/998/998 999/999/999 1000/1000/1000 
f 999/999/999 1000/1000/1000 1000/1000/1000 
f 1000/1000/1000 1000/1000/1000 999/999/999 
f 1000/1000/1000 999/999/999 999/999/999 
f 999/999/999 999/999/999 1001/1001/1001 
f 999/999/999 997/997/997 1001/1001/1001 
f 1001/1001/1001 997/997/997 1001/1001/1001 
f 997/997/997 996/996/996 1001/1001/1001 
f 1001/1001/1001 996/996/996 1002/1002/1002 
f 996/996/996 995/995/995 1002/1002/1002 
f 1002/1002/1002 995/995/995 1003/1003/1003 
f 995/995/995 994/994/994 1003/1003/1003 
f 1003/1003/1003 994/994/994 1004/1004/1004 
f 994/994/994 993/993/993 1004/1004/1004 
f 1004/1004/1004 993/993/993 1005/1005/1005 
f 993/993/993 992/992/992 1005/1005/1005 
f 1005/1005/1005 992/992/992 1006/1006/1006 
f 992/992/992 991/991/991 1006/1006/1006 
f 1006/1006/1006 991/991/991 1007/1007/1007 
f 991/991/991 990/990/990 1007/1007/1007 
f 1007/1007/1007 990/990/990 1008/1008/1008 
f 990/990/990 989/989/989 1008/1008/1008 
f 1008/1008/1008 989/989/989 1009/1009/1009 
f 989/989/989 988/988/988 1009/1009/1009 
f 1009/1009/1009 988/988/988 1010/1010/1010 
f 988/988/988 986/986/986 1010/1010/1010 
f 1010/1010/1010 986/986/986 1010/1010/1010 
f 986/986/986 987/987/987 1010/1010/1010 
f 1010/1010/1010 987/987/987 1010/1010/1010 
f 987/987/987 1011/1011/1011 1010/1010/1010 
f 1010/1010/1010 1011/1011/1011 1010/1010/1010 
f 1011/1011/1011 1012/1012/1012 1010/1010/1010 
f 1010/1010/1010 1012/1012/1012 1009/1009/1009 
f 1012/1012/1012 1013/1013/1013 1009/1009/1009 
f 1009/1009/1009 1013/1013/1013 1008/1008/1008 
f 1013/1013/1013 1014/1014/1014 1008/1008/1008 
f 1008/1008/1008 1014/1014/1014 1007/1007/1007 
f 1014/1014/1014 1015/1015/1015 1007/1007/1007 
f 1007/1007/1007 1015/1015/1015 1006/1006/1006 
f 1015/1015/1015 1016/1016/1016 1006/1006/1006 
f 1006/1006/1006 1016/1016/1016 1005/1005/1005 
f 1016/1016/1016 1017/1017/1017 1005/1005/1005 
f 1005/1005/1005 1017/1017/1017 1004/1004/1004 
f 1017/1017/1017 1018/1018/1018 1004/1004/1004 
f 1004/1004/1004 1018/1018/1018 1003/1003/1003 
f 1018/1018/1018 1019/1019/1019 1003/1003/1003 
f 1003/1003/1003 1019/1019/1019 1002/1002/1002 
f 1019/1019/1019 1020/1020/1020 1002/1002/1002 
f 1002/1002/1002 1020/1020/1020 1001/1001/1001 
f 1020/1020/1020 1021/1021/1021 1001/1001/1001 
f 1001/1001/1001 1021/1021/1021 999/999/999 
f 1021/1021/1021 1022/1022/1022 999/999/999 
f 999/999/999 1022/1022/1022 1000/1000/1000 
f 1022/1022/1022 1022/1022/1022 1000/1000/1000 
f 1000/1000/1000 1022/1022/1022 1023/1023/1023 
f 1022/1022/1022 1022/1022/1022 1023/1023/1023 
f 1023/1023/1023 1022/1022/1022 1024/1024/1024 
f 1022/1022/1022 1022/1022/1022 1024/1024/1024 
f 1024/1024/1024 1022/1022/1022 1025/1025/1025 
f 1022/1022/1022 1021/1021/1021 1025/1025/1025 
f 1025/1025/1025 1021/1021/1021 1026/1026/1026 
f 1021/1021/1021 1020/1020/1020 1026/1026/1026 
f 1026/1026/1026 1020/1020/1020 1027/1027/1027 
f 1020/1020/1020 1019/1019/1019 1027/1027/1027 
f 1027/1027/1027 1019/1019/1019 1028/1028/1028 
f 1019/1019/1019 1018/1018/1018 1028/1028/1028 
f 1028/1028/1028 1018/1018/1018 1029/1029/1029 
f 1018/1018/1018 1017/1017/1017 1029/1029/1029 
f 1029/1029/1029 1017/1017/1017 1030/1030/1030 
f 1017/1017/1017 1016/1016/1016 1030/1030/1030 
f 1030/1030/1030 1016/1016/1016 1031/1031/1031 
f 1016/1016/1016 1015/1015/1015 1031/1031/1031 
f 1031/1031/1031 1015/1015/1015 1032/1032/1032 
f 1015/1015/1015 1014/1014/1014 1032/1032/1032 
f 1032/1032/1032 1014/1014/1014 1033/1033/1033 
f 1014/1014/1014 1013/1013/1013 1033/1033/1033 
f 1033/1033/1033 1013/1013/1013 1034/1034/1034 
f 1013/1013/1013 1012/1012/1012 1034/1034/1034 
f 1034/1034/1034 1012/1012/1012 1035/1035/1035 
f 1012/1012/1012 1036/1036/1036 1035/1035/1035 
f 1035/1035/1035 1036/1036/1036 1037/1037/1037 

