mtllib model_26.mtl
o model_26
v 0.008729961700737476 1.4498274326324463 -0.5399740934371948 
v 0.008745554834604263 1.448510766029358 -0.5380407571792603 
v 0.008746515028178692 1.4498740434646606 -0.5399082899093628 
v 0.008747953921556473 1.4498776197433472 -0.5399031043052673 
v 0.00878873746842146 1.4499104022979736 -0.5398489832878113 
v 0.008749633096158504 1.4485164880752563 -0.5380384922027588 
v 0.00878873746842146 1.4485783576965332 -0.5380236506462097 
v 0.009020723402500153 1.450020432472229 -0.5396063327789307 
v 0.009020723402500153 1.4488425254821777 -0.5379932522773743 
v 0.009217923507094383 1.4500749111175537 -0.5393452644348145 
v 0.009217923507094383 1.4491080045700073 -0.5380207896232605 
v 0.00938873365521431 1.450068712234497 -0.5390473008155823 
v 0.00938873365521431 1.449389100074768 -0.5381174683570862 
v 0.009495250880718231 1.4499897956848145 -0.5387595891952515 
v 0.009531475603580475 1.4498440027236938 -0.5384985208511353 
v 0.009495250880718231 1.4496405124664307 -0.5382802486419678 
v 0.008729961700737476 1.4484338760375977 -0.5380652546882629 
v 0.008729961700737476 1.4480012655258179 -0.5383279323577881 
v 0.008729961700737476 1.4494459629058838 -0.5403066873550415 
v 0.008729961700737476 1.4488760232925415 -0.540462076663971 
v 0.008729961700737476 1.448298692703247 -0.5403358936309814 
v 0.008729961700737476 1.4478474855422974 -0.5399563312530518 
v 0.008729961700737476 1.447622537612915 -0.5394095182418823 
v 0.008729961700737476 1.4476794004440308 -0.5388216972351074 
v 0.008729961700737476 1.4494459629058838 -0.5403066873550415 
v 0.011839337646961212 1.4494553804397583 -0.5403228402137756 
v 0.008729961700737476 1.4498274326324463 -0.5399740934371948 
v 0.008746515028178692 1.4498740434646606 -0.5399082899093628 
v 0.011422626674175262 1.4494233131408691 -0.5403372645378113 
v 0.010922670364379883 1.44939124584198 -0.5403501391410828 
v 0.010340666398406029 1.4493577480316162 -0.5403608679771423 
v 0.009675657376646996 1.4493250846862793 -0.5403708815574646 
v 0.008729961700737476 1.4488760232925415 -0.540462076663971 
v 0.009675657376646996 1.4488765001296997 -0.5404683947563171 
v 0.009675657376646996 1.448296308517456 -0.5403415560722351 
v 0.008729961700737476 1.448298692703247 -0.5403358936309814 
v 0.009675657376646996 1.4478422403335571 -0.5399597883224487 
v 0.008729961700737476 1.4478474855422974 -0.5399563312530518 
v 0.009675657376646996 1.447617530822754 -0.5394110083580017 
v 0.008729961700737476 1.447622537612915 -0.5394095182418823 
v 0.009675657376646996 1.4476726055145264 -0.5388199090957642 
v 0.008729961700737476 1.4476794004440308 -0.5388216972351074 
v 0.009675657376646996 1.447997808456421 -0.5383228659629822 
v 0.008729961700737476 1.4480012655258179 -0.5383279323577881 
v 0.008729961700737476 1.4484338760375977 -0.5380652546882629 
v 0.009675657376646996 1.4485152959823608 -0.5380328893661499 
v 0.008745554834604263 1.448510766029358 -0.5380407571792603 
v 0.008749633096158504 1.4485164880752563 -0.5380384922027588 
v 0.00878873746842146 1.4485783576965332 -0.5380236506462097 
v 0.009020723402500153 1.4488425254821777 -0.5379932522773743 
v 0.009217923507094383 1.4491080045700073 -0.5380207896232605 
v 0.009675657376646996 1.4491089582443237 -0.5380181074142456 
v 0.00938873365521431 1.449389100074768 -0.5381174683570862 
v 0.009675657376646996 1.4493156671524048 -0.5380828380584717 
v 0.009495250880718231 1.4496405124664307 -0.5382802486419678 
v 0.010369694791734219 1.4493513107299805 -0.5380935668945312 
v 0.010974489152431488 1.4493850469589233 -0.5381044745445251 
v 0.01148764044046402 1.449419379234314 -0.5381182432174683 
v 0.012660522945225239 1.4496452808380127 -0.5382739901542664 
v 0.011909148655831814 1.4494526386260986 -0.5381330251693726 
v 0.012237335555255413 1.4494847059249878 -0.5381489396095276 
v 0.012472439557313919 1.4495165348052979 -0.5381667613983154 
v 0.012566481716930866 1.4495469331741333 -0.5381860136985779 
v 0.012613502331078053 1.4495476484298706 -0.5381852984428406 
v 0.012648767791688442 1.4495625495910645 -0.5381960868835449 
v 0.012657164596021175 1.4495699405670166 -0.5382006764411926 
v 0.012659563682973385 1.4495739936828613 -0.5382034182548523 
v 0.012660522945225239 1.449577808380127 -0.5382065176963806 
v 0.009531475603580475 1.4498440027236938 -0.5384985208511353 
v 0.012660522945225239 1.4498604536056519 -0.538487434387207 
v 0.009495250880718231 1.4499897956848145 -0.5387595891952515 
v 0.012660522945225239 1.4499748945236206 -0.5387657284736633 
v 0.012660522945225239 1.4500889778137207 -0.5390443801879883 
v 0.00938873365521431 1.450068712234497 -0.5390473008155823 
v 0.012660522945225239 1.4500606060028076 -0.5393440127372742 
v 0.009217923507094383 1.4500749111175537 -0.5393452644348145 
v 0.009020723402500153 1.450020432472229 -0.5396063327789307 
v 0.012660522945225239 1.4500319957733154 -0.5396440029144287 
v 0.012660522945225239 1.4498673677444458 -0.5398962497711182 
v 0.00878873746842146 1.4499104022979736 -0.5398489832878113 
v 0.008747953921556473 1.4498776197433472 -0.5399031043052673 
v 0.012660522945225239 1.449702262878418 -0.5401488542556763 
v 0.012198231182992458 1.4494895935058594 -0.5403062701225281 
v 0.012454447336494923 1.4495224952697754 -0.5402876138687134 
v 0.012557845562696457 1.4495539665222168 -0.5402668714523315 
v 0.012647808529436588 1.449569821357727 -0.5402565002441406 
v 0.012659563682973385 1.4495818614959717 -0.5402481555938721 
v 0.012657164596021175 1.4495785236358643 -0.5402513742446899 
v 0.012660522945225239 1.4495859146118164 -0.540245771408081 
v 0.00878010131418705 1.446616291999817 -0.5433986783027649 
v 0.00878010131418705 1.446628451347351 -0.5434154868125916 
v 0.008796654641628265 1.446671962738037 -0.5433627963066101 
v 0.008797374553978443 1.4466832876205444 -0.5433787703514099 
v 0.008796654641628265 1.4466726779937744 -0.5433620810508728 
v 0.008798813447356224 1.4466873407363892 -0.54337477684021 
v 0.00880433153361082 1.4467061758041382 -0.543363094329834 
v 0.00880289264023304 1.446695327758789 -0.5433483719825745 
v 0.008842715993523598 1.4467411041259766 -0.5433391332626343 
v 0.008841277100145817 1.446730613708496 -0.5433239936828613 
v 0.00884199608117342 1.4467309713363647 -0.5433236360549927 
v 0.008842715993523598 1.4467411041259766 -0.5433391332626343 
v 0.0088686253875494 1.4467638731002808 -0.5433219075202942 
v 0.008863827213644981 1.446752905845642 -0.5433107018470764 
v 0.008907729759812355 1.4467761516571045 -0.543313205242157 
v 0.008911808021366596 1.446767807006836 -0.5432994365692139 
v 0.008913247846066952 1.44677734375 -0.5433120727539062 
v 0.008913247846066952 1.4467685222625732 -0.5432987213134766 
v 0.008955470286309719 1.446790099143982 -0.5433030128479004 
v 0.008952351287007332 1.4467817544937134 -0.5432908535003662 
v 0.008978980593383312 1.446790337562561 -0.5433011054992676 
v 0.008978980593383312 1.4467828273773193 -0.5432897806167603 
v 0.008798813447356224 1.4466873407363892 -0.54337477684021 
v 0.008817765861749649 1.44675874710083 -0.5435059666633606 
v 0.008797374553978443 1.4466832876205444 -0.5433787703514099 
v 0.008801932446658611 1.4466938972473145 -0.5435339212417603 
v 0.00878010131418705 1.446628451347351 -0.5434154868125916 
v 0.008803611621260643 1.446698784828186 -0.5435426235198975 
v 0.008820164948701859 1.4467122554779053 -0.5435800552368164 
v 0.008850633166730404 1.4467371702194214 -0.5436503887176514 
v 0.008869345299899578 1.4467971324920654 -0.5436322093009949 
v 0.0088623883202672 1.4467476606369019 -0.543678879737854 
v 0.008917085826396942 1.4467589855194092 -0.5437573790550232 
v 0.008938437327742577 1.4468107223510742 -0.5437455773353577 
v 0.008951631374657154 1.446765422821045 -0.543806791305542 
v 0.008956429548561573 1.4467666149139404 -0.5438123941421509 
v 0.00899481400847435 1.446763515472412 -0.5438526272773743 
v 0.00901736505329609 1.4468034505844116 -0.5438456535339355 
v 0.00907925982028246 1.4467544555664062 -0.5439391732215881 
v 0.00904807262122631 1.4468340873718262 -0.5438291430473328 
v 0.009164664894342422 1.446727991104126 -0.544000506401062 
v 0.00880433153361082 1.4467061758041382 -0.543363094329834 
v 0.008861668407917023 1.4468122720718384 -0.5434738397598267 
v 0.008842715993523598 1.4467411041259766 -0.5433391332626343 
v 0.00892428308725357 1.446845293045044 -0.5434449315071106 
v 0.008910128846764565 1.4468456506729126 -0.543606698513031 
v 0.008965066634118557 1.4468755722045898 -0.5435774922370911 
v 0.008975142613053322 1.446851134300232 -0.54372638463974 
v 0.009019764140248299 1.446877121925354 -0.5436992645263672 
v 0.009014246053993702 1.4468783140182495 -0.5435207486152649 
v 0.009024562314152718 1.4468786716461182 -0.5435490608215332 
v 0.009008968248963356 1.446865439414978 -0.5434876680374146 
v 0.008999371901154518 1.4468412399291992 -0.5434268712997437 
v 0.008955470286309719 1.446790099143982 -0.5433030128479004 
v 0.008978980593383312 1.446790337562561 -0.5433011054992676 
v 0.008913247846066952 1.44677734375 -0.5433120727539062 
v 0.008907729759812355 1.4467761516571045 -0.543313205242157 
v 0.0088686253875494 1.4467638731002808 -0.5433219075202942 
v 0.008842715993523598 1.4467411041259766 -0.5433391332626343 
v 0.009070863015949726 1.4468786716461182 -0.5436691045761108 
v 0.009095813147723675 1.44687819480896 -0.5437371134757996 
v 0.009082619100809097 1.4468570947647095 -0.5438084006309509 
v 0.009098212234675884 1.4468777179718018 -0.5437425971031189 
v 0.009120043367147446 1.446865439414978 -0.543781578540802 
v 0.00918289739638567 1.446828842163086 -0.5438951253890991 
v 0.009204729460179806 1.4467599391937256 -0.5439963340759277 
v 0.00917426124215126 1.4467260837554932 -0.544007420539856 
v 0.009233756922185421 1.446707844734192 -0.5440506339073181 
v 0.009366902522742748 1.4466466903686523 -0.5441155433654785 
v 0.009238315746188164 1.446774959564209 -0.5439630746841431 
v 0.009239994920790195 1.4467737674713135 -0.543964147567749 
v 0.00934579223394394 1.446671724319458 -0.5440961718559265 
v 0.009366902522742748 1.4466466903686523 -0.5441155433654785 
v 0.008801932446658611 1.4466938972473145 -0.5435339212417603 
v 0.008780102245509624 1.4452035427093506 -0.5444307923316956 
v 0.00878010131418705 1.446616291999817 -0.5433986783027649 
v 0.00878010131418705 1.4460774660110474 -0.5426216125488281 
v 0.008796654641628265 1.446671962738037 -0.5433627963066101 
v 0.008791857399046421 1.4461308717727661 -0.5425812005996704 
v 0.008796654641628265 1.4466726779937744 -0.5433620810508728 
v 0.00880289264023304 1.446695327758789 -0.5433483719825745 
v 0.00883815810084343 1.4461899995803833 -0.542538583278656 
v 0.008841277100145817 1.446730613708496 -0.5433239936828613 
v 0.00884199608117342 1.4467309713363647 -0.5433236360549927 
v 0.008863827213644981 1.446752905845642 -0.5433107018470764 
v 0.008910128846764565 1.446228265762329 -0.5425113439559937 
v 0.008911808021366596 1.446767807006836 -0.5432994365692139 
v 0.008913247846066952 1.4467685222625732 -0.5432987213134766 
v 0.008952351287007332 1.4467817544937134 -0.5432908535003662 
v 0.008978980593383312 1.4462379217147827 -0.5425035357475281 
v 0.008978980593383312 1.4467828273773193 -0.5432897806167603 
v 0.01634182594716549 1.4462344646453857 -0.5424985289573669 
v 0.01634182594716549 1.4467828273773193 -0.5432897806167603 
v 0.012664361856877804 1.4468263387680054 -0.5433570742607117 
v 0.01634182594716549 1.446790337562561 -0.5433011054992676 
v 0.008803611621260643 1.446698784828186 -0.5435426235198975 
v 0.016408279538154602 1.446768879890442 -0.5432983636856079 
v 0.01640995964407921 1.4467685222625732 -0.5432987213134766 
v 0.01641067862510681 1.4462238550186157 -0.5425054430961609 
v 0.016434909775853157 1.4467644691467285 -0.5433026552200317 
v 0.016480490565299988 1.446731686592102 -0.5433229207992554 
v 0.01648120954632759 1.4467309713363647 -0.5433236360549927 
v 0.016482649371027946 1.4461865425109863 -0.5425335168838501 
v 0.01649848371744156 1.4467192888259888 -0.5433316230773926 
v 0.016525831073522568 1.446671962738037 -0.5433627963066101 
v 0.016525831073522568 1.446671962738037 -0.5433627963066101 
v 0.01652895100414753 1.446128249168396 -0.5425770282745361 
v 0.016535189002752304 1.4466545581817627 -0.5433729887008667 
v 0.016540706157684326 1.4460740089416504 -0.542616605758667 
v 0.016540706157684326 1.446616291999817 -0.5433986783027649 
v 0.016540706157684326 1.4452035427093506 -0.5444307923316956 
v 0.016540706157684326 1.446628451347351 -0.5434154868125916 
v 0.0165092796087265 1.4466872215270996 -0.5435352921485901 
v 0.016532069072127342 1.4452449083328247 -0.5445254445075989 
v 0.016496803611516953 1.4467099905014038 -0.5435806512832642 
v 0.016490565612912178 1.4452846050262451 -0.5446167588233948 
v 0.01648576743900776 1.4467322826385498 -0.543624758720398 
v 0.016470175236463547 1.4467363357543945 -0.5436494946479797 
v 0.01640036329627037 1.4467556476593018 -0.5437555313110352 
v 0.01636749692261219 1.4467650651931763 -0.5438071489334106 
v 0.016482649371027946 1.4452933073043823 -0.5446352362632751 
v 0.016426272690296173 1.445347785949707 -0.5447609424591064 
v 0.016362939029932022 1.445370078086853 -0.5448117852210999 
v 0.016361258924007416 1.4453705549240112 -0.5448129773139954 
v 0.016358140856027603 1.4467676877975464 -0.5438215136528015 
v 0.016325993463397026 1.446763515472412 -0.5438526272773743 
v 0.016230512410402298 1.4467530250549316 -0.5439473390579224 
v 0.016154462471604347 1.4467253684997559 -0.5439963340759277 
v 0.01622115634381771 1.445420742034912 -0.544926106929779 
v 0.016179652884602547 1.4454257488250732 -0.5449364185333252 
v 0.0161551833152771 1.4454272985458374 -0.5449416637420654 
v 0.01614510640501976 1.4467217922210693 -0.5440015196800232 
v 0.01606450043618679 1.4454377889633179 -0.5449634790420532 
v 0.015986770391464233 1.4466626644134521 -0.5441016554832458 
v 0.015953904017806053 1.4466466903686523 -0.5441155433654785 
v 0.015953904017806053 1.445449709892273 -0.5449889302253723 
v 0.012660523876547813 1.4454840421676636 -0.5450364947319031 
v 0.015953904017806053 1.4453105926513672 -0.5450507402420044 
v 0.012660523876547813 1.4452875852584839 -0.5451222062110901 
v 0.015953904017806053 1.445275902748108 -0.5450660586357117 
v 0.015953904017806053 1.4451634883880615 -0.5450594425201416 
v 0.012660523876547813 1.4450355768203735 -0.5451068878173828 
v 0.015953904017806053 1.4450534582138062 -0.5450522303581238 
v 0.015953904017806053 1.4450181722640991 -0.545030951499939 
v 0.012660523876547813 1.4448485374450684 -0.5449959635734558 
v 0.015953904017806053 1.4448879957199097 -0.5449538826942444 
v 0.012660524807870388 1.4212349653244019 -0.5226284265518188 
v 0.015953905880451202 1.421274185180664 -0.5225867629051208 
v 0.016102885827422142 1.4212899208068848 -0.5225712656974792 
v 0.016067618504166603 1.4448963403701782 -0.5449373126029968 
v 0.01610984280705452 1.4212921857833862 -0.5225691199302673 
v 0.01611463911831379 1.4448994398117065 -0.5449308753013611 
v 0.016156144440174103 1.4213052988052368 -0.5225545167922974 
v 0.016156142577528954 1.444909691810608 -0.5449141263961792 
v 0.016252344474196434 1.4213342666625977 -0.5225245356559753 
v 0.016290728002786636 1.4213556051254272 -0.5225020051002502 
v 0.016368458047509193 1.4213987588882446 -0.5224563479423523 
v 0.016179652884602547 1.4449149370193481 -0.5449055433273315 
v 0.016260260716080666 1.4449338912963867 -0.5448718667030334 
v 0.016366776078939438 1.4449779987335205 -0.5447983145713806 
v 0.016369175165891647 1.4449801445007324 -0.5447945594787598 
v 0.016378533095121384 1.4214043617248535 -0.5224509835243225 
v 0.016431791707873344 1.4214563369750977 -0.5223966836929321 
v 0.016463937237858772 1.445047378540039 -0.5446865558624268 
v 0.016492245718836784 1.4450851678848267 -0.5446242690086365 
v 0.016472574323415756 1.4214955568313599 -0.5223549604415894 
v 0.016499921679496765 1.4450957775115967 -0.5446071624755859 
v 0.01650160364806652 1.4215465784072876 -0.5223017334938049 
v 0.016521034762263298 1.4215819835662842 -0.5222636461257935 
v 0.016521994024515152 1.4215824604034424 -0.5222632884979248 
v 0.016523433849215508 1.4451267719268799 -0.5445548892021179 
v 0.016540708020329475 1.4216865301132202 -0.5221546292304993 
v 0.016540706157684326 1.4438586235046387 -0.5401180386543274 
v 0.016540708020329475 1.418964147567749 -0.5168107748031616 
v 0.016540708020329475 1.4213347434997559 -0.5218399167060852 
v 0.016540708020329475 1.4207454919815063 -0.5213994383811951 
v 0.016540708020329475 1.420111894607544 -0.521024227142334 
v 0.016540708020329475 1.419441819190979 -0.520718514919281 
v 0.016540708020329475 1.4187434911727905 -0.5204877257347107 
v 0.016540708020329475 1.4180234670639038 -0.5203320980072021 
v 0.016540708020329475 1.4189062118530273 -0.5167661905288696 
v 0.016540708020329475 1.4172172546386719 -0.5193251371383667 
v 0.016517916694283485 1.4170811176300049 -0.5192353129386902 
v 0.016502322629094124 1.4170494079589844 -0.5192139148712158 
v 0.01652655377984047 1.41880464553833 -0.5167117118835449 
v 0.016522714868187904 1.4187778234481812 -0.5166975259780884 
v 0.01650160364806652 1.4170482158660889 -0.5192134380340576 
v 0.016500644385814667 1.418721079826355 -0.5166786313056946 
v 0.016492247581481934 1.4187002182006836 -0.5166720151901245 
v 0.016467057168483734 1.416977047920227 -0.5191664695739746 
v 0.01646873727440834 1.4186407327651978 -0.5166524648666382 
v 0.016438748687505722 1.4185951948165894 -0.5166463851928711 
v 0.01637781411409378 1.4168754816055298 -0.5190986394882202 
v 0.01638021320104599 1.418503999710083 -0.5166341662406921 
v 0.016368458047509193 1.4168685674667358 -0.519095242023468 
v 0.016368458047509193 1.4184931516647339 -0.5166363716125488 
v 0.012658124789595604 1.4466779232025146 -0.5441643595695496 
v 0.016540708020329475 1.41719651222229 -0.5193539261817932 
v 0.016540708020329475 1.4175703525543213 -0.520275354385376 
v 0.016540708020329475 1.4175020456314087 -0.5202593803405762 
v 0.016522714868187904 1.4175525903701782 -0.5204193592071533 
v 0.0165085606276989 1.417449951171875 -0.5204454660415649 
v 0.016520315781235695 1.4175513982772827 -0.520423948764801 
v 0.016504721716046333 1.4175466299057007 -0.5204640626907349 
v 0.016464658081531525 1.417535424232483 -0.5205645561218262 
v 0.016416197642683983 1.4174026250839233 -0.520609974861145 
v 0.01643347181379795 1.4175300598144531 -0.5206069946289062 
v 0.01641307957470417 1.417527675628662 -0.5206347107887268 
v 0.016376854851841927 1.4175218343734741 -0.5206825733184814 
v 0.016272736713290215 1.4173662662506104 -0.5207385420799255 
v 0.01629168912768364 1.4175136089324951 -0.5207514762878418 
v 0.01627129688858986 1.4175111055374146 -0.5207673907279968 
v 0.016254743561148643 1.41750967502594 -0.520780622959137 
v 0.01609496958553791 1.4173446893692017 -0.5208152532577515 
v 0.016110561788082123 1.4175026416778564 -0.5208433270454407 
v 0.01610984280705452 1.4175018072128296 -0.520844042301178 
v 0.016094248741865158 1.4175024032592773 -0.5208468437194824 
v 0.015953905880451202 1.4173396825790405 -0.5208336710929871 
v 0.015953905880451202 1.4174998998641968 -0.5208678841590881 
v 0.012660525739192963 1.4171761274337769 -0.520836591720581 
v 0.012660525739192963 1.417492389678955 -0.5209242105484009 
v 0.01634182594716549 1.4460246562957764 -0.5422324538230896 
v 0.008978980593383312 1.4460246562957764 -0.5422324538230896 
v 0.015953905880451202 1.4172025918960571 -0.5207752585411072 
v 0.015953905880451202 1.4170621633529663 -0.5207149386405945 
v 0.01609496958553791 1.4170724153518677 -0.5206981897354126 
v 0.015953905880451202 1.4168245792388916 -0.5205301642417908 
v 0.012660525739192963 1.4167845249176025 -0.5205709934234619 
v 0.015953905880451202 1.4172025918960571 -0.5207752585411072 
v 0.016272736713290215 1.417112946510315 -0.5206298232078552 
v 0.016416197642683983 1.4171801805496216 -0.5205151438713074 
v 0.0165085606276989 1.4172677993774414 -0.5203668475151062 
v 0.016540708020329475 1.4173649549484253 -0.5202009081840515 
v 0.0165085606276989 1.417111873626709 -0.5202457308769226 
v 0.016416197642683983 1.416988492012024 -0.520366370677948 
v 0.016272736713290215 1.4168952703475952 -0.5204610228538513 
v 0.01609496958553791 1.416838526725769 -0.5205164551734924 
v 0.015953905880451202 1.4168245792388916 -0.5205301642417908 
v 0.012660525739192963 1.416521668434143 -0.5201777815818787 
v 0.015953905880451202 1.4166415929794312 -0.5202901363372803 
v 0.015953905880451202 1.4165834188461304 -0.5201510787010193 
v 0.015953905880451202 1.4165252447128296 -0.5200120806694031 
v 0.012660525739192963 1.4164265394210815 -0.5197151303291321 
v 0.015953905880451202 1.4164838790893555 -0.5197147727012634 
v 0.012660525739192963 1.4165122509002686 -0.5192495584487915 
v 0.015953905880451202 1.416483759880066 -0.5197132229804993 
v 0.01609496958553791 1.4165441989898682 -0.5200070738792419 
v 0.01609496958553791 1.4166582822799683 -0.5202805995941162 
v 0.015953905880451202 1.4165834188461304 -0.5201510787010193 
v 0.016272736713290215 1.4167275428771973 -0.5202416181564331 
v 0.016416197642683983 1.4168426990509033 -0.5201745629310608 
v 0.0165085606276989 1.4169915914535522 -0.5200880765914917 
v 0.016540708020329475 1.4172478914260864 -0.5201092958450317 
v 0.016540708020329475 1.4171524047851562 -0.5194223523139954 
v 0.0165219958871603 1.4170763492584229 -0.5192635655403137 
v 0.0165085606276989 1.4169834852218628 -0.5193291306495667 
v 0.016504721716046333 1.417043685913086 -0.5192397832870483 
v 0.01650160364806652 1.417036771774292 -0.519234836101532 
v 0.01646081916987896 1.4169576168060303 -0.5191753506660461 
v 0.016416197642683983 1.416832447052002 -0.519245445728302 
v 0.01641307957470417 1.4169058799743652 -0.5191364288330078 
v 0.016373734921216965 1.4168648719787598 -0.5191055536270142 
v 0.016369177028536797 1.4168624877929688 -0.519104540348053 
v 0.016272736713290215 1.4167165756225586 -0.5191814303398132 
v 0.01627201773226261 1.4167983531951904 -0.5190558433532715 
v 0.01626409962773323 1.416793704032898 -0.5190519094467163 
v 0.01609496958553791 1.4166470766067505 -0.5191429257392883 
v 0.016153745353221893 1.4167523384094238 -0.5190213918685913 
v 0.016116799786686897 1.4167392253875732 -0.5190123319625854 
v 0.016094248741865158 1.4167366027832031 -0.5190097689628601 
v 0.015953905880451202 1.4166303873062134 -0.5191339254379272 
v 0.015954624861478806 1.4167183637619019 -0.5189955234527588 
v 0.01609496958553791 1.4165375232696533 -0.5194190740585327 
v 0.016272736713290215 1.4166154861450195 -0.5194391012191772 
v 0.016416197642683983 1.4167437553405762 -0.519470751285553 
v 0.015953905880451202 1.4165740013122559 -0.5192736387252808 
v 0.015953905880451202 1.4165195226669312 -0.5194146633148193 
v 0.01609496958553791 1.416502594947815 -0.5197133421897888 
v 0.016272736713290215 1.416582703590393 -0.5197127461433411 
v 0.015953905880451202 1.4165740013122559 -0.5192736387252808 
v 0.012660525739192963 1.4166717529296875 -0.5189633965492249 
v 0.015954624861478806 1.4167183637619019 -0.5189955234527588 
v 0.016272736713290215 1.4166209697723389 -0.519986093044281 
v 0.016416197642683983 1.416749358177185 -0.5199517011642456 
v 0.0165085606276989 1.4169151782989502 -0.5199061036109924 
v 0.016540708020329475 1.417157769203186 -0.519991397857666 
v 0.016540708020329475 1.417097806930542 -0.5195602178573608 
v 0.0165085606276989 1.4169111251831055 -0.5195130705833435 
v 0.016540708020329475 1.417080283164978 -0.5197073817253113 
v 0.016540708020329475 1.4171005487442017 -0.5198547840118408 
v 0.0165085606276989 1.4168879985809326 -0.5197096467018127 
v 0.016416197642683983 1.4167152643203735 -0.5197113156318665 
v 0.00878010131418705 1.445343255996704 -0.5416860580444336 
v 0.008791857399046421 1.4453957080841064 -0.5416432023048401 
v 0.00883815810084343 1.4454506635665894 -0.5415962338447571 
v 0.00878010131418705 1.4445496797561646 -0.5408018231391907 
v 0.008780102245509624 1.4438586235046387 -0.5401180386543274 
v 0.008791857399046421 1.4445991516113281 -0.5407550930976868 
v 0.008791857399046421 1.4439051151275635 -0.5400691032409668 
v 0.00883815810084343 1.444650650024414 -0.5407047271728516 
v 0.008810569532215595 1.4439247846603394 -0.5400465130805969 
v 0.00883815810084343 1.4439548254013062 -0.5400153994560242 
v 0.008910128846764565 1.4446851015090942 -0.540672779083252 
v 0.008882060647010803 1.443974256515503 -0.5399947166442871 
v 0.008910128846764565 1.443985939025879 -0.5399816036224365 
v 0.008978980593383312 1.4446935653686523 -0.5406644940376282 
v 0.008978980593383312 1.4439951181411743 -0.5399726033210754 
v 0.01634182780981064 1.4439951181411743 -0.5399726033210754 
v 0.01634182780981064 1.444679856300354 -0.5406491160392761 
v 0.008978980593383312 1.444977879524231 -0.5409809947013855 
v 0.008910128846764565 1.445486307144165 -0.5415664315223694 
v 0.008978980593383312 1.4454959630966187 -0.5415586233139038 
v 0.01634182594716549 1.445487141609192 -0.5415487885475159 
v 0.01634182594716549 1.444977879524231 -0.5409809947013855 
v 0.01641067862510681 1.4446706771850586 -0.5406581163406372 
v 0.016408998519182205 1.4439830780029297 -0.5399860739707947 
v 0.016441145911812782 1.443976879119873 -0.5399922132492065 
v 0.016482649371027946 1.4446371793746948 -0.5406908988952637 
v 0.01647809147834778 1.4439507722854614 -0.5400193333625793 
v 0.01651407591998577 1.4439265727996826 -0.5400446653366089 
v 0.01652895100414753 1.444584846496582 -0.540740430355072 
v 0.016522713005542755 1.4439040422439575 -0.5400701761245728 
v 0.016540706157684326 1.444535732269287 -0.5407867431640625 
v 0.016540706157684326 1.4453355073928833 -0.5416767001152039 
v 0.01652895100414753 1.4453867673873901 -0.5416333675384521 
v 0.016482649371027946 1.445441722869873 -0.5415863990783691 
v 0.01641067862510681 1.445478081703186 -0.5415558218955994 
v 0.016532069072127342 1.4452449083328247 -0.5445254445075989 
v 0.0165092796087265 1.4451897144317627 -0.5446369051933289 
v 0.016490565612912178 1.4452846050262451 -0.5446167588233948 
v 0.016523433849215508 1.4451267719268799 -0.5445548892021179 
v 0.01650615967810154 1.4451371431350708 -0.5446325540542603 
v 0.016499921679496765 1.4450957775115967 -0.5446071624755859 
v 0.016492245718836784 1.4450851678848267 -0.5446242690086365 
v 0.016399644315242767 1.4450781345367432 -0.5448219776153564 
v 0.016463937237858772 1.445047378540039 -0.5446865558624268 
v 0.016369175165891647 1.4449801445007324 -0.5447945594787598 
v 0.016366776078939438 1.4449779987335205 -0.5447983145713806 
v 0.016212519258260727 1.445033073425293 -0.5449724793434143 
v 0.016260260716080666 1.4449338912963867 -0.5448718667030334 
v 0.016179652884602547 1.4449149370193481 -0.5449055433273315 
v 0.016156142577528954 1.444909691810608 -0.5449141263961792 
v 0.016083212569355965 1.4450197219848633 -0.545019268989563 
v 0.01611463911831379 1.4448994398117065 -0.5449308753013611 
v 0.016067618504166603 1.4448963403701782 -0.5449373126029968 
v 0.015953904017806053 1.4450181722640991 -0.545030951499939 
v 0.015953904017806053 1.4450534582138062 -0.5450522303581238 
v 0.016088729724287987 1.445163369178772 -0.5450511574745178 
v 0.015953904017806053 1.4451634883880615 -0.5450594425201416 
v 0.015953904017806053 1.445275902748108 -0.5450660586357117 
v 0.016083212569355965 1.4453104734420776 -0.5450373291969299 
v 0.015953904017806053 1.4453105926513672 -0.5450507402420044 
v 0.01606450043618679 1.4454377889633179 -0.5449634790420532 
v 0.0161551833152771 1.4454272985458374 -0.5449416637420654 
v 0.016212519258260727 1.445302128791809 -0.5449897646903992 
v 0.016179652884602547 1.4454257488250732 -0.5449364185333252 
v 0.01622115634381771 1.445420742034912 -0.544926106929779 
v 0.016361258924007416 1.4453705549240112 -0.5448129773139954 
v 0.016399644315242767 1.4452770948410034 -0.5448352098464966 
v 0.016362939029932022 1.445370078086853 -0.5448117852210999 
v 0.016426272690296173 1.445347785949707 -0.5447609424591064 
v 0.01650615967810154 1.4452425241470337 -0.5446392893791199 
v 0.016482649371027946 1.4452933073043823 -0.5446352362632751 
v 0.016409000381827354 1.4451773166656494 -0.5448364019393921 
v 0.016222596168518066 1.4451669454574585 -0.5450003743171692 
v 0.008797374553978443 1.4452629089355469 -0.5445636510848999 
v 0.008820164948701859 1.4467122554779053 -0.5435800552368164 
v 0.008820884861052036 1.4452871084213257 -0.5446193218231201 
v 0.008850633166730404 1.4467371702194214 -0.5436503887176514 
v 0.0088623883202672 1.4467476606369019 -0.543678879737854 
v 0.008917085826396942 1.4467589855194092 -0.5437573790550232 
v 0.008828561753034592 1.445295810699463 -0.5446377992630005 
v 0.008951631374657154 1.446765422821045 -0.543806791305542 
v 0.008856870234012604 1.4453257322311401 -0.5447030663490295 
v 0.008950192481279373 1.4453768730163574 -0.5448186993598938 
v 0.008951632305979729 1.4453781843185425 -0.5448207855224609 
v 0.008956429548561573 1.4467666149139404 -0.5438123941421509 
v 0.00899481400847435 1.446763515472412 -0.5438526272773743 
v 0.00907925982028246 1.4467544555664062 -0.5439391732215881 
v 0.008954031392931938 1.4453791379928589 -0.5448232293128967 
v 0.009164664894342422 1.446727991104126 -0.544000506401062 
v 0.009060547687113285 1.4454147815704346 -0.5449031591415405 
v 0.00914115458726883 1.445428490638733 -0.5449370741844177 
v 0.009164665825664997 1.4454327821731567 -0.5449480414390564 
v 0.00917426124215126 1.4467260837554932 -0.544007420539856 
v 0.009233756922185421 1.446707844734192 -0.5440506339073181 
v 0.009206168353557587 1.4454402923583984 -0.5449660420417786 
v 0.009366902522742748 1.4466466903686523 -0.5441155433654785 
v 0.009253189899027348 1.4454435110092163 -0.5449730157852173 
v 0.009366903454065323 1.445449709892273 -0.5449889302253723 
v 0.012658124789595604 1.4466779232025146 -0.5441643595695496 
v 0.012660523876547813 1.4454840421676636 -0.5450364947319031 
v 0.009366903454065323 1.4453105926513672 -0.5450507402420044 
v 0.012660523876547813 1.4452875852584839 -0.5451222062110901 
v 0.009366903454065323 1.445275902748108 -0.5450660586357117 
v 0.009366903454065323 1.4451634883880615 -0.5450594425201416 
v 0.012660523876547813 1.4450355768203735 -0.5451068878173828 
v 0.009366903454065323 1.4450534582138062 -0.5450522303581238 
v 0.009366903454065323 1.4450181722640991 -0.545030951499939 
v 0.012660523876547813 1.4448485374450684 -0.5449959635734558 
v 0.009366903454065323 1.4448879957199097 -0.5449538826942444 
v 0.009366904385387897 1.421274185180664 -0.5225867629051208 
v 0.00925630796700716 1.4449025392532349 -0.5449296236038208 
v 0.009210248477756977 1.421291470527649 -0.5225698351860046 
v 0.00917018298059702 1.4449141025543213 -0.5449098348617554 
v 0.00920856837183237 1.421291470527649 -0.5225698351860046 
v 0.009168745018541813 1.4213043451309204 -0.5225571990013123 
v 0.00914115458726883 1.4449187517166138 -0.5449035167694092 
v 0.00906294770538807 1.4213365316390991 -0.5225223302841187 
v 0.00909965205937624 1.4449236392974854 -0.544893741607666 
v 0.009029122069478035 1.421355128288269 -0.5225024223327637 
v 0.00896194763481617 1.444987177848816 -0.5447893142700195 
v 0.008953312411904335 1.4213974475860596 -0.5224593877792358 
v 0.008957869373261929 1.4449894428253174 -0.5447871685028076 
v 0.008894534781575203 1.44501793384552 -0.5447390079498291 
v 0.00883815810084343 1.4450880289077759 -0.5446214079856873 
v 0.008830240927636623 1.4450979232788086 -0.5446049571037292 
v 0.008951633237302303 1.4213985204696655 -0.5224583148956299 
v 0.008888298645615578 1.421455979347229 -0.5223970413208008 
v 0.008855191990733147 1.421486496925354 -0.5223655700683594 
v 0.008821605704724789 1.421546220779419 -0.5223020911216736 
v 0.008788738399744034 1.4451498985290527 -0.544520378112793 
v 0.008800494484603405 1.4215819835662842 -0.5222636461257935 
v 0.008797376416623592 1.4215890169143677 -0.5222567915916443 
v 0.008780103176832199 1.4216865301132202 -0.5221546292304993 
v 0.008780103176832199 1.418964147567749 -0.5168107748031616 
v 0.008780103176832199 1.4213347434997559 -0.5218399167060852 
v 0.008780103176832199 1.4207454919815063 -0.5213994383811951 
v 0.008780103176832199 1.420111894607544 -0.521024227142334 
v 0.008780103176832199 1.419441819190979 -0.520718514919281 
v 0.008780103176832199 1.4187434911727905 -0.5204877257347107 
v 0.008780103176832199 1.4189062118530273 -0.5167661905288696 
v 0.008780103176832199 1.4180234670639038 -0.5203320980072021 
v 0.012660524807870388 1.4212349653244019 -0.5226284265518188 
v 0.008802893571555614 1.4188047647476196 -0.5167184472084045 
v 0.008807451464235783 1.4188343286514282 -0.5166455507278442 
v 0.008798815310001373 1.4189449548721313 -0.5167063474655151 
v 0.008806731551885605 1.4189597368240356 -0.5166816711425781 
v 0.008806731551885605 1.4190326929092407 -0.5167386531829834 
v 0.008799775503575802 1.4190140962600708 -0.5167586207389832 
v 0.008821605704724789 1.4187203645706177 -0.5166793465614319 
v 0.008844397030770779 1.418718934059143 -0.5166063904762268 
v 0.008828563615679741 1.4186899662017822 -0.5166651606559753 
v 0.008902213536202908 1.418606162071228 -0.5165883302688599 
v 0.008885899558663368 1.4185974597930908 -0.516650915145874 
v 0.008975863456726074 1.4185011386871338 -0.5165914297103882 
v 0.008951633237302303 1.4184914827346802 -0.5166346430778503 
v 0.00904567539691925 1.418406367301941 -0.5166536569595337 
v 0.009090296924114227 1.4184167385101318 -0.5165861248970032 
v 0.009009689092636108 1.418517827987671 -0.5165547728538513 
v 0.008940597996115685 1.4186266660690308 -0.5165429711341858 
v 0.008886619471013546 1.4187448024749756 -0.516554057598114 
v 0.008850634098052979 1.4188649654388428 -0.5165885090827942 
v 0.008842717856168747 1.4189788103103638 -0.5166511535644531 
v 0.008843677118420601 1.419058084487915 -0.5167122483253479 
v 0.00883815810084343 1.4439548254013062 -0.5400153994560242 
v 0.008810569532215595 1.4439247846603394 -0.5400465130805969 
v 0.008799775503575802 1.4190140962600708 -0.5167586207389832 
v 0.008791857399046421 1.4439051151275635 -0.5400691032409668 
v 0.008788738399744034 1.4451498985290527 -0.544520378112793 
v 0.00881152879446745 1.4451897144317627 -0.5446369051933289 
v 0.008830240927636623 1.4450979232788086 -0.5446049571037292 
v 0.008797374553978443 1.4452629089355469 -0.5445636510848999 
v 0.008814647793769836 1.4452425241470337 -0.5446392893791199 
v 0.008820884861052036 1.4452871084213257 -0.5446193218231201 
v 0.008828561753034592 1.445295810699463 -0.5446377992630005 
v 0.008921164087951183 1.4452770948410034 -0.5448352098464966 
v 0.008856870234012604 1.4453257322311401 -0.5447030663490295 
v 0.008950192481279373 1.4453768730163574 -0.5448186993598938 
v 0.008951632305979729 1.4453781843185425 -0.5448207855224609 
v 0.008954031392931938 1.4453791379928589 -0.5448232293128967 
v 0.009108288213610649 1.445302128791809 -0.5449897646903992 
v 0.009060547687113285 1.4454147815704346 -0.5449031591415405 
v 0.00914115458726883 1.445428490638733 -0.5449370741844177 
v 0.009164665825664997 1.4454327821731567 -0.5449480414390564 
v 0.009237595833837986 1.4453104734420776 -0.5450373291969299 
v 0.009206168353557587 1.4454402923583984 -0.5449660420417786 
v 0.009253189899027348 1.4454435110092163 -0.5449730157852173 
v 0.009366903454065323 1.4453105926513672 -0.5450507402420044 
v 0.009366903454065323 1.445275902748108 -0.5450660586357117 
v 0.00923207774758339 1.445163369178772 -0.5450511574745178 
v 0.009366903454065323 1.4451634883880615 -0.5450594425201416 
v 0.009366903454065323 1.4450534582138062 -0.5450522303581238 
v 0.009237595833837986 1.4450197219848633 -0.5450193285942078 
v 0.009366903454065323 1.4450181722640991 -0.545030951499939 
v 0.00925630796700716 1.4449025392532349 -0.5449296236038208 
v 0.00917018298059702 1.4449141025543213 -0.5449098348617554 
v 0.009108288213610649 1.445033073425293 -0.5449724793434143 
v 0.00914115458726883 1.4449187517166138 -0.5449035167694092 
v 0.00909965205937624 1.4449236392974854 -0.544893741607666 
v 0.00896194763481617 1.444987177848816 -0.5447893142700195 
v 0.008921164087951183 1.4450781345367432 -0.5448219776153564 
v 0.008957869373261929 1.4449894428253174 -0.5447871685028076 
v 0.008894534781575203 1.44501793384552 -0.5447390079498291 
v 0.008814647793769836 1.4451371431350708 -0.5446325540542603 
v 0.00883815810084343 1.4450880289077759 -0.5446214079856873 
v 0.008911808021366596 1.4451773166656494 -0.5448364615440369 
v 0.009098212234675884 1.4451669454574585 -0.5450003743171692 
v 0.008882060647010803 1.443974256515503 -0.5399947166442871 
v 0.008879662491381168 1.4190829992294312 -0.5166861414909363 
v 0.008910128846764565 1.443985939025879 -0.5399816036224365 
v 0.008907011710107327 1.419087290763855 -0.5166802406311035 
v 0.008978980593383312 1.4439951181411743 -0.5399726033210754 
v 0.008978982456028461 1.4191004037857056 -0.5166656970977783 
v 0.012660524807870388 1.4190534353256226 -0.5166221261024475 
v 0.01634182780981064 1.4439951181411743 -0.5399726033210754 
v 0.01634182780981064 1.4191004037857056 -0.5166656970977783 
v 0.016408998519182205 1.4439830780029297 -0.5399860739707947 
v 0.016413798555731773 1.419087290763855 -0.5166802406311035 
v 0.016441145911812782 1.443976879119873 -0.5399922132492065 
v 0.01644114777445793 1.4190829992294312 -0.5166861414909363 
v 0.01647809147834778 1.4439507722854614 -0.5400193333625793 
v 0.016477132216095924 1.419058084487915 -0.5167122483253479 
v 0.01651407591998577 1.4439265727996826 -0.5400446653366089 
v 0.01651407778263092 1.4190326929092407 -0.5167386531829834 
v 0.016522713005542755 1.4439040422439575 -0.5400701761245728 
v 0.016521034762263298 1.4190140962600708 -0.5167586207389832 
v 0.016521994024515152 1.4189449548721313 -0.5167063474655151 
v 0.016521034762263298 1.4190140962600708 -0.5167586207389832 
v 0.01651407778263092 1.4189597368240356 -0.5166816711425781 
v 0.016478093340992928 1.4189788103103638 -0.5166511535644531 
v 0.01644114777445793 1.4189980030059814 -0.5166206359863281 
v 0.016413798555731773 1.4190030097961426 -0.5166140198707581 
v 0.016413798555731773 1.419087290763855 -0.5166802406311035 
v 0.01634254865348339 1.4190137386322021 -0.5165984630584717 
v 0.016327673569321632 1.4189060926437378 -0.5165568590164185 
v 0.01632671430706978 1.418898344039917 -0.5165541768074036 
v 0.012660524807870388 1.4188565015792847 -0.516498863697052 
v 0.016311120241880417 1.4187871217727661 -0.5165126323699951 
v 0.016273455694317818 1.4186835289001465 -0.5165143013000488 
v 0.01625090464949608 1.4186216592788696 -0.5165157914161682 
v 0.012660524807870388 1.4185752868652344 -0.5164647698402405 
v 0.016230512410402298 1.4185670614242554 -0.5165167450904846 
v 0.0161678995937109 1.4184629917144775 -0.516562819480896 
v 0.016102885827422142 1.4183571338653564 -0.5166106820106506 
v 0.012660524807870388 1.418310284614563 -0.5165635347366333 
v 0.016102885827422142 1.4183567762374878 -0.5166110396385193 
v 0.016086332499980927 1.418330430984497 -0.5166231989860535 
v 0.015953905880451202 1.4181891679763794 -0.516768217086792 
v 0.012660524807870388 1.418147087097168 -0.5167282223701477 
v 0.015954624861478806 1.4167183637619019 -0.5189955234527588 
v 0.012660525739192963 1.4166717529296875 -0.5189633965492249 
v 0.01652655377984047 1.41880464553833 -0.5167117118835449 
v 0.01597597636282444 1.418197751045227 -0.5167564153671265 
v 0.015954624861478806 1.4167183637619019 -0.5189955234527588 
v 0.016103604808449745 1.4167368412017822 -0.5190078020095825 
v 0.016123037785291672 1.418274164199829 -0.5166901350021362 
v 0.016156863421201706 1.418298602104187 -0.5166797637939453 
v 0.01615302450954914 1.4167542457580566 -0.519019603729248 
v 0.016156144440174103 1.4167557954788208 -0.5190197825431824 
v 0.016178695484995842 1.4183154106140137 -0.5166733860969543 
v 0.01625162549316883 1.4167903661727905 -0.5190433263778687 
v 0.016257861629128456 1.418375015258789 -0.5166488885879517 
v 0.016279933974146843 1.4183980226516724 -0.5166466236114502 
v 0.016368458047509193 1.4168685674667358 -0.519095242023468 
v 0.016368458047509193 1.4184931516647339 -0.5166363716125488 
v 0.008780103176832199 1.4172172546386719 -0.5193251371383667 
v 0.008802893571555614 1.4188047647476196 -0.5167184472084045 
v 0.008780823089182377 1.4171910285949707 -0.5193085670471191 
v 0.008821605704724789 1.4187203645706177 -0.5166793465614319 
v 0.00880673248320818 1.4170688390731812 -0.5192270874977112 
v 0.008816808462142944 1.4170494079589844 -0.5192139148712158 
v 0.008818487636744976 1.417047381401062 -0.519212543964386 
v 0.008828563615679741 1.4186899662017822 -0.5166651606559753 
v 0.008863109163939953 1.4169635772705078 -0.5191577672958374 
v 0.008885899558663368 1.4185974597930908 -0.516650915145874 
v 0.008950913324952126 1.416867733001709 -0.5190944075584412 
v 0.008951633237302303 1.4184914827346802 -0.5166346430778503 
v 0.008951633237302303 1.416867733001709 -0.5190944075584412 
v 0.008951633237302303 1.416867733001709 -0.5190944075584412 
v 0.008954032324254513 1.416865587234497 -0.5190930366516113 
v 0.008973704650998116 1.416849970817566 -0.5190829634666443 
v 0.00904567539691925 1.418406367301941 -0.5166536569595337 
v 0.009059109725058079 1.4167953729629517 -0.5190469622612 
v 0.009143555536866188 1.4183162450790405 -0.516674280166626 
v 0.009164666756987572 1.4167550802230835 -0.5190204977989197 
v 0.009163946844637394 1.4182984828948975 -0.5166781544685364 
v 0.009168745018541813 1.418293833732605 -0.5166792869567871 
v 0.009167065843939781 1.4167542457580566 -0.519019603729248 
v 0.009206170216202736 1.4167386293411255 -0.519009530544281 
v 0.009366904385387897 1.4181891679763794 -0.516768217086792 
v 0.00936618447303772 1.4167183637619019 -0.5189955234527588 
v 0.00936618447303772 1.4167183637619019 -0.5189955234527588 
v 0.012660525739192963 1.4166717529296875 -0.5189633965492249 
v 0.012660524807870388 1.418147087097168 -0.5167282223701477 
v 0.009256308898329735 1.4183024168014526 -0.5166438817977905 
v 0.009217925369739532 1.4183562994003296 -0.516609787940979 
v 0.009216485545039177 1.4183573722839355 -0.516608715057373 
v 0.012660524807870388 1.418310284614563 -0.5165635347366333 
v 0.009163226932287216 1.4184318780899048 -0.5165611505508423 
v 0.012660524807870388 1.4185752868652344 -0.5164647698402405 
v 0.009149792604148388 1.4184569120407104 -0.5165535807609558 
v 0.009091016836464405 1.418567180633545 -0.5165182948112488 
v 0.00908333994448185 1.4185818433761597 -0.5165141224861145 
v 0.009067505598068237 1.4186221361160278 -0.516511857509613 
v 0.009044955484569073 1.4186840057373047 -0.5165088176727295 
v 0.012660524807870388 1.4188565015792847 -0.516498863697052 
v 0.00902528315782547 1.4187337160110474 -0.5165058374404907 
v 0.009009689092636108 1.4187982082366943 -0.516518771648407 
v 0.00899001769721508 1.4188802242279053 -0.5165348052978516 
v 0.00898761861026287 1.4189025163650513 -0.5165451169013977 
v 0.00898761861026287 1.4189085960388184 -0.5165476202964783 
v 0.008978262543678284 1.4190137386322021 -0.5165984630584717 
v 0.008907011710107327 1.4190030097961426 -0.5166140198707581 
v 0.008907011710107327 1.419087290763855 -0.5166802406311035 
v 0.008879662491381168 1.4189980030059814 -0.5166206359863281 
v 0.008915647864341736 1.4188920259475708 -0.5165535807609558 
v 0.00898761861026287 1.4189085960388184 -0.5165476202964783 
v 0.00898761861026287 1.4189025163650513 -0.5165451169013977 
v 0.00899001769721508 1.4188802242279053 -0.5165348052978516 
v 0.009009689092636108 1.4187982082366943 -0.516518771648407 
v 0.008944676257669926 1.4187731742858887 -0.5165212154388428 
v 0.00902528315782547 1.4187337160110474 -0.5165058374404907 
v 0.009044955484569073 1.4186840057373047 -0.5165088176727295 
v 0.00899001769721508 1.4186540842056274 -0.5165143609046936 
v 0.009067505598068237 1.4186221361160278 -0.516511857509613 
v 0.00908333994448185 1.4185818433761597 -0.5165141224861145 
v 0.009049513377249241 1.418540120124817 -0.5165296196937561 
v 0.009091016836464405 1.418567180633545 -0.5165182948112488 
v 0.009149792604148388 1.4184569120407104 -0.5165535807609558 
v 0.009163226932287216 1.4184318780899048 -0.5165611505508423 
v 0.009216485545039177 1.4183573722839355 -0.516608715057373 
v 0.0091781010851264 1.4183284044265747 -0.5166336297988892 
v 0.009217925369739532 1.4183562994003296 -0.516609787940979 
v 0.009256308898329735 1.4183024168014526 -0.5166438817977905 
v 0.009366904385387897 1.4181891679763794 -0.516768217086792 
v 0.009366904385387897 1.4181891679763794 -0.516768217086792 
v 0.009168745018541813 1.418293833732605 -0.5166792869567871 
v 0.009163946844637394 1.4182984828948975 -0.5166781544685364 
v 0.009143555536866188 1.4183162450790405 -0.516674280166626 
v 0.01640516333281994 1.4188920259475708 -0.5165535807609558 
v 0.016327673569321632 1.4189060926437378 -0.5165568590164185 
v 0.01632671430706978 1.418898344039917 -0.5165541768074036 
v 0.016376134008169174 1.4187731742858887 -0.5165212154388428 
v 0.016311120241880417 1.4187871217727661 -0.5165126323699951 
v 0.016330793499946594 1.4186540842056274 -0.5165143609046936 
v 0.016273455694317818 1.4186835289001465 -0.5165143013000488 
v 0.01625090464949608 1.4186216592788696 -0.5165157914161682 
v 0.01627129688858986 1.418540120124817 -0.5165296196937561 
v 0.016230512410402298 1.4185670614242554 -0.5165167450904846 
v 0.0161678995937109 1.4184629917144775 -0.516562819480896 
v 0.016230512410402298 1.4184167385101318 -0.5165861248970032 
v 0.016102885827422142 1.4183571338653564 -0.5166106820106506 
v 0.016311120241880417 1.418517827987671 -0.5165547728538513 
v 0.01638021320104599 1.4186266660690308 -0.5165429711341858 
v 0.016434190794825554 1.4187448024749756 -0.516554057598114 
v 0.016470175236463547 1.4188649654388428 -0.5165885090827942 
v 0.016513358801603317 1.4188343286514282 -0.5166455507278442 
v 0.016522714868187904 1.4187778234481812 -0.5166975259780884 
v 0.016500644385814667 1.418721079826355 -0.5166786313056946 
v 0.01647641323506832 1.418718934059143 -0.5166063904762268 
v 0.016492247581481934 1.4187002182006836 -0.5166720151901245 
v 0.01646873727440834 1.4186407327651978 -0.5166524648666382 
v 0.016438748687505722 1.4185951948165894 -0.5166463851928711 
v 0.016418596729636192 1.418606162071228 -0.5165883302688599 
v 0.01638021320104599 1.418503999710083 -0.5166341662406921 
v 0.0163449477404356 1.4185011386871338 -0.5165914297103882 
v 0.016368458047509193 1.4184931516647339 -0.5166363716125488 
v 0.016279933974146843 1.4183980226516724 -0.5166466236114502 
v 0.016257861629128456 1.418375015258789 -0.5166488885879517 
v 0.016178695484995842 1.4183154106140137 -0.5166733860969543 
v 0.0161427091807127 1.4183284044265747 -0.5166336297988892 
v 0.016156863421201706 1.418298602104187 -0.5166797637939453 
v 0.016123037785291672 1.418274164199829 -0.5166901350021362 
v 0.01597597636282444 1.418197751045227 -0.5167564153671265 
v 0.015953905880451202 1.4181891679763794 -0.516768217086792 
v 0.016368458047509193 1.4184931516647339 -0.5166363716125488 
v 0.016102885827422142 1.4183567762374878 -0.5166110396385193 
v 0.016086332499980927 1.418330430984497 -0.5166231989860535 
v 0.015953905880451202 1.4181891679763794 -0.516768217086792 
v 0.008780103176832199 1.41719651222229 -0.5193539261817932 
v 0.008780103176832199 1.4175703525543213 -0.520275354385376 
v 0.008780103176832199 1.4175020456314087 -0.5202593803405762 
v 0.008796656504273415 1.417463779449463 -0.5203948020935059 
v 0.008791138418018818 1.4175556898117065 -0.5203893184661865 
v 0.008799775503575802 1.417553424835205 -0.5204135179519653 
v 0.008802894502878189 1.4175517559051514 -0.5204235911369324 
v 0.008843677118420601 1.4175373315811157 -0.520540714263916 
v 0.008873425424098969 1.417414665222168 -0.5205678343772888 
v 0.008877983316779137 1.4175317287445068 -0.5205901861190796 
v 0.008889018557965755 1.4175304174423218 -0.5206066370010376 
v 0.009004171937704086 1.417375087738037 -0.5207078456878662 
v 0.00893435999751091 1.4175223112106323 -0.5206719636917114 
v 0.009007290937006474 1.4175151586532593 -0.520733118057251 
v 0.009030081331729889 1.4175136089324951 -0.5207514762878418 
v 0.009063667617738247 1.4175103902816772 -0.5207799077033997 
v 0.009174983017146587 1.4173487424850464 -0.5207995176315308 
v 0.00917570199817419 1.4175044298171997 -0.5208296775817871 
v 0.00920712947845459 1.417502999305725 -0.520842969417572 
v 0.009210248477756977 1.4175026416778564 -0.5208433270454407 
v 0.009366904385387897 1.4173396825790405 -0.5208336710929871 
v 0.009366904385387897 1.4174998998641968 -0.5208678841590881 
v 0.012660525739192963 1.417492389678955 -0.5209242105484009 
v 0.012660525739192963 1.4171761274337769 -0.520836591720581 
v 0.009366904385387897 1.4172025918960571 -0.5207752585411072 
v 0.009366904385387897 1.4170621633529663 -0.5207149386405945 
v 0.009366904385387897 1.4168245792388916 -0.5205301642417908 
v 0.012660525739192963 1.4167845249176025 -0.5205709934234619 
v 0.009366904385387897 1.4168245792388916 -0.5205301642417908 
v 0.009366904385387897 1.4166415929794312 -0.5202901363372803 
v 0.012660525739192963 1.416521668434143 -0.5201777815818787 
v 0.009366904385387897 1.4165834188461304 -0.5201510787010193 
v 0.009366904385387897 1.4165252447128296 -0.5200120806694031 
v 0.009366904385387897 1.4164838790893555 -0.5197147727012634 
v 0.012660525739192963 1.4164265394210815 -0.5197151303291321 
v 0.009366904385387897 1.416483759880066 -0.5197132229804993 
v 0.009366904385387897 1.4165195226669312 -0.5194146633148193 
v 0.009174983017146587 1.416553020477295 -0.5194224119186401 
v 0.009366904385387897 1.4165740013122559 -0.5192736387252808 
v 0.012660525739192963 1.4165122509002686 -0.5192495584487915 
v 0.009366904385387897 1.4165740013122559 -0.5192736387252808 
v 0.009366904385387897 1.4166303873062134 -0.5191339254379272 
v 0.00936618447303772 1.4167183637619019 -0.5189955234527588 
v 0.012660525739192963 1.4166717529296875 -0.5189633965492249 
v 0.009174983017146587 1.4165183305740356 -0.5197131633758545 
v 0.009174983017146587 1.416558861732483 -0.5200029015541077 
v 0.009366904385387897 1.4165834188461304 -0.5201510787010193 
v 0.009174983017146587 1.4166723489761353 -0.5202736258506775 
v 0.009174983017146587 1.4168496131896973 -0.5205056667327881 
v 0.009174983017146587 1.4170805215835571 -0.5206851363182068 
v 0.009366904385387897 1.4172025918960571 -0.5207752585411072 
v 0.009004171937704086 1.4171288013458252 -0.5206025242805481 
v 0.009004171937704086 1.4169172048568726 -0.5204378366470337 
v 0.009004171937704086 1.4167550802230835 -0.5202248692512512 
v 0.009004171937704086 1.4166518449783325 -0.519977867603302 
v 0.009004171937704086 1.416614055633545 -0.5197123885154724 
v 0.009004171937704086 1.4166462421417236 -0.5194461941719055 
v 0.009174983017146587 1.4166613817214966 -0.5191509127616882 
v 0.009230639785528183 1.416732907295227 -0.5190066695213318 
v 0.00936618447303772 1.4167183637619019 -0.5189955234527588 
v 0.009176421910524368 1.4167503118515015 -0.5190200209617615 
v 0.009167065843939781 1.4167531728744507 -0.5190222859382629 
v 0.009088857099413872 1.4167779684066772 -0.5190402865409851 
v 0.009004171937704086 1.4167442321777344 -0.5191965699195862 
v 0.009007290937006474 1.4168261289596558 -0.5190776586532593 
v 0.00896098930388689 1.4168537855148315 -0.5190978646278381 
v 0.008952353149652481 1.4168624877929688 -0.519104540348053 
v 0.008873425424098969 1.416871190071106 -0.519266664981842 
v 0.008875584229826927 1.416940689086914 -0.519163191318512 
v 0.00886239018291235 1.4169539213180542 -0.5191722512245178 
v 0.008796656504273415 1.417028784751892 -0.5193541049957275 
v 0.008819207549095154 1.4170359373092651 -0.5192339420318604 
v 0.008801214396953583 1.4170702695846558 -0.519259512424469 
v 0.008798815310001373 1.417083501815796 -0.519270122051239 
v 0.008780103176832199 1.4171524047851562 -0.5194223523139954 
v 0.008780103176832199 1.417097806930542 -0.5195602178573608 
v 0.008780103176832199 1.417080283164978 -0.5197073817253113 
v 0.008796656504273415 1.4169402122497559 -0.5197092294692993 
v 0.008796656504273415 1.4169607162475586 -0.519525408744812 
v 0.008873425424098969 1.4167860746383667 -0.5194816589355469 
v 0.008873425424098969 1.4167592525482178 -0.5197106003761292 
v 0.008796656504273415 1.4169656038284302 -0.519892156124115 
v 0.008780103176832199 1.4171005487442017 -0.5198547840118408 
v 0.008780103176832199 1.417157769203186 -0.519991397857666 
v 0.008780103176832199 1.4173649549484253 -0.5202009081840515 
v 0.008780103176832199 1.4172478914260864 -0.5201092958450317 
v 0.008796656504273415 1.4172942638397217 -0.5203224420547485 
v 0.008796656504273415 1.4171487092971802 -0.5202097296714783 
v 0.008796656504273415 1.417036533355713 -0.5200626254081726 
v 0.008873425424098969 1.416791319847107 -0.5199393630027771 
v 0.008873425424098969 1.416880488395691 -0.5201528072357178 
v 0.008873425424098969 1.417020559310913 -0.5203350186347961 
v 0.008873425424098969 1.4172027111053467 -0.520477831363678 
v 0.016408279538154602 1.44677734375 -0.5433120727539062 
v 0.016327671706676483 1.4468505382537842 -0.5434245467185974 
v 0.016396524384617805 1.446845293045044 -0.5434449315071106 
v 0.01632671244442463 1.4468549489974976 -0.5434320569038391 
v 0.016312798485159874 1.4468666315078735 -0.5434865951538086 
v 0.016295526176691055 1.4468798637390137 -0.5435495972633362 
v 0.016355741769075394 1.4468755722045898 -0.5435774922370911 
v 0.016287608072161674 1.446886658668518 -0.5435801148414612 
v 0.016252342611551285 1.4468833208084106 -0.5436695218086243 
v 0.016301043331623077 1.446877121925354 -0.5436992645263672 
v 0.016230512410402298 1.446881651878357 -0.5437252521514893 
v 0.016224274411797523 1.44687819480896 -0.5437371134757996 
v 0.01620076410472393 1.446865439414978 -0.543781578540802 
v 0.01623818837106228 1.4468570947647095 -0.5438084006309509 
v 0.016153743490576744 1.446840763092041 -0.5438683032989502 
v 0.016272734850645065 1.4468340873718262 -0.5438291430473328 
v 0.016083212569355965 1.4467803239822388 -0.5439679026603699 
v 0.016413798555731773 1.4467766284942627 -0.5433128476142883 
v 0.016436588019132614 1.4467720985412598 -0.5433171391487122 
v 0.016459139063954353 1.4468122720718384 -0.5434738397598267 
v 0.01641067862510681 1.4468456506729126 -0.543606698513031 
v 0.016345664858818054 1.446851134300232 -0.54372638463974 
v 0.01647809147834778 1.4467411041259766 -0.5433391332626343 
v 0.01647881045937538 1.4467411041259766 -0.5433391332626343 
v 0.01650615967810154 1.4467196464538574 -0.5433533191680908 
v 0.016503041610121727 1.44675874710083 -0.5435059666633606 
v 0.016521034762263298 1.4466866254806519 -0.5433754920959473 
v 0.016523433849215508 1.4466825723648071 -0.5433794856071472 
v 0.01653902605175972 1.4466471672058105 -0.5434022545814514 
v 0.0165092796087265 1.4466872215270996 -0.5435352921485901 
v 0.016540706157684326 1.446628451347351 -0.5434154868125916 
v 0.016451461240649223 1.4467971324920654 -0.5436322093009949 
v 0.016496803611516953 1.4467099905014038 -0.5435806512832642 
v 0.01648576743900776 1.4467322826385498 -0.543624758720398 
v 0.016470175236463547 1.4467363357543945 -0.5436494946479797 
v 0.0163823701441288 1.4468107223510742 -0.5437455773353577 
v 0.01640036329627037 1.4467556476593018 -0.5437555313110352 
v 0.01636749692261219 1.4467650651931763 -0.5438071489334106 
v 0.016303442418575287 1.4468034505844116 -0.5438456535339355 
v 0.016358140856027603 1.4467676877975464 -0.5438215136528015 
v 0.016325993463397026 1.446763515472412 -0.5438526272773743 
v 0.016230512410402298 1.4467530250549316 -0.5439473390579224 
v 0.016116078943014145 1.4467599391937256 -0.5439963340759277 
v 0.016154462471604347 1.4467253684997559 -0.5439963340759277 
v 0.01614510640501976 1.4467217922210693 -0.5440015196800232 
v 0.015986770391464233 1.4466626644134521 -0.5441016554832458 
v 0.015953904017806053 1.4466466903686523 -0.5441155433654785 
v 0.01608153246343136 1.446779727935791 -0.5439701676368713 
v 0.016052743420004845 1.446755051612854 -0.5440112352371216 
v 0.015953904017806053 1.4466466903686523 -0.5441155433654785 
v 0.008780103176832199 1.4216865301132202 -0.5221546292304993 
v 0.008797376416623592 1.4215890169143677 -0.5222567915916443 
v 0.008799775503575802 1.4212381839752197 -0.5219563245773315 
v 0.008800494484603405 1.4215819835662842 -0.5222636461257935 
v 0.008821605704724789 1.421546220779419 -0.5223020911216736 
v 0.008884220384061337 1.4211187362670898 -0.5220985412597656 
v 0.008855191990733147 1.421486496925354 -0.5223655700683594 
v 0.008888298645615578 1.421455979347229 -0.5223970413208008 
v 0.008951633237302303 1.4213985204696655 -0.5224583148956299 
v 0.008953312411904335 1.4213974475860596 -0.5224593877792358 
v 0.009026962332427502 1.4210258722305298 -0.5222113728523254 
v 0.009029122069478035 1.421355128288269 -0.5225024223327637 
v 0.00906294770538807 1.4213365316390991 -0.5225223302841187 
v 0.009168745018541813 1.4213043451309204 -0.5225571990013123 
v 0.009210248477756977 1.420967698097229 -0.5222800374031067 
v 0.00920856837183237 1.421291470527649 -0.5225698351860046 
v 0.009210248477756977 1.421291470527649 -0.5225698351860046 
v 0.009366904385387897 1.4209527969360352 -0.5222979784011841 
v 0.009366904385387897 1.421274185180664 -0.5225867629051208 
v 0.012660524807870388 1.4212349653244019 -0.5226284265518188 
v 0.012660524807870388 1.4207077026367188 -0.5221762657165527 
v 0.009366904385387897 1.4207372665405273 -0.5221372246742249 
v 0.009366904385387897 1.4204144477844238 -0.5218955874443054 
v 0.012660524807870388 1.4199262857437134 -0.5216668844223022 
v 0.009366904385387897 1.4199507236480713 -0.5216211080551147 
v 0.009366904385387897 1.4198356866836548 -0.5215528607368469 
v 0.012660524807870388 1.4190775156021118 -0.5212808847427368 
v 0.009366904385387897 1.4192240238189697 -0.5212744474411011 
v 0.009366904385387897 1.4190958738327026 -0.521232545375824 
v 0.009366904385387897 1.4185867309570312 -0.5210633277893066 
v 0.012660524807870388 1.4181815385818481 -0.521025538444519 
v 0.009366904385387897 1.4181904792785645 -0.5209779143333435 
v 0.009366904385387897 1.417929768562317 -0.520922064781189 
v 0.012660525739192963 1.417492389678955 -0.5209242105484009 
v 0.009366904385387897 1.4174998998641968 -0.5208678841590881 
v 0.009210248477756977 1.4179332256317139 -0.5208984017372131 
v 0.009366904385387897 1.4181904792785645 -0.5209779143333435 
v 0.009210248477756977 1.4185925722122192 -0.521040678024292 
v 0.009366904385387897 1.4190958738327026 -0.521232545375824 
v 0.009210248477756977 1.419232726097107 -0.5212523937225342 
v 0.009210248477756977 1.4198472499847412 -0.5215330719947815 
v 0.009366904385387897 1.4199507236480713 -0.5216211080551147 
v 0.009210248477756977 1.4204272031784058 -0.5218762755393982 
v 0.009366904385387897 1.4207372665405273 -0.5221372246742249 
v 0.008780103176832199 1.4213347434997559 -0.5218399167060852 
v 0.009026962332427502 1.4204771518707275 -0.5218021273612976 
v 0.008884220384061337 1.420557975769043 -0.521679162979126 
v 0.008799775503575802 1.4206613302230835 -0.5215256214141846 
v 0.008780103176832199 1.4207454919815063 -0.5213994383811951 
v 0.008799775503575802 1.4200416803359985 -0.521158754825592 
v 0.008780103176832199 1.420111894607544 -0.521024227142334 
v 0.009026962332427502 1.4198877811431885 -0.5214529037475586 
v 0.009026962332427502 1.4192646741867065 -0.5211687684059143 
v 0.009026962332427502 1.4186161756515503 -0.5209534764289856 
v 0.008884220384061337 1.4199563264846802 -0.5213233828544617 
v 0.008884220384061337 1.4193190336227417 -0.5210328102111816 
v 0.008799775503575802 1.4193869829177856 -0.5208598971366882 
v 0.008780103176832199 1.419441819190979 -0.520718514919281 
v 0.008799775503575802 1.4187039136886597 -0.5206328630447388 
v 0.008780103176832199 1.4187434911727905 -0.5204877257347107 
v 0.008884220384061337 1.4186547994613647 -0.5208125710487366 
v 0.009026962332427502 1.4179476499557495 -0.5208100080490112 
v 0.008884220384061337 1.4179704189300537 -0.5206645131111145 
v 0.008799775503575802 1.4179999828338623 -0.5204818844795227 
v 0.008780103176832199 1.4180234670639038 -0.5203320980072021 
v 0.008791138418018818 1.4175556898117065 -0.5203893184661865 
v 0.008780103176832199 1.4175703525543213 -0.520275354385376 
v 0.008799775503575802 1.417553424835205 -0.5204135179519653 
v 0.008802894502878189 1.4175517559051514 -0.5204235911369324 
v 0.008843677118420601 1.4175373315811157 -0.520540714263916 
v 0.008877983316779137 1.4175317287445068 -0.5205901861190796 
v 0.008889018557965755 1.4175304174423218 -0.5206066370010376 
v 0.00893435999751091 1.4175223112106323 -0.5206719636917114 
v 0.009007290937006474 1.4175151586532593 -0.520733118057251 
v 0.009030081331729889 1.4175136089324951 -0.5207514762878418 
v 0.009063667617738247 1.4175103902816772 -0.5207799077033997 
v 0.00917570199817419 1.4175044298171997 -0.5208296775817871 
v 0.00920712947845459 1.417502999305725 -0.520842969417572 
v 0.009210248477756977 1.4175026416778564 -0.5208433270454407 
v 0.008780102245509624 1.4237220287322998 -0.5133616328239441 
v 0.008780102245509624 1.424314260482788 -0.5128887295722961 
v 0.008780102245509624 1.4252402782440186 -0.5154407024383545 
v 0.008780102245509624 1.4258517026901245 -0.5149946808815002 
v 0.008793536573648453 1.424353003501892 -0.5128576159477234 
v 0.008787059225142002 1.4258931875228882 -0.51496422290802 
v 0.008806731551885605 1.424391746520996 -0.5128265023231506 
v 0.008806731551885605 1.4259318113327026 -0.514936625957489 
v 0.00967565830796957 1.4271659851074219 -0.5140740871429443 
v 0.009347232058644295 1.4251176118850708 -0.5122331380844116 
v 0.00967565830796957 1.4258946180343628 -0.5123329162597656 
v 0.009471021592617035 1.4253098964691162 -0.5121328830718994 
v 0.009649748913943768 1.425732970237732 -0.5121868848800659 
v 0.009577537886798382 1.4255262613296509 -0.512115478515625 
v 0.008780102245509624 1.4252402782440186 -0.5154407024383545 
v 0.008780102245509624 1.4258517026901245 -0.5149946808815002 
v 0.00967565830796957 1.4252331256866455 -0.5154848694801331 
v 0.008787059225142002 1.4258931875228882 -0.51496422290802 
v 0.008806731551885605 1.4259318113327026 -0.514936625957489 
v 0.00967565830796957 1.4271659851074219 -0.5140740871429443 
v 0.008780102245509624 1.4252402782440186 -0.5154407024383545 
v 0.008780102245509624 1.4237220287322998 -0.5133616328239441 
v 0.00967565830796957 1.4252331256866455 -0.5154848694801331 
v 0.00967565830796957 1.4236881732940674 -0.5133675932884216 
v 0.008780102245509624 1.4237220287322998 -0.5133616328239441 
v 0.008780102245509624 1.424314260482788 -0.5128887295722961 
v 0.00967565830796957 1.4236881732940674 -0.5133675932884216 
v 0.008793536573648453 1.424353003501892 -0.5128576159477234 
v 0.008806731551885605 1.424391746520996 -0.5128265023231506 
v 0.012660524807870388 1.4250823259353638 -0.512188196182251 
v 0.009347232058644295 1.4251176118850708 -0.5122331380844116 
v 0.012660524807870388 1.4252952337265015 -0.5120795965194702 
v 0.009471021592617035 1.4253098964691162 -0.5121328830718994 
v 0.012660524807870388 1.425533652305603 -0.5120626091957092 
v 0.009577537886798382 1.4255262613296509 -0.512115478515625 
v 0.012660524807870388 1.4257593154907227 -0.5121408700942993 
v 0.009649748913943768 1.425732970237732 -0.5121868848800659 
v 0.012660524807870388 1.4259364604949951 -0.5123021006584167 
v 0.00967565830796957 1.4258946180343628 -0.5123329162597656 
v 0.00967565830796957 1.4271659851074219 -0.5140740871429443 
v 0.012660523876547813 1.4283970594406128 -0.5156723260879517 
v 0.00967565830796957 1.4283244609832764 -0.5156621932983398 
v 0.012660524807870388 1.4192744493484497 -0.516828179359436 
v 0.009675659239292145 1.419312596321106 -0.5168635249137878 
v 0.008780103176832199 1.4172172546386719 -0.5193251371383667 
v 0.008780823089182377 1.4171910285949707 -0.5193085670471191 
v 0.008780103176832199 1.41719651222229 -0.5193539261817932 
v 0.00880673248320818 1.4170688390731812 -0.5192270874977112 
v 0.008798815310001373 1.417083501815796 -0.519270122051239 
v 0.008801214396953583 1.4170702695846558 -0.519259512424469 
v 0.008816808462142944 1.4170494079589844 -0.5192139148712158 
v 0.008819207549095154 1.4170359373092651 -0.5192339420318604 
v 0.008818487636744976 1.417047381401062 -0.519212543964386 
v 0.00886239018291235 1.4169539213180542 -0.5191722512245178 
v 0.008863109163939953 1.4169635772705078 -0.5191577672958374 
v 0.008875584229826927 1.416940689086914 -0.519163191318512 
v 0.008950913324952126 1.416867733001709 -0.5190944075584412 
v 0.008952353149652481 1.4168624877929688 -0.519104540348053 
v 0.008951633237302303 1.416867733001709 -0.5190944075584412 
v 0.008951633237302303 1.416867733001709 -0.5190944075584412 
v 0.008954032324254513 1.416865587234497 -0.5190930366516113 
v 0.00896098930388689 1.4168537855148315 -0.5190978646278381 
v 0.008973704650998116 1.416849970817566 -0.5190829634666443 
v 0.009007290937006474 1.4168261289596558 -0.5190776586532593 
v 0.009059109725058079 1.4167953729629517 -0.5190469622612 
v 0.009088857099413872 1.4167779684066772 -0.5190402865409851 
v 0.009164666756987572 1.4167550802230835 -0.5190204977989197 
v 0.009167065843939781 1.4167531728744507 -0.5190222859382629 
v 0.009167065843939781 1.4167542457580566 -0.519019603729248 
v 0.009206170216202736 1.4167386293411255 -0.519009530544281 
v 0.009176421910524368 1.4167503118515015 -0.5190200209617615 
v 0.009230639785528183 1.416732907295227 -0.5190066695213318 
v 0.00936618447303772 1.4167183637619019 -0.5189955234527588 
v 0.008978980593383312 1.446790337562561 -0.5433011054992676 
v 0.008999371901154518 1.4468412399291992 -0.5434268712997437 
v 0.012664361856877804 1.4468263387680054 -0.5433570742607117 
v 0.0126636428758502 1.4468802213668823 -0.5434615015983582 
v 0.009008968248963356 1.446865439414978 -0.5434876680374146 
v 0.012661962769925594 1.4469000101089478 -0.5435400009155273 
v 0.009014246053993702 1.4468783140182495 -0.5435207486152649 
v 0.009024562314152718 1.4468786716461182 -0.5435490608215332 
v 0.009070863015949726 1.4468786716461182 -0.5436691045761108 
v 0.012661243788897991 1.446920394897461 -0.5436248779296875 
v 0.009095813147723675 1.44687819480896 -0.5437371134757996 
v 0.012658844701945782 1.4469165802001953 -0.5437653660774231 
v 0.012658844701945782 1.4469107389450073 -0.5437880754470825 
v 0.009098212234675884 1.4468777179718018 -0.5437425971031189 
v 0.009120043367147446 1.446865439414978 -0.543781578540802 
v 0.00918289739638567 1.446828842163086 -0.5438951253890991 
v 0.012658844701945782 1.4469107389450073 -0.5437880754470825 
v 0.009238315746188164 1.446774959564209 -0.5439630746841431 
v 0.01265716552734375 1.446879267692566 -0.5439083576202393 
v 0.012655725702643394 1.4468145370483398 -0.5440189838409424 
v 0.009239994920790195 1.4467737674713135 -0.543964147567749 
v 0.012655725702643394 1.4468145370483398 -0.5440189838409424 
v 0.012655725702643394 1.446794033050537 -0.5440525412559509 
v 0.00934579223394394 1.446671724319458 -0.5440961718559265 
v 0.009366902522742748 1.4466466903686523 -0.5441155433654785 
v 0.012658124789595604 1.4466779232025146 -0.5441643595695496 
v 0.009675657376646996 1.4493250846862793 -0.5403708815574646 
v 0.009675657376646996 1.4462954998016357 -0.5425823330879211 
v 0.009675657376646996 1.4488765001296997 -0.5404683947563171 
v 0.009675657376646996 1.448296308517456 -0.5403415560722351 
v 0.009675657376646996 1.4478422403335571 -0.5399597883224487 
v 0.009675657376646996 1.4452276229858398 -0.54124516248703 
v 0.009675657376646996 1.447617530822754 -0.5394110083580017 
v 0.009675657376646996 1.4439849853515625 -0.5399622321128845 
v 0.009675657376646996 1.4476726055145264 -0.5388199090957642 
v 0.009675659239292145 1.419312596321106 -0.5168635249137878 
v 0.009675657376646996 1.4380303621292114 -0.5299810171127319 
v 0.009675657376646996 1.4378525018692017 -0.5298036336898804 
v 0.00967565830796957 1.4308233261108398 -0.5235354900360107 
v 0.00967565830796957 1.4340754747390747 -0.5258697271347046 
v 0.00967565830796957 1.4343211650848389 -0.5259993672370911 
v 0.00967565830796957 1.4346476793289185 -0.5260414481163025 
v 0.00967565830796957 1.4348875284194946 -0.5259891748428345 
v 0.00967565830796957 1.4351189136505127 -0.526058554649353 
v 0.00967565830796957 1.4350565671920776 -0.5260029435157776 
v 0.00967565830796957 1.434962511062622 -0.5259767174720764 
v 0.009675657376646996 1.447997808456421 -0.5383228659629822 
v 0.009675657376646996 1.4485152959823608 -0.5380328893661499 
v 0.009675657376646996 1.4491089582443237 -0.5380181074142456 
v 0.009675657376646996 1.4493156671524048 -0.5380828380584717 
v 0.00967565830796957 1.4306329488754272 -0.5233467221260071 
v 0.00967565830796957 1.4277845621109009 -0.5194452404975891 
v 0.00967565830796957 1.4252331256866455 -0.5154848694801331 
v 0.00967565830796957 1.4274616241455078 -0.5188490748405457 
v 0.00967565830796957 1.4272959232330322 -0.5179908871650696 
v 0.00967565830796957 1.427432656288147 -0.5171273946762085 
v 0.00967565830796957 1.4278525114059448 -0.5163604021072388 
v 0.00967565830796957 1.4282846450805664 -0.5159359574317932 
v 0.00967565830796957 1.4271659851074219 -0.5140740871429443 
v 0.00967565830796957 1.4283244609832764 -0.5156621932983398 
v 0.00967565830796957 1.4283300638198853 -0.5158881545066833 
v 0.00967565830796957 1.4283599853515625 -0.5158082246780396 
v 0.00967565830796957 1.4283541440963745 -0.5157226920127869 
v 0.00967565830796957 1.4236881732940674 -0.5133675932884216 
v 0.009675657376646996 1.4493250846862793 -0.5403708815574646 
v 0.009675657376646996 1.4462954998016357 -0.5425823330879211 
v 0.010340666398406029 1.4493577480316162 -0.5403608679771423 
v 0.012660523876547813 1.446325421333313 -0.5426239967346191 
v 0.010922670364379883 1.44939124584198 -0.5403501391410828 
v 0.011422626674175262 1.4494233131408691 -0.5403372645378113 
v 0.011839337646961212 1.4494553804397583 -0.5403228402137756 
v 0.012198231182992458 1.4494895935058594 -0.5403062701225281 
v 0.012454447336494923 1.4495224952697754 -0.5402876138687134 
v 0.012647808529436588 1.449569821357727 -0.5402565002441406 
v 0.012657164596021175 1.4495785236358643 -0.5402513742446899 
v 0.012659563682973385 1.4495818614959717 -0.5402481555938721 
v 0.012660522945225239 1.4495859146118164 -0.540245771408081 
v 0.009675657376646996 1.4462954998016357 -0.5425823330879211 
v 0.009675657376646996 1.4452276229858398 -0.54124516248703 
v 0.012660523876547813 1.446325421333313 -0.5426239967346191 
v 0.01564515009522438 1.4452276229858398 -0.54124516248703 
v 0.01564515009522438 1.4462954998016357 -0.5425823330879211 
v 0.009675657376646996 1.4439849853515625 -0.5399622321128845 
v 0.01564515009522438 1.4439849853515625 -0.5399622321128845 
v 0.012660524807870388 1.4192744493484497 -0.516828179359436 
v 0.01564515195786953 1.419312596321106 -0.5168635249137878 
v 0.009675659239292145 1.419312596321106 -0.5168635249137878 
v 0.009675657376646996 1.4493156671524048 -0.5380828380584717 
v 0.010369694791734219 1.4493513107299805 -0.5380935668945312 
v 0.009675657376646996 1.4380303621292114 -0.5299810171127319 
v 0.010974489152431488 1.4493850469589233 -0.5381044745445251 
v 0.01148764044046402 1.449419379234314 -0.5381182432174683 
v 0.011909148655831814 1.4494526386260986 -0.5381330251693726 
v 0.012237335555255413 1.4494847059249878 -0.5381489396095276 
v 0.012472439557313919 1.4495165348052979 -0.5381667613983154 
v 0.012613502331078053 1.4495476484298706 -0.5381852984428406 
v 0.012648767791688442 1.4495625495910645 -0.5381960868835449 
v 0.012657164596021175 1.4495699405670166 -0.5382006764411926 
v 0.012659563682973385 1.4495739936828613 -0.5382034182548523 
v 0.012660523876547813 1.4380686283111572 -0.529943585395813 
v 0.012660522945225239 1.449577808380127 -0.5382065176963806 
v 0.012660523876547813 1.4378892183303833 -0.5297660231590271 
v 0.009675657376646996 1.4378525018692017 -0.5298036336898804 
v 0.01193721778690815 1.437427282333374 -0.5291537046432495 
v 0.011323787271976471 1.4371761083602905 -0.5288284420967102 
v 0.010914034210145473 1.4368091821670532 -0.5283376574516296 
v 0.010770092718303204 1.4363806247711182 -0.5277551412582397 
v 0.00967565830796957 1.4351189136505127 -0.526058554649353 
v 0.010914034210145473 1.4359561204910278 -0.5271686315536499 
v 0.011323787271976471 1.4356008768081665 -0.5266698598861694 
v 0.01193721778690815 1.4353673458099365 -0.526332437992096 
v 0.012660523876547813 1.4352933168411255 -0.5262088775634766 
v 0.012660523876547813 1.4351361989974976 -0.5259943604469299 
v 0.012660523876547813 1.4375218152999878 -0.5292622447013855 
v 0.012660523876547813 1.4351361989974976 -0.5259943604469299 
v 0.012660523876547813 1.4350824356079102 -0.5259438753128052 
v 0.00967565830796957 1.4351189136505127 -0.526058554649353 
v 0.00967565830796957 1.4350565671920776 -0.5260029435157776 
v 0.012660523876547813 1.4350744485855103 -0.5259415507316589 
v 0.012660523876547813 1.4350732564926147 -0.5259410738945007 
v 0.01265956461429596 1.4349920749664307 -0.5259140729904175 
v 0.00967565830796957 1.434962511062622 -0.5259767174720764 
v 0.012660523876547813 1.4349803924560547 -0.5259153842926025 
v 0.012660523876547813 1.4349803924560547 -0.5259153842926025 
v 0.00967565830796957 1.4348875284194946 -0.5259891748428345 
v 0.012660523876547813 1.4348983764648438 -0.5259280204772949 
v 0.012660523876547813 1.4348983764648438 -0.5259280204772949 
v 0.012660523876547813 1.4346437454223633 -0.5259895920753479 
v 0.00967565830796957 1.4348875284194946 -0.5259891748428345 
v 0.00967565830796957 1.4346476793289185 -0.5260414481163025 
v 0.00967565830796957 1.4343211650848389 -0.5259993672370911 
v 0.012660523876547813 1.4343382120132446 -0.52595055103302 
v 0.012660523876547813 1.434106469154358 -0.5258292555809021 
v 0.00967565830796957 1.4340754747390747 -0.5258697271347046 
v 0.012660523876547813 1.434106469154358 -0.5258292555809021 
v 0.00967565830796957 1.4340754747390747 -0.5258697271347046 
v 0.012660523876547813 1.4308538436889648 -0.523493766784668 
v 0.00967565830796957 1.4308233261108398 -0.5235354900360107 
v 0.012660523876547813 1.430674433708191 -0.5233162045478821 
v 0.00967565830796957 1.4306329488754272 -0.5233467221260071 
v 0.01186044979840517 1.430336594581604 -0.5228764414787292 
v 0.012099392712116241 1.4303693771362305 -0.5229136347770691 
v 0.012131539173424244 1.4303290843963623 -0.5228128433227539 
v 0.012401909567415714 1.4303656816482544 -0.5228546857833862 
v 0.01238943450152874 1.4304072856903076 -0.5229576230049133 
v 0.012660524807870388 1.4303810596466064 -0.5228667259216309 
v 0.012660524807870388 1.430442214012146 -0.5229977369308472 
v 0.011872204951941967 1.430269479751587 -0.5227393507957458 
v 0.011819906532764435 1.430320143699646 -0.5228553414344788 
v 0.011574486270546913 1.4302210807800293 -0.5227259397506714 
v 0.011328586377203465 1.4301215410232544 -0.5225969552993774 
v 0.0116277439519763 1.4301908016204834 -0.5226390361785889 
v 0.01140463538467884 1.430092453956604 -0.5225105285644531 
v 0.011698275804519653 1.4301942586898804 -0.5224937200546265 
v 0.012166804634034634 1.430322527885437 -0.5226536989212036 
v 0.01265956461429596 1.430371642112732 -0.5227053165435791 
v 0.01265956461429596 1.4303710460662842 -0.5227025151252747 
v 0.01265716552734375 1.4304275512695312 -0.5225526094436646 
v 0.011182005517184734 1.4300612211227417 -0.5225191116333008 
v 0.011206476017832756 1.4299768209457397 -0.5223584175109863 
v 0.011305795051157475 1.4299941062927246 -0.5222316980361938 
v 0.011743857525289059 1.4302583932876587 -0.5223516225814819 
v 0.011113873682916164 1.4300038814544678 -0.5224434733390808 
v 0.010940903797745705 1.4298615455627441 -0.522251546382904 
v 0.011036384850740433 1.429845929145813 -0.5221840739250183 
v 0.011037823744118214 1.429772973060608 -0.5219599008560181 
v 0.010916433297097683 1.4297329187393188 -0.5220243334770203 
v 0.01091091614216566 1.4297316074371338 -0.5220273733139038 
v 0.010888365097343922 1.429724097251892 -0.5220381021499634 
v 0.010777050629258156 1.4297242164611816 -0.5220699906349182 
v 0.010777050629258156 1.4286211729049683 -0.520557701587677 
v 0.00967565830796957 1.4277845621109009 -0.5194452404975891 
v 0.010888365097343922 1.429724097251892 -0.5220381021499634 
v 0.010882128030061722 1.4286470413208008 -0.5205678939819336 
v 0.01091091614216566 1.4297316074371338 -0.5220273733139038 
v 0.01091091614216566 1.4286644458770752 -0.5205643773078918 
v 0.01091571431607008 1.4286680221557617 -0.5205642580986023 
v 0.011027748696506023 1.4287339448928833 -0.5205521583557129 
v 0.010916433297097683 1.4297329187393188 -0.5220243334770203 
v 0.011037823744118214 1.429772973060608 -0.5219599008560181 
v 0.011049579828977585 1.429783821105957 -0.5219475030899048 
v 0.011047420091927052 1.4287587404251099 -0.5205414295196533 
v 0.011051259003579617 1.4297860860824585 -0.5219453573226929 
v 0.011049579828977585 1.4287610054016113 -0.5205392241477966 
v 0.011128746904432774 1.4288573265075684 -0.5204956531524658 
v 0.01113810297101736 1.4298725128173828 -0.5218539834022522 
v 0.01113906316459179 1.4298769235610962 -0.5218496918678284 
v 0.011134984903037548 1.4288791418075562 -0.5204810500144958 
v 0.011142182163894176 1.429885745048523 -0.5218410491943359 
v 0.011138103902339935 1.428889274597168 -0.5204744935035706 
v 0.011168091557919979 1.4299887418746948 -0.5217555165290833 
v 0.011168091557919979 1.4290006160736084 -0.520402729511261 
v 0.012660524807870388 1.4303810596466064 -0.5228667259216309 
v 0.012660524807870388 1.4303789138793945 -0.5228637456893921 
v 0.01265956461429596 1.430371642112732 -0.5227053165435791 
v 0.011049579828977585 1.429783821105957 -0.5219475030899048 
v 0.011051259003579617 1.4297860860824585 -0.5219453573226929 
v 0.011370088905096054 1.430067539215088 -0.5221041440963745 
v 0.01113810297101736 1.4298725128173828 -0.5218539834022522 
v 0.01113906316459179 1.4298769235610962 -0.5218496918678284 
v 0.011142182163894176 1.429885745048523 -0.5218410491943359 
v 0.011409193277359009 1.4301649332046509 -0.5219886302947998 
v 0.011168091557919979 1.4299887418746948 -0.5217555165290833 
v 0.011552655138075352 1.4302701950073242 -0.5221272110939026 
v 0.011769766919314861 1.4303492307662964 -0.5222272276878357 
v 0.012189595960080624 1.430381178855896 -0.5225051641464233 
v 0.012010148726403713 1.4304364919662476 -0.522337794303894 
v 0.012062687426805496 1.4304554462432861 -0.5223615765571594 
v 0.012198232114315033 1.4304723739624023 -0.5223804116249084 
v 0.01265716552734375 1.430529236793518 -0.5224413871765137 
v 0.01265716552734375 1.4304279088974 -0.5225507020950317 
v 0.01265716552734375 1.4304275512695312 -0.5225526094436646 
v 0.011464131064713001 1.4302054643630981 -0.5220418572425842 
v 0.010882128030061722 1.4286470413208008 -0.5205678939819336 
v 0.01094618160277605 1.4284930229187012 -0.5203772783279419 
v 0.01091091614216566 1.4286644458770752 -0.5205643773078918 
v 0.011035664938390255 1.4285494089126587 -0.5204083323478699 
v 0.01091571431607008 1.4286680221557617 -0.5205642580986023 
v 0.011027748696506023 1.4287339448928833 -0.5205521583557129 
v 0.011205515824258327 1.428424596786499 -0.5202314257621765 
v 0.011047420091927052 1.4287587404251099 -0.5205414295196533 
v 0.011125628836452961 1.4283579587936401 -0.5201868414878845 
v 0.011272928677499294 1.4282467365264893 -0.5200304388999939 
v 0.011402956210076809 1.4283137321472168 -0.5200746655464172 
v 0.011316831223666668 1.4282323122024536 -0.5200090408325195 
v 0.01156992744654417 1.4281481504440308 -0.5198869109153748 
v 0.011824464425444603 1.428065299987793 -0.519765317440033 
v 0.01162558514624834 1.4282230138778687 -0.5199421048164368 
v 0.011696116998791695 1.4283617734909058 -0.5199837684631348 
v 0.011304356157779694 1.4285494089126587 -0.5202529430389404 
v 0.011049579828977585 1.4287610054016113 -0.5205392241477966 
v 0.011128746904432774 1.4288573265075684 -0.5204956531524658 
v 0.011134984903037548 1.4288791418075562 -0.5204810500144958 
v 0.011369368992745876 1.428693413734436 -0.5202218890190125 
v 0.01174145843833685 1.4285156726837158 -0.5199650526046753 
v 0.012162966653704643 1.4282475709915161 -0.519811749458313 
v 0.011868366971611977 1.4281505346298218 -0.5198355913162231 
v 0.011977282352745533 1.4280146360397339 -0.519691526889801 
v 0.012126981280744076 1.428099274635315 -0.5197573900222778 
v 0.012090756557881832 1.428005337715149 -0.5196753144264221 
v 0.012660524807870388 1.4278268814086914 -0.5194140672683716 
v 0.012660524807870388 1.4275109767913818 -0.5188311338424683 
v 0.00967565830796957 1.4274616241455078 -0.5188490748405457 
v 0.012660524807870388 1.4273488521575928 -0.5179897546768188 
v 0.00967565830796957 1.4272959232330322 -0.5179908871650696 
v 0.012660524807870388 1.4274812936782837 -0.5171440243721008 
v 0.00967565830796957 1.427432656288147 -0.5171273946762085 
v 0.012660523876547813 1.4278931617736816 -0.5163931846618652 
v 0.00967565830796957 1.4278525114059448 -0.5163604021072388 
v 0.00967565830796957 1.4282846450805664 -0.5159359574317932 
v 0.012660523876547813 1.428354263305664 -0.5159489512443542 
v 0.012381518259644508 1.4279791116714478 -0.5196316242218018 
v 0.012660524807870388 1.4279555082321167 -0.5195905566215515 
v 0.012660524807870388 1.4279922246932983 -0.5196340084075928 
v 0.012660524807870388 1.4280678033828735 -0.5196817517280579 
v 0.012395672500133514 1.4280692338943481 -0.519709050655365 
v 0.012661243788897991 1.4281498193740845 -0.5197332501411438 
v 0.012661963701248169 1.4282146692276 -0.5197390913963318 
v 0.012184797786176205 1.428407907485962 -0.5198018550872803 
v 0.012000072747468948 1.4285789728164673 -0.5197933316230774 
v 0.011757051572203636 1.4286519289016724 -0.5199025869369507 
v 0.011690598912537098 1.428672194480896 -0.5199335217475891 
v 0.011449976824223995 1.4287875890731812 -0.520099401473999 
v 0.01143990084528923 1.4287923574447632 -0.5201064944267273 
v 0.011393599212169647 1.4288262128829956 -0.5201544165611267 
v 0.011221349239349365 1.4289501905441284 -0.5203304886817932 
v 0.011138103902339935 1.428889274597168 -0.5204744935035706 
v 0.011168091557919979 1.4290006160736084 -0.520402729511261 
v 0.012660524807870388 1.4280678033828735 -0.5196817517280579 
v 0.012005350552499294 1.4285781383514404 -0.5197924375534058 
v 0.01219271495938301 1.4285472631454468 -0.5197432041168213 
v 0.012328979559242725 1.428525686264038 -0.5197086334228516 
v 0.012660524807870388 1.4285120964050293 -0.5196778774261475 
v 0.012662683613598347 1.4283735752105713 -0.5197357535362244 
v 0.0126636428758502 1.4285120964050293 -0.5196778774261475 
v 0.012661963701248169 1.4282146692276 -0.5197390913963318 
v 0.012662683613598347 1.4283406734466553 -0.5197493433952332 
v 0.012662683613598347 1.4283735752105713 -0.5197357535362244 
v 0.012660523876547813 1.428354263305664 -0.5159489512443542 
v 0.012660523876547813 1.428401231765747 -0.5158997178077698 
v 0.00967565830796957 1.4282846450805664 -0.5159359574317932 
v 0.00967565830796957 1.4283300638198853 -0.5158881545066833 
v 0.012660523876547813 1.4284019470214844 -0.5158990025520325 
v 0.00967565830796957 1.4283599853515625 -0.5158082246780396 
v 0.01265956461429596 1.4284318685531616 -0.5158190727233887 
v 0.01265956461429596 1.4284318685531616 -0.5158190727233887 
v 0.00967565830796957 1.4283541440963745 -0.5157226920127869 
v 0.012660523876547813 1.4284268617630005 -0.5157344341278076 
v 0.012660523876547813 1.4284268617630005 -0.5157344341278076 
v 0.00967565830796957 1.4283244609832764 -0.5156621932983398 
v 0.012660523876547813 1.4283970594406128 -0.5156723260879517 
v 0.010776329785585403 1.4376914501190186 -0.5277635455131531 
v 0.010621113702654839 1.437231421470642 -0.527134120464325 
v 0.010621113702654839 1.436716914176941 -0.5275089740753174 
v 0.010776329785585403 1.4362577199935913 -0.5268787741661072 
v 0.010776329785585403 1.4367713928222656 -0.5265030860900879 
v 0.011218230240046978 1.4358669519424438 -0.5263437628746033 
v 0.011218230240046978 1.436381459236145 -0.5259689092636108 
v 0.011880121193826199 1.435606598854065 -0.5259869694709778 
v 0.011880121193826199 1.4361211061477661 -0.5256121158599854 
v 0.012660523876547813 1.4355143308639526 -0.5258609652519226 
v 0.012660523876547813 1.4360288381576538 -0.5254861116409302 
v 0.013440687209367752 1.435606598854065 -0.5259869694709778 
v 0.013440686278045177 1.4361211061477661 -0.5256121158599854 
v 0.014102577231824398 1.4358669519424438 -0.5263437628746033 
v 0.014102577231824398 1.436381459236145 -0.5259689092636108 
v 0.014544477686285973 1.4362577199935913 -0.5268787741661072 
v 0.014544477686285973 1.4367713928222656 -0.5265030860900879 
v 0.014699694700539112 1.436716914176941 -0.5275089740753174 
v 0.014699694700539112 1.437231421470642 -0.527134120464325 
v 0.014544477686285973 1.4371774196624756 -0.528139591217041 
v 0.014544477686285973 1.4376914501190186 -0.5277635455131531 
v 0.014102577231824398 1.4375673532485962 -0.5286737680435181 
v 0.014102577231824398 1.438082218170166 -0.528298556804657 
v 0.013440686278045177 1.437827706336975 -0.5290306210517883 
v 0.013440686278045177 1.438342571258545 -0.5286554098129272 
v 0.012660523876547813 1.4379199743270874 -0.5291565656661987 
v 0.012660523876547813 1.4384336471557617 -0.5287808775901794 
v 0.011880121193826199 1.437827706336975 -0.5290306210517883 
v 0.011880121193826199 1.438342571258545 -0.5286554098129272 
v 0.011218230240046978 1.4375673532485962 -0.5286737680435181 
v 0.011218230240046978 1.438082218170166 -0.528298556804657 
v 0.010776329785585403 1.4371774196624756 -0.528139591217041 
v 0.010621113702654839 1.437231421470642 -0.527134120464325 
v 0.010950978845357895 1.4378024339675903 -0.5275941491127014 
v 0.010776329785585403 1.4376914501190186 -0.5277635455131531 
v 0.011356893926858902 1.4381585121154785 -0.5280702114105225 
v 0.010807516984641552 1.4373822212219238 -0.5270237922668457 
v 0.010776329785585403 1.4367713928222656 -0.5265030860900879 
v 0.010950978845357895 1.4369672536849976 -0.526449978351593 
v 0.011218230240046978 1.436381459236145 -0.5259689092636108 
v 0.011356893926858902 1.436621069908142 -0.5259642004966736 
v 0.011880121193826199 1.4361211061477661 -0.5256121158599854 
v 0.011959289200603962 1.4364005327224731 -0.5256444811820984 
v 0.012660523876547813 1.4360288381576538 -0.5254861116409302 
v 0.012660523876547813 1.436334490776062 -0.5255334377288818 
v 0.013440686278045177 1.4361211061477661 -0.5256121158599854 
v 0.013361519202589989 1.4364005327224731 -0.5256444811820984 
v 0.014102577231824398 1.436381459236145 -0.5259689092636108 
v 0.013963913545012474 1.436621069908142 -0.5259642004966736 
v 0.014544477686285973 1.4367713928222656 -0.5265030860900879 
v 0.014369828626513481 1.4369672536849976 -0.526449978351593 
v 0.014699694700539112 1.437231421470642 -0.527134120464325 
v 0.014513290487229824 1.4373822212219238 -0.5270237922668457 
v 0.014544477686285973 1.4376914501190186 -0.5277635455131531 
v 0.014369828626513481 1.4378024339675903 -0.5275941491127014 
v 0.014102577231824398 1.438082218170166 -0.528298556804657 
v 0.013963913545012474 1.4381585121154785 -0.5280702114105225 
v 0.013440686278045177 1.438342571258545 -0.5286554098129272 
v 0.013361519202589989 1.4383968114852905 -0.5283793807029724 
v 0.012660523876547813 1.4384336471557617 -0.5287808775901794 
v 0.012660523876547813 1.4384819269180298 -0.5284751653671265 
v 0.011880121193826199 1.438342571258545 -0.5286554098129272 
v 0.011959289200603962 1.4383968114852905 -0.5283793807029724 
v 0.011218230240046978 1.438082218170166 -0.528298556804657 
v 0.010914034210145473 1.4371440410614014 -0.5280929207801819 
v 0.010770092718303204 1.436716914176941 -0.5275089740753174 
v 0.010621113702654839 1.436716914176941 -0.5275089740753174 
v 0.010776329785585403 1.4362577199935913 -0.5268787741661072 
v 0.010914034210145473 1.4362902641296387 -0.5269246101379395 
v 0.011218230240046978 1.4358669519424438 -0.5263437628746033 
v 0.011323787271976471 1.4359294176101685 -0.5264296531677246 
v 0.011880121193826199 1.435606598854065 -0.5259869694709778 
v 0.01193721778690815 1.4356876611709595 -0.5260985493659973 
v 0.012660523876547813 1.4355143308639526 -0.5258609652519226 
v 0.012660523876547813 1.435603141784668 -0.5259819030761719 
v 0.013440687209367752 1.435606598854065 -0.5259869694709778 
v 0.013383589684963226 1.4356876611709595 -0.5260985493659973 
v 0.014102577231824398 1.4358669519424438 -0.5263437628746033 
v 0.013997020199894905 1.4359294176101685 -0.5264296531677246 
v 0.014544477686285973 1.4362577199935913 -0.5268787741661072 
v 0.014406774193048477 1.4362902641296387 -0.5269246101379395 
v 0.014699694700539112 1.436716914176941 -0.5275089740753174 
v 0.014550715684890747 1.436716914176941 -0.5275089740753174 
v 0.014544477686285973 1.4371774196624756 -0.528139591217041 
v 0.014406774193048477 1.4371440410614014 -0.5280929207801819 
v 0.014102577231824398 1.4375673532485962 -0.5286737680435181 
v 0.013997020199894905 1.437504529953003 -0.5285882353782654 
v 0.013440686278045177 1.437827706336975 -0.5290306210517883 
v 0.013383589684963226 1.4377474784851074 -0.5289198756217957 
v 0.012660523876547813 1.4379199743270874 -0.5291565656661987 
v 0.012660523876547813 1.437831997871399 -0.5290365219116211 
v 0.011880121193826199 1.437827706336975 -0.5290306210517883 
v 0.01193721778690815 1.4377474784851074 -0.5289198756217957 
v 0.011218230240046978 1.4375673532485962 -0.5286737680435181 
v 0.011323787271976471 1.437504529953003 -0.5285882353782654 
v 0.010776329785585403 1.4371774196624756 -0.528139591217041 
v 0.010914034210145473 1.4371440410614014 -0.5280929207801819 
v 0.010770092718303204 1.436716914176941 -0.5275089740753174 
v 0.010770092718303204 1.4363806247711182 -0.5277551412582397 
v 0.010914034210145473 1.4359561204910278 -0.5271686315536499 
v 0.010914034210145473 1.4362902641296387 -0.5269246101379395 
v 0.011323787271976471 1.4356008768081665 -0.5266698598861694 
v 0.011323787271976471 1.4359294176101685 -0.5264296531677246 
v 0.01193721778690815 1.4353673458099365 -0.526332437992096 
v 0.01193721778690815 1.4356876611709595 -0.5260985493659973 
v 0.012660523876547813 1.4352933168411255 -0.5262088775634766 
v 0.012660523876547813 1.435603141784668 -0.5259819030761719 
v 0.013383589684963226 1.4353673458099365 -0.526332437992096 
v 0.013383589684963226 1.4356876611709595 -0.5260985493659973 
v 0.013997020199894905 1.4356008768081665 -0.5266698598861694 
v 0.013997020199894905 1.4359294176101685 -0.5264296531677246 
v 0.014406774193048477 1.4359561204910278 -0.5271686315536499 
v 0.014406774193048477 1.4362902641296387 -0.5269246101379395 
v 0.014550715684890747 1.4363806247711182 -0.5277551412582397 
v 0.014550715684890747 1.436716914176941 -0.5275089740753174 
v 0.014406774193048477 1.4368091821670532 -0.5283376574516296 
v 0.014406774193048477 1.4371440410614014 -0.5280929207801819 
v 0.013997020199894905 1.4371761083602905 -0.5288284420967102 
v 0.013997020199894905 1.437504529953003 -0.5285882353782654 
v 0.013383589684963226 1.437427282333374 -0.5291537046432495 
v 0.013383589684963226 1.4377474784851074 -0.5289198756217957 
v 0.012660523876547813 1.4375218152999878 -0.5292622447013855 
v 0.012660523876547813 1.437831997871399 -0.5290365219116211 
v 0.01193721778690815 1.437427282333374 -0.5291537046432495 
v 0.01193721778690815 1.4377474784851074 -0.5289198756217957 
v 0.011323787271976471 1.4371761083602905 -0.5288284420967102 
v 0.011323787271976471 1.437504529953003 -0.5285882353782654 
v 0.010914034210145473 1.4368091821670532 -0.5283376574516296 
v 0.010950978845357895 1.4378024339675903 -0.5275941491127014 
v 0.010807516984641552 1.4373822212219238 -0.5270237922668457 
v 0.011356893926858902 1.4381585121154785 -0.5280702114105225 
v 0.010950978845357895 1.4369672536849976 -0.526449978351593 
v 0.011356893926858902 1.436621069908142 -0.5259642004966736 
v 0.011959289200603962 1.4383968114852905 -0.5283793807029724 
v 0.011959289200603962 1.4364005327224731 -0.5256444811820984 
v 0.012660523876547813 1.4384819269180298 -0.5284751653671265 
v 0.012660523876547813 1.436334490776062 -0.5255334377288818 
v 0.011168090626597404 1.4352784156799316 -0.5175125002861023 
v 0.011168090626597404 1.4353468418121338 -0.5172597765922546 
v 0.011168090626597404 1.4364346265792847 -0.5170488953590393 
v 0.011168090626597404 1.4364124536514282 -0.516903281211853 
v 0.011168090626597404 1.4352998733520508 -0.5170033574104309 
v 0.011168090626597404 1.436121940612793 -0.5162416100502014 
v 0.011168090626597404 1.4351460933685303 -0.5167922973632812 
v 0.011168090626597404 1.4355802536010742 -0.5157629251480103 
v 0.011168090626597404 1.4354480504989624 -0.5156962871551514 
v 0.011168090626597404 1.4349162578582764 -0.5166692137718201 
v 0.011168090626597404 1.4346542358398438 -0.5166584849357605 
v 0.011168090626597404 1.4344134330749512 -0.5167606472969055 
v 0.011168090626597404 1.4328714609146118 -0.5177519917488098 
v 0.011168090626597404 1.4330246448516846 -0.5177760720252991 
v 0.011168090626597404 1.4319146871566772 -0.518449604511261 
v 0.011168091557919979 1.4290006160736084 -0.520402729511261 
v 0.011168090626597404 1.4316883087158203 -0.518730103969574 
v 0.011168090626597404 1.4316325187683105 -0.519087016582489 
v 0.011168091557919979 1.4299887418746948 -0.5217555165290833 
v 0.011168090626597404 1.4317625761032104 -0.5194226503372192 
v 0.011168090626597404 1.4320435523986816 -0.5196495056152344 
v 0.011168090626597404 1.4323996305465698 -0.5197049379348755 
v 0.011168090626597404 1.4327360391616821 -0.5195751786231995 
v 0.011168090626597404 1.4336919784545898 -0.5188767313957214 
v 0.011168090626597404 1.435106873512268 -0.5177090167999268 
v 0.011168090626597404 1.4337165355682373 -0.5187243223190308 
v 0.011168091557919979 1.4299887418746948 -0.5217555165290833 
v 0.011409193277359009 1.4301649332046509 -0.5219886302947998 
v 0.011168090626597404 1.4364346265792847 -0.5170488953590393 
v 0.0112995570525527 1.4364466667175293 -0.5172888040542603 
v 0.011464131064713001 1.4302054643630981 -0.5220418572425842 
v 0.01145477406680584 1.43641996383667 -0.5175142288208008 
v 0.011552655138075352 1.4302701950073242 -0.5221272110939026 
v 0.011769766919314861 1.4303492307662964 -0.5222272276878357 
v 0.011531542986631393 1.4364056587219238 -0.5176262259483337 
v 0.01176184881478548 1.4363205432891846 -0.517900288105011 
v 0.012010148726403713 1.4304364919662476 -0.522337794303894 
v 0.012010147795081139 1.4361850023269653 -0.5181359052658081 
v 0.012167524546384811 1.4361002445220947 -0.518286406993866 
v 0.01239087339490652 1.4359490871429443 -0.5184596180915833 
v 0.012502907775342464 1.4358652830123901 -0.5185381770133972 
v 0.012557845562696457 1.4358210563659668 -0.5185763239860535 
v 0.012583514675498009 1.4357972145080566 -0.5185946226119995 
v 0.012594550848007202 1.435784935951233 -0.5186048746109009 
v 0.012600787915289402 1.4357693195343018 -0.5186168551445007 
v 0.012062687426805496 1.4304554462432861 -0.5223615765571594 
v 0.012198232114315033 1.4304723739624023 -0.5223804116249084 
v 0.01265716552734375 1.430529236793518 -0.5224413871765137 
v 0.012660523876547813 1.430529236793518 -0.5224413871765137 
v 0.012660523876547813 1.4357693195343018 -0.5186168551445007 
v 0.0129918297752738 1.430504560470581 -0.5224199295043945 
v 0.012720019556581974 1.4357693195343018 -0.5186168551445007 
v 0.013128094375133514 1.4304780960083008 -0.5223883986473083 
v 0.013315457850694656 1.4304405450820923 -0.5223440527915955 
v 0.01272553764283657 1.4357842206954956 -0.518605649471283 
v 0.012930653989315033 1.4359490871429443 -0.5184596180915833 
v 0.013149924576282501 1.4360907077789307 -0.5182788372039795 
v 0.01331617683172226 1.4361965656280518 -0.5181432366371155 
v 0.013320735655725002 1.4304395914077759 -0.5223432183265686 
v 0.013559677638113499 1.436320424079895 -0.517898678779602 
v 0.013563756830990314 1.430357575416565 -0.5222393870353699 
v 0.013783027417957783 1.4363971948623657 -0.5176243185997009 
v 0.013630210421979427 1.4303351640701294 -0.5222105979919434 
v 0.01387083251029253 1.4302119016647339 -0.5220507383346558 
v 0.013871551491320133 1.4364274740219116 -0.5175153017044067 
v 0.013880908489227295 1.4302064180374146 -0.5220443606376648 
v 0.014021250419318676 1.4364473819732666 -0.517288088798523 
v 0.013927209191024303 1.4301713705062866 -0.5219975113868713 
v 0.014099459163844585 1.430041790008545 -0.5218252539634705 
v 0.014152716845273972 1.4364346265792847 -0.5170488953590393 
v 0.014152717776596546 1.4299887418746948 -0.5217555165290833 
v 0.011168090626597404 1.4364346265792847 -0.5170488953590393 
v 0.0112995570525527 1.4364466667175293 -0.5172888040542603 
v 0.011168090626597404 1.4364124536514282 -0.516903281211853 
v 0.012660523876547813 1.4364376068115234 -0.5168973207473755 
v 0.011168090626597404 1.436121940612793 -0.5162416100502014 
v 0.01145477406680584 1.43641996383667 -0.5175142288208008 
v 0.011531542986631393 1.4364056587219238 -0.5176262259483337 
v 0.012660523876547813 1.4364252090454102 -0.5176307559013367 
v 0.01176184881478548 1.4363205432891846 -0.517900288105011 
v 0.012010147795081139 1.4361850023269653 -0.5181359052658081 
v 0.012167524546384811 1.4361002445220947 -0.518286406993866 
v 0.012660523876547813 1.436106562614441 -0.5182920694351196 
v 0.01239087339490652 1.4359490871429443 -0.5184596180915833 
v 0.012502907775342464 1.4358652830123901 -0.5185381770133972 
v 0.012557845562696457 1.4358210563659668 -0.5185763239860535 
v 0.012583514675498009 1.4357972145080566 -0.5185946226119995 
v 0.012594550848007202 1.435784935951233 -0.5186048746109009 
v 0.012660523876547813 1.4357693195343018 -0.5186168551445007 
v 0.012600787915289402 1.4357693195343018 -0.5186168551445007 
v 0.012660523876547813 1.436142921447754 -0.5162261724472046 
v 0.011168090626597404 1.4355802536010742 -0.5157629251480103 
v 0.012660523876547813 1.4355932474136353 -0.5157400965690613 
v 0.011168090626597404 1.4354480504989624 -0.5156962871551514 
v 0.0112995570525527 1.4352240562438965 -0.5156130790710449 
v 0.011449255980551243 1.4350013732910156 -0.5155622363090515 
v 0.012660523876547813 1.4348907470703125 -0.5155286192893982 
v 0.011537780053913593 1.4348883628845215 -0.5155579447746277 
v 0.011761129833757877 1.4346040487289429 -0.5155471563339233 
v 0.012004630640149117 1.4343332052230835 -0.51558917760849 
v 0.012660523876547813 1.4341644048690796 -0.5156309604644775 
v 0.012170882895588875 1.434171199798584 -0.5156496167182922 
v 0.012390153482556343 1.433956265449524 -0.5157297253608704 
v 0.012660523876547813 1.4337513446807861 -0.5158524513244629 
v 0.01259527076035738 1.4337671995162964 -0.515842080116272 
v 0.012600787915289402 1.433752179145813 -0.5158533453941345 
v 0.011168090626597404 1.4337165355682373 -0.5187243223190308 
v 0.011168090626597404 1.435106873512268 -0.5177090167999268 
v 0.014152716845273972 1.4337644577026367 -0.5187534093856812 
v 0.014152716845273972 1.4351367950439453 -0.5177506804466248 
v 0.011168090626597404 1.4352784156799316 -0.5175125002861023 
v 0.014152716845273972 1.4353240728378296 -0.5175370573997498 
v 0.011168090626597404 1.4353468418121338 -0.5172597765922546 
v 0.014152716845273972 1.4353989362716675 -0.5172629356384277 
v 0.011168090626597404 1.4352998733520508 -0.5170033574104309 
v 0.014152716845273972 1.4353480339050293 -0.5169832706451416 
v 0.011168090626597404 1.4351460933685303 -0.5167922973632812 
v 0.014152716845273972 1.435179591178894 -0.5167528390884399 
v 0.011168090626597404 1.4349162578582764 -0.5166692137718201 
v 0.014152716845273972 1.4349292516708374 -0.5166192650794983 
v 0.011168090626597404 1.4346542358398438 -0.5166584849357605 
v 0.014152716845273972 1.4346452951431274 -0.5166065096855164 
v 0.011168090626597404 1.4344134330749512 -0.5167606472969055 
v 0.014152716845273972 1.4343838691711426 -0.5167186260223389 
v 0.011168090626597404 1.4330246448516846 -0.5177760720252991 
v 0.014152716845273972 1.4330106973648071 -0.5177205204963684 
v 0.011168090626597404 1.4336919784545898 -0.5188767313957214 
v 0.014152716845273972 1.4337410926818848 -0.5189063549041748 
v 0.011168090626597404 1.4337165355682373 -0.5187243223190308 
v 0.014152716845273972 1.4337644577026367 -0.5187534093856812 
v 0.014152716845273972 1.4337410926818848 -0.5189063549041748 
v 0.011168090626597404 1.4336919784545898 -0.5188767313957214 
v 0.014152716845273972 1.432766318321228 -0.5196164846420288 
v 0.011168090626597404 1.4327360391616821 -0.5195751786231995 
v 0.014152716845273972 1.4324051141738892 -0.5197569727897644 
v 0.011168090626597404 1.4323996305465698 -0.5197049379348755 
v 0.014152717776596546 1.4320224523544312 -0.5196971297264099 
v 0.011168090626597404 1.4320435523986816 -0.5196495056152344 
v 0.014152717776596546 1.4317207336425781 -0.5194534659385681 
v 0.011168090626597404 1.4317625761032104 -0.5194226503372192 
v 0.014152717776596546 1.4315805435180664 -0.5190922021865845 
v 0.011168090626597404 1.4316325187683105 -0.519087016582489 
v 0.014152717776596546 1.4316405057907104 -0.5187092423439026 
v 0.011168090626597404 1.4316883087158203 -0.518730103969574 
v 0.014152716845273972 1.4318839311599731 -0.5184086561203003 
v 0.011168090626597404 1.4319146871566772 -0.518449604511261 
v 0.014152716845273972 1.432857871055603 -0.5176976323127747 
v 0.011168090626597404 1.4328714609146118 -0.5177519917488098 
v 0.011168091557919979 1.4290006160736084 -0.520402729511261 
v 0.011221349239349365 1.4289501905441284 -0.5203304886817932 
v 0.011168090626597404 1.4354480504989624 -0.5156962871551514 
v 0.0112995570525527 1.4352240562438965 -0.5156130790710449 
v 0.011393599212169647 1.4288262128829956 -0.5201544165611267 
v 0.01143990084528923 1.4287923574447632 -0.5201064944267273 
v 0.011449255980551243 1.4350013732910156 -0.5155622363090515 
v 0.011449976824223995 1.4287875890731812 -0.520099401473999 
v 0.011537780053913593 1.4348883628845215 -0.5155579447746277 
v 0.011690598912537098 1.428672194480896 -0.5199335217475891 
v 0.011757051572203636 1.4286519289016724 -0.5199025869369507 
v 0.011761129833757877 1.4346040487289429 -0.5155471563339233 
v 0.012000072747468948 1.4285789728164673 -0.5197933316230774 
v 0.012004630640149117 1.4343332052230835 -0.51558917760849 
v 0.012005350552499294 1.4285781383514404 -0.5197924375534058 
v 0.012170882895588875 1.434171199798584 -0.5156496167182922 
v 0.012390153482556343 1.433956265449524 -0.5157297253608704 
v 0.01259527076035738 1.4337671995162964 -0.515842080116272 
v 0.012600787915289402 1.433752179145813 -0.5158533453941345 
v 0.01219271495938301 1.4285472631454468 -0.5197432041168213 
v 0.012328979559242725 1.428525686264038 -0.5197086334228516 
v 0.012660523876547813 1.4337513446807861 -0.5158524513244629 
v 0.012660524807870388 1.4285120964050293 -0.5196778774261475 
v 0.012720019556581974 1.433752179145813 -0.5158533453941345 
v 0.0126636428758502 1.4285120964050293 -0.5196778774261475 
v 0.013122576288878918 1.4285528659820557 -0.5197511911392212 
v 0.013258120976388454 1.4285653829574585 -0.5197728276252747 
v 0.013310659676790237 1.428582787513733 -0.5197979807853699 
v 0.012726257555186749 1.4337671995162964 -0.515842080116272 
v 0.012737292796373367 1.4337815046310425 -0.5158331394195557 
v 0.012762961909174919 1.4338070154190063 -0.5158165693283081 
v 0.012817899696528912 1.4338563680648804 -0.5157852172851562 
v 0.012929934076964855 1.433956265449524 -0.5157297253608704 
v 0.01315328385680914 1.4341669082641602 -0.5156386494636536 
v 0.013310659676790237 1.4343360662460327 -0.5156031847000122 
v 0.013558958657085896 1.4346028566360474 -0.5155466794967651 
v 0.013551042415201664 1.428661823272705 -0.5199149250984192 
v 0.013789264485239983 1.434889316558838 -0.515548586845398 
v 0.013866033405065536 1.4350004196166992 -0.5155700445175171 
v 0.013768154196441174 1.4287327527999878 -0.5200212597846985 
v 0.013856678269803524 1.428794026374817 -0.5201082229614258 
v 0.014021250419318676 1.4352232217788696 -0.5156121850013733 
v 0.013911616057157516 1.428832769393921 -0.5201632976531982 
v 0.014152716845273972 1.4354480504989624 -0.5156962871551514 
v 0.014152717776596546 1.4290006160736084 -0.520402729511261 
v 0.011168090626597404 1.4330246448516846 -0.5177760720252991 
v 0.014152716845273972 1.4330106973648071 -0.5177205204963684 
v 0.011168090626597404 1.4328714609146118 -0.5177519917488098 
v 0.014152716845273972 1.432857871055603 -0.5176976323127747 
v 0.015953904017806053 1.4466466903686523 -0.5441155433654785 
v 0.012658124789595604 1.4466779232025146 -0.5441643595695496 
v 0.016052743420004845 1.446755051612854 -0.5440112352371216 
v 0.01608153246343136 1.446779727935791 -0.5439701676368713 
v 0.012655725702643394 1.446794033050537 -0.5440525412559509 
v 0.016083212569355965 1.4467803239822388 -0.5439679026603699 
v 0.012655725702643394 1.4468145370483398 -0.5440189838409424 
v 0.016153743490576744 1.446840763092041 -0.5438683032989502 
v 0.01620076410472393 1.446865439414978 -0.543781578540802 
v 0.012655725702643394 1.4468145370483398 -0.5440189838409424 
v 0.016224274411797523 1.44687819480896 -0.5437371134757996 
v 0.01265716552734375 1.446879267692566 -0.5439083576202393 
v 0.012658844701945782 1.4469107389450073 -0.5437880754470825 
v 0.016230512410402298 1.446881651878357 -0.5437252521514893 
v 0.016252342611551285 1.4468833208084106 -0.5436695218086243 
v 0.012658844701945782 1.4469107389450073 -0.5437880754470825 
v 0.012658844701945782 1.4469165802001953 -0.5437653660774231 
v 0.012661243788897991 1.446920394897461 -0.5436248779296875 
v 0.012661962769925594 1.4469000101089478 -0.5435400009155273 
v 0.016287608072161674 1.446886658668518 -0.5435801148414612 
v 0.016295526176691055 1.4468798637390137 -0.5435495972633362 
v 0.016312798485159874 1.4468666315078735 -0.5434865951538086 
v 0.0126636428758502 1.4468802213668823 -0.5434615015983582 
v 0.01632671244442463 1.4468549489974976 -0.5434320569038391 
v 0.012664361856877804 1.4468263387680054 -0.5433570742607117 
v 0.016327671706676483 1.4468505382537842 -0.5434245467185974 
v 0.01634182594716549 1.446790337562561 -0.5433011054992676 
v 0.0129918297752738 1.430504560470581 -0.5224199295043945 
v 0.013136010617017746 1.4303795099258423 -0.5225034356117249 
v 0.01265716552734375 1.4304275512695312 -0.5225526094436646 
v 0.01265956461429596 1.4303710460662842 -0.5227025151252747 
v 0.01265956461429596 1.430371642112732 -0.5227053165435791 
v 0.013157841749489307 1.430322527885437 -0.5226536989212036 
v 0.013579350896179676 1.4302575588226318 -0.5223507285118103 
v 0.013320735655725002 1.4304395914077759 -0.5223432183265686 
v 0.013563756830990314 1.430357575416565 -0.5222393870353699 
v 0.013630210421979427 1.4303351640701294 -0.5222105979919434 
v 0.013951439410448074 1.430066704750061 -0.5221033096313477 
v 0.01387083251029253 1.4302119016647339 -0.5220507383346558 
v 0.013880908489227295 1.4302064180374146 -0.5220443606376648 
v 0.013927209191024303 1.4301713705062866 -0.5219975113868713 
v 0.014185824431478977 1.4298756122589111 -0.5218476057052612 
v 0.014099459163844585 1.430041790008545 -0.5218252539634705 
v 0.01418270543217659 1.4298856258392334 -0.521839439868927 
v 0.014152717776596546 1.4299887418746948 -0.5217555165290833 
v 0.013315457850694656 1.4304405450820923 -0.5223440527915955 
v 0.013128094375133514 1.4304780960083008 -0.5223883986473083 
v 0.014016453176736832 1.4299941062927246 -0.5222316980361938 
v 0.01362469233572483 1.430192470550537 -0.522491991519928 
v 0.01369522325694561 1.430189847946167 -0.5226365327835083 
v 0.013917853124439716 1.4300907850265503 -0.5225088000297546 
v 0.014115292578935623 1.4299755096435547 -0.5223563313484192 
v 0.014273388311266899 1.4297823905944824 -0.5219438076019287 
v 0.01427122950553894 1.4297842979431152 -0.5219420194625854 
v 0.014192061498761177 1.4298555850982666 -0.5218638777732849 
v 0.014293060638010502 1.4297645092010498 -0.5219630599021912 
v 0.012660524807870388 1.4303789138793945 -0.5228637456893921 
v 0.01292513683438301 1.4303656816482544 -0.5228546857833862 
v 0.01265956461429596 1.430371642112732 -0.5227053165435791 
v 0.013193827122449875 1.4303274154663086 -0.5228111147880554 
v 0.013452442362904549 1.4302690029144287 -0.5227381587028503 
v 0.013496343977749348 1.4303094148635864 -0.5228405594825745 
v 0.01375088095664978 1.4302184581756592 -0.522723376750946 
v 0.012660524807870388 1.4303810596466064 -0.5228667259216309 
v 0.012939291074872017 1.4304107427597046 -0.5229626297950745 
v 0.012660524807870388 1.4303810596466064 -0.5228667259216309 
v 0.012660524807870388 1.430442214012146 -0.5229977369308472 
v 0.012660523876547813 1.430674433708191 -0.5233162045478821 
v 0.013230052776634693 1.4303779602050781 -0.5229254364967346 
v 0.01564515009522438 1.4306329488754272 -0.5233467221260071 
v 0.013343526981770992 1.4303648471832275 -0.5229113101959229 
v 0.012660523876547813 1.4308538436889648 -0.523493766784668 
v 0.01564515009522438 1.4308233261108398 -0.5235354900360107 
v 0.01564515009522438 1.4340754747390747 -0.5258697271347046 
v 0.012660523876547813 1.434106469154358 -0.5258292555809021 
v 0.014003978110849857 1.4301280975341797 -0.5226073861122131 
v 0.014047880657017231 1.430112600326538 -0.5225870609283447 
v 0.014195180498063564 1.4299980401992798 -0.522433876991272 
v 0.014285143464803696 1.4298450946807861 -0.5221831798553467 
v 0.014374627731740475 1.4298577308654785 -0.5222468972206116 
v 0.014409893192350864 1.4297314882278442 -0.5220257639884949 
v 0.014438681304454803 1.4297230243682861 -0.5220407247543335 
v 0.01454375870525837 1.4297242164611816 -0.5220699906349182 
v 0.01564515009522438 1.4277845621109009 -0.5194452404975891 
v 0.01454375870525837 1.4286211729049683 -0.520557701587677 
v 0.014432444237172604 1.4286506175994873 -0.5205678343772888 
v 0.014438681304454803 1.4297230243682861 -0.5220407247543335 
v 0.014409893192350864 1.4286640882492065 -0.5205647349357605 
v 0.014409893192350864 1.4297314882278442 -0.5220257639884949 
v 0.014405095018446445 1.4297327995300293 -0.5220227241516113 
v 0.014293060638010502 1.4297645092010498 -0.5219630599021912 
v 0.014404375106096268 1.4286680221557617 -0.5205642580986023 
v 0.014282984659075737 1.4287406206130981 -0.5205456614494324 
v 0.014273388311266899 1.4297823905944824 -0.5219438076019287 
v 0.01427122950553894 1.4287554025650024 -0.5205379724502563 
v 0.01427122950553894 1.4297842979431152 -0.5219420194625854 
v 0.014269550330936909 1.4287583827972412 -0.5205366611480713 
v 0.014192061498761177 1.4298555850982666 -0.5218638777732849 
v 0.01418270543217659 1.4288713932037354 -0.5204835534095764 
v 0.014185824431478977 1.4298756122589111 -0.5218476057052612 
v 0.014181746169924736 1.4288767576217651 -0.5204800963401794 
v 0.01418270543217659 1.4298856258392334 -0.521839439868927 
v 0.014178627170622349 1.4288876056671143 -0.5204727649688721 
v 0.014152717776596546 1.4290006160736084 -0.520402729511261 
v 0.014152717776596546 1.4299887418746948 -0.5217555165290833 
v 0.014405095018446445 1.4297327995300293 -0.5220227241516113 
v 0.01265716552734375 1.4304275512695312 -0.5225526094436646 
v 0.01265716552734375 1.4304279088974 -0.5225507020950317 
v 0.012660523876547813 1.430529236793518 -0.5224413871765137 
v 0.01265716552734375 1.430529236793518 -0.5224413871765137 
v 0.01437990553677082 1.4284892082214355 -0.5203726291656494 
v 0.014432444237172604 1.4286506175994873 -0.5205678343772888 
v 0.014409893192350864 1.4286640882492065 -0.5205647349357605 
v 0.014284424483776093 1.4285492897033691 -0.5204067826271057 
v 0.014404375106096268 1.4286680221557617 -0.5205642580986023 
v 0.014282984659075737 1.4287406206130981 -0.5205456614494324 
v 0.01411433331668377 1.4284229278564453 -0.520229697227478 
v 0.014206935651600361 1.428350567817688 -0.5201771259307861 
v 0.014138802886009216 1.4282946586608887 -0.5201000571250916 
v 0.01399222295731306 1.428240418434143 -0.5200195908546448 
v 0.013916173949837685 1.4283136129379272 -0.5200730562210083 
v 0.014015013352036476 1.428547739982605 -0.5202512145042419 
v 0.01427122950553894 1.4287554025650024 -0.5205379724502563 
v 0.014269550330936909 1.4287583827972412 -0.5205366611480713 
v 0.013950719498097897 1.4286932945251465 -0.5202203392982483 
v 0.01418270543217659 1.4288713932037354 -0.5204835534095764 
v 0.014181746169924736 1.4288767576217651 -0.5204800963401794 
v 0.014178627170622349 1.4288876056671143 -0.5204727649688721 
v 0.013911616057157516 1.428832769393921 -0.5201632976531982 
v 0.014152717776596546 1.4290006160736084 -0.520402729511261 
v 0.013856678269803524 1.428794026374817 -0.5201082229614258 
v 0.013768154196441174 1.4287327527999878 -0.5200212597846985 
v 0.013576951809227467 1.4285147190093994 -0.5199641585350037 
v 0.013551042415201664 1.428661823272705 -0.5199149250984192 
v 0.013131213374435902 1.4284065961837769 -0.5197997689247131 
v 0.013310659676790237 1.428582787513733 -0.5197979807853699 
v 0.013258120976388454 1.4285653829574585 -0.5197728276252747 
v 0.013122576288878918 1.4285528659820557 -0.5197511911392212 
v 0.012662683613598347 1.4283735752105713 -0.5197357535362244 
v 0.0126636428758502 1.4285120964050293 -0.5196778774261475 
v 0.013622533529996872 1.4283616542816162 -0.5199821591377258 
v 0.013693064451217651 1.428221344947815 -0.5199403762817383 
v 0.013746323063969612 1.4281476736068726 -0.5198857188224792 
v 0.01350090280175209 1.428054928779602 -0.519751787185669 
v 0.013460359536111355 1.4280391931533813 -0.5197283625602722 
v 0.013448604382574558 1.428148865699768 -0.5198338627815247 
v 0.012660524807870388 1.4278268814086914 -0.5194140672683716 
v 0.01564515009522438 1.4274616241455078 -0.5188490748405457 
v 0.012660524807870388 1.4275109767913818 -0.5188311338424683 
v 0.01564515009522438 1.4272959232330322 -0.5179908871650696 
v 0.012660524807870388 1.4273488521575928 -0.5179897546768188 
v 0.01564515009522438 1.427432656288147 -0.5171273946762085 
v 0.012660524807870388 1.4274812936782837 -0.5171440243721008 
v 0.01564515009522438 1.4278525114059448 -0.5163604021072388 
v 0.012660523876547813 1.4278931617736816 -0.5163931846618652 
v 0.01564515009522438 1.4282846450805664 -0.5159359574317932 
v 0.012660523876547813 1.428354263305664 -0.5159489512443542 
v 0.012660524807870388 1.4279555082321167 -0.5195905566215515 
v 0.01293137390166521 1.4279838800430298 -0.5196371674537659 
v 0.013221416622400284 1.4280139207839966 -0.5196871161460876 
v 0.012918899767100811 1.4280683994293213 -0.5197081565856934 
v 0.013189269229769707 1.4280976057052612 -0.5197556614875793 
v 0.013154003769159317 1.4282461404800415 -0.5198096632957458 
v 0.012662683613598347 1.4283406734466553 -0.5197493433952332 
v 0.012662683613598347 1.4283735752105713 -0.5197357535362244 
v 0.012660524807870388 1.4279922246932983 -0.5196340084075928 
v 0.012660524807870388 1.4280678033828735 -0.5196817517280579 
v 0.012661963701248169 1.4282146692276 -0.5197390913963318 
v 0.012661963701248169 1.4282146692276 -0.5197390913963318 
v 0.012661243788897991 1.4281498193740845 -0.5197332501411438 
v 0.012660524807870388 1.4280678033828735 -0.5196817517280579 
v 0.012660523876547813 1.4351361989974976 -0.5259943604469299 
v 0.012660523876547813 1.4350824356079102 -0.5259438753128052 
v 0.01564515009522438 1.4351189136505127 -0.5260584950447083 
v 0.01564515009522438 1.4350565671920776 -0.5260029435157776 
v 0.012660523876547813 1.4350744485855103 -0.5259415507316589 
v 0.012660523876547813 1.4350732564926147 -0.5259410738945007 
v 0.01265956461429596 1.4349920749664307 -0.5259140729904175 
v 0.012660523876547813 1.4349803924560547 -0.5259153842926025 
v 0.01564515009522438 1.4349628686904907 -0.5259763598442078 
v 0.01564515009522438 1.4348875284194946 -0.5259891748428345 
v 0.012660523876547813 1.4349803924560547 -0.5259153842926025 
v 0.012660523876547813 1.4348983764648438 -0.5259280204772949 
v 0.012660523876547813 1.428354263305664 -0.5159489512443542 
v 0.01564515009522438 1.4282846450805664 -0.5159359574317932 
v 0.012660523876547813 1.428401231765747 -0.5158997178077698 
v 0.01564515009522438 1.4283289909362793 -0.5158892273902893 
v 0.012660523876547813 1.4284019470214844 -0.5158990025520325 
v 0.01265956461429596 1.4284318685531616 -0.5158190727233887 
v 0.01564515009522438 1.4283596277236938 -0.5158085823059082 
v 0.01265956461429596 1.4284318685531616 -0.5158190727233887 
v 0.012660523876547813 1.4284268617630005 -0.5157344341278076 
v 0.01564515009522438 1.4283549785614014 -0.5157235860824585 
v 0.01564515009522438 1.4283244609832764 -0.5156621932983398 
v 0.012660523876547813 1.4284268617630005 -0.5157344341278076 
v 0.012660523876547813 1.4283970594406128 -0.5156723260879517 
v 0.014346317388117313 1.4493942260742188 -0.5403488278388977 
v 0.016590844839811325 1.4496861696243286 -0.5401308536529541 
v 0.013833166100084782 1.4494283199310303 -0.5403357744216919 
v 0.012660522945225239 1.449702262878418 -0.5401488542556763 
v 0.014951111748814583 1.449359655380249 -0.5403606295585632 
v 0.01564515009522438 1.4493250846862793 -0.5403708815574646 
v 0.01564515009522438 1.449172019958496 -0.5404243469238281 
v 0.016590844839811325 1.4491708278656006 -0.5404186844825745 
v 0.016590844839811325 1.4485799074172974 -0.5404341220855713 
v 0.01564515009522438 1.44857919216156 -0.5404399633407593 
v 0.016590844839811325 1.4480500221252441 -0.5401737093925476 
v 0.01564515009522438 1.4480456113815308 -0.5401780605316162 
v 0.016590844839811325 1.447702169418335 -0.539696455001831 
v 0.01564515009522438 1.4476964473724365 -0.5396987199783325 
v 0.016590844839811325 1.4476152658462524 -0.5391125679016113 
v 0.01564515009522438 1.4476089477539062 -0.5391120314598083 
v 0.016590844839811325 1.4478105306625366 -0.5385550260543823 
v 0.01564515009522438 1.4478051662445068 -0.5385517477989197 
v 0.016590844839811325 1.4482414722442627 -0.5381521582603455 
v 0.01564515009522438 1.4482382535934448 -0.5381467342376709 
v 0.016590844839811325 1.4484338760375977 -0.5380652546882629 
v 0.016532069072127342 1.4485783576965332 -0.5380236506462097 
v 0.016575250774621964 1.448510766029358 -0.5380407571792603 
v 0.01564515009522438 1.448811650276184 -0.5379896759986877 
v 0.01632671244442463 1.4488111734390259 -0.5379935503005981 
v 0.01610192470252514 1.4491080045700073 -0.5380207896232605 
v 0.01564515009522438 1.4493156671524048 -0.5380828380584717 
v 0.015932073816657066 1.449389100074768 -0.5381174683570862 
v 0.01486330758780241 1.4493557214736938 -0.5380943417549133 
v 0.014198297634720802 1.449394702911377 -0.5381085276603699 
v 0.015825556591153145 1.4496405124664307 -0.5382802486419678 
v 0.013527770526707172 1.4494420289993286 -0.538128137588501 
v 0.012660522945225239 1.4496452808380127 -0.5382739901542664 
v 0.013046526350080967 1.4494892358779907 -0.5381512641906738 
v 0.012756723910570145 1.44953453540802 -0.5381778478622437 
v 0.01270898338407278 1.4495563507080078 -0.5381919741630554 
v 0.01268475316464901 1.4495563507080078 -0.5381919741630554 
v 0.012666760943830013 1.4495670795440674 -0.5381984710693359 
v 0.012661962769925594 1.4495724439620972 -0.5382032990455627 
v 0.012660522945225239 1.449577808380127 -0.5382065176963806 
v 0.012660522945225239 1.4498604536056519 -0.538487434387207 
v 0.0157893318682909 1.4498440027236938 -0.5384985208511353 
v 0.012660522945225239 1.4499748945236206 -0.5387657284736633 
v 0.015825556591153145 1.4499897956848145 -0.5387595891952515 
v 0.012660522945225239 1.4500889778137207 -0.5390443801879883 
v 0.015932073816657066 1.450068712234497 -0.5390473008155823 
v 0.012660522945225239 1.4500606060028076 -0.5393440127372742 
v 0.01610192470252514 1.4500749111175537 -0.5393452644348145 
v 0.012660522945225239 1.4500319957733154 -0.5396440029144287 
v 0.01632671244442463 1.4500094652175903 -0.5396356582641602 
v 0.012660522945225239 1.4498673677444458 -0.5398962497711182 
v 0.016532069072127342 1.4499104022979736 -0.5398489832878113 
v 0.016575250774621964 1.4498740434646606 -0.5399082899093628 
v 0.016590844839811325 1.4498274326324463 -0.5399740934371948 
v 0.013411657884716988 1.4494614601135254 -0.5403202772140503 
v 0.013083470985293388 1.4494928121566772 -0.5403030514717102 
v 0.012848366983234882 1.4495246410369873 -0.5402854681015015 
v 0.012754324823617935 1.4495559930801392 -0.5402666330337524 
v 0.012707304209470749 1.4495559930801392 -0.5402666330337524 
v 0.01267203874886036 1.4495705366134644 -0.5402557849884033 
v 0.012663641944527626 1.449578881263733 -0.5402510166168213 
v 0.012661242857575417 1.4495818614959717 -0.5402481555938721 
v 0.012660522945225239 1.4495859146118164 -0.540245771408081 
v 0.012660522945225239 1.4495859146118164 -0.540245771408081 
v 0.012660523876547813 1.446325421333313 -0.5426239967346191 
v 0.012661242857575417 1.4495818614959717 -0.5402481555938721 
v 0.012663641944527626 1.449578881263733 -0.5402510166168213 
v 0.01564515009522438 1.4462954998016357 -0.5425823330879211 
v 0.01267203874886036 1.4495705366134644 -0.5402557849884033 
v 0.012707304209470749 1.4495559930801392 -0.5402666330337524 
v 0.012848366983234882 1.4495246410369873 -0.5402854681015015 
v 0.013083470985293388 1.4494928121566772 -0.5403030514717102 
v 0.013411657884716988 1.4494614601135254 -0.5403202772140503 
v 0.013833166100084782 1.4494283199310303 -0.5403357744216919 
v 0.014346317388117313 1.4493942260742188 -0.5403488278388977 
v 0.014951111748814583 1.449359655380249 -0.5403606295585632 
v 0.01564515009522438 1.4493250846862793 -0.5403708815574646 
v 0.012660522945225239 1.449577808380127 -0.5382065176963806 
v 0.012661962769925594 1.4495724439620972 -0.5382032990455627 
v 0.012660523876547813 1.4380686283111572 -0.529943585395813 
v 0.012666760943830013 1.4495670795440674 -0.5381984710693359 
v 0.01268475316464901 1.4495563507080078 -0.5381919741630554 
v 0.012756723910570145 1.44953453540802 -0.5381778478622437 
v 0.013046526350080967 1.4494892358779907 -0.5381512641906738 
v 0.013527770526707172 1.4494420289993286 -0.538128137588501 
v 0.014198297634720802 1.449394702911377 -0.5381085276603699 
v 0.01486330758780241 1.4493557214736938 -0.5380943417549133 
v 0.01564515009522438 1.4493156671524048 -0.5380828380584717 
v 0.01564515009522438 1.4380303621292114 -0.5299810171127319 
v 0.01564515009522438 1.4378525018692017 -0.5298036336898804 
v 0.012660523876547813 1.4378892183303833 -0.5297660231590271 
v 0.012660523876547813 1.4375218152999878 -0.5292622447013855 
v 0.013383589684963226 1.437427282333374 -0.5291537046432495 
v 0.013997020199894905 1.4371761083602905 -0.5288284420967102 
v 0.014406774193048477 1.4368091821670532 -0.5283376574516296 
v 0.014550715684890747 1.4363806247711182 -0.5277551412582397 
v 0.01564515009522438 1.4351189136505127 -0.5260584950447083 
v 0.014406774193048477 1.4359561204910278 -0.5271686315536499 
v 0.013997020199894905 1.4356008768081665 -0.5266698598861694 
v 0.013383589684963226 1.4353673458099365 -0.526332437992096 
v 0.012660523876547813 1.4351361989974976 -0.5259943604469299 
v 0.012660523876547813 1.4352933168411255 -0.5262088775634766 
v 0.012660523876547813 1.436334490776062 -0.5255334377288818 
v 0.013361519202589989 1.4364005327224731 -0.5256444811820984 
v 0.012660523876547813 1.4384819269180298 -0.5284751653671265 
v 0.013361519202589989 1.4383968114852905 -0.5283793807029724 
v 0.013963913545012474 1.436621069908142 -0.5259642004966736 
v 0.013963913545012474 1.4381585121154785 -0.5280702114105225 
v 0.014369828626513481 1.4369672536849976 -0.526449978351593 
v 0.014369828626513481 1.4378024339675903 -0.5275941491127014 
v 0.014513290487229824 1.4373822212219238 -0.5270237922668457 
v 0.012660523876547813 1.4348983764648438 -0.5259280204772949 
v 0.012660523876547813 1.4346437454223633 -0.5259895920753479 
v 0.01564515009522438 1.4348875284194946 -0.5259891748428345 
v 0.01564515009522438 1.4346476793289185 -0.5260414481163025 
v 0.01564515009522438 1.4343211650848389 -0.5259993672370911 
v 0.012660523876547813 1.4343382120132446 -0.52595055103302 
v 0.01564515009522438 1.4340754747390747 -0.5258697271347046 
v 0.012660523876547813 1.434106469154358 -0.5258292555809021 
v 0.012720019556581974 1.4357693195343018 -0.5186168551445007 
v 0.012660523876547813 1.4357693195343018 -0.5186168551445007 
v 0.01272553764283657 1.4357842206954956 -0.518605649471283 
v 0.012930653989315033 1.4359490871429443 -0.5184596180915833 
v 0.012660523876547813 1.436106562614441 -0.5182920694351196 
v 0.013149924576282501 1.4360907077789307 -0.5182788372039795 
v 0.01331617683172226 1.4361965656280518 -0.5181432366371155 
v 0.012660523876547813 1.4364252090454102 -0.5176307559013367 
v 0.013559677638113499 1.436320424079895 -0.517898678779602 
v 0.013783027417957783 1.4363971948623657 -0.5176243185997009 
v 0.013871551491320133 1.4364274740219116 -0.5175153017044067 
v 0.012660523876547813 1.4364376068115234 -0.5168973207473755 
v 0.014021250419318676 1.4364473819732666 -0.517288088798523 
v 0.014152716845273972 1.4364346265792847 -0.5170488953590393 
v 0.014152716845273972 1.4364124536514282 -0.516903281211853 
v 0.012660523876547813 1.436142921447754 -0.5162261724472046 
v 0.014152716845273972 1.436121940612793 -0.5162416100502014 
v 0.012660523876547813 1.4355932474136353 -0.5157400965690613 
v 0.014152716845273972 1.4355802536010742 -0.5157629251480103 
v 0.014021250419318676 1.4352232217788696 -0.5156121850013733 
v 0.014152716845273972 1.4354480504989624 -0.5156962871551514 
v 0.013866033405065536 1.4350004196166992 -0.5155700445175171 
v 0.013789264485239983 1.434889316558838 -0.515548586845398 
v 0.012660523876547813 1.4348907470703125 -0.5155286192893982 
v 0.013558958657085896 1.4346028566360474 -0.5155466794967651 
v 0.013310659676790237 1.4343360662460327 -0.5156031847000122 
v 0.01315328385680914 1.4341669082641602 -0.5156386494636536 
v 0.012660523876547813 1.4341644048690796 -0.5156309604644775 
v 0.012929934076964855 1.433956265449524 -0.5157297253608704 
v 0.012817899696528912 1.4338563680648804 -0.5157852172851562 
v 0.012762961909174919 1.4338070154190063 -0.5158165693283081 
v 0.012737292796373367 1.4337815046310425 -0.5158331394195557 
v 0.012726257555186749 1.4337671995162964 -0.515842080116272 
v 0.012660523876547813 1.4337513446807861 -0.5158524513244629 
v 0.012720019556581974 1.433752179145813 -0.5158533453941345 
v 0.01564515009522438 1.4283244609832764 -0.5156621932983398 
v 0.01564515009522438 1.4271659851074219 -0.5140740871429443 
v 0.012660523876547813 1.4283970594406128 -0.5156723260879517 
v 0.01564515009522438 1.4258946180343628 -0.5123329162597656 
v 0.012660524807870388 1.4259364604949951 -0.5123021006584167 
v 0.012660524807870388 1.4257593154907227 -0.5121408700942993 
v 0.015671059489250183 1.425732970237732 -0.5121868848800659 
v 0.012660524807870388 1.425533652305603 -0.5120626091957092 
v 0.01574327051639557 1.4255262613296509 -0.512115478515625 
v 0.012660524807870388 1.4252952337265015 -0.5120795965194702 
v 0.01584978774189949 1.4253098964691162 -0.5121328830718994 
v 0.012660524807870388 1.4250823259353638 -0.512188196182251 
v 0.01597357727587223 1.4251176118850708 -0.5122331380844116 
v 0.01651407778263092 1.424391746520996 -0.5128265023231506 
v 0.01564515009522438 1.4236881732940674 -0.5133675932884216 
v 0.016527272760868073 1.424353003501892 -0.5128576159477234 
v 0.016540706157684326 1.424314260482788 -0.5128887295722961 
v 0.016540706157684326 1.4237220287322998 -0.5133616328239441 
v 0.01564515195786953 1.419312596321106 -0.5168635249137878 
v 0.012660524807870388 1.4192744493484497 -0.516828179359436 
v 0.015953905880451202 1.421274185180664 -0.5225867629051208 
v 0.015953905880451202 1.4209527969360352 -0.5222979784011841 
v 0.012660524807870388 1.4212349653244019 -0.5226284265518188 
v 0.012660524807870388 1.4207077026367188 -0.5221762657165527 
v 0.015953905880451202 1.4207372665405273 -0.5221372246742249 
v 0.015953905880451202 1.4204144477844238 -0.5218955874443054 
v 0.012660524807870388 1.4199262857437134 -0.5216668844223022 
v 0.015953905880451202 1.4199507236480713 -0.5216211080551147 
v 0.015953905880451202 1.4198356866836548 -0.5215528607368469 
v 0.012660524807870388 1.4190775156021118 -0.5212808847427368 
v 0.015953905880451202 1.4192240238189697 -0.5212744474411011 
v 0.015953905880451202 1.4190958738327026 -0.521232545375824 
v 0.015953905880451202 1.4185867309570312 -0.5210633277893066 
v 0.012660524807870388 1.4181815385818481 -0.521025538444519 
v 0.015953905880451202 1.4181904792785645 -0.5209779143333435 
v 0.015953905880451202 1.417929768562317 -0.520922064781189 
v 0.012660525739192963 1.417492389678955 -0.5209242105484009 
v 0.015953905880451202 1.4174998998641968 -0.5208678841590881 
v 0.016094248741865158 1.4175024032592773 -0.5208468437194824 
v 0.016110561788082123 1.4179332256317139 -0.5208984017372131 
v 0.01610984280705452 1.4175018072128296 -0.520844042301178 
v 0.016110561788082123 1.4175026416778564 -0.5208433270454407 
v 0.016254743561148643 1.41750967502594 -0.520780622959137 
v 0.016293847933411598 1.4179476499557495 -0.5208100080490112 
v 0.01627129688858986 1.4175111055374146 -0.5207673907279968 
v 0.01629168912768364 1.4175136089324951 -0.5207514762878418 
v 0.016376854851841927 1.4175218343734741 -0.5206825733184814 
v 0.016436589881777763 1.4179704189300537 -0.5206645131111145 
v 0.01641307957470417 1.417527675628662 -0.5206347107887268 
v 0.01643347181379795 1.4175300598144531 -0.5206069946289062 
v 0.016464658081531525 1.417535424232483 -0.5205645561218262 
v 0.016521034762263298 1.4179999828338623 -0.5204818844795227 
v 0.016504721716046333 1.4175466299057007 -0.5204640626907349 
v 0.016520315781235695 1.4175513982772827 -0.520423948764801 
v 0.016522714868187904 1.4175525903701782 -0.5204193592071533 
v 0.016540708020329475 1.4180234670639038 -0.5203320980072021 
v 0.016540708020329475 1.4175703525543213 -0.520275354385376 
v 0.016521034762263298 1.4187039136886597 -0.5206328630447388 
v 0.016540708020329475 1.4187434911727905 -0.5204877257347107 
v 0.016521034762263298 1.4193869829177856 -0.5208598971366882 
v 0.016540708020329475 1.419441819190979 -0.520718514919281 
v 0.016521034762263298 1.4200416803359985 -0.521158754825592 
v 0.016540708020329475 1.420111894607544 -0.521024227142334 
v 0.016521034762263298 1.4206613302230835 -0.5215256214141846 
v 0.016540708020329475 1.4207454919815063 -0.5213994383811951 
v 0.016521034762263298 1.4212381839752197 -0.5219563245773315 
v 0.016540708020329475 1.4213347434997559 -0.5218399167060852 
v 0.016521034762263298 1.4215819835662842 -0.5222636461257935 
v 0.016521994024515152 1.4215824604034424 -0.5222632884979248 
v 0.016540708020329475 1.4216865301132202 -0.5221546292304993 
v 0.01650160364806652 1.4215465784072876 -0.5223017334938049 
v 0.016436589881777763 1.4211187362670898 -0.5220985412597656 
v 0.016472574323415756 1.4214955568313599 -0.5223549604415894 
v 0.016431791707873344 1.4214563369750977 -0.5223966836929321 
v 0.016378533095121384 1.4214043617248535 -0.5224509835243225 
v 0.016368458047509193 1.4213987588882446 -0.5224563479423523 
v 0.016293847933411598 1.4210258722305298 -0.5222113728523254 
v 0.016290728002786636 1.4213556051254272 -0.5225020051002502 
v 0.016252344474196434 1.4213342666625977 -0.5225245356559753 
v 0.016156144440174103 1.4213052988052368 -0.5225545167922974 
v 0.016110561788082123 1.420967698097229 -0.5222800374031067 
v 0.01610984280705452 1.4212921857833862 -0.5225691199302673 
v 0.016102885827422142 1.4212899208068848 -0.5225712656974792 
v 0.015953905880451202 1.4207372665405273 -0.5221372246742249 
v 0.016110561788082123 1.4204272031784058 -0.5218762755393982 
v 0.015953905880451202 1.4199507236480713 -0.5216211080551147 
v 0.016293847933411598 1.4204771518707275 -0.5218021273612976 
v 0.016436589881777763 1.420557975769043 -0.521679162979126 
v 0.016436589881777763 1.4199563264846802 -0.5213233828544617 
v 0.016436589881777763 1.4193190336227417 -0.5210328102111816 
v 0.016436589881777763 1.4186547994613647 -0.5208125710487366 
v 0.016293847933411598 1.4186161756515503 -0.5209534764289856 
v 0.016293847933411598 1.4198877811431885 -0.5214529037475586 
v 0.016110561788082123 1.4198472499847412 -0.5215330719947815 
v 0.016110561788082123 1.419232726097107 -0.5212523937225342 
v 0.015953905880451202 1.4190958738327026 -0.521232545375824 
v 0.016293847933411598 1.4192646741867065 -0.5211687684059143 
v 0.016110561788082123 1.4185925722122192 -0.521040678024292 
v 0.015953905880451202 1.4181904792785645 -0.5209779143333435 
v 0.014152716845273972 1.436121940612793 -0.5162416100502014 
v 0.014152716845273972 1.435179591178894 -0.5167528390884399 
v 0.014152716845273972 1.4364124536514282 -0.516903281211853 
v 0.014152716845273972 1.4353480339050293 -0.5169832706451416 
v 0.014152716845273972 1.4364346265792847 -0.5170488953590393 
v 0.014152716845273972 1.4355802536010742 -0.5157629251480103 
v 0.014152716845273972 1.4349292516708374 -0.5166192650794983 
v 0.014152716845273972 1.4354480504989624 -0.5156962871551514 
v 0.014152716845273972 1.4346452951431274 -0.5166065096855164 
v 0.014152716845273972 1.4343838691711426 -0.5167186260223389 
v 0.014152716845273972 1.432857871055603 -0.5176976323127747 
v 0.014152716845273972 1.4330106973648071 -0.5177205204963684 
v 0.014152716845273972 1.4318839311599731 -0.5184086561203003 
v 0.014152717776596546 1.4290006160736084 -0.520402729511261 
v 0.014152717776596546 1.4316405057907104 -0.5187092423439026 
v 0.014152717776596546 1.4315805435180664 -0.5190922021865845 
v 0.014152717776596546 1.4317207336425781 -0.5194534659385681 
v 0.014152717776596546 1.4320224523544312 -0.5196971297264099 
v 0.014152717776596546 1.4299887418746948 -0.5217555165290833 
v 0.014152716845273972 1.4324051141738892 -0.5197569727897644 
v 0.014152716845273972 1.432766318321228 -0.5196164846420288 
v 0.014152716845273972 1.4337410926818848 -0.5189063549041748 
v 0.014152716845273972 1.4351367950439453 -0.5177506804466248 
v 0.014152716845273972 1.4337644577026367 -0.5187534093856812 
v 0.014152716845273972 1.4353240728378296 -0.5175370573997498 
v 0.014152716845273972 1.4353989362716675 -0.5172629356384277 
v 0.01564515009522438 1.4493250846862793 -0.5403708815574646 
v 0.01564515009522438 1.449172019958496 -0.5404243469238281 
v 0.01564515009522438 1.4462954998016357 -0.5425823330879211 
v 0.01564515009522438 1.44857919216156 -0.5404399633407593 
v 0.01564515009522438 1.4480456113815308 -0.5401780605316162 
v 0.01564515009522438 1.4452276229858398 -0.54124516248703 
v 0.01564515009522438 1.4476964473724365 -0.5396987199783325 
v 0.01564515009522438 1.4439849853515625 -0.5399622321128845 
v 0.01564515009522438 1.4476089477539062 -0.5391120314598083 
v 0.01564515195786953 1.419312596321106 -0.5168635249137878 
v 0.01564515009522438 1.4478051662445068 -0.5385517477989197 
v 0.01564515009522438 1.4482382535934448 -0.5381467342376709 
v 0.01564515009522438 1.448811650276184 -0.5379896759986877 
v 0.01564515009522438 1.4380303621292114 -0.5299810171127319 
v 0.01564515009522438 1.4493156671524048 -0.5380828380584717 
v 0.01564515009522438 1.4378525018692017 -0.5298036336898804 
v 0.01564515009522438 1.4308233261108398 -0.5235354900360107 
v 0.01564515009522438 1.4306329488754272 -0.5233467221260071 
v 0.01564515009522438 1.4340754747390747 -0.5258697271347046 
v 0.01564515009522438 1.4343211650848389 -0.5259993672370911 
v 0.01564515009522438 1.4346476793289185 -0.5260414481163025 
v 0.01564515009522438 1.4348875284194946 -0.5259891748428345 
v 0.01564515009522438 1.4351189136505127 -0.5260584950447083 
v 0.01564515009522438 1.4349628686904907 -0.5259763598442078 
v 0.01564515009522438 1.4350565671920776 -0.5260029435157776 
v 0.01564515009522438 1.4277845621109009 -0.5194452404975891 
v 0.01564515009522438 1.4252331256866455 -0.5154848694801331 
v 0.01564515009522438 1.4236881732940674 -0.5133675932884216 
v 0.01564515009522438 1.4274616241455078 -0.5188490748405457 
v 0.01564515009522438 1.4272959232330322 -0.5179908871650696 
v 0.01564515009522438 1.427432656288147 -0.5171273946762085 
v 0.01564515009522438 1.4278525114059448 -0.5163604021072388 
v 0.01564515009522438 1.4271659851074219 -0.5140740871429443 
v 0.01564515009522438 1.4282846450805664 -0.5159359574317932 
v 0.01564515009522438 1.4283244609832764 -0.5156621932983398 
v 0.01564515009522438 1.4283289909362793 -0.5158892273902893 
v 0.01564515009522438 1.4283549785614014 -0.5157235860824585 
v 0.01564515009522438 1.4283596277236938 -0.5158085823059082 
v 0.01564515009522438 1.4271659851074219 -0.5140740871429443 
v 0.01651407778263092 1.4259318113327026 -0.514936625957489 
v 0.01564515009522438 1.4252331256866455 -0.5154848694801331 
v 0.01653374917805195 1.4258931875228882 -0.51496422290802 
v 0.016540706157684326 1.4258517026901245 -0.5149946808815002 
v 0.016540706157684326 1.4252402782440186 -0.5154407024383545 
v 0.015671059489250183 1.425732970237732 -0.5121868848800659 
v 0.01564515009522438 1.4258946180343628 -0.5123329162597656 
v 0.01574327051639557 1.4255262613296509 -0.512115478515625 
v 0.01584978774189949 1.4253098964691162 -0.5121328830718994 
v 0.01597357727587223 1.4251176118850708 -0.5122331380844116 
v 0.01564515009522438 1.4271659851074219 -0.5140740871429443 
v 0.01651407778263092 1.4259318113327026 -0.514936625957489 
v 0.01651407778263092 1.424391746520996 -0.5128265023231506 
v 0.016527272760868073 1.424353003501892 -0.5128576159477234 
v 0.01653374917805195 1.4258931875228882 -0.51496422290802 
v 0.016540706157684326 1.424314260482788 -0.5128887295722961 
v 0.016540706157684326 1.4258517026901245 -0.5149946808815002 
v 0.016540706157684326 1.4237220287322998 -0.5133616328239441 
v 0.016540706157684326 1.4252402782440186 -0.5154407024383545 
v 0.016540706157684326 1.4252402782440186 -0.5154407024383545 
v 0.01564515009522438 1.4252331256866455 -0.5154848694801331 
v 0.016540706157684326 1.4237220287322998 -0.5133616328239441 
v 0.01564515009522438 1.4236881732940674 -0.5133675932884216 
v 0.0157893318682909 1.4498440027236938 -0.5384985208511353 
v 0.015825556591153145 1.4499897956848145 -0.5387595891952515 
v 0.015825556591153145 1.4496405124664307 -0.5382802486419678 
v 0.015932073816657066 1.449389100074768 -0.5381174683570862 
v 0.015932073816657066 1.450068712234497 -0.5390473008155823 
v 0.01610192470252514 1.4491080045700073 -0.5380207896232605 
v 0.01610192470252514 1.4500749111175537 -0.5393452644348145 
v 0.01632671244442463 1.4488111734390259 -0.5379935503005981 
v 0.01632671244442463 1.4500094652175903 -0.5396356582641602 
v 0.016532069072127342 1.4485783576965332 -0.5380236506462097 
v 0.016532069072127342 1.4499104022979736 -0.5398489832878113 
v 0.016575250774621964 1.448510766029358 -0.5380407571792603 
v 0.016575250774621964 1.4498740434646606 -0.5399082899093628 
v 0.016590844839811325 1.4484338760375977 -0.5380652546882629 
v 0.016590844839811325 1.4498274326324463 -0.5399740934371948 
v 0.016590844839811325 1.4496861696243286 -0.5401308536529541 
v 0.016590844839811325 1.4482414722442627 -0.5381521582603455 
v 0.016590844839811325 1.4478105306625366 -0.5385550260543823 
v 0.016590844839811325 1.447702169418335 -0.539696455001831 
v 0.016590844839811325 1.4476152658462524 -0.5391125679016113 
v 0.016590844839811325 1.4491708278656006 -0.5404186844825745 
v 0.016590844839811325 1.4485799074172974 -0.5404341220855713 
v 0.016590844839811325 1.4480500221252441 -0.5401737093925476 
v 0.015954624861478806 1.4167183637619019 -0.5189955234527588 
v 0.016094248741865158 1.4167366027832031 -0.5190097689628601 
v 0.016103604808449745 1.4167368412017822 -0.5190078020095825 
v 0.016116799786686897 1.4167392253875732 -0.5190123319625854 
v 0.01615302450954914 1.4167542457580566 -0.519019603729248 
v 0.016153745353221893 1.4167523384094238 -0.5190213918685913 
v 0.016156144440174103 1.4167557954788208 -0.5190197825431824 
v 0.01625162549316883 1.4167903661727905 -0.5190433263778687 
v 0.01626409962773323 1.416793704032898 -0.5190519094467163 
v 0.01627201773226261 1.4167983531951904 -0.5190558433532715 
v 0.016368458047509193 1.4168685674667358 -0.519095242023468 
v 0.016369177028536797 1.4168624877929688 -0.519104540348053 
v 0.016368458047509193 1.4168685674667358 -0.519095242023468 
v 0.01637781411409378 1.4168754816055298 -0.5190986394882202 
v 0.016373734921216965 1.4168648719787598 -0.5191055536270142 
v 0.01641307957470417 1.4169058799743652 -0.5191364288330078 
v 0.016467057168483734 1.416977047920227 -0.5191664695739746 
v 0.01646081916987896 1.4169576168060303 -0.5191753506660461 
v 0.01650160364806652 1.4170482158660889 -0.5192134380340576 
v 0.01650160364806652 1.417036771774292 -0.519234836101532 
v 0.016502322629094124 1.4170494079589844 -0.5192139148712158 
v 0.016504721716046333 1.417043685913086 -0.5192397832870483 
v 0.016517916694283485 1.4170811176300049 -0.5192353129386902 
v 0.0165219958871603 1.4170763492584229 -0.5192635655403137 
v 0.016540708020329475 1.4172172546386719 -0.5193251371383667 
v 0.016540708020329475 1.41719651222229 -0.5193539261817932 
v 0.01634182594716549 1.446790337562561 -0.5433011054992676 
v 0.01634182594716549 1.4467828273773193 -0.5432897806167603 
v 0.016408279538154602 1.44677734375 -0.5433120727539062 
v 0.016408279538154602 1.446768879890442 -0.5432983636856079 
v 0.016413798555731773 1.4467766284942627 -0.5433128476142883 
v 0.01640995964407921 1.4467685222625732 -0.5432987213134766 
v 0.016436588019132614 1.4467720985412598 -0.5433171391487122 
v 0.016434909775853157 1.4467644691467285 -0.5433026552200317 
v 0.01647809147834778 1.4467411041259766 -0.5433391332626343 
v 0.016480490565299988 1.446731686592102 -0.5433229207992554 
v 0.01647881045937538 1.4467411041259766 -0.5433391332626343 
v 0.01648120954632759 1.4467309713363647 -0.5433236360549927 
v 0.01650615967810154 1.4467196464538574 -0.5433533191680908 
v 0.01649848371744156 1.4467192888259888 -0.5433316230773926 
v 0.016521034762263298 1.4466866254806519 -0.5433754920959473 
v 0.016525831073522568 1.446671962738037 -0.5433627963066101 
v 0.016523433849215508 1.4466825723648071 -0.5433794856071472 
v 0.016525831073522568 1.446671962738037 -0.5433627963066101 
v 0.01653902605175972 1.4466471672058105 -0.5434022545814514 
v 0.016535189002752304 1.4466545581817627 -0.5433729887008667 
v 0.016540706157684326 1.446628451347351 -0.5434154868125916 
v 0.016540706157684326 1.446616291999817 -0.5433986783027649 
vn -1.276444911956787 -0.0019937045872211456 -0.001949942670762539 
vn -1.1799901723861694 0.39463135600090027 0.2849715054035187 
vn -1.1778680086135864 0.3983614444732666 0.2885386049747467 
vn -1.1624081134796143 0.4239935874938965 0.3136179447174072 
vn -0.9028112888336182 0.7262399792671204 0.5355618596076965 
vn -1.1624081134796143 0.4239935874938965 0.3136179447174072 
vn -0.9028112888336182 0.7262399792671204 0.5355618596076965 
vn -0.9028112888336182 0.7262399792671204 0.5355618596076965 
vn -0.9028112888336182 0.7262399792671204 0.5355618596076965 
vn -0.9028112888336182 0.7262399792671204 0.5355618596076965 
vn -0.9028112888336182 0.7262399792671204 0.5355618596076965 
vn -0.9028112888336182 0.7262399792671204 0.5355618596076965 
vn -0.9028112888336182 0.7262399792671204 0.5355618596076965 
vn -0.9028112888336182 0.7262399792671204 0.5355618596076965 
vn -0.9028112888336182 0.7262399792671204 0.5355618596076965 
vn -0.9028112888336182 0.7262399792671204 0.5355618596076965 
vn -1.276444911956787 -0.0019937045872211456 -0.001949942670762539 
vn -1.276444911956787 -0.0019937045872211456 -0.001949942670762539 
vn -1.276444911956787 -0.0019937045872211456 -0.001949942670762539 
vn -1.276444911956787 -0.0019937045872211456 -0.001949942670762539 
vn -1.276444911956787 -0.0019937045872211456 -0.001949942670762539 
vn -1.276444911956787 -0.0019937045872211456 -0.001949942670762539 
vn -1.276444911956787 -0.0019937045872211456 -0.001949942670762539 
vn -1.276444911956787 -0.0019937045872211456 -0.001949942670762539 
vn -0.009628725238144398 0.623071551322937 -1.114005446434021 
vn -0.009628725238144398 0.623071551322937 -1.114005446434021 
vn -0.012050897814333439 1.0160382986068726 -0.7725542783737183 
vn -0.007233183830976486 1.064482569694519 -0.7043745517730713 
vn -0.004814517218619585 0.5936746597290039 -1.1299761533737183 
vn -0.0048165214248001575 0.5588409900665283 -1.1476030349731445 
vn -0.012038650922477245 0.5285306572914124 -1.1618216037750244 
vn -0.01204330287873745 0.49789220094680786 -1.175277590751648 
vn -0.004812898114323616 0.03185610845685005 -1.2760411500930786 
vn -0.004812898114323616 0.03185610845685005 -1.2760411500930786 
vn -0.012008915655314922 -0.561833381652832 -1.1460881233215332 
vn -0.012008915655314922 -0.561833381652832 -1.1460881233215332 
vn -0.0071412050165236 -1.0312122106552124 -0.752242922782898 
vn -0.0071412050165236 -1.0312122106552124 -0.752242922782898 
vn -0.012015162035822868 -1.2629624605178833 -0.18466301262378693 
vn -0.012015162035822868 -1.2629624605178833 -0.18466301262378693 
vn -0.004814261104911566 -1.2052698135375977 0.42026248574256897 
vn -0.004814261104911566 -1.2052698135375977 0.42026248574256897 
vn -0.00963670015335083 -0.8703172206878662 0.9336884021759033 
vn -0.00963670015335083 -0.8703172206878662 0.9336884021759033 
vn -0.012042953632771969 -0.4251084625720978 1.2035185098648071 
vn -0.009643216617405415 -0.34001174569129944 1.2302918434143066 
vn -0.004820008762180805 -0.34540608525276184 1.2288166284561157 
vn -0.009643216617405415 -0.34001174569129944 1.2302918434143066 
vn -0.0048211487010121346 -0.27508649230003357 1.2464442253112793 
vn -0.004820379428565502 0.001604621415026486 1.2764376401901245 
vn -0.009655045345425606 0.2728102207183838 1.2469162940979004 
vn -0.009655045345425606 0.2728102207183838 1.2469162940979004 
vn -0.004821496084332466 0.5617342591285706 1.1461894512176514 
vn -0.009664325043559074 0.4855041205883026 1.1804708242416382 
vn -0.012159856036305428 0.8230776190757751 0.9755584597587585 
vn -0.007237396668642759 0.5213534235954285 1.1650996208190918 
vn -0.007227949798107147 0.5517191886901855 1.1510311365127563 
vn -0.009672211483120918 0.5867020487785339 1.1335810422897339 
vn -0.01210006419569254 0.8187829256057739 0.979166567325592 
vn -0.009663894772529602 0.6211044788360596 1.115103006362915 
vn -0.012082230299711227 0.6501884460449219 1.0983750820159912 
vn -0.01204338762909174 0.6834974884986877 1.0779633522033691 
vn -0.004822565242648125 0.7160072326660156 1.0567069053649902 
vn -0.004822565242648125 0.7160072326660156 1.0567069053649902 
vn -0.012075639329850674 0.7299792766571045 1.0470449924468994 
vn -0.009653269313275814 0.7390324473381042 1.0407001972198486 
vn -0.009653269313275814 0.7390324473381042 1.0407001972198486 
vn -0.009681766852736473 0.7435776591300964 1.0374572277069092 
vn -0.012096607126295567 1.0310301780700684 0.7524290084838867 
vn -0.012096607126295567 1.0310301780700684 0.7524290084838867 
vn -0.00964168831706047 1.1806222200393677 0.4851362407207489 
vn -0.00964168831706047 1.1806222200393677 0.4851362407207489 
vn -0.007238952908664942 1.263005256652832 0.1846192181110382 
vn -0.007238952908664942 1.263005256652832 0.1846192181110382 
vn -0.012061798945069313 1.2706167697906494 -0.12127090245485306 
vn -0.012061798945069313 1.2706167697906494 -0.12127090245485306 
vn -0.012052644044160843 1.215834379196167 -0.388484925031662 
vn -0.007231267634779215 1.2052608728408813 -0.4202533960342407 
vn -0.00963753741234541 1.0705859661102295 -0.6950336694717407 
vn -0.004820712376385927 1.102763056755066 -0.6428136229515076 
vn -0.00963753741234541 1.0705859661102295 -0.6950336694717407 
vn -0.009636779315769672 0.8703172206878662 -0.9336884021759033 
vn -0.004816069733351469 0.6568681001663208 -1.0944496393203735 
vn -0.012047669850289822 0.6899963617324829 -1.073815107345581 
vn -0.009635300375521183 0.7225280404090881 -1.052225947380066 
vn -0.004816546104848385 0.7362780570983887 -1.0426843166351318 
vn -0.009629053063690662 0.7498629093170166 -1.032923936843872 
vn -0.012042989954352379 0.745327889919281 -1.0361758470535278 
vn -0.00963516440242529 0.7543690800666809 -1.0296375751495361 
vn -1.2758382558822632 0.020975597202777863 -0.033410314470529556 
vn -1.2758382558822632 0.020975597202777863 -0.033410314470529556 
vn -1.1988636255264282 0.3805159330368042 0.21737803518772125 
vn -1.197939395904541 0.3872230052947998 0.21052062511444092 
vn -1.197939395904541 0.3872230052947998 0.21052062511444092 
vn -1.183841347694397 0.41677048802375793 0.23268289864063263 
vn -1.121910572052002 0.5211382508277893 0.314723938703537 
vn -1.1264747381210327 0.5174520015716553 0.3043314516544342 
vn -0.9000276923179626 0.7637144327163696 0.48580822348594666 
vn -0.9039356112480164 0.7609553337097168 0.48287317156791687 
vn -0.9000276923179626 0.7637144327163696 0.48580822348594666 
vn -0.9000276923179626 0.7637144327163696 0.48580822348594666 
vn -0.7105693817138672 0.8921744227409363 0.573092520236969 
vn -0.7353749871253967 0.8771888017654419 0.5648739337921143 
vn -0.4747389853000641 0.9884416460990906 0.6533949971199036 
vn -0.44442304968833923 0.9990736246109009 0.6585279703140259 
vn -0.43514877557754517 0.9990478157997131 0.6647316217422485 
vn -0.43514877557754517 0.9990478157997131 0.6647316217422485 
vn -0.15470196306705475 1.0512117147445679 0.7073472142219543 
vn -0.1732761263847351 1.0495190620422363 0.7055522799491882 
vn -1.0918513737578905e-7 1.0569653511047363 0.7156417965888977 
vn -1.0918513737578905e-7 1.0569653511047363 0.7156417965888977 
vn -1.1853331327438354 0.4164353907108307 0.22558040916919708 
vn -1.1235255002975464 0.5991529822349548 -0.08958499878644943 
vn -1.197939395904541 0.3872230052947998 0.21052062511444092 
vn -1.2312688827514648 0.19912834465503693 -0.2713748812675476 
vn -1.2758382558822632 0.020975597202777863 -0.033410314470529556 
vn -1.2258846759796143 0.2080782949924469 -0.28849560022354126 
vn -1.2003896236419678 0.258863240480423 -0.3483874797821045 
vn -1.1342754364013672 0.3476601243019104 -0.47103193402290344 
vn -0.9955698251724243 0.7154676914215088 -0.35533931851387024 
vn -1.098527193069458 0.3842272460460663 -0.524334728717804 
vn -0.9894787073135376 0.471995085477829 -0.6538133025169373 
vn -0.8340467214584351 0.7798309922218323 -0.5705689787864685 
vn -0.9079923629760742 0.527067244052887 -0.7259953618049622 
vn -0.9012311697006226 0.5318671464920044 -0.7309028506278992 
vn -0.8231421709060669 0.5779539346694946 -0.785955011844635 
vn -0.6621434688568115 0.8113093376159668 -0.7298372387886047 
vn -0.6367291808128357 0.6612260341644287 -0.8869471549987793 
vn -0.4633287489414215 1.0110700130462646 -0.6264048218727112 
vn -0.4477435350418091 0.7150908708572388 -0.9578568935394287 
vn -1.119370698928833 0.5344992280006409 0.30106350779533386 
vn -0.8405191898345947 0.9537078142166138 0.11527392268180847 
vn -0.8998309373855591 0.7741415500640869 0.46939143538475037 
vn -0.44360092282295227 1.1584620475769043 0.3008369207382202 
vn -0.732940673828125 1.0277791023254395 -0.18917502462863922 
vn -0.3861972689628601 1.216606616973877 -0.006253485567867756 
vn -0.594528317451477 1.0396689176559448 -0.4415242373943329 
vn -0.30902332067489624 1.2085806131362915 -0.2704745829105377 
vn -0.014483597129583359 1.2546926736831665 0.23421242833137512 
vn -0.012060924433171749 1.264527678489685 0.17361843585968018 
vn -0.004829039331525564 1.239469051361084 0.30497878789901733 
vn -0.004822170361876488 1.1988319158554077 0.4382895827293396 
vn -0.14925430715084076 1.0644404888153076 0.6884827017784119 
vn 0.004835400730371475 1.0692782402038574 0.6970937848091125 
vn -0.4352850317955017 1.0109670162200928 0.6463679671287537 
vn -0.46948638558387756 1.0021430253982544 0.6360903382301331 
vn -0.7110083699226379 0.8995303511619568 0.5609201192855835 
vn -0.8998309373855591 0.7741415500640869 0.46939143538475037 
vn -0.007234028074890375 1.2733933925628662 -0.08795444667339325 
vn -0.009640752337872982 1.2552002668380737 -0.231729194521904 
vn -0.24645331501960754 1.1547800302505493 -0.48483261466026306 
vn -0.009643035009503365 1.2531272172927856 -0.2426895946264267 
vn -0.014454558491706848 1.2345041036605835 -0.3242062032222748 
vn -0.026498494669795036 1.144775152206421 -0.5640094876289368 
vn -0.23001979291439056 0.8995822668075562 -0.8758776783943176 
vn -0.4296676814556122 0.7197577953338623 -0.9626283645629883 
vn -0.29375094175338745 0.7436646819114685 -0.9949834942817688 
vn -0.01926974020898342 0.7542920112609863 -1.0295586585998535 
vn -0.033722102642059326 1.0453500747680664 -0.7317274808883667 
vn -0.03374946117401123 1.0421411991119385 -0.7362890839576721 
vn -0.02648567594587803 0.8028005957603455 -0.9920325875282288 
vn -0.019257519394159317 0.7497859001159668 -1.032845139503479 
vn -1.2312688827514648 0.19912834465503693 -0.2713748812675476 
vn -1.276444911956787 -0.0019937045872211456 -0.001949942670762539 
vn -1.276444911956787 -0.0019937045872211456 -0.001949942670762539 
vn -1.276444911956787 -0.0019937045872211456 -0.001949942670762539 
vn -1.1989704370498657 0.36746853590011597 0.23823538422584534 
vn -1.2007066011428833 0.3472965955734253 0.25885939598083496 
vn -1.1989704370498657 0.36746853590011597 0.23823538422584534 
vn -1.127207636833191 0.5009370446205139 0.328305184841156 
vn -0.9067283868789673 0.7234678268432617 0.5326886773109436 
vn -0.9058399200439453 0.754340410232544 0.48963630199432373 
vn -0.9019365906715393 0.7571061253547668 0.4925646483898163 
vn -0.7379599809646606 0.8706898093223572 0.57151859998703 
vn -0.44204992055892944 0.9662799835205078 0.7072580456733704 
vn -0.44442304968833923 0.9990736246109009 0.6585279703140259 
vn -0.4366125464439392 1.0033289194107056 0.6572820544242859 
vn -0.16827788949012756 1.0595444440841675 0.6916409730911255 
vn -1.0819472606726777e-7 1.0280132293701172 0.7566425204277039 
vn -0.0024095368571579456 1.066246747970581 0.7017343640327454 
vn -1.0819472606726777e-7 1.0280132293701172 0.7566425204277039 
vn -0.0024095368571579456 1.066246747970581 0.7017343640327454 
vn 0.004835400730371475 1.0692782402038574 0.6970937848091125 
vn 0.004835400730371475 1.0692782402038574 0.6970937848091125 
vn -1.2258846759796143 0.2080782949924469 -0.28849560022354126 
vn 0.4366123378276825 1.0033290386199951 0.6572820544242859 
vn 0.4477727711200714 1.0007859468460083 0.6536406874656677 
vn 0.44204971194267273 0.9662800431251526 0.7072580456733704 
vn 0.5957644581794739 0.9439510107040405 0.6191447973251343 
vn 0.9028536677360535 0.7537969350814819 0.4959481954574585 
vn 0.9067547917366028 0.7510280013084412 0.49302318692207336 
vn 0.906728208065033 0.7234679460525513 0.5326887369155884 
vn 1.0019272565841675 0.662135124206543 0.4324790835380554 
vn 1.2008377313613892 0.3637276589870453 0.2345428168773651 
vn 1.2008377313613892 0.3637276589870453 0.2345428168773651 
vn 1.2007064819335938 0.347296804189682 0.2588594853878021 
vn 1.2416648864746094 0.2479347437620163 0.16160522401332855 
vn 1.276444911956787 -0.001993497833609581 -0.0019498583860695362 
vn 1.276444911956787 -0.001993497833609581 -0.0019498583860695362 
vn 1.276444911956787 -0.001993497833609581 -0.0019498583860695362 
vn 1.2758382558822632 0.020975803956389427 -0.03341023251414299 
vn 1.233750343322754 0.19262023270130157 -0.264720618724823 
vn 1.2585080862045288 0.12563501298427582 -0.17231638729572296 
vn 1.1985033750534058 0.25798794627189636 -0.35545945167541504 
vn 1.1985033750534058 0.25798794627189636 -0.35545945167541504 
vn 1.157710313796997 0.3184164762496948 -0.43317121267318726 
vn 1.1314153671264648 0.34701409935951233 -0.47833043336868286 
vn 0.9928926825523376 0.47356289625167847 -0.6474732160568237 
vn 0.9079923033714294 0.5270673632621765 -0.7259953022003174 
vn 1.184544324874878 0.27913323044776917 -0.38504403829574585 
vn 1.0283551216125488 0.44560039043426514 -0.6109380722045898 
vn 0.915104329586029 0.5264701843261719 -0.7174485921859741 
vn 0.915104329586029 0.5264701843261719 -0.7174485921859741 
vn 0.8875535130500793 0.5413587689399719 -0.740606963634491 
vn 0.8217373490333557 0.5742684006690979 -0.7901155352592468 
vn 0.6137145161628723 0.6613628268241882 -0.9029245376586914 
vn 0.46348488330841064 0.7018617987632751 -0.9601514935493469 
vn 0.5949939489364624 0.663956880569458 -0.9134891629219055 
vn 0.5079646706581116 0.6889269948005676 -0.9469268918037415 
vn 0.46348488330841064 0.7018617987632751 -0.9601514935493469 
vn 0.43647027015686035 0.7090508341789246 -0.967501699924469 
vn 0.2677413821220398 0.7343330383300781 -1.0091524124145508 
vn 0.09625893086194992 0.7518273591995239 -1.027038812637329 
vn 0.019269686192274094 0.7542920112609863 -1.0295586585998535 
vn 0.019269686192274094 0.7542920112609863 -1.0295586585998535 
vn 0.019269686192274094 0.7542920112609863 -1.0295586585998535 
vn 0.024080485105514526 0.3559582531452179 -1.2255744934082031 
vn 0.021669553592801094 0.24764567613601685 -1.2520067691802979 
vn 0.021669553592801094 0.24764567613601685 -1.2520067691802979 
vn 0.024067692458629608 -0.07986307889223099 -1.2737195491790771 
vn 0.024009283632040024 -0.396833211183548 -1.212957501411438 
vn 0.024009283632040024 -0.396833211183548 -1.212957501411438 
vn 0.021576110273599625 -0.506333589553833 -1.1715288162231445 
vn 0.022396739572286606 -0.8759580850601196 -0.9281781911849976 
vn 0.022396739572286606 -0.8759580850601196 -0.9281781911849976 
vn 0.022396739572286606 -0.8759580850601196 -0.9281781911849976 
vn 0.022396739572286606 -0.8759580850601196 -0.9281781911849976 
vn 0.3382248282432556 -0.8458631634712219 -0.8941132426261902 
vn 0.2669917047023773 -0.8584003448486328 -0.9061916470527649 
vn 0.3544520139694214 -0.8424987196922302 -0.8909987211227417 
vn 0.3652392327785492 -0.8402255177497864 -0.8887858390808105 
vn 0.4555363357067108 -0.8182761073112488 -0.8673118948936462 
vn 0.4555363357067108 -0.8182761073112488 -0.8673118948936462 
vn 0.6618981957435608 -0.7528805732727051 -0.7901776432991028 
vn 0.7501956820487976 -0.7109101414680481 -0.7490876913070679 
vn 0.910601794719696 -0.6119711995124817 -0.6523915529251099 
vn 0.5073838233947754 -0.8030679821968079 -0.8526209592819214 
vn 0.6761655211448669 -0.7466424703598022 -0.78399258852005 
vn 0.9027507901191711 -0.617646336555481 -0.6579309701919556 
vn 0.910601794719696 -0.6119711995124817 -0.6523915529251099 
vn 0.9302724003791809 -0.6043232083320618 -0.6314316391944885 
vn 1.0525310039520264 -0.49565163254737854 -0.5251925587654114 
vn 1.1117186546325684 -0.4347098171710968 -0.45213744044303894 
vn 1.1820406913757324 -0.3306666612625122 -0.35036975145339966 
vn 1.1303737163543701 -0.4102070927619934 -0.4281412661075592 
vn 1.2000542879104614 -0.29717832803726196 -0.3176068365573883 
vn 1.2000542879104614 -0.29717832803726196 -0.3176068365573883 
vn 1.2349379062652588 -0.22397980093955994 -0.23255331814289093 
vn 1.2349379062652588 -0.22397980093955994 -0.23255331814289093 
vn 1.2390621900558472 -0.21238994598388672 -0.22121231257915497 
vn 1.276444911956787 -0.001993497833609581 -0.0019498583860695362 
vn 1.276444911956787 -0.001993497833609581 -0.0019498583860695362 
vn 1.276444911956787 -0.001993497833609581 -0.0019498583860695362 
vn 1.276444911956787 -0.001993497833609581 -0.0019498583860695362 
vn 1.276444911956787 -0.001993497833609581 -0.0019498583860695362 
vn 1.276444911956787 -0.001993497833609581 -0.0019498583860695362 
vn 1.276444911956787 -0.001993497833609581 -0.0019498583860695362 
vn 1.276444911956787 -0.001993497833609581 -0.0019498583860695362 
vn 1.276444911956787 -0.001993497833609581 -0.0019498583860695362 
vn 1.276444911956787 -0.001993497833609581 -0.0019498583860695362 
vn 1.276444911956787 -0.001993497833609581 -0.0019498583860695362 
vn 1.2273145914077759 -0.2933320999145508 0.19228775799274445 
vn 1.1999731063842773 -0.36315450072288513 0.2397974580526352 
vn 1.2526862621307373 -0.20523105561733246 0.1340770423412323 
vn 1.2377036809921265 -0.259411484003067 0.17353582382202148 
vn 1.1999731063842773 -0.36315450072288513 0.2397974580526352 
vn 1.1999731063842773 -0.36315450072288513 0.2397974580526352 
vn 1.1822257041931152 -0.4024234414100647 0.26404038071632385 
vn 1.1183748245239258 -0.5139089822769165 0.33831122517585754 
vn 1.1229047775268555 -0.5079628229141235 0.3322318494319916 
vn 1.067571997642517 -0.5837001204490662 0.3858802318572998 
vn 0.9263200759887695 -0.7332059741020203 0.48338329792022705 
vn 0.9328374266624451 -0.7282496094703674 0.4783158600330353 
vn 0.9117192029953003 -0.7471491098403931 0.4897504150867462 
vn 0.9117192029953003 -0.7471491098403931 0.4897504150867462 
vn 0.019269686192274094 0.7542920112609863 -1.0295586585998535 
vn 1.276444911956787 -0.001993497833609581 -0.0019498583860695362 
vn 1.276444911956787 -0.001993497833609581 -0.0019498583860695362 
vn 1.276444911956787 -0.001993497833609581 -0.0019498583860695362 
vn 1.23760986328125 -0.04215124621987343 -0.30962008237838745 
vn 1.2094522714614868 -0.11302359402179718 -0.3921356201171875 
vn 1.2353603839874268 -0.049878526479005814 -0.3173581063747406 
vn 1.208240032196045 -0.060735493898391724 -0.40716904401779175 
vn 1.113226056098938 -0.09058645367622375 -0.6179330945014954 
vn 1.01231050491333 -0.21250782907009125 -0.747921884059906 
vn 1.052037000656128 -0.10113051533699036 -0.7157583832740784 
vn 1.0111058950424194 -0.10875891894102097 -0.7714633345603943 
vn 0.9256963133811951 -0.12622782588005066 -0.8697540760040283 
vn 0.7024684548377991 -0.29108133912086487 -1.0252457857131958 
vn 0.7498127818107605 -0.14578327536582947 -1.0226666927337646 
vn 0.7084228992462158 -0.14714770019054413 -1.0515720844268799 
vn 0.6653068661689758 -0.14933007955551147 -1.079067349433899 
vn 0.323262095451355 -0.3397471010684967 -1.187178373336792 
vn 0.3582391142845154 -0.16983924806118011 -1.2133170366287231 
vn 0.3582391142845154 -0.16983924806118011 -1.2133170366287231 
vn 0.3187918961048126 -0.16911864280700684 -1.2243732213974 
vn 0.026397494599223137 -0.3488689064979553 -1.227563738822937 
vn 0.02645038813352585 -0.17426179349422455 -1.2642199993133545 
vn 0.019202820956707 -0.5011356472969055 -1.1738029718399048 
vn 0.02645038813352585 -0.17426179349422455 -1.2642199993133545 
vn 0.0024224782828241587 1.0146194696426392 0.774506688117981 
vn 0.0024224782828241587 1.0146194696426392 0.774506688117981 
vn 0.019202820956707 -0.5011356472969055 -1.1738029718399048 
vn 0.02153705433011055 -0.6505248546600342 -1.0980312824249268 
vn 0.3272610604763031 -0.6276674866676331 -1.062192440032959 
vn 0.02061007358133793 -0.9064224362373352 -0.8984946608543396 
vn 0.02061007358133793 -0.9064224362373352 -0.8984946608543396 
vn 0.019202820956707 -0.5011356472969055 -1.1738029718399048 
vn 0.7048561573028564 -0.5449215769767761 -0.9140883684158325 
vn 1.0105702877044678 -0.3980724811553955 -0.6705260276794434 
vn 1.2083086967468262 -0.2102501541376114 -0.35370099544525146 
vn 1.276444911956787 -0.001993497833609581 -0.0019498583860695362 
vn 1.2076197862625122 -0.295603483915329 -0.2891237437725067 
vn 1.010218620300293 -0.5510165691375732 -0.5524114370346069 
vn 0.705318808555603 -0.7538146376609802 -0.7507383227348328 
vn 0.3198888599872589 -0.8766899704933167 -0.8708644509315491 
vn 0.02061007358133793 -0.9064224362373352 -0.8984946608543396 
vn 0.02398873120546341 -1.1781343221664429 -0.49065569043159485 
vn 0.023968098685145378 -1.1037342548370361 -0.6407147645950317 
vn 0.02398873120546341 -1.1781343221664429 -0.49065569043159485 
vn 0.02162453718483448 -1.230797529220581 -0.3376219570636749 
vn 0.02164861001074314 -1.2762025594711304 -0.01253692340105772 
vn 0.02164861001074314 -1.2762025594711304 -0.01253692340105772 
vn 0.01925637386739254 -1.1877111196517944 0.46721574664115906 
vn 0.02164861001074314 -1.2762025594711304 -0.01253692340105772 
vn 0.3270280957221985 -1.1898252964019775 -0.3266304135322571 
vn 0.3211725652217865 -1.068699836730957 -0.6197158098220825 
vn 0.02398873120546341 -1.1781343221664429 -0.49065569043159485 
vn 0.7034732699394226 -0.92198246717453 -0.5332848429679871 
vn 1.0090545415878296 -0.6757479906082153 -0.39305564761161804 
vn 1.2083086967468262 -0.35827338695526123 -0.20236031711101532 
vn 1.276444911956787 -0.001993497833609581 -0.0019498583860695362 
vn 1.276444911956787 -0.001993497833609581 -0.0019498583860695362 
vn 1.236161470413208 -0.2538657486438751 0.19177190959453583 
vn 1.206973910331726 -0.3637094497680664 0.20062114298343658 
vn 1.2080501317977905 -0.33056944608688354 0.24628856778144836 
vn 1.2017543315887451 -0.3433099687099457 0.259314626455307 
vn 1.1077834367752075 -0.5078441500663757 0.3797754645347595 
vn 1.01027250289917 -0.6830421686172485 0.3769909143447876 
vn 1.0102821588516235 -0.6246452927589417 0.4674050211906433 
vn 0.9209339022636414 -0.7081144452095032 0.5289366245269775 
vn 0.9142807126045227 -0.7129833102226257 0.5339146256446838 
vn 0.7063267827033997 -0.930991530418396 0.5134943127632141 
vn 0.7025219202041626 -0.8536014556884766 0.6380804181098938 
vn 0.6864013671875 -0.8609980940818787 0.6456427574157715 
vn 0.32353249192237854 -1.080715298652649 0.5972437262535095 
vn 0.4522338807582855 -0.9541692137718201 0.7171922922134399 
vn 0.3700249195098877 -0.9773210287094116 0.732969343662262 
vn 0.323734849691391 -0.9865695834159851 0.7424252033233643 
vn 0.024071110412478447 -1.11638343334198 0.6184073686599731 
vn 0.024097951129078865 -1.0226300954818726 0.7635220885276794 
vn 0.31809306144714355 -1.1988525390625 0.30147719383239746 
vn 0.7006881833076477 -1.0347204208374023 0.26020926237106323 
vn 1.0107454061508179 -0.7562116384506226 0.1893593817949295 
vn 0.01925637386739254 -1.1877111196517944 0.46721574664115906 
vn 0.026469632983207703 -1.2371324300765991 0.3132435083389282 
vn 0.3245737850666046 -1.2344495058059692 -0.010254976339638233 
vn 0.7025744915008545 -1.0656718015670776 -0.007187456823885441 
vn 0.01925637386739254 -1.1877111196517944 0.46721574664115906 
vn 0.024097951129078865 -1.0226300954818726 0.7635220885276794 
vn 0.024097951129078865 -1.0226300954818726 0.7635220885276794 
vn 0.7038061618804932 -1.0282009840011597 -0.27709004282951355 
vn 1.0125478506088257 -0.749519944190979 -0.20563539862632751 
vn 1.2078691720962524 -0.39836636185646057 -0.10805465281009674 
vn 1.276444911956787 -0.001993497833609581 -0.0019498583860695362 
vn 1.276444911956787 -0.001993497833609581 -0.0019498583860695362 
vn 1.208314299583435 -0.39863237738609314 0.10192263871431351 
vn 1.276444911956787 -0.001993497833609581 -0.0019498583860695362 
vn 1.276444911956787 -0.001993497833609581 -0.0019498583860695362 
vn 1.2082598209381104 -0.41161078214645386 -0.002024050336331129 
vn 1.0120307207107544 -0.7778307795524597 -0.009604521095752716 
vn -1.276444911956787 -0.0019937045872211456 -0.001949942670762539 
vn -1.2017487287521362 0.32710132002830505 0.2795073091983795 
vn -0.9046180248260498 0.6922657489776611 0.575980544090271 
vn -1.276444911956787 -0.0019937045872211456 -0.001949942670762539 
vn -1.276444911956787 -0.0019937045872211456 -0.001949942670762539 
vn -1.2002089023590088 0.3106463849544525 0.3038369119167328 
vn -1.2000539302825928 0.29716113209724426 0.31762441992759705 
vn -0.9074885249137878 0.6450960636138916 0.6242074370384216 
vn -1.1061023473739624 0.43826133012771606 0.462367981672287 
vn -0.9064629077911377 0.6113767027854919 0.6586824655532837 
vn -0.44228386878967285 0.86272132396698 0.8303107023239136 
vn -0.637207567691803 0.7562307119369507 0.8070940375328064 
vn -0.44446396827697754 0.8175021409988403 0.8737626075744629 
vn -0.0024822046980261803 0.9201001524925232 0.8847194314002991 
vn -1.0139249440044296e-7 0.8726744651794434 0.9315354228019714 
vn -1.0139249440044296e-7 0.8726744651794434 0.9315354228019714 
vn -0.0024822046980261803 0.9201001524925232 0.8847194314002991 
vn 0.0024149955715984106 0.9431199431419373 0.8601382970809937 
vn -0.44359707832336426 0.9168084859848022 0.7694171667098999 
vn 0.002438915427774191 0.9762285351753235 0.8223690390586853 
vn 0.002438915427774191 0.9762285351753235 0.8223690390586853 
vn 0.0024149955715984106 0.9431199431419373 0.8601382970809937 
vn 0.44228366017341614 0.8627213835716248 0.8303107619285583 
vn 0.45026975870132446 0.8195207118988037 0.8688853979110718 
vn 0.6372073888778687 0.7562308311462402 0.8070940971374512 
vn 0.9074499011039734 0.6484691500663757 0.6207589507102966 
vn 0.906680703163147 0.6147465109825134 0.6552373766899109 
vn 1.1059865951538086 0.4348917007446289 0.46581339836120605 
vn 1.2002089023590088 0.31064659357070923 0.30383700132369995 
vn 1.2000539302825928 0.2971613109111786 0.3176245093345642 
vn 1.276444911956787 -0.001993497833609581 -0.0019498583860695362 
vn 1.276444911956787 -0.001993497833609581 -0.0019498583860695362 
vn 1.2017486095428467 0.32710152864456177 0.2795073688030243 
vn 0.9049893021583557 0.6889028549194336 0.5794190764427185 
vn 0.4445408284664154 0.9135018587112427 0.7727980613708496 
vn 1.2585080862045288 0.12563501298427582 -0.17231638729572296 
vn 1.2203785181045532 -0.025693144649267197 -0.37327685952186584 
vn 1.2017543315887451 0.25164300203323364 -0.34897229075431824 
vn 1.2403897047042847 -0.20851843059062958 -0.2174234241247177 
vn 1.2105764150619507 -0.1787082552909851 -0.36316317319869995 
vn 1.2000542879104614 -0.29717832803726196 -0.3176068365573883 
vn 1.1841331720352173 -0.32698166370391846 -0.3467433750629425 
vn 0.9900990128517151 -0.3391781449317932 -0.7307403087615967 
vn 1.1117186546325684 -0.4347098171710968 -0.45213744044303894 
vn 0.910601794719696 -0.6119711995124817 -0.6523915529251099 
vn 0.9027507901191711 -0.617646336555481 -0.6579309701919556 
vn 0.5928820967674255 -0.4612158238887787 -1.0320318937301636 
vn 0.6761655211448669 -0.7466424703598022 -0.78399258852005 
vn 0.5073838233947754 -0.8030679821968079 -0.8526209592819214 
vn 0.4555363357067108 -0.8182761073112488 -0.8673118948936462 
vn 0.31907525658607483 -0.4858916103839874 -1.1364063024520874 
vn 0.3598630428314209 -0.8414400219917297 -0.8898293375968933 
vn 0.2669917047023773 -0.8584003448486328 -0.9061916470527649 
vn 0.021618429571390152 -0.5114541053771973 -1.1693016290664673 
vn 0.024009283632040024 -0.396833211183548 -1.212957501411438 
vn 0.3423406481742859 -0.07726197689771652 -1.227254033088684 
vn 0.024067692458629608 -0.07986307889223099 -1.2737195491790771 
vn 0.02648351714015007 0.25303924083709717 -1.2508351802825928 
vn 0.31808942556381226 0.3349015414714813 -1.1899491548538208 
vn 0.024080485105514526 0.3559582531452179 -1.2255744934082031 
vn 0.2677413821220398 0.7343330383300781 -1.0091524124145508 
vn 0.45450618863105774 0.7043060660362244 -0.9626505970954895 
vn 0.5922690033912659 0.3222310543060303 -1.0838375091552734 
vn 0.5079646706581116 0.6889269948005676 -0.9469268918037415 
vn 0.5864673852920532 0.6671027541160583 -0.9167055487632751 
vn 0.9147012233734131 0.5222316980361938 -0.7210512757301331 
vn 0.9900979995727539 0.24620932340621948 -0.7670764327049255 
vn 0.915104329586029 0.5264701843261719 -0.7174485921859741 
vn 1.0283551216125488 0.44560039043426514 -0.6109380722045898 
vn 1.2090122699737549 0.13354970514774323 -0.3870057761669159 
vn 1.184544324874878 0.27913323044776917 -0.38504403829574585 
vn 1.015514612197876 -0.046163324266672134 -0.771957516670227 
vn 0.6131545901298523 -0.07109600305557251 -1.1172760725021362 
vn -1.2386913299560547 0.18358244001865387 -0.24750906229019165 
vn -1.2001374959945679 0.2548174262046814 -0.3522181510925293 
vn -1.2001374959945679 0.2548174262046814 -0.3522181510925293 
vn -1.1314153671264648 0.347013920545578 -0.47833052277565 
vn -1.098527193069458 0.3842272460460663 -0.524334728717804 
vn -0.9898766279220581 0.4761897623538971 -0.6501591801643372 
vn -1.1827572584152222 0.2822619378566742 -0.3882431387901306 
vn -0.9079923629760742 0.527067244052887 -0.7259953618049622 
vn -1.1128568649291992 0.3666684329509735 -0.506382405757904 
vn -0.9151043891906738 0.5264700055122375 -0.7174486517906189 
vn -0.9079923629760742 0.527067244052887 -0.7259953618049622 
vn -0.9012311697006226 0.5318671464920044 -0.7309028506278992 
vn -0.8254026174545288 0.5720807313919067 -0.7878790497779846 
vn -0.6388362050056458 0.6513690948486328 -0.8927069306373596 
vn -0.9012311697006226 0.5318671464920044 -0.7309028506278992 
vn -0.4589989185333252 0.7030897736549377 -0.9614071846008301 
vn -0.6803252696990967 0.6381896734237671 -0.8713154792785645 
vn -0.5123732686042786 0.6875685453414917 -0.9455381035804749 
vn -0.4589989185333252 0.7030897736549377 -0.9614071846008301 
vn -0.4409889578819275 0.7078826427459717 -0.9663074016571045 
vn -0.30276501178741455 0.7331655621528625 -1.0000603199005127 
vn -0.36774906516075134 0.7206651568412781 -0.9872797131538391 
vn -0.01926974020898342 0.7542920112609863 -1.0295586585998535 
vn -0.26774144172668457 0.7343329787254333 -1.0091524124145508 
vn -0.01926974020898342 0.7542920112609863 -1.0295586585998535 
vn -0.01926974020898342 0.7542920112609863 -1.0295586585998535 
vn -0.01926974020898342 0.7542920112609863 -1.0295586585998535 
vn -0.024080460891127586 0.3559582531452179 -1.2255744934082031 
vn -0.026484064757823944 0.2475697547197342 -1.2519291639328003 
vn -0.026484064757823944 0.2475697547197342 -1.2519291639328003 
vn -0.024067595601081848 -0.07986307889223099 -1.2737195491790771 
vn -0.024009140208363533 -0.396833211183548 -1.212957501411438 
vn -0.024009140208363533 -0.396833211183548 -1.212957501411438 
vn -0.026366310194134712 -0.506499707698822 -1.1713590621948242 
vn -0.02239653654396534 -0.8759580850601196 -0.9281781911849976 
vn -0.02239653654396534 -0.8759580850601196 -0.9281781911849976 
vn -0.02239653654396534 -0.8759580850601196 -0.9281781911849976 
vn -0.2669914960861206 -0.8584004044532776 -0.9061916470527649 
vn -0.35445183515548706 -0.842498779296875 -0.8909987211227417 
vn -0.4502870738506317 -0.8196340203285217 -0.8687695860862732 
vn -0.3598628342151642 -0.8414400815963745 -0.8898293972015381 
vn -0.4502870738506317 -0.8196340203285217 -0.8687695860862732 
vn -0.5129479169845581 -0.8048750758171082 -0.8475727438926697 
vn -0.671424150466919 -0.7487568259239197 -0.7860483527183533 
vn -0.5935221910476685 -0.7770744562149048 -0.8204911947250366 
vn -0.7499342560768127 -0.7075545191764832 -0.7525187134742737 
vn -0.9066835045814514 -0.6147920489311218 -0.6551908254623413 
vn -0.9066835045814514 -0.6147920489311218 -0.6551908254623413 
vn -0.9183830618858337 -0.6062495708465576 -0.6468023657798767 
vn -1.0299631357192993 -0.5184215903282166 -0.5474799275398254 
vn -1.1842015981674194 -0.3303469717502594 -0.3433028757572174 
vn -1.1981439590454102 -0.30092886090278625 -0.3212665319442749 
vn -0.9107921719551086 -0.6153335571289062 -0.6489540338516235 
vn -1.05265212059021 -0.49901747703552246 -0.5217515230178833 
vn -1.114354133605957 -0.42786937952041626 -0.4521748423576355 
vn -1.1981439590454102 -0.30092886090278625 -0.3212665319442749 
vn -1.2574470043182373 -0.14997674524784088 -0.160166934132576 
vn -1.2348908185958862 -0.22061015665531158 -0.23599876463413239 
vn -1.2403428554534912 -0.20515064895153046 -0.22086697816848755 
vn -1.276444911956787 -0.0019937045872211456 -0.001949942670762539 
vn -1.276444911956787 -0.0019937045872211456 -0.001949942670762539 
vn -1.276444911956787 -0.0019937045872211456 -0.001949942670762539 
vn -1.276444911956787 -0.0019937045872211456 -0.001949942670762539 
vn -1.276444911956787 -0.0019937045872211456 -0.001949942670762539 
vn -1.276444911956787 -0.0019937045872211456 -0.001949942670762539 
vn -1.276444911956787 -0.0019937045872211456 -0.001949942670762539 
vn -1.276444911956787 -0.0019937045872211456 -0.001949942670762539 
vn -1.276444911956787 -0.0019937045872211456 -0.001949942670762539 
vn -0.02239653654396534 -0.8759580850601196 -0.9281781911849976 
vn -1.2526862621307373 -0.20523126423358917 0.13407696783542633 
vn -1.1516538858413696 -0.0190748143941164 0.5501354336738586 
vn -1.1872791051864624 0.2481691688299179 0.39761778712272644 
vn -1.1052354574203491 0.34381526708602905 0.5381125211715698 
vn -1.1061023473739624 0.43826133012771606 0.462367981672287 
vn -1.1861141920089722 0.3198847770690918 0.34659236669540405 
vn -1.1999731063842773 -0.36315467953681946 0.23979736864566803 
vn -1.0559529066085815 -0.2784608006477356 0.6608648300170898 
vn -1.1724541187286377 -0.4222496747970581 0.2763618230819702 
vn -0.9159089922904968 -0.507620096206665 0.7298984527587891 
vn -1.0665472745895386 -0.5879267454147339 0.3822803795337677 
vn -0.7483147382736206 -0.6925750374794006 0.7679088711738586 
vn -0.9083817601203918 -0.7495782971382141 0.49223384261131287 
vn -0.7177427411079407 -0.8817856907844543 0.5801883935928345 
vn -0.3980359435081482 -0.7539196014404297 0.9499956369400024 
vn -0.5317028760910034 -0.587819516658783 1.0005395412445068 
vn -0.6680833101272583 -0.37043243646621704 1.0226258039474487 
vn -0.7832176089286804 -0.1159617155790329 1.0012203454971313 
vn -0.8734825253486633 0.17939625680446625 0.9133260846138 
vn -0.9027262330055237 0.4803636968135834 0.7639733552932739 
vn -0.9025296568870544 0.6142342686653137 0.6614195108413696 
vn -0.9064629077911377 0.6113767027854919 0.6586824655532837 
vn -1.1061023473739624 0.43826133012771606 0.462367981672287 
vn -1.1861141920089722 0.3198847770690918 0.34659236669540405 
vn -1.2000539302825928 0.29716113209724426 0.31762441992759705 
vn -1.2574470043182373 -0.14997674524784088 -0.160166934132576 
vn -1.2203785181045532 -0.025693343952298164 -0.373276948928833 
vn -1.2001218795776367 -0.3005453646183014 -0.3141646087169647 
vn -1.2409616708755493 0.17703551054000854 -0.2408154010772705 
vn -1.210412621498108 0.1303284466266632 -0.38371261954307556 
vn -1.2001374959945679 0.2548174262046814 -0.3522181510925293 
vn -1.1827572584152222 0.2822619378566742 -0.3882431387901306 
vn -0.992923378944397 0.24348320066928864 -0.7642894983291626 
vn -1.1131974458694458 0.3707782030105591 -0.5026273727416992 
vn -0.9151043891906738 0.5264700055122375 -0.7174486517906189 
vn -0.9079923629760742 0.527067244052887 -0.7259953618049622 
vn -0.9079923629760742 0.527067244052887 -0.7259953618049622 
vn -0.5922690033912659 0.3222309648990631 -1.0838375091552734 
vn -0.6803252696990967 0.6381896734237671 -0.8713154792785645 
vn -0.5123732686042786 0.6875685453414917 -0.9455381035804749 
vn -0.4589989185333252 0.7030897736549377 -0.9614071846008301 
vn -0.31808939576148987 0.33490148186683655 -1.1899491548538208 
vn -0.3585253357887268 0.7225989699363708 -0.9892569184303284 
vn -0.26774144172668457 0.7343329787254333 -1.0091524124145508 
vn -0.024080460891127586 0.3559582531452179 -1.2255744934082031 
vn -0.021669022738933563 0.2531149387359619 -1.2509125471115112 
vn -0.34234052896499634 -0.0772620365023613 -1.2272541522979736 
vn -0.024067595601081848 -0.07986307889223099 -1.2737195491790771 
vn -0.024009140208363533 -0.396833211183548 -1.212957501411438 
vn -0.3230447769165039 -0.48778244853019714 -1.1344730854034424 
vn -0.026417909190058708 -0.5116226673126221 -1.1691292524337769 
vn -0.2669914960861206 -0.8584004044532776 -0.9061916470527649 
vn -0.4502870738506317 -0.8196340203285217 -0.8687695860862732 
vn -0.5901105403900146 -0.4584689140319824 -1.0348405838012695 
vn -0.5078140497207642 -0.8064165711402893 -0.8491974472999573 
vn -0.5882001519203186 -0.7755955457687378 -0.8257065415382385 
vn -0.9107921719551086 -0.6153335571289062 -0.6489540338516235 
vn -0.9900989532470703 -0.33917832374572754 -0.7307403683662415 
vn -0.9145025014877319 -0.6091387867927551 -0.6495802402496338 
vn -1.0299631357192993 -0.5184215903282166 -0.5474799275398254 
vn -1.2105764150619507 -0.17870844900608063 -0.3631632328033447 
vn -1.1842015981674194 -0.3303469717502594 -0.3433028757572174 
vn -1.0155144929885864 -0.04616348817944527 -0.7719575762748718 
vn -0.6131545305252075 -0.07109609991312027 -1.1172761917114258 
vn -0.637207567691803 0.7562307119369507 0.8070940375328064 
vn -0.637207567691803 0.7562307119369507 0.8070940375328064 
vn -0.44446396827697754 0.8175021409988403 0.8737626075744629 
vn -0.47637268900871277 0.8122476935386658 0.8617666363716125 
vn -1.0139249440044296e-7 0.8726744651794434 0.9315354228019714 
vn -1.0139249440044296e-7 0.8726744651794434 0.9315354228019714 
vn -1.0139249440044296e-7 0.8726744651794434 0.9315354228019714 
vn -1.0139249440044296e-7 0.8726744651794434 0.9315354228019714 
vn -1.0139249440044296e-7 0.8726744651794434 0.9315354228019714 
vn 0.45026975870132446 0.8195207118988037 0.8688853979110718 
vn 0.47637251019477844 0.8122477531433105 0.8617666959762573 
vn 0.6372073888778687 0.7562308311462402 0.8070940971374512 
vn 0.6372073888778687 0.7562308311462402 0.8070940971374512 
vn 0.906680703163147 0.6147465109825134 0.6552373766899109 
vn 0.9027479290962219 0.6176007986068726 0.6579777002334595 
vn 1.1059865951538086 0.4348917007446289 0.46581339836120605 
vn 1.1059865951538086 0.4348917007446289 0.46581339836120605 
vn 1.2000539302825928 0.2971613109111786 0.3176245093345642 
vn 1.1862022876739502 0.3232557475566864 0.34314608573913574 
vn 1.1877169609069824 0.2515265941619873 0.3941853940486908 
vn 1.1862022876739502 0.3232557475566864 0.34314608573913574 
vn 1.1052353382110596 0.3438154458999634 0.5381125807762146 
vn 0.9027261137962341 0.4803638458251953 0.7639734148979187 
vn 0.6378210186958313 0.5913504362106323 0.9342419505119324 
vn 0.4749464988708496 0.6379137635231018 0.9984041452407837 
vn 0.47116145491600037 0.8136681914329529 0.8632902503013611 
vn 0.007227190770208836 0.6833866238594055 1.078076720237732 
vn 0.004821981769055128 0.46474891901016235 1.1888246536254883 
vn 0.009641106240451336 0.4491705894470215 1.1947685480117798 
vn 0.009641106240451336 0.4491705894470215 1.1947685480117798 
vn 0.01688440516591072 0.2016628533601761 1.2603039741516113 
vn 0.012062213383615017 -0.01508074626326561 1.2763017416000366 
vn 0.014469867572188377 -0.14858081936836243 1.2676881551742554 
vn 0.014469867572188377 -0.14858081936836243 1.2676881551742554 
vn 0.01446566078811884 -0.26412320137023926 1.2487387657165527 
vn 0.016860345378518105 -0.49785125255584717 1.175235629081726 
vn 0.026507221162319183 -0.7177537083625793 1.0551995038986206 
vn 0.026507221162319183 -0.7177537083625793 1.0551995038986206 
vn 0.026507221162319183 -0.7177537083625793 1.0551995038986206 
vn 0.021690675988793373 -0.7676966786384583 1.0195540189743042 
vn 0.02407948672771454 -1.064334750175476 0.7042234539985657 
vn 0.02407948672771454 -1.064334750175476 0.7042234539985657 
vn 0.02407948672771454 -1.064334750175476 0.7042234539985657 
vn 0.02407948672771454 -1.064334750175476 0.7042234539985657 
vn 1.2526862621307373 -0.20523105561733246 0.1340770423412323 
vn 0.07220246642827988 -1.063035488128662 0.7028950452804565 
vn 0.02407948672771454 -1.064334750175476 0.7042234539985657 
vn 0.3402223289012909 -1.0253089666366577 0.6799333691596985 
vn 0.38633066415786743 -1.0155162811279297 0.6699211597442627 
vn 0.460994690656662 -0.9936316013336182 0.6553618907928467 
vn 0.4520237445831299 -0.9960894584655762 0.6578748822212219 
vn 0.460994690656662 -0.9936316013336182 0.6553618907928467 
vn 0.507487952709198 -0.9769075512886047 0.6460856795310974 
vn 0.6567261219024658 -0.9127838611602783 0.6040327548980713 
vn 0.6730667352676392 -0.9056503176689148 0.5967393517494202 
vn 0.7216936349868774 -0.8798551559448242 0.5782147645950317 
vn 0.9117192029953003 -0.7471491098403931 0.4897504150867462 
vn 0.9117192029953003 -0.7471491098403931 0.4897504150867462 
vn -1.276444911956787 -0.0019937045872211456 -0.001949942670762539 
vn -1.2526862621307373 -0.20523126423358917 0.13407696783542633 
vn -1.2745888233184814 -0.057125139981508255 0.0384647399187088 
vn -1.1999731063842773 -0.36315467953681946 0.23979736864566803 
vn -1.2174943685531616 -0.3198655843734741 0.21145419776439667 
vn -1.2031586170196533 -0.35679447650909424 0.23329462110996246 
vn -1.1999731063842773 -0.36315467953681946 0.23979736864566803 
vn -1.1724541187286377 -0.4222496747970581 0.2763618230819702 
vn -1.0991084575653076 -0.5412095189094543 0.3582908511161804 
vn -1.0701625347137451 -0.5808611512184143 0.38297736644744873 
vn -0.9083817601203918 -0.7495782971382141 0.49223384261131287 
vn -0.9083817601203918 -0.7495782971382141 0.49223384261131287 
vn -0.9083817601203918 -0.7495782971382141 0.49223384261131287 
vn -0.9083817601203918 -0.7495782971382141 0.49223384261131287 
vn -0.9016673564910889 -0.7544095516204834 0.49717336893081665 
vn -0.8623137474060059 -0.7844380140304565 0.5199915766716003 
vn -0.7256337404251099 -0.877914309501648 0.5762302279472351 
vn -0.6771272420883179 -0.9038397073745728 0.5948879718780518 
vn -0.5030813813209534 -0.978266179561615 0.6474747061729431 
vn -0.46099457144737244 -0.9936316609382629 0.6553618311882019 
vn -0.4520236551761627 -0.9960895776748657 0.6578748226165771 
vn -0.4430259168148041 -0.9984990358352661 0.660338282585144 
vn -0.4520236551761627 -0.9960895776748657 0.6578748226165771 
vn -0.36334386467933655 -1.0205680131912231 0.6750860810279846 
vn -0.02407936193048954 -1.064334750175476 0.7042234539985657 
vn -0.02407936193048954 -1.064334750175476 0.7042234539985657 
vn -0.02407936193048954 -1.064334750175476 0.7042234539985657 
vn -0.02407936193048954 -1.064334750175476 0.7042234539985657 
vn -0.02407936193048954 -1.064334750175476 0.7042234539985657 
vn -0.024100251495838165 -0.8285678625106812 0.970676839351654 
vn -0.02168821543455124 -0.7178183197975159 1.0552655458450317 
vn -0.02168821543455124 -0.7178183197975159 1.0552655458450317 
vn -0.02168821543455124 -0.7178183197975159 1.0552655458450317 
vn -0.01928592100739479 -0.5537204742431641 1.149930715560913 
vn -0.014469927176833153 -0.14858081936836243 1.2676881551742554 
vn -0.019276712089776993 -0.5029564499855042 1.1730226278305054 
vn -0.014465700834989548 -0.26412320137023926 1.2487387657165527 
vn -0.01928970403969288 -0.2367250919342041 1.2541563510894775 
vn -0.014469927176833153 -0.14858081936836243 1.2676881551742554 
vn -0.019282907247543335 -0.020572330802679062 1.2761362791061401 
vn -0.009641257114708424 0.4491705596446991 1.1947685480117798 
vn -0.009638186544179916 0.09079423546791077 1.2731781005859375 
vn -0.00965478178113699 0.22906233370304108 1.2556895017623901 
vn -0.007237953133881092 0.40182048082351685 1.2115308046340942 
vn -0.009641257114708424 0.4491705596446991 1.1947685480117798 
vn -0.00482213543727994 0.46474891901016235 1.1888246536254883 
vn -0.00240940204821527 0.6833312511444092 1.0781333446502686 
vn -0.47255897521972656 0.634982168674469 1.001401424407959 
vn -0.4711616337299347 0.8136681318283081 0.8632901906967163 
vn -0.6395934224128723 0.5944890975952148 0.9310327768325806 
vn -0.45955678820610046 0.35413315892219543 1.1369768381118774 
vn -0.00482213543727994 0.46474891901016235 1.1888246536254883 
vn -0.009641257114708424 0.4491705596446991 1.1947685480117798 
vn -0.007237953133881092 0.40182048082351685 1.2115308046340942 
vn -0.012067217379808426 0.22359779477119446 1.2566531896591187 
vn -0.40951278805732727 0.06364676356315613 1.2072975635528564 
vn -0.009638186544179916 0.09079423546791077 1.2731781005859375 
vn -0.009641995653510094 -0.02067750319838524 1.276243805885315 
vn -0.3456873297691345 -0.20202042162418365 1.2120260000228882 
vn -0.014469927176833153 -0.14858081936836243 1.2676881551742554 
vn -0.01928970403969288 -0.2367250919342041 1.2541563510894775 
vn -0.2745582163333893 -0.4389874339103699 1.16671621799469 
vn -0.019285542890429497 -0.26952478289604187 1.2475188970565796 
vn -0.016873911023139954 -0.5081031322479248 1.1708396673202515 
vn -0.02652234584093094 -0.5586445331573486 1.1474021673202515 
vn -0.02168821543455124 -0.7178183197975159 1.0552655458450317 
vn -0.27730292081832886 -0.8811248540878296 0.8809319138526917 
vn -0.02168821543455124 -0.7178183197975159 1.0552655458450317 
vn -0.02409287914633751 -0.8243180513381958 0.9742885828018188 
vn -0.02407936193048954 -1.064334750175476 0.7042234539985657 
vn -0.02407936193048954 -1.064334750175476 0.7042234539985657 
vn -0.4430259168148041 -0.9984990358352661 0.660338282585144 
vn -0.4586184620857239 -0.9911965727806091 0.6606948375701904 
vn -0.5030813813209534 -0.978266179561615 0.6474747061729431 
vn 0.4595566391944885 0.3541332185268402 1.1369768381118774 
vn 0.004821981769055128 0.46474891901016235 1.1888246536254883 
vn 0.009641106240451336 0.4491705894470215 1.1947685480117798 
vn 0.4095126986503601 0.0636468306183815 1.2072975635528564 
vn 0.01688440516591072 0.2016628533601761 1.2603039741516113 
vn 0.34568727016448975 -0.20202036201953888 1.2120260000228882 
vn 0.009641914628446102 -0.02067750319838524 1.276243805885315 
vn 0.014469867572188377 -0.14858081936836243 1.2676881551742554 
vn 0.2792417109012604 -0.4381922781467438 1.1659033298492432 
vn 0.019285503774881363 -0.26952478289604187 1.2475188970565796 
vn 0.02169455960392952 -0.5080486536026001 1.1707838773727417 
vn 0.39803600311279297 -0.7539195418357849 0.9499956369400024 
vn 0.026507221162319183 -0.7177537083625793 1.0551995038986206 
vn 0.5317028760910034 -0.5878194570541382 1.0005395412445068 
vn 0.6680833101272583 -0.3704323172569275 1.0226259231567383 
vn 0.7832175493240356 -0.11596158891916275 1.001220464706421 
vn 0.8709807395935059 0.1765151470899582 0.9162719249725342 
vn 1.15165376663208 -0.01907462812960148 0.5501354932785034 
vn 1.2377036809921265 -0.259411484003067 0.17353582382202148 
vn 1.1999731063842773 -0.36315450072288513 0.2397974580526352 
vn 1.0559529066085815 -0.27846062183380127 0.6608649492263794 
vn 1.1822257041931152 -0.4024234414100647 0.26404038071632385 
vn 1.1229047775268555 -0.5079628229141235 0.3322318494319916 
vn 1.0665473937988281 -0.5879265666007996 0.38228046894073486 
vn 0.9125718474388123 -0.5100483894348145 0.7323814034461975 
vn 0.9328374266624451 -0.7282496094703674 0.4783158600330353 
vn 0.7483147978782654 -0.6925749182701111 0.7679089307785034 
vn 0.9117192029953003 -0.7471491098403931 0.4897504150867462 
vn 0.713781476020813 -0.8837053775787354 0.5821512341499329 
vn 0.6649159789085388 -0.9092389941215515 0.6004084348678589 
vn 0.507487952709198 -0.9769075512886047 0.6460856795310974 
vn 0.27730298042297363 -0.8811248540878296 0.8809319138526917 
vn 0.45413386821746826 -0.9924234747886658 0.6619493961334229 
vn 0.38633066415786743 -1.0155162811279297 0.6699211597442627 
vn 0.07220246642827988 -1.063035488128662 0.7028950452804565 
vn 0.02407948672771454 -1.064334750175476 0.7042234539985657 
vn 0.9117192029953003 -0.7471491098403931 0.4897504150867462 
vn 0.026507221162319183 -0.7177537083625793 1.0551995038986206 
vn 0.021690675988793373 -0.7676966786384583 1.0195540189743042 
vn 0.02407948672771454 -1.064334750175476 0.7042234539985657 
vn -1.276444911956787 -0.0019937045872211456 -0.001949942670762539 
vn -1.276444911956787 -0.0019937045872211456 -0.001949942670762539 
vn -1.276444911956787 -0.0019937045872211456 -0.001949942670762539 
vn -1.240147590637207 -0.0839189812541008 -0.29036375880241394 
vn -1.251703143119812 -0.033401597291231155 -0.24787697196006775 
vn -1.2407957315444946 -0.04812353849411011 -0.295684814453125 
vn -1.2346111536026 -0.04655003920197487 -0.32076147198677063 
vn -1.1395900249481201 -0.08013972640037537 -0.5694133639335632 
vn -1.077850341796875 -0.18515588343143463 -0.6582365036010742 
vn -1.0785493850708008 -0.09834767878055573 -0.6755578517913818 
vn -1.052037000656128 -0.10113067924976349 -0.7157585024833679 
vn -0.7956818342208862 -0.2709156274795532 -0.9606322646141052 
vn -0.9463686943054199 -0.12130147218704224 -0.8479335904121399 
vn -0.8003102540969849 -0.14083203673362732 -0.9843724370002747 
vn -0.7467103600502014 -0.14321109652519226 -1.025296688079834 
vn -0.668705403804779 -0.15171264111995697 -1.0766315460205078 
vn -0.43587327003479004 -0.3287047743797302 -1.1538139581680298 
vn -0.4358496069908142 -0.16312770545482635 -1.1885888576507568 
vn -0.3603847324848175 -0.1646796613931656 -1.213392972946167 
vn -0.3582390248775482 -0.1698393076658249 -1.2133171558380127 
vn -0.021599890664219856 -0.34874188899993896 -1.2276935577392578 
vn -0.02164248749613762 -0.17415843904018402 -1.2643256187438965 
vn -0.02164248749613762 -0.17415843904018402 -1.2643256187438965 
vn -0.019202662631869316 -0.5011356472969055 -1.1738029718399048 
vn -0.019202662631869316 -0.5011356472969055 -1.1738029718399048 
vn -0.026313669979572296 -0.6507670283317566 -1.0977835655212402 
vn -0.020609866827726364 -0.9064224362373352 -0.8984946608543396 
vn -0.020609866827726364 -0.9064224362373352 -0.8984946608543396 
vn -0.020609866827726364 -0.9064224362373352 -0.8984946608543396 
vn -0.02396787703037262 -1.1037342548370361 -0.6407147645950317 
vn -0.0239885076880455 -1.1781343221664429 -0.49065569043159485 
vn -0.0239885076880455 -1.1781343221664429 -0.49065569043159485 
vn -0.026427093893289566 -1.230667233467102 -0.3377552032470703 
vn -0.026457874104380608 -1.2761110067367554 -0.012630532495677471 
vn -0.026457874104380608 -1.2761110067367554 -0.012630532495677471 
vn -0.026457874104380608 -1.2761110067367554 -0.012630532495677471 
vn -0.021657513454556465 -1.2372068166732788 0.3133195638656616 
vn -0.4293919801712036 -1.165332317352295 0.29485946893692017 
vn -0.019256213679909706 -1.1877111196517944 0.46721574664115906 
vn -0.019256213679909706 -1.1877111196517944 0.46721574664115906 
vn -0.019256213679909706 -1.1877111196517944 0.46721574664115906 
vn -0.024070970714092255 -1.11638343334198 0.6184073686599731 
vn -0.024097835645079613 -1.0226300954818726 0.7635220885276794 
vn -0.024097835645079613 -1.0226300954818726 0.7635220885276794 
vn -0.4326149821281433 -1.2008607387542725 -0.009845433756709099 
vn -0.43128105998039246 -1.1598308086395264 -0.31322214007377625 
vn -0.0239885076880455 -1.1781343221664429 -0.49065569043159485 
vn -0.4346316456794739 -1.0376341342926025 -0.6031001210212708 
vn -0.4318823218345642 -0.855351984500885 -0.8433088064193726 
vn -0.4328998029232025 -0.6085579991340637 -1.0351686477661133 
vn -0.019202662631869316 -0.5011356472969055 -1.1738029718399048 
vn -0.7969025373458862 -0.5059871673583984 -0.8592103719711304 
vn -0.7954826354980469 -0.7069019079208374 -0.7048519253730774 
vn -0.7955418825149536 -0.8661507368087769 -0.49620071053504944 
vn -0.7986958026885986 -0.9608537554740906 -0.2610829472541809 
vn -0.7993215918540955 -0.9950839281082153 -0.014567320235073566 
vn -0.7958542704582214 -0.9680270552635193 0.24260810017585754 
vn -0.42892739176750183 -1.051539421081543 0.5827564597129822 
vn -0.31441810727119446 -0.9882709383964539 0.7441645264625549 
vn -0.024097835645079613 -1.0226300954818726 0.7635220885276794 
vn -0.4341878294944763 -0.9588955044746399 0.7220243811607361 
vn -0.45223379135131836 -0.9541692733764648 0.7171922326087952 
vn -0.6158034801483154 -0.8939964175224304 0.6714726090431213 
vn -0.7981593608856201 -0.8710519671440125 0.48324862122535706 
vn -0.7976275682449341 -0.7979370355606079 0.5969974398612976 
vn -0.8892888426780701 -0.7340006232261658 0.5474739074707031 
vn -0.9075748324394226 -0.7178168892860413 0.5388562679290771 
vn -1.0749061107635498 -0.6021555662155151 0.3336237967014313 
vn -1.0778189897537231 -0.5463749170303345 0.4112178385257721 
vn -1.0981699228286743 -0.519521176815033 0.391713947057724 
vn -1.2408212423324585 -0.2622518241405487 0.14458996057510376 
vn -1.2001373767852783 -0.3464847803115845 0.26256030797958374 
vn -1.2310571670532227 -0.27083951234817505 0.2011556178331375 
vn -1.240772008895874 -0.24078622460365295 0.1783989667892456 
vn -1.276444911956787 -0.0019937045872211456 -0.001949942670762539 
vn -1.276444911956787 -0.0019937045872211456 -0.001949942670762539 
vn -1.276444911956787 -0.0019937045872211456 -0.001949942670762539 
vn -1.239659309387207 -0.30423402786254883 -0.002452464308589697 
vn -1.2399444580078125 -0.2939561605453491 0.07380462437868118 
vn -1.0750049352645874 -0.6676202416419983 0.1672334223985672 
vn -1.0766007900238037 -0.6856820583343506 -0.009500578977167606 
vn -1.240147590637207 -0.2921522259712219 -0.07746364921331406 
vn -1.276444911956787 -0.0019937045872211456 -0.001949942670762539 
vn -1.276444911956787 -0.0019937045872211456 -0.001949942670762539 
vn -1.276444911956787 -0.0019937045872211456 -0.001949942670762539 
vn -1.276444911956787 -0.0019937045872211456 -0.001949942670762539 
vn -1.24031662940979 -0.15030242502689362 -0.261425644159317 
vn -1.240417718887329 -0.2118867188692093 -0.21397992968559265 
vn -1.2409130334854126 -0.2579715847969055 -0.1513434499502182 
vn -1.0779612064361572 -0.6593570113182068 -0.18046417832374573 
vn -1.0762966871261597 -0.5930132269859314 -0.3453117311000824 
vn -1.0774906873703003 -0.48586106300354004 -0.4819461405277252 
vn -1.0777117013931274 -0.3483313322067261 -0.5886613726615906 
vn 0.43853917717933655 1.012658953666687 0.6415014863014221 
vn 0.004821947310119867 1.1988319158554077 0.4382895827293396 
vn 0.4397215247154236 1.1604708433151245 0.29878324270248413 
vn 0.007236848119646311 1.2062902450561523 0.41728925704956055 
vn 0.007240966893732548 1.2381088733673096 0.31040796637535095 
vn 0.007236576173454523 1.2645704746246338 0.17357465624809265 
vn 0.3817949891090393 1.217987298965454 -0.007664963603019714 
vn 0.012067927978932858 1.271889567375183 0.10709985345602036 
vn 0.012056240811944008 1.2733592987060547 -0.08791958540678024 
vn 0.3090231418609619 1.2085806131362915 -0.27047455310821533 
vn 0.012057269923388958 1.259945273399353 -0.20423434674739838 
vn 0.014458493329584599 1.2561618089675903 -0.2262023687362671 
vn 0.014454379677772522 1.2345041036605835 -0.3242062032222748 
vn 0.24173644185066223 1.1554774045944214 -0.4855455160140991 
vn 0.02649175003170967 1.1705570220947266 -0.5083438754081726 
vn 0.4677984416484833 1.0098090171813965 -0.6251155138015747 
vn 0.03372197970747948 1.0453500747680664 -0.7317274808883667 
vn 0.47170668840408325 0.9991466403007507 0.6391539573669434 
vn 0.6095356345176697 0.948573887348175 0.5983251333236694 
vn 0.8432624936103821 0.9509353041648865 0.11810878664255142 
vn 0.7292740345001221 1.0299702882766724 -0.19141507148742676 
vn 0.5945281386375427 1.0396690368652344 -0.4415242075920105 
vn 0.9008939266204834 0.7708508372306824 0.47275611758232117 
vn 0.9048646688461304 0.7678568959236145 0.4700370728969574 
vn 1.0574456453323364 0.6168049573898315 0.36149635910987854 
vn 1.1216129064559937 0.6022472381591797 -0.09274828433990479 
vn 1.184798002243042 0.4197859466075897 0.22215504944324493 
vn 1.1992963552474976 0.3868337869644165 0.20338965952396393 
vn 1.2667394876480103 0.148614302277565 0.05103198438882828 
vn 1.2312688827514648 0.19912853837013245 -0.27137479186058044 
vn 1.2758382558822632 0.020975803956389427 -0.03341023251414299 
vn 0.9955697059631348 0.7154678106307983 -0.35533925890922546 
vn 1.1987552642822266 0.2620343863964081 -0.35162943601608276 
vn 1.161702036857605 0.31228527426719666 -0.42690256237983704 
vn 1.132075309753418 0.35065576434135437 -0.4740944802761078 
vn 0.8340466022491455 0.7798311114311218 -0.5705689787864685 
vn 0.9924935698509216 0.4693692922592163 -0.6511284112930298 
vn 0.9079923033714294 0.5270673632621765 -0.7259953022003174 
vn 0.6662557721138 0.8095536828041077 -0.7280420660972595 
vn 0.8871454000473022 0.5371015667915344 -0.7441869378089905 
vn 0.8231421709060669 0.5779540538787842 -0.7859549522399902 
vn 0.6140443682670593 0.6657365560531616 -0.8994795680046082 
vn 0.2300197035074234 0.8995822668075562 -0.8758776783943176 
vn 0.4477434754371643 0.7150909304618835 -0.9578568339347839 
vn 0.4296676218509674 0.7197578549385071 -0.9626283645629883 
vn 0.08899892121553421 0.7566936612129211 -1.0241156816482544 
vn 0.019269686192274094 0.7542920112609863 -1.0295586585998535 
vn 0.03374933823943138 1.0421411991119385 -0.7362890839576721 
vn 0.028915684670209885 0.9775556921958923 -0.8202851414680481 
vn 0.01925746724009514 0.7497859001159668 -1.032845139503479 
vn -1.276444911956787 0.001993497833609581 0.0019498583860695362 
vn -1.2403428554534912 -0.20515064895153046 -0.22086697816848755 
vn -1.234514594078064 -0.20713281631469727 -0.249778151512146 
vn -1.2348908185958862 -0.22061015665531158 -0.23599876463413239 
vn -1.1982600688934326 -0.3076605498790741 -0.31438398361206055 
vn -1.0536009073257446 -0.46209031343460083 -0.5529168248176575 
vn -1.114354133605957 -0.42786937952041626 -0.4521748423576355 
vn -1.05265212059021 -0.49901747703552246 -0.5217515230178833 
vn -0.9110970497131348 -0.6220598816871643 -0.6420769691467285 
vn -0.9070411920547485 -0.6215221881866455 -0.6483098864555359 
vn -0.7482975125312805 -0.6617446541786194 -0.7946471571922302 
vn -0.7504260540008545 -0.7142670750617981 -0.7456557154655457 
vn -0.671424150466919 -0.7487568259239197 -0.7860483527183533 
vn -0.4512038230895996 -0.826324462890625 -0.8619292378425598 
vn -0.3586570918560028 -0.785651683807373 -0.9399124979972839 
vn -0.3609987199306488 -0.8480938673019409 -0.8830264806747437 
vn -0.3556094169616699 -0.8491649627685547 -0.8841831684112549 
vn -0.025853389874100685 -0.8202260732650757 -0.9776910543441772 
vn -0.022304560989141464 -0.8849604725837708 -0.9196012020111084 
vn -0.022304560989141464 -0.8849604725837708 -0.9196012020111084 
vn -0.026102416217327118 -0.7761186957359314 -1.0130535364151 
vn -0.026102416217327118 -0.7761186957359314 -1.0130535364151 
vn -0.02144503779709339 -0.7073194980621338 -1.0623362064361572 
vn -0.026387589052319527 -0.6167976260185242 -1.1172212362289429 
vn -0.026387589052319527 -0.6167976260185242 -1.1172212362289429 
vn -0.02154836431145668 -0.5919795036315918 -1.130670189857483 
vn -0.019202956929802895 -0.4388863742351532 -1.1984694004058838 
vn -0.021630102768540382 -0.46504515409469604 -1.1885218620300293 
vn -0.019202956929802895 -0.4388863742351532 -1.1984694004058838 
vn -0.026417555287480354 -0.3381197452545166 -1.230567455291748 
vn -0.021630853414535522 -0.2566242814064026 -1.2501980066299438 
vn -0.021630853414535522 -0.2566242814064026 -1.2501980066299438 
vn -0.02642274834215641 -0.2018529325723648 -1.2601096630096436 
vn -0.024049486964941025 -0.11323734372854233 -1.2711875438690186 
vn -0.024049486964941025 -0.11323734372854233 -1.2711875438690186 
vn -0.355471670627594 -0.1924256533384323 -1.2107564210891724 
vn -0.021630853414535522 -0.2566242814064026 -1.2501980066299438 
vn -0.3600989282131195 -0.32446813583374023 -1.1808336973190308 
vn -0.019202956929802895 -0.4388863742351532 -1.1984694004058838 
vn -0.3558710813522339 -0.44924113154411316 -1.1405513286590576 
vn -0.35726502537727356 -0.5693645477294922 -1.085128903388977 
vn -0.026387589052319527 -0.6167976260185242 -1.1172212362289429 
vn -0.3570204973220825 -0.6809541583061218 -1.0188997983932495 
vn -0.026102416217327118 -0.7761186957359314 -1.0130535364151 
vn -1.276444911956787 0.001993497833609581 0.0019498583860695362 
vn -0.7493497133255005 -0.5772528052330017 -0.8570725917816162 
vn -1.0549342632293701 -0.39856934547424316 -0.5979761481285095 
vn -1.234533429145813 -0.1797085702419281 -0.27009543776512146 
vn -1.276444911956787 0.001993497833609581 0.0019498583860695362 
vn -1.2353551387786865 -0.15182121098041534 -0.28313878178596497 
vn -1.276444911956787 0.001993497833609581 0.0019498583860695362 
vn -0.7460677027702332 -0.4779371917247772 -0.9188461899757385 
vn -0.7452974915504456 -0.3759087920188904 -0.9656829237937927 
vn -0.7484989762306213 -0.2752663195133209 -0.9966428279876709 
vn -1.0538218021392822 -0.33214426040649414 -0.6391080021858215 
vn -1.053382396697998 -0.2596084773540497 -0.672538697719574 
vn -1.2344157695770264 -0.11727263033390045 -0.302959144115448 
vn -1.276444911956787 0.001993497833609581 0.0019498583860695362 
vn -1.2347393035888672 -0.08549357950687408 -0.3121364712715149 
vn -1.276444911956787 0.001993497833609581 0.0019498583860695362 
vn -1.0534783601760864 -0.19013841450214386 -0.6952337622642517 
vn -0.7490271329879761 -0.16610202193260193 -1.0201410055160522 
vn -1.0549875497817993 -0.11431034654378891 -0.7094038128852844 
vn -1.2346111536026 -0.04655003920197487 -0.32076147198677063 
vn -1.276444911956787 0.001993497833609581 0.0019498583860695362 
vn -1.2522032260894775 -0.018955202773213387 -0.2468753606081009 
vn -1.276444911956787 0.001993497833609581 0.0019498583860695362 
vn -1.2400250434875488 -0.027064545080065727 -0.3015373647212982 
vn -1.235314130783081 -0.03217782825231552 -0.31981730461120605 
vn -1.1404201984405518 -0.049072910100221634 -0.5712730288505554 
vn -1.0778313875198364 -0.06493712961673737 -0.6807217597961426 
vn -1.0538051128387451 -0.0644812062382698 -0.717395544052124 
vn -0.9492211937904358 -0.07964947074651718 -0.8496789932250977 
vn -0.795648992061615 -0.08771522343158722 -0.9942675232887268 
vn -0.745140552520752 -0.0941559299826622 -1.0320945978164673 
vn -0.6680578589439392 -0.09850103408098221 -1.083196759223938 
vn -0.4290613532066345 -0.10640599578619003 -1.197456955909729 
vn -0.3637274205684662 -0.10710302740335464 -1.2188315391540527 
vn -0.3528622090816498 -0.10953278839588165 -1.2218059301376343 
vn -1.276444911956787 -0.0019937045872211456 -0.001949942670762539 
vn -1.276444911956787 -0.0019937045872211456 -0.001949942670762539 
vn -1.276444911956787 -0.0019937045872211456 -0.001949942670762539 
vn -1.276444911956787 -0.0019937045872211456 -0.001949942670762539 
vn -1.2326120138168335 0.26826977729797363 0.19498352706432343 
vn -1.2326120138168335 0.26826977729797363 0.19498352706432343 
vn -1.1053581237792969 0.5156087875366211 0.3763648271560669 
vn -1.1053581237792969 0.5156087875366211 0.3763648271560669 
vn -1.1053581237792969 0.5156087875366211 0.3763648271560669 
vn -1.1053581237792969 0.5156087875366211 0.3763648271560669 
vn -1.1053581237792969 0.5156087875366211 0.3763648271560669 
vn -1.1053581237792969 0.5156087875366211 0.3763648271560669 
vn -1.1053581237792969 0.5156087875366211 0.3763648271560669 
vn -1.1053581237792969 0.5156087875366211 0.3763648271560669 
vn -0.04816450923681259 0.7537527084350586 -1.0290073156356812 
vn -0.04816450923681259 0.7537527084350586 -1.0290073156356812 
vn -0.04816450923681259 0.7537527084350586 -1.0290073156356812 
vn -0.04816450923681259 0.7537527084350586 -1.0290073156356812 
vn -0.04816450923681259 0.7537527084350586 -1.0290073156356812 
vn -0.04816450923681259 0.7537527084350586 -1.0290073156356812 
vn -0.04468199983239174 -1.0308383703231812 -0.7514617443084717 
vn -0.04468199983239174 -1.0308383703231812 -0.7514617443084717 
vn -0.04468199983239174 -1.0308383703231812 -0.7514617443084717 
vn -0.04468199983239174 -1.0308383703231812 -0.7514617443084717 
vn -0.01927805133163929 -0.7985482215881348 0.9956244826316833 
vn -0.01927805133163929 -0.7985482215881348 0.9956244826316833 
vn -0.01927805133163929 -0.7985482215881348 0.9956244826316833 
vn -0.01927805133163929 -0.7985482215881348 0.9956244826316833 
vn -0.01927805133163929 -0.7985482215881348 0.9956244826316833 
vn -0.01927805133163929 -0.7985482215881348 0.9956244826316833 
vn -0.01927805133163929 -0.7985482215881348 0.9956244826316833 
vn -0.01928570121526718 -0.3399244248867035 1.230202555656433 
vn -0.01928570121526718 -0.3399244248867035 1.230202555656433 
vn -0.01930878311395645 0.1685878336429596 1.2651182413101196 
vn -0.01930878311395645 0.1685878336429596 1.2651182413101196 
vn -0.02173710986971855 0.6505340337753296 1.0980218648910522 
vn -0.02173710986971855 0.6505340337753296 1.0980218648910522 
vn -0.021738404408097267 1.0304055213928223 0.7530677318572998 
vn -0.021738404408097267 1.0304055213928223 0.7530677318572998 
vn -0.021738404408097267 1.0304055213928223 0.7530677318572998 
vn -0.021738404408097267 1.0304055213928223 0.7530677318572998 
vn -0.021738404408097267 1.0304055213928223 0.7530677318572998 
vn -0.01927805133163929 -0.7985482215881348 0.9956244826316833 
vn -0.01927805133163929 -0.7985482215881348 0.9956244826316833 
vn -1.2764205932617188 -0.005980868823826313 -0.005849706474691629 
vn -1.2745158672332764 -0.06110929325222969 0.03456250950694084 
vn -1.2764205932617188 -0.005980868823826313 -0.005849706474691629 
vn -1.2178202867507935 -0.3159559965133667 0.21541841328144073 
vn -1.2410882711410522 -0.24958281219005585 0.16348659992218018 
vn -1.2314268350601196 -0.2796604633331299 0.18627293407917023 
vn -1.2003402709960938 -0.3592682182788849 0.2437806874513626 
vn -1.2003402709960938 -0.3592682182788849 0.2437806874513626 
vn -1.2003402709960938 -0.3592682182788849 0.2437806874513626 
vn -1.0985500812530518 -0.5323231816291809 0.37301355600357056 
vn -1.0985500812530518 -0.5323231816291809 0.37301355600357056 
vn -1.0747404098510742 -0.5662946105003357 0.3918707072734833 
vn -0.9128121137619019 -0.730537474155426 0.5122581124305725 
vn -0.9128121137619019 -0.730537474155426 0.5122581124305725 
vn -0.9128121137619019 -0.730537474155426 0.5122581124305725 
vn -0.9128121137619019 -0.730537474155426 0.5122581124305725 
vn -0.9061062932014465 -0.7353806495666504 0.5172098278999329 
vn -0.8920233249664307 -0.7485506534576416 0.5227670669555664 
vn -0.8642835021018982 -0.7672578692436218 0.5418935418128967 
vn -0.8006876111030579 -0.8126717805862427 0.5725234746932983 
vn -0.6799704432487488 -0.8836336731910706 0.6214103698730469 
vn -0.6133666634559631 -0.9147059321403503 0.645301103591919 
vn -0.45868849754333496 -0.9721798896789551 0.6883241534233093 
vn -0.4497068226337433 -0.9746103882789612 0.6908091902732849 
vn -0.4497068226337433 -0.9746103882789612 0.6908091902732849 
vn -0.36099228262901306 -0.9989715814590454 0.7078554630279541 
vn -0.43166500329971313 -0.9793269634246826 0.6956314444541931 
vn -0.31458964943885803 -1.0080217123031616 0.7171084880828857 
vn -0.021688178181648254 -1.0390989780426025 0.7410274744033813 
vn 0.004835400730371475 1.0692782402038574 0.6970937848091125 
vn -0.004822170361876488 1.1988319158554077 0.4382895827293396 
vn -0.00483561959117651 1.0692782402038574 0.6970937848091125 
vn -0.004822344984859228 1.1869304180145264 0.469565749168396 
vn -0.004829039331525564 1.239469051361084 0.30497878789901733 
vn -0.004829039331525564 1.239469051361084 0.30497878789901733 
vn -0.007242408115416765 1.2557812929153442 0.22864815592765808 
vn -0.012060924433171749 1.264527678489685 0.17361843585968018 
vn -0.01687854528427124 1.2733080387115479 -0.08786725997924805 
vn -0.007234970573335886 1.2704169750213623 0.12372250109910965 
vn -0.019280588254332542 1.255106806755066 -0.23163367807865143 
vn -0.014469994232058525 1.2640842199325562 -0.176637202501297 
vn -0.014458681456744671 1.2561618089675903 -0.2262023687362671 
vn -0.019285161048173904 1.253034234046936 -0.2425946146249771 
vn -0.014454558491706848 1.2345041036605835 -0.3242062032222748 
vn -0.016863515600562096 1.1448965072631836 -0.5641335844993591 
vn -0.014458681456744671 1.2561618089675903 -0.2262023687362671 
vn -0.01928613893687725 1.0519204139709473 -0.7227796912193298 
vn -0.021702995523810387 1.181454062461853 -0.4827153980731964 
vn -0.01928613893687725 1.0519204139709473 -0.7227796912193298 
vn -0.01686922274529934 1.0487762689590454 -0.7273944616317749 
vn -0.01928613893687725 1.0519204139709473 -0.7227796912193298 
vn -0.016870884224772453 1.0023422241210938 -0.7901546359062195 
vn -0.02649632841348648 0.8071283102035522 -0.9885144829750061 
vn -0.01926974020898342 0.7542920112609863 -1.0295586585998535 
vn -0.01926974020898342 0.7542920112609863 -1.0295586585998535 
vn -1.276444911956787 -0.0019937045872211456 -0.001949942670762539 
vn -1.276444911956787 -0.0019937045872211456 -0.001949942670762539 
vn -1.276444911956787 -0.0019937045872211456 -0.001949942670762539 
vn -1.276444911956787 -0.0019937045872211456 -0.001949942670762539 
vn -1.276444911956787 -0.0019937045872211456 -0.001949942670762539 
vn -1.276444911956787 -0.0019937045872211456 -0.001949942670762539 
vn -1.276444911956787 -0.0019937045872211456 -0.001949942670762539 
vn -1.276444911956787 -0.0019937045872211456 -0.001949942670762539 
vn -1.276444911956787 -0.0019937045872211456 -0.001949942670762539 
vn -1.276444911956787 -0.0019937045872211456 -0.001949942670762539 
vn -1.276444911956787 -0.0019937045872211456 -0.001949942670762539 
vn -1.276444911956787 -0.0019937045872211456 -0.001949942670762539 
vn -1.276444911956787 -0.0019937045872211456 -0.001949942670762539 
vn -1.276444911956787 -0.0019937045872211456 -0.001949942670762539 
vn -1.276444911956787 -0.0019937045872211456 -0.001949942670762539 
vn -1.276444911956787 -0.0019937045872211456 -0.001949942670762539 
vn -1.276444911956787 -0.0019937045872211456 -0.001949942670762539 
vn -1.276444911956787 -0.0019937045872211456 -0.001949942670762539 
vn -1.276444911956787 -0.0019937045872211456 -0.001949942670762539 
vn -1.276444911956787 -0.0019937045872211456 -0.001949942670762539 
vn -1.276444911956787 -0.0019937045872211456 -0.001949942670762539 
vn -1.276444911956787 -0.0019937045872211456 -0.001949942670762539 
vn -1.276444911956787 -0.0019937045872211456 -0.001949942670762539 
vn -1.276444911956787 -0.0019937045872211456 -0.001949942670762539 
vn -1.276444911956787 -0.0019937045872211456 -0.001949942670762539 
vn -1.276444911956787 -0.0019937045872211456 -0.001949942670762539 
vn -1.276444911956787 -0.0019937045872211456 -0.001949942670762539 
vn -1.276444911956787 -0.0019937045872211456 -0.001949942670762539 
vn -1.276444911956787 -0.0019937045872211456 -0.001949942670762539 
vn -1.276444911956787 -0.0019937045872211456 -0.001949942670762539 
vn -1.276444911956787 -0.0019937045872211456 -0.001949942670762539 
vn -1.276444911956787 -0.0019937045872211456 -0.001949942670762539 
vn -1.276444911956787 -0.0019937045872211456 -0.001949942670762539 
vn -1.276444911956787 -0.0019937045872211456 -0.001949942670762539 
vn -1.276444911956787 -0.0019937045872211456 -0.001949942670762539 
vn -1.276444911956787 -0.0019937045872211456 -0.001949942670762539 
vn -1.276444911956787 -0.0019937045872211456 -0.001949942670762539 
vn -1.276444911956787 -0.0019937045872211456 -0.001949942670762539 
vn -0.01926974020898342 0.7542920112609863 -1.0295586585998535 
vn -0.01926974020898342 0.7542920112609863 -1.0295586585998535 
vn -0.01926974020898342 0.7542920112609863 -1.0295586585998535 
vn -0.01926974020898342 0.7542920112609863 -1.0295586585998535 
vn -0.01926974020898342 0.7542920112609863 -1.0295586585998535 
vn -0.01926974020898342 0.7542920112609863 -1.0295586585998535 
vn -0.01926974020898342 0.7542920112609863 -1.0295586585998535 
vn -0.01926974020898342 0.7542920112609863 -1.0295586585998535 
vn -0.01926974020898342 0.7542920112609863 -1.0295586585998535 
vn -0.01926974020898342 0.7542920112609863 -1.0295586585998535 
vn -0.01926974020898342 0.7542920112609863 -1.0295586585998535 
vn -0.01926974020898342 0.7542920112609863 -1.0295586585998535 
vn -0.01926974020898342 0.7542920112609863 -1.0295586585998535 
vn 0.0023742292542010546 -1.0345755815505981 -0.7476407885551453 
vn 0.0023347754031419754 -0.9580246806144714 -0.843505859375 
vn 0.0023742292542010546 -1.0345755815505981 -0.7476407885551453 
vn 0.0023347754031419754 -0.9580246806144714 -0.843505859375 
vn 0.0023742292542010546 -1.0345755815505981 -0.7476407885551453 
vn 0.004604334942996502 -0.8728076219558716 -0.9313992857933044 
vn 0.004604334942996502 -0.8728076219558716 -0.9313992857933044 
vn 0.004604334942996502 -0.8728076219558716 -0.9313992857933044 
vn 0.004604334942996502 -0.8728076219558716 -0.9313992857933044 
vn 0.004604334942996502 -0.8728076219558716 -0.9313992857933044 
vn -0.019345009699463844 0.7440205812454224 1.0370044708251953 
vn -0.019345009699463844 0.7440205812454224 1.0370044708251953 
vn -0.019345009699463844 0.7440205812454224 1.0370044708251953 
vn -0.019345009699463844 0.7440205812454224 1.0370044708251953 
vn -0.019345009699463844 0.7440205812454224 1.0370044708251953 
vn -0.019345009699463844 0.7440205812454224 1.0370044708251953 
vn -0.019345009699463844 0.7440205812454224 1.0370044708251953 
vn -0.019345009699463844 0.7440205812454224 1.0370044708251953 
vn -0.019345009699463844 0.7440205812454224 1.0370044708251953 
vn -0.019345009699463844 0.7440205812454224 1.0370044708251953 
vn -0.019345009699463844 0.7440205812454224 1.0370044708251953 
vn -0.019345009699463844 0.7440205812454224 1.0370044708251953 
vn -0.019345009699463844 0.7440205812454224 1.0370044708251953 
vn -0.019345009699463844 0.7440205812454224 1.0370044708251953 
vn -0.021738404408097267 1.0304055213928223 0.7530677318572998 
vn -0.021738404408097267 1.0304055213928223 0.7530677318572998 
vn -0.021738404408097267 1.0304055213928223 0.7530677318572998 
vn -0.021738404408097267 1.0304055213928223 0.7530677318572998 
vn -0.021738404408097267 1.0304055213928223 0.7530677318572998 
vn -0.021738404408097267 1.0304055213928223 0.7530677318572998 
vn -0.021738404408097267 1.0304055213928223 0.7530677318572998 
vn -0.021738404408097267 1.0304055213928223 0.7530677318572998 
vn -0.021738404408097267 1.0304055213928223 0.7530677318572998 
vn -0.021738404408097267 1.0304055213928223 0.7530677318572998 
vn -0.021738404408097267 1.0304055213928223 0.7530677318572998 
vn -0.021738404408097267 1.0304055213928223 0.7530677318572998 
vn -0.021738404408097267 1.0304055213928223 0.7530677318572998 
vn -0.021738404408097267 1.0304055213928223 0.7530677318572998 
vn -0.031261853873729706 0.684493899345398 1.0769445896148682 
vn -0.021738404408097267 1.0304055213928223 0.7530677318572998 
vn -0.026558000594377518 0.6314370632171631 1.109009027481079 
vn -0.02409513108432293 0.636164665222168 1.1063601970672607 
vn -0.026558000594377518 0.6314370632171631 1.109009027481079 
vn -0.024116316810250282 0.1021212711930275 1.272127628326416 
vn -0.03136521577835083 0.024287628009915352 1.2758312225341797 
vn -0.026514269411563873 0.029755309224128723 1.2758255004882812 
vn -0.026514269411563873 0.029755309224128723 1.2758255004882812 
vn -0.024099769070744514 -0.4511692225933075 1.1938109397888184 
vn -0.021677110344171524 -0.4977966547012329 1.1751798391342163 
vn -0.021677110344171524 -0.4977966547012329 1.1751798391342163 
vn -0.02651851996779442 -0.08731916546821594 1.273181438446045 
vn -0.024099769070744514 -0.4511692225933075 1.1938109397888184 
vn -0.02651851996779442 -0.08731916546821594 1.273181438446045 
vn -0.0265305507928133 0.4022098779678345 1.2111326456069946 
vn -0.0265305507928133 0.4022098779678345 1.2111326456069946 
vn -0.021738391369581223 0.7757172584533691 1.0134639739990234 
vn -0.02166740596294403 0.7712453007698059 1.016872763633728 
vn -0.019345009699463844 0.7440205812454224 1.0370044708251953 
vn -0.019345009699463844 0.7440205812454224 1.0370044708251953 
vn -0.019345009699463844 0.7440205812454224 1.0370044708251953 
vn -0.019345009699463844 0.7440205812454224 1.0370044708251953 
vn -0.021738404408097267 1.0304055213928223 0.7530677318572998 
vn -0.021738404408097267 1.0304055213928223 0.7530677318572998 
vn -0.021738404408097267 1.0304055213928223 0.7530677318572998 
vn -0.021738404408097267 1.0304055213928223 0.7530677318572998 
vn -0.14566726982593536 1.2204785346984863 0.3442852199077606 
vn -0.0793214961886406 1.2289870977401733 0.33558598160743713 
vn -0.021738404408097267 1.0304055213928223 0.7530677318572998 
vn -0.021687449887394905 1.2322604656219482 0.3322392404079437 
vn -0.021738404408097267 1.0304055213928223 0.7530677318572998 
vn -0.20155104994773865 1.2074998617172241 0.36144179105758667 
vn -0.021738404408097267 1.0304055213928223 0.7530677318572998 
vn -0.021738404408097267 1.0304055213928223 0.7530677318572998 
vn -0.021738404408097267 1.0304055213928223 0.7530677318572998 
vn -0.26174283027648926 1.1886664628982544 0.38455405831336975 
vn -0.3162854015827179 1.1641138792037964 0.4172784686088562 
vn -0.4894401431083679 1.176137924194336 -0.08041761815547943 
vn -0.25973746180534363 1.2389822006225586 -0.16364119946956635 
vn -0.021684903651475906 1.2624025344848633 -0.18758632242679596 
vn -0.02169690653681755 1.2607144117355347 -0.19861319661140442 
vn -0.016858888790011406 1.0825157165527344 -0.6761615872383118 
vn -0.021738404408097267 1.0304055213928223 0.7530677318572998 
vn -0.36179086565971375 1.1376681327819824 0.45181578397750854 
vn -0.6797915697097778 1.0792204141616821 0.04986007139086723 
vn -0.631348192691803 0.9728781580924988 -0.5331291556358337 
vn -0.021738404408097267 1.0304055213928223 0.7530677318572998 
vn -0.021738404408097267 1.0304055213928223 0.7530677318572998 
vn -0.3981853127479553 1.1079096794128418 0.4932582378387451 
vn -0.7557341456413269 1.0008695125579834 0.23758213222026825 
vn -0.4288278818130493 1.0792596340179443 0.5297398567199707 
vn -0.40739548206329346 1.0820049047470093 0.5409373641014099 
vn -0.33830076456069946 1.0791610479354858 0.5918470621109009 
vn -0.021738404408097267 1.0304055213928223 0.7530677318572998 
vn -0.021738404408097267 1.0304055213928223 0.7530677318572998 
vn -0.021738404408097267 1.0304055213928223 0.7530677318572998 
vn -0.3784317970275879 0.9836897253990173 0.7200435996055603 
vn -0.3588167428970337 0.9905449748039246 0.7206872701644897 
vn -0.4585103392601013 0.9619649052619934 0.7026455998420715 
vn -0.4585103392601013 0.9619649052619934 0.7026455998420715 
vn -0.47483518719673157 0.9574685096740723 0.6979287266731262 
vn -0.8259243965148926 0.7887884974479675 0.5700708627700806 
vn -0.47483518719673157 0.9574685096740723 0.6979287266731262 
vn -0.8610792756080627 0.7607296705245972 0.5560144186019897 
vn -0.9067283868789673 0.7234678268432617 0.5326886773109436 
vn -0.9028112888336182 0.7262399792671204 0.5355618596076965 
vn -0.9138724207878113 0.7210770845413208 0.5236451029777527 
vn -0.9099887609481812 0.7238745093345642 0.5265410542488098 
vn -1.1524395942687988 0.4452086389064789 0.3209228813648224 
vn -1.1799901723861694 0.39463135600090027 0.2849715054035187 
vn -1.1885184049606323 0.3764687180519104 0.27388790249824524 
vn -1.1867562532424927 0.37680116295814514 0.28098055720329285 
vn -1.2023311853408813 0.34691476821899414 0.2517322599887848 
vn -1.2023311853408813 0.34691476821899414 0.2517322599887848 
vn -1.276444911956787 -0.0019937045872211456 -0.001949942670762539 
vn -1.276444911956787 -0.0019937045872211456 -0.001949942670762539 
vn -0.021687449887394905 1.2322604656219482 0.3322392404079437 
vn -0.02652529627084732 1.2349896430969238 0.3215833604335785 
vn -0.021684903651475906 1.2624025344848633 -0.18758632242679596 
vn -0.7975848317146301 0.9783672094345093 0.18967129290103912 
vn -0.8056367039680481 0.9730285406112671 0.18298667669296265 
vn -0.8882764577865601 0.8424586057662964 -0.3613137900829315 
vn -1.0303689241409302 0.7332061529159546 -0.173401340842247 
vn -1.040937900543213 0.7151453495025635 -0.18529640138149261 
vn -1.0509682893753052 0.6917957067489624 -0.21495036780834198 
vn -0.9457982778549194 0.5079002380371094 -0.6905231475830078 
vn -1.1131974458694458 0.3707782030105591 -0.5026273727416992 
vn -0.8254026174545288 0.5720807313919067 -0.7878790497779846 
vn -0.6721729636192322 0.6417865753173828 -0.8749929666519165 
vn -0.3307289779186249 1.0511983633041382 -0.6441423892974854 
vn -0.48581287264823914 0.6955423951148987 -0.9536905884742737 
vn -0.4409889578819275 0.7078826427459717 -0.9663074016571045 
vn -0.34928080439567566 0.7244836688041687 -0.9911838173866272 
vn -2.708322099920224e-8 0.7543948292732239 -1.0296638011932373 
vn -0.01687660813331604 1.0795506238937378 -0.6808853149414062 
vn -0.016858888790011406 1.0825157165527344 -0.6761615872383118 
vn -0.9012311697006226 0.5318671464920044 -0.7309028506278992 
vn -0.31871888041496277 0.9036357402801514 0.8433148264884949 
vn -0.021738404408097267 1.0304055213928223 0.7530677318572998 
vn -0.41014015674591064 0.8470783233642578 0.8623006343841553 
vn -0.3962980806827545 0.8049646615982056 0.9079090356826782 
vn -0.42491433024406433 0.8331113457679749 0.8687303066253662 
vn -0.7301055192947388 0.5592201948165894 0.8851767182350159 
vn -0.3608047366142273 0.7775568962097168 0.9458035230636597 
vn -0.7988747954368591 0.4752763509750366 0.8747745752334595 
vn -0.021738404408097267 1.0304055213928223 0.7530677318572998 
vn -0.021738404408097267 1.0304055213928223 0.7530677318572998 
vn -0.3175574541091919 0.7518532276153564 0.9814239740371704 
vn -0.021738404408097267 1.0304055213928223 0.7530677318572998 
vn -0.021738404408097267 1.0304055213928223 0.7530677318572998 
vn -0.021738404408097267 1.0304055213928223 0.7530677318572998 
vn -0.2626380920410156 0.7335503697395325 1.0110609531402588 
vn -0.4862483739852905 0.27970510721206665 1.1465803384780884 
vn -0.6811494827270508 0.3774414658546448 1.0113813877105713 
vn -0.8049657940864563 0.47584742307662964 0.8688604235649109 
vn -1.0118757486343384 0.11788096278905869 0.7691104412078857 
vn -1.0393801927566528 0.042643219232559204 0.7397226691246033 
vn -0.8868744969367981 -0.08580851554870605 0.9140074849128723 
vn -0.6346968412399292 -0.21328960359096527 1.086732029914856 
vn -0.2622925937175751 0.22274942696094513 1.2291884422302246 
vn -0.2048887014389038 0.7114806771278381 1.03977632522583 
vn -0.021738404408097267 1.0304055213928223 0.7530677318572998 
vn -0.143479585647583 0.6990596652030945 1.0583232641220093 
vn -0.021738404408097267 1.0304055213928223 0.7530677318572998 
vn -0.021738404408097267 1.0304055213928223 0.7530677318572998 
vn -0.019286025315523148 1.1927443742752075 0.4542112946510315 
vn -0.019286025315523148 1.1927443742752075 0.4542112946510315 
vn -0.024126026779413223 1.2759989500045776 0.02373851090669632 
vn -0.024126026779413223 1.2759989500045776 0.02373851090669632 
vn -0.024093884974718094 1.208725094795227 -0.4095388352870941 
vn -0.024093884974718094 1.208725094795227 -0.4095388352870941 
vn -0.024097666144371033 0.995316743850708 -0.7988008856773376 
vn -0.024097666144371033 0.995316743850708 -0.7988008856773376 
vn -0.021673129871487617 0.7809969782829285 -1.0094022750854492 
vn -0.026479138061404228 0.7586926817893982 -1.026159405708313 
vn -0.021738404408097267 1.0304055213928223 0.7530677318572998 
vn -0.021738404408097267 1.0304055213928223 0.7530677318572998 
vn -0.022308174520730972 0.912391722202301 0.8923916220664978 
vn -0.021770833060145378 0.6933080554008484 1.0715265274047852 
vn -0.08777626603841782 0.6927350163459778 1.0685187578201294 
vn -0.024105295538902283 0.40742939710617065 1.209437608718872 
vn -0.02170748822391033 0.20174849033355713 1.2602163553237915 
vn -0.33448106050491333 -0.2877790927886963 1.1977581977844238 
vn -0.49469515681266785 -0.6929316520690918 0.9510212540626526 
vn -0.6721729636192322 -0.6417866945266724 0.8749929070472717 
vn -0.7204869985580444 -0.6195607781410217 0.8522688746452332 
vn -0.9012311100959778 -0.5318673253059387 0.7309027910232544 
vn -0.9083924293518066 -0.5313079953193665 0.7223948240280151 
vn -0.9457982778549194 -0.5079004168510437 0.690523087978363 
vn -1.0730400085449219 -0.4088400900363922 0.5574532747268677 
vn -1.0509862899780273 0.008000700734555721 0.7243500351905823 
vn -1.1128568649291992 -0.36666861176490784 0.5063823461532593 
vn -0.021716667339205742 0.688602864742279 1.0745573043823242 
vn -0.48581281304359436 -0.6955424547195435 0.9536905884742737 
vn -0.352009117603302 -0.7239330410957336 0.9906207919120789 
vn -0.2488780915737152 -0.737087607383728 1.0119686126708984 
vn 2.7083480347300792e-8 -0.7543948292732239 1.0296638011932373 
vn -0.016871921718120575 -0.31839701533317566 1.2359845638275146 
vn 2.7083480347300792e-8 -0.7543948292732239 1.0296638011932373 
vn -0.019299127161502838 0.2072094827890396 1.2593692541122437 
vn -0.00964068342000246 -0.20385615527629852 1.260027289390564 
vn -0.012054627761244774 -0.3130369782447815 1.237409234046936 
vn -0.026479138061404228 0.7586926817893982 -1.026159405708313 
vn -0.0265196580439806 1.0643001794815063 -0.7041880488395691 
vn -0.024097641929984093 0.7765477895736694 -1.0127743482589722 
vn -0.0265196580439806 1.0643001794815063 -0.7041880488395691 
vn -0.0265196580439806 1.0643001794815063 -0.7041880488395691 
vn -0.026510372757911682 1.2614909410476685 -0.19302019476890564 
vn -0.026510372757911682 1.2614909410476685 -0.19302019476890564 
vn -0.03132001310586929 1.262226939201355 -0.1874067783355713 
vn -0.03132259100675583 1.2244057655334473 0.35940036177635193 
vn -0.03132259100675583 1.2244057655334473 0.35940036177635193 
vn -0.03132259100675583 1.2244057655334473 0.35940036177635193 
vn -0.021738404408097267 1.0304055213928223 0.7530677318572998 
vn -0.021738404408097267 1.0304055213928223 0.7530677318572998 
vn -1.1791326999664307 0.2885054647922516 -0.39462658762931824 
vn -1.276444911956787 -0.0019937045872211456 -0.001949942670762539 
vn -1.276444911956787 -0.0019937045872211456 -0.001949942670762539 
vn -1.1791326999664307 -0.2885056436061859 0.3946264982223511 
vn -1.1791326999664307 -0.2885056436061859 0.3946264982223511 
vn -0.9012311100959778 -0.5318673253059387 0.7309027910232544 
vn -0.9012311100959778 -0.5318673253059387 0.7309027910232544 
vn -0.48581281304359436 -0.6955424547195435 0.9536905884742737 
vn -0.48581281304359436 -0.6955424547195435 0.9536905884742737 
vn 2.7083480347300792e-8 -0.7543948292732239 1.0296638011932373 
vn 2.7083480347300792e-8 -0.7543948292732239 1.0296638011932373 
vn 0.49025759100914 -0.6942428946495056 0.9523620009422302 
vn 0.49025759100914 -0.6942428946495056 0.9523620009422302 
vn 0.9012311697006226 -0.5318671464920044 0.7309028506278992 
vn 0.9012311697006226 -0.5318671464920044 0.7309028506278992 
vn 1.1809535026550293 -0.2853860855102539 0.3914373219013214 
vn 1.1809535026550293 -0.2853860855102539 0.3914373219013214 
vn 1.276444911956787 -0.001993497833609581 -0.0019498583860695362 
vn 1.276444911956787 -0.001993497833609581 -0.0019498583860695362 
vn 1.1809535026550293 0.2853862941265106 -0.39143723249435425 
vn 1.1809535026550293 0.2853862941265106 -0.39143723249435425 
vn 0.9012311100959778 0.5318673253059387 -0.7309027910232544 
vn 0.9012311100959778 0.5318673253059387 -0.7309027910232544 
vn 0.49025753140449524 0.6942429542541504 -0.9523619413375854 
vn 0.49025753140449524 0.6942429542541504 -0.9523619413375854 
vn -2.708322099920224e-8 0.7543948292732239 -1.0296638011932373 
vn -2.708322099920224e-8 0.7543948292732239 -1.0296638011932373 
vn -0.48581287264823914 0.6955423951148987 -0.9536905884742737 
vn -0.48581287264823914 0.6955423951148987 -0.9536905884742737 
vn -0.9012311697006226 0.5318671464920044 -0.7309028506278992 
vn -0.9012311697006226 0.5318671464920044 -0.7309028506278992 
vn -1.1791326999664307 0.2885054647922516 -0.39462658762931824 
vn -0.9028112888336182 0.7262399792671204 0.5355618596076965 
vn -0.8335608243942261 0.9325840473175049 0.2545243203639984 
vn -0.8335608243942261 0.9325840473175049 0.2545243203639984 
vn -0.6409389972686768 1.1037070751190186 0.018630605190992355 
vn -0.9028112888336182 0.7262399792671204 0.5355618596076965 
vn -0.8331668376922607 0.528046727180481 0.8101351261138916 
vn -0.8331668376922607 0.528046727180481 0.8101351261138916 
vn -0.6365968585014343 0.3501400947570801 1.0495072603225708 
vn -0.6365968585014343 0.3501400947570801 1.0495072603225708 
vn -0.34651896357536316 0.23641347885131836 1.2055506706237793 
vn -0.34651896357536316 0.23641347885131836 1.2055506706237793 
vn 0.004823594819754362 0.19603312015533447 1.2612956762313843 
vn 0.004823594819754362 0.19603312015533447 1.2612956762313843 
vn 0.34219616651535034 0.23492151498794556 1.207076072692871 
vn 0.34219616651535034 0.23492151498794556 1.207076072692871 
vn 0.6395873427391052 0.3527899384498596 1.0467982292175293 
vn 0.6395873427391052 0.3527899384498596 1.0467982292175293 
vn 0.8331667184829712 0.5280468463897705 0.8101351857185364 
vn 0.8331667184829712 0.5280468463897705 0.8101351857185364 
vn 0.9028111100196838 0.7262400984764099 0.5355619192123413 
vn 0.9028111100196838 0.7262400984764099 0.5355619192123413 
vn 0.8335606455802917 0.9325841665267944 0.2545243799686432 
vn 0.8335606455802917 0.9325841665267944 0.2545243799686432 
vn 0.637248694896698 1.1058770418167114 0.016412144526839256 
vn 0.637248694896698 1.1058770418167114 0.016412144526839256 
vn 0.3406410217285156 1.222152829170227 -0.14008969068527222 
vn 0.3406410217285156 1.222152829170227 -0.14008969068527222 
vn -0.002411030465736985 1.2608731985092163 -0.1987755447626114 
vn -0.002411030465736985 1.2608731985092163 -0.1987755447626114 
vn -0.34064120054244995 1.222152829170227 -0.1400897204875946 
vn -0.34064120054244995 1.222152829170227 -0.1400897204875946 
vn -0.6409389972686768 1.1037070751190186 0.018630605190992355 
vn 0.0023810809943825006 -1.0312986373901367 -0.752154529094696 
vn 0.0023810809943825006 -1.0312986373901367 -0.752154529094696 
vn 0.0023810809943825006 -1.0312986373901367 -0.752154529094696 
vn 0.0023810809943825006 -1.0312986373901367 -0.752154529094696 
vn 0.0023810809943825006 -1.0312986373901367 -0.752154529094696 
vn 0.0023810809943825006 -1.0312986373901367 -0.752154529094696 
vn 0.0023810809943825006 -1.0312986373901367 -0.752154529094696 
vn 0.0023810809943825006 -1.0312986373901367 -0.752154529094696 
vn 0.0023810809943825006 -1.0312986373901367 -0.752154529094696 
vn 0.0023810809943825006 -1.0312986373901367 -0.752154529094696 
vn 0.0023810809943825006 -1.0312986373901367 -0.752154529094696 
vn 0.0023810809943825006 -1.0312986373901367 -0.752154529094696 
vn 0.0023810809943825006 -1.0312986373901367 -0.752154529094696 
vn 0.0023810809943825006 -1.0312986373901367 -0.752154529094696 
vn 0.0023810809943825006 -1.0312986373901367 -0.752154529094696 
vn 0.0023810809943825006 -1.0312986373901367 -0.752154529094696 
vn 0.0023810809943825006 -1.0312986373901367 -0.752154529094696 
vn 0.0023810809943825006 -1.0312986373901367 -0.752154529094696 
vn 0.0023810809943825006 -1.0312986373901367 -0.752154529094696 
vn 0.0023810809943825006 -1.0312986373901367 -0.752154529094696 
vn 0.0023810809943825006 -1.0312986373901367 -0.752154529094696 
vn 0.0023810809943825006 -1.0312986373901367 -0.752154529094696 
vn 0.0023810809943825006 -1.0312986373901367 -0.752154529094696 
vn 0.0023810809943825006 -1.0312986373901367 -0.752154529094696 
vn 0.0023810809943825006 -1.0312986373901367 -0.752154529094696 
vn 0.0023810809943825006 -1.0312986373901367 -0.752154529094696 
vn 0.0023810809943825006 -1.0312986373901367 -0.752154529094696 
vn 0.0023810809943825006 -1.0312986373901367 -0.752154529094696 
vn 0.0023810809943825006 -1.0312986373901367 -0.752154529094696 
vn 0.0023810809943825006 -1.0312986373901367 -0.752154529094696 
vn 0.0023810809943825006 -1.0312986373901367 -0.752154529094696 
vn 0.0023810809943825006 -1.0312986373901367 -0.752154529094696 
vn -1.1791326999664307 0.2885054647922516 -0.39462658762931824 
vn -1.276444911956787 -0.0019937045872211456 -0.001949942670762539 
vn -1.276444911956787 -0.0019937045872211456 -0.001949942670762539 
vn -1.1791326999664307 -0.2885056436061859 0.3946264982223511 
vn -1.1791326999664307 -0.2885056436061859 0.3946264982223511 
vn -0.9012311100959778 -0.5318673253059387 0.7309027910232544 
vn -0.9012311100959778 -0.5318673253059387 0.7309027910232544 
vn -0.48581281304359436 -0.6955424547195435 0.9536905884742737 
vn -0.48581281304359436 -0.6955424547195435 0.9536905884742737 
vn 2.7083480347300792e-8 -0.7543948292732239 1.0296638011932373 
vn 2.7083480347300792e-8 -0.7543948292732239 1.0296638011932373 
vn 0.49025759100914 -0.6942428946495056 0.9523620009422302 
vn 0.49025759100914 -0.6942428946495056 0.9523620009422302 
vn 0.9012311697006226 -0.5318671464920044 0.7309028506278992 
vn 0.9012311697006226 -0.5318671464920044 0.7309028506278992 
vn 1.1809535026550293 -0.2853860855102539 0.3914373219013214 
vn 1.1809535026550293 -0.2853860855102539 0.3914373219013214 
vn 1.276444911956787 -0.001993497833609581 -0.0019498583860695362 
vn 1.276444911956787 -0.001993497833609581 -0.0019498583860695362 
vn 1.1809535026550293 0.2853862941265106 -0.39143723249435425 
vn 1.1809535026550293 0.2853862941265106 -0.39143723249435425 
vn 0.9012311100959778 0.5318673253059387 -0.7309027910232544 
vn 0.9012311100959778 0.5318673253059387 -0.7309027910232544 
vn 0.49025753140449524 0.6942429542541504 -0.9523619413375854 
vn 0.49025753140449524 0.6942429542541504 -0.9523619413375854 
vn -2.708322099920224e-8 0.7543948292732239 -1.0296638011932373 
vn -2.708322099920224e-8 0.7543948292732239 -1.0296638011932373 
vn -0.48581287264823914 0.6955423951148987 -0.9536905884742737 
vn -0.48581287264823914 0.6955423951148987 -0.9536905884742737 
vn -0.9012311697006226 0.5318671464920044 -0.7309028506278992 
vn -0.9012311697006226 0.5318671464920044 -0.7309028506278992 
vn -1.1791326999664307 0.2885054647922516 -0.39462658762931824 
vn -0.021738404408097267 1.0304055213928223 0.7530677318572998 
vn -0.021738404408097267 1.0304055213928223 0.7530677318572998 
vn -0.021738404408097267 1.0304055213928223 0.7530677318572998 
vn -0.021738404408097267 1.0304055213928223 0.7530677318572998 
vn -0.021738404408097267 1.0304055213928223 0.7530677318572998 
vn -0.021738404408097267 1.0304055213928223 0.7530677318572998 
vn -0.021738404408097267 1.0304055213928223 0.7530677318572998 
vn -0.021738404408097267 1.0304055213928223 0.7530677318572998 
vn -0.021738404408097267 1.0304055213928223 0.7530677318572998 
vn -1.276444911956787 -0.0019937045872211456 -0.001949942670762539 
vn -1.276444911956787 -0.0019937045872211456 -0.001949942670762539 
vn -1.276444911956787 -0.0019937045872211456 -0.001949942670762539 
vn -1.276444911956787 -0.0019937045872211456 -0.001949942670762539 
vn -1.276444911956787 -0.0019937045872211456 -0.001949942670762539 
vn -1.276444911956787 -0.0019937045872211456 -0.001949942670762539 
vn -1.276444911956787 -0.0019937045872211456 -0.001949942670762539 
vn -1.276444911956787 -0.0019937045872211456 -0.001949942670762539 
vn -1.276444911956787 -0.0019937045872211456 -0.001949942670762539 
vn -1.276444911956787 -0.0019937045872211456 -0.001949942670762539 
vn -1.276444911956787 -0.0019937045872211456 -0.001949942670762539 
vn -1.276444911956787 -0.0019937045872211456 -0.001949942670762539 
vn -1.276444911956787 -0.0019937045872211456 -0.001949942670762539 
vn -1.276444911956787 -0.0019937045872211456 -0.001949942670762539 
vn -1.276444911956787 -0.0019937045872211456 -0.001949942670762539 
vn -1.276444911956787 -0.0019937045872211456 -0.001949942670762539 
vn -1.276444911956787 -0.0019937045872211456 -0.001949942670762539 
vn -1.276444911956787 -0.0019937045872211456 -0.001949942670762539 
vn -1.276444911956787 -0.0019937045872211456 -0.001949942670762539 
vn -1.276444911956787 -0.0019937045872211456 -0.001949942670762539 
vn -1.276444911956787 -0.0019937045872211456 -0.001949942670762539 
vn -1.276444911956787 -0.0019937045872211456 -0.001949942670762539 
vn -1.276444911956787 -0.0019937045872211456 -0.001949942670762539 
vn -1.276444911956787 -0.0019937045872211456 -0.001949942670762539 
vn -1.276444911956787 -0.0019937045872211456 -0.001949942670762539 
vn -1.276444911956787 -0.0019937045872211456 -0.001949942670762539 
vn -1.1128568649291992 0.3666684329509735 -0.506382405757904 
vn -0.9478655457496643 0.5017547011375427 -0.6921794414520264 
vn -1.1128568649291992 0.3666684329509735 -0.506382405757904 
vn -1.0139918327331543 0.4591301679611206 -0.6247712969779968 
vn -0.9012311697006226 0.5318671464920044 -0.7309028506278992 
vn -0.9012311697006226 0.5318671464920044 -0.7309028506278992 
vn -0.8254026174545288 0.5720807313919067 -0.7878790497779846 
vn -0.6721729636192322 0.6417865753173828 -0.8749929666519165 
vn -0.8449181914329529 0.5646772384643555 -0.7723808288574219 
vn -0.6721729636192322 0.6417865753173828 -0.8749929666519165 
vn -0.48581287264823914 0.6955423951148987 -0.9536905884742737 
vn -0.48581287264823914 0.6955423951148987 -0.9536905884742737 
vn -0.36774906516075134 0.7206651568412781 -0.9872797131538391 
vn -0.20147624611854553 0.7430912852287292 -1.0181069374084473 
vn -0.11546151340007782 0.7506985664367676 -1.025884747505188 
vn -0.07703407108783722 0.752751350402832 -1.027983546257019 
vn -0.05779124051332474 0.753470242023468 -1.0287184715270996 
vn -0.04816450923681259 0.7537527084350586 -1.0290073156356812 
vn -0.04816450923681259 0.7537527084350586 -1.0290073156356812 
vn -0.45000696182250977 0.7055101990699768 -0.96388179063797 
vn -0.34928080439567566 0.7244836688041687 -0.9911838173866272 
vn -2.708322099920224e-8 0.7543948292732239 -1.0296638011932373 
vn -2.708322099920224e-8 0.7543948292732239 -1.0296638011932373 
vn -2.708322099920224e-8 0.7543948292732239 -1.0296638011932373 
vn 0.2488780915737152 0.737087607383728 -1.0119686126708984 
vn 0.04816445708274841 0.7537527084350586 -1.0290073156356812 
vn 0.353905588388443 0.7235475182533264 -0.9902266263961792 
vn 0.49025753140449524 0.6942429542541504 -0.9523619413375854 
vn 0.04816445708274841 0.7537527084350586 -1.0290073156356812 
vn 0.20147620141506195 0.7430912852287292 -1.0181069374084473 
vn 0.3723529577255249 0.7196799516677856 -0.9862723350524902 
vn 0.49025753140449524 0.6942429542541504 -0.9523619413375854 
vn 0.49025753140449524 0.6942429542541504 -0.9523619413375854 
vn 0.6721729636192322 0.6417866945266724 -0.8749929070472717 
vn 0.6803252100944519 0.6381897926330566 -0.8713154196739197 
vn 0.8449181914329529 0.564677357673645 -0.7723807692527771 
vn 0.7204869985580444 0.6195607781410217 -0.8522688746452332 
vn 0.9012311100959778 0.5318673253059387 -0.7309027910232544 
vn 0.9012311100959778 0.5318673253059387 -0.7309027910232544 
vn 0.9079923033714294 0.5270673632621765 -0.7259953022003174 
vn 1.016893744468689 0.45643964409828186 -0.6220202445983887 
vn 0.949008047580719 0.505389928817749 -0.6879563331604004 
vn 1.0730400085449219 0.4088400900363922 -0.5574532747268677 
vn 1.1128568649291992 0.36666861176490784 -0.5063823461532593 
vn 1.1128568649291992 0.36666861176490784 -0.5063823461532593 
vn -0.01930883526802063 1.2685436010360718 0.14051051437854767 
vn -0.02653416059911251 1.2754424810409546 -0.04314442723989487 
vn -0.02654348686337471 1.251265525817871 0.25089624524116516 
vn -0.02654348686337471 1.251265525817871 0.25089624524116516 
vn -0.021738404408097267 1.0304055213928223 0.7530677318572998 
vn -0.021707121282815933 1.2589302062988281 -0.20962488651275635 
vn -0.019285613670945168 1.2412396669387817 -0.29710450768470764 
vn -0.019285613670945168 1.2412396669387817 -0.29710450768470764 
vn -0.019273312762379646 1.1750537157058716 -0.49819302558898926 
vn -0.02651914581656456 1.079432725906372 -0.6807648539543152 
vn -0.026494938880205154 1.0056700706481934 -0.7856491804122925 
vn -0.026494938880205154 1.0056700706481934 -0.7856491804122925 
vn -0.019278492778539658 0.8904303312301636 -0.9143746495246887 
vn -0.02409294992685318 0.8243180513381958 -0.9742885828018188 
vn -0.01926962286233902 0.7941899299621582 -0.9991046190261841 
vn -0.024084700271487236 0.7721145749092102 -1.0161584615707397 
vn -0.026494910940527916 0.7631698250770569 -1.0228337049484253 
vn -0.01926974020898342 0.7542920112609863 -1.0295586585998535 
vn -0.01926974020898342 0.7542920112609863 -1.0295586585998535 
vn -0.021738404408097267 1.0304055213928223 0.7530677318572998 
vn -0.019320853054523468 0.6213743090629578 1.1148271560668945 
vn -0.019320853054523468 0.6213743090629578 1.1148271560668945 
vn -0.0265237707644701 0.5218397974967957 1.1646023988723755 
vn -0.026525253430008888 0.3488726317882538 1.2275599241256714 
vn -0.021690234541893005 0.17968414723873138 1.2635513544082642 
vn -0.026514355093240738 0.09660999476909637 1.272510290145874 
vn -0.026514355093240738 0.09660999476909637 1.272510290145874 
vn -0.026503445580601692 -0.11512163281440735 1.2709695100784302 
vn -0.026511499658226967 -0.31826481223106384 1.235849380493164 
vn -0.026493117213249207 -0.4459112882614136 1.1957341432571411 
vn -0.026493117213249207 -0.4459112882614136 1.1957341432571411 
vn -0.02169279381632805 -0.6033989787101746 1.1246145963668823 
vn -0.019269686192274094 -0.7542920112609863 1.0295586585998535 
vn -0.02409786731004715 -0.7406723499298096 1.0392991304397583 
vn -0.019269686192274094 -0.7542920112609863 1.0295586585998535 
vn 0.01926974020898342 -0.7542920112609863 1.0295586585998535 
vn 0.01926974020898342 -0.7542920112609863 1.0295586585998535 
vn 0.01926974020898342 -0.7542920112609863 1.0295586585998535 
vn 0.01926974020898342 -0.7542920112609863 1.0295586585998535 
vn 0.024095458909869194 -1.1243946552276611 0.6037176251411438 
vn 0.024095458909869194 -1.1243946552276611 0.6037176251411438 
vn 0.019235191866755486 -1.2751420736312866 0.05442134663462639 
vn 0.019235191866755486 -1.2751420736312866 0.05442134663462639 
vn 0.019181065261363983 -1.1717514991760254 -0.505914568901062 
vn 0.019181065261363983 -1.1717514991760254 -0.505914568901062 
vn 0.023553282022476196 -0.8372326493263245 -0.9632266759872437 
vn 0.023553282022476196 -0.8372326493263245 -0.9632266759872437 
vn 0.0216164942830801 -0.33799439668655396 -1.2306956052780151 
vn 0.0216164942830801 -0.33799439668655396 -1.2306956052780151 
vn 0.0264828409999609 0.23113341629505157 -1.2550677061080933 
vn 0.0264828409999609 0.23113341629505157 -1.2550677061080933 
vn 0.019269686192274094 0.7542920112609863 -1.0295586585998535 
vn 0.019269686192274094 0.7542920112609863 -1.0295586585998535 
vn 0.019269686192274094 0.7542920112609863 -1.0295586585998535 
vn 0.019269686192274094 0.7542920112609863 -1.0295586585998535 
vn 0.01925758458673954 -1.2607486248016357 0.1986481100320816 
vn 0.01925758458673954 -1.2607486248016357 0.1986481100320816 
vn 0.01925758458673954 -1.2607486248016357 0.1986481100320816 
vn 0.01925758458673954 -1.2607486248016357 0.1986481100320816 
vn 0.01926974020898342 -0.7542920112609863 1.0295586585998535 
vn 0.01926974020898342 -0.7542920112609863 1.0295586585998535 
vn 0.01926974020898342 -0.7542920112609863 1.0295586585998535 
vn 0.01926974020898342 -0.7542920112609863 1.0295586585998535 
vn 0.024097802117466927 -0.1373666673898697 1.268805980682373 
vn 0.024097802117466927 -0.1373666673898697 1.268805980682373 
vn 0.019318338483572006 0.5164940357208252 1.1671245098114014 
vn 0.019318338483572006 0.5164940357208252 1.1671245098114014 
vn 0.02653803862631321 1.0299599170684814 0.7535232901573181 
vn 0.02653803862631321 1.0299599170684814 0.7535232901573181 
vn 0.026539504528045654 1.2689990997314453 0.1351146697998047 
vn 0.026539504528045654 1.2689990997314453 0.1351146697998047 
vn 0.021695680916309357 1.1661369800567627 -0.518625795841217 
vn 0.021695680916309357 1.1661369800567627 -0.518625795841217 
vn 0.019269686192274094 0.7542920112609863 -1.0295586585998535 
vn 0.019269686192274094 0.7542920112609863 -1.0295586585998535 
vn 0.019269686192274094 0.7542920112609863 -1.0295586585998535 
vn 0.019269686192274094 0.7542920112609863 -1.0295586585998535 
vn -1.1128568649291992 -0.36666861176490784 0.5063823461532593 
vn -1.0730400085449219 -0.4088400900363922 0.5574532747268677 
vn -1.1128568649291992 -0.36666861176490784 0.5063823461532593 
vn -1.0139918327331543 -0.45913034677505493 0.624771237373352 
vn -0.9457982778549194 -0.5079004168510437 0.690523087978363 
vn -0.9079923033714294 -0.5270673632621765 0.7259953022003174 
vn -0.9012311100959778 -0.5318673253059387 0.7309027910232544 
vn -0.9012311100959778 -0.5318673253059387 0.7309027910232544 
vn -0.8403463363647461 -0.5675156712532043 0.7752826809883118 
vn -0.7204869985580444 -0.6195607781410217 0.8522688746452332 
vn -0.6803252100944519 -0.6381897926330566 0.8713154196739197 
vn -0.6721729636192322 -0.6417866945266724 0.8749929070472717 
vn -0.49469515681266785 -0.6929316520690918 0.9510212540626526 
vn -0.48581281304359436 -0.6955424547195435 0.9536905884742737 
vn -0.48581281304359436 -0.6955424547195435 0.9536905884742737 
vn -0.3704874515533447 -0.7200807929039001 0.9866821765899658 
vn -0.20147620141506195 -0.7430912852287292 1.0181069374084473 
vn -0.04816445708274841 -0.7537527084350586 1.0290073156356812 
vn -0.04816445708274841 -0.7537527084350586 1.0290073156356812 
vn -0.352009117603302 -0.7239330410957336 0.9906207919120789 
vn -0.2488780915737152 -0.737087607383728 1.0119686126708984 
vn 2.7083480347300792e-8 -0.7543948292732239 1.0296638011932373 
vn 2.7083480347300792e-8 -0.7543948292732239 1.0296638011932373 
vn 0.04816450923681259 -0.7537527084350586 1.0290073156356812 
vn 2.7083480347300792e-8 -0.7543948292732239 1.0296638011932373 
vn 0.3520091772079468 -0.7239330410957336 0.9906207919120789 
vn 0.4455012083053589 -0.7067024111747742 0.9651007652282715 
vn 0.49025759100914 -0.6942428946495056 0.9523620009422302 
vn 0.04816450923681259 -0.7537527084350586 1.0290073156356812 
vn 0.05779124051332474 -0.753470242023468 1.0287184715270996 
vn 0.07703407108783722 -0.752751350402832 1.027983546257019 
vn 0.11546151340007782 -0.7506985664367676 1.025884747505188 
vn 0.20147624611854553 -0.7430912852287292 1.0181069374084473 
vn 0.3704875111579895 -0.7200807332992554 0.9866821765899658 
vn 0.49025759100914 -0.6942428946495056 0.9523620009422302 
vn 0.6721729636192322 -0.6417865753173828 0.8749929666519165 
vn 0.6721729636192322 -0.6417865753173828 0.8749929666519165 
vn 0.8439531922340393 -0.5652785897254944 0.77299565076828 
vn 0.9012311697006226 -0.5318671464920044 0.7309028506278992 
vn 0.829055905342102 -0.569883406162262 0.7856324911117554 
vn 0.9012311697006226 -0.5318671464920044 0.7309028506278992 
vn 1.016893744468689 -0.4564394950866699 0.6220203042030334 
vn 0.9478655457496643 -0.5017547011375427 0.6921794414520264 
vn 1.1128568649291992 -0.3666684329509735 0.506382405757904 
vn 1.1128568649291992 -0.3666684329509735 0.506382405757904 
vn 0.02647186443209648 -0.19634294509887695 -1.2609788179397583 
vn 0.02647186443209648 -0.19634294509887695 -1.2609788179397583 
vn 0.02647186443209648 -0.19634294509887695 -1.2609788179397583 
vn 0.02647186443209648 -0.19634294509887695 -1.2609788179397583 
vn 0.019269686192274094 0.7542920112609863 -1.0295586585998535 
vn 0.019269686192274094 0.7542920112609863 -1.0295586585998535 
vn 0.016873616725206375 0.9848403334617615 -0.8118643164634705 
vn 0.0216884333640337 1.0487244129180908 -0.7273415327072144 
vn 0.021690592169761658 1.002290964126587 -0.7901021838188171 
vn 0.01928601786494255 1.0519204139709473 -0.7227796912193298 
vn 0.01928601786494255 1.0519204139709473 -0.7227796912193298 
vn 0.01685919798910618 1.1706805229187012 -0.5084701180458069 
vn 0.014454379677772522 1.2345041036605835 -0.3242062032222748 
vn 0.01928601786494255 1.0519204139709473 -0.7227796912193298 
vn 0.014458493329584599 1.2561618089675903 -0.2262023687362671 
vn 0.016880346462130547 1.1815096139907837 -0.48277217149734497 
vn 0.014458493329584599 1.2561618089675903 -0.2262023687362671 
vn 0.012057269923388958 1.259945273399353 -0.20423434674739838 
vn 0.012056240811944008 1.2733592987060547 -0.08791958540678024 
vn 0.014458493329584599 1.2561618089675903 -0.2262023687362671 
vn 0.014469800516963005 1.2640842199325562 -0.1766371876001358 
vn 0.012057706713676453 1.2703763246536255 0.12376406043767929 
vn 0.00482881860807538 1.239469051361084 0.30497878789901733 
vn 0.009650703519582748 1.2723678350448608 0.10151785612106323 
vn 0.004823544528335333 1.2653300762176514 0.16803377866744995 
vn 0.00482881860807538 1.239469051361084 0.30497878789901733 
vn 0.004822121933102608 1.1869304180145264 0.469565749168396 
vn 0.007236848119646311 1.2062902450561523 0.41728925704956055 
vn 0.004835400730371475 1.0692782402038574 0.6970937848091125 
vn 0.004821947310119867 1.1988319158554077 0.4382895827293396 
vn -0.00483561959117651 1.0692782402038574 0.6970937848091125 
vn 0.2488780915737152 0.737087607383728 -1.0119686126708984 
vn 0.33309462666511536 1.0536479949951172 -0.6388996839523315 
vn 0.012042132206261158 1.0825549364089966 -0.6762016415596008 
vn 0.016875701025128365 1.2607779502868652 -0.1986781358718872 
vn 0.016866369172930717 1.2624664306640625 -0.1876516491174698 
vn 0.26439374685287476 1.2381139993667603 -0.1627534180879593 
vn 0.6354854106903076 0.9711498022079468 -0.5313618779182434 
vn 0.49025753140449524 0.6942429542541504 -0.9523619413375854 
vn 0.6721729636192322 0.6417866945266724 -0.8749929070472717 
vn 0.7204869985580444 0.6195607781410217 -0.8522688746452332 
vn 0.8882763385772705 0.8424587249755859 -0.36131373047828674 
vn 0.9012311100959778 0.5318673253059387 -0.7309027910232544 
vn 0.9079923033714294 0.5270673632621765 -0.7259953022003174 
vn 0.949008047580719 0.505389928817749 -0.6879563331604004 
vn 1.040937900543213 0.715145468711853 -0.18529632687568665 
vn 1.0730400085449219 0.4088400900363922 -0.5574532747268677 
vn 1.0534600019454956 0.6889102458953857 -0.21199998259544373 
vn 1.1131974458694458 0.3707783818244934 -0.5026273131370544 
vn 0.49025753140449524 0.6942429542541504 -0.9523619413375854 
vn 0.353905588388443 0.7235475182533264 -0.9902266263961792 
vn 0.6762813925743103 1.0815297365188599 0.0474991649389267 
vn 0.4894399642944336 1.176137924194336 -0.08041758090257645 
vn 0.26174259185791016 1.1886664628982544 0.38455405831336975 
vn 0.3162851929664612 1.164113998413086 0.4172784984111786 
vn 0.35794320702552795 1.1397109031677246 0.4497273564338684 
vn 0.8003056645393372 0.9755859971046448 0.1925150603055954 
vn 0.8083455562591553 0.9702370166778564 0.18584096431732178 
vn 1.0123374462127686 0.7682868838310242 -0.11927879601716995 
vn 0.7319062948226929 1.0111488103866577 0.26685285568237305 
vn 0.021704407408833504 1.2351179122924805 0.32145223021507263 
vn 0.08410019427537918 1.2285460233688354 0.33603689074516296 
vn 0.016866369172930717 1.2624664306640625 -0.1876516491174698 
vn 0.15035007894039154 1.2196797132492065 0.3451019823551178 
vn 0.20611222088336945 1.2063888311386108 0.36257776618003845 
vn 0.02653803862631321 1.0299599170684814 0.7535232901573181 
vn 0.02653803862631321 1.0299599170684814 0.7535232901573181 
vn 0.02650400437414646 1.2321304082870483 0.3323722183704376 
vn 0.02653803862631321 1.0299599170684814 0.7535232901573181 
vn 0.02650400437414646 1.2321304082870483 0.3323722183704376 
vn 0.02653803862631321 1.0299599170684814 0.7535232901573181 
vn 0.02653803862631321 1.0299599170684814 0.7535232901573181 
vn 0.02653803862631321 1.0299599170684814 0.7535232901573181 
vn 0.02653803862631321 1.0299599170684814 0.7535232901573181 
vn 0.02653803862631321 1.0299599170684814 0.7535232901573181 
vn 0.019344819709658623 0.7440205812454224 1.0370044708251953 
vn 0.019344819709658623 0.7440205812454224 1.0370044708251953 
vn 0.019344819709658623 0.7440205812454224 1.0370044708251953 
vn 0.019344819709658623 0.7440205812454224 1.0370044708251953 
vn 0.02653803862631321 1.0299599170684814 0.7535232901573181 
vn 0.02653803862631321 1.0299599170684814 0.7535232901573181 
vn 0.02653803862631321 1.0299599170684814 0.7535232901573181 
vn 0.3981851041316986 1.1079096794128418 0.4932582676410675 
vn 0.02653803862631321 1.0299599170684814 0.7535232901573181 
vn 0.40739527344703674 1.0820050239562988 0.5409373641014099 
vn 0.31872493028640747 1.0817780494689941 0.5979045629501343 
vn 0.02653803862631321 1.0299599170684814 0.7535232901573181 
vn 0.02653803862631321 1.0299599170684814 0.7535232901573181 
vn 0.02653803862631321 1.0299599170684814 0.7535232901573181 
vn 0.3763999044895172 0.9867491126060486 0.7169157266616821 
vn 0.35881656408309937 0.9905450344085693 0.7206873297691345 
vn 0.4585101306438446 0.961965024471283 0.7026456594467163 
vn 0.4585101306438446 0.961965024471283 0.7026456594467163 
vn 0.47483497858047485 0.957468569278717 0.697928786277771 
vn 0.825924277305603 0.7887886166572571 0.5700709223747253 
vn 0.47483497858047485 0.957468569278717 0.697928786277771 
vn 0.8610790967941284 0.7607298493385315 0.5560144782066345 
vn 0.9028111100196838 0.7262400984764099 0.5355619192123413 
vn 0.906728208065033 0.7234679460525513 0.5326887369155884 
vn 0.9106564521789551 0.7205362319946289 0.5299543142318726 
vn 0.9145385026931763 0.717735767364502 0.5270615816116333 
vn 1.1527711153030396 0.4418463706970215 0.32436075806617737 
vn 1.180274486541748 0.39126917719841003 0.2884093225002289 
vn 1.1864925622940063 0.38016477227211 0.277541846036911 
vn 1.1885184049606323 0.3764688968658447 0.2738879919052124 
vn 1.2025721073150635 0.34355008602142334 0.25517261028289795 
vn 1.2025721073150635 0.34355008602142334 0.25517261028289795 
vn 1.276444911956787 -0.001993497833609581 -0.0019498583860695362 
vn 1.276444911956787 -0.001993497833609581 -0.0019498583860695362 
vn 0.4256289601325989 1.081789255142212 0.5271535515785217 
vn 0.012042132206261158 1.0825549364089966 -0.6762016415596008 
vn 0.012054790742695332 1.07958984375 -0.6809254288673401 
vn -2.708322099920224e-8 0.7543948292732239 -1.0296638011932373 
vn -2.708322099920224e-8 0.7543948292732239 -1.0296638011932373 
vn 0.02653803862631321 1.0299599170684814 0.7535232901573181 
vn 0.33606305718421936 0.8870531916618347 0.8541178703308105 
vn 0.409827321767807 0.8437052369117737 0.8657493591308594 
vn 0.3962979018688202 0.8049647212028503 0.9079090356826782 
vn 0.4249141216278076 0.8331114053726196 0.8687303066253662 
vn 0.7578632831573486 0.5322126150131226 0.8784714937210083 
vn 0.36080455780029297 0.7775569558143616 0.9458035230636597 
vn 0.02653803862631321 1.0299599170684814 0.7535232901573181 
vn 0.02653803862631321 1.0299599170684814 0.7535232901573181 
vn 0.02653803862631321 1.0299599170684814 0.7535232901573181 
vn 0.31174150109291077 0.7533693909645081 0.9821256995201111 
vn 0.6784417033195496 0.37465032935142517 1.014235258102417 
vn 0.7988746762275696 0.47527649998664856 0.8747746348381042 
vn 0.8033261299133301 0.472676157951355 0.8721029162406921 
vn 0.8868744969367981 -0.08580836653709412 0.9140075445175171 
vn 1.0308947563171387 0.060380030423402786 0.7502864003181458 
vn 1.0372835397720337 0.0396062433719635 0.7428279519081116 
vn 1.0509862899780273 0.008000871166586876 0.724350094795227 
vn 0.9478655457496643 -0.5017547011375427 0.6921794414520264 
vn 1.1128568649291992 -0.3666684329509735 0.506382405757904 
vn 0.9012311697006226 -0.5318671464920044 0.7309028506278992 
vn 0.8294532895088196 -0.5741686820983887 0.7820849418640137 
vn 0.6346967816352844 -0.21328949928283691 1.086732029914856 
vn 0.6721729636192322 -0.6417865753173828 0.8749929666519165 
vn 0.32988280057907104 -0.2887883186340332 1.1987900733947754 
vn 0.49025759100914 -0.6942428946495056 0.9523620009422302 
vn 0.4455012083053589 -0.7067024111747742 0.9651007652282715 
vn 0.3520091772079468 -0.7239330410957336 0.9906207919120789 
vn 0.01687612012028694 -0.31299278140068054 1.2373640537261963 
vn 2.7083480347300792e-8 -0.7543948292732239 1.0296638011932373 
vn 0.49004635214805603 0.28178733587265015 1.14445161819458 
vn 0.25960013270378113 0.7309311628341675 1.0137388706207275 
vn 0.02653803862631321 1.0299599170684814 0.7535232901573181 
vn 0.02653803862631321 1.0299599170684814 0.7535232901573181 
vn 0.02653803862631321 1.0299599170684814 0.7535232901573181 
vn 0.20488852262496948 0.7114807367324829 1.0397764444351196 
vn 0.02653803862631321 1.0299599170684814 0.7535232901573181 
vn 0.01928580179810524 1.1927443742752075 0.4542112946510315 
vn 0.01928580179810524 1.1927443742752075 0.4542112946510315 
vn 0.02412581816315651 1.2759989500045776 0.02373851276934147 
vn 0.02412581816315651 1.2759989500045776 0.02373851276934147 
vn 0.024093717336654663 1.208725094795227 -0.4095388352870941 
vn 0.024093717336654663 1.208725094795227 -0.4095388352870941 
vn 0.024097558110952377 0.995316743850708 -0.7988008856773376 
vn 0.024097558110952377 0.995316743850708 -0.7988008856773376 
vn 0.02648867666721344 0.7809330224990845 -1.0093369483947754 
vn 0.021665221080183983 0.7587567567825317 -1.026224970817566 
vn 0.02653803862631321 1.0299599170684814 0.7535232901573181 
vn 0.02653803862631321 1.0299599170684814 0.7535232901573181 
vn 0.02653803862631321 1.0299599170684814 0.7535232901573181 
vn 0.08316710591316223 0.691752016544342 1.0695239305496216 
vn 0.14347940683364868 0.6990596652030945 1.0583232641220093 
vn 0.25775372982025146 0.22160936892032623 1.2303541898727417 
vn 0.009640634059906006 -0.20385615527629852 1.260027289390564 
vn 0.012051575817167759 -0.3184410631656647 1.2360295057296753 
vn 0.022307967767119408 0.912391722202301 0.8923916220664978 
vn 0.026529904454946518 0.6888862252235413 1.0742676258087158 
vn 0.01688440516591072 0.2016628533601761 1.2603039741516113 
vn 0.019299009814858437 0.2072094976902008 1.2593692541122437 
vn 0.024105150252580643 0.40742939710617065 1.209437608718872 
vn 0.026595521718263626 0.6935983300209045 1.0712296962738037 
vn 0.026453351601958275 1.0332846641540527 0.7489606738090515 
vn 0.026529904454946518 0.6888862252235413 1.0742676258087158 
vn 0.02653803862631321 1.0299599170684814 0.7535232901573181 
vn 0.024094954133033752 0.636164665222168 1.1063601970672607 
vn 0.024148691445589066 0.6410072445869446 1.1035603284835815 
vn 0.024094954133033752 0.636164665222168 1.1063601970672607 
vn 0.026539528742432594 0.10773243755102158 1.2716164588928223 
vn 0.024120815098285675 0.03528432548046112 1.2757320404052734 
vn 0.031333114951848984 0.029864691197872162 1.2757136821746826 
vn 0.02652503363788128 -0.4563455581665039 1.191790223121643 
vn 0.031333114951848984 0.029864691197872162 1.2757136821746826 
vn 0.02649352140724659 -0.4977283477783203 1.1751099824905396 
vn 0.021665221080183983 0.7587567567825317 -1.026224970817566 
vn 0.02648867666721344 0.7809330224990845 -1.0093369483947754 
vn 0.02410176768898964 1.0612467527389526 -0.7088677883148193 
vn 0.02410176768898964 1.0612467527389526 -0.7088677883148193 
vn 0.02410176768898964 1.0612467527389526 -0.7088677883148193 
vn 0.03132883459329605 1.2613954544067383 -0.19292256236076355 
vn 0.03132883459329605 1.2613954544067383 -0.19292256236076355 
vn 0.03132883459329605 1.2613954544067383 -0.19292256236076355 
vn 0.024111159145832062 1.2261977195739746 0.3538033068180084 
vn 0.026506949216127396 1.2245681285858154 0.3592342734336853 
vn 0.02653803862631321 1.0299599170684814 0.7535232901573181 
vn 0.026506949216127396 1.2245681285858154 0.3592342734336853 
vn 0.02653803862631321 1.0299599170684814 0.7535232901573181 
vn 0.007226024754345417 0.5638415813446045 -1.1451416015625 
vn 0.00963670015335083 0.8703172206878662 -0.9336884021759033 
vn 0.007222041953355074 0.598598062992096 -1.1273629665374756 
vn 0.00963670015335083 0.8703172206878662 -0.9336884021759033 
vn 0.007223261054605246 0.5285577178001404 -1.1618492603302002 
vn 0.007226057816296816 0.497919499874115 -1.1753054857254028 
vn 0.012037398293614388 0.33999544382095337 -1.230275273323059 
vn 0.012037398293614388 0.33999544382095337 -1.230275273323059 
vn 0.004806587938219309 -0.27277520298957825 -1.2469520568847656 
vn 0.004806587938219309 -0.27277520298957825 -1.2469520568847656 
vn 0.011860568076372147 -0.8230569958686829 -0.975579559803009 
vn 0.011860568076372147 -0.8230569958686829 -0.975579559803009 
vn 0.012013129889965057 -1.1805846691131592 -0.48517459630966187 
vn 0.012013129889965057 -1.1805846691131592 -0.48517459630966187 
vn 0.012023930437862873 -1.270617127418518 0.1212712824344635 
vn 0.012023930437862873 -1.270617127418518 0.1212712824344635 
vn 0.00963753741234541 -1.0705859661102295 0.6950336694717407 
vn 0.00963753741234541 -1.0705859661102295 0.6950336694717407 
vn 0.007230572868138552 -0.6230830550193787 1.114017128944397 
vn 0.007230572868138552 -0.6230830550193787 1.114017128944397 
vn 0.0072258468717336655 -0.4251365065574646 1.2035471200942993 
vn 0.004821110982447863 -0.27508649230003357 1.2464442253112793 
vn 0.004819983616471291 -0.34540608525276184 1.2288166284561157 
vn 0.012051781639456749 -0.031810462474823 1.2759944200515747 
vn 0.012051781639456749 -0.031810462474823 1.2759944200515747 
vn 0.009654918685555458 0.2728102207183838 1.2469162940979004 
vn 0.009664168581366539 0.4855041205883026 1.1804708242416382 
vn 0.00482132937759161 0.5617342591285706 1.1461894512176514 
vn 0.004818815737962723 0.5264178514480591 1.1628327369689941 
vn 0.00482132937759161 0.5617342591285706 1.1461894512176514 
vn 0.007303454447537661 0.8228070139884949 0.9758351445198059 
vn 0.0072464728727936745 0.6112946271896362 1.120529055595398 
vn 0.007266821339726448 0.8185266256332397 0.9794285893440247 
vn 0.009643428958952427 0.6549277901649475 1.095579981803894 
vn 0.009679836221039295 0.7021830677986145 1.0659099817276 
vn 0.004835417028516531 0.7206185460090637 1.0535675287246704 
vn 0.004835417028516531 0.7206185460090637 1.0535675287246704 
vn 0.007268102839589119 0.7344135642051697 1.0439841747283936 
vn 0.009653081186115742 0.7390324473381042 1.0407001972198486 
vn 0.009681577794253826 0.7435776591300964 1.0374572277069092 
vn 0.007261164952069521 1.031208872795105 0.7522463202476501 
vn 0.007261164952069521 1.031208872795105 0.7522463202476501 
vn 0.009641465730965137 1.1806222200393677 0.4851362407207489 
vn 0.009641465730965137 1.1806222200393677 0.4851362407207489 
vn 0.01206430047750473 1.2629618644714355 0.1846635490655899 
vn 0.01206430047750473 1.2629618644714355 0.1846635490655899 
vn 0.007237039040774107 1.2706501483917236 -0.12130506336688995 
vn 0.007237039040774107 1.2706501483917236 -0.12130506336688995 
vn 0.012051747180521488 1.2052323818206787 -0.42022430896759033 
vn 0.012051747180521488 1.2052323818206787 -0.42022430896759033 
vn 0.009637409821152687 1.0705859661102295 -0.6950336694717407 
vn 0.004820576403290033 1.102763056755066 -0.6428136229515076 
vn 0.012055018916726112 1.0644564628601074 -0.7043479084968567 
vn 0.007230518385767937 1.016063928604126 -0.7725805640220642 
vn 0.012034958228468895 0.627918541431427 -1.1112571954727173 
vn 0.007222569547593594 0.6616358160972595 -1.0915607213974 
vn 0.007228640839457512 0.6900224089622498 -1.0738416910171509 
vn 0.009635252878069878 0.7225280404090881 -1.052225947380066 
vn 0.009635252878069878 0.7225280404090881 -1.052225947380066 
vn 0.004816495813429356 0.7362780570983887 -1.0426843166351318 
vn 0.007225822191685438 0.745353639125824 -1.036202073097229 
vn 0.00962899997830391 0.7498629093170166 -1.032923936843872 
vn 0.009635110385715961 0.7543690800666809 -1.0296375751495361 
vn 0.019269686192274094 0.7542920112609863 -1.0295586585998535 
vn 0.019269686192274094 0.7542920112609863 -1.0295586585998535 
vn 0.019269686192274094 0.7542920112609863 -1.0295586585998535 
vn 0.019269686192274094 0.7542920112609863 -1.0295586585998535 
vn 0.019269686192274094 0.7542920112609863 -1.0295586585998535 
vn 0.019269686192274094 0.7542920112609863 -1.0295586585998535 
vn 0.019269686192274094 0.7542920112609863 -1.0295586585998535 
vn 0.019269686192274094 0.7542920112609863 -1.0295586585998535 
vn 0.019269686192274094 0.7542920112609863 -1.0295586585998535 
vn 0.019269686192274094 0.7542920112609863 -1.0295586585998535 
vn 0.019269686192274094 0.7542920112609863 -1.0295586585998535 
vn 0.019269686192274094 0.7542920112609863 -1.0295586585998535 
vn 0.019269686192274094 0.7542920112609863 -1.0295586585998535 
vn 0.019269686192274094 0.7542920112609863 -1.0295586585998535 
vn 0.019344819709658623 0.7440205812454224 1.0370044708251953 
vn 0.019344819709658623 0.7440205812454224 1.0370044708251953 
vn 0.019344819709658623 0.7440205812454224 1.0370044708251953 
vn 0.019344819709658623 0.7440205812454224 1.0370044708251953 
vn 0.019344819709658623 0.7440205812454224 1.0370044708251953 
vn 0.019344819709658623 0.7440205812454224 1.0370044708251953 
vn 0.019344819709658623 0.7440205812454224 1.0370044708251953 
vn 0.019344819709658623 0.7440205812454224 1.0370044708251953 
vn 0.019344819709658623 0.7440205812454224 1.0370044708251953 
vn 0.019344819709658623 0.7440205812454224 1.0370044708251953 
vn 0.019344819709658623 0.7440205812454224 1.0370044708251953 
vn 0.019344819709658623 0.7440205812454224 1.0370044708251953 
vn 0.02653803862631321 1.0299599170684814 0.7535232901573181 
vn 0.02653803862631321 1.0299599170684814 0.7535232901573181 
vn 0.02653803862631321 1.0299599170684814 0.7535232901573181 
vn 0.02653803862631321 1.0299599170684814 0.7535232901573181 
vn 0.02653803862631321 1.0299599170684814 0.7535232901573181 
vn 0.02653803862631321 1.0299599170684814 0.7535232901573181 
vn 0.02653803862631321 1.0299599170684814 0.7535232901573181 
vn 0.02653803862631321 1.0299599170684814 0.7535232901573181 
vn 0.02653803862631321 1.0299599170684814 0.7535232901573181 
vn 0.02653803862631321 1.0299599170684814 0.7535232901573181 
vn 0.02653803862631321 1.0299599170684814 0.7535232901573181 
vn 0.02653803862631321 1.0299599170684814 0.7535232901573181 
vn 0.02653803862631321 1.0299599170684814 0.7535232901573181 
vn 0.02653803862631321 1.0299599170684814 0.7535232901573181 
vn 0.02653803862631321 1.0299599170684814 0.7535232901573181 
vn 0.02653803862631321 1.0299599170684814 0.7535232901573181 
vn 0.02653803862631321 1.0299599170684814 0.7535232901573181 
vn 0.02653803862631321 1.0299599170684814 0.7535232901573181 
vn 0.02653803862631321 1.0299599170684814 0.7535232901573181 
vn 0.02653803862631321 1.0299599170684814 0.7535232901573181 
vn 0.02653803862631321 1.0299599170684814 0.7535232901573181 
vn 0.02653803862631321 1.0299599170684814 0.7535232901573181 
vn 0.02649352140724659 -0.4977283477783203 1.1751099824905396 
vn 0.021697798743844032 -0.08740279078483582 1.2732670307159424 
vn 0.024099763482809067 -0.4511692225933075 1.1938109397888184 
vn 0.021697798743844032 -0.08740279078483582 1.2732670307159424 
vn 0.02170914225280285 0.4020708203315735 1.2112748622894287 
vn 0.02170914225280285 0.4020708203315735 1.2112748622894287 
vn 0.02645336464047432 0.7716750502586365 1.0164333581924438 
vn 0.026538051664829254 0.7761629223823547 1.0130083560943604 
vn 0.019269686192274094 0.7542920112609863 -1.0295586585998535 
vn 0.019269686192274094 0.7542920112609863 -1.0295586585998535 
vn 0.021678127348423004 0.76323401927948 -1.0228992700576782 
vn 0.019278408959507942 0.8904303312301636 -0.9143746495246887 
vn 0.021678099408745766 1.0057343244552612 -0.7857147455215454 
vn 0.021690592169761658 1.002290964126587 -0.7901021838188171 
vn 0.021697912365198135 1.0794981718063354 -0.6808317303657532 
vn 0.019285432994365692 1.2412396669387817 -0.29710450768470764 
vn 0.01927315443754196 1.1750537157058716 -0.49819302558898926 
vn 0.019285432994365692 1.2412396669387817 -0.29710450768470764 
vn 0.026529746130108833 1.2588512897491455 -0.20954416692256927 
vn 0.021718939766287804 1.25138258934021 0.25077661871910095 
vn 0.026511166244745255 1.2756192684173584 -0.03756926208734512 
vn 0.01930862106382847 1.2685436010360718 0.14051051437854767 
vn 0.021718939766287804 1.25138258934021 0.25077661871910095 
vn 0.02653803862631321 1.0299599170684814 0.7535232901573181 
vn 0.02653803862631321 1.0299599170684814 0.7535232901573181 
vn 0.01932067982852459 0.6213743090629578 1.1148271560668945 
vn 0.01932067982852459 0.6213743090629578 1.1148271560668945 
vn 0.021704448387026787 0.34874439239501953 1.2276910543441772 
vn 0.021704956889152527 0.5216661095619202 1.1647799015045166 
vn 0.02650846354663372 0.17978858947753906 1.2634446620941162 
vn 0.02169465832412243 0.0965135470032692 1.2726088762283325 
vn 0.02169465832412243 0.0965135470032692 1.2726088762283325 
vn 0.026515308767557144 -0.12067568302154541 1.2704540491104126 
vn 0.02650436758995056 -0.32366329431533813 1.23444664478302 
vn 0.021676795557141304 -0.44598081707954407 1.195805311203003 
vn 0.021676795557141304 -0.44598081707954407 1.195805311203003 
vn 0.026512756943702698 -0.6033326983451843 1.1245468854904175 
vn 0.021677805110812187 -0.6757699847221375 1.0826743841171265 
vn 0.02410815842449665 -0.7131690979003906 1.0583608150482178 
vn 0.02168429270386696 -0.731590986251831 1.0457645654678345 
vn 0.024097919464111328 -0.7406723499298096 1.0392991304397583 
vn 0.01926974020898342 -0.7542920112609863 1.0295586585998535 
vn 0.01926974020898342 -0.7542920112609863 1.0295586585998535 
vn 0.02653803862631321 1.0299599170684814 0.7535232901573181 
vn 0.02653803862631321 1.0299599170684814 0.7535232901573181 
vn 0.02653803862631321 1.0299599170684814 0.7535232901573181 
vn 0.02653803862631321 1.0299599170684814 0.7535232901573181 
vn 0.02653803862631321 1.0299599170684814 0.7535232901573181 
vn 0.02655792608857155 0.6507807374000549 1.0977696180343628 
vn 0.02655792608857155 0.6507807374000549 1.0977696180343628 
vn 0.019308673217892647 0.1685878336429596 1.2651183605194092 
vn 0.019308673217892647 0.1685878336429596 1.2651183605194092 
vn 0.019285675138235092 -0.3399244248867035 1.230202555656433 
vn 0.019285675138235092 -0.3399244248867035 1.230202555656433 
vn 0.019278114661574364 -0.7985482215881348 0.9956244826316833 
vn 0.019278114661574364 -0.7985482215881348 0.9956244826316833 
vn 0.019278114661574364 -0.7985482215881348 0.9956244826316833 
vn 0.019278114661574364 -0.7985482215881348 0.9956244826316833 
vn 0.019278114661574364 -0.7985482215881348 0.9956244826316833 
vn 0.019278114661574364 -0.7985482215881348 0.9956244826316833 
vn 0.019278114661574364 -0.7985482215881348 0.9956244826316833 
vn 0.019278114661574364 -0.7985482215881348 0.9956244826316833 
vn 0.019278114661574364 -0.7985482215881348 0.9956244826316833 
vn 0.02230476588010788 -0.8849604725837708 -0.9196012020111084 
vn 0.021201277151703835 -0.8196179866790771 -0.9783127903938293 
vn 0.02230476588010788 -0.8849604725837708 -0.9196012020111084 
vn 0.021380731835961342 -0.7756876945495605 -1.0134942531585693 
vn 0.021380731835961342 -0.7756876945495605 -1.0134942531585693 
vn 0.02619672380387783 -0.7076185345649719 -1.062030553817749 
vn 0.021596120670437813 -0.6165789365768433 -1.1174448728561401 
vn 0.021596120670437813 -0.6165789365768433 -1.1174448728561401 
vn 0.026330620050430298 -0.5921825170516968 -1.1304625272750854 
vn 0.019203107804059982 -0.4388863742351532 -1.1984694004058838 
vn 0.026433266699314117 -0.4651990532875061 -1.1883645057678223 
vn 0.019203107804059982 -0.4388863742351532 -1.1984694004058838 
vn 0.0216164942830801 -0.33799439668655396 -1.2306956052780151 
vn 0.02643585205078125 -0.2567373216152191 -1.2500824928283691 
vn 0.02643585205078125 -0.2567373216152191 -1.2500824928283691 
vn 0.02162015810608864 -0.20174673199653625 -1.2602181434631348 
vn 0.024049589410424232 -0.11323733627796173 -1.2711875438690186 
vn 0.024049589410424232 -0.11323733627796173 -1.2711875438690186 
vn 0.31924188137054443 -0.11127860844135284 -1.230861783027649 
vn 0.35979053378105164 -0.1939050555229187 -1.2092437744140625 
vn 0.3572567105293274 -0.11090345680713654 -1.2204045057296753 
vn 0.3572567105293274 -0.11090345680713654 -1.2204045057296753 
vn 0.668057918548584 -0.09850092232227325 -1.083196759223938 
vn 0.7490272521972656 -0.16610190272331238 -1.0201408863067627 
vn 0.700552761554718 -0.09448758512735367 -1.0628345012664795 
vn 0.7483552098274231 -0.09666019678115845 -1.029534101486206 
vn 0.9264790415763855 -0.08240030705928802 -0.8741658926010132 
vn 1.0531717538833618 -0.11119379103183746 -0.7125899791717529 
vn 1.0088412761688232 -0.06688627600669861 -0.779156506061554 
vn 1.0538052320480347 -0.06448103487491608 -0.7173954248428345 
vn 1.1126853227615356 -0.05686875432729721 -0.6229099631309509 
vn 1.2353603839874268 -0.049878526479005814 -0.3173581063747406 
vn 1.2084524631500244 -0.03581119701266289 -0.4094872772693634 
vn 1.2345123291015625 -0.02885727770626545 -0.32321199774742126 
vn 1.2382174730300903 -0.027603305876255035 -0.3088286519050598 
vn 1.276444911956787 0.0019937045872211456 0.001949942670762539 
vn 1.276444911956787 0.0019937045872211456 0.001949942670762539 
vn 1.2347393035888672 -0.08549337834119797 -0.3121364116668701 
vn 1.276444911956787 0.0019937045872211456 0.001949942670762539 
vn 1.234415888786316 -0.11727242916822433 -0.30295905470848083 
vn 1.276444911956787 0.0019937045872211456 0.001949942670762539 
vn 1.2353551387786865 -0.15182100236415863 -0.2831387221813202 
vn 1.276444911956787 0.0019937045872211456 0.001949942670762539 
vn 1.2345335483551025 -0.17970837652683258 -0.2700953483581543 
vn 1.276444911956787 0.0019937045872211456 0.001949942670762539 
vn 1.234636902809143 -0.2105015516281128 -0.24633364379405975 
vn 1.276444911956787 0.0019937045872211456 0.001949942670762539 
vn 1.2349379062652588 -0.22397980093955994 -0.23255331814289093 
vn 1.2349379062652588 -0.22397980093955994 -0.23255331814289093 
vn 1.276444911956787 0.0019937045872211456 0.001949942670762539 
vn 1.2001702785491943 -0.3039121627807617 -0.31072208285331726 
vn 1.0532610416412354 -0.4587315618991852 -0.556350588798523 
vn 1.1303737163543701 -0.4102070927619934 -0.4281412661075592 
vn 1.0527511835098267 -0.5023833513259888 -0.5183099508285522 
vn 0.9302724003791809 -0.6043232083320618 -0.6314316391944885 
vn 0.9109575152397156 -0.6186963319778442 -0.6455157399177551 
vn 0.7482976317405701 -0.6617445349693298 -0.7946470975875854 
vn 0.7506260871887207 -0.7176247835159302 -0.7422226071357727 
vn 0.6618981957435608 -0.7528805732727051 -0.7901776432991028 
vn 0.4564391076564789 -0.8249541521072388 -0.86048424243927 
vn 0.35865727066993713 -0.7856516242027283 -0.9399124383926392 
vn 0.35560962557792664 -0.8491649031639099 -0.8841831684112549 
vn 0.3394309878349304 -0.8525091409683228 -0.8873183131217957 
vn 0.021380731835961342 -0.7756876945495605 -1.0134942531585693 
vn 0.35702067613601685 -0.680954098701477 -1.0188997983932495 
vn 0.021596120670437813 -0.6165789365768433 -1.1174448728561401 
vn 0.74934983253479 -0.5772526860237122 -0.8570725917816162 
vn 1.0542510747909546 -0.39523592591285706 -0.6013840436935425 
vn 1.0548152923583984 -0.3354385793209076 -0.6357396245002747 
vn 1.054687261581421 -0.26284661889076233 -0.6692277789115906 
vn 1.0518953800201416 -0.1869574636220932 -0.698485791683197 
vn 0.745742917060852 -0.272507905960083 -0.999462902545929 
vn 0.7479639649391174 -0.48102739453315735 -0.9156865477561951 
vn 0.3572652041912079 -0.5693644881248474 -1.085128903388977 
vn 0.3558712303638458 -0.4492410719394684 -1.140551209449768 
vn 0.019203107804059982 -0.4388863742351532 -1.1984694004058838 
vn 0.7476800084114075 -0.3788316547870636 -0.9626943469047546 
vn 0.35593822598457336 -0.3227840065956116 -1.1825555562973022 
vn 0.02643585205078125 -0.2567373216152191 -1.2500824928283691 
vn 1.276444911956787 -0.001993497833609581 -0.0019498583860695362 
vn 1.276444911956787 -0.001993497833609581 -0.0019498583860695362 
vn 1.276444911956787 -0.001993497833609581 -0.0019498583860695362 
vn 1.276444911956787 -0.001993497833609581 -0.0019498583860695362 
vn 1.276444911956787 -0.001993497833609581 -0.0019498583860695362 
vn 1.276444911956787 -0.001993497833609581 -0.0019498583860695362 
vn 1.276444911956787 -0.001993497833609581 -0.0019498583860695362 
vn 1.276444911956787 -0.001993497833609581 -0.0019498583860695362 
vn 1.276444911956787 -0.001993497833609581 -0.0019498583860695362 
vn 1.276444911956787 -0.001993497833609581 -0.0019498583860695362 
vn 1.276444911956787 -0.001993497833609581 -0.0019498583860695362 
vn 1.276444911956787 -0.001993497833609581 -0.0019498583860695362 
vn 1.276444911956787 -0.001993497833609581 -0.0019498583860695362 
vn 1.276444911956787 -0.001993497833609581 -0.0019498583860695362 
vn 1.276444911956787 -0.001993497833609581 -0.0019498583860695362 
vn 1.276444911956787 -0.001993497833609581 -0.0019498583860695362 
vn 1.276444911956787 -0.001993497833609581 -0.0019498583860695362 
vn 1.276444911956787 -0.001993497833609581 -0.0019498583860695362 
vn 1.276444911956787 -0.001993497833609581 -0.0019498583860695362 
vn 1.276444911956787 -0.001993497833609581 -0.0019498583860695362 
vn 1.276444911956787 -0.001993497833609581 -0.0019498583860695362 
vn 1.276444911956787 -0.001993497833609581 -0.0019498583860695362 
vn 1.276444911956787 -0.001993497833609581 -0.0019498583860695362 
vn 1.276444911956787 -0.001993497833609581 -0.0019498583860695362 
vn 1.276444911956787 -0.001993497833609581 -0.0019498583860695362 
vn 1.276444911956787 -0.001993497833609581 -0.0019498583860695362 
vn 1.276444911956787 -0.001993497833609581 -0.0019498583860695362 
vn 1.276444911956787 -0.001993497833609581 -0.0019498583860695362 
vn 1.276444911956787 -0.001993497833609581 -0.0019498583860695362 
vn 1.276444911956787 -0.001993497833609581 -0.0019498583860695362 
vn 1.276444911956787 -0.001993497833609581 -0.0019498583860695362 
vn 1.276444911956787 -0.001993497833609581 -0.0019498583860695362 
vn 1.276444911956787 -0.001993497833609581 -0.0019498583860695362 
vn 1.276444911956787 -0.001993497833609581 -0.0019498583860695362 
vn 1.276444911956787 -0.001993497833609581 -0.0019498583860695362 
vn 1.276444911956787 -0.001993497833609581 -0.0019498583860695362 
vn 1.276444911956787 -0.001993497833609581 -0.0019498583860695362 
vn 1.276444911956787 -0.001993497833609581 -0.0019498583860695362 
vn 1.276444911956787 -0.001993497833609581 -0.0019498583860695362 
vn 1.276444911956787 -0.001993497833609581 -0.0019498583860695362 
vn 1.276444911956787 -0.001993497833609581 -0.0019498583860695362 
vn 1.276444911956787 -0.001993497833609581 -0.0019498583860695362 
vn 1.276444911956787 -0.001993497833609581 -0.0019498583860695362 
vn 1.276444911956787 -0.001993497833609581 -0.0019498583860695362 
vn 1.276444911956787 -0.001993497833609581 -0.0019498583860695362 
vn 1.276444911956787 -0.001993497833609581 -0.0019498583860695362 
vn 1.276444911956787 -0.001993497833609581 -0.0019498583860695362 
vn 1.276444911956787 -0.001993497833609581 -0.0019498583860695362 
vn 1.276444911956787 -0.001993497833609581 -0.0019498583860695362 
vn 1.276444911956787 -0.001993497833609581 -0.0019498583860695362 
vn 1.276444911956787 -0.001993497833609581 -0.0019498583860695362 
vn 1.276444911956787 -0.001993497833609581 -0.0019498583860695362 
vn 1.276444911956787 -0.001993497833609581 -0.0019498583860695362 
vn 1.276444911956787 -0.001993497833609581 -0.0019498583860695362 
vn 1.276444911956787 -0.001993497833609581 -0.0019498583860695362 
vn 1.276444911956787 -0.001993497833609581 -0.0019498583860695362 
vn 1.276444911956787 -0.001993497833609581 -0.0019498583860695362 
vn 1.276444911956787 -0.001993497833609581 -0.0019498583860695362 
vn 1.276444911956787 -0.001993497833609581 -0.0019498583860695362 
vn 1.276444911956787 -0.001993497833609581 -0.0019498583860695362 
vn 1.276444911956787 -0.001993497833609581 -0.0019498583860695362 
vn 1.276444911956787 -0.001993497833609581 -0.0019498583860695362 
vn 1.276444911956787 -0.001993497833609581 -0.0019498583860695362 
vn 1.276444911956787 -0.001993497833609581 -0.0019498583860695362 
vn 0.04816445708274841 0.7537527084350586 -1.0290073156356812 
vn 0.04816445708274841 0.7537527084350586 -1.0290073156356812 
vn 0.04816445708274841 0.7537527084350586 -1.0290073156356812 
vn 0.04816445708274841 0.7537527084350586 -1.0290073156356812 
vn 0.04816445708274841 0.7537527084350586 -1.0290073156356812 
vn 0.04816445708274841 0.7537527084350586 -1.0290073156356812 
vn 1.1057449579238892 0.5122499465942383 0.3797991871833801 
vn 1.1057449579238892 0.5122499465942383 0.3797991871833801 
vn 1.1057449579238892 0.5122499465942383 0.3797991871833801 
vn 1.1057449579238892 0.5122499465942383 0.3797991871833801 
vn 1.1057449579238892 0.5122499465942383 0.3797991871833801 
vn 1.1057449579238892 0.5122499465942383 0.3797991871833801 
vn 1.1057449579238892 0.5122499465942383 0.3797991871833801 
vn 1.1057449579238892 0.5122499465942383 0.3797991871833801 
vn 1.232611894607544 0.26826998591423035 0.1949836015701294 
vn 1.232611894607544 0.26826998591423035 0.1949836015701294 
vn 1.276444911956787 -0.001993497833609581 -0.0019498583860695362 
vn 1.276444911956787 -0.001993497833609581 -0.0019498583860695362 
vn 1.276444911956787 -0.001993497833609581 -0.0019498583860695362 
vn 1.276444911956787 -0.001993497833609581 -0.0019498583860695362 
vn 0.0492812879383564 -1.0300127267837524 -0.7523059248924255 
vn 0.0492812879383564 -1.0300127267837524 -0.7523059248924255 
vn 0.0492812879383564 -1.0300127267837524 -0.7523059248924255 
vn 0.0492812879383564 -1.0300127267837524 -0.7523059248924255 
vn 0.9028111100196838 0.7262400984764099 0.5355619192123413 
vn 0.9028111100196838 0.7262400984764099 0.5355619192123413 
vn 0.9028111100196838 0.7262400984764099 0.5355619192123413 
vn 0.9028111100196838 0.7262400984764099 0.5355619192123413 
vn 0.9028111100196838 0.7262400984764099 0.5355619192123413 
vn 0.9028111100196838 0.7262400984764099 0.5355619192123413 
vn 0.9028111100196838 0.7262400984764099 0.5355619192123413 
vn 0.9028111100196838 0.7262400984764099 0.5355619192123413 
vn 0.9028111100196838 0.7262400984764099 0.5355619192123413 
vn 0.9028111100196838 0.7262400984764099 0.5355619192123413 
vn 0.9028111100196838 0.7262400984764099 0.5355619192123413 
vn 1.180274486541748 0.39126917719841003 0.2884093225002289 
vn 1.180274486541748 0.39126917719841003 0.2884093225002289 
vn 1.276444911956787 -0.001993497833609581 -0.0019498583860695362 
vn 1.276444911956787 -0.001993497833609581 -0.0019498583860695362 
vn 1.276444911956787 -0.001993497833609581 -0.0019498583860695362 
vn 1.276444911956787 -0.001993497833609581 -0.0019498583860695362 
vn 1.276444911956787 -0.001993497833609581 -0.0019498583860695362 
vn 1.276444911956787 -0.001993497833609581 -0.0019498583860695362 
vn 1.276444911956787 -0.001993497833609581 -0.0019498583860695362 
vn 1.276444911956787 -0.001993497833609581 -0.0019498583860695362 
vn 1.276444911956787 -0.001993497833609581 -0.0019498583860695362 
vn 1.276444911956787 -0.001993497833609581 -0.0019498583860695362 
vn 0.02407948672771454 -1.064334750175476 0.7042234539985657 
vn 0.3260815739631653 -1.0218209028244019 0.6920056343078613 
vn 0.3446411192417145 -1.0182141065597534 0.6883179545402527 
vn 0.37232616543769836 -1.0124306678771973 0.6824048757553101 
vn 0.4476238191127777 -0.9879269003868103 0.6730174422264099 
vn 0.4476238191127777 -0.9879269003868103 0.6730174422264099 
vn 0.456612229347229 -0.9854986071586609 0.6705346703529358 
vn 0.6613959670066833 -0.8982082009315491 0.6205614805221558 
vn 0.6858246922492981 -0.8873937129974365 0.6095046401023865 
vn 0.703657329082489 -0.8759676218032837 0.6056948304176331 
vn 0.9094658493995667 -0.7329633831977844 0.5147386193275452 
vn 0.9094658493995667 -0.7329633831977844 0.5147386193275452 
vn 0.9094658493995667 -0.7329633831977844 0.5147386193275452 
vn 0.930638313293457 -0.7140660285949707 0.5033301711082458 
vn 0.9174607992172241 -0.7238959670066833 0.5133804082870483 
vn 1.0083413124084473 -0.6363896727561951 0.4556043744087219 
vn 1.1171430349349976 -0.4960668683052063 0.36773425340652466 
vn 1.1074020862579346 -0.5116681456565857 0.37573349475860596 
vn 1.1987552642822266 -0.34573614597320557 0.2697623372077942 
vn 1.2020070552825928 -0.3393898606300354 0.26327383518218994 
vn 1.2020070552825928 -0.3393898606300354 0.26327383518218994 
vn 1.2086941003799438 -0.3223874568939209 0.25385910272598267 
vn 1.2289049625396729 -0.2694421112537384 0.21566885709762573 
vn 1.234103798866272 -0.25248172879219055 0.2063010185956955 
vn 1.2758969068527222 0.019175952300429344 0.032233864068984985 
vn 1.2758969068527222 0.019175952300429344 0.032233864068984985 
vn 0.002412819303572178 1.0783483982086182 0.6829919219017029 
vn 0.002412819303572178 1.0783483982086182 0.6829919219017029 
vn 0.43853917717933655 1.012658953666687 0.6415014863014221 
vn 0.43853917717933655 1.012658953666687 0.6415014863014221 
vn 0.4727616310119629 1.0037354230880737 0.631134569644928 
vn 0.4501529633998871 1.0096193552017212 0.6382397413253784 
vn 0.6042400002479553 0.9508762359619141 0.600039541721344 
vn 0.594011664390564 0.9546815156936646 0.604195773601532 
vn 0.9029463529586792 0.7642576098442078 0.47949710488319397 
vn 0.9029463529586792 0.7642576098442078 0.47949710488319397 
vn 0.9029463529586792 0.7642576098442078 0.47949710488319397 
vn 0.9069053530693054 0.7612676620483398 0.47677403688430786 
vn 1.0573126077651978 0.6068174242973328 0.3783937990665436 
vn 1.0038731098175049 0.6654947996139526 0.4226992726325989 
vn 1.184502363204956 0.40032708644866943 0.2569276690483093 
vn 1.2001056671142578 0.3704463243484497 0.22767357528209686 
vn 1.2001056671142578 0.3704463243484497 0.22767357528209686 
vn 1.2019507884979248 0.36670002341270447 0.22397466003894806 
vn 1.266657829284668 0.1363416165113449 0.07942559570074081 
vn 1.2424379587173462 0.2507729232311249 0.15093204379081726 
vn 1.276444911956787 0.0019937045872211456 0.001949942670762539 
vn 1.276444911956787 -0.001993497833609581 -0.0019498583860695362 
s on 
f 1//1 2//2 3//3 
f 2//2 2//2 3//3 
f 3//3 2//2 4//4 
f 2//2 2//2 4//4 
f 4//4 2//2 5//5 
f 2//2 6//6 5//5 
f 5//5 6//6 5//5 
f 6//6 7//7 5//5 
f 5//5 7//7 8//8 
f 7//7 9//9 8//8 
f 8//8 9//9 10//10 
f 9//9 11//11 10//10 
f 10//10 11//11 12//12 
f 11//11 13//13 12//12 
f 12//12 13//13 14//14 
f 13//13 13//13 14//14 
f 14//14 13//13 15//15 
f 13//13 16//16 15//15 
f 15//15 16//16 16//16 
f 16//16 2//2 16//16 
f 16//16 2//2 2//2 
f 2//2 1//1 2//2 
f 2//2 1//1 17//17 
f 1//1 1//1 17//17 
f 17//17 1//1 18//18 
f 1//1 19//19 18//18 
f 18//18 19//19 18//18 
f 19//19 20//20 18//18 
f 18//18 20//20 18//18 
f 20//20 21//21 18//18 
f 18//18 21//21 18//18 
f 21//21 22//22 18//18 
f 18//18 22//22 18//18 
f 22//22 23//23 18//18 
f 18//18 23//23 24//24 
f 23//23 24//24 24//24 
f 24//24 24//24 25//25 
f 24//24 25//25 25//25 
f 25//25 25//25 26//26 
f 25//25 27//27 26//26 
f 26//26 27//27 28//28 
f 27//27 28//28 28//28 
f 28//28 28//28 26//26 
f 28//28 26//26 26//26 
f 26//26 26//26 25//25 
f 26//26 29//29 25//25 
f 25//25 29//29 25//25 
f 29//29 30//30 25//25 
f 25//25 30//30 25//25 
f 30//30 31//31 25//25 
f 25//25 31//31 25//25 
f 31//31 32//32 25//25 
f 25//25 32//32 33//33 
f 32//32 34//34 33//33 
f 33//33 34//34 33//33 
f 34//34 35//35 33//33 
f 33//33 35//35 36//36 
f 35//35 37//37 36//36 
f 36//36 37//37 38//38 
f 37//37 39//39 38//38 
f 38//38 39//39 40//40 
f 39//39 41//41 40//40 
f 40//40 41//41 42//42 
f 41//41 43//43 42//42 
f 42//42 43//43 44//44 
f 43//43 43//43 44//44 
f 44//44 43//43 45//45 
f 43//43 46//46 45//45 
f 45//45 46//46 47//47 
f 46//46 46//46 47//47 
f 47//47 46//46 48//48 
f 46//46 46//46 48//48 
f 48//48 46//46 49//49 
f 46//46 46//46 49//49 
f 49//49 46//46 50//50 
f 46//46 46//46 50//50 
f 50//50 46//46 51//51 
f 46//46 52//52 51//51 
f 51//51 52//52 53//53 
f 52//52 54//54 53//53 
f 53//53 54//54 55//55 
f 54//54 56//56 55//55 
f 55//55 56//56 55//55 
f 56//56 57//57 55//55 
f 55//55 57//57 55//55 
f 57//57 58//58 55//55 
f 55//55 58//58 59//59 
f 58//58 60//60 59//59 
f 59//59 60//60 59//59 
f 60//60 61//61 59//59 
f 59//59 61//61 59//59 
f 61//61 62//62 59//59 
f 59//59 62//62 63//63 
f 62//62 64//64 63//63 
f 63//63 64//64 63//63 
f 64//64 65//65 63//63 
f 63//63 65//65 63//63 
f 65//65 66//66 63//63 
f 63//63 66//66 63//63 
f 66//66 67//67 63//63 
f 63//63 67//67 63//63 
f 67//67 68//68 63//63 
f 63//63 68//68 59//59 
f 68//68 59//59 59//59 
f 59//59 59//59 55//55 
f 59//59 55//55 55//55 
f 55//55 55//55 69//69 
f 55//55 59//59 69//69 
f 69//69 59//59 69//69 
f 59//59 70//70 69//69 
f 69//69 70//70 71//71 
f 70//70 72//72 71//71 
f 71//71 72//72 71//71 
f 72//72 73//73 71//71 
f 71//71 73//73 74//74 
f 73//73 75//75 74//74 
f 74//74 75//75 76//76 
f 75//75 75//75 76//76 
f 76//76 75//75 77//77 
f 75//75 78//78 77//77 
f 77//77 78//78 77//77 
f 78//78 79//79 77//77 
f 77//77 79//79 80//80 
f 79//79 79//79 80//80 
f 80//80 79//79 81//81 
f 79//79 79//79 81//81 
f 81//81 79//79 28//28 
f 79//79 82//82 28//28 
f 28//28 82//82 26//26 
f 82//82 82//82 26//26 
f 26//26 82//82 83//83 
f 82//82 82//82 83//83 
f 83//83 82//82 84//84 
f 82//82 85//85 84//84 
f 84//84 85//85 86//86 
f 85//85 87//87 86//86 
f 86//86 87//87 88//88 
f 87//87 88//88 88//88 
f 88//88 88//88 82//82 
f 88//88 82//82 82//82 
f 82//82 82//82 85//85 
f 82//82 89//89 85//85 
f 85//85 89//89 87//87 
f 89//89 87//87 87//87 
f 87//87 87//87 90//90 
f 87//87 90//90 90//90 
f 90//90 90//90 91//91 
f 90//90 92//92 91//91 
f 91//91 92//92 93//93 
f 92//92 94//94 93//93 
f 93//93 94//94 95//95 
f 94//94 94//94 95//95 
f 95//95 94//94 96//96 
f 94//94 97//97 96//96 
f 96//96 97//97 98//98 
f 97//97 99//99 98//98 
f 98//98 99//99 100//100 
f 99//99 100//100 100//100 
f 100//100 100//100 101//101 
f 100//100 101//101 101//101 
f 101//101 101//101 102//102 
f 101//101 100//100 102//102 
f 102//102 100//100 102//102 
f 100//100 103//103 102//102 
f 102//102 103//103 104//104 
f 103//103 105//105 104//104 
f 104//104 105//105 106//106 
f 105//105 107//107 106//106 
f 106//106 107//107 108//108 
f 107//107 109//109 108//108 
f 108//108 109//109 110//110 
f 109//109 111//111 110//110 
f 110//110 111//111 111//111 
f 111//111 112//112 111//111 
f 111//111 112//112 112//112 
f 112//112 113//113 112//112 
f 112//112 113//113 114//114 
f 113//113 115//115 114//114 
f 114//114 115//115 116//116 
f 115//115 116//116 116//116 
f 116//116 116//116 115//115 
f 116//116 115//115 115//115 
f 115//115 115//115 117//117 
f 115//115 113//113 117//117 
f 117//117 113//113 118//118 
f 113//113 113//113 118//118 
f 118//118 113//113 119//119 
f 113//113 120//120 119//119 
f 119//119 120//120 121//121 
f 120//120 120//120 121//121 
f 121//121 120//120 122//122 
f 120//120 123//123 122//122 
f 122//122 123//123 124//124 
f 123//123 123//123 124//124 
f 124//124 123//123 125//125 
f 123//123 123//123 125//125 
f 125//125 123//123 126//126 
f 123//123 127//127 126//126 
f 126//126 127//127 128//128 
f 127//127 129//129 128//128 
f 128//128 129//129 130//130 
f 129//129 130//130 130//130 
f 130//130 130//130 112//112 
f 130//130 112//112 112//112 
f 112//112 112//112 113//113 
f 112//112 131//131 113//113 
f 113//113 131//131 132//132 
f 131//131 133//133 132//132 
f 132//132 133//133 132//132 
f 133//133 134//134 132//132 
f 132//132 134//134 135//135 
f 134//134 136//136 135//135 
f 135//135 136//136 137//137 
f 136//136 138//138 137//137 
f 137//137 138//138 137//137 
f 138//138 129//129 137//137 
f 137//137 129//129 137//137 
f 129//129 127//127 137//137 
f 137//137 127//127 137//137 
f 127//127 123//123 137//137 
f 137//137 123//123 135//135 
f 123//123 120//120 135//135 
f 135//135 120//120 132//132 
f 120//120 113//113 132//132 
f 132//132 113//113 113//113 
f 113//113 139//139 113//113 
f 113//113 139//139 139//139 
f 139//139 140//140 139//139 
f 139//139 140//140 136//136 
f 140//140 138//138 136//136 
f 136//136 138//138 138//138 
f 138//138 139//139 138//138 
f 138//138 139//139 139//139 
f 139//139 136//136 139//139 
f 139//139 136//136 141//141 
f 136//136 134//134 141//141 
f 141//141 134//134 142//142 
f 134//134 143//143 142//142 
f 142//142 143//143 144//144 
f 143//143 144//144 144//144 
f 144//144 144//144 143//143 
f 144//144 143//143 143//143 
f 143//143 143//143 145//145 
f 143//143 134//134 145//145 
f 145//145 134//134 146//146 
f 134//134 134//134 146//146 
f 146//146 134//134 147//147 
f 134//134 148//148 147//147 
f 147//147 148//148 148//148 
f 148//148 140//140 148//148 
f 148//148 140//140 140//140 
f 140//140 149//149 140//140 
f 140//140 149//149 138//138 
f 149//149 150//150 138//138 
f 138//138 150//150 151//151 
f 150//150 152//152 151//151 
f 151//151 152//152 151//151 
f 152//152 153//153 151//151 
f 151//151 153//153 151//151 
f 153//153 154//154 151//151 
f 151//151 154//154 129//129 
f 154//154 155//155 129//129 
f 129//129 155//155 130//130 
f 155//155 155//155 130//130 
f 130//130 155//155 156//156 
f 155//155 155//155 156//156 
f 156//156 155//155 157//157 
f 155//155 158//158 157//157 
f 157//157 158//158 158//158 
f 158//158 129//129 158//158 
f 158//158 129//129 129//129 
f 129//129 138//138 129//129 
f 129//129 138//138 151//151 
f 138//138 151//151 151//151 
f 151//151 151//151 154//154 
f 151//151 154//154 154//154 
f 154//154 154//154 155//155 
f 154//154 159//159 155//155 
f 155//155 159//159 155//155 
f 159//159 160//160 155//155 
f 155//155 160//160 155//155 
f 160//160 161//161 155//155 
f 155//155 161//161 162//162 
f 161//161 162//162 162//162 
f 162//162 162//162 163//163 
f 162//162 163//163 163//163 
f 163//163 163//163 116//116 
f 163//163 164//164 116//116 
f 116//116 164//164 165//165 
f 164//164 166//166 165//165 
f 165//165 166//166 167//167 
f 166//166 168//168 167//167 
f 167//167 168//168 169//169 
f 168//168 168//168 169//169 
f 169//169 168//168 170//170 
f 168//168 171//171 170//170 
f 170//170 171//171 172//172 
f 171//171 171//171 172//172 
f 172//172 171//171 173//173 
f 171//171 171//171 173//173 
f 173//173 171//171 174//174 
f 171//171 175//175 174//174 
f 174//174 175//175 176//176 
f 175//175 175//175 176//176 
f 176//176 175//175 177//177 
f 175//175 175//175 177//177 
f 177//177 175//175 178//178 
f 175//175 179//179 178//178 
f 178//178 179//179 180//180 
f 179//179 181//181 180//180 
f 180//180 181//181 180//180 
f 181//181 182//182 180//180 
f 180//180 182//182 183//183 
f 182//182 184//184 183//183 
f 183//183 184//184 184//184 
f 184//184 163//163 184//184 
f 184//184 163//163 163//163 
f 163//163 185//185 163//163 
f 163//163 185//185 164//164 
f 185//185 164//164 164//164 
f 164//164 164//164 183//183 
f 164//164 183//183 183//183 
f 183//183 183//183 180//180 
f 183//183 144//144 180//180 
f 180//180 144//144 144//144 
f 144//144 182//182 144//144 
f 144//144 182//182 182//182 
f 182//182 181//181 182//182 
f 182//182 181//181 186//186 
f 181//181 181//181 186//186 
f 186//186 181//181 187//187 
f 181//181 188//188 187//187 
f 187//187 188//188 189//189 
f 188//188 188//188 189//189 
f 189//189 188//188 190//190 
f 188//188 188//188 190//190 
f 190//190 188//188 191//191 
f 188//188 192//192 191//191 
f 191//191 192//192 193//193 
f 192//192 192//192 193//193 
f 193//193 192//192 194//194 
f 192//192 192//192 194//194 
f 194//194 192//192 195//195 
f 192//192 196//196 195//195 
f 195//195 196//196 197//197 
f 196//196 198//198 197//197 
f 197//197 198//198 199//199 
f 198//198 200//200 199//199 
f 199//199 200//200 201//201 
f 200//200 200//200 201//201 
f 201//201 200//200 202//202 
f 200//200 203//203 202//202 
f 202//202 203//203 204//204 
f 203//203 205//205 204//204 
f 204//204 205//205 206//206 
f 205//205 205//205 206//206 
f 206//206 205//205 207//207 
f 205//205 205//205 207//207 
f 207//207 205//205 208//208 
f 205//205 205//205 208//208 
f 208//208 205//205 209//209 
f 205//205 210//210 209//209 
f 209//209 210//210 209//209 
f 210//210 211//211 209//209 
f 209//209 211//211 209//209 
f 211//211 212//212 209//209 
f 209//209 212//212 209//209 
f 212//212 213//213 209//209 
f 209//209 213//213 214//214 
f 213//213 213//213 214//214 
f 214//214 213//213 215//215 
f 213//213 213//213 215//215 
f 215//215 213//213 216//216 
f 213//213 213//213 216//216 
f 216//216 213//213 217//217 
f 213//213 218//218 217//217 
f 217//217 218//218 217//217 
f 218//218 219//219 217//217 
f 217//217 219//219 217//217 
f 219//219 220//220 217//217 
f 217//217 220//220 221//221 
f 220//220 222//222 221//221 
f 221//221 222//222 223//223 
f 222//222 222//222 223//223 
f 223//223 222//222 224//224 
f 222//222 225//225 224//224 
f 224//224 225//225 226//226 
f 225//225 227//227 226//226 
f 226//226 227//227 228//228 
f 227//227 229//229 228//228 
f 228//228 229//229 228//228 
f 229//229 230//230 228//228 
f 228//228 230//230 231//231 
f 230//230 232//232 231//231 
f 231//231 232//232 231//231 
f 232//232 233//233 231//231 
f 231//231 233//233 234//234 
f 233//233 235//235 234//234 
f 234//234 235//235 236//236 
f 235//235 235//235 236//236 
f 236//236 235//235 237//237 
f 235//235 235//235 237//237 
f 237//237 235//235 238//238 
f 235//235 239//239 238//238 
f 238//238 239//239 240//240 
f 239//239 241//241 240//240 
f 240//240 241//241 242//242 
f 241//241 243//243 242//242 
f 242//242 243//243 244//244 
f 243//243 243//243 244//244 
f 244//244 243//243 245//245 
f 243//243 243//243 245//245 
f 245//245 243//243 246//246 
f 243//243 247//247 246//246 
f 246//246 247//247 246//246 
f 247//247 248//248 246//246 
f 246//246 248//248 246//246 
f 248//248 249//249 246//246 
f 246//246 249//249 246//246 
f 249//249 250//250 246//246 
f 246//246 250//250 251//251 
f 250//250 250//250 251//251 
f 251//251 250//250 252//252 
f 250//250 253//253 252//252 
f 252//252 253//253 252//252 
f 253//253 254//254 252//252 
f 252//252 254//254 255//255 
f 254//254 256//256 255//255 
f 255//255 256//256 257//257 
f 256//256 256//256 257//257 
f 257//257 256//256 258//258 
f 256//256 256//256 258//258 
f 258//258 256//256 259//259 
f 256//256 260//260 259//259 
f 259//259 260//260 261//261 
f 260//260 200//200 261//261 
f 261//261 200//200 261//261 
f 200//200 262//262 261//261 
f 261//261 262//262 261//261 
f 262//262 263//263 261//261 
f 261//261 263//263 264//264 
f 263//263 263//263 264//264 
f 264//264 263//263 265//265 
f 263//263 263//263 265//265 
f 265//265 263//263 266//266 
f 263//263 263//263 266//266 
f 266//266 263//263 267//267 
f 263//263 263//263 267//267 
f 267//267 263//263 268//268 
f 263//263 263//263 268//268 
f 268//268 263//263 269//269 
f 263//263 270//270 269//269 
f 269//269 270//270 271//271 
f 270//270 270//270 271//271 
f 271//271 270//270 272//272 
f 270//270 270//270 272//272 
f 272//272 270//270 273//273 
f 270//270 274//274 273//273 
f 273//273 274//274 273//273 
f 274//274 275//275 273//273 
f 273//273 275//275 276//276 
f 275//275 277//277 276//276 
f 276//276 277//277 276//276 
f 277//277 278//278 276//276 
f 276//276 278//278 279//279 
f 278//278 280//280 279//279 
f 279//279 280//280 279//279 
f 280//280 281//281 279//279 
f 279//279 281//281 282//282 
f 281//281 283//283 282//282 
f 282//282 283//283 284//284 
f 283//283 285//285 284//284 
f 284//284 285//285 285//285 
f 285//285 286//286 285//285 
f 285//285 286//286 286//286 
f 286//286 224//224 286//286 
f 286//286 224//224 226//226 
f 224//224 226//226 226//226 
f 226//226 226//226 271//271 
f 226//226 271//271 271//271 
f 271//271 271//271 269//269 
f 271//271 287//287 269//269 
f 269//269 287//287 288//288 
f 287//287 289//289 288//288 
f 288//288 289//289 290//290 
f 289//289 291//291 290//290 
f 290//290 291//291 292//292 
f 291//291 291//291 292//292 
f 292//292 291//291 293//293 
f 291//291 291//291 293//293 
f 293//293 291//291 294//294 
f 291//291 295//295 294//294 
f 294//294 295//295 296//296 
f 295//295 295//295 296//296 
f 296//296 295//295 297//297 
f 295//295 295//295 297//297 
f 297//297 295//295 298//298 
f 295//295 299//299 298//298 
f 298//298 299//299 300//300 
f 299//299 299//299 300//300 
f 300//300 299//299 301//301 
f 299//299 299//299 301//301 
f 301//301 299//299 302//302 
f 299//299 303//303 302//302 
f 302//302 303//303 304//304 
f 303//303 303//303 304//304 
f 304//304 303//303 305//305 
f 303//303 303//303 305//305 
f 305//305 303//303 306//306 
f 303//303 307//307 306//306 
f 306//306 307//307 308//308 
f 307//307 309//309 308//308 
f 308//308 309//309 310//310 
f 309//309 310//310 310//310 
f 310//310 310//310 181//181 
f 310//310 181//181 181//181 
f 181//181 181//181 311//311 
f 181//181 179//179 311//311 
f 311//311 179//179 312//312 
f 179//179 175//175 312//312 
f 312//312 175//175 175//175 
f 175//175 188//188 175//175 
f 175//175 188//188 188//188 
f 188//188 181//181 188//188 
f 188//188 181//181 311//311 
f 181//181 311//311 311//311 
f 311//311 311//311 307//307 
f 311//311 307//307 307//307 
f 307//307 307//307 313//313 
f 307//307 303//303 313//313 
f 313//313 303//303 314//314 
f 303//303 315//315 314//314 
f 314//314 315//315 314//314 
f 315//315 316//316 314//314 
f 314//314 316//316 314//314 
f 316//316 317//317 314//314 
f 314//314 317//317 314//314 
f 317//317 309//309 314//314 
f 314//314 309//309 318//318 
f 309//309 307//307 318//318 
f 318//318 307//307 307//307 
f 307//307 315//315 307//307 
f 307//307 315//315 315//315 
f 315//315 303//303 315//315 
f 315//315 303//303 319//319 
f 303//303 299//299 319//319 
f 319//319 299//299 320//320 
f 299//299 295//295 320//320 
f 320//320 295//295 321//321 
f 295//295 291//291 321//321 
f 321//321 291//291 321//321 
f 291//291 289//289 321//321 
f 321//321 289//289 321//321 
f 289//289 322//322 321//321 
f 321//321 322//322 321//321 
f 322//322 323//323 321//321 
f 321//321 323//323 320//320 
f 323//323 324//324 320//320 
f 320//320 324//324 319//319 
f 324//324 325//325 319//319 
f 319//319 325//325 315//315 
f 325//325 326//326 315//315 
f 315//315 326//326 316//316 
f 326//326 327//327 316//316 
f 316//316 327//327 328//328 
f 327//327 329//329 328//328 
f 328//328 329//329 328//328 
f 329//329 330//330 328//328 
f 328//328 330//330 328//328 
f 330//330 331//331 328//328 
f 328//328 331//331 332//332 
f 331//331 333//333 332//332 
f 332//332 333//333 334//334 
f 333//333 333//333 334//334 
f 334//334 333//333 335//335 
f 333//333 333//333 335//335 
f 335//335 333//333 336//336 
f 333//333 331//331 336//336 
f 336//336 331//331 337//337 
f 331//331 338//338 337//337 
f 337//337 338//338 337//337 
f 338//338 329//329 337//337 
f 337//337 329//329 326//326 
f 329//329 327//327 326//326 
f 326//326 327//327 327//327 
f 327//327 317//317 327//327 
f 327//327 317//317 317//317 
f 317//317 316//316 317//317 
f 317//317 316//316 328//328 
f 316//316 328//328 328//328 
f 328//328 328//328 337//337 
f 328//328 337//337 337//337 
f 337//337 337//337 339//339 
f 337//337 326//326 339//339 
f 339//339 326//326 339//339 
f 326//326 325//325 339//339 
f 339//339 325//325 340//340 
f 325//325 324//324 340//340 
f 340//340 324//324 341//341 
f 324//324 323//323 341//341 
f 341//341 323//323 342//342 
f 323//323 322//322 342//342 
f 342//342 322//322 343//343 
f 322//322 289//289 343//343 
f 343//343 289//289 343//343 
f 289//289 287//287 343//343 
f 343//343 287//287 343//343 
f 287//287 344//344 343//343 
f 343//343 344//344 345//345 
f 344//344 346//346 345//345 
f 345//345 346//346 345//345 
f 346//346 347//347 345//345 
f 345//345 347//347 345//345 
f 347//347 348//348 345//345 
f 345//345 348//348 349//349 
f 348//348 350//350 349//349 
f 349//349 350//350 349//349 
f 350//350 351//351 349//349 
f 349//349 351//351 349//349 
f 351//351 352//352 349//349 
f 349//349 352//352 353//353 
f 352//352 354//354 353//353 
f 353//353 354//354 353//353 
f 354//354 355//355 353//353 
f 353//353 355//355 356//356 
f 355//355 357//357 356//356 
f 356//356 357//357 356//356 
f 357//357 358//358 356//356 
f 356//356 358//358 356//356 
f 358//358 359//359 356//356 
f 356//356 359//359 360//360 
f 359//359 361//361 360//360 
f 360//360 361//361 361//361 
f 361//361 360//360 361//361 
f 361//361 360//360 360//360 
f 360//360 362//362 360//360 
f 360//360 362//362 356//356 
f 362//362 362//362 356//356 
f 356//356 362//362 353//353 
f 362//362 363//363 353//353 
f 353//353 363//363 349//349 
f 363//363 364//364 349//349 
f 349//349 364//364 345//345 
f 364//364 345//345 345//345 
f 345//345 345//345 360//360 
f 345//345 360//360 360//360 
f 360//360 360//360 362//362 
f 360//360 365//365 362//362 
f 362//362 365//365 362//362 
f 365//365 366//366 362//362 
f 362//362 366//366 367//367 
f 366//366 335//335 367//367 
f 367//367 335//335 367//367 
f 335//335 336//336 367//367 
f 367//367 336//336 367//367 
f 336//336 368//368 367//367 
f 367//367 368//368 363//363 
f 368//368 364//364 363//363 
f 363//363 364//364 364//364 
f 364//364 362//362 364//364 
f 364//364 362//362 362//362 
f 362//362 367//367 362//362 
f 362//362 367//367 363//363 
f 367//367 363//363 363//363 
f 363//363 363//363 335//335 
f 363//363 335//335 335//335 
f 335//335 335//335 334//334 
f 335//335 366//366 334//334 
f 334//334 366//366 334//334 
f 366//366 369//369 334//334 
f 334//334 369//369 334//334 
f 369//369 360//360 334//334 
f 334//334 360//360 370//370 
f 360//360 371//371 370//370 
f 370//370 371//371 371//371 
f 371//371 368//368 371//371 
f 371//371 368//368 368//368 
f 368//368 336//336 368//368 
f 368//368 336//336 372//372 
f 336//336 337//337 372//372 
f 372//372 337//337 372//372 
f 337//337 339//339 372//372 
f 372//372 339//339 373//373 
f 339//339 340//340 373//373 
f 373//373 340//340 374//374 
f 340//340 341//341 374//374 
f 374//374 341//341 375//375 
f 341//341 342//342 375//375 
f 375//375 342//342 375//375 
f 342//342 343//343 375//375 
f 375//375 343//343 376//376 
f 343//343 345//345 376//376 
f 376//376 345//345 377//377 
f 345//345 364//364 377//377 
f 377//377 364//364 364//364 
f 364//364 377//377 364//364 
f 364//364 377//377 377//377 
f 377//377 378//378 377//377 
f 377//377 378//378 376//376 
f 378//378 378//378 376//376 
f 376//376 378//378 375//375 
f 378//378 379//379 375//375 
f 375//375 379//379 374//374 
f 379//379 380//380 374//374 
f 374//374 380//380 373//373 
f 380//380 381//381 373//373 
f 373//373 381//381 372//372 
f 381//381 381//381 372//372 
f 372//372 381//381 368//368 
f 381//381 381//381 368//368 
f 368//368 381//381 364//364 
f 381//381 381//381 364//364 
f 364//364 381//381 377//377 
f 381//381 380//380 377//377 
f 377//377 380//380 378//378 
f 380//380 379//379 378//378 
f 378//378 379//379 379//379 
f 379//379 166//166 379//379 
f 379//379 166//166 166//166 
f 166//166 382//382 166//166 
f 166//166 382//382 168//168 
f 382//382 383//383 168//168 
f 168//168 383//383 171//171 
f 383//383 384//384 171//171 
f 171//171 384//384 175//175 
f 384//384 175//175 175//175 
f 175//175 175//175 166//166 
f 175//175 166//166 166//166 
f 166//166 166//166 382//382 
f 166//166 164//164 382//382 
f 382//382 164//164 385//385 
f 164//164 386//386 385//385 
f 385//385 386//386 387//387 
f 386//386 388//388 387//387 
f 387//387 388//388 389//389 
f 388//388 390//390 389//389 
f 389//389 390//390 389//389 
f 390//390 391//391 389//389 
f 389//389 391//391 392//392 
f 391//391 393//393 392//392 
f 392//392 393//393 392//392 
f 393//393 394//394 392//392 
f 392//392 394//394 395//395 
f 394//394 396//396 395//395 
f 395//395 396//396 395//395 
f 396//396 397//397 395//395 
f 395//395 397//397 395//395 
f 397//397 398//398 395//395 
f 395//395 398//398 395//395 
f 398//398 399//399 395//395 
f 395//395 399//399 392//392 
f 399//399 400//400 392//392 
f 392//392 400//400 389//389 
f 400//400 384//384 389//389 
f 389//389 384//384 387//387 
f 384//384 383//383 387//387 
f 387//387 383//383 385//385 
f 383//383 382//382 385//385 
f 385//385 382//382 382//382 
f 382//382 384//384 382//382 
f 382//382 384//384 384//384 
f 384//384 400//400 384//384 
f 384//384 400//400 175//175 
f 400//400 400//400 175//175 
f 175//175 400//400 312//312 
f 400//400 401//401 312//312 
f 312//312 401//401 402//402 
f 401//401 401//401 402//402 
f 402//402 401//401 403//403 
f 401//401 399//399 403//403 
f 403//403 399//399 403//403 
f 399//399 398//398 403//403 
f 403//403 398//398 404//404 
f 398//398 397//397 404//404 
f 404//404 397//397 404//404 
f 397//397 405//405 404//404 
f 404//404 405//405 404//404 
f 405//405 406//406 404//404 
f 404//404 406//406 407//407 
f 406//406 408//408 407//407 
f 407//407 408//408 407//407 
f 408//408 409//409 407//407 
f 407//407 409//409 410//410 
f 409//409 411//411 410//410 
f 410//410 411//411 412//412 
f 411//411 262//262 412//412 
f 412//412 262//262 412//412 
f 262//262 200//200 412//412 
f 412//412 200//200 413//413 
f 200//200 198//198 413//413 
f 413//413 198//198 414//414 
f 198//198 196//196 414//414 
f 414//414 196//196 414//414 
f 196//196 415//415 414//414 
f 414//414 415//415 407//407 
f 415//415 415//415 407//407 
f 407//407 415//415 404//404 
f 415//415 416//416 404//404 
f 404//404 416//416 403//403 
f 416//416 416//416 403//403 
f 403//403 416//416 402//402 
f 416//416 311//311 402//402 
f 402//402 311//311 312//312 
f 311//311 312//312 312//312 
f 312//312 312//312 400//400 
f 312//312 400//400 400//400 
f 400//400 400//400 401//401 
f 400//400 399//399 401//401 
f 401//401 399//399 399//399 
f 399//399 412//412 399//399 
f 399//399 412//412 412//412 
f 412//412 413//413 412//412 
f 412//412 413//413 410//410 
f 413//413 414//414 410//410 
f 410//410 414//414 407//407 
f 414//414 407//407 407//407 
f 407//407 407//407 311//311 
f 407//407 311//311 311//311 
f 311//311 311//311 188//188 
f 311//311 416//416 188//188 
f 188//188 416//416 192//192 
f 416//416 415//415 192//192 
f 192//192 415//415 196//196 
f 415//415 196//196 196//196 
f 196//196 196//196 200//200 
f 196//196 200//200 200//200 
f 200//200 200//200 417//417 
f 200//200 418//418 417//417 
f 417//417 418//418 419//419 
f 418//418 419//419 419//419 
f 419//419 419//419 200//200 
f 419//419 200//200 200//200 
f 200//200 200//200 418//418 
f 200//200 420//420 418//418 
f 418//418 420//420 421//421 
f 420//420 422//422 421//421 
f 421//421 422//422 421//421 
f 422//422 423//423 421//421 
f 421//421 423//423 424//424 
f 423//423 425//425 424//424 
f 424//424 425//425 424//424 
f 425//425 426//426 424//424 
f 424//424 426//426 424//424 
f 426//426 427//427 424//424 
f 424//424 427//427 428//428 
f 427//427 429//429 428//428 
f 428//428 429//429 428//428 
f 429//429 430//430 428//428 
f 428//428 430//430 428//428 
f 430//430 431//431 428//428 
f 428//428 431//431 432//432 
f 431//431 433//433 432//432 
f 432//432 433//433 432//432 
f 433//433 434//434 432//432 
f 432//432 434//434 435//435 
f 434//434 235//235 435//435 
f 435//435 235//235 235//235 
f 235//235 418//418 235//235 
f 235//235 418//418 418//418 
f 418//418 421//421 418//418 
f 418//418 421//421 424//424 
f 421//421 424//424 424//424 
f 424//424 424//424 435//435 
f 424//424 435//435 435//435 
f 435//435 435//435 432//432 
f 435//435 436//436 432//432 
f 432//432 436//436 437//437 
f 436//436 438//438 437//437 
f 437//437 438//438 437//437 
f 438//438 439//439 437//437 
f 437//437 439//439 440//440 
f 439//439 441//441 440//440 
f 440//440 441//441 440//440 
f 441//441 225//225 440//440 
f 440//440 225//225 440//440 
f 225//225 442//442 440//440 
f 440//440 442//442 440//440 
f 442//442 443//443 440//440 
f 440//440 443//443 444//444 
f 443//443 445//445 444//444 
f 444//444 445//445 444//444 
f 445//445 446//446 444//444 
f 444//444 446//446 444//444 
f 446//446 447//447 444//444 
f 444//444 447//447 448//448 
f 447//447 449//449 448//448 
f 448//448 449//449 448//448 
f 449//449 450//450 448//448 
f 448//448 450//450 451//451 
f 450//450 452//452 451//451 
f 451//451 452//452 451//451 
f 452//452 419//419 451//451 
f 451//451 419//419 451//451 
f 419//419 418//418 451//451 
f 451//451 418//418 453//453 
f 418//418 424//424 453//453 
f 453//453 424//424 453//453 
f 424//424 428//428 453//453 
f 453//453 428//428 454//454 
f 428//428 437//437 454//454 
f 454//454 437//437 454//454 
f 437//437 440//440 454//454 
f 454//454 440//440 454//454 
f 440//440 444//444 454//454 
f 454//454 444//444 453//453 
f 444//444 448//448 453//453 
f 453//453 448//448 451//451 
f 448//448 451//451 451//451 
f 451//451 451//451 432//432 
f 451//451 432//432 432//432 
f 432//432 432//432 428//428 
f 432//432 437//437 428//428 
f 428//428 437//437 437//437 
f 437//437 164//164 437//437 
f 437//437 164//164 164//164 
f 164//164 185//185 164//164 
f 164//164 185//185 455//455 
f 185//185 456//456 455//455 
f 455//455 456//456 457//457 
f 456//456 458//458 457//457 
f 457//457 458//458 457//457 
f 458//458 459//459 457//457 
f 457//457 459//459 457//457 
f 459//459 460//460 457//457 
f 457//457 460//460 461//461 
f 460//460 462//462 461//461 
f 461//461 462//462 463//463 
f 462//462 462//462 463//463 
f 463//463 462//462 464//464 
f 462//462 462//462 464//464 
f 464//464 462//462 465//465 
f 462//462 466//466 465//465 
f 465//465 466//466 465//465 
f 466//466 467//467 465//465 
f 465//465 467//467 465//465 
f 467//467 468//468 465//465 
f 465//465 468//468 469//469 
f 468//468 470//470 469//469 
f 469//469 470//470 471//471 
f 470//470 470//470 471//471 
f 471//471 470//470 472//472 
f 470//470 470//470 472//472 
f 472//472 470//470 473//473 
f 470//470 474//474 473//473 
f 473//473 474//474 473//473 
f 474//474 475//475 473//473 
f 473//473 475//475 476//476 
f 475//475 477//477 476//476 
f 476//476 477//477 478//478 
f 477//477 477//477 478//478 
f 478//478 477//477 479//479 
f 477//477 480//480 479//479 
f 479//479 480//480 479//479 
f 480//480 481//481 479//479 
f 479//479 481//481 482//482 
f 481//481 483//483 482//482 
f 482//482 483//483 484//484 
f 483//483 483//483 484//484 
f 484//484 483//483 485//485 
f 483//483 486//486 485//485 
f 485//485 486//486 487//487 
f 486//486 486//486 487//487 
f 487//487 486//486 488//488 
f 486//486 489//489 488//488 
f 488//488 489//489 490//490 
f 489//489 491//491 490//490 
f 490//490 491//491 492//492 
f 491//491 493//493 492//492 
f 492//492 493//493 494//494 
f 493//493 495//495 494//494 
f 494//494 495//495 494//494 
f 495//495 496//496 494//494 
f 494//494 496//496 497//497 
f 496//496 498//498 497//497 
f 497//497 498//498 499//499 
f 498//498 500//500 499//499 
f 499//499 500//500 501//501 
f 500//500 502//502 501//501 
f 501//501 502//502 503//503 
f 502//502 502//502 503//503 
f 503//503 502//502 504//504 
f 502//502 502//502 504//504 
f 504//504 502//502 505//505 
f 502//502 502//502 505//505 
f 505//505 502//502 506//506 
f 502//502 507//507 506//506 
f 506//506 507//507 506//506 
f 507//507 508//508 506//506 
f 506//506 508//508 506//506 
f 508//508 509//509 506//506 
f 506//506 509//509 506//506 
f 509//509 510//510 506//506 
f 506//506 510//510 511//511 
f 510//510 512//512 511//511 
f 511//511 512//512 164//164 
f 512//512 513//513 164//164 
f 164//164 513//513 164//164 
f 513//513 514//514 164//164 
f 164//164 514//514 515//515 
f 514//514 516//516 515//515 
f 515//515 516//516 515//515 
f 516//516 517//517 515//515 
f 515//515 517//517 515//515 
f 517//517 518//518 515//515 
f 515//515 518//518 515//515 
f 518//518 519//519 515//515 
f 515//515 519//519 515//515 
f 519//519 520//520 515//515 
f 515//515 520//520 521//521 
f 520//520 522//522 521//521 
f 521//521 522//522 522//522 
f 522//522 491//491 522//522 
f 522//522 491//491 491//491 
f 491//491 489//489 491//491 
f 491//491 489//489 523//523 
f 489//489 523//523 523//523 
f 523//523 523//523 524//524 
f 523//523 524//524 524//524 
f 524//524 524//524 521//521 
f 524//524 525//525 521//521 
f 521//521 525//525 526//526 
f 525//525 527//527 526//526 
f 526//526 527//527 526//526 
f 527//527 528//528 526//526 
f 526//526 528//528 526//526 
f 528//528 529//529 526//526 
f 526//526 529//529 521//521 
f 529//529 515//515 521//521 
f 521//521 515//515 515//515 
f 515//515 524//524 515//515 
f 515//515 524//524 524//524 
f 524//524 530//530 524//524 
f 524//524 530//530 525//525 
f 530//530 530//530 525//525 
f 525//525 530//530 531//531 
f 530//530 532//532 531//531 
f 531//531 532//532 533//533 
f 532//532 534//534 533//533 
f 533//533 534//534 535//535 
f 534//534 536//536 535//535 
f 535//535 536//536 535//535 
f 536//536 537//537 535//535 
f 535//535 537//537 535//535 
f 537//537 538//538 535//535 
f 535//535 538//538 535//535 
f 538//538 539//539 535//535 
f 535//535 539//539 533//533 
f 539//539 540//540 533//533 
f 533//533 540//540 531//531 
f 540//540 541//541 531//531 
f 531//531 541//541 525//525 
f 541//541 542//542 525//525 
f 525//525 542//542 527//527 
f 542//542 543//543 527//527 
f 527//527 543//543 527//527 
f 543//543 544//544 527//527 
f 527//527 544//544 528//528 
f 544//544 545//545 528//528 
f 528//528 545//545 528//528 
f 545//545 546//546 528//528 
f 528//528 546//546 547//547 
f 546//546 548//548 547//547 
f 547//547 548//548 515//515 
f 548//548 386//386 515//515 
f 515//515 386//386 164//164 
f 386//386 164//164 164//164 
f 164//164 164//164 164//164 
f 164//164 164//164 164//164 
f 164//164 164//164 549//549 
f 164//164 550//550 549//549 
f 549//549 550//550 551//551 
f 550//550 551//551 551//551 
f 551//551 551//551 164//164 
f 551//551 164//164 164//164 
f 164//164 164//164 550//550 
f 164//164 552//552 550//550 
f 550//550 552//552 553//553 
f 552//552 554//554 553//553 
f 553//553 554//554 553//553 
f 554//554 555//555 553//553 
f 553//553 555//555 556//556 
f 555//555 557//557 556//556 
f 556//556 557//557 556//556 
f 557//557 558//558 556//556 
f 556//556 558//558 556//556 
f 558//558 559//559 556//556 
f 556//556 559//559 556//556 
f 559//559 560//560 556//556 
f 556//556 560//560 561//561 
f 560//560 562//562 561//561 
f 561//561 562//562 561//561 
f 562//562 563//563 561//561 
f 561//561 563//563 561//561 
f 563//563 564//564 561//561 
f 561//561 564//564 565//565 
f 564//564 566//566 565//565 
f 565//565 566//566 565//565 
f 566//566 567//567 565//565 
f 565//565 567//567 568//568 
f 567//567 479//479 568//568 
f 568//568 479//479 479//479 
f 479//479 553//553 479//479 
f 479//479 553//553 553//553 
f 553//553 556//556 553//553 
f 553//553 556//556 550//550 
f 556//556 550//550 550//550 
f 550//550 550//550 568//568 
f 550//550 568//568 568//568 
f 568//568 568//568 565//565 
f 568//568 569//569 565//565 
f 565//565 569//569 570//570 
f 569//569 571//571 570//570 
f 570//570 571//571 570//570 
f 571//571 572//572 570//570 
f 570//570 572//572 573//573 
f 572//572 574//574 573//573 
f 573//573 574//574 573//573 
f 574//574 490//490 573//573 
f 573//573 490//490 573//573 
f 490//490 575//575 573//573 
f 573//573 575//575 573//573 
f 575//575 576//576 573//573 
f 573//573 576//576 577//577 
f 576//576 578//578 577//577 
f 577//577 578//578 577//577 
f 578//578 579//579 577//577 
f 577//577 579//579 577//577 
f 579//579 580//580 577//577 
f 577//577 580//580 581//581 
f 580//580 582//582 581//581 
f 581//581 582//582 581//581 
f 582//582 583//583 581//581 
f 581//581 583//583 584//584 
f 583//583 585//585 584//584 
f 584//584 585//585 584//584 
f 585//585 551//551 584//584 
f 584//584 551//551 584//584 
f 551//551 550//550 584//584 
f 584//584 550//550 586//586 
f 550//550 556//556 586//586 
f 586//586 556//556 586//586 
f 556//556 561//561 586//586 
f 586//586 561//561 587//587 
f 561//561 570//570 587//587 
f 587//587 570//570 587//587 
f 570//570 573//573 587//587 
f 587//587 573//573 587//587 
f 573//573 577//577 587//587 
f 587//587 577//577 586//586 
f 577//577 581//581 586//586 
f 586//586 581//581 584//584 
f 581//581 584//584 584//584 
f 584//584 584//584 561//561 
f 584//584 561//561 561//561 
f 561//561 561//561 570//570 
f 561//561 565//565 570//570 
f 570//570 565//565 565//565 
f 565//565 545//545 565//565 
f 565//565 545//545 545//545 
f 545//545 544//544 545//545 
f 545//545 544//544 588//588 
f 544//544 589//589 588//588 
f 588//588 589//589 590//590 
f 589//589 591//591 590//590 
f 590//590 591//591 592//592 
f 591//591 593//593 592//592 
f 592//592 593//593 592//592 
f 593//593 594//594 592//592 
f 592//592 594//594 595//595 
f 594//594 596//596 595//595 
f 595//595 596//596 597//597 
f 596//596 598//598 597//597 
f 597//597 598//598 599//599 
f 598//598 600//600 599//599 
f 599//599 600//600 601//601 
f 600//600 602//602 601//601 
f 601//601 602//602 603//603 
f 602//602 604//604 603//603 
f 603//603 604//604 605//605 
f 604//604 606//606 605//605 
f 605//605 606//606 262//262 
f 606//606 263//263 262//262 
f 262//262 263//263 263//263 
f 263//263 544//544 263//263 
f 263//263 544//544 544//544 
f 544//544 543//543 544//544 
f 544//544 543//543 589//589 
f 543//543 589//589 589//589 
f 589//589 589//589 270//270 
f 589//589 270//270 270//270 
f 270//270 270//270 607//607 
f 270//270 263//263 607//607 
f 607//607 263//263 607//607 
f 263//263 608//608 607//607 
f 607//607 608//608 609//609 
f 608//608 604//604 609//609 
f 609//609 604//604 610//610 
f 604//604 602//602 610//610 
f 610//610 602//602 611//611 
f 602//602 600//600 611//611 
f 611//611 600//600 612//612 
f 600//600 613//613 612//612 
f 612//612 613//613 614//614 
f 613//613 596//596 614//614 
f 614//614 596//596 614//614 
f 596//596 594//594 614//614 
f 614//614 594//594 615//615 
f 594//594 594//594 615//615 
f 615//615 594//594 616//616 
f 594//594 617//617 616//616 
f 616//616 617//617 618//618 
f 617//617 617//617 618//618 
f 618//618 617//617 619//619 
f 617//617 617//617 619//619 
f 619//619 617//617 620//620 
f 617//617 621//621 620//620 
f 620//620 621//621 622//622 
f 621//621 621//621 622//622 
f 622//622 621//621 623//623 
f 621//621 621//621 623//623 
f 623//623 621//621 624//624 
f 621//621 625//625 624//624 
f 624//624 625//625 626//626 
f 625//625 625//625 626//626 
f 626//626 625//625 627//627 
f 625//625 625//625 627//627 
f 627//627 625//625 628//628 
f 625//625 629//629 628//628 
f 628//628 629//629 630//630 
f 629//629 631//631 630//630 
f 630//630 631//631 631//631 
f 631//631 632//632 631//631 
f 631//631 632//632 632//632 
f 632//632 270//270 632//632 
f 632//632 270//270 607//607 
f 270//270 607//607 607//607 
f 607//607 607//607 628//628 
f 607//607 628//628 628//628 
f 628//628 628//628 633//633 
f 628//628 634//634 633//633 
f 633//633 634//634 633//633 
f 634//634 635//635 633//633 
f 633//633 635//635 636//636 
f 635//635 635//635 636//636 
f 636//636 635//635 637//637 
f 635//635 638//638 637//637 
f 637//637 638//638 637//637 
f 638//638 639//639 637//637 
f 637//637 639//639 640//640 
f 639//639 641//641 640//640 
f 640//640 641//641 642//642 
f 641//641 641//641 642//642 
f 642//642 641//641 643//643 
f 641//641 644//644 643//643 
f 643//643 644//644 645//645 
f 644//644 645//645 645//645 
f 645//645 645//645 522//522 
f 645//645 522//522 522//522 
f 522//522 522//522 521//521 
f 522//522 646//646 521//521 
f 521//521 646//646 647//647 
f 646//646 648//648 647//647 
f 647//647 648//648 649//649 
f 648//648 650//650 649//649 
f 649//649 650//650 649//649 
f 650//650 651//651 649//649 
f 649//649 651//651 649//649 
f 651//651 652//652 649//649 
f 649//649 652//652 653//653 
f 652//652 654//654 653//653 
f 653//653 654//654 655//655 
f 654//654 656//656 655//655 
f 655//655 656//656 657//657 
f 656//656 658//658 657//657 
f 657//657 658//658 658//658 
f 658//658 659//659 658//658 
f 658//658 659//659 659//659 
f 659//659 660//660 659//659 
f 659//659 660//660 657//657 
f 660//660 661//661 657//657 
f 657//657 661//661 662//662 
f 661//661 663//663 662//662 
f 662//662 663//663 664//664 
f 663//663 665//665 664//664 
f 664//664 665//665 666//666 
f 665//665 665//665 666//666 
f 666//666 665//665 667//667 
f 665//665 668//668 667//667 
f 667//667 668//668 667//667 
f 668//668 669//669 667//667 
f 667//667 669//669 670//670 
f 669//669 671//671 670//670 
f 670//670 671//671 671//671 
f 671//671 672//672 671//671 
f 671//671 672//672 672//672 
f 672//672 673//673 672//672 
f 672//672 673//673 670//670 
f 673//673 674//674 670//670 
f 670//670 674//674 675//675 
f 674//674 674//674 675//675 
f 675//675 674//674 676//676 
f 674//674 674//674 676//676 
f 676//676 674//674 677//677 
f 674//674 678//678 677//677 
f 677//677 678//678 679//679 
f 678//678 680//680 679//679 
f 679//679 680//680 681//681 
f 680//680 680//680 681//681 
f 681//681 680//680 682//682 
f 680//680 680//680 682//682 
f 682//682 680//680 683//683 
f 680//680 680//680 683//683 
f 683//683 680//680 684//684 
f 680//680 680//680 684//684 
f 684//684 680//680 685//685 
f 680//680 686//686 685//685 
f 685//685 686//686 687//687 
f 686//686 686//686 687//687 
f 687//687 686//686 688//688 
f 686//686 686//686 688//688 
f 688//688 686//686 689//689 
f 686//686 686//686 689//689 
f 689//689 686//686 690//690 
f 686//686 686//686 690//690 
f 690//690 686//686 691//691 
f 686//686 594//594 691//691 
f 691//691 594//594 692//692 
f 594//594 593//593 692//692 
f 692//692 593//593 693//693 
f 593//593 694//694 693//693 
f 693//693 694//694 695//695 
f 694//694 589//589 695//695 
f 695//695 589//589 695//695 
f 589//589 543//543 695//695 
f 695//695 543//543 695//695 
f 543//543 542//542 695//695 
f 695//695 542//542 695//695 
f 542//542 696//696 695//695 
f 695//695 696//696 693//693 
f 696//696 697//697 693//693 
f 693//693 697//697 692//692 
f 697//697 692//692 692//692 
f 692//692 692//692 697//697 
f 692//692 697//697 697//697 
f 697//697 697//697 698//698 
f 697//697 696//696 698//698 
f 698//698 696//696 699//699 
f 696//696 696//696 699//699 
f 699//699 696//696 700//700 
f 696//696 701//701 700//700 
f 700//700 701//701 702//702 
f 701//701 701//701 702//702 
f 702//702 701//701 703//703 
f 701//701 704//704 703//703 
f 703//703 704//704 705//705 
f 704//704 704//704 705//705 
f 705//705 704//704 706//706 
f 704//704 707//707 706//706 
f 706//706 707//707 708//708 
f 707//707 707//707 708//708 
f 708//708 707//707 709//709 
f 707//707 538//538 709//709 
f 709//709 538//538 710//710 
f 538//538 538//538 710//710 
f 710//710 538//538 711//711 
f 538//538 712//712 711//711 
f 711//711 712//712 713//713 
f 712//712 712//712 713//713 
f 713//713 712//712 714//714 
f 712//712 715//715 714//714 
f 714//714 715//715 715//715 
f 715//715 696//696 715//715 
f 715//715 696//696 696//696 
f 696//696 542//542 696//696 
f 696//696 542//542 701//701 
f 542//542 701//701 701//701 
f 701//701 701//701 716//716 
f 701//701 716//716 716//716 
f 716//716 716//716 717//717 
f 716//716 712//712 717//717 
f 717//717 712//712 718//718 
f 712//712 712//712 718//718 
f 718//718 712//712 719//719 
f 712//712 712//712 719//719 
f 719//719 712//712 537//537 
f 712//712 538//538 537//537 
f 537//537 538//538 538//538 
f 538//538 538//538 538//538 
f 538//538 538//538 538//538 
f 538//538 707//707 538//538 
f 538//538 707//707 539//539 
f 707//707 707//707 539//539 
f 539//539 707//707 540//540 
f 707//707 704//704 540//540 
f 540//540 704//704 541//541 
f 704//704 701//701 541//541 
f 541//541 701//701 542//542 
f 701//701 542//542 542//542 
f 542//542 542//542 611//611 
f 542//542 611//611 611//611 
f 611//611 611//611 720//720 
f 611//611 612//612 720//720 
f 720//720 612//612 720//720 
f 612//612 614//614 720//720 
f 720//720 614//614 720//720 
f 614//614 721//721 720//720 
f 720//720 721//721 720//720 
f 721//721 722//722 720//720 
f 720//720 722//722 723//723 
f 722//722 724//724 723//723 
f 723//723 724//724 725//725 
f 724//724 726//726 725//725 
f 725//725 726//726 725//725 
f 726//726 727//727 725//725 
f 725//725 727//727 728//728 
f 727//727 729//729 728//728 
f 728//728 729//729 728//728 
f 729//729 730//730 728//728 
f 728//728 730//730 731//731 
f 730//730 732//732 731//731 
f 731//731 732//732 732//732 
f 732//732 731//731 732//732 
f 732//732 731//731 731//731 
f 731//731 733//733 731//731 
f 731//731 733//733 728//728 
f 733//733 733//733 728//728 
f 728//728 733//733 725//725 
f 733//733 734//734 725//725 
f 725//725 734//734 723//723 
f 734//734 735//735 723//723 
f 723//723 735//735 720//720 
f 735//735 736//736 720//720 
f 720//720 736//736 611//611 
f 736//736 736//736 611//611 
f 611//611 736//736 610//610 
f 736//736 736//736 610//610 
f 610//610 736//736 609//609 
f 736//736 737//737 609//609 
f 609//609 737//737 607//607 
f 737//737 737//737 607//607 
f 607//607 737//737 632//632 
f 737//737 737//737 632//632 
f 632//632 737//737 738//738 
f 737//737 737//737 738//738 
f 738//738 737//737 739//739 
f 737//737 740//740 739//739 
f 739//739 740//740 741//741 
f 740//740 740//740 741//741 
f 741//741 740//740 742//742 
f 740//740 740//740 742//742 
f 742//742 740//740 743//743 
f 740//740 744//744 743//743 
f 743//743 744//744 745//745 
f 744//744 746//746 745//745 
f 745//745 746//746 747//747 
f 746//746 747//747 747//747 
f 747//747 747//747 737//737 
f 747//747 737//737 737//737 
f 737//737 737//737 740//740 
f 737//737 736//736 740//740 
f 740//740 736//736 740//740 
f 736//736 735//735 740//740 
f 740//740 735//735 744//744 
f 735//735 734//734 744//744 
f 744//744 734//734 746//746 
f 734//734 733//733 746//746 
f 746//746 733//733 746//746 
f 733//733 731//731 746//746 
f 746//746 731//731 748//748 
f 731//731 731//731 748//748 
f 748//748 731//731 749//749 
f 731//731 731//731 749//749 
f 749//749 731//731 750//750 
f 731//731 751//751 750//750 
f 750//750 751//751 752//752 
f 751//751 751//751 752//752 
f 752//752 751//751 753//753 
f 751//751 751//751 753//753 
f 753//753 751//751 754//754 
f 751//751 755//755 754//754 
f 754//754 755//755 755//755 
f 755//755 756//756 755//755 
f 755//755 756//756 756//756 
f 756//756 746//746 756//756 
f 756//756 746//746 748//748 
f 746//746 748//748 748//748 
f 748//748 748//748 731//731 
f 748//748 731//731 731//731 
f 731//731 731//731 751//751 
f 731//731 732//732 751//751 
f 751//751 732//732 751//751 
f 732//732 757//757 751//751 
f 751//751 757//757 751//751 
f 757//757 758//758 751//751 
f 751//751 758//758 759//759 
f 758//758 759//759 759//759 
f 759//759 759//759 646//646 
f 759//759 646//646 646//646 
f 646//646 646//646 760//760 
f 646//646 522//522 760//760 
f 760//760 522//522 760//760 
f 522//522 761//761 760//760 
f 760//760 761//761 762//762 
f 761//761 761//761 762//762 
f 762//762 761//761 763//763 
f 761//761 764//764 763//763 
f 763//763 764//764 763//763 
f 764//764 765//765 763//763 
f 763//763 765//765 763//763 
f 765//765 766//766 763//763 
f 763//763 766//766 763//763 
f 766//766 767//767 763//763 
f 763//763 767//767 768//768 
f 767//767 769//769 768//768 
f 768//768 769//769 768//768 
f 769//769 770//770 768//768 
f 768//768 770//770 771//771 
f 770//770 772//772 771//771 
f 771//771 772//772 771//771 
f 772//772 773//773 771//771 
f 771//771 773//773 771//771 
f 773//773 774//774 771//771 
f 771//771 774//774 771//771 
f 774//774 775//775 771//771 
f 771//771 775//775 776//776 
f 775//775 777//777 776//776 
f 776//776 777//777 776//776 
f 777//777 778//778 776//776 
f 776//776 778//778 776//776 
f 778//778 779//779 776//776 
f 776//776 779//779 780//780 
f 779//779 781//781 780//780 
f 780//780 781//781 780//780 
f 781//781 782//782 780//780 
f 780//780 782//782 780//780 
f 782//782 783//783 780//780 
f 780//780 783//783 784//784 
f 783//783 783//783 784//784 
f 784//784 783//783 785//785 
f 783//783 783//783 785//785 
f 785//785 783//783 786//786 
f 783//783 787//787 786//786 
f 786//786 787//787 788//788 
f 787//787 787//787 788//788 
f 788//788 787//787 789//789 
f 787//787 790//790 789//789 
f 789//789 790//790 791//791 
f 790//790 790//790 791//791 
f 791//791 790//790 792//792 
f 790//790 790//790 792//792 
f 792//792 790//790 793//793 
f 790//790 794//794 793//793 
f 793//793 794//794 795//795 
f 794//794 796//796 795//795 
f 795//795 796//796 797//797 
f 796//796 798//798 797//797 
f 797//797 798//798 798//798 
f 798//798 794//794 798//798 
f 798//798 794//794 794//794 
f 794//794 799//799 794//794 
f 794//794 799//799 796//796 
f 799//799 799//799 796//796 
f 796//796 799//799 800//800 
f 799//799 799//799 800//800 
f 800//800 799//799 801//801 
f 799//799 799//799 801//801 
f 801//801 799//799 802//802 
f 799//799 803//803 802//802 
f 802//802 803//803 803//803 
f 803//803 797//797 803//803 
f 803//803 797//797 797//797 
f 797//797 804//804 797//797 
f 797//797 804//804 795//795 
f 804//804 804//804 795//795 
f 795//795 804//804 793//793 
f 804//804 804//804 793//793 
f 793//793 804//804 792//792 
f 804//804 805//805 792//792 
f 792//792 805//805 806//806 
f 805//805 807//807 806//806 
f 806//806 807//807 789//789 
f 807//807 807//807 789//789 
f 789//789 807//807 788//788 
f 807//807 808//808 788//788 
f 788//788 808//808 786//786 
f 808//808 808//808 786//786 
f 786//786 808//808 785//785 
f 808//808 809//809 785//785 
f 785//785 809//809 810//810 
f 809//809 776//776 810//810 
f 810//810 776//776 780//780 
f 776//776 780//780 780//780 
f 780//780 780//780 776//776 
f 780//780 776//776 776//776 
f 776//776 776//776 771//771 
f 776//776 809//809 771//771 
f 771//771 809//809 811//811 
f 809//809 808//808 811//811 
f 811//811 808//808 812//812 
f 808//808 807//807 812//812 
f 812//812 807//807 813//813 
f 807//807 805//805 813//813 
f 813//813 805//805 814//814 
f 805//805 804//804 814//814 
f 814//814 804//804 815//815 
f 804//804 797//797 815//815 
f 815//815 797//797 816//816 
f 797//797 797//797 816//816 
f 816//816 797//797 817//817 
f 797//797 798//798 817//817 
f 817//817 798//798 817//817 
f 798//798 801//801 817//817 
f 817//817 801//801 818//818 
f 801//801 819//819 818//818 
f 818//818 819//819 819//819 
f 819//819 811//811 819//819 
f 819//819 811//811 811//811 
f 811//811 768//768 811//811 
f 811//811 768//768 771//771 
f 768//768 771//771 771//771 
f 771//771 771//771 818//818 
f 771//771 818//818 818//818 
f 818//818 818//818 817//817 
f 818//818 820//820 817//817 
f 817//817 820//820 817//817 
f 820//820 821//821 817//817 
f 817//817 821//821 817//817 
f 821//821 822//822 817//817 
f 817//817 822//822 823//823 
f 822//822 824//824 823//823 
f 823//823 824//824 823//823 
f 824//824 825//825 823//823 
f 823//823 825//825 823//823 
f 825//825 826//826 823//823 
f 823//823 826//826 827//827 
f 826//826 828//828 827//827 
f 827//827 828//828 827//827 
f 828//828 829//829 827//827 
f 827//827 829//829 830//830 
f 829//829 831//831 830//830 
f 830//830 831//831 830//830 
f 831//831 832//832 830//830 
f 830//830 832//832 830//830 
f 832//832 833//833 830//830 
f 830//830 833//833 830//830 
f 833//833 760//760 830//830 
f 830//830 760//760 834//834 
f 760//760 762//762 834//834 
f 834//834 762//762 835//835 
f 762//762 836//836 835//835 
f 835//835 836//836 835//835 
f 836//836 837//837 835//835 
f 835//835 837//837 838//838 
f 837//837 839//839 838//838 
f 838//838 839//839 827//827 
f 839//839 839//839 827//827 
f 827//827 839//839 823//823 
f 839//839 816//816 823//823 
f 823//823 816//816 817//817 
f 816//816 817//817 817//817 
f 817//817 817//817 827//827 
f 817//817 827//827 827//827 
f 827//827 827//827 838//838 
f 827//827 830//830 838//838 
f 838//838 830//830 838//838 
f 830//830 834//834 838//838 
f 838//838 834//834 835//835 
f 834//834 835//835 835//835 
f 835//835 835//835 816//816 
f 835//835 816//816 816//816 
f 816//816 816//816 840//840 
f 816//816 839//839 840//840 
f 840//840 839//839 840//840 
f 839//839 837//837 840//840 
f 840//840 837//837 841//841 
f 837//837 836//836 841//841 
f 841//841 836//836 842//842 
f 836//836 762//762 842//842 
f 842//842 762//762 843//843 
f 762//762 844//844 843//843 
f 843//843 844//844 845//845 
f 844//844 846//846 845//845 
f 845//845 846//846 845//845 
f 846//846 847//847 845//845 
f 845//845 847//847 843//843 
f 847//847 848//848 843//843 
f 843//843 848//848 842//842 
f 848//848 848//848 842//842 
f 842//842 848//848 841//841 
f 848//848 849//849 841//841 
f 841//841 849//849 840//840 
f 849//849 815//815 840//840 
f 840//840 815//815 816//816 
f 815//815 816//816 816//816 
f 816//816 816//816 762//762 
f 816//816 762//762 762//762 
f 762//762 762//762 844//844 
f 762//762 763//763 844//844 
f 844//844 763//763 846//846 
f 763//763 846//846 846//846 
f 846//846 846//846 815//815 
f 846//846 815//815 815//815 
f 815//815 815//815 814//814 
f 815//815 849//849 814//814 
f 814//814 849//849 850//850 
f 849//849 848//848 850//850 
f 850//850 848//848 850//850 
f 848//848 847//847 850//850 
f 850//850 847//847 851//851 
f 847//847 846//846 851//851 
f 851//851 846//846 852//852 
f 846//846 763//763 852//852 
f 852//852 763//763 852//852 
f 763//763 768//768 852//852 
f 852//852 768//768 852//852 
f 768//768 811//811 852//852 
f 852//852 811//811 852//852 
f 811//811 812//812 852//852 
f 852//852 812//812 851//851 
f 812//812 813//813 851//851 
f 851//851 813//813 850//850 
f 813//813 814//814 850//850 
f 850//850 814//814 814//814 
f 814//814 184//184 814//814 
f 814//814 184//184 184//184 
f 184//184 853//853 184//184 
f 184//184 853//853 854//854 
f 853//853 855//855 854//854 
f 854//854 855//855 856//856 
f 855//855 855//855 856//856 
f 856//856 855//855 857//857 
f 855//855 855//855 857//857 
f 857//857 855//855 858//858 
f 855//855 859//859 858//858 
f 858//858 859//859 860//860 
f 859//859 859//859 860//860 
f 860//860 859//859 861//861 
f 859//859 862//862 861//861 
f 861//861 862//862 863//863 
f 862//862 862//862 863//863 
f 863//863 862//862 864//864 
f 862//862 862//862 864//864 
f 864//864 862//862 865//865 
f 862//862 866//866 865//865 
f 865//865 866//866 867//867 
f 866//866 868//868 867//867 
f 867//867 868//868 869//869 
f 868//868 869//869 869//869 
f 869//869 869//869 870//870 
f 869//869 870//870 870//870 
f 870//870 870//870 853//853 
f 870//870 855//855 853//853 
f 853//853 855//855 855//855 
f 855//855 870//870 855//855 
f 855//855 870//870 870//870 
f 870//870 871//871 870//870 
f 870//870 871//871 855//855 
f 871//871 872//872 855//855 
f 855//855 872//872 859//859 
f 872//872 873//873 859//859 
f 859//859 873//873 862//862 
f 873//873 874//874 862//862 
f 862//862 874//874 866//866 
f 874//874 868//868 866//866 
f 866//866 868//868 868//868 
f 868//868 871//871 868//868 
f 868//868 871//871 871//871 
f 871//871 875//875 871//871 
f 871//871 875//875 872//872 
f 875//875 876//876 872//872 
f 872//872 876//876 872//872 
f 876//876 877//877 872//872 
f 872//872 877//877 878//878 
f 877//877 879//879 878//878 
f 878//878 879//879 878//878 
f 879//879 880//880 878//878 
f 878//878 880//880 878//878 
f 880//880 881//881 878//878 
f 878//878 881//881 882//882 
f 881//881 883//883 882//882 
f 882//882 883//883 883//883 
f 883//883 872//872 883//883 
f 883//883 872//872 872//872 
f 872//872 878//878 872//872 
f 872//872 878//878 873//873 
f 878//878 878//878 873//873 
f 873//873 878//878 884//884 
f 878//878 885//885 884//884 
f 884//884 885//885 884//884 
f 885//885 886//886 884//884 
f 884//884 886//886 884//884 
f 886//886 887//887 884//884 
f 884//884 887//887 888//888 
f 887//887 889//889 888//888 
f 888//888 889//889 888//888 
f 889//889 890//890 888//888 
f 888//888 890//890 891//891 
f 890//890 892//892 891//891 
f 891//891 892//892 891//891 
f 892//892 893//893 891//891 
f 891//891 893//893 891//891 
f 893//893 894//894 891//891 
f 891//891 894//894 868//868 
f 894//894 895//895 868//868 
f 868//868 895//895 869//869 
f 895//895 869//869 869//869 
f 869//869 869//869 878//878 
f 869//869 878//878 878//878 
f 878//878 878//878 885//885 
f 878//878 882//882 885//885 
f 885//885 882//882 882//882 
f 882//882 891//891 882//882 
f 882//882 891//891 891//891 
f 891//891 868//868 891//891 
f 891//891 868//868 888//888 
f 868//868 874//874 888//888 
f 888//888 874//874 884//884 
f 874//874 873//873 884//884 
f 884//884 873//873 873//873 
f 873//873 894//894 873//873 
f 873//873 894//894 894//894 
f 894//894 896//896 894//894 
f 894//894 896//896 895//895 
f 896//896 897//897 895//895 
f 895//895 897//897 895//895 
f 897//897 898//898 895//895 
f 895//895 898//898 899//899 
f 898//898 899//899 899//899 
f 899//899 899//899 869//869 
f 899//899 869//869 869//869 
f 869//869 869//869 900//900 
f 869//869 895//895 900//900 
f 900//900 895//895 901//901 
f 895//895 902//902 901//901 
f 901//901 902//902 902//902 
f 902//902 903//903 902//902 
f 902//902 903//903 903//903 
f 903//903 904//904 903//903 
f 903//903 904//904 905//905 
f 904//904 906//906 905//905 
f 905//905 906//906 905//905 
f 906//906 907//907 905//905 
f 905//905 907//907 908//908 
f 907//907 909//909 908//908 
f 908//908 909//909 908//908 
f 909//909 910//910 908//908 
f 908//908 910//910 908//908 
f 910//910 911//911 908//908 
f 908//908 911//911 908//908 
f 911//911 912//912 908//908 
f 908//908 912//912 913//913 
f 912//912 914//914 913//913 
f 913//913 914//914 913//913 
f 914//914 915//915 913//913 
f 913//913 915//915 913//913 
f 915//915 916//916 913//913 
f 913//913 916//916 917//917 
f 916//916 918//918 917//917 
f 917//917 918//918 917//917 
f 918//918 919//919 917//917 
f 917//917 919//919 920//920 
f 919//919 921//921 920//920 
f 920//920 921//921 920//920 
f 921//921 922//922 920//920 
f 920//920 922//922 920//920 
f 922//922 923//923 920//920 
f 920//920 923//923 924//924 
f 923//923 923//923 924//924 
f 924//924 923//923 925//925 
f 923//923 926//926 925//925 
f 925//925 926//926 927//927 
f 926//926 926//926 927//927 
f 927//927 926//926 928//928 
f 926//926 929//929 928//928 
f 928//928 929//929 930//930 
f 929//929 929//929 930//930 
f 930//930 929//929 931//931 
f 929//929 929//929 931//931 
f 931//931 929//929 932//932 
f 929//929 933//933 932//932 
f 932//932 933//933 934//934 
f 933//933 933//933 934//934 
f 934//934 933//933 935//935 
f 933//933 936//936 935//935 
f 935//935 936//936 935//935 
f 936//936 937//937 935//935 
f 935//935 937//937 935//935 
f 937//937 938//938 935//935 
f 935//935 938//938 939//939 
f 938//938 938//938 939//939 
f 939//939 938//938 932//932 
f 938//938 940//940 932//932 
f 932//932 940//940 941//941 
f 940//940 942//942 941//941 
f 941//941 942//942 930//930 
f 942//942 943//943 930//930 
f 930//930 943//943 928//928 
f 943//943 943//943 928//928 
f 928//928 943//943 944//944 
f 943//943 943//943 944//944 
f 944//944 943//943 925//925 
f 943//943 945//945 925//925 
f 925//925 945//945 946//946 
f 945//945 917//917 946//946 
f 946//946 917//917 920//920 
f 917//917 920//920 920//920 
f 920//920 920//920 903//903 
f 920//920 903//903 903//903 
f 903//903 903//903 947//947 
f 903//903 905//905 947//947 
f 947//947 905//905 905//905 
f 905//905 917//917 905//905 
f 905//905 917//917 917//917 
f 917//917 945//945 917//917 
f 917//917 945//945 913//913 
f 945//945 948//948 913//913 
f 913//913 948//948 908//908 
f 948//948 949//949 908//908 
f 908//908 949//949 905//905 
f 949//949 950//950 905//905 
f 905//905 950//950 947//947 
f 950//950 950//950 947//947 
f 947//947 950//950 951//951 
f 950//950 952//952 951//951 
f 951//951 952//952 953//953 
f 952//952 953//953 953//953 
f 953//953 953//953 945//945 
f 953//953 945//945 945//945 
f 945//945 945//945 948//948 
f 945//945 943//943 948//948 
f 948//948 943//943 954//954 
f 943//943 942//942 954//954 
f 954//954 942//942 955//955 
f 942//942 940//940 955//955 
f 955//955 940//940 956//956 
f 940//940 938//938 956//956 
f 956//956 938//938 938//938 
f 938//938 948//948 938//938 
f 938//938 948//948 948//948 
f 948//948 954//954 948//948 
f 948//948 954//954 949//949 
f 954//954 957//957 949//949 
f 949//949 957//957 950//950 
f 957//957 957//957 950//950 
f 950//950 957//957 952//952 
f 957//957 958//958 952//952 
f 952//952 958//958 952//952 
f 958//958 959//959 952//952 
f 952//952 959//959 953//953 
f 959//959 959//959 953//953 
f 953//953 959//959 960//960 
f 959//959 961//961 960//960 
f 960//960 961//961 962//962 
f 961//961 962//962 962//962 
f 962//962 962//962 954//954 
f 962//962 954//954 954//954 
f 954//954 954//954 957//957 
f 954//954 955//955 957//957 
f 957//957 955//955 958//958 
f 955//955 956//956 958//958 
f 958//958 956//956 963//963 
f 956//956 964//964 963//963 
f 963//963 964//964 963//963 
f 964//964 965//965 963//963 
f 963//963 965//965 961//961 
f 965//965 966//966 961//961 
f 961//961 966//966 962//962 
f 966//966 966//966 962//962 
f 962//962 966//966 967//967 
f 966//966 968//968 967//967 
f 967//967 968//968 969//969 
f 968//968 969//969 969//969 
f 969//969 969//969 961//961 
f 969//969 961//961 961//961 
f 961//961 961//961 963//963 
f 961//961 959//959 963//963 
f 963//963 959//959 958//958 
f 959//959 958//958 958//958 
f 958//958 958//958 956//956 
f 958//958 956//956 956//956 
f 956//956 956//956 964//964 
f 956//956 938//938 964//964 
f 964//964 938//938 938//938 
f 938//938 968//968 938//938 
f 938//938 968//968 968//968 
f 968//968 966//966 968//968 
f 968//968 966//966 970//970 
f 966//966 966//966 970//970 
f 970//970 966//966 971//971 
f 966//966 966//966 971//971 
f 971//971 966//966 972//972 
f 966//966 965//965 972//972 
f 972//972 965//965 973//973 
f 965//965 965//965 973//973 
f 973//973 965//965 974//974 
f 965//965 965//965 974//974 
f 974//974 965//965 975//975 
f 965//965 964//964 975//975 
f 975//975 964//964 976//976 
f 964//964 964//964 976//976 
f 976//976 964//964 977//977 
f 964//964 964//964 977//977 
f 977//977 964//964 978//978 
f 964//964 938//938 978//978 
f 978//978 938//938 979//979 
f 938//938 938//938 979//979 
f 979//979 938//938 980//980 
f 938//938 938//938 980//980 
f 980//980 938//938 981//981 
f 938//938 937//937 981//981 
f 981//981 937//937 937//937 
f 937//937 982//982 937//937 
f 937//937 982//982 982//982 
f 982//982 983//983 982//982 
f 982//982 983//983 984//984 
f 983//983 983//983 984//984 
f 984//984 983//983 985//985 
f 983//983 986//986 985//985 
f 985//985 986//986 987//987 
f 986//986 988//988 987//987 
f 987//987 988//988 989//989 
f 988//988 988//988 989//989 
f 989//989 988//988 990//990 
f 988//988 991//991 990//990 
f 990//990 991//991 992//992 
f 991//991 993//993 992//992 
f 992//992 993//993 994//994 
f 993//993 995//995 994//994 
f 994//994 995//995 995//995 
f 995//995 996//996 995//995 
f 995//995 996//996 996//996 
f 996//996 997//997 996//996 
f 996//996 997//997 998//998 
f 997//997 999//999 998//998 
f 998//998 999//999 998//998 
f 999//999 1000//1000 998//998 
f 998//998 1000//1000 1001//1001 
f 1000//1000 1001//1001 1001//1001 
f 1001//1001 1001//1001 1002//1002 
f 1001//1001 1002//1002 1002//1002 
f 1002//1002 1002//1002 1003//1003 
f 1002//1002 1004//1004 1003//1003 
f 1003//1003 1004//1004 1005//1005 
f 1004//1004 1005//1005 1005//1005 
f 1005//1005 1005//1005 1006//1006 
f 1005//1005 1006//1006 1006//1006 
f 1006//1006 1006//1006 1007//1007 
f 1006//1006 1008//1008 1007//1007 
f 1007//1007 1008//1008 1009//1009 
f 1008//1008 1008//1008 1009//1009 
f 1009//1009 1008//1008 1010//1010 
f 1008//1008 1011//1011 1010//1010 
f 1010//1010 1011//1011 1012//1012 
f 1011//1011 1013//1013 1012//1012 
f 1012//1012 1013//1013 1014//1014 
f 1013//1013 1015//1015 1014//1014 
f 1014//1014 1015//1015 1016//1016 
f 1015//1015 1017//1017 1016//1016 
f 1016//1016 1017//1017 1018//1018 
f 1017//1017 1019//1019 1018//1018 
f 1018//1018 1019//1019 1020//1020 
f 1019//1019 1019//1019 1020//1020 
f 1020//1020 1019//1019 1021//1021 
f 1019//1019 1022//1022 1021//1021 
f 1021//1021 1022//1022 1023//1023 
f 1022//1022 1023//1023 1023//1023 
f 1023//1023 1023//1023 1011//1011 
f 1023//1023 1011//1011 1011//1011 
f 1011//1011 1011//1011 1024//1024 
f 1011//1011 1008//1008 1024//1024 
f 1024//1024 1008//1008 1025//1025 
f 1008//1008 1025//1025 1025//1025 
f 1025//1025 1025//1025 1026//1026 
f 1025//1025 1026//1026 1026//1026 
f 1026//1026 1026//1026 1027//1027 
f 1026//1026 1028//1028 1027//1027 
f 1027//1027 1028//1028 1029//1029 
f 1028//1028 1030//1030 1029//1029 
f 1029//1029 1030//1030 1029//1029 
f 1030//1030 1031//1031 1029//1029 
f 1029//1029 1031//1031 1032//1032 
f 1031//1031 1033//1033 1032//1032 
f 1032//1032 1033//1033 1034//1034 
f 1033//1033 1035//1035 1034//1034 
f 1034//1034 1035//1035 1036//1036 
f 1035//1035 1037//1037 1036//1036 
f 1036//1036 1037//1037 1038//1038 
f 1037//1037 1039//1039 1038//1038 
f 1038//1038 1039//1039 1040//1040 
f 1039//1039 1040//1040 1040//1040 
f 1040//1040 1040//1040 1041//1041 
f 1040//1040 1041//1041 1041//1041 
f 1041//1041 1041//1041 1042//1042 
f 1041//1041 1039//1039 1042//1042 
f 1042//1042 1039//1039 1042//1042 
f 1039//1039 1043//1043 1042//1042 
f 1042//1042 1043//1043 1044//1044 
f 1043//1043 1045//1045 1044//1044 
f 1044//1044 1045//1045 1046//1046 
f 1045//1045 1047//1047 1046//1046 
f 1046//1046 1047//1047 1048//1048 
f 1047//1047 1049//1049 1048//1048 
f 1048//1048 1049//1049 1050//1050 
f 1049//1049 1049//1049 1050//1050 
f 1050//1050 1049//1049 1051//1051 
f 1049//1049 1052//1052 1051//1051 
f 1051//1051 1052//1052 1051//1051 
f 1052//1052 1053//1053 1051//1051 
f 1051//1051 1053//1053 1054//1054 
f 1053//1053 1054//1054 1054//1054 
f 1054//1054 1054//1054 1055//1055 
f 1054//1054 1055//1055 1055//1055 
f 1055//1055 1055//1055 1056//1056 
f 1055//1055 1057//1057 1056//1056 
f 1056//1056 1057//1057 1056//1056 
f 1057//1057 1058//1058 1056//1056 
f 1056//1056 1058//1058 1059//1059 
f 1058//1058 1060//1060 1059//1059 
f 1059//1059 1060//1060 1061//1061 
f 1060//1060 1060//1060 1061//1061 
f 1061//1061 1060//1060 1062//1062 
f 1060//1060 1060//1060 1062//1062 
f 1062//1062 1060//1060 1063//1063 
f 1060//1060 1064//1064 1063//1063 
f 1063//1063 1064//1064 1065//1065 
f 1064//1064 1066//1066 1065//1065 
f 1065//1065 1066//1066 1065//1065 
f 1066//1066 1067//1067 1065//1065 
f 1065//1065 1067//1067 1068//1068 
f 1067//1067 1067//1067 1068//1068 
f 1068//1068 1067//1067 1069//1069 
f 1067//1067 1070//1070 1069//1069 
f 1069//1069 1070//1070 1070//1070 
f 1070//1070 1070//1070 1070//1070 
f 1070//1070 1070//1070 1070//1070 
f 1070//1070 1071//1071 1070//1070 
f 1070//1070 1071//1071 1072//1072 
f 1071//1071 1073//1073 1072//1072 
f 1072//1072 1073//1073 1072//1072 
f 1073//1073 1074//1074 1072//1072 
f 1072//1072 1074//1074 1075//1075 
f 1074//1074 1075//1075 1075//1075 
f 1075//1075 1075//1075 1076//1076 
f 1075//1075 1076//1076 1076//1076 
f 1076//1076 1076//1076 1075//1075 
f 1076//1076 1077//1077 1075//1075 
f 1075//1075 1077//1077 1078//1078 
f 1077//1077 1077//1077 1078//1078 
f 1078//1078 1077//1077 1079//1079 
f 1077//1077 1080//1080 1079//1079 
f 1079//1079 1080//1080 1080//1080 
f 1080//1080 1081//1081 1080//1080 
f 1080//1080 1081//1081 1081//1081 
f 1081//1081 1082//1082 1081//1081 
f 1081//1081 1082//1082 1083//1083 
f 1082//1082 1082//1082 1083//1083 
f 1083//1083 1082//1082 1084//1084 
f 1082//1082 1082//1082 1084//1084 
f 1084//1084 1082//1082 1085//1085 
f 1082//1082 1086//1086 1085//1085 
f 1085//1085 1086//1086 1087//1087 
f 1086//1086 1088//1088 1087//1087 
f 1087//1087 1088//1088 1089//1089 
f 1088//1088 1090//1090 1089//1089 
f 1089//1089 1090//1090 1091//1091 
f 1090//1090 1090//1090 1091//1091 
f 1091//1091 1090//1090 1092//1092 
f 1090//1090 1093//1093 1092//1092 
f 1092//1092 1093//1093 1092//1092 
f 1093//1093 1094//1094 1092//1092 
f 1092//1092 1094//1094 1092//1092 
f 1094//1094 1095//1095 1092//1092 
f 1092//1092 1095//1095 1092//1092 
f 1095//1095 1096//1096 1092//1092 
f 1092//1092 1096//1096 1092//1092 
f 1096//1096 1097//1097 1092//1092 
f 1092//1092 1097//1097 1098//1098 
f 1097//1097 1097//1097 1098//1098 
f 1098//1098 1097//1097 1099//1099 
f 1097//1097 1100//1100 1099//1099 
f 1099//1099 1100//1100 1100//1100 
f 1100//1100 1089//1089 1100//1100 
f 1100//1100 1089//1089 1089//1089 
f 1089//1089 1091//1091 1089//1089 
f 1089//1089 1091//1091 1101//1101 
f 1091//1091 1091//1091 1101//1101 
f 1101//1101 1091//1091 1102//1102 
f 1091//1091 1091//1091 1102//1102 
f 1102//1102 1091//1091 1103//1103 
f 1091//1091 1104//1104 1103//1103 
f 1103//1103 1104//1104 1104//1104 
f 1104//1104 1093//1093 1104//1104 
f 1104//1104 1093//1093 1093//1093 
f 1093//1093 1090//1090 1093//1093 
f 1093//1093 1090//1090 1105//1105 
f 1090//1090 1090//1090 1105//1105 
f 1105//1105 1090//1090 1106//1106 
f 1090//1090 1107//1107 1106//1106 
f 1106//1106 1107//1107 1108//1108 
f 1107//1107 1107//1107 1108//1108 
f 1108//1108 1107//1107 1109//1109 
f 1107//1107 1107//1107 1109//1109 
f 1109//1109 1107//1107 1110//1110 
f 1107//1107 1107//1107 1110//1110 
f 1110//1110 1107//1107 1111//1111 
f 1107//1107 1107//1107 1111//1111 
f 1111//1111 1107//1107 1112//1112 
f 1107//1107 1113//1113 1112//1112 
f 1112//1112 1113//1113 1112//1112 
f 1113//1113 1114//1114 1112//1112 
f 1112//1112 1114//1114 1115//1115 
f 1114//1114 1114//1114 1115//1115 
f 1115//1115 1114//1114 1116//1116 
f 1114//1114 1117//1117 1116//1116 
f 1116//1116 1117//1117 1117//1117 
f 1117//1117 1118//1118 1117//1117 
f 1117//1117 1118//1118 1118//1118 
f 1118//1118 1107//1107 1118//1118 
f 1118//1118 1107//1107 1090//1090 
f 1107//1107 1090//1090 1090//1090 
f 1090//1090 1090//1090 1119//1119 
f 1090//1090 1119//1119 1119//1119 
f 1119//1119 1119//1119 1120//1120 
f 1119//1119 1121//1121 1120//1120 
f 1120//1120 1121//1121 1122//1122 
f 1121//1121 1123//1123 1122//1122 
f 1122//1122 1123//1123 1122//1122 
f 1123//1123 1124//1124 1122//1122 
f 1122//1122 1124//1124 1122//1122 
f 1124//1124 1125//1125 1122//1122 
f 1122//1122 1125//1125 1122//1122 
f 1125//1125 1126//1126 1122//1122 
f 1122//1122 1126//1126 1122//1122 
f 1126//1126 1127//1127 1122//1122 
f 1122//1122 1127//1127 1122//1122 
f 1127//1127 1128//1128 1122//1122 
f 1122//1122 1128//1128 1122//1122 
f 1128//1128 1129//1129 1122//1122 
f 1122//1122 1129//1129 1122//1122 
f 1129//1129 1130//1130 1122//1122 
f 1122//1122 1130//1130 1131//1131 
f 1130//1130 1131//1131 1131//1131 
f 1131//1131 1131//1131 1132//1132 
f 1131//1131 1132//1132 1132//1132 
f 1132//1132 1132//1132 1133//1133 
f 1132//1132 1134//1134 1133//1133 
f 1133//1133 1134//1134 1135//1135 
f 1134//1134 1136//1136 1135//1135 
f 1135//1135 1136//1136 1136//1136 
f 1136//1136 1133//1133 1136//1136 
f 1136//1136 1133//1133 1133//1133 
f 1133//1133 1135//1135 1133//1133 
f 1133//1133 1135//1135 1137//1137 
f 1135//1135 1138//1138 1137//1137 
f 1137//1137 1138//1138 1139//1139 
f 1138//1138 1140//1140 1139//1139 
f 1139//1139 1140//1140 1140//1140 
f 1140//1140 1139//1139 1140//1140 
f 1140//1140 1139//1139 1139//1139 
f 1139//1139 1141//1141 1139//1139 
f 1139//1139 1141//1141 1137//1137 
f 1141//1141 1137//1137 1137//1137 
f 1137//1137 1137//1137 1142//1142 
f 1137//1137 1142//1142 1142//1142 
f 1142//1142 1142//1142 1143//1143 
f 1142//1142 1144//1144 1143//1143 
f 1143//1143 1144//1144 1145//1145 
f 1144//1144 1144//1144 1145//1145 
f 1145//1145 1144//1144 1146//1146 
f 1144//1144 1144//1144 1146//1146 
f 1146//1146 1144//1144 1147//1147 
f 1144//1144 1144//1144 1147//1147 
f 1147//1147 1144//1144 1148//1148 
f 1144//1144 1144//1144 1148//1148 
f 1148//1148 1144//1144 1149//1149 
f 1144//1144 1144//1144 1149//1149 
f 1149//1149 1144//1144 1150//1150 
f 1144//1144 1144//1144 1150//1150 
f 1150//1150 1144//1144 1151//1151 
f 1144//1144 1144//1144 1151//1151 
f 1151//1151 1144//1144 1152//1152 
f 1144//1144 1144//1144 1152//1152 
f 1152//1152 1144//1144 1153//1153 
f 1144//1144 1154//1154 1153//1153 
f 1153//1153 1154//1154 1155//1155 
f 1154//1154 1155//1155 1155//1155 
f 1155//1155 1155//1155 1154//1154 
f 1155//1155 1154//1154 1154//1154 
f 1154//1154 1154//1154 1156//1156 
f 1154//1154 1144//1144 1156//1156 
f 1156//1156 1144//1144 1156//1156 
f 1144//1144 1157//1157 1156//1156 
f 1156//1156 1157//1157 1158//1158 
f 1157//1157 1157//1157 1158//1158 
f 1158//1158 1157//1157 1159//1159 
f 1157//1157 1157//1157 1159//1159 
f 1159//1159 1157//1157 1160//1160 
f 1157//1157 1157//1157 1160//1160 
f 1160//1160 1157//1157 1161//1161 
f 1157//1157 1162//1162 1161//1161 
f 1161//1161 1162//1162 1163//1163 
f 1162//1162 1162//1162 1163//1163 
f 1163//1163 1162//1162 1164//1164 
f 1162//1162 1162//1162 1164//1164 
f 1164//1164 1162//1162 1165//1165 
f 1162//1162 1162//1162 1165//1165 
f 1165//1165 1162//1162 1166//1166 
f 1162//1162 1167//1167 1166//1166 
f 1166//1166 1167//1167 1167//1167 
f 1167//1167 1168//1168 1167//1167 
f 1167//1167 1168//1168 1168//1168 
f 1168//1168 1156//1156 1168//1168 
f 1168//1168 1156//1156 1158//1158 
f 1156//1156 1158//1158 1158//1158 
f 1158//1158 1158//1158 1169//1169 
f 1158//1158 1169//1169 1169//1169 
f 1169//1169 1169//1169 1170//1170 
f 1169//1169 1171//1171 1170//1170 
f 1170//1170 1171//1171 1170//1170 
f 1171//1171 1172//1172 1170//1170 
f 1170//1170 1172//1172 1173//1173 
f 1172//1172 1172//1172 1173//1173 
f 1173//1173 1172//1172 1174//1174 
f 1172//1172 1172//1172 1174//1174 
f 1174//1174 1172//1172 1175//1175 
f 1172//1172 1176//1176 1175//1175 
f 1175//1175 1176//1176 1177//1177 
f 1176//1176 1177//1177 1177//1177 
f 1177//1177 1177//1177 1176//1176 
f 1177//1177 1176//1176 1176//1176 
f 1176//1176 1176//1176 1178//1178 
f 1176//1176 1179//1179 1178//1178 
f 1178//1178 1179//1179 1180//1180 
f 1179//1179 1180//1180 1180//1180 
f 1180//1180 1180//1180 1181//1181 
f 1180//1180 1181//1181 1181//1181 
f 1181//1181 1181//1181 1182//1182 
f 1181//1181 1183//1183 1182//1182 
f 1182//1182 1183//1183 1182//1182 
f 1183//1183 1184//1184 1182//1182 
f 1182//1182 1184//1184 1182//1182 
f 1184//1184 1185//1185 1182//1182 
f 1182//1182 1185//1185 1186//1186 
f 1185//1185 1185//1185 1186//1186 
f 1186//1186 1185//1185 1187//1187 
f 1185//1185 1188//1188 1187//1187 
f 1187//1187 1188//1188 1188//1188 
f 1188//1188 1189//1189 1188//1188 
f 1188//1188 1189//1189 1189//1189 
f 1189//1189 1190//1190 1189//1189 
f 1189//1189 1190//1190 1191//1191 
f 1190//1190 1192//1192 1191//1191 
f 1191//1191 1192//1192 1193//1193 
f 1192//1192 1194//1194 1193//1193 
f 1193//1193 1194//1194 1193//1193 
f 1194//1194 1195//1195 1193//1193 
f 1193//1193 1195//1195 1196//1196 
f 1195//1195 1197//1197 1196//1196 
f 1196//1196 1197//1197 1196//1196 
f 1197//1197 1198//1198 1196//1196 
f 1196//1196 1198//1198 1199//1199 
f 1198//1198 1200//1200 1199//1199 
f 1199//1199 1200//1200 1199//1199 
f 1200//1200 1201//1201 1199//1199 
f 1199//1199 1201//1201 1199//1199 
f 1201//1201 1193//1193 1199//1199 
f 1199//1199 1193//1193 1196//1196 
f 1193//1193 1196//1196 1196//1196 
f 1196//1196 1196//1196 1197//1197 
f 1196//1196 1197//1197 1197//1197 
f 1197//1197 1197//1197 1202//1202 
f 1197//1197 1195//1195 1202//1202 
f 1202//1202 1195//1195 1203//1203 
f 1195//1195 1194//1194 1203//1203 
f 1203//1203 1194//1194 1204//1204 
f 1194//1194 1205//1205 1204//1204 
f 1204//1204 1205//1205 1206//1206 
f 1205//1205 1207//1207 1206//1206 
f 1206//1206 1207//1207 1206//1206 
f 1207//1207 1208//1208 1206//1206 
f 1206//1206 1208//1208 1202//1202 
f 1208//1208 1209//1209 1202//1202 
f 1202//1202 1209//1209 1197//1197 
f 1209//1209 1209//1209 1197//1197 
f 1197//1197 1209//1209 1198//1198 
f 1209//1209 1209//1209 1198//1198 
f 1198//1198 1209//1209 1210//1210 
f 1209//1209 1209//1209 1210//1210 
f 1210//1210 1209//1209 1211//1211 
f 1209//1209 1212//1212 1211//1211 
f 1211//1211 1212//1212 1212//1212 
f 1212//1212 1203//1203 1212//1212 
f 1212//1212 1203//1203 1203//1203 
f 1203//1203 1204//1204 1203//1203 
f 1203//1203 1204//1204 1202//1202 
f 1204//1204 1206//1206 1202//1202 
f 1202//1202 1206//1206 1206//1206 
f 1206//1206 1194//1194 1206//1206 
f 1206//1206 1194//1194 1194//1194 
f 1194//1194 1213//1213 1194//1194 
f 1194//1194 1213//1213 1205//1205 
f 1213//1213 1213//1213 1205//1205 
f 1205//1205 1213//1213 1207//1207 
f 1213//1213 1214//1214 1207//1207 
f 1207//1207 1214//1214 1207//1207 
f 1214//1214 1215//1215 1207//1207 
f 1207//1207 1215//1215 1208//1208 
f 1215//1215 1216//1216 1208//1208 
f 1208//1208 1216//1216 1209//1209 
f 1216//1216 1209//1209 1209//1209 
f 1209//1209 1209//1209 1214//1214 
f 1209//1209 1214//1214 1214//1214 
f 1214//1214 1214//1214 1217//1217 
f 1214//1214 1213//1213 1217//1217 
f 1217//1217 1213//1213 1217//1217 
f 1213//1213 1194//1194 1217//1217 
f 1217//1217 1194//1194 1217//1217 
f 1194//1194 1218//1218 1217//1217 
f 1217//1217 1218//1218 1214//1214 
f 1218//1218 1219//1219 1214//1214 
f 1214//1214 1219//1219 1220//1220 
f 1219//1219 1219//1219 1220//1220 
f 1220//1220 1219//1219 1221//1221 
f 1219//1219 1219//1219 1221//1221 
f 1221//1221 1219//1219 1222//1222 
f 1219//1219 1218//1218 1222//1222 
f 1222//1222 1218//1218 1223//1223 
f 1218//1218 1218//1218 1223//1223 
f 1223//1223 1218//1218 1224//1224 
f 1218//1218 1194//1194 1224//1224 
f 1224//1224 1194//1194 1225//1225 
f 1194//1194 1226//1226 1225//1225 
f 1225//1225 1226//1226 1226//1226 
f 1226//1226 1220//1220 1226//1226 
f 1226//1226 1220//1220 1220//1220 
f 1220//1220 1215//1215 1220//1220 
f 1220//1220 1215//1215 1214//1214 
f 1215//1215 1214//1214 1214//1214 
f 1214//1214 1214//1214 1224//1224 
f 1214//1214 1224//1224 1224//1224 
f 1224//1224 1224//1224 1227//1227 
f 1224//1224 1225//1225 1227//1227 
f 1227//1227 1225//1225 1227//1227 
f 1225//1225 1228//1228 1227//1227 
f 1227//1227 1228//1228 1229//1229 
f 1228//1228 1230//1230 1229//1229 
f 1229//1229 1230//1230 1229//1229 
f 1230//1230 1231//1231 1229//1229 
f 1229//1229 1231//1231 1229//1229 
f 1231//1231 1232//1232 1229//1229 
f 1229//1229 1232//1232 1233//1233 
f 1232//1232 1232//1232 1233//1233 
f 1233//1233 1232//1232 1234//1234 
f 1232//1232 1232//1232 1234//1234 
f 1234//1234 1232//1232 1235//1235 
f 1232//1232 1236//1236 1235//1235 
f 1235//1235 1236//1236 1237//1237 
f 1236//1236 1238//1238 1237//1237 
f 1237//1237 1238//1238 1237//1237 
f 1238//1238 1239//1239 1237//1237 
f 1237//1237 1239//1239 1240//1240 
f 1239//1239 1239//1239 1240//1240 
f 1240//1240 1239//1239 1241//1241 
f 1239//1239 1242//1242 1241//1241 
f 1241//1241 1242//1242 1243//1243 
f 1242//1242 1244//1244 1243//1243 
f 1243//1243 1244//1244 1245//1245 
f 1244//1244 1246//1246 1245//1245 
f 1245//1245 1246//1246 1246//1246 
f 1246//1246 1247//1247 1246//1246 
f 1246//1246 1247//1247 1247//1247 
f 1247//1247 1198//1198 1247//1247 
f 1247//1247 1198//1198 1248//1248 
f 1198//1198 1249//1249 1248//1248 
f 1248//1248 1249//1249 1249//1249 
f 1249//1249 1220//1220 1249//1249 
f 1249//1249 1220//1220 1220//1220 
f 1220//1220 1250//1250 1220//1220 
f 1220//1220 1250//1250 1215//1215 
f 1250//1250 1251//1251 1215//1215 
f 1215//1215 1251//1251 1252//1252 
f 1251//1251 1253//1253 1252//1252 
f 1252//1252 1253//1253 1252//1252 
f 1253//1253 1254//1254 1252//1252 
f 1252//1252 1254//1254 1252//1252 
f 1254//1254 1255//1255 1252//1252 
f 1252//1252 1255//1255 1256//1256 
f 1255//1255 1257//1257 1256//1256 
f 1256//1256 1257//1257 1257//1257 
f 1257//1257 1215//1215 1257//1257 
f 1257//1257 1215//1215 1215//1215 
f 1215//1215 1252//1252 1215//1215 
f 1215//1215 1252//1252 1216//1216 
f 1252//1252 1258//1258 1216//1216 
f 1216//1216 1258//1258 1216//1216 
f 1258//1258 1259//1259 1216//1216 
f 1216//1216 1259//1259 1260//1260 
f 1259//1259 1261//1261 1260//1260 
f 1260//1260 1261//1261 1260//1260 
f 1261//1261 1262//1262 1260//1260 
f 1260//1260 1262//1262 1260//1260 
f 1262//1262 1263//1263 1260//1260 
f 1260//1260 1263//1263 1260//1260 
f 1263//1263 1264//1264 1260//1260 
f 1260//1260 1264//1264 1260//1260 
f 1264//1264 1265//1265 1260//1260 
f 1260//1260 1265//1265 1260//1260 
f 1265//1265 1266//1266 1260//1260 
f 1260//1260 1266//1266 1260//1260 
f 1266//1266 1209//1209 1260//1260 
f 1260//1260 1209//1209 1216//1216 
f 1209//1209 1216//1216 1216//1216 
f 1216//1216 1216//1216 1256//1256 
f 1216//1216 1256//1256 1256//1256 
f 1256//1256 1256//1256 1252//1252 
f 1256//1256 1267//1267 1252//1252 
f 1252//1252 1267//1267 1258//1258 
f 1267//1267 1258//1258 1258//1258 
f 1258//1258 1258//1258 1225//1225 
f 1258//1258 1225//1225 1225//1225 
f 1225//1225 1225//1225 1268//1268 
f 1225//1225 1269//1269 1268//1268 
f 1268//1268 1269//1269 1270//1270 
f 1269//1269 1271//1271 1270//1270 
f 1270//1270 1271//1271 1272//1272 
f 1271//1271 1271//1271 1272//1272 
f 1272//1272 1271//1271 1273//1273 
f 1271//1271 1274//1274 1273//1273 
f 1273//1273 1274//1274 1275//1275 
f 1274//1274 1275//1275 1275//1275 
f 1275//1275 1275//1275 1225//1225 
f 1275//1275 1225//1225 1225//1225 
f 1225//1225 1225//1225 1269//1269 
f 1225//1225 1226//1226 1269//1269 
f 1269//1269 1226//1226 1276//1276 
f 1226//1226 1277//1277 1276//1276 
f 1276//1276 1277//1277 1274//1274 
f 1277//1277 1277//1277 1274//1274 
f 1274//1274 1277//1277 1278//1278 
f 1277//1277 1279//1279 1278//1278 
f 1278//1278 1279//1279 1280//1280 
f 1279//1279 1226//1226 1280//1280 
f 1280//1280 1226//1226 1280//1280 
f 1226//1226 1281//1281 1280//1280 
f 1280//1280 1281//1281 1280//1280 
f 1281//1281 1282//1282 1280//1280 
f 1280//1280 1282//1282 1278//1278 
f 1282//1282 1283//1283 1278//1278 
f 1278//1278 1283//1283 1274//1274 
f 1283//1283 1284//1284 1274//1274 
f 1274//1274 1284//1284 1275//1275 
f 1284//1284 1284//1284 1275//1275 
f 1275//1275 1284//1284 1285//1285 
f 1284//1284 1284//1284 1285//1285 
f 1285//1285 1284//1284 1286//1286 
f 1284//1284 1284//1284 1286//1286 
f 1286//1286 1284//1284 1287//1287 
f 1284//1284 1284//1284 1287//1287 
f 1287//1287 1284//1284 1288//1288 
f 1284//1284 1284//1284 1288//1288 
f 1288//1288 1284//1284 1289//1289 
f 1284//1284 1283//1283 1289//1289 
f 1289//1289 1283//1283 1290//1290 
f 1283//1283 1282//1282 1290//1290 
f 1290//1290 1282//1282 1291//1291 
f 1282//1282 1281//1281 1291//1291 
f 1291//1291 1281//1281 1292//1292 
f 1281//1281 1226//1226 1292//1292 
f 1292//1292 1226//1226 1226//1226 
f 1226//1226 1274//1274 1226//1226 
f 1226//1226 1274//1274 1274//1274 
f 1274//1274 1271//1271 1274//1274 
f 1274//1274 1271//1271 1276//1276 
f 1271//1271 1269//1269 1276//1276 
f 1276//1276 1269//1269 1269//1269 
f 1269//1269 1279//1279 1269//1269 
f 1269//1269 1279//1279 1279//1279 
f 1279//1279 1277//1277 1279//1279 
f 1279//1279 1277//1277 1226//1226 
f 1277//1277 1226//1226 1226//1226 
f 1226//1226 1226//1226 1292//1292 
f 1226//1226 1292//1292 1292//1292 
f 1292//1292 1292//1292 1291//1291 
f 1292//1292 1293//1293 1291//1291 
f 1291//1291 1293//1293 1290//1290 
f 1293//1293 1290//1290 1290//1290 
f 1290//1290 1290//1290 1293//1293 
f 1290//1290 1293//1293 1293//1293 
f 1293//1293 1293//1293 1294//1294 
f 1293//1293 1292//1292 1294//1294 
f 1294//1294 1292//1292 1295//1295 
f 1292//1292 1226//1226 1295//1295 
f 1295//1295 1226//1226 1296//1296 
f 1226//1226 1297//1297 1296//1296 
f 1296//1296 1297//1297 1298//1298 
f 1297//1297 1299//1299 1298//1298 
f 1298//1298 1299//1299 1300//1300 
f 1299//1299 1301//1301 1300//1300 
f 1300//1300 1301//1301 1302//1302 
f 1301//1301 1303//1303 1302//1302 
f 1302//1302 1303//1303 1302//1302 
f 1303//1303 1304//1304 1302//1302 
f 1302//1302 1304//1304 1305//1305 
f 1304//1304 1305//1305 1305//1305 
f 1305//1305 1305//1305 1294//1294 
f 1305//1305 1294//1294 1294//1294 
f 1294//1294 1294//1294 1306//1306 
f 1294//1294 1295//1295 1306//1306 
f 1306//1306 1295//1295 1306//1306 
f 1295//1295 1307//1307 1306//1306 
f 1306//1306 1307//1307 1306//1306 
f 1307//1307 1308//1308 1306//1306 
f 1306//1306 1308//1308 1306//1306 
f 1308//1308 1309//1309 1306//1306 
f 1306//1306 1309//1309 1306//1306 
f 1309//1309 1310//1310 1306//1306 
f 1306//1306 1310//1310 1293//1293 
f 1310//1310 1311//1311 1293//1293 
f 1293//1293 1311//1311 1290//1290 
f 1311//1311 1312//1312 1290//1290 
f 1290//1290 1312//1312 1290//1290 
f 1312//1312 1313//1313 1290//1290 
f 1290//1290 1313//1313 1289//1289 
f 1313//1313 1314//1314 1289//1289 
f 1289//1289 1314//1314 1289//1289 
f 1314//1314 1315//1315 1289//1289 
f 1289//1289 1315//1315 1289//1289 
f 1315//1315 1316//1316 1289//1289 
f 1289//1289 1316//1316 1288//1288 
f 1316//1316 1317//1317 1288//1288 
f 1288//1288 1317//1317 1288//1288 
f 1317//1317 1318//1318 1288//1288 
f 1288//1288 1318//1318 1288//1288 
f 1318//1318 1319//1319 1288//1288 
f 1288//1288 1319//1319 1287//1287 
f 1319//1319 1320//1320 1287//1287 
f 1287//1287 1320//1320 1321//1321 
f 1320//1320 1322//1322 1321//1321 
f 1321//1321 1322//1322 1322//1322 
f 1322//1322 1306//1306 1322//1322 
f 1322//1322 1306//1306 1306//1306 
f 1306//1306 1293//1293 1306//1306 
f 1306//1306 1293//1293 1294//1294 
f 1293//1293 1294//1294 1294//1294 
f 1294//1294 1294//1294 1323//1323 
f 1294//1294 1323//1323 1323//1323 
f 1323//1323 1323//1323 1310//1310 
f 1323//1323 1311//1311 1310//1310 
f 1310//1310 1311//1311 1311//1311 
f 1311//1311 1314//1314 1311//1311 
f 1311//1311 1314//1314 1314//1314 
f 1314//1314 1313//1313 1314//1314 
f 1314//1314 1313//1313 1324//1324 
f 1313//1313 1313//1313 1324//1324 
f 1324//1324 1313//1313 1325//1325 
f 1313//1313 1313//1313 1325//1325 
f 1325//1325 1313//1313 1326//1326 
f 1313//1313 1313//1313 1326//1326 
f 1326//1326 1313//1313 1327//1327 
f 1313//1313 1328//1328 1327//1327 
f 1327//1327 1328//1328 1329//1329 
f 1328//1328 1329//1329 1329//1329 
f 1329//1329 1329//1329 1330//1330 
f 1329//1329 1330//1330 1330//1330 
f 1330//1330 1330//1330 1313//1313 
f 1330//1330 1331//1331 1313//1313 
f 1313//1313 1331//1331 1332//1332 
f 1331//1331 1332//1332 1332//1332 
f 1332//1332 1332//1332 1333//1333 
f 1332//1332 1333//1333 1333//1333 
f 1333//1333 1333//1333 1334//1334 
f 1333//1333 1335//1335 1334//1334 
f 1334//1334 1335//1335 1334//1334 
f 1335//1335 1336//1336 1334//1334 
f 1334//1334 1336//1336 1337//1337 
f 1336//1336 1338//1338 1337//1337 
f 1337//1337 1338//1338 1339//1339 
f 1338//1338 1339//1339 1339//1339 
f 1339//1339 1339//1339 1338//1338 
f 1339//1339 1338//1338 1338//1338 
f 1338//1338 1338//1338 1340//1340 
f 1338//1338 1341//1341 1340//1340 
f 1340//1340 1341//1341 1342//1342 
f 1341//1341 1342//1342 1342//1342 
f 1342//1342 1342//1342 1341//1341 
f 1342//1342 1341//1341 1341//1341 
f 1341//1341 1341//1341 1343//1343 
f 1341//1341 1344//1344 1343//1343 
f 1343//1343 1344//1344 1345//1345 
f 1344//1344 1345//1345 1345//1345 
f 1345//1345 1345//1345 1346//1346 
f 1345//1345 1346//1346 1346//1346 
f 1346//1346 1346//1346 1347//1347 
f 1346//1346 1348//1348 1347//1347 
f 1347//1347 1348//1348 1347//1347 
f 1348//1348 1349//1349 1347//1347 
f 1347//1347 1349//1349 1350//1350 
f 1349//1349 1351//1351 1350//1350 
f 1350//1350 1351//1351 1352//1352 
f 1351//1351 1353//1353 1352//1352 
f 1352//1352 1353//1353 1354//1354 
f 1353//1353 1355//1355 1354//1354 
f 1354//1354 1355//1355 1356//1356 
f 1355//1355 1357//1357 1356//1356 
f 1356//1356 1357//1357 1358//1358 
f 1357//1357 1359//1359 1358//1358 
f 1358//1358 1359//1359 1360//1360 
f 1359//1359 1361//1361 1360//1360 
f 1360//1360 1361//1361 1362//1362 
f 1361//1361 1363//1363 1362//1362 
f 1362//1362 1363//1363 1364//1364 
f 1363//1363 1365//1365 1364//1364 
f 1364//1364 1365//1365 1366//1366 
f 1365//1365 1367//1367 1366//1366 
f 1366//1366 1367//1367 1368//1368 
f 1367//1367 1369//1369 1368//1368 
f 1368//1368 1369//1369 1370//1370 
f 1369//1369 1371//1371 1370//1370 
f 1370//1370 1371//1371 1372//1372 
f 1371//1371 1373//1373 1372//1372 
f 1372//1372 1373//1373 1374//1374 
f 1373//1373 1375//1375 1374//1374 
f 1374//1374 1375//1375 1376//1376 
f 1375//1375 1377//1377 1376//1376 
f 1376//1376 1377//1377 1346//1346 
f 1377//1377 1348//1348 1346//1346 
f 1346//1346 1348//1348 1348//1348 
f 1348//1348 1378//1378 1348//1348 
f 1348//1348 1378//1378 1378//1378 
f 1378//1378 1379//1379 1378//1378 
f 1378//1378 1379//1379 1380//1380 
f 1379//1379 1381//1381 1380//1380 
f 1380//1380 1381//1381 1381//1381 
f 1381//1381 1379//1379 1381//1381 
f 1381//1381 1379//1379 1379//1379 
f 1379//1379 1378//1378 1379//1379 
f 1379//1379 1378//1378 1382//1382 
f 1378//1378 1383//1383 1382//1382 
f 1382//1382 1383//1383 1384//1384 
f 1383//1383 1385//1385 1384//1384 
f 1384//1384 1385//1385 1386//1386 
f 1385//1385 1387//1387 1386//1386 
f 1386//1386 1387//1387 1388//1388 
f 1387//1387 1389//1389 1388//1388 
f 1388//1388 1389//1389 1390//1390 
f 1389//1389 1391//1391 1390//1390 
f 1390//1390 1391//1391 1392//1392 
f 1391//1391 1393//1393 1392//1392 
f 1392//1392 1393//1393 1394//1394 
f 1393//1393 1395//1395 1394//1394 
f 1394//1394 1395//1395 1396//1396 
f 1395//1395 1397//1397 1396//1396 
f 1396//1396 1397//1397 1398//1398 
f 1397//1397 1399//1399 1398//1398 
f 1398//1398 1399//1399 1400//1400 
f 1399//1399 1401//1401 1400//1400 
f 1400//1400 1401//1401 1402//1402 
f 1401//1401 1403//1403 1402//1402 
f 1402//1402 1403//1403 1404//1404 
f 1403//1403 1405//1405 1404//1404 
f 1404//1404 1405//1405 1406//1406 
f 1405//1405 1407//1407 1406//1406 
f 1406//1406 1407//1407 1408//1408 
f 1407//1407 1409//1409 1408//1408 
f 1408//1408 1409//1409 1381//1381 
f 1409//1409 1380//1380 1381//1381 
f 1381//1381 1380//1380 1380//1380 
f 1380//1380 1410//1410 1380//1380 
f 1380//1380 1410//1410 1410//1410 
f 1410//1410 1411//1411 1410//1410 
f 1410//1410 1411//1411 1412//1412 
f 1411//1411 1411//1411 1412//1412 
f 1412//1412 1411//1411 1413//1413 
f 1411//1411 1414//1414 1413//1413 
f 1413//1413 1414//1414 1415//1415 
f 1414//1414 1416//1416 1415//1415 
f 1415//1415 1416//1416 1417//1417 
f 1416//1416 1418//1418 1417//1417 
f 1417//1417 1418//1418 1419//1419 
f 1418//1418 1420//1420 1419//1419 
f 1419//1419 1420//1420 1421//1421 
f 1420//1420 1422//1422 1421//1421 
f 1421//1421 1422//1422 1423//1423 
f 1422//1422 1424//1424 1423//1423 
f 1423//1423 1424//1424 1425//1425 
f 1424//1424 1426//1426 1425//1425 
f 1425//1425 1426//1426 1427//1427 
f 1426//1426 1428//1428 1427//1427 
f 1427//1427 1428//1428 1429//1429 
f 1428//1428 1430//1430 1429//1429 
f 1429//1429 1430//1430 1431//1431 
f 1430//1430 1432//1432 1431//1431 
f 1431//1431 1432//1432 1433//1433 
f 1432//1432 1434//1434 1433//1433 
f 1433//1433 1434//1434 1435//1435 
f 1434//1434 1436//1436 1435//1435 
f 1435//1435 1436//1436 1437//1437 
f 1436//1436 1438//1438 1437//1437 
f 1437//1437 1438//1438 1439//1439 
f 1438//1438 1440//1440 1439//1439 
f 1439//1439 1440//1440 1441//1441 
f 1440//1440 1410//1410 1441//1441 
f 1441//1441 1410//1410 1412//1412 
f 1410//1410 1412//1412 1412//1412 
f 1412//1412 1412//1412 1442//1442 
f 1412//1412 1442//1442 1442//1442 
f 1442//1442 1442//1442 1443//1443 
f 1442//1442 1444//1444 1443//1443 
f 1443//1443 1444//1444 1443//1443 
f 1444//1444 1445//1445 1443//1443 
f 1443//1443 1445//1445 1446//1446 
f 1445//1445 1447//1447 1446//1446 
f 1446//1446 1447//1447 1448//1448 
f 1447//1447 1449//1449 1448//1448 
f 1448//1448 1449//1449 1450//1450 
f 1449//1449 1451//1451 1450//1450 
f 1450//1450 1451//1451 1452//1452 
f 1451//1451 1453//1453 1452//1452 
f 1452//1452 1453//1453 1454//1454 
f 1453//1453 1455//1455 1454//1454 
f 1454//1454 1455//1455 1456//1456 
f 1455//1455 1457//1457 1456//1456 
f 1456//1456 1457//1457 1458//1458 
f 1457//1457 1459//1459 1458//1458 
f 1458//1458 1459//1459 1460//1460 
f 1459//1459 1461//1461 1460//1460 
f 1460//1460 1461//1461 1462//1462 
f 1461//1461 1463//1463 1462//1462 
f 1462//1462 1463//1463 1464//1464 
f 1463//1463 1465//1465 1464//1464 
f 1464//1464 1465//1465 1466//1466 
f 1465//1465 1467//1467 1466//1466 
f 1466//1466 1467//1467 1468//1468 
f 1467//1467 1469//1469 1468//1468 
f 1468//1468 1469//1469 1470//1470 
f 1469//1469 1471//1471 1470//1470 
f 1470//1470 1471//1471 1472//1472 
f 1471//1471 1473//1473 1472//1472 
f 1472//1472 1473//1473 1442//1442 
f 1473//1473 1444//1444 1442//1442 
f 1442//1442 1444//1444 1444//1444 
f 1444//1444 1474//1474 1444//1444 
f 1444//1444 1474//1474 1474//1474 
f 1474//1474 1475//1475 1474//1474 
f 1474//1474 1475//1475 1476//1476 
f 1475//1475 1477//1477 1476//1476 
f 1476//1476 1477//1477 1476//1476 
f 1477//1477 1478//1478 1476//1476 
f 1476//1476 1478//1478 1479//1479 
f 1478//1478 1480//1480 1479//1479 
f 1479//1479 1480//1480 1481//1481 
f 1480//1480 1482//1482 1481//1481 
f 1481//1481 1482//1482 1482//1482 
f 1482//1482 1483//1483 1482//1482 
f 1482//1482 1483//1483 1483//1483 
f 1483//1483 1484//1484 1483//1483 
f 1483//1483 1484//1484 1485//1485 
f 1484//1484 1484//1484 1485//1485 
f 1485//1485 1484//1484 1486//1486 
f 1484//1484 1487//1487 1486//1486 
f 1486//1486 1487//1487 1488//1488 
f 1487//1487 1489//1489 1488//1488 
f 1488//1488 1489//1489 1490//1490 
f 1489//1489 1489//1489 1490//1490 
f 1490//1490 1489//1489 1491//1491 
f 1489//1489 1492//1492 1491//1491 
f 1491//1491 1492//1492 1491//1491 
f 1492//1492 1493//1493 1491//1491 
f 1491//1491 1493//1493 1491//1491 
f 1493//1493 1494//1494 1491//1491 
f 1491//1491 1494//1494 1495//1495 
f 1494//1494 1496//1496 1495//1495 
f 1495//1495 1496//1496 1496//1496 
f 1496//1496 1495//1495 1496//1496 
f 1496//1496 1495//1495 1495//1495 
f 1495//1495 1497//1497 1495//1495 
f 1495//1495 1497//1497 1491//1491 
f 1497//1497 1497//1497 1491//1491 
f 1491//1491 1497//1497 1498//1498 
f 1497//1497 1499//1499 1498//1498 
f 1498//1498 1499//1499 1498//1498 
f 1499//1499 1500//1500 1498//1498 
f 1498//1498 1500//1500 1501//1501 
f 1500//1500 1502//1502 1501//1501 
f 1501//1501 1502//1502 1501//1501 
f 1502//1502 1503//1503 1501//1501 
f 1501//1501 1503//1503 1501//1501 
f 1503//1503 1504//1504 1501//1501 
f 1501//1501 1504//1504 1501//1501 
f 1504//1504 1505//1505 1501//1501 
f 1501//1501 1505//1505 1485//1485 
f 1505//1505 1506//1506 1485//1485 
f 1485//1485 1506//1506 1507//1507 
f 1506//1506 1508//1508 1507//1507 
f 1507//1507 1508//1508 1508//1508 
f 1508//1508 1483//1483 1508//1508 
f 1508//1508 1483//1483 1483//1483 
f 1483//1483 1485//1485 1483//1483 
f 1483//1483 1485//1485 1507//1507 
f 1485//1485 1507//1507 1507//1507 
f 1507//1507 1507//1507 1509//1509 
f 1507//1507 1509//1509 1509//1509 
f 1509//1509 1509//1509 1510//1510 
f 1509//1509 1511//1511 1510//1510 
f 1510//1510 1511//1511 1510//1510 
f 1511//1511 1512//1512 1510//1510 
f 1510//1510 1512//1512 1513//1513 
f 1512//1512 1514//1514 1513//1513 
f 1513//1513 1514//1514 1515//1515 
f 1514//1514 1514//1514 1515//1515 
f 1515//1515 1514//1514 1516//1516 
f 1514//1514 1517//1517 1516//1516 
f 1516//1516 1517//1517 1516//1516 
f 1517//1517 1518//1518 1516//1516 
f 1516//1516 1518//1518 1519//1519 
f 1518//1518 1520//1520 1519//1519 
f 1519//1519 1520//1520 1519//1519 
f 1520//1520 1521//1521 1519//1519 
f 1519//1519 1521//1521 1519//1519 
f 1521//1521 1522//1522 1519//1519 
f 1519//1519 1522//1522 1519//1519 
f 1522//1522 1523//1523 1519//1519 
f 1519//1519 1523//1523 1519//1519 
f 1523//1523 1524//1524 1519//1519 
f 1519//1519 1524//1524 1519//1519 
f 1524//1524 1525//1525 1519//1519 
f 1519//1519 1525//1525 1519//1519 
f 1525//1525 1526//1526 1519//1519 
f 1519//1519 1526//1526 1519//1519 
f 1526//1526 1527//1527 1519//1519 
f 1519//1519 1527//1527 1528//1528 
f 1527//1527 1527//1527 1528//1528 
f 1528//1528 1527//1527 1529//1529 
f 1527//1527 1527//1527 1529//1529 
f 1529//1529 1527//1527 1530//1530 
f 1527//1527 1527//1527 1530//1530 
f 1530//1530 1527//1527 1531//1531 
f 1527//1527 1532//1532 1531//1531 
f 1531//1531 1532//1532 1533//1533 
f 1532//1532 1534//1534 1533//1533 
f 1533//1533 1534//1534 1535//1535 
f 1534//1534 1534//1534 1535//1535 
f 1535//1535 1534//1534 1536//1536 
f 1534//1534 1537//1537 1536//1536 
f 1536//1536 1537//1537 1536//1536 
f 1537//1537 1538//1538 1536//1536 
f 1536//1536 1538//1538 1536//1536 
f 1538//1538 1539//1539 1536//1536 
f 1536//1536 1539//1539 1536//1536 
f 1539//1539 1540//1540 1536//1536 
f 1536//1536 1540//1540 1541//1541 
f 1540//1540 1542//1542 1541//1541 
f 1541//1541 1542//1542 1543//1543 
f 1542//1542 1544//1544 1543//1543 
f 1543//1543 1544//1544 1545//1545 
f 1544//1544 1544//1544 1545//1545 
f 1545//1545 1544//1544 1546//1546 
f 1544//1544 1547//1547 1546//1546 
f 1546//1546 1547//1547 1548//1548 
f 1547//1547 1549//1549 1548//1548 
f 1548//1548 1549//1549 1550//1550 
f 1549//1549 1549//1549 1550//1550 
f 1550//1550 1549//1549 1551//1551 
f 1549//1549 1552//1552 1551//1551 
f 1551//1551 1552//1552 1553//1553 
f 1552//1552 1553//1553 1553//1553 
f 1553//1553 1553//1553 1554//1554 
f 1553//1553 1554//1554 1554//1554 
f 1554//1554 1554//1554 1555//1555 
f 1554//1554 1556//1556 1555//1555 
f 1555//1555 1556//1556 1557//1557 
f 1556//1556 1558//1558 1557//1557 
f 1557//1557 1558//1558 1558//1558 
f 1558//1558 1555//1555 1558//1558 
f 1558//1558 1555//1555 1555//1555 
f 1555//1555 1557//1557 1555//1555 
f 1555//1555 1557//1557 1559//1559 
f 1557//1557 1557//1557 1559//1559 
f 1559//1559 1557//1557 1560//1560 
f 1557//1557 1561//1561 1560//1560 
f 1560//1560 1561//1561 1562//1562 
f 1561//1561 1561//1561 1562//1562 
f 1562//1562 1561//1561 1563//1563 
f 1561//1561 1561//1561 1563//1563 
f 1563//1563 1561//1561 1564//1564 
f 1561//1561 1565//1565 1564//1564 
f 1564//1564 1565//1565 1566//1566 
f 1565//1565 1565//1565 1566//1566 
f 1566//1566 1565//1565 1567//1567 
f 1565//1565 1565//1565 1567//1567 
f 1567//1567 1565//1565 1568//1568 
f 1565//1565 1565//1565 1568//1568 
f 1568//1568 1565//1565 1569//1569 
f 1565//1565 1565//1565 1569//1569 
f 1569//1569 1565//1565 1570//1570 
f 1565//1565 1571//1571 1570//1570 
f 1570//1570 1571//1571 1572//1572 
f 1571//1571 1572//1572 1572//1572 
f 1572//1572 1572//1572 1557//1557 
f 1572//1572 1557//1557 1557//1557 
f 1557//1557 1557//1557 1573//1573 
f 1557//1557 1558//1558 1573//1573 
f 1573//1573 1558//1558 1573//1573 
f 1558//1558 1574//1574 1573//1573 
f 1573//1573 1574//1574 1575//1575 
f 1574//1574 1576//1576 1575//1575 
f 1575//1575 1576//1576 1575//1575 
f 1576//1576 1577//1577 1575//1575 
f 1575//1575 1577//1577 1575//1575 
f 1577//1577 1578//1578 1575//1575 
f 1575//1575 1578//1578 1579//1579 
f 1578//1578 1580//1580 1579//1579 
f 1579//1579 1580//1580 1579//1579 
f 1580//1580 1581//1581 1579//1579 
f 1579//1579 1581//1581 1579//1579 
f 1581//1581 1582//1582 1579//1579 
f 1579//1579 1582//1582 1583//1583 
f 1582//1582 1584//1584 1583//1583 
f 1583//1583 1584//1584 1583//1583 
f 1584//1584 1585//1585 1583//1583 
f 1583//1583 1585//1585 1586//1586 
f 1585//1585 1587//1587 1586//1586 
f 1586//1586 1587//1587 1588//1588 
f 1587//1587 1588//1588 1588//1588 
f 1588//1588 1588//1588 1589//1589 
f 1588//1588 1589//1589 1589//1589 
f 1589//1589 1589//1589 1590//1590 
f 1589//1589 1591//1591 1590//1590 
f 1590//1590 1591//1591 1590//1590 
f 1591//1591 1592//1592 1590//1590 
f 1590//1590 1592//1592 1593//1593 
f 1592//1592 1594//1594 1593//1593 
f 1593//1593 1594//1594 1595//1595 
f 1594//1594 1596//1596 1595//1595 
f 1595//1595 1596//1596 1597//1597 
f 1596//1596 1598//1598 1597//1597 
f 1597//1597 1598//1598 1599//1599 
f 1598//1598 1600//1600 1599//1599 
f 1599//1599 1600//1600 1601//1601 
f 1600//1600 1602//1602 1601//1601 
f 1601//1601 1602//1602 1603//1603 
f 1602//1602 1604//1604 1603//1603 
f 1603//1603 1604//1604 1605//1605 
f 1604//1604 1606//1606 1605//1605 
f 1605//1605 1606//1606 1607//1607 
f 1606//1606 1608//1608 1607//1607 
f 1607//1607 1608//1608 1608//1608 
f 1608//1608 1609//1609 1608//1608 
f 1608//1608 1609//1609 1609//1609 
f 1609//1609 1610//1610 1609//1609 
f 1609//1609 1610//1610 1611//1611 
f 1610//1610 1612//1612 1611//1611 
f 1611//1611 1612//1612 1612//1612 
f 1612//1612 1613//1613 1612//1612 
f 1612//1612 1613//1613 1613//1613 
f 1613//1613 1614//1614 1613//1613 
f 1613//1613 1614//1614 1615//1615 
f 1614//1614 1616//1616 1615//1615 
f 1615//1615 1616//1616 1617//1617 
f 1616//1616 1618//1618 1617//1617 
f 1617//1617 1618//1618 1619//1619 
f 1618//1618 1620//1620 1619//1619 
f 1619//1619 1620//1620 1621//1621 
f 1620//1620 1622//1622 1621//1621 
f 1621//1621 1622//1622 1623//1623 
f 1622//1622 1624//1624 1623//1623 
f 1623//1623 1624//1624 1625//1625 
f 1624//1624 1626//1626 1625//1625 
f 1625//1625 1626//1626 1627//1627 
f 1626//1626 1628//1628 1627//1627 
f 1627//1627 1628//1628 1629//1629 
f 1628//1628 1630//1630 1629//1629 
f 1629//1629 1630//1630 1630//1630 
f 1630//1630 1631//1631 1630//1630 
f 1630//1630 1631//1631 1631//1631 
f 1631//1631 1632//1632 1631//1631 
f 1631//1631 1632//1632 1633//1633 
f 1632//1632 1632//1632 1633//1633 
f 1633//1633 1632//1632 1634//1634 
f 1632//1632 1635//1635 1634//1634 
f 1634//1634 1635//1635 1634//1634 
f 1635//1635 1636//1636 1634//1634 
f 1634//1634 1636//1636 1637//1637 
f 1636//1636 1638//1638 1637//1637 
f 1637//1637 1638//1638 1639//1639 
f 1638//1638 1640//1640 1639//1639 
f 1639//1639 1640//1640 1639//1639 
f 1640//1640 1641//1641 1639//1639 
f 1639//1639 1641//1641 1642//1642 
f 1641//1641 1643//1643 1642//1642 
f 1642//1642 1643//1643 1644//1644 
f 1643//1643 1645//1645 1644//1644 
f 1644//1644 1645//1645 1646//1646 
f 1645//1645 1645//1645 1646//1646 
f 1646//1646 1645//1645 1647//1647 
f 1645//1645 1645//1645 1647//1647 
f 1647//1647 1645//1645 1648//1648 
f 1645//1645 1645//1645 1648//1648 
f 1648//1648 1645//1645 1649//1649 
f 1645//1645 1650//1650 1649//1649 
f 1649//1649 1650//1650 1649//1649 
f 1650//1650 1651//1651 1649//1649 
f 1649//1649 1651//1651 1652//1652 
f 1651//1651 1653//1653 1652//1652 
f 1652//1652 1653//1653 1654//1654 
f 1653//1653 1655//1655 1654//1654 
f 1654//1654 1655//1655 1654//1654 
f 1655//1655 1656//1656 1654//1654 
f 1654//1654 1656//1656 1654//1654 
f 1656//1656 1657//1657 1654//1654 
f 1654//1654 1657//1657 1654//1654 
f 1657//1657 1658//1658 1654//1654 
f 1654//1654 1658//1658 1659//1659 
f 1658//1658 1658//1658 1659//1659 
f 1659//1659 1658//1658 1660//1660 
f 1658//1658 1658//1658 1660//1660 
f 1660//1660 1658//1658 1661//1661 
f 1658//1658 1658//1658 1661//1661 
f 1661//1661 1658//1658 1662//1662 
f 1658//1658 1658//1658 1662//1662 
f 1662//1662 1658//1658 1663//1663 
f 1658//1658 1658//1658 1663//1663 
f 1663//1663 1658//1658 1664//1664 
f 1658//1658 1658//1658 1664//1664 
f 1664//1664 1658//1658 1665//1665 
f 1658//1658 1658//1658 1665//1665 
f 1665//1665 1658//1658 1666//1666 
f 1658//1658 1667//1667 1666//1666 
f 1666//1666 1667//1667 1668//1668 
f 1667//1667 1667//1667 1668//1668 
f 1668//1668 1667//1667 1669//1669 
f 1667//1667 1670//1670 1669//1669 
f 1669//1669 1670//1670 1669//1669 
f 1670//1670 1671//1671 1669//1669 
f 1669//1669 1671//1671 1672//1672 
f 1671//1671 1673//1673 1672//1672 
f 1672//1672 1673//1673 1674//1674 
f 1673//1673 1675//1675 1674//1674 
f 1674//1674 1675//1675 1675//1675 
f 1675//1675 1676//1676 1675//1675 
f 1675//1675 1676//1676 1676//1676 
f 1676//1676 1677//1677 1676//1676 
f 1676//1676 1677//1677 1678//1678 
f 1677//1677 1679//1679 1678//1678 
f 1678//1678 1679//1679 1679//1679 
f 1679//1679 1680//1680 1679//1679 
f 1679//1679 1680//1680 1680//1680 
f 1680//1680 1681//1681 1680//1680 
f 1680//1680 1681//1681 1682//1682 
f 1681//1681 1681//1681 1682//1682 
f 1682//1682 1681//1681 1683//1683 
f 1681//1681 1684//1684 1683//1683 
f 1683//1683 1684//1684 1685//1685 
f 1684//1684 1686//1686 1685//1685 
f 1685//1685 1686//1686 1687//1687 
f 1686//1686 1687//1687 1687//1687 
f 1687//1687 1687//1687 1687//1687 
f 1687//1687 1687//1687 1687//1687 
f 1687//1687 1687//1687 1688//1688 
f 1687//1687 1689//1689 1688//1688 
f 1688//1688 1689//1689 1690//1690 
f 1689//1689 1691//1691 1690//1690 
f 1690//1690 1691//1691 1690//1690 
f 1691//1691 1692//1692 1690//1690 
f 1690//1690 1692//1692 1693//1693 
f 1692//1692 1693//1693 1693//1693 
f 1693//1693 1693//1693 1693//1693 
f 1693//1693 1693//1693 1693//1693 
f 1693//1693 1693//1693 1694//1694 
f 1693//1693 1695//1695 1694//1694 
f 1694//1694 1695//1695 1694//1694 
f 1695//1695 1696//1696 1694//1694 
f 1694//1694 1696//1696 1694//1694 
f 1696//1696 1697//1697 1694//1694 
f 1694//1694 1697//1697 1694//1694 
f 1697//1697 1698//1698 1694//1694 
f 1694//1694 1698//1698 1699//1699 
f 1698//1698 1698//1698 1699//1699 
f 1699//1699 1698//1698 1700//1700 
f 1698//1698 1698//1698 1700//1700 
f 1700//1700 1698//1698 1701//1701 
f 1698//1698 1702//1702 1701//1701 
f 1701//1701 1702//1702 1703//1703 
f 1702//1702 1704//1704 1703//1703 
f 1703//1703 1704//1704 1705//1705 
f 1704//1704 1706//1706 1705//1705 
f 1705//1705 1706//1706 1706//1706 
f 1706//1706 1707//1707 1706//1706 
f 1706//1706 1707//1707 1707//1707 
f 1707//1707 1708//1708 1707//1707 
f 1707//1707 1708//1708 1709//1709 
f 1708//1708 1708//1708 1709//1709 
f 1709//1709 1708//1708 1710//1710 
f 1708//1708 1708//1708 1710//1710 
f 1710//1710 1708//1708 1711//1711 
f 1708//1708 1708//1708 1711//1711 
f 1711//1711 1708//1708 1712//1712 
f 1708//1708 1708//1708 1712//1712 
f 1712//1712 1708//1708 1713//1713 
f 1708//1708 1714//1714 1713//1713 
f 1713//1713 1714//1714 1713//1713 
f 1714//1714 1715//1715 1713//1713 
f 1713//1713 1715//1715 1713//1713 
f 1715//1715 1716//1716 1713//1713 
f 1713//1713 1716//1716 1717//1717 
f 1716//1716 1718//1718 1717//1717 
f 1717//1717 1718//1718 1717//1717 
f 1718//1718 1719//1719 1717//1717 
f 1717//1717 1719//1719 1717//1717 
f 1719//1719 1720//1720 1717//1717 
f 1717//1717 1720//1720 1721//1721 
f 1720//1720 1722//1722 1721//1721 
f 1721//1721 1722//1722 1723//1723 
f 1722//1722 1724//1724 1723//1723 
f 1723//1723 1724//1724 1724//1724 
f 1724//1724 1714//1714 1724//1724 
f 1724//1724 1714//1714 1714//1714 
f 1714//1714 1708//1708 1714//1714 
f 1714//1714 1708//1708 1725//1725 
f 1708//1708 1708//1708 1725//1725 
f 1725//1725 1708//1708 1726//1726 
f 1708//1708 1707//1707 1726//1726 
f 1726//1726 1707//1707 1707//1707 
f 1707//1707 1721//1721 1707//1707 
f 1707//1707 1721//1721 1721//1721 
f 1721//1721 1727//1727 1721//1721 
f 1721//1721 1727//1727 1717//1717 
f 1727//1727 1727//1727 1717//1717 
f 1717//1717 1727//1727 1713//1713 
f 1727//1727 1728//1728 1713//1713 
f 1713//1713 1728//1728 1712//1712 
f 1728//1728 1728//1728 1712//1712 
f 1712//1712 1728//1728 1729//1729 
f 1728//1728 1728//1728 1729//1729 
f 1729//1729 1728//1728 1730//1730 
f 1728//1728 1728//1728 1730//1730 
f 1730//1730 1728//1728 1731//1731 
f 1728//1728 1727//1727 1731//1731 
f 1731//1731 1727//1727 1732//1732 
f 1727//1727 1727//1727 1732//1732 
f 1732//1732 1727//1727 1733//1733 
f 1727//1727 1727//1727 1733//1733 
f 1733//1733 1727//1727 1734//1734 
f 1727//1727 1721//1721 1734//1734 
f 1734//1734 1721//1721 1721//1721 
f 1721//1721 1732//1732 1721//1721 
f 1721//1721 1732//1732 1732//1732 
f 1732//1732 1735//1735 1732//1732 
f 1732//1732 1735//1735 1731//1731 
f 1735//1735 1731//1731 1731//1731 
f 1731//1731 1731//1731 1736//1736 
f 1731//1731 1736//1736 1736//1736 
f 1736//1736 1736//1736 1737//1737 
f 1736//1736 1738//1738 1737//1737 
f 1737//1737 1738//1738 1739//1739 
f 1738//1738 1712//1712 1739//1739 
f 1739//1739 1712//1712 1740//1740 
f 1712//1712 1729//1729 1740//1740 
f 1740//1740 1729//1729 1741//1741 
f 1729//1729 1729//1729 1741//1741 
f 1741//1741 1729//1729 1742//1742 
f 1729//1729 1730//1730 1742//1742 
f 1742//1742 1730//1730 1730//1730 
f 1730//1730 1743//1743 1730//1730 
f 1730//1730 1743//1743 1743//1743 
f 1743//1743 1736//1736 1743//1743 
f 1743//1743 1736//1736 1737//1737 
f 1736//1736 1737//1737 1737//1737 
f 1737//1737 1737//1737 1739//1739 
f 1737//1737 1739//1739 1739//1739 
f 1739//1739 1739//1739 1737//1737 
f 1739//1739 1744//1744 1737//1737 
f 1737//1737 1744//1744 1745//1745 
f 1744//1744 1744//1744 1745//1745 
f 1745//1745 1744//1744 1746//1746 
f 1744//1744 1744//1744 1746//1746 
f 1746//1746 1744//1744 1747//1747 
f 1744//1744 1748//1748 1747//1747 
f 1747//1747 1748//1748 1749//1749 
f 1748//1748 1750//1750 1749//1749 
f 1749//1749 1750//1750 1741//1741 
f 1750//1750 1750//1750 1741//1741 
f 1741//1741 1750//1750 1740//1740 
f 1750//1750 1750//1750 1740//1740 
f 1740//1740 1750//1750 1739//1739 
f 1750//1750 1748//1748 1739//1739 
f 1739//1739 1748//1748 1744//1744 
f 1748//1748 1744//1744 1744//1744 
f 1744//1744 1744//1744 1747//1747 
f 1744//1744 1747//1747 1747//1747 
f 1747//1747 1747//1747 1751//1751 
f 1747//1747 1749//1749 1751//1751 
f 1751//1751 1749//1749 1751//1751 
f 1749//1749 1752//1752 1751//1751 
f 1751//1751 1752//1752 1751//1751 
f 1752//1752 1753//1753 1751//1751 
f 1751//1751 1753//1753 1754//1754 
f 1753//1753 1754//1754 1754//1754 
f 1754//1754 1754//1754 1741//1741 
f 1754//1754 1741//1741 1741//1741 
f 1741//1741 1741//1741 1749//1749 
f 1741//1741 1742//1742 1749//1749 
f 1749//1749 1742//1742 1755//1755 
f 1742//1742 1730//1730 1755//1755 
f 1755//1755 1730//1730 1756//1756 
f 1730//1730 1731//1731 1756//1756 
f 1756//1756 1731//1731 1757//1757 
f 1731//1731 1758//1758 1757//1757 
f 1757//1757 1758//1758 1759//1759 
f 1758//1758 1760//1760 1759//1759 
f 1759//1759 1760//1760 1759//1759 
f 1760//1760 1761//1761 1759//1759 
f 1759//1759 1761//1761 1759//1759 
f 1761//1761 1762//1762 1759//1759 
f 1759//1759 1762//1762 1749//1749 
f 1762//1762 1762//1762 1749//1749 
f 1749//1749 1762//1762 1763//1763 
f 1762//1762 1762//1762 1763//1763 
f 1763//1763 1762//1762 1764//1764 
f 1762//1762 1762//1762 1764//1764 
f 1764//1764 1762//1762 1765//1765 
f 1762//1762 1766//1766 1765//1765 
f 1765//1765 1766//1766 1767//1767 
f 1766//1766 1768//1768 1767//1767 
f 1767//1767 1768//1768 1767//1767 
f 1768//1768 1769//1769 1767//1767 
f 1767//1767 1769//1769 1767//1767 
f 1769//1769 1770//1770 1767//1767 
f 1767//1767 1770//1770 1771//1771 
f 1770//1770 1770//1770 1771//1771 
f 1771//1771 1770//1770 1772//1772 
f 1770//1770 1773//1773 1772//1772 
f 1772//1772 1773//1773 1774//1774 
f 1773//1773 1775//1775 1774//1774 
f 1774//1774 1775//1775 1776//1776 
f 1775//1775 1777//1777 1776//1776 
f 1776//1776 1777//1777 1778//1778 
f 1777//1777 1779//1779 1778//1778 
f 1778//1778 1779//1779 1780//1780 
f 1779//1779 1781//1781 1780//1780 
f 1780//1780 1781//1781 1782//1782 
f 1781//1781 1781//1781 1782//1782 
f 1782//1782 1781//1781 1783//1783 
f 1781//1781 1784//1784 1783//1783 
f 1783//1783 1784//1784 1784//1784 
f 1784//1784 1755//1755 1784//1784 
f 1784//1784 1755//1755 1755//1755 
f 1755//1755 1756//1756 1755//1755 
f 1755//1755 1756//1756 1749//1749 
f 1756//1756 1757//1757 1749//1749 
f 1749//1749 1757//1757 1759//1759 
f 1757//1757 1759//1759 1759//1759 
f 1759//1759 1759//1759 1731//1731 
f 1759//1759 1731//1731 1731//1731 
f 1731//1731 1731//1731 1758//1758 
f 1731//1731 1735//1735 1758//1758 
f 1758//1758 1735//1735 1758//1758 
f 1735//1735 1785//1785 1758//1758 
f 1758//1758 1785//1785 1760//1760 
f 1785//1785 1760//1760 1760//1760 
f 1760//1760 1760//1760 1786//1786 
f 1760//1760 1786//1786 1786//1786 
f 1786//1786 1786//1786 1707//1707 
f 1786//1786 1787//1787 1707//1707 
f 1707//1707 1787//1787 1788//1788 
f 1787//1787 1789//1789 1788//1788 
f 1788//1788 1789//1789 1789//1789 
f 1789//1789 1763//1763 1789//1789 
f 1789//1789 1763//1763 1763//1763 
f 1763//1763 1764//1764 1763//1763 
f 1763//1763 1764//1764 1790//1790 
f 1764//1764 1791//1791 1790//1790 
f 1790//1790 1791//1791 1790//1790 
f 1791//1791 1792//1792 1790//1790 
f 1790//1790 1792//1792 1793//1793 
f 1792//1792 1794//1794 1793//1793 
f 1793//1793 1794//1794 1793//1793 
f 1794//1794 1795//1795 1793//1793 
f 1793//1793 1795//1795 1793//1793 
f 1795//1795 1796//1796 1793//1793 
f 1793//1793 1796//1796 1790//1790 
f 1796//1796 1797//1797 1790//1790 
f 1790//1790 1797//1797 1763//1763 
f 1797//1797 1798//1798 1763//1763 
f 1763//1763 1798//1798 1799//1799 
f 1798//1798 1798//1798 1799//1799 
f 1799//1799 1798//1798 1800//1800 
f 1798//1798 1796//1796 1800//1800 
f 1800//1800 1796//1796 1801//1801 
f 1796//1796 1795//1795 1801//1801 
f 1801//1801 1795//1795 1801//1801 
f 1795//1795 1802//1802 1801//1801 
f 1801//1801 1802//1802 1801//1801 
f 1802//1802 1803//1803 1801//1801 
f 1801//1801 1803//1803 1804//1804 
f 1803//1803 1805//1805 1804//1804 
f 1804//1804 1805//1805 1804//1804 
f 1805//1805 1806//1806 1804//1804 
f 1804//1804 1806//1806 1804//1804 
f 1806//1806 1807//1807 1804//1804 
f 1804//1804 1807//1807 1808//1808 
f 1807//1807 1809//1809 1808//1808 
f 1808//1808 1809//1809 1809//1809 
f 1809//1809 1797//1797 1809//1809 
f 1809//1809 1797//1797 1797//1797 
f 1797//1797 1796//1796 1797//1797 
f 1797//1797 1796//1796 1798//1798 
f 1796//1796 1798//1798 1798//1798 
f 1798//1798 1798//1798 1808//1808 
f 1798//1798 1808//1808 1808//1808 
f 1808//1808 1808//1808 1804//1804 
f 1808//1808 1810//1810 1804//1804 
f 1804//1804 1810//1810 1804//1804 
f 1810//1810 1811//1811 1804//1804 
f 1804//1804 1811//1811 1812//1812 
f 1811//1811 1813//1813 1812//1812 
f 1812//1812 1813//1813 1814//1814 
f 1813//1813 1815//1815 1814//1814 
f 1814//1814 1815//1815 1814//1814 
f 1815//1815 1816//1816 1814//1814 
f 1814//1814 1816//1816 1814//1814 
f 1816//1816 1817//1817 1814//1814 
f 1814//1814 1817//1817 1818//1818 
f 1817//1817 1819//1819 1818//1818 
f 1818//1818 1819//1819 1819//1819 
f 1819//1819 1804//1804 1819//1819 
f 1819//1819 1804//1804 1804//1804 
f 1804//1804 1812//1812 1804//1804 
f 1804//1804 1812//1812 1801//1801 
f 1812//1812 1820//1820 1801//1801 
f 1801//1801 1820//1820 1800//1800 
f 1820//1820 1821//1821 1800//1800 
f 1800//1800 1821//1821 1799//1799 
f 1821//1821 1822//1822 1799//1799 
f 1799//1799 1822//1822 1763//1763 
f 1822//1822 1823//1823 1763//1763 
f 1763//1763 1823//1823 1824//1824 
f 1823//1823 1823//1823 1824//1824 
f 1824//1824 1823//1823 1825//1825 
f 1823//1823 1822//1822 1825//1825 
f 1825//1825 1822//1822 1825//1825 
f 1822//1822 1821//1821 1825//1825 
f 1825//1825 1821//1821 1820//1820 
f 1821//1821 1820//1820 1820//1820 
f 1820//1820 1820//1820 1824//1824 
f 1820//1820 1824//1824 1824//1824 
f 1824//1824 1824//1824 1763//1763 
f 1824//1824 1826//1826 1763//1763 
f 1763//1763 1826//1826 1827//1827 
f 1826//1826 1828//1828 1827//1827 
f 1827//1827 1828//1828 1829//1829 
f 1828//1828 1830//1830 1829//1829 
f 1829//1829 1830//1830 1831//1831 
f 1830//1830 1832//1832 1831//1831 
f 1831//1831 1832//1832 1833//1833 
f 1832//1832 1834//1834 1833//1833 
f 1833//1833 1834//1834 1835//1835 
f 1834//1834 1836//1836 1835//1835 
f 1835//1835 1836//1836 1836//1836 
f 1836//1836 1837//1837 1836//1836 
f 1836//1836 1837//1837 1837//1837 
f 1837//1837 1826//1826 1837//1837 
f 1837//1837 1826//1826 1838//1838 
f 1826//1826 1839//1839 1838//1838 
f 1838//1838 1839//1839 1840//1840 
f 1839//1839 1839//1839 1840//1840 
f 1840//1840 1839//1839 1841//1841 
f 1839//1839 1824//1824 1841//1841 
f 1841//1841 1824//1824 1841//1841 
f 1824//1824 1825//1825 1841//1841 
f 1841//1841 1825//1825 1842//1842 
f 1825//1825 1820//1820 1842//1842 
f 1842//1842 1820//1820 1842//1842 
f 1820//1820 1812//1812 1842//1842 
f 1842//1842 1812//1812 1842//1842 
f 1812//1812 1814//1814 1842//1842 
f 1842//1842 1814//1814 1843//1843 
f 1814//1814 1844//1844 1843//1843 
f 1843//1843 1844//1844 1844//1844 
f 1844//1844 1824//1824 1844//1844 
f 1844//1844 1824//1824 1824//1824 
f 1824//1824 1839//1839 1824//1824 
f 1824//1824 1839//1839 1826//1826 
f 1839//1839 1826//1826 1826//1826 
f 1826//1826 1826//1826 1837//1837 
f 1826//1826 1837//1837 1837//1837 
f 1837//1837 1837//1837 1845//1845 
f 1837//1837 1838//1838 1845//1845 
f 1845//1845 1838//1838 1846//1846 
f 1838//1838 1840//1840 1846//1846 
f 1846//1846 1840//1840 1840//1840 
f 1840//1840 1843//1843 1840//1840 
f 1840//1840 1843//1843 1843//1843 
f 1843//1843 1847//1847 1843//1843 
f 1843//1843 1847//1847 1842//1842 
f 1847//1847 1841//1841 1842//1842 
f 1842//1842 1841//1841 1841//1841 
f 1841//1841 1848//1848 1841//1841 
f 1841//1841 1848//1848 1848//1848 
f 1848//1848 1849//1849 1848//1848 
f 1848//1848 1849//1849 1841//1841 
f 1849//1849 1849//1849 1841//1841 
f 1841//1841 1849//1849 1840//1840 
f 1849//1849 1850//1850 1840//1840 
f 1840//1840 1850//1850 1850//1850 
f 1850//1850 1851//1851 1850//1850 
f 1850//1850 1851//1851 1851//1851 
f 1851//1851 1852//1852 1851//1851 
f 1851//1851 1852//1852 1853//1853 
f 1852//1852 1852//1852 1853//1853 
f 1853//1853 1852//1852 1854//1854 
f 1852//1852 1855//1855 1854//1854 
f 1854//1854 1855//1855 1854//1854 
f 1855//1855 1856//1856 1854//1854 
f 1854//1854 1856//1856 1854//1854 
f 1856//1856 1857//1857 1854//1854 
f 1854//1854 1857//1857 1854//1854 
f 1857//1857 1858//1858 1854//1854 
f 1854//1854 1858//1858 1859//1859 
f 1858//1858 1859//1859 1859//1859 
f 1859//1859 1859//1859 1859//1859 
f 1859//1859 1859//1859 1859//1859 
f 1859//1859 1859//1859 1860//1860 
f 1859//1859 1861//1861 1860//1860 
f 1860//1860 1861//1861 1862//1862 
f 1861//1861 1862//1862 1862//1862 
f 1862//1862 1862//1862 1863//1863 
f 1862//1862 1863//1863 1863//1863 
f 1863//1863 1863//1863 1864//1864 
f 1863//1863 1865//1865 1864//1864 
f 1864//1864 1865//1865 1866//1866 
f 1865//1865 1867//1867 1866//1866 
f 1866//1866 1867//1867 1866//1866 
f 1867//1867 1868//1868 1866//1866 
f 1866//1866 1868//1868 1869//1869 
f 1868//1868 1869//1869 1869//1869 
f 1869//1869 1869//1869 1870//1870 
f 1869//1869 1870//1870 1870//1870 
f 1870//1870 1870//1870 1869//1869 
f 1870//1870 1871//1871 1869//1869 
f 1869//1869 1871//1871 1872//1872 
f 1871//1871 1872//1872 1872//1872 
f 1872//1872 1872//1872 1872//1872 
f 1872//1872 1872//1872 1872//1872 
f 1872//1872 1872//1872 1873//1873 
f 1872//1872 1874//1874 1873//1873 
f 1873//1873 1874//1874 1875//1875 
f 1874//1874 1875//1875 1875//1875 
f 1875//1875 1875//1875 1876//1876 
f 1875//1875 1876//1876 1876//1876 
f 1876//1876 1876//1876 1877//1877 
f 1876//1876 1878//1878 1877//1877 
f 1877//1877 1878//1878 1879//1879 
f 1878//1878 1879//1879 1879//1879 
f 1879//1879 1879//1879 1876//1876 
f 1879//1879 1876//1876 1876//1876 
f 1876//1876 1876//1876 1880//1880 
f 1876//1876 1877//1877 1880//1880 
f 1880//1880 1877//1877 1881//1881 
f 1877//1877 1877//1877 1881//1881 
f 1881//1881 1877//1877 1882//1882 
f 1877//1877 1883//1883 1882//1882 
f 1882//1882 1883//1883 1882//1882 
f 1883//1883 1884//1884 1882//1882 
f 1882//1882 1884//1884 1885//1885 
f 1884//1884 1886//1886 1885//1885 
f 1885//1885 1886//1886 1887//1887 
f 1886//1886 1888//1888 1887//1887 
f 1887//1887 1888//1888 1889//1889 
f 1888//1888 1890//1890 1889//1889 
f 1889//1889 1890//1890 1891//1891 
f 1890//1890 1892//1892 1891//1891 
f 1891//1891 1892//1892 1893//1893 
f 1892//1892 1894//1894 1893//1893 
f 1893//1893 1894//1894 1895//1895 
f 1894//1894 1896//1896 1895//1895 
f 1895//1895 1896//1896 1897//1897 
f 1896//1896 1898//1898 1897//1897 
f 1897//1897 1898//1898 1898//1898 
f 1898//1898 1895//1895 1898//1898 
f 1898//1898 1895//1895 1895//1895 
f 1895//1895 1897//1897 1895//1895 
f 1895//1895 1897//1897 1899//1899 
f 1897//1897 1900//1900 1899//1899 
f 1899//1899 1900//1900 1899//1899 
f 1900//1900 1901//1901 1899//1899 
f 1899//1899 1901//1901 1902//1902 
f 1901//1901 1903//1903 1902//1902 
f 1902//1902 1903//1903 1904//1904 
f 1903//1903 1903//1903 1904//1904 
f 1904//1904 1903//1903 1905//1905 
f 1903//1903 1906//1906 1905//1905 
f 1905//1905 1906//1906 1907//1907 
f 1906//1906 1908//1908 1907//1907 
f 1907//1907 1908//1908 1909//1909 
f 1908//1908 1908//1908 1909//1909 
f 1909//1909 1908//1908 1910//1910 
f 1908//1908 1911//1911 1910//1910 
f 1910//1910 1911//1911 1912//1912 
f 1911//1911 1911//1911 1912//1912 
f 1912//1912 1911//1911 1913//1913 
f 1911//1911 1911//1911 1913//1913 
f 1913//1913 1911//1911 1914//1914 
f 1911//1911 1911//1911 1914//1914 
f 1914//1914 1911//1911 1915//1915 
f 1911//1911 1908//1908 1915//1915 
f 1915//1915 1908//1908 1908//1908 
f 1908//1908 1908//1908 1908//1908 
f 1908//1908 1908//1908 1908//1908 
f 1908//1908 1906//1906 1908//1908 
f 1908//1908 1906//1906 1916//1916 
f 1906//1906 1917//1917 1916//1916 
f 1916//1916 1917//1917 1918//1918 
f 1917//1917 1919//1919 1918//1918 
f 1918//1918 1919//1919 1920//1920 
f 1919//1919 1921//1921 1920//1920 
f 1920//1920 1921//1921 1922//1922 
f 1921//1921 1923//1923 1922//1922 
f 1922//1922 1923//1923 1924//1924 
f 1923//1923 1925//1925 1924//1924 
f 1924//1924 1925//1925 1926//1926 
f 1925//1925 1927//1927 1926//1926 
f 1926//1926 1927//1927 1926//1926 
f 1927//1927 1928//1928 1926//1926 
f 1926//1926 1928//1928 1926//1926 
f 1928//1928 1929//1929 1926//1926 
f 1926//1926 1929//1929 1879//1879 
f 1929//1929 1877//1877 1879//1879 
f 1879//1879 1877//1877 1877//1877 
f 1877//1877 1878//1878 1877//1877 
f 1877//1877 1878//1878 1878//1878 
f 1878//1878 1930//1930 1878//1878 
f 1878//1878 1930//1930 1879//1879 
f 1930//1930 1931//1931 1879//1879 
f 1879//1879 1931//1931 1879//1879 
f 1931//1931 1932//1932 1879//1879 
f 1879//1879 1932//1932 1933//1933 
f 1932//1932 1934//1934 1933//1933 
f 1933//1933 1934//1934 1933//1933 
f 1934//1934 1935//1935 1933//1933 
f 1933//1933 1935//1935 1933//1933 
f 1935//1935 1936//1936 1933//1933 
f 1933//1933 1936//1936 1933//1933 
f 1936//1936 1937//1937 1933//1933 
f 1933//1933 1937//1937 1933//1933 
f 1937//1937 1938//1938 1933//1933 
f 1933//1933 1938//1938 1879//1879 
f 1938//1938 1879//1879 1879//1879 
f 1879//1879 1879//1879 1939//1939 
f 1879//1879 1939//1939 1939//1939 
f 1939//1939 1939//1939 1940//1940 
f 1939//1939 1941//1941 1940//1940 
f 1940//1940 1941//1941 1940//1940 
f 1941//1941 1942//1942 1940//1940 
f 1940//1940 1942//1942 1943//1943 
f 1942//1942 1944//1944 1943//1943 
f 1943//1943 1944//1944 1943//1943 
f 1944//1944 1945//1945 1943//1943 
f 1943//1943 1945//1945 1943//1943 
f 1945//1945 1946//1946 1943//1943 
f 1943//1943 1946//1946 1943//1943 
f 1946//1946 1947//1947 1943//1943 
f 1943//1943 1947//1947 1943//1943 
f 1947//1947 1948//1948 1943//1943 
f 1943//1943 1948//1948 1943//1943 
f 1948//1948 1949//1949 1943//1943 
f 1943//1943 1949//1949 1943//1943 
f 1949//1949 1950//1950 1943//1943 
f 1943//1943 1950//1950 1943//1943 
f 1950//1950 1951//1951 1943//1943 
f 1943//1943 1951//1951 1952//1952 
f 1951//1951 1952//1952 1952//1952 
f 1952//1952 1952//1952 1953//1953 
f 1952//1952 1953//1953 1953//1953 
f 1953//1953 1953//1953 1954//1954 
f 1953//1953 1955//1955 1954//1954 
f 1954//1954 1955//1955 1956//1956 
f 1955//1955 1955//1955 1956//1956 
f 1956//1956 1955//1955 1957//1957 
f 1955//1955 1955//1955 1957//1957 
f 1957//1957 1955//1955 1958//1958 
f 1955//1955 1955//1955 1958//1958 
f 1958//1958 1955//1955 1959//1959 
f 1955//1955 1955//1955 1959//1959 
f 1959//1959 1955//1955 1960//1960 
f 1955//1955 1955//1955 1960//1960 
f 1960//1960 1955//1955 1961//1961 
f 1955//1955 1955//1955 1961//1961 
f 1961//1961 1955//1955 1962//1962 
f 1955//1955 1955//1955 1962//1962 
f 1962//1962 1955//1955 1963//1963 
f 1955//1955 1955//1955 1963//1963 
f 1963//1963 1955//1955 1964//1964 
f 1955//1955 1955//1955 1964//1964 
f 1964//1964 1955//1955 1965//1965 
f 1955//1955 1966//1966 1965//1965 
f 1965//1965 1966//1966 1965//1965 
f 1966//1966 1967//1967 1965//1965 
f 1965//1965 1967//1967 1965//1965 
f 1967//1967 1968//1968 1965//1965 
f 1965//1965 1968//1968 1965//1965 
f 1968//1968 1969//1969 1965//1965 
f 1965//1965 1969//1969 1965//1965 
f 1969//1969 1970//1970 1965//1965 
f 1965//1965 1970//1970 1965//1965 
f 1970//1970 1971//1971 1965//1965 
f 1965//1965 1971//1971 1972//1972 
f 1971//1971 1973//1973 1972//1972 
f 1972//1972 1973//1973 1972//1972 
f 1973//1973 1974//1974 1972//1972 
f 1972//1972 1974//1974 1972//1972 
f 1974//1974 1975//1975 1972//1972 
f 1972//1972 1975//1975 1976//1976 
f 1975//1975 1977//1977 1976//1976 
f 1976//1976 1977//1977 1977//1977 
f 1977//1977 1978//1978 1977//1977 
f 1977//1977 1978//1978 1978//1978 
f 1978//1978 1979//1979 1978//1978 
f 1978//1978 1979//1979 1980//1980 
f 1979//1979 1979//1979 1980//1980 
f 1980//1980 1979//1979 1981//1981 
f 1979//1979 1982//1982 1981//1981 
f 1981//1981 1982//1982 1983//1983 
f 1982//1982 1984//1984 1983//1983 
f 1983//1983 1984//1984 1985//1985 
f 1984//1984 1986//1986 1985//1985 
f 1985//1985 1986//1986 1986//1986 
f 1986//1986 1987//1987 1986//1986 
f 1986//1986 1987//1987 1987//1987 
f 1987//1987 1988//1988 1987//1987 
f 1987//1987 1988//1988 1989//1989 
f 1988//1988 1988//1988 1989//1989 
f 1989//1989 1988//1988 1990//1990 
f 1988//1988 1988//1988 1990//1990 
f 1990//1990 1988//1988 1991//1991 
f 1988//1988 1992//1992 1991//1991 
f 1991//1991 1992//1992 1993//1993 
f 1992//1992 1994//1994 1993//1993 
f 1993//1993 1994//1994 1994//1994 
f 1994//1994 1995//1995 1994//1994 
f 1994//1994 1995//1995 1995//1995 
f 1995//1995 1996//1996 1995//1995 
f 1995//1995 1996//1996 1997//1997 
f 1996//1996 1996//1996 1997//1997 
f 1997//1997 1996//1996 1998//1998 
f 1996//1996 1999//1999 1998//1998 
f 1998//1998 1999//1999 2000//2000 
f 1999//1999 1999//1999 2000//2000 
f 2000//2000 1999//1999 2001//2001 
f 1999//1999 2002//2002 2001//2001 
f 2001//2001 2002//2002 2003//2003 
f 2002//2002 2002//2002 2003//2003 
f 2003//2003 2002//2002 2004//2004 
f 2002//2002 2002//2002 2004//2004 
f 2004//2004 2002//2002 2005//2005 
f 2002//2002 2006//2006 2005//2005 
f 2005//2005 2006//2006 2007//2007 
f 2006//2006 2006//2006 2007//2007 
f 2007//2007 2006//2006 2008//2008 
f 2006//2006 2006//2006 2008//2008 
f 2008//2008 2006//2006 2009//2009 
f 2006//2006 2010//2010 2009//2009 
f 2009//2009 2010//2010 2011//2011 
f 2010//2010 2012//2012 2011//2011 
f 2011//2011 2012//2012 2013//2013 
f 2012//2012 2014//2014 2013//2013 
f 2013//2013 2014//2014 2015//2015 
f 2014//2014 2015//2015 2015//2015 
f 2015//2015 2015//2015 2014//2014 
f 2015//2015 2014//2014 2014//2014 
f 2014//2014 2014//2014 2016//2016 
f 2014//2014 2012//2012 2016//2016 
f 2016//2016 2012//2012 2017//2017 
f 2012//2012 2018//2018 2017//2017 
f 2017//2017 2018//2018 2019//2019 
f 2018//2018 2018//2018 2019//2019 
f 2019//2019 2018//2018 2020//2020 
f 2018//2018 2018//2018 2020//2020 
f 2020//2020 2018//2018 2021//2021 
f 2018//2018 2022//2022 2021//2021 
f 2021//2021 2022//2022 2023//2023 
f 2022//2022 2022//2022 2023//2023 
f 2023//2023 2022//2022 2024//2024 
f 2022//2022 2022//2022 2024//2024 
f 2024//2024 2022//2022 2025//2025 
f 2022//2022 2022//2022 2025//2025 
f 2025//2025 2022//2022 2026//2026 
f 2022//2022 2022//2022 2026//2026 
f 2026//2026 2022//2022 2027//2027 
f 2022//2022 2028//2028 2027//2027 
f 2027//2027 2028//2028 2029//2029 
f 2028//2028 2029//2029 2029//2029 
f 2029//2029 2029//2029 2030//2030 
f 2029//2029 2030//2030 2030//2030 
f 2030//2030 2030//2030 2031//2031 
f 2030//2030 2032//2032 2031//2031 
f 2031//2031 2032//2032 2033//2033 
f 2032//2032 2034//2034 2033//2033 
f 2033//2033 2034//2034 2033//2033 
f 2034//2034 2035//2035 2033//2033 
f 2033//2033 2035//2035 2036//2036 
f 2035//2035 2037//2037 2036//2036 
f 2036//2036 2037//2037 2038//2038 
f 2037//2037 2039//2039 2038//2038 
f 2038//2038 2039//2039 2040//2040 
f 2039//2039 2041//2041 2040//2040 
f 2040//2040 2041//2041 2042//2042 
f 2041//2041 2041//2041 2042//2042 
f 2042//2042 2041//2041 2043//2043 
f 2041//2041 2044//2044 2043//2043 
f 2043//2043 2044//2044 2045//2045 
f 2044//2044 2044//2044 2045//2045 
f 2045//2045 2044//2044 2046//2046 
f 2044//2044 2047//2047 2046//2046 
f 2046//2046 2047//2047 2047//2047 
f 2047//2047 2044//2044 2047//2047 
f 2047//2047 2044//2044 2044//2044 
f 2044//2044 2041//2041 2044//2044 
f 2044//2044 2041//2041 2048//2048 
f 2041//2041 2049//2049 2048//2048 
f 2048//2048 2049//2049 2049//2049 
f 2049//2049 2050//2050 2049//2049 
f 2049//2049 2050//2050 2050//2050 
f 2050//2050 2051//2051 2050//2050 
f 2050//2050 2051//2051 2052//2052 
f 2051//2051 2051//2051 2052//2052 
f 2052//2052 2051//2051 2053//2053 
f 2051//2051 2054//2054 2053//2053 
f 2053//2053 2054//2054 2053//2053 
f 2054//2054 2055//2055 2053//2053 
f 2053//2053 2055//2055 2056//2056 
f 2055//2055 2057//2057 2056//2056 
f 2056//2056 2057//2057 2056//2056 
f 2057//2057 2058//2058 2056//2056 
f 2056//2056 2058//2058 2059//2059 
f 2058//2058 2060//2060 2059//2059 
f 2059//2059 2060//2060 2059//2059 
f 2060//2060 2061//2061 2059//2059 
f 2059//2059 2061//2061 2059//2059 
f 2061//2061 2062//2062 2059//2059 
f 2059//2059 2062//2062 2063//2063 
f 2062//2062 2064//2064 2063//2063 
f 2063//2063 2064//2064 2063//2063 
f 2064//2064 2065//2065 2063//2063 
f 2063//2063 2065//2065 2066//2066 
f 2065//2065 2065//2065 2066//2066 
f 2066//2066 2065//2065 2067//2067 
f 2065//2065 2065//2065 2067//2067 
f 2067//2067 2065//2065 2068//2068 
f 2065//2065 2069//2069 2068//2068 
f 2068//2068 2069//2069 2070//2070 
f 2069//2069 2069//2069 2070//2070 
f 2070//2070 2069//2069 2071//2071 
f 2069//2069 2069//2069 2071//2071 
f 2071//2071 2069//2069 2072//2072 
f 2069//2069 2073//2073 2072//2072 
f 2072//2072 2073//2073 2074//2074 
f 2073//2073 2073//2073 2074//2074 
f 2074//2074 2073//2073 2075//2075 
f 2073//2073 2073//2073 2075//2075 
f 2075//2075 2073//2073 2076//2076 
f 2073//2073 2077//2077 2076//2076 
f 2076//2076 2077//2077 2078//2078 
f 2077//2077 2077//2077 2078//2078 
f 2078//2078 2077//2077 2079//2079 
f 2077//2077 2077//2077 2079//2079 
f 2079//2079 2077//2077 2080//2080 
f 2077//2077 2081//2081 2080//2080 
f 2080//2080 2081//2081 2082//2082 
f 2081//2081 2081//2081 2082//2082 
f 2082//2082 2081//2081 2083//2083 
f 2081//2081 2081//2081 2083//2083 
f 2083//2083 2081//2081 2084//2084 
f 2081//2081 2085//2085 2084//2084 
f 2084//2084 2085//2085 2086//2086 
f 2085//2085 2086//2086 2086//2086 
f 2086//2086 2086//2086 2081//2081 
f 2086//2086 2081//2081 2081//2081 
f 2081//2081 2081//2081 2085//2085 
f 2081//2081 2087//2087 2085//2085 
f 2085//2085 2087//2087 2088//2088 
f 2087//2087 2089//2089 2088//2088 
f 2088//2088 2089//2089 2090//2090 
f 2089//2089 2091//2091 2090//2090 
f 2090//2090 2091//2091 2092//2092 
f 2091//2091 2093//2093 2092//2092 
f 2092//2092 2093//2093 2094//2094 
f 2093//2093 2095//2095 2094//2094 
f 2094//2094 2095//2095 2096//2096 
f 2095//2095 2097//2097 2096//2096 
f 2096//2096 2097//2097 2096//2096 
f 2097//2097 2098//2098 2096//2096 
f 2096//2096 2098//2098 2099//2099 
f 2098//2098 2099//2099 2099//2099 
f 2099//2099 2099//2099 2097//2097 
f 2099//2099 2097//2097 2097//2097 
f 2097//2097 2097//2097 2100//2100 
f 2097//2097 2095//2095 2100//2100 
f 2100//2100 2095//2095 2101//2101 
f 2095//2095 2093//2093 2101//2101 
f 2101//2101 2093//2093 2093//2093 
f 2093//2093 2100//2100 2093//2093 
f 2093//2093 2100//2100 2100//2100 
f 2100//2100 2101//2101 2100//2100 
f 2100//2100 2101//2101 2102//2102 
f 2101//2101 2101//2101 2102//2102 
f 2102//2102 2101//2101 2103//2103 
f 2101//2101 2101//2101 2103//2103 
f 2103//2103 2101//2101 2104//2104 
f 2101//2101 2101//2101 2104//2104 
f 2104//2104 2101//2101 2105//2105 
f 2101//2101 2106//2106 2105//2105 
f 2105//2105 2106//2106 2107//2107 
f 2106//2106 2106//2106 2107//2107 
f 2107//2107 2106//2106 2108//2108 
f 2106//2106 2106//2106 2108//2108 
f 2108//2108 2106//2106 2109//2109 
f 2106//2106 2110//2110 2109//2109 
f 2109//2109 2110//2110 2111//2111 
f 2110//2110 2110//2110 2111//2111 
f 2111//2111 2110//2110 2112//2112 
f 2110//2110 2110//2110 2112//2112 
f 2112//2112 2110//2110 2050//2050 
f 2110//2110 2110//2110 2050//2050 
f 2050//2050 2110//2110 2051//2051 
f 2110//2110 2110//2110 2051//2051 
f 2051//2051 2110//2110 2113//2113 
f 2110//2110 2110//2110 2113//2113 
f 2113//2113 2110//2110 2055//2055 
f 2110//2110 2114//2114 2055//2055 
f 2055//2055 2114//2114 2115//2115 
f 2114//2114 2115//2115 2115//2115 
f 2115//2115 2115//2115 2114//2114 
f 2115//2115 2114//2114 2114//2114 
f 2114//2114 2114//2114 2116//2116 
f 2114//2114 2110//2110 2116//2116 
f 2116//2116 2110//2110 2116//2116 
f 2110//2110 2106//2106 2116//2116 
f 2116//2116 2106//2106 2117//2117 
f 2106//2106 2101//2101 2117//2117 
f 2117//2117 2101//2101 2117//2117 
f 2101//2101 2093//2093 2117//2117 
f 2117//2117 2093//2093 2117//2117 
f 2093//2093 2091//2091 2117//2117 
f 2117//2117 2091//2091 2118//2118 
f 2091//2091 2089//2089 2118//2118 
f 2118//2118 2089//2089 2119//2119 
f 2089//2089 2087//2087 2119//2119 
f 2119//2119 2087//2087 2120//2120 
f 2087//2087 2081//2081 2120//2120 
f 2120//2120 2081//2081 2120//2120 
f 2081//2081 2077//2077 2120//2120 
f 2120//2120 2077//2077 2121//2121 
f 2077//2077 2073//2073 2121//2121 
f 2121//2121 2073//2073 2073//2073 
f 2073//2073 2117//2117 2073//2073 
f 2073//2073 2117//2117 2117//2117 
f 2117//2117 2118//2118 2117//2117 
f 2117//2117 2118//2118 2116//2116 
f 2118//2118 2122//2122 2116//2116 
f 2116//2116 2122//2122 2114//2114 
f 2122//2122 2123//2123 2114//2114 
f 2114//2114 2123//2123 2115//2115 
f 2123//2123 2123//2123 2115//2115 
f 2115//2115 2123//2123 2058//2058 
f 2123//2123 2124//2124 2058//2058 
f 2058//2058 2124//2124 2060//2060 
f 2124//2124 2124//2124 2060//2060 
f 2060//2060 2124//2124 2125//2125 
f 2124//2124 2062//2062 2125//2125 
f 2125//2125 2062//2062 2062//2062 
f 2062//2062 2118//2118 2062//2062 
f 2062//2062 2118//2118 2118//2118 
f 2118//2118 2119//2119 2118//2118 
f 2118//2118 2119//2119 2122//2122 
f 2119//2119 2126//2126 2122//2122 
f 2122//2122 2126//2126 2123//2123 
f 2126//2126 2126//2126 2123//2123 
f 2123//2123 2126//2126 2124//2124 
f 2126//2126 2121//2121 2124//2124 
f 2124//2124 2121//2121 2127//2127 
f 2121//2121 2073//2073 2127//2127 
f 2127//2127 2073//2073 2127//2127 
f 2073//2073 2069//2069 2127//2127 
f 2127//2127 2069//2069 2128//2128 
f 2069//2069 2065//2065 2128//2128 
f 2128//2128 2065//2065 2065//2065 
f 2065//2065 2121//2121 2065//2065 
f 2065//2065 2121//2121 2121//2121 
f 2121//2121 2126//2126 2121//2121 
f 2121//2121 2126//2126 2120//2120 
f 2126//2126 2119//2119 2120//2120 
f 2120//2120 2119//2119 2119//2119 
f 2119//2119 2124//2124 2119//2119 
f 2119//2119 2124//2124 2124//2124 
f 2124//2124 2127//2127 2124//2124 
f 2124//2124 2127//2127 2062//2062 
f 2127//2127 2128//2128 2062//2062 
f 2062//2062 2128//2128 2128//2128 
f 2128//2128 2129//2129 2128//2128 
f 2128//2128 2129//2129 2129//2129 
f 2129//2129 2130//2130 2129//2129 
f 2129//2129 2130//2130 2131//2131 
f 2130//2130 2132//2132 2131//2131 
f 2131//2131 2132//2132 2133//2133 
f 2132//2132 2133//2133 2133//2133 
f 2133//2133 2133//2133 2129//2129 
f 2133//2133 2129//2129 2129//2129 
f 2129//2129 2129//2129 2130//2130 
f 2129//2129 2134//2134 2130//2130 
f 2130//2130 2134//2134 2135//2135 
f 2134//2134 2136//2136 2135//2135 
f 2135//2135 2136//2136 2137//2137 
f 2136//2136 2136//2136 2137//2137 
f 2137//2137 2136//2136 2138//2138 
f 2136//2136 2139//2139 2138//2138 
f 2138//2138 2139//2139 2140//2140 
f 2139//2139 2140//2140 2140//2140 
f 2140//2140 2140//2140 2139//2139 
f 2140//2140 2139//2139 2139//2139 
f 2139//2139 2139//2139 2141//2141 
f 2139//2139 2136//2136 2141//2141 
f 2141//2141 2136//2136 2141//2141 
f 2136//2136 2142//2142 2141//2141 
f 2141//2141 2142//2142 2143//2143 
f 2142//2142 2142//2142 2143//2143 
f 2143//2143 2142//2142 2144//2144 
f 2142//2142 2142//2142 2144//2144 
f 2144//2144 2142//2142 2145//2145 
f 2142//2142 2142//2142 2145//2145 
f 2145//2145 2142//2142 2146//2146 
f 2142//2142 2147//2147 2146//2146 
f 2146//2146 2147//2147 2148//2148 
f 2147//2147 2147//2147 2148//2148 
f 2148//2148 2147//2147 2149//2149 
f 2147//2147 2133//2133 2149//2149 
f 2149//2149 2133//2133 2150//2150 
f 2133//2133 2151//2151 2150//2150 
f 2150//2150 2151//2151 2152//2152 
f 2151//2151 2152//2152 2152//2152 
f 2152//2152 2152//2152 2151//2151 
f 2152//2152 2151//2151 2151//2151 
f 2151//2151 2151//2151 2153//2153 
f 2151//2151 2133//2133 2153//2153 
f 2153//2153 2133//2133 2154//2154 
f 2133//2133 2132//2132 2154//2154 
f 2154//2154 2132//2132 2132//2132 
f 2132//2132 2155//2155 2132//2132 
f 2132//2132 2155//2155 2155//2155 
f 2155//2155 2156//2156 2155//2155 
f 2155//2155 2156//2156 2157//2157 
f 2156//2156 2158//2158 2157//2157 
f 2157//2157 2158//2158 2157//2157 
f 2158//2158 2159//2159 2157//2157 
f 2157//2157 2159//2159 2160//2160 
f 2159//2159 2161//2161 2160//2160 
f 2160//2160 2161//2161 2162//2162 
f 2161//2161 2163//2163 2162//2162 
f 2162//2162 2163//2163 2164//2164 
f 2163//2163 2165//2165 2164//2164 
f 2164//2164 2165//2165 2164//2164 
f 2165//2165 2166//2166 2164//2164 
f 2164//2164 2166//2166 2164//2164 
f 2166//2166 2167//2167 2164//2164 
f 2164//2164 2167//2167 2168//2168 
f 2167//2167 2169//2169 2168//2168 
f 2168//2168 2169//2169 2169//2169 
f 2169//2169 2168//2168 2169//2169 
f 2169//2169 2168//2168 2168//2168 
f 2168//2168 2170//2170 2168//2168 
f 2168//2168 2170//2170 2164//2164 
f 2170//2170 2171//2171 2164//2164 
f 2164//2164 2171//2171 2172//2172 
f 2171//2171 2172//2172 2172//2172 
f 2172//2172 2172//2172 2171//2171 
f 2172//2172 2171//2171 2171//2171 
f 2171//2171 2171//2171 2173//2173 
f 2171//2171 2170//2170 2173//2173 
f 2173//2173 2170//2170 2174//2174 
f 2170//2170 2170//2170 2174//2174 
f 2174//2174 2170//2170 2175//2175 
f 2170//2170 2170//2170 2175//2175 
f 2175//2175 2170//2170 2176//2176 
f 2170//2170 2177//2177 2176//2176 
f 2176//2176 2177//2177 2178//2178 
f 2177//2177 2179//2179 2178//2178 
f 2178//2178 2179//2179 2179//2179 
f 2179//2179 2172//2172 2179//2179 
f 2179//2179 2172//2172 2172//2172 
f 2172//2172 2180//2180 2172//2172 
f 2172//2172 2180//2180 2164//2164 
f 2180//2180 2181//2181 2164//2164 
f 2164//2164 2181//2181 2182//2182 
f 2181//2181 2182//2182 2182//2182 
f 2182//2182 2182//2182 2180//2180 
f 2182//2182 2180//2180 2180//2180 
f 2180//2180 2180//2180 2181//2181 
f 2180//2180 2183//2183 2181//2181 
f 2181//2181 2183//2183 2181//2181 
f 2183//2183 2184//2184 2181//2181 
f 2181//2181 2184//2184 2181//2181 
f 2184//2184 2185//2185 2181//2181 
f 2181//2181 2185//2185 2181//2181 
f 2185//2185 2186//2186 2181//2181 
f 2181//2181 2186//2186 2187//2187 
f 2186//2186 2188//2188 2187//2187 
f 2187//2187 2188//2188 2189//2189 
f 2188//2188 2190//2190 2189//2189 
f 2189//2189 2190//2190 2191//2191 
f 2190//2190 2192//2192 2191//2191 
f 2191//2191 2192//2192 2192//2192 
f 2192//2192 2193//2193 2192//2192 
f 2192//2192 2193//2193 2193//2193 
f 2193//2193 2194//2194 2193//2193 
f 2193//2193 2194//2194 2195//2195 
f 2194//2194 2196//2196 2195//2195 
f 2195//2195 2196//2196 2195//2195 
f 2196//2196 2197//2197 2195//2195 
f 2195//2195 2197//2197 2198//2198 
f 2197//2197 2198//2198 2198//2198 
f 2198//2198 2198//2198 2199//2199 
f 2198//2198 2199//2199 2199//2199 
f 2199//2199 2199//2199 2200//2200 
f 2199//2199 2201//2201 2200//2200 
f 2200//2200 2201//2201 2200//2200 
f 2201//2201 2202//2202 2200//2200 
f 2200//2200 2202//2202 2200//2200 
f 2202//2202 2203//2203 2200//2200 
f 2200//2200 2203//2203 2204//2204 
f 2203//2203 2203//2203 2204//2204 
f 2204//2204 2203//2203 2205//2205 
f 2203//2203 2206//2206 2205//2205 
f 2205//2205 2206//2206 2205//2205 
f 2206//2206 2207//2207 2205//2205 
f 2205//2205 2207//2207 2208//2208 
f 2207//2207 2209//2209 2208//2208 
f 2208//2208 2209//2209 2210//2210 
f 2209//2209 2211//2211 2210//2210 
f 2210//2210 2211//2211 2212//2212 
f 2211//2211 2212//2212 2212//2212 
f 2212//2212 2212//2212 2213//2213 
f 2212//2212 2213//2213 2213//2213 
f 2213//2213 2213//2213 2214//2214 
f 2213//2213 2215//2215 2214//2214 
f 2214//2214 2215//2215 2216//2216 
f 2215//2215 2216//2216 2216//2216 
f 2216//2216 2216//2216 2217//2217 
f 2216//2216 2217//2217 2217//2217 
f 2217//2217 2217//2217 2218//2218 
f 2217//2217 2219//2219 2218//2218 
f 2218//2218 2219//2219 2218//2218 
f 2219//2219 2220//2220 2218//2218 
f 2218//2218 2220//2220 2221//2221 
f 2220//2220 2222//2222 2221//2221 
f 2221//2221 2222//2222 2223//2223 
f 2222//2222 2224//2224 2223//2223 
f 2223//2223 2224//2224 2225//2225 
f 2224//2224 2226//2226 2225//2225 
f 2225//2225 2226//2226 2227//2227 
f 2226//2226 2228//2228 2227//2227 
f 2227//2227 2228//2228 2229//2229 
f 2228//2228 2230//2230 2229//2229 
f 2229//2229 2230//2230 2231//2231 
f 2230//2230 2230//2230 2231//2231 
f 2231//2231 2230//2230 2232//2232 
f 2230//2230 2233//2233 2232//2232 
f 2232//2232 2233//2233 2232//2232 
f 2233//2233 2234//2234 2232//2232 
f 2232//2232 2234//2234 2235//2235 
f 2234//2234 2236//2236 2235//2235 
f 2235//2235 2236//2236 2236//2236 
f 2236//2236 2232//2232 2236//2236 
f 2236//2236 2232//2232 2232//2232 
f 2232//2232 2235//2235 2232//2232 
f 2232//2232 2235//2235 2237//2237 
f 2235//2235 2235//2235 2237//2237 
f 2237//2237 2235//2235 2238//2238 
f 2235//2235 2239//2239 2238//2238 
f 2238//2238 2239//2239 2239//2239 
f 2239//2239 2240//2240 2239//2239 
f 2239//2239 2240//2240 2240//2240 
f 2240//2240 2241//2241 2240//2240 
f 2240//2240 2241//2241 2242//2242 
f 2241//2241 2243//2243 2242//2242 
f 2242//2242 2243//2243 2244//2244 
f 2243//2243 2245//2245 2244//2244 
f 2244//2244 2245//2245 2246//2246 
f 2245//2245 2245//2245 2246//2246 
f 2246//2246 2245//2245 2247//2247 
f 2245//2245 2248//2248 2247//2247 
f 2247//2247 2248//2248 2247//2247 
f 2248//2248 2249//2249 2247//2247 
f 2247//2247 2249//2249 2250//2250 
f 2249//2249 2251//2251 2250//2250 
f 2250//2250 2251//2251 2251//2251 
f 2251//2251 2252//2252 2251//2251 
f 2251//2251 2252//2252 2252//2252 
f 2252//2252 2251//2251 2252//2252 
f 2252//2252 2251//2251 2253//2253 
f 2251//2251 2254//2254 2253//2253 
f 2253//2253 2254//2254 2253//2253 
f 2254//2254 2255//2255 2253//2253 
f 2253//2253 2255//2255 2256//2256 
f 2255//2255 2257//2257 2256//2256 
f 2256//2256 2257//2257 2258//2258 
f 2257//2257 2259//2259 2258//2258 
f 2258//2258 2259//2259 2260//2260 
f 2259//2259 2261//2261 2260//2260 
f 2260//2260 2261//2261 2262//2262 
f 2261//2261 2263//2263 2262//2262 
f 2262//2262 2263//2263 2264//2264 
f 2263//2263 2265//2265 2264//2264 
f 2264//2264 2265//2265 2265//2265 
f 2265//2265 2266//2266 2265//2265 
f 2265//2265 2266//2266 2266//2266 
f 2266//2266 2267//2267 2266//2266 
f 2266//2266 2267//2267 2268//2268 
f 2267//2267 2269//2269 2268//2268 
f 2268//2268 2269//2269 2270//2270 
f 2269//2269 2271//2271 2270//2270 
f 2270//2270 2271//2271 2272//2272 
f 2271//2271 2273//2273 2272//2272 
f 2272//2272 2273//2273 2274//2274 
f 2273//2273 2275//2275 2274//2274 
f 2274//2274 2275//2275 2276//2276 
f 2275//2275 2277//2277 2276//2276 
f 2276//2276 2277//2277 2278//2278 
f 2277//2277 2279//2279 2278//2278 
f 2278//2278 2279//2279 2280//2280 
f 2279//2279 2281//2281 2280//2280 
f 2280//2280 2281//2281 2282//2282 
f 2281//2281 2283//2283 2282//2282 
f 2282//2282 2283//2283 2284//2284 
f 2283//2283 2285//2285 2284//2284 
f 2284//2284 2285//2285 2286//2286 
f 2285//2285 2287//2287 2286//2286 

