mtllib model_4.mtl
o model_4
v 1.5936572551727295 1.2135064601898193 0.22623635828495026 
v 1.5891615152359009 1.2127660512924194 0.22884336113929749 
v 1.5937249660491943 1.2160383462905884 0.22700563073158264 
v 1.5892518758773804 1.2151306867599487 0.22951292991638184 
v 1.593770146369934 1.2185702323913574 0.22777491807937622 
v 1.5894100666046143 1.217208743095398 0.23022525012493134 
v 1.5849144458770752 1.2157994508743286 0.23273254930973053 
v 1.5846885442733765 1.214199185371399 0.2320772111415863 
v 1.580125093460083 1.2135064601898193 0.2341998815536499 
v 1.5845530033111572 1.2120256423950195 0.2315216213464737 
v 1.5799669027328491 1.21147620677948 0.23370127379894257 
v 1.5753809213638306 1.2109267711639404 0.23590940237045288 
v 1.5755391120910645 1.2128376960754395 0.23633678257465363 
v 1.5709304809570312 1.2108790874481201 0.23719154298305511 
v 1.5711112022399902 1.2126227617263794 0.23760469257831573 
v 1.5757875442504883 1.214223027229309 0.23693512380123138 
v 1.571337103843689 1.213936448097229 0.23817452788352966 
v 1.5664573907852173 1.2135781049728394 0.23955640196800232 
v 1.5662314891815186 1.2124078273773193 0.2389865517616272 
v 1.566028118133545 1.2108312845230103 0.2386019080877304 
v 1.5803509950637817 1.2150113582611084 0.2348267138004303 
v 1.5628880262374878 1.2124316692352295 0.23965612053871155 
v 1.5627073049545288 1.2109507322311401 0.23925723135471344 
v 1.5587990283966064 1.2111178636550903 0.24004076421260834 
v 1.5589797496795654 1.2124793529510498 0.24042539298534393 
v 1.5559298992156982 1.2112374305725098 0.24066758155822754 
v 1.5561106204986572 1.2124793529510498 0.24105222523212433 
v 1.5556361675262451 1.2124316692352295 0.24145111441612244 
v 1.5563139915466309 1.2133870124816895 0.2415793240070343 
v 1.5559298992156982 1.2130765914916992 0.24179302155971527 
v 1.5559298992156982 1.2131720781326294 0.24239136278629303 
v 1.5556361675262451 1.2124316692352295 0.24145111441612244 
v 1.5631139278411865 1.2135303020477295 0.24019746482372284 
v 1.5591830015182495 1.213458776473999 0.24096675217151642 
v 1.5554780960083008 1.2111896276474 0.24106647074222565 
v 1.5631139278411865 1.2135303020477295 0.24019746482372284 
v 1.5633623600006104 1.2136975526809692 0.2410237342119217 
v 1.5591830015182495 1.213458776473999 0.24096675217151642 
v 1.5594089031219482 1.2135781049728394 0.24173603951931 
v 1.5564947128295898 1.2135064601898193 0.24232012033462524 
v 1.5664573907852173 1.2135781049728394 0.23955640196800232 
v 1.5667284727096558 1.213793158531189 0.24042539298534393 
v 1.5716760158538818 1.214151382446289 0.2390720248222351 
v 1.571337103843689 1.213936448097229 0.23817452788352966 
v 1.5761489868164062 1.2145097255706787 0.23784688115119934 
v 1.5757875442504883 1.214223027229309 0.23693512380123138 
v 1.5807576179504395 1.2152979373931885 0.2356814742088318 
v 1.5803509950637817 1.2150113582611084 0.2348267138004303 
v 1.5849144458770752 1.2157994508743286 0.23273254930973053 
v 1.5853662490844727 1.2160860300064087 0.23353031277656555 
v 1.5899522304534912 1.2171369791030884 0.2308948040008545 
v 1.5894100666046143 1.217208743095398 0.23022525012493134 
v 1.5944478511810303 1.2181402444839478 0.2283162772655487 
v 1.593770146369934 1.2185702323913574 0.22777491807937622 
v 1.595125675201416 1.2177103757858276 0.22885762155056 
v 1.5905622243881226 1.216731071472168 0.23157861828804016 
v 1.5957355499267578 1.2173281908035278 0.22935622930526733 
v 1.5911270380020142 1.2163727283477783 0.2322339415550232 
v 1.5963455438613892 1.2169220447540283 0.22985485196113586 
v 1.5916240215301514 1.2157756090164185 0.23271828889846802 
v 1.5867443084716797 1.2146052122116089 0.23566722869873047 
v 1.5864053964614868 1.2154172658920288 0.23518285155296326 
v 1.5858858823776245 1.2157516479492188 0.23437084257602692 
v 1.5812320709228516 1.2149635553359985 0.2366217076778412 
v 1.5765782594680786 1.214199185371399 0.23888683319091797 
v 1.5817064046859741 1.2146530151367188 0.23753345012664795 
v 1.5820001363754272 1.2139124870300293 0.2381175309419632 
v 1.5769623517990112 1.2139124870300293 0.23989829421043396 
v 1.5720374584197998 1.2138646841049194 0.24009773135185242 
v 1.5670222043991089 1.2135064601898193 0.2414226233959198 
v 1.5636334419250488 1.2134109735488892 0.2419782131910324 
v 1.5596122741699219 1.2132915258407593 0.24261929094791412 
v 1.5638819932937622 1.2131481170654297 0.24288997054100037 
v 1.5673158168792725 1.2132437229156494 0.24239136278629303 
v 1.5723762512207031 1.213602066040039 0.24108073115348816 
v 1.5772334337234497 1.2132198810577393 0.24058210849761963 
v 1.582022786140442 1.2122405767440796 0.2381317913532257 
v 1.5867894887924194 1.2128137350082397 0.23555324971675873 
v 1.5916013717651367 1.2136259078979492 0.23227666318416595 
v 1.5916240215301514 1.2157756090164185 0.23271828889846802 
v 1.5963003635406494 1.2143902778625488 0.2290855497121811 
v 1.5963455438613892 1.2169220447540283 0.22985485196113586 
v 1.5962326526641846 1.2118583917617798 0.2283162772655487 
v 1.5915110111236572 1.2112613916397095 0.2316925823688507 
v 1.5961873531341553 1.2096848487854004 0.22766095399856567 
v 1.5914433002471924 1.2091593742370605 0.23117972910404205 
v 1.5961196422576904 1.2075351476669312 0.22699140012264252 
v 1.5913077592849731 1.2073918581008911 0.2305956333875656 
v 1.5863828659057617 1.207248568534851 0.234285369515419 
v 1.5865861177444458 1.2086338996887207 0.23479822278022766 
v 1.5817742347717285 1.2083234786987305 0.23759043216705322 
v 1.5815708637237549 1.2070335149765015 0.23713456094264984 
v 1.5769397020339966 1.207988977432251 0.2404111623764038 
v 1.5767589807510376 1.2067947387695312 0.2399980127811432 
v 1.5723085403442383 1.2081084251403809 0.24163632094860077 
v 1.5721278190612793 1.2070097923278809 0.24123743176460266 
v 1.5670222043991089 1.207248568534851 0.2426050454378128 
v 1.5672029256820679 1.208251714706421 0.2429896891117096 
v 1.563746452331543 1.2084906101226807 0.24337433278560638 
v 1.563565731048584 1.2075589895248413 0.2430039346218109 
v 1.5596799850463867 1.2087771892547607 0.24381594359874725 
v 1.5595219135284424 1.2079411745071411 0.24344556033611298 
v 1.5565398931503296 1.208203911781311 0.24384444952011108 
v 1.556697964668274 1.2089682817459106 0.24420060217380524 
v 1.5560880899429321 1.2090877294540405 0.244100883603096 
v 1.5567883253097534 1.2101386785507202 0.24437156319618225 
v 1.5562009811401367 1.2102103233337402 0.24428607523441315 
v 1.556336522102356 1.2114524841308594 0.24447128176689148 
v 1.5569238662719727 1.2113807201385498 0.2445567548274994 
v 1.5569690465927124 1.2124316692352295 0.24449977278709412 
v 1.559906005859375 1.2113568782806396 0.24412937462329865 
v 1.5597929954528809 1.2100192308425903 0.24397265911102295 
v 1.563859462738037 1.2098520994186401 0.24350254237651825 
v 1.567338466644287 1.2097088098526 0.24308939278125763 
v 1.5724440813064575 1.2097325325012207 0.24176453053951263 
v 1.5770752429962158 1.2097564935684204 0.2405536025762558 
v 1.5564947128295898 1.2122167348861694 0.2444000393152237 
v 1.5639950037002563 1.21133291721344 0.24363075196743011 
v 1.5599511861801147 1.2124793529510498 0.24405813217163086 
v 1.564040184020996 1.2125511169433594 0.24351680278778076 
v 1.5674740076065063 1.2113090753555298 0.24320337176322937 
v 1.5725796222686768 1.2115001678466797 0.2418927401304245 
v 1.5598381757736206 1.2130287885665894 0.2434740513563156 
v 1.5562009811401367 1.2102103233337402 0.24428607523441315 
v 1.556336522102356 1.2114524841308594 0.24447128176689148 
v 1.5558847188949585 1.2104252576828003 0.24365924298763275 
v 1.5560202598571777 1.2116434574127197 0.24390143156051636 
v 1.555816888809204 1.2119301557540894 0.24306093156337738 
v 1.5562913417816162 1.2126227617263794 0.24404390156269073 
v 1.5568561553955078 1.2129571437835693 0.24395841360092163 
v 1.5556813478469849 1.2106879949569702 0.24277599155902863 
v 1.5554554462432861 1.2109745740890503 0.24183575809001923 
v 1.5556361675262451 1.2122167348861694 0.24217766523361206 
v 1.5561106204986572 1.2128854990005493 0.243231862783432 
v 1.5554780960083008 1.2111896276474 0.24106647074222565 
v 1.5566754341125488 1.2132198810577393 0.24316063523292542 
v 1.5561106204986572 1.2128854990005493 0.243231862783432 
v 1.5674965381622314 1.2126227617263794 0.24306093156337738 
v 1.5726021528244019 1.2129333019256592 0.24176453053951263 
v 1.577210783958435 1.2116672992706299 0.2407103180885315 
v 1.581887125968933 1.2102103233337402 0.23784688115119934 
v 1.58669912815094 1.2106401920318604 0.23515436053276062 
v 1.5707497596740723 1.2080129384994507 0.2368638813495636 
v 1.5752227306365967 1.2078218460083008 0.23555324971675873 
v 1.5710208415985107 1.2073918581008911 0.23776139318943024 
v 1.5755164623260498 1.2071768045425415 0.2364649921655655 
v 1.5798540115356445 1.2081323862075806 0.23321691155433655 
v 1.5802154541015625 1.207439661026001 0.23398619890213013 
v 1.5845078229904175 1.2084667682647705 0.23088055849075317 
v 1.5658248662948608 1.208203911781311 0.23830275237560272 
v 1.5660507678985596 1.2076307535171509 0.23920024931430817 
v 1.5626846551895142 1.207988977432251 0.2397843301296234 
v 1.56248140335083 1.2085384130477905 0.23894381523132324 
v 1.5587538480758667 1.208395004272461 0.24046814441680908 
v 1.5585731267929077 1.2088966369628906 0.2396988421678543 
v 1.5557039976119995 1.2091833353042603 0.2403114289045334 
v 1.5558620691299438 1.2086817026138306 0.2410237342119217 
v 1.5561106204986572 1.208395004272461 0.2420637011528015 
v 1.5590249300003052 1.2081084251403809 0.2415793240070343 
v 1.5592960119247437 1.2078218460083008 0.24263353645801544 
v 1.563023567199707 1.2077022790908813 0.24098098278045654 
v 1.55561363697052 1.2087293863296509 0.24226313829421997 
v 1.5558395385742188 1.2084428071975708 0.24324612319469452 
v 1.556336522102356 1.2081323862075806 0.24306093156337738 
v 1.5553650856018066 1.2090160846710205 0.24125166237354279 
v 1.5553877353668213 1.2093744277954102 0.24069607257843018 
v 1.5552973747253418 1.21004319190979 0.2407103180885315 
v 1.5552973747253418 1.21004319190979 0.2407103180885315 
v 1.5552973747253418 1.2098520994186401 0.24152234196662903 
v 1.5555458068847656 1.20956552028656 0.24250531196594238 
v 1.5554554462432861 1.2109745740890503 0.24183575809001923 
v 1.5556813478469849 1.2106879949569702 0.24277599155902863 
v 1.5558847188949585 1.2104252576828003 0.24365924298763275 
v 1.5557491779327393 1.2092788219451904 0.24344556033611298 
v 1.5560880899429321 1.2090877294540405 0.244100883603096 
v 1.5561332702636719 1.2085145711898804 0.24378745257854462 
v 1.5554780960083008 1.2111896276474 0.24106647074222565 
v 1.55561363697052 1.2087293863296509 0.24226313829421997 
v 1.5562009811401367 1.2102103233337402 0.24428607523441315 
v 1.5595219135284424 1.2079411745071411 0.24344556033611298 
v 1.5633171796798706 1.207439661026001 0.2421206831932068 
v 1.563565731048584 1.2075589895248413 0.2430039346218109 
v 1.5670222043991089 1.207248568534851 0.2426050454378128 
v 1.5664122104644775 1.2073678970336914 0.24046814441680908 
v 1.5714274644851685 1.207105278968811 0.2390577793121338 
v 1.5759682655334473 1.2068663835525513 0.23778988420963287 
v 1.571811556816101 1.206818699836731 0.24029718339443207 
v 1.5667511224746704 1.2070813179016113 0.24169330298900604 
v 1.5721278190612793 1.2070097923278809 0.24123743176460266 
v 1.5763975381851196 1.2065798044204712 0.23904353380203247 
v 1.5767589807510376 1.2067947387695312 0.2399980127811432 
v 1.5811868906021118 1.2067947387695312 0.23626556992530823 
v 1.5815708637237549 1.2070335149765015 0.23713456094264984 
v 1.5863828659057617 1.207248568534851 0.234285369515419 
v 1.585976243019104 1.2070097923278809 0.23350182175636292 
v 1.5908106565475464 1.2074874639511108 0.2299545705318451 
v 1.5913077592849731 1.2073918581008911 0.2305956333875656 
v 1.595509648323059 1.207917332649231 0.2265070229768753 
v 1.5961196422576904 1.2075351476669312 0.22699140012264252 
v 1.5807124376296997 1.207105278968811 0.23515436053276062 
v 1.5948997735977173 1.2083234786987305 0.22600843012332916 
v 1.5902233123779297 1.207845687866211 0.22922801971435547 
v 1.5942219495773315 1.2087293863296509 0.22546707093715668 
v 1.5896133184432983 1.2082278728485107 0.2284587323665619 
v 1.5935442447662354 1.2091593742370605 0.2249257117509842 
v 1.5890711545944214 1.2088249921798706 0.22786039113998413 
v 1.5848917961120605 1.2077022790908813 0.2315216213464737 
v 1.5854566097259521 1.2073441743850708 0.23253309726715088 
v 1.5935442447662354 1.2091593742370605 0.2249257117509842 
v 1.5890711545944214 1.2088249921798706 0.22786039113998413 
v 1.5936119556427002 1.21133291721344 0.22558102011680603 
v 1.5890711545944214 1.21066415309906 0.22825928032398224 
v 1.5936572551727295 1.2135064601898193 0.22623635828495026 
v 1.5891615152359009 1.2127660512924194 0.22884336113929749 
v 1.5845530033111572 1.2120256423950195 0.2315216213464737 
v 1.584439992904663 1.2099953889846802 0.23099452257156372 
v 1.5798313617706299 1.2095892429351807 0.23324540257453918 
v 1.5845078229904175 1.2084667682647705 0.23088055849075317 
v 1.5798540115356445 1.2081323862075806 0.23321691155433655 
v 1.5752227306365967 1.2078218460083008 0.23555324971675873 
v 1.5752227306365967 1.2091593742370605 0.23551051318645477 
v 1.5707497596740723 1.2080129384994507 0.2368638813495636 
v 1.5707722902297974 1.2092548608779907 0.23680691421031952 
v 1.5753809213638306 1.2109267711639404 0.23590940237045288 
v 1.5709304809570312 1.2108790874481201 0.23719154298305511 
v 1.566028118133545 1.2108312845230103 0.2386019080877304 
v 1.5799669027328491 1.21147620677948 0.23370127379894257 
v 1.5658248662948608 1.208203911781311 0.23830275237560272 
v 1.5658700466156006 1.2093504667282104 0.23824577033519745 
v 1.5625265836715698 1.2095892429351807 0.2389010787010193 
v 1.5627073049545288 1.2109507322311401 0.23925723135471344 
v 1.5586183071136475 1.2098759412765503 0.23967035114765167 
v 1.5587990283966064 1.2111178636550903 0.24004076421260834 
v 1.5559298992156982 1.2112374305725098 0.24066758155822754 
v 1.5557491779327393 1.2100908756256104 0.24029718339443207 
v 1.5554780960083008 1.2111896276474 0.24106647074222565 
v 1.56248140335083 1.2085384130477905 0.23894381523132324 
v 1.5585731267929077 1.2088966369628906 0.2396988421678543 
v 1.5539418458938599 1.2311816215515137 0.2464514821767807 
v 1.5572175979614258 1.2314205169677734 0.24563944339752197 
v 1.5563139915466309 1.2324713468551636 0.24431456625461578 
v 1.5607192516326904 1.2317070960998535 0.24477045238018036 
v 1.5599285364151 1.2327580451965332 0.24341706931591034 
v 1.5645371675491333 1.2320175170898438 0.24381594359874725 
v 1.5638368129730225 1.233068585395813 0.2424483299255371 
v 1.569597601890564 1.2335222959518433 0.24100948870182037 
v 1.5637012720108032 1.2330446243286133 0.2405536025762558 
v 1.5598833560943604 1.232734203338623 0.2415081113576889 
v 1.5563591718673706 1.232447624206543 0.24237710237503052 
v 1.570162296295166 1.232447624206543 0.24240559339523315 
v 1.5743869543075562 1.232782006263733 0.2413513958454132 
v 1.5739350318908691 1.2338566780090332 0.2399268001317978 
v 1.579469919204712 1.2331879138946533 0.2400835007429123 
v 1.5791536569595337 1.2342628240585327 0.23861615359783173 
v 1.585162878036499 1.2336418628692627 0.2386731505393982 
v 1.5693038702011108 1.2334744930267334 0.2391575127840042 
v 1.573551058769226 1.233808994293213 0.23810330033302307 
v 1.5786340236663818 1.2342150211334229 0.23682115972042084 
v 1.584326982498169 1.2346687316894531 0.23541079461574554 
v 1.5850048065185547 1.2347404956817627 0.23716305196285248 
v 1.5891389846801758 1.235050916671753 0.23613734543323517 
v 1.5892066955566406 1.233952283859253 0.237661674618721 
v 1.5938379764556885 1.2354332208633423 0.23495492339134216 
v 1.5937927961349487 1.2343106269836426 0.23652198910713196 
v 1.5971136093139648 1.234573245048523 0.2356814742088318 
v 1.597249150276184 1.2356958389282227 0.234114408493042 
v 1.5977914333343506 1.2354810237884521 0.2338864803314209 
v 1.5976332426071167 1.234358310699463 0.235467791557312 
v 1.5883482694625854 1.2349793910980225 0.23439933359622955 
v 1.592934250831604 1.2353376150131226 0.2332596480846405 
v 1.5962778329849243 1.2356003522872925 0.23243337869644165 
v 1.5977914333343506 1.2354810237884521 0.2338864803314209 
v 1.5967973470687866 1.2353852987289429 0.23220545053482056 
v 1.553038239479065 1.2309187650680542 0.24662241339683533 
v 1.552044153213501 1.2319458723068237 0.24532604217529297 
v 1.5529704093933105 1.2322086095809937 0.24515508115291595 
v 1.5531059503555298 1.2322086095809937 0.24318914115428925 
v 1.5521798133850098 1.2319458723068237 0.24336007237434387 
v 1.5679936408996582 1.1891435384750366 0.22458381950855255 
v 1.573189616203308 1.1895495653152466 0.2232874184846878 
v 1.5735735893249512 1.1884747743606567 0.22474052011966705 
v 1.578927755355835 1.1900033950805664 0.22184857726097107 
v 1.568242073059082 1.1880449056625366 0.22606539726257324 
v 1.5629783868789673 1.1887613534927368 0.22583746910095215 
v 1.5631139278411865 1.187638759613037 0.22734753787517548 
v 1.5595219135284424 1.187352180480957 0.22824504971504211 
v 1.5638142824172974 1.1877342462539673 0.2290855497121811 
v 1.5688294172286987 1.188116431236267 0.227846160531044 
v 1.5740253925323486 1.1885225772857666 0.22654975950717926 
v 1.579469919204712 1.188928484916687 0.22325892746448517 
v 1.579763650894165 1.1889762878417969 0.22511091828346252 
v 1.5850273370742798 1.1893824338912964 0.22380027174949646 
v 1.5848466157913208 1.1893584728240967 0.22191978991031647 
v 1.5895004272460938 1.1897168159484863 0.2207658886909485 
v 1.5841914415359497 1.190409541130066 0.220537930727005 
v 1.5887097120285034 1.190767765045166 0.21941250562667847 
v 1.5937927961349487 1.1900511980056763 0.21968317031860352 
v 1.5895456075668335 1.1897406578063965 0.22267484664916992 
v 1.593747615814209 1.190075159072876 0.2216348797082901 
v 1.5971136093139648 1.1903377771377563 0.2207801192998886 
v 1.5594767332077026 1.1884747743606567 0.22670646011829376 
v 1.592911720275879 1.191102147102356 0.21837253868579865 
v 1.5962778329849243 1.1913648843765259 0.21753203868865967 
v 1.597249150276184 1.1903377771377563 0.21882840991020203 
v 1.5977914333343506 1.1905766725540161 0.21875718235969543 
v 1.5967973470687866 1.1916037797927856 0.21746079623699188 
v 1.5977914333343506 1.1905766725540161 0.21875718235969543 
v 1.5976332426071167 1.1905766725540161 0.22072313725948334 
v 1.5603126287460327 1.1874476671218872 0.22996880114078522 
v 1.5563139915466309 1.187137246131897 0.23096603155136108 
v 1.5554102659225464 1.1870416402816772 0.22927075624465942 
v 1.5533771514892578 1.1868982315063477 0.2316925823688507 
v 1.5523830652236938 1.1868027448654175 0.23001155257225037 
v 1.5518860816955566 1.1868982315063477 0.2301824986934662 
v 1.552880048751831 1.186993956565857 0.23186352849006653 
v 1.5554554462432861 1.188164234161377 0.22770369052886963 
v 1.5525412559509277 1.1879253387451172 0.22844448685646057 
v 1.5518860816955566 1.1868982315063477 0.2301824986934662 
v 1.552044153213501 1.188020944595337 0.22860120236873627 
v 1.5969780683517456 1.2209348678588867 0.2272905707359314 
v 1.5979721546173096 1.2206482887268066 0.22884336113929749 
v 1.5969780683517456 1.2287452220916748 0.22992607951164246 
v 1.5979721546173096 1.2286736965179443 0.23155011236667633 
v 1.5969780683517456 1.2346210479736328 0.23190627992153168 
v 1.5969780683517456 1.2132437229156494 0.22471202909946442 
v 1.5979721546173096 1.2127660512924194 0.2261936217546463 
v 1.5979721546173096 1.2050750255584717 0.2236008495092392 
v 1.5978139638900757 1.2122167348861694 0.22796010971069336 
v 1.5978139638900757 1.2199077606201172 0.23055289685726166 
v 1.5978139638900757 1.2277182340621948 0.2331884205341339 
v 1.5978139638900757 1.2335940599441528 0.23516862094402313 
v 1.5979721546173096 1.2346926927566528 0.2335730642080307 
v 1.5977914333343506 1.2354810237884521 0.2338864803314209 
v 1.5967973470687866 1.2353852987289429 0.23220545053482056 
v 1.5969780683517456 1.2057437896728516 0.22217623889446259 
v 1.5979721546173096 1.1969540119171143 0.22086560726165771 
v 1.5978139638900757 1.1968107223510742 0.22277456521987915 
v 1.5978139638900757 1.204716682434082 0.22543857991695404 
v 1.5976332426071167 1.234358310699463 0.235467791557312 
v 1.5969780683517456 1.1978377103805542 0.2195122390985489 
v 1.5969780683517456 1.1921769380569458 0.21760325133800507 
v 1.5979721546173096 1.191173791885376 0.21891389787197113 
v 1.5977914333343506 1.1905766725540161 0.21875718235969543 
v 1.5967973470687866 1.1916037797927856 0.21746079623699188 
v 1.5978139638900757 1.1911498308181763 0.22086560726165771 
v 1.5977914333343506 1.1905766725540161 0.21875718235969543 
v 1.5976332426071167 1.1905766725540161 0.22072313725948334 
v 1.552880048751831 1.186993956565857 0.23186352849006653 
v 1.5527219772338867 1.1873761415481567 0.23203448951244354 
v 1.5518860816955566 1.1868982315063477 0.2301824986934662 
v 1.5517278909683228 1.1873043775558472 0.23036769032478333 
v 1.5517278909683228 1.1930607557296753 0.23230516910552979 
v 1.5527219772338867 1.1929891109466553 0.23392920196056366 
v 1.5527219772338867 1.2010383605957031 0.2366359531879425 
v 1.5517278909683228 1.201301097869873 0.23508313298225403 
v 1.5527219772338867 1.2087771892547607 0.23924297094345093 
v 1.5517278909683228 1.2092311382293701 0.23776139318943024 
v 1.5517278909683228 1.2180685997009277 0.24073880910873413 
v 1.5527219772338867 1.2173998355865479 0.24214917421340942 
v 1.5527219772338867 1.2245893478393555 0.2445710003376007 
v 1.5517278909683228 1.2254729270935059 0.243231862783432 
v 1.5527219772338867 1.230345606803894 0.24650846421718597 
v 1.5518860816955566 1.225616216659546 0.24132290482521057 
v 1.5518860816955566 1.2184269428253174 0.23888683319091797 
v 1.5518860816955566 1.2098042964935303 0.23598062992095947 
v 1.5518860816955566 1.2020655870437622 0.23338785767555237 
v 1.5518860816955566 1.1940399408340454 0.2306668609380722 
v 1.5518860816955566 1.1884030103683472 0.2287863940000534 
v 1.5518860816955566 1.1868982315063477 0.2301824986934662 
v 1.552044153213501 1.188020944595337 0.22860120236873627 
v 1.5518860816955566 1.2313727140426636 0.24326035380363464 
v 1.5517278909683228 1.2313727140426636 0.24521206319332123 
v 1.552044153213501 1.2319458723068237 0.24532604217529297 
v 1.5521798133850098 1.2319458723068237 0.24336007237434387 
v 1.552044153213501 1.2319458723068237 0.24532604217529297 
v 1.553038239479065 1.2309187650680542 0.24662241339683533 
v 1.5688294172286987 1.188116431236267 0.227846160531044 
v 1.5740253925323486 1.1885225772857666 0.22654975950717926 
v 1.574251413345337 1.1900511980056763 0.22763246297836304 
v 1.579763650894165 1.1889762878417969 0.22511091828346252 
v 1.5694620609283447 1.1896928548812866 0.22882913053035736 
v 1.5638142824172974 1.1877342462539673 0.2290855497121811 
v 1.5659152269363403 1.1918185949325562 0.230040043592453 
v 1.5656893253326416 1.1911261081695557 0.23023948073387146 
v 1.5700267553329468 1.1921292543411255 0.2290143221616745 
v 1.5699363946914673 1.1914604902267456 0.2291852831840515 
v 1.5743417739868164 1.1917948722839355 0.2280883491039276 
v 1.5630460977554321 1.191579818725586 0.2307523488998413 
v 1.562729835510254 1.190887212753296 0.2309802919626236 
v 1.5597478151321411 1.191317081451416 0.23157861828804016 
v 1.5593411922454834 1.1906243562698364 0.23182079195976257 
v 1.5568561553955078 1.190433382987976 0.23244762420654297 
v 1.55733060836792 1.1911498308181763 0.23217695951461792 
v 1.5569465160369873 1.1912215948104858 0.2323193997144699 
v 1.55644953250885 1.190505027770996 0.23259007930755615 
v 1.5563139915466309 1.190839409828186 0.23273254930973053 
v 1.556810975074768 1.191532015800476 0.2324618697166443 
v 1.556810975074768 1.1961419582366943 0.23401468992233276 
v 1.5563139915466309 1.1955925226211548 0.23432809114456177 
v 1.556810975074768 1.202734351158142 0.2362370640039444 
v 1.5563139915466309 1.2023999691009521 0.2366217076778412 
v 1.5563139915466309 1.2089444398880005 0.2388298511505127 
v 1.556810975074768 1.2090877294540405 0.23837397992610931 
v 1.556810975074768 1.2161577939987183 0.24075305461883545 
v 1.5563139915466309 1.2162293195724487 0.24128015339374542 
v 1.556810975074768 1.2220573425292969 0.242747500538826 
v 1.5563139915466309 1.2223201990127563 0.24334584176540375 
v 1.5563139915466309 1.227192759513855 0.24498413503170013 
v 1.556810975074768 1.226786732673645 0.24434307217597961 
v 1.557059407234192 1.227264404296875 0.24442853033542633 
v 1.5565624237060547 1.2276705503463745 0.24506959319114685 
v 1.557353138923645 1.227885365486145 0.24492715299129486 
v 1.5578049421310425 1.227455496788025 0.24428607523441315 
v 1.560470700263977 1.2276705503463745 0.24361652135849 
v 1.560109257698059 1.2281004190444946 0.2442433387041092 
v 1.5633623600006104 1.2279093265533447 0.2429042011499405 
v 1.5630687475204468 1.2283393144607544 0.24350254237651825 
v 1.558731198310852 1.2296768426895142 0.2452690452337265 
v 1.5557265281677246 1.2294379472732544 0.24600984156131744 
v 1.554890751838684 1.2291991710662842 0.24616654217243195 
v 1.554597020149231 1.2286736965179443 0.24606682360172272 
v 1.554597020149231 1.2233473062515259 0.24428607523441315 
v 1.554597020149231 1.2167071104049683 0.24203521013259888 
v 1.554597020149231 1.2087533473968506 0.23935694992542267 
v 1.554597020149231 1.2016116380691528 0.23696361482143402 
v 1.5527219772338867 1.2087771892547607 0.23924297094345093 
v 1.5527219772338867 1.2173998355865479 0.24214917421340942 
v 1.5527219772338867 1.2245893478393555 0.2445710003376007 
v 1.5527219772338867 1.230345606803894 0.24650846421718597 
v 1.553038239479065 1.2309187650680542 0.24662241339683533 
v 1.5539418458938599 1.2311816215515137 0.2464514821767807 
v 1.5572175979614258 1.2314205169677734 0.24563944339752197 
v 1.5619843006134033 1.2299156188964844 0.24445702135562897 
v 1.5607192516326904 1.2317070960998535 0.24477045238018036 
v 1.5645371675491333 1.2320175170898438 0.24381594359874725 
v 1.5662992000579834 1.2286019325256348 0.24269051849842072 
v 1.566502571105957 1.2281482219696045 0.2421206831932068 
v 1.5711112022399902 1.2285064458847046 0.24096675217151642 
v 1.5710660219192505 1.2289602756500244 0.2415081113576889 
v 1.5745676755905151 1.2287930250167847 0.24011199176311493 
v 1.57463538646698 1.2292468547821045 0.24061059951782227 
v 1.578747034072876 1.2291035652160645 0.2390577793121338 
v 1.5706819295883179 1.230608344078064 0.2422773838043213 
v 1.5655086040496826 1.230202317237854 0.24357376992702484 
v 1.570162296295166 1.232447624206543 0.24240559339523315 
v 1.5745902061462402 1.2309187650680542 0.24130865931510925 
v 1.5743869543075562 1.232782006263733 0.2413513958454132 
v 1.579289197921753 1.2312771081924438 0.24014048278331757 
v 1.579469919204712 1.2331879138946533 0.2400835007429123 
v 1.585162878036499 1.2336418628692627 0.2386731505393982 
v 1.5845530033111572 1.2317070960998535 0.2388298511505127 
v 1.588257908821106 1.2319936752319336 0.23790384829044342 
v 1.583762288093567 1.2299634218215942 0.23834547400474548 
v 1.57895028591156 1.2295812368392944 0.2395421415567398 
v 1.583423376083374 1.2294857501983643 0.23790384829044342 
v 1.586721658706665 1.2297484874725342 0.23707757890224457 
v 1.587173581123352 1.2302262783050537 0.237490713596344 
v 1.5904943943023682 1.2300351858139038 0.23613734543323517 
v 1.5892066955566406 1.233952283859253 0.237661674618721 
v 1.5925050973892212 1.2323280572891235 0.23684965074062347 
v 1.5937927961349487 1.2343106269836426 0.23652198910713196 
v 1.5971136093139648 1.234573245048523 0.2356814742088318 
v 1.5955774784088135 1.2325669527053833 0.2360803633928299 
v 1.596051812171936 1.2323518991470337 0.23588091135025024 
v 1.5976332426071167 1.234358310699463 0.235467791557312 
v 1.5978139638900757 1.2335940599441528 0.23516862094402313 
v 1.5962326526641846 1.2316592931747437 0.23559600114822388 
v 1.5962326526641846 1.2262372970581055 0.23377250134944916 
v 1.5978139638900757 1.2277182340621948 0.2331884205341339 
v 1.5962326526641846 1.2190239429473877 0.23133642971515656 
v 1.5978139638900757 1.2199077606201172 0.23055289685726166 
v 1.5978139638900757 1.2122167348861694 0.22796010971069336 
v 1.5962326526641846 1.2119301557540894 0.2289431095123291 
v 1.5962326526641846 1.205003261566162 0.22660674154758453 
v 1.5978139638900757 1.204716682434082 0.22543857991695404 
v 1.5962326526641846 1.1976944208145142 0.2241564393043518 
v 1.5978139638900757 1.1968107223510742 0.22277456521987915 
v 1.5978139638900757 1.1911498308181763 0.22086560726165771 
v 1.5962326526641846 1.192487359046936 0.22238992154598236 
v 1.596051812171936 1.1919620037078857 0.2222617119550705 
v 1.5976332426071167 1.1905766725540161 0.22072313725948334 
v 1.5971136093139648 1.1903377771377563 0.2207801192998886 
v 1.5955774784088135 1.1917470693588257 0.22231870889663696 
v 1.5924599170684814 1.1914842128753662 0.22310222685337067 
v 1.593747615814209 1.190075159072876 0.2216348797082901 
v 1.5895456075668335 1.1897406578063965 0.22267484664916992 
v 1.5885968208312988 1.1911976337432861 0.2240709513425827 
v 1.5850273370742798 1.1893824338912964 0.22380027174949646 
v 1.5844173431396484 1.1908632516860962 0.22511091828346252 
v 1.5795602798461914 1.1904810667037964 0.22632183134555817 
v 1.5791988372802734 1.1921769380569458 0.22687742114067078 
v 1.574273943901062 1.1924636363983154 0.22796010971069336 
v 1.5789954662322998 1.1928457021713257 0.22677770256996155 
v 1.5836267471313477 1.192535161972046 0.22576624155044556 
v 1.5874671936035156 1.1928457021713257 0.22481174767017365 
v 1.59101402759552 1.1931085586547852 0.22392849624156952 
v 1.5938605070114136 1.193347454071045 0.2232161909341812 
v 1.590471863746643 1.1937533617019653 0.2239142507314682 
v 1.5932279825210571 1.193968415260315 0.22323043644428253 
v 1.5936572551727295 1.1941595077514648 0.22317346930503845 
v 1.5833104848861694 1.1931800842285156 0.22570925951004028 
v 1.5870153903961182 1.1934667825698853 0.2247690111398697 
v 1.594312310218811 1.1935384273529053 0.22315920889377594 
v 1.594470500946045 1.1940399408340454 0.22327318787574768 
v 1.5937927961349487 1.1946371793746948 0.2232874184846878 
v 1.5937927961349487 1.1992709636688232 0.2248544991016388 
v 1.594470500946045 1.1988170146942139 0.22488299012184143 
v 1.594470500946045 1.2055048942565918 0.22714810073375702 
v 1.594470500946045 1.2118583917617798 0.22928500175476074 
v 1.5937927961349487 1.2057437896728516 0.22703412175178528 
v 1.594470500946045 1.2183551788330078 0.23146463930606842 
v 1.594470500946045 1.2249714136123657 0.23370127379894257 
v 1.594470500946045 1.229939579963684 0.2353680580854416 
v 1.5937927961349487 1.2246370315551758 0.2334021031856537 
v 1.5937927961349487 1.2294379472732544 0.23502615094184875 
v 1.5937927961349487 1.2119301557540894 0.22911404073238373 
v 1.5937927961349487 1.2182118892669678 0.23123671114444733 
v 1.594312310218811 1.2305843830108643 0.23563872277736664 
v 1.5938605070114136 1.2307754755020142 0.23582392930984497 
v 1.5936572551727295 1.2300828695297241 0.23526833951473236 
v 1.5932279825210571 1.2302500009536743 0.2354535311460495 
v 1.5910592079162598 1.230536699295044 0.23652198910713196 
v 1.5648534297943115 1.1893106698989868 0.22998306155204773 
v 1.5616228580474854 1.189071774482727 0.23079507052898407 
v 1.5603126287460327 1.1874476671218872 0.22996880114078522 
v 1.5579179525375366 1.188785195350647 0.23172107338905334 
v 1.5563139915466309 1.187137246131897 0.23096603155136108 
v 1.5552070140838623 1.188570261001587 0.2323906421661377 
v 1.5547552108764648 1.188641905784607 0.2325473427772522 
v 1.5533771514892578 1.1868982315063477 0.2316925823688507 
v 1.552880048751831 1.186993956565857 0.23186352849006653 
v 1.554597020149231 1.1890002489089966 0.2327040433883667 
v 1.554597020149231 1.194183349609375 0.23445630073547363 
v 1.5527219772338867 1.1873761415481567 0.23203448951244354 
v 1.5527219772338867 1.2010383605957031 0.2366359531879425 
v 1.5527219772338867 1.1929891109466553 0.23392920196056366 
v 1.5531059503555298 1.2322086095809937 0.24318914115428925 
v 1.5563591718673706 1.232447624206543 0.24237710237503052 
v 1.5576242208480835 1.2310383319854736 0.24092400074005127 
v 1.5598833560943604 1.232734203338623 0.2415081113576889 
v 1.5608547925949097 1.231300950050354 0.24011199176311493 
v 1.5637012720108032 1.2330446243286133 0.2405536025762558 
v 1.5643789768218994 1.2315638065338135 0.2392287403345108 
v 1.5695749521255493 1.2319697141647339 0.23793233931064606 
v 1.5652375221252441 1.2298918962478638 0.23855917155742645 
v 1.562006950378418 1.229653000831604 0.23935694992542267 
v 1.5590249300003052 1.2294141054153442 0.24011199176311493 
v 1.5693038702011108 1.2334744930267334 0.2391575127840042 
v 1.573551058769226 1.233808994293213 0.23810330033302307 
v 1.5734606981277466 1.2322803735733032 0.23696361482143402 
v 1.5786340236663818 1.2342150211334229 0.23682115972042084 
v 1.5781822204589844 1.2326624393463135 0.23579543828964233 
v 1.584326982498169 1.2346687316894531 0.23541079461574554 
v 1.569981575012207 1.230273962020874 0.23737674951553345 
v 1.5735735893249512 1.2305606603622437 0.236479252576828 
v 1.5778659582138062 1.2308950424194336 0.23541079461574554 
v 1.582700490951538 1.2312771081924438 0.2341998815536499 
v 1.583423376083374 1.233068585395813 0.23448479175567627 
v 1.5871509313583374 1.233355164527893 0.23355881869792938 
v 1.5883482694625854 1.2349793910980225 0.23439933359622955 
v 1.592934250831604 1.2353376150131226 0.2332596480846405 
v 1.591375470161438 1.233689546585083 0.23250459134578705 
v 1.5962778329849243 1.2356003522872925 0.23243337869644165 
v 1.5944478511810303 1.2339284420013428 0.23173531889915466 
v 1.5927987098693848 1.2320653200149536 0.2316783368587494 
v 1.594944953918457 1.2337373495101929 0.2315358817577362 
v 1.5967973470687866 1.2353852987289429 0.23220545053482056 
v 1.5969780683517456 1.2346210479736328 0.23190627992153168 
v 1.5860891342163086 1.2315398454666138 0.23335938155651093 
v 1.5899748802185059 1.2318503856658936 0.2323906421661377 
v 1.5932505130767822 1.2318742275238037 0.23149313032627106 
v 1.5933860540390015 1.2312294244766235 0.23123671114444733 
v 1.5951030254364014 1.2330207824707031 0.23125094175338745 
v 1.5951030254364014 1.2276227474212646 0.22942747175693512 
v 1.5969780683517456 1.2287452220916748 0.22992607951164246 
v 1.5969780683517456 1.2209348678588867 0.2272905707359314 
v 1.5951030254364014 1.2203854322433472 0.22699140012264252 
v 1.5969780683517456 1.2132437229156494 0.22471202909946442 
v 1.5951030254364014 1.213315486907959 0.22459805011749268 
v 1.5933860540390015 1.2131720781326294 0.22515363991260529 
v 1.5951030254364014 1.2063647508621216 0.2222617119550705 
v 1.5969780683517456 1.2057437896728516 0.22217623889446259 
v 1.5969780683517456 1.1978377103805542 0.2195122390985489 
v 1.5951030254364014 1.1990798711776733 0.21981137990951538 
v 1.5969780683517456 1.1921769380569458 0.21760325133800507 
v 1.5933860540390015 1.2262850999832153 0.2295699119567871 
v 1.5933860540390015 1.2196449041366577 0.22733329236507416 
v 1.5933860540390015 1.2067947387695312 0.22300250828266144 
v 1.5933860540390015 1.2001068592071533 0.22075162827968597 
v 1.5933860540390015 1.1953297853469849 0.21914182603359222 
v 1.5951030254364014 1.193848967552185 0.21804487705230713 
v 1.594944953918457 1.1933234930038452 0.21791666746139526 
v 1.5967973470687866 1.1916037797927856 0.21746079623699188 
v 1.5962778329849243 1.1913648843765259 0.21753203868865967 
v 1.5944478511810303 1.1931085586547852 0.21797364950180054 
v 1.5913302898406982 1.1928695440292358 0.21875718235969543 
v 1.5927987098693848 1.1946371793746948 0.21907059848308563 
v 1.5932505130767822 1.1948521137237549 0.21901361644268036 
v 1.592911720275879 1.191102147102356 0.21837253868579865 
v 1.5887097120285034 1.190767765045166 0.21941250562667847 
v 1.5874671936035156 1.1925591230392456 0.21972592175006866 
v 1.5841914415359497 1.190409541130066 0.220537930727005 
v 1.5832878351211548 1.1922247409820557 0.2207658886909485 
v 1.5784307718276978 1.1918425559997559 0.22197678685188293 
v 1.5825649499893188 1.193848967552185 0.22162064909934998 
v 1.5864053964614868 1.1941355466842651 0.22066614031791687 
v 1.5899522304534912 1.1944221258163452 0.21978288888931274 
v 1.578927755355835 1.1900033950805664 0.22184857726097107 
v 1.573189616203308 1.1895495653152466 0.2232874184846878 
v 1.5731444358825684 1.191436529159546 0.2232874184846878 
v 1.5679936408996582 1.1891435384750366 0.22458381950855255 
v 1.5683550834655762 1.191054344177246 0.22448410093784332 
v 1.5629783868789673 1.1887613534927368 0.22583746910095215 
v 1.5637238025665283 1.190696120262146 0.2256380170583725 
v 1.5646275281906128 1.1924396753311157 0.22609388828277588 
v 1.5604933500289917 1.190433382987976 0.22645004093647003 
v 1.5594767332077026 1.1884747743606567 0.22670646011829376 
v 1.5554554462432861 1.188164234161377 0.22770369052886963 
v 1.5567883253097534 1.1901466846466064 0.2273760288953781 
v 1.5525412559509277 1.1879253387451172 0.22844448685646057 
v 1.5781145095825195 1.193490743637085 0.2227318286895752 
v 1.573257327079773 1.1931085586547852 0.22394274175167084 
v 1.5688745975494385 1.1927740573883057 0.22503969073295593 
v 1.561668038368225 1.192200779914856 0.22683469951152802 
v 1.5582793951034546 1.1919381618499756 0.2276894599199295 
v 1.555794358253479 1.191723108291626 0.2283020317554474 
v 1.554077386856079 1.1899316310882568 0.22804559767246246 
v 1.5536255836486816 1.1900273561477661 0.22820229828357697 
v 1.552044153213501 1.188020944595337 0.22860120236873627 
v 1.5518860816955566 1.1884030103683472 0.2287863940000534 
v 1.5534675121307373 1.1903855800628662 0.22835901379585266 
v 1.5534675121307373 1.195568561553955 0.2301112711429596 
v 1.5552295446395874 1.192152976989746 0.22860120236873627 
v 1.5553650856018066 1.1918185949325562 0.22844448685646057 
v 1.5518860816955566 1.1940399408340454 0.2306668609380722 
v 1.5518860816955566 1.2020655870437622 0.23338785767555237 
v 1.5534675121307373 1.2029969692230225 0.2326185703277588 
v 1.5518860816955566 1.2098042964935303 0.23598062992095947 
v 1.5534675121307373 1.2101147174835205 0.23501192033290863 
v 1.5534675121307373 1.2180685997009277 0.23769015073776245 
v 1.5552295446395874 1.21023428440094 0.23469848930835724 
v 1.5552295446395874 1.203689694404602 0.23249036073684692 
v 1.5552295446395874 1.196906328201294 0.2301967591047287 
v 1.5518860816955566 1.2184269428253174 0.23888683319091797 
v 1.5518860816955566 1.225616216659546 0.24132290482521057 
v 1.5534675121307373 1.2247326374053955 0.23994103074073792 
v 1.5518860816955566 1.2313727140426636 0.24326035380363464 
v 1.5534675121307373 1.2300351858139038 0.24172179400920868 
v 1.5537611246109009 1.2305606603622437 0.2418215125799179 
v 1.5552295446395874 1.2285064458847046 0.24083854258060455 
v 1.5552295446395874 1.223633885383606 0.23920024931430817 
v 1.5552295446395874 1.217543125152588 0.23714882135391235 
v 1.5521798133850098 1.2319458723068237 0.24336007237434387 
v 1.554597020149231 1.2307994365692139 0.2416648119688034 
v 1.5562688112258911 1.2291991710662842 0.2407957911491394 
v 1.5555006265640259 1.2289841175079346 0.24093826115131378 
v 1.5741157531738281 1.192678451538086 0.22730480134487152 
v 1.574273943901062 1.1924636363983154 0.22796010971069336 
v 1.5698460340499878 1.192344069480896 0.22837325930595398 
v 1.5700267553329468 1.1921292543411255 0.2290143221616745 
v 1.5657345056533813 1.192009687423706 0.22939898073673248 
v 1.5659152269363403 1.1918185949325562 0.230040043592453 
v 1.5630460977554321 1.191579818725586 0.2307523488998413 
v 1.5628653764724731 1.1917948722839355 0.2301112711429596 
v 1.5595670938491821 1.191532015800476 0.23093754053115845 
v 1.5597478151321411 1.191317081451416 0.23157861828804016 
v 1.557172417640686 1.1913409233093262 0.2315358817577362 
v 1.55733060836792 1.1911498308181763 0.23217695951461792 
v 1.5569465160369873 1.1912215948104858 0.2323193997144699 
v 1.5567657947540283 1.1914126873016357 0.23166409134864807 
v 1.5564947128295898 1.1917709112167358 0.23056714236736298 
v 1.556878685951233 1.1916992664337158 0.2304246872663498 
v 1.5592960119247437 1.1918903589248657 0.22982636094093323 
v 1.5625942945480347 1.192152976989746 0.22900009155273438 
v 1.5654634237289429 1.1923680305480957 0.22828777134418488 
v 1.5695749521255493 1.1927024126052856 0.22726207971572876 
v 1.5651696920394897 1.1927262544631958 0.22717659175395966 
v 1.5789954662322998 1.1928457021713257 0.22677770256996155 
v 1.5788147449493408 1.1930367946624756 0.22613663971424103 
v 1.5738221406936646 1.1930367946624756 0.2261936217546463 
v 1.5692813396453857 1.1930367946624756 0.22615087032318115 
v 1.573551058769226 1.1933711767196655 0.2250966727733612 
v 1.5785436630249023 1.1933951377868652 0.22502543032169342 
v 1.583129644393921 1.1933951377868652 0.22505392134189606 
v 1.5833104848861694 1.1931800842285156 0.22570925951004028 
v 1.5870153903961182 1.1934667825698853 0.2247690111398697 
v 1.5868571996688843 1.1936818361282349 0.22412794828414917 
v 1.590471863746643 1.1937533617019653 0.2239142507314682 
v 1.590291142463684 1.1939444541931152 0.22327318787574768 
v 1.5930697917938232 1.1941595077514648 0.2225751280784607 
v 1.589997410774231 1.1943027973175049 0.22216197848320007 
v 1.5927761793136597 1.194517731666565 0.2214781790971756 
v 1.5932053327560425 1.1947087049484253 0.22142119705677032 
v 1.5934990644454956 1.1943506002426147 0.22251813113689423 
v 1.5936572551727295 1.1941595077514648 0.22317346930503845 
v 1.5932279825210571 1.193968415260315 0.22323043644428253 
v 1.5865635871887207 1.1940399408340454 0.22301673889160156 
v 1.5828585624694824 1.1937295198440552 0.22394274175167084 
v 1.5825649499893188 1.1940877437591553 0.22284579277038574 
v 1.5782500505447388 1.1937533617019653 0.2239142507314682 
v 1.573370337486267 1.1935862302780151 0.22444134950637817 
v 1.5691231489181519 1.1932518482208252 0.22550980746746063 
v 1.5650115013122559 1.1929173469543457 0.22653552889823914 
v 1.5621198415756226 1.1927024126052856 0.22724781930446625 
v 1.5623005628585815 1.192487359046936 0.22790314257144928 
v 1.5588442087173462 1.1924396753311157 0.2280740886926651 
v 1.5590022802352905 1.1922247409820557 0.22871515154838562 
v 1.5565850734710693 1.1920336484909058 0.22931349277496338 
v 1.5564268827438354 1.1922485828399658 0.22867242991924286 
v 1.5560202598571777 1.1923203468322754 0.22880063951015472 
v 1.5562009811401367 1.1921292543411255 0.22945596277713776 
v 1.5934990644454956 1.230273962020874 0.23462726175785065 
v 1.5936572551727295 1.2300828695297241 0.23526833951473236 
v 1.5936346054077148 1.229653000831604 0.23437084257602692 
v 1.5937927961349487 1.2294379472732544 0.23502615094184875 
v 1.5937927961349487 1.2246370315551758 0.2334021031856537 
v 1.5936346054077148 1.2248281240463257 0.23274677991867065 
v 1.5936346054077148 1.2184269428253174 0.2305956333875656 
v 1.5937927961349487 1.2182118892669678 0.23123671114444733 
v 1.5936346054077148 1.2121212482452393 0.2284729778766632 
v 1.5937927961349487 1.2119301557540894 0.22911404073238373 
v 1.5937927961349487 1.2057437896728516 0.22703412175178528 
v 1.5936346054077148 1.2059588432312012 0.22639305889606476 
v 1.5936346054077148 1.1994620561599731 0.22419916093349457 
v 1.5937927961349487 1.1992709636688232 0.2248544991016388 
v 1.5936346054077148 1.1948282718658447 0.2226463407278061 
v 1.5937927961349487 1.1946371793746948 0.2232874184846878 
v 1.5936572551727295 1.1941595077514648 0.22317346930503845 
v 1.5934990644454956 1.1943506002426147 0.22251813113689423 
v 1.5932053327560425 1.1947087049484253 0.22142119705677032 
v 1.5933408737182617 1.1951864957809448 0.22153516113758087 
v 1.5933408737182617 1.1998202800750732 0.22310222685337067 
v 1.5930697917938232 1.1955208778381348 0.22043821215629578 
v 1.5930697917938232 1.2001546621322632 0.22199103236198425 
v 1.5933408737182617 1.2063170671463013 0.22528187930583954 
v 1.592911720275879 1.195067048072815 0.2203100025653839 
v 1.592753529548645 1.1952581405639648 0.2196689397096634 
v 1.5928890705108643 1.1957359313964844 0.21978288888931274 
v 1.5928890705108643 1.2003695964813232 0.22134996950626373 
v 1.5930697917938232 1.2066514492034912 0.22418493032455444 
v 1.5930697917938232 1.2128137350082397 0.22625058889389038 
v 1.5928890705108643 1.2068663835525513 0.2235296070575714 
v 1.5928890705108643 1.2130287885665894 0.22560952603816986 
v 1.5928890705108643 1.2193105220794678 0.22773218154907227 
v 1.5930697917938232 1.2191195487976074 0.22837325930595398 
v 1.5930697917938232 1.2255446910858154 0.23053865134716034 
v 1.5928890705108643 1.2257357835769653 0.22989758849143982 
v 1.5930697917938232 1.230345606803894 0.2321626991033554 
v 1.5928890705108643 1.2305606603622437 0.23150739073753357 
v 1.592753529548645 1.2311816215515137 0.2317638099193573 
v 1.592911720275879 1.230966567993164 0.23241913318634033 
v 1.5932053327560425 1.2306321859359741 0.23351608216762543 
v 1.5933408737182617 1.229987382888794 0.23327389359474182 
v 1.5933408737182617 1.2251863479614258 0.23164983093738556 
v 1.5933408737182617 1.2187613248825073 0.2294844388961792 
v 1.5933408737182617 1.2124793529510498 0.227361798286438 
v 1.556878685951233 1.227455496788025 0.2437732219696045 
v 1.5576468706130981 1.2276705503463745 0.24364501237869263 
v 1.557059407234192 1.227264404296875 0.24442853033542633 
v 1.5578049421310425 1.227455496788025 0.24428607523441315 
v 1.560470700263977 1.2276705503463745 0.24361652135849 
v 1.5603126287460327 1.227885365486145 0.24297544360160828 
v 1.563204288482666 1.2281004190444946 0.24224889278411865 
v 1.5633623600006104 1.2279093265533447 0.2429042011499405 
v 1.5663443803787231 1.228363037109375 0.24146535992622375 
v 1.566502571105957 1.2281482219696045 0.2421206831932068 
v 1.5711112022399902 1.2285064458847046 0.24096675217151642 
v 1.5709304809570312 1.2287213802337646 0.2403256744146347 
v 1.5744094848632812 1.2289841175079346 0.2394566684961319 
v 1.5745676755905151 1.2287930250167847 0.24011199176311493 
v 1.578588843345642 1.2293184995651245 0.23841670155525208 
v 1.578747034072876 1.2291035652160645 0.2390577793121338 
v 1.5832653045654297 1.2296768426895142 0.23724853992462158 
v 1.583423376083374 1.2294857501983643 0.23790384829044342 
v 1.586721658706665 1.2297484874725342 0.23707757890224457 
v 1.5865635871887207 1.229939579963684 0.23642227053642273 
v 1.5904943943023682 1.2300351858139038 0.23613734543323517 
v 1.5903363227844238 1.2302500009536743 0.23548202216625214 
v 1.5930697917938232 1.230465054512024 0.23479822278022766 
v 1.5900425910949707 1.2305843830108643 0.23438507318496704 
v 1.5927761793136597 1.2307994365692139 0.23370127379894257 
v 1.5932053327560425 1.2306321859359741 0.23351608216762543 
v 1.5934990644454956 1.230273962020874 0.23462726175785065 
v 1.5936572551727295 1.2300828695297241 0.23526833951473236 
v 1.5932279825210571 1.2302500009536743 0.2354535311460495 
v 1.5862698554992676 1.2302978038787842 0.23532532155513763 
v 1.5829715728759766 1.2300351858139038 0.23613734543323517 
v 1.5782952308654785 1.2296768426895142 0.23730552196502686 
v 1.5741157531738281 1.2293424606323242 0.23834547400474548 
v 1.5706593990325928 1.2290557622909546 0.2392144799232483 
v 1.5660507678985596 1.228697419166565 0.24036841094493866 
v 1.562910556793213 1.2284586429595947 0.24115194380283356 
v 1.5657570362091064 1.2290557622909546 0.23925723135471344 
v 1.5626169443130493 1.2288169860839844 0.24004076421260834 
v 1.5600188970565796 1.228219747543335 0.24186424911022186 
v 1.5703656673431396 1.2294141054153442 0.23810330033302307 
v 1.5738446712493896 1.2296768426895142 0.23724853992462158 
v 1.5780240297317505 1.230011224746704 0.23620857298374176 
v 1.5826778411865234 1.230393409729004 0.23504041135311127 
v 1.585998773574829 1.2306561470031738 0.23421414196491241 
v 1.582519769668579 1.2305843830108643 0.23438507318496704 
v 1.5858180522918701 1.2308472394943237 0.23355881869792938 
v 1.5778433084487915 1.2302262783050537 0.23555324971675873 
v 1.5736639499664307 1.2298918962478638 0.23659323155879974 
v 1.5702074766159058 1.2296290397644043 0.23746222257614136 
v 1.565598964691162 1.2292468547821045 0.23861615359783173 
v 1.5624587535858154 1.2290080785751343 0.23939970135688782 
v 1.5597478151321411 1.2285780906677246 0.24075305461883545 
v 1.557059407234192 1.228363037109375 0.2414226233959198 
v 1.5595670938491821 1.2287930250167847 0.24011199176311493 
v 1.5569013357162476 1.2285780906677246 0.24078156054019928 
v 1.556155800819397 1.228363037109375 0.24090977013111115 
v 1.5563139915466309 1.2281482219696045 0.24156509339809418 
v 1.5566076040267944 1.2278138399124146 0.2426762729883194 
v 1.557353138923645 1.228028655052185 0.24253380298614502 
v 1.5567657947540283 1.1914126873016357 0.23166409134864807 
v 1.556630253791809 1.1917470693588257 0.23180656135082245 
v 1.5569465160369873 1.1912215948104858 0.2323193997144699 
v 1.556810975074768 1.191532015800476 0.2324618697166443 
v 1.556810975074768 1.1961419582366943 0.23401468992233276 
v 1.556630253791809 1.1963568925857544 0.23335938155651093 
v 1.556630253791809 1.2029491662979126 0.23558174073696136 
v 1.5563591718673706 1.1966912746429443 0.23226243257522583 
v 1.5563591718673706 1.1920814514160156 0.23070961236953735 
v 1.5564947128295898 1.1917709112167358 0.23056714236736298 
v 1.5560654401779175 1.1924396753311157 0.22959841787815094 
v 1.5562009811401367 1.1921292543411255 0.22945596277713776 
v 1.5560202598571777 1.1923203468322754 0.22880063951015472 
v 1.5559072494506836 1.1926547288894653 0.22895734012126923 
v 1.5559072494506836 1.1972407102584839 0.2305101603269577 
v 1.5560654401779175 1.197049617767334 0.23115123808383942 
v 1.5560654401779175 1.2036418914794922 0.23337361216545105 
v 1.5563591718673706 1.2033075094223022 0.23448479175567627 
v 1.556630253791809 1.2093026638031006 0.2377186417579651 
v 1.556810975074768 1.202734351158142 0.2362370640039444 
v 1.556810975074768 1.2090877294540405 0.23837397992610931 
v 1.556810975074768 1.2161577939987183 0.24075305461883545 
v 1.556630253791809 1.2163727283477783 0.24011199176311493 
v 1.556630253791809 1.2222723960876465 0.24209219217300415 
v 1.556810975074768 1.2220573425292969 0.242747500538826 
v 1.556630253791809 1.227001667022705 0.2436877340078354 
v 1.556810975074768 1.226786732673645 0.24434307217597961 
v 1.557059407234192 1.227264404296875 0.24442853033542633 
v 1.556878685951233 1.227455496788025 0.2437732219696045 
v 1.5566076040267944 1.2278138399124146 0.2426762729883194 
v 1.5563591718673706 1.227336049079895 0.24257655441761017 
v 1.5563591718673706 1.2226306200027466 0.24099524319171906 
v 1.5563591718673706 1.2167071104049683 0.23900078237056732 
v 1.5563591718673706 1.2096370458602905 0.2366217076778412 
v 1.5560654401779175 1.2099953889846802 0.23551051318645477 
v 1.5559072494506836 1.2038568258285522 0.23273254930973053 
v 1.5560654401779175 1.217065453529358 0.2378896027803421 
v 1.5560654401779175 1.2229650020599365 0.23988404870033264 
v 1.5559072494506836 1.2231800556182861 0.23924297094345093 
v 1.5560654401779175 1.2276942729949951 0.24147960543632507 
v 1.5559072494506836 1.2279093265533447 0.24082428216934204 
v 1.5559072494506836 1.21018648147583 0.23486945033073425 
v 1.5559072494506836 1.2172564268112183 0.23724853992462158 
v 1.5563139915466309 1.2281482219696045 0.24156509339809418 
v 1.556155800819397 1.228363037109375 0.24090977013111115 
v 1.5562688112258911 1.2291991710662842 0.2407957911491394 
v 1.5590249300003052 1.2294141054153442 0.24011199176311493 
v 1.5595670938491821 1.2287930250167847 0.24011199176311493 
v 1.562006950378418 1.229653000831604 0.23935694992542267 
v 1.5624587535858154 1.2290080785751343 0.23939970135688782 
v 1.5652375221252441 1.2298918962478638 0.23855917155742645 
v 1.565598964691162 1.2292468547821045 0.23861615359783173 
v 1.5702074766159058 1.2296290397644043 0.23746222257614136 
v 1.569981575012207 1.230273962020874 0.23737674951553345 
v 1.5735735893249512 1.2305606603622437 0.236479252576828 
v 1.5736639499664307 1.2298918962478638 0.23659323155879974 
v 1.5778659582138062 1.2308950424194336 0.23541079461574554 
v 1.5778433084487915 1.2302262783050537 0.23555324971675873 
v 1.582700490951538 1.2312771081924438 0.2341998815536499 
v 1.582519769668579 1.2305843830108643 0.23438507318496704 
v 1.5858180522918701 1.2308472394943237 0.23355881869792938 
v 1.5860891342163086 1.2315398454666138 0.23335938155651093 
v 1.5895907878875732 1.2311338186264038 0.2326328307390213 
v 1.5899748802185059 1.2318503856658936 0.2323906421661377 
v 1.5927987098693848 1.2320653200149536 0.2316783368587494 
v 1.5923243761062622 1.2313487529754639 0.23194900155067444 
v 1.592753529548645 1.2311816215515137 0.2317638099193573 
v 1.5932505130767822 1.2318742275238037 0.23149313032627106 
v 1.5933860540390015 1.2312294244766235 0.23123671114444733 
v 1.5928890705108643 1.2305606603622437 0.23150739073753357 
v 1.5928890705108643 1.2257357835769653 0.22989758849143982 
v 1.5933860540390015 1.2262850999832153 0.2295699119567871 
v 1.5933860540390015 1.2196449041366577 0.22733329236507416 
v 1.5928890705108643 1.2193105220794678 0.22773218154907227 
v 1.5933860540390015 1.2131720781326294 0.22515363991260529 
v 1.5928890705108643 1.2130287885665894 0.22560952603816986 
v 1.5928890705108643 1.2068663835525513 0.2235296070575714 
v 1.5933860540390015 1.2067947387695312 0.22300250828266144 
v 1.5933860540390015 1.2001068592071533 0.22075162827968597 
v 1.5928890705108643 1.2003695964813232 0.22134996950626373 
v 1.5933860540390015 1.1953297853469849 0.21914182603359222 
v 1.5928890705108643 1.1957359313964844 0.21978288888931274 
v 1.592753529548645 1.1952581405639648 0.2196689397096634 
v 1.5932505130767822 1.1948521137237549 0.21901361644268036 
v 1.5927987098693848 1.1946371793746948 0.21907059848308563 
v 1.5923243761062622 1.195067048072815 0.21971166133880615 
v 1.5895456075668335 1.1948521137237549 0.22040972113609314 
v 1.5899522304534912 1.1944221258163452 0.21978288888931274 
v 1.5864053964614868 1.1941355466842651 0.22066614031791687 
v 1.5861117839813232 1.194589376449585 0.22126448154449463 
v 1.5825649499893188 1.193848967552185 0.22162064909934998 
v 1.582406759262085 1.1942788362503052 0.2221904695034027 
v 1.5780918598175049 1.1939444541931152 0.22327318787574768 
v 1.5781145095825195 1.193490743637085 0.2227318286895752 
v 1.573257327079773 1.1931085586547852 0.22394274175167084 
v 1.573370337486267 1.1935862302780151 0.22444134950637817 
v 1.5688745975494385 1.1927740573883057 0.22503969073295593 
v 1.5691231489181519 1.1932518482208252 0.22550980746746063 
v 1.5646275281906128 1.1924396753311157 0.22609388828277588 
v 1.5650115013122559 1.1929173469543457 0.22653552889823914 
v 1.5621198415756226 1.1927024126052856 0.22724781930446625 
v 1.561668038368225 1.192200779914856 0.22683469951152802 
v 1.5582793951034546 1.1919381618499756 0.2276894599199295 
v 1.5588442087173462 1.1924396753311157 0.2280740886926651 
v 1.555794358253479 1.191723108291626 0.2283020317554474 
v 1.5564268827438354 1.1922485828399658 0.22867242991924286 
v 1.5560202598571777 1.1923203468322754 0.22880063951015472 
v 1.5553650856018066 1.1918185949325562 0.22844448685646057 
v 1.5552295446395874 1.192152976989746 0.22860120236873627 
v 1.5559072494506836 1.1926547288894653 0.22895734012126923 
v 1.5559072494506836 1.1972407102584839 0.2305101603269577 
v 1.5552295446395874 1.196906328201294 0.2301967591047287 
v 1.5552295446395874 1.203689694404602 0.23249036073684692 
v 1.5559072494506836 1.2038568258285522 0.23273254930973053 
v 1.5552295446395874 1.21023428440094 0.23469848930835724 
v 1.5559072494506836 1.21018648147583 0.23486945033073425 
v 1.5559072494506836 1.2172564268112183 0.23724853992462158 
v 1.5552295446395874 1.217543125152588 0.23714882135391235 
v 1.5552295446395874 1.223633885383606 0.23920024931430817 
v 1.5559072494506836 1.2231800556182861 0.23924297094345093 
v 1.5552295446395874 1.2285064458847046 0.24083854258060455 
v 1.5559072494506836 1.2279093265533447 0.24082428216934204 
v 1.556155800819397 1.228363037109375 0.24090977013111115 
v 1.5555006265640259 1.2289841175079346 0.24093826115131378 
v 1.5569013357162476 1.2285780906677246 0.24078156054019928 
v 1.5895907878875732 1.2311338186264038 0.2326328307390213 
v 1.5897489786148071 1.230942726135254 0.23327389359474182 
v 1.5924824476242065 1.231157660484314 0.23259007930755615 
v 1.592911720275879 1.230966567993164 0.23241913318634033 
v 1.592753529548645 1.2311816215515137 0.2317638099193573 
v 1.5923243761062622 1.2313487529754639 0.23194900155067444 
v 1.5923243761062622 1.195067048072815 0.21971166133880615 
v 1.5895456075668335 1.1948521137237549 0.22040972113609314 
v 1.5924824476242065 1.1948760747909546 0.22036699950695038 
v 1.5897263288497925 1.194661021232605 0.22105079889297485 
v 1.5862698554992676 1.1943743228912354 0.22191978991031647 
v 1.5861117839813232 1.194589376449585 0.22126448154449463 
v 1.592753529548645 1.1952581405639648 0.2196689397096634 
v 1.592911720275879 1.195067048072815 0.2203100025653839 
v 1.582406759262085 1.1942788362503052 0.2221904695034027 
v 1.5780918598175049 1.1939444541931152 0.22327318787574768 
vn -0.44304129481315613 0.21756023168563843 -0.7003344893455505 
vn -0.4410196542739868 0.2144852727651596 -0.7024150490760803 
vn -0.4400806128978729 0.22348853945732117 -0.7003344893455505 
vn -0.44481146335601807 0.24151290953159332 -0.6918789744377136 
vn -0.44671985507011414 0.2445279210805893 -0.689732015132904 
vn -0.45970574021339417 0.26541122794151306 -0.6743367314338684 
vn -0.4197841286659241 0.31481030583381653 -0.6788004040718079 
vn -0.40988773107528687 0.26341885328292847 -0.7044821381568909 
vn -0.378349632024765 0.25852662324905396 -0.7224764227867126 
vn -0.41074591875076294 0.21040001511573792 -0.7205317616462708 
vn -0.37781286239624023 0.20921489596366882 -0.7375343441963196 
vn -0.3081955909729004 0.205929696559906 -0.7680938243865967 
vn -0.3065040409564972 0.2749387323856354 -0.7482374310493469 
vn -0.2305591106414795 0.20833852887153625 -0.7925980687141418 
vn -0.23095284402370453 0.298715740442276 -0.7649295926094055 
vn -0.28551560640335083 0.36257579922676086 -0.7205317616462708 
vn -0.2325023114681244 0.3718037009239197 -0.7338536381721497 
vn -0.19624710083007812 0.388437956571579 -0.7357009649276733 
vn -0.20264971256256104 0.293588787317276 -0.7742459774017334 
vn -0.20303435623645782 0.21591919660568237 -0.7977330684661865 
vn -0.3749536871910095 0.3491970896720886 -0.6875718832015991 
vn -0.15444999933242798 0.29400575160980225 -0.7844422459602356 
vn -0.1504647433757782 0.2341277152299881 -0.8038089871406555 
vn -0.15396364033222198 0.24902953207492828 -0.7989788055419922 
vn -0.1571929156780243 0.34709906578063965 -0.763325572013855 
vn -0.2322307974100113 0.2661691904067993 -0.7757471799850464 
vn -0.23328998684883118 0.35548216104507446 -0.741158664226532 
vn -0.7839919924736023 0.27595850825309753 -0.26759544014930725 
vn -0.1912476271390915 0.6807045340538025 -0.5003831386566162 
vn -0.6960919499397278 0.49593085050582886 -0.1855427622795105 
vn -0.7211657762527466 0.4602498710155487 0.1819266974925995 
vn -0.7839919924736023 0.27595850825309753 -0.26759544014930725 
vn -0.14763595163822174 0.40939050912857056 -0.7357009649276733 
vn -0.15397222340106964 0.42464712262153625 -0.7263243794441223 
vn -0.5557928085327148 0.268705278635025 -0.6014023423194885 
vn -0.0446314662694931 0.8589922189712524 -0.1601598858833313 
vn -0.019832361489534378 0.8752302527427673 0.02777576632797718 
vn -0.046261757612228394 0.861670732498169 -0.14558659493923187 
vn -0.004955930635333061 0.8676275610923767 0.11631106585264206 
vn -0.08416904509067535 0.8640687465667725 0.11264089494943619 
vn -0.08748291432857513 0.853435754776001 -0.17105799913406372 
vn -0.03470044955611229 0.8737130165100098 0.04997633770108223 
vn -0.0445951372385025 0.8709219694137573 0.07952103763818741 
vn -0.11210554838180542 0.8473038673400879 -0.1855427622795105 
vn -0.07596058398485184 0.8703412413597107 0.0610646978020668 
vn -0.18704111874103546 0.8364706039428711 -0.17468425631523132 
vn -0.12685105204582214 0.8653712272644043 0.046278215944767 
vn -0.2222406417131424 0.8294134140014648 -0.16742846369743347 
vn -0.22241511940956116 0.8428432941436768 -0.08320803195238113 
vn -0.12025245279073715 0.861709713935852 0.09793941676616669 
vn -0.03634561970829964 0.8303466439247131 0.26759544014930725 
vn -0.06271840631961823 0.815864086151123 0.30247604846954346 
vn 0.0214737206697464 0.7790266275405884 0.3870086073875427 
vn 0.0544285774230957 0.7094666957855225 0.49438410997390747 
vn 0.08902967721223831 0.7500989437103271 0.4292040169239044 
vn 0.07583612203598022 0.7720829248428345 0.3935849070549011 
vn 0.09879930317401886 0.7546723484992981 0.41958463191986084 
vn 0.142783060669899 0.7082923054695129 0.4792223274707794 
vn 0.1572445183992386 0.6846910715103149 0.5063439607620239 
vn 0.1950715184211731 0.6217378973960876 0.5665128827095032 
vn 0.39959993958473206 0.15480583906173706 0.739353597164154 
vn 0.15406866371631622 0.6877486109733582 0.5033683180809021 
vn 0.026447847485542297 0.8078981637954712 0.3265528380870819 
vn -0.008257482200860977 0.8274048566818237 0.27811628580093384 
vn -0.006606617476791143 0.8369573354721069 0.24995937943458557 
vn 0.10698678344488144 0.7377790808677673 0.44507166743278503 
vn 0.3284275233745575 0.3004513084888458 0.7301168441772461 
vn 0.08902967721223831 0.7500989437103271 0.4292040169239044 
vn 0.004955923184752464 0.8402822613716125 0.23931993544101715 
vn 0.00660803122445941 0.8413434028625488 0.23576423525810242 
vn 0.014865487813949585 0.837972104549408 0.2464175969362259 
vn 0.0214916430413723 0.8344178199768066 0.25702860951423645 
vn 0.03468124940991402 0.7785504460334778 0.3870086073875427 
vn 0.04626178741455078 0.7690109014511108 0.40339288115501404 
vn 0.06430617719888687 0.7487031817436218 0.43557611107826233 
vn 0.2832958400249481 0.2797951400279999 0.7550875544548035 
vn 0.4064696729183197 -0.06571486592292786 0.7482374310493469 
vn 0.4542684257030487 -0.09813013672828674 0.718573272228241 
vn 0.4913548231124878 -0.15583616495132446 0.6853985786437988 
vn 0.47512000799179077 -0.1744898408651352 0.6918789744377136 
vn 0.48457399010658264 -0.1931331306695938 0.6810128092765808 
vn 0.46744969487190247 -0.2172677367925644 0.6853985786437988 
vn 0.4991267919540405 -0.20585213601589203 0.6675447821617126 
vn 0.5063385963439941 -0.18741370737552643 0.6675447821617126 
vn 0.5111329555511475 -0.2000979334115982 0.660638153553009 
vn 0.5093970894813538 -0.2123396396636963 0.6583106517791748 
vn 0.5047079920768738 -0.23049241304397583 0.655970573425293 
vn 0.4994560778141022 -0.24837426841259003 0.6536179780960083 
vn 0.46689245104789734 -0.2886304557323456 0.660638153553009 
vn 0.4708271026611328 -0.21732662618160248 0.6832122206687927 
vn 0.42680853605270386 -0.1919519007205963 0.7166010737419128 
vn 0.4171891212463379 -0.3079971969127655 0.6832122206687927 
vn 0.3269980549812317 -0.1887924075126648 0.7649295926094055 
vn 0.28102636337280273 -0.3055325746536255 0.7464890480041504 
vn 0.20677915215492249 -0.19164913892745972 0.8026243448257446 
vn 0.19221140444278717 -0.308776319026947 0.7711993455886841 
vn 0.14255039393901825 -0.31936222314834595 0.7772335410118103 
vn 0.15568524599075317 -0.18012776970863342 0.815821647644043 
vn 0.07940579205751419 -0.17244017124176025 0.8275873064994812 
vn 0.05745282396674156 -0.334274560213089 0.7816035151481628 
vn 0.07936561107635498 -0.23999691009521484 0.8116700053215027 
vn 0.05905919522047043 -0.35181429982185364 0.7742459774017334 
vn -0.0462140291929245 -0.6798346638679504 0.5326827168464661 
vn 0.045728858560323715 -0.2298944890499115 0.8168206810951233 
vn -0.5600316524505615 -0.14379167556762695 0.6368030309677124 
vn 0.06860695034265518 -0.11883071810007095 0.8372717499732971 
vn -0.150447279214859 -0.11578647047281265 0.8275873064994812 
vn -0.5027490258216858 0.016492683440446854 0.6940128207206726 
vn 0.08158965408802032 -0.0496157668530941 0.8426851630210876 
vn 0.07027798146009445 0.3100239634513855 0.7899397611618042 
vn 0.10696972161531448 -0.050480227917432785 0.839972972869873 
vn 0.09434245526790619 -0.10477790981531143 0.8366835117340088 
vn 0.0988670215010643 -0.0896078497171402 0.8378440141677856 
vn 0.16965840756893158 -0.07649558782577515 0.8283822536468506 
vn 0.213448166847229 -0.07730016857385635 0.8187718987464905 
vn 0.33037638664245605 -0.09108050167560577 0.7801616787910461 
vn -0.4140506386756897 0.2568258047103882 0.7044821381568909 
vn 0.10309649258852005 0 0.8418453335762024 
vn 0.10105892270803452 0.25149479508399963 0.8061320185661316 
vn 0.0899803414940834 0.3878729045391083 0.7550875544548035 
vn 0.1673640012741089 0 0.8321192860603333 
vn 0.2112801969051361 -0.019674992188811302 0.8224866390228271 
vn 0.05117533728480339 0.7376309633255005 0.4544908106327057 
vn -0.7648072838783264 0.00991546455770731 0.4131315350532532 
vn -0.5027490258216858 0.016492683440446854 0.6940128207206726 
vn -0.8190892338752747 0.029742460697889328 0.2990128695964813 
vn -0.805591344833374 0.09563928097486496 0.31970396637916565 
vn -0.8356577754020691 0.12181839346885681 0.22507037222385406 
vn -0.64686518907547 0.40463942289352417 0.41636204719543457 
vn -0.01816638931632042 0.745274543762207 0.44507166743278503 
vn -0.8467760682106018 0.05287701636552811 0.21075205504894257 
vn -0.8620515465736389 0.08251719921827316 0.1273079663515091 
vn -0.851412832736969 0.14807499945163727 0.13828299939632416 
vn -0.8139927983283997 0.19958429038524628 0.2464175969362259 
vn -0.8674949407577515 0.11865405738353729 0.0240734051913023 
vn -0.044614776968955994 0.8249770998954773 0.28161272406578064 
vn -0.37790602445602417 0.7162115573883057 0.3231314718723297 
vn 0.14581473171710968 0.329397976398468 0.7727300524711609 
vn 0.18924254179000854 0.255423367023468 0.7899397611618042 
vn 0.3269074261188507 -0.032922450453042984 0.7858390808105469 
vn 0.41913649439811707 -0.11713904142379761 0.7357009649276733 
vn 0.4650648236274719 -0.15561816096305847 0.7024150490760803 
vn -0.164045050740242 -0.7272230982780457 -0.44507166743278503 
vn -0.1705128699541092 -0.7215758562088013 -0.45135965943336487 
vn -0.1317027509212494 -0.8019413948059082 -0.31627029180526733 
vn -0.13013093173503876 -0.8036366105079651 -0.3128306269645691 
vn -0.20229417085647583 -0.6868159174919128 -0.48834729194641113 
vn -0.13342422246932983 -0.7926883101463318 -0.33677926659584045 
vn -0.2491646409034729 -0.6469410061836243 -0.5181491374969482 
vn -0.15755167603492737 -0.7327393293380737 -0.43874967098236084 
vn -0.12512406706809998 -0.8153585195541382 -0.28510376811027527 
vn -0.12685832381248474 -0.8189263939857483 -0.2746145725250244 
vn -0.15111231803894043 -0.7300200462341309 -0.44507166743278503 
vn -0.143103688955307 -0.7925354838371277 -0.33337679505348206 
vn -0.15760627388954163 -0.7245044112205505 -0.45135965943336487 
vn -0.2636841833591461 -0.3905330300331116 -0.7146152257919312 
vn -0.21266837418079376 -0.7915579080581665 -0.2990128695964813 
vn -0.18704111874103546 -0.8364706039428711 -0.17468425631523132 
vn -0.11699129641056061 -0.8474804162979126 -0.1819266974925995 
vn -0.09728820621967316 -0.8666192293167114 -0.07952103763818741 
vn -0.10887045413255692 -0.8501850366592407 -0.17468425631523132 
vn -0.501223087310791 -0.7140595316886902 -0.07583252340555191 
vn -0.7410334348678589 -0.43229085206985474 0.17105799913406372 
vn -0.16592422127723694 -0.8585147857666016 -0.04997633770108223 
vn -0.7929155826568604 -0.37136390805244446 -0.0240734051913023 
vn -0.7858626246452332 -0.21256938576698303 -0.3128306269645691 
vn -0.8168119192123413 0.10558857023715973 -0.28858938813209534 
vn -0.8168119192123413 0.10558857023715973 -0.28858938813209534 
vn -0.8676354289054871 0.0033039639238268137 0.11631106585264206 
vn -0.852666437625885 -0.023126646876335144 0.19276416301727295 
vn -0.8620515465736389 0.08251719921827316 0.1273079663515091 
vn -0.8467760682106018 0.05287701636552811 0.21075205504894257 
vn -0.8190892338752747 0.029742460697889328 0.2990128695964813 
vn -0.8263322114944458 -0.04292035102844238 0.27811628580093384 
vn -0.5600316524505615 -0.14379167556762695 0.6368030309677124 
vn -0.5657618641853333 -0.4388080835342407 0.48834729194641113 
vn -0.8674949407577515 0.11865405738353729 0.0240734051913023 
vn -0.849498987197876 -0.12517575919628143 0.16742846369743347 
vn -0.7648072838783264 0.00991546455770731 0.4131315350532532 
vn -0.06274372339248657 -0.8625301718711853 0.13462719321250916 
vn -0.0858505591750145 -0.8716553449630737 -0.009260062128305435 
vn -0.061137035489082336 -0.8600760102272034 0.14923425018787384 
vn -0.023140765726566315 -0.8605546951293945 0.15652097761631012 
vn -0.09904218465089798 -0.8536935448646545 -0.16379573941230774 
vn -0.09246589243412018 -0.8544309139251709 -0.16379573941230774 
vn -0.06939283013343811 -0.8543137907981873 -0.17468425631523132 
vn -0.05452178046107292 -0.8729180097579956 -0.046278215944767 
vn -0.0660507008433342 -0.8729596734046936 -0.02777576632797718 
vn 0.004955945070832968 -0.8571130633354187 0.17468425631523132 
vn -0.01982933096587658 -0.8750965595245361 -0.03147760033607483 
vn 0.09399576485157013 -0.854263961315155 0.16379573941230774 
vn 0.033057112246751785 -0.8750481009483337 -0.02037058025598526 
vn 0.13341374695301056 -0.8497413396835327 0.1601598858833313 
vn 0.10880124568939209 -0.8623055219650269 0.10529417544603348 
vn 0.023144958540797234 -0.8733431100845337 -0.0610646978020668 
vn -0.06113733723759651 -0.8516504764556885 -0.18915526568889618 
vn -0.09082717448472977 -0.8515001535415649 -0.1783071756362915 
vn -0.14643429219722748 -0.815653383731842 -0.2746145725250244 
vn -0.2252943366765976 -0.7747565507888794 -0.3299679756164551 
vn -0.07098560035228729 -0.8482418656349182 -0.19997084140777588 
vn -0.165841206908226 -0.7818126082420349 -0.3469478189945221 
vn -0.13326971232891083 -0.800227165222168 -0.31970396637916565 
vn -0.1560908406972885 -0.7773038744926453 -0.3604128658771515 
vn -0.18039290606975555 -0.7563531994819641 -0.3903004825115204 
vn -0.21061106026172638 -0.7274187207221985 -0.42600569128990173 
vn -0.24974940717220306 -0.6915563344955444 -0.46072691679000854 
vn -0.17551955580711365 -0.7520032525062561 -0.4001311659812927 
vn -0.0924290344119072 -0.8329916596412659 -0.2464175969362259 
vn -0.4656514823436737 0.22109535336494446 -0.6853985786437988 
vn -0.4615023136138916 0.17502474784851074 -0.7003344893455505 
vn -0.4535190761089325 0.20264503359794617 -0.6982405781745911 
vn -0.4479601979255676 0.17479461431503296 -0.708575963973999 
vn -0.44304129481315613 0.21756023168563843 -0.7003344893455505 
vn -0.4410196542739868 0.2144852727651596 -0.7024150490760803 
vn -0.41074591875076294 0.21040001511573792 -0.7205317616462708 
vn -0.4121238887310028 0.13982439041137695 -0.7357009649276733 
vn -0.3823816180229187 0.11102320998907089 -0.7550875544548035 
vn -0.42292049527168274 0.06916091591119766 -0.739353597164154 
vn -0.38434895873069763 0.009926600381731987 -0.7617070078849792 
vn -0.33891764283180237 -0.013233317993581295 -0.7816035151481628 
vn -0.31688693165779114 0.11063259840011597 -0.7830303311347961 
vn -0.23992426693439484 -0.02977459318935871 -0.8148070573806763 
vn -0.23424653708934784 0.12121447920799255 -0.8083935976028442 
vn -0.3081955909729004 0.205929696559906 -0.7680938243865967 
vn -0.2305591106414795 0.20833852887153625 -0.7925980687141418 
vn -0.20303435623645782 0.21591919660568237 -0.7977330684661865 
vn -0.37781286239624023 0.20921489596366882 -0.7375343441963196 
vn -0.2128451019525528 -0.036223769187927246 -0.8215814828872681 
vn -0.2022351324558258 0.11102864146232605 -0.8178040981292725 
vn -0.15656258165836334 0.10061666369438171 -0.8283822536468506 
vn -0.1504647433757782 0.2341277152299881 -0.8038089871406555 
vn -0.1625494360923767 0.1637195348739624 -0.8178040981292725 
vn -0.15396364033222198 0.24902953207492828 -0.7989788055419922 
vn -0.2322307974100113 0.2661691904067993 -0.7757471799850464 
vn -0.23993724584579468 0.16778147220611572 -0.7989788055419922 
vn -0.5557928085327148 0.268705278635025 -0.6014023423194885 
vn -0.16089119017124176 -0.02967889979481697 -0.8328190445899963 
vn -0.16654792428016663 -0.016507377848029137 -0.8321192860603333 
vn 0.04127269238233566 0.6896848082542419 0.5210758447647095 
vn 0.07255656272172928 0.6987583637237549 0.5063439607620239 
vn -0.00165289337746799 0.8323402404785156 0.26407817006111145 
vn 0.07255656272172928 0.6987583637237549 0.5063439607620239 
vn -0.00165289337746799 0.8323402404785156 0.26407817006111145 
vn 0.07255656272172928 0.6987583637237549 0.5063439607620239 
vn -0.00165289337746799 0.8323402404785156 0.26407817006111145 
vn 0.006613151170313358 0.8209444880485535 0.29554399847984314 
vn -0.07267595082521439 0.8728525638580322 -0.009260062128305435 
vn -0.07267595082521439 0.8728525638580322 -0.009260062128305435 
vn -0.07267595082521439 0.8728525638580322 -0.009260062128305435 
vn 0.07255656272172928 0.6987583637237549 0.5063439607620239 
vn 0.07255656272172928 0.6987583637237549 0.5063439607620239 
vn 0.0016522728838026524 0.8299240469932556 0.27110758423805237 
vn 0.07255656272172928 0.6987583637237549 0.5063439607620239 
vn -0.008259656839072704 0.8444496989250183 0.22507037222385406 
vn 0.07255656272172928 0.6987583637237549 0.5063439607620239 
vn -0.07267595082521439 0.8728525638580322 -0.009260062128305435 
vn -0.07267595082521439 0.8728525638580322 -0.009260062128305435 
vn -0.07267595082521439 0.8728525638580322 -0.009260062128305435 
vn -0.07267595082521439 0.8728525638580322 -0.009260062128305435 
vn -0.00165289337746799 0.8323402404785156 0.26407817006111145 
vn -0.00165289337746799 0.8323402404785156 0.26407817006111145 
vn 0.07255656272172928 0.6987583637237549 0.5063439607620239 
vn -0.00165289337746799 0.8323402404785156 0.26407817006111145 
vn 0.07255656272172928 0.6987583637237549 0.5063439607620239 
vn 0.12816780805587769 0.6930428147315979 0.5033683180809021 
vn 0.05941017344594002 0.8348722457885742 0.24995937943458557 
vn 0.4367143511772156 0.5915281772613525 0.46072691679000854 
vn 0.4367143511772156 0.5915281772613525 0.46072691679000854 
vn -0.07267595082521439 0.8728525638580322 -0.009260062128305435 
vn -0.07267595082521439 0.8728525638580322 -0.009260062128305435 
vn -0.021499495953321457 0.8747393488883972 -0.03887939453125 
vn 0.2557496726512909 0.8128156065940857 -0.19636937975883484 
vn 0.2557496726512909 0.8128156065940857 -0.19636937975883484 
vn -0.07747814059257507 0.6444170475006104 0.5692630410194397 
vn -0.17068949341773987 0.8030309677124023 0.29554399847984314 
vn -0.03798902407288551 0.8290557861328125 0.27110758423805237 
vn -0.1055687740445137 0.869437038898468 -0.012963839806616306 
vn -0.2351459264755249 0.8435095548629761 -0.02037058025598526 
vn -0.0677265003323555 -0.6992430090904236 -0.5063439607620239 
vn -0.0677265003323555 -0.6992430090904236 -0.5063439607620239 
vn -0.011579230427742004 -0.8181893229484558 -0.30247604846954346 
vn -0.0677265003323555 -0.6992430090904236 -0.5063439607620239 
vn -0.00165289337746799 -0.8323402404785156 -0.26407817006111145 
vn -0.0677265003323555 -0.6992430090904236 -0.5063439607620239 
vn -0.00165289337746799 -0.8323402404785156 -0.26407817006111145 
vn 0.01157714519649744 -0.8454189300537109 -0.2214970886707306 
vn 0.07267595082521439 -0.8728525638580322 0.009260062128305435 
vn 0.07267595082521439 -0.8728525638580322 0.009260062128305435 
vn 0.07267595082521439 -0.8728525638580322 0.009260062128305435 
vn 0.01157714519649744 -0.8454189300537109 -0.2214970886707306 
vn 0.07267595082521439 -0.8728525638580322 0.009260062128305435 
vn 0.07267595082521439 -0.8728525638580322 0.009260062128305435 
vn -0.00165289337746799 -0.8323402404785156 -0.26407817006111145 
vn -0.00165289337746799 -0.8323402404785156 -0.26407817006111145 
vn -0.0677265003323555 -0.6992430090904236 -0.5063439607620239 
vn -0.0677265003323555 -0.6992430090904236 -0.5063439607620239 
vn -0.00165289337746799 -0.8323402404785156 -0.26407817006111145 
vn 0.07267595082521439 -0.8728525638580322 0.009260062128305435 
vn 0.07267595082521439 -0.8728525638580322 0.009260062128305435 
vn 0.11213160306215286 -0.8686150312423706 0.012963839806616306 
vn -0.0677265003323555 -0.6992430090904236 -0.5063439607620239 
vn -0.0677265003323555 -0.6992430090904236 -0.5063439607620239 
vn -0.03636672720313072 -0.6875985264778137 -0.523992657661438 
vn 0.03968975320458412 -0.8289760947227478 -0.27110758423805237 
vn 0.18108665943145752 -0.5873360633850098 -0.6040071845054626 
vn 0.18108665943145752 -0.5873360633850098 -0.6040071845054626 
vn 0.35325881838798523 -0.8010177612304688 0.02777576632797718 
vn 0.35325881838798523 -0.8010177612304688 0.02777576632797718 
vn 0.07267595082521439 -0.8728525638580322 0.009260062128305435 
vn 0.07267595082521439 -0.8728525638580322 0.009260062128305435 
vn -0.013228083029389381 -0.816790759563446 -0.30593341588974 
vn 0.03965454176068306 -0.8745563626289368 0.02777576632797718 
vn -0.036367353051900864 -0.835055410861969 -0.2534964084625244 
vn -0.12510760128498077 -0.8574797511100769 0.12364467233419418 
vn -0.12510760128498077 -0.8574797511100769 0.12364467233419418 
vn -0.0677265003323555 -0.6992430090904236 -0.5063439607620239 
vn -0.10711880773305893 -0.6943005323410034 -0.5063439607620239 
vn -0.2981535494327545 -0.6485225558280945 -0.49137037992477417 
vn -0.2981535494327545 -0.6485225558280945 -0.49137037992477417 
vn 0.7300200462341309 0.15111231803894043 -0.44507166743278503 
vn 0.8376259207725525 0.07927865535020828 -0.23576423525810242 
vn 0.7300200462341309 0.15111231803894043 -0.44507166743278503 
vn 0.8599380850791931 0.05290915444493294 -0.15287907421588898 
vn 0.7277987599372864 0.17047716677188873 -0.4419149160385132 
vn 0.7300200462341309 0.15111231803894043 -0.44507166743278503 
vn 0.8486409187316895 0.06604345887899399 -0.19997084140777588 
vn 0.8585234880447388 0.05288693681359291 -0.1601598858833313 
vn 0.8726648092269897 -0.02643272839486599 0.06845122575759888 
vn 0.8726648092269897 -0.02643272839486599 0.06845122575759888 
vn 0.8726648092269897 -0.02643272839486599 0.06845122575759888 
vn 0.8716705441474915 -0.006614701356738806 0.08320803195238113 
vn 0.8486466407775879 0.08586985617876053 -0.19276416301727295 
vn 0.8297777771949768 0.24145151674747467 -0.13828299939632416 
vn 0.683320939540863 0.3264467418193817 -0.42600569128990173 
vn 0.7300200462341309 0.15111231803894043 -0.44507166743278503 
vn 0.8354558944702148 0.07927288115024567 -0.24287107586860657 
vn 0.8726648092269897 -0.02643272839486599 0.06845122575759888 
vn 0.8726648092269897 -0.02643272839486599 0.06845122575759888 
vn 0.8487206101417542 0.12521672248840332 0.17105799913406372 
vn 0.7300200462341309 0.15111231803894043 -0.44507166743278503 
vn 0.7254956364631653 0.13165804743766785 -0.4576132595539093 
vn 0.848107635974884 0.0462685264647007 -0.2071622610092163 
vn 0.6615877151489258 -0.059449099004268646 -0.5526009798049927 
vn 0.6615877151489258 -0.059449099004268646 -0.5526009798049927 
vn 0.8718395829200745 -0.046242695301771164 0.06845122575759888 
vn 0.8316357731819153 -0.26673898100852966 0.06475857645273209 
vn 0.8316357731819153 -0.26673898100852966 0.06475857645273209 
vn -0.6339276432991028 -0.44096681475639343 0.4001311659812927 
vn -0.7270945906639099 -0.17345602810382843 0.4419149160385132 
vn -0.6339276432991028 -0.44096681475639343 0.4001311659812927 
vn -0.8483187556266785 -0.08905114978551865 0.19276416301727295 
vn -0.84837806224823 -0.06933847814798355 0.19997084140777588 
vn -0.7307249903678894 -0.14766575396060944 0.44507166743278503 
vn -0.7307249903678894 -0.14766575396060944 0.44507166743278503 
vn -0.84837806224823 -0.06933847814798355 0.19997084140777588 
vn -0.7307249903678894 -0.14766575396060944 0.44507166743278503 
vn -0.84837806224823 -0.06933847814798355 0.19997084140777588 
vn -0.839000403881073 -0.07589054107666016 0.23220403492450714 
vn -0.7307249903678894 -0.14766575396060944 0.44507166743278503 
vn -0.7307249903678894 -0.14766575396060944 0.44507166743278503 
vn -0.8592409491539001 -0.052866265177726746 0.15652097761631012 
vn -0.7240806221961975 -0.1151849776506424 0.4638318121433258 
vn -0.8727578520774841 0.023157360032200813 -0.06845122575759888 
vn -0.8727578520774841 0.023157360032200813 -0.06845122575759888 
vn -0.8727578520774841 0.023157360032200813 -0.06845122575759888 
vn -0.8727578520774841 0.023157360032200813 -0.06845122575759888 
vn -0.8727578520774841 0.023157360032200813 -0.06845122575759888 
vn -0.8716705441474915 0.006614701356738806 -0.08320803195238113 
vn -0.808590829372406 -0.22864770889282227 -0.23931993544101715 
vn -0.808590829372406 -0.22864770889282227 -0.23931993544101715 
vn -0.8708028793334961 0.06280875951051712 -0.06845122575759888 
vn -0.8480129837989807 -0.026451367884874344 0.21075205504894257 
vn -0.7638992667198181 0.42448681592941284 -0.057369645684957504 
vn -0.7638992667198181 0.42448681592941284 -0.057369645684957504 
vn -0.5819345116615295 0.1977580040693283 0.6040071845054626 
vn -0.5819345116615295 0.1977580040693283 0.6040071845054626 
vn 0.2073848396539688 -0.5017488598823547 0.6652552485466003 
vn 0.2073848396539688 -0.5017488598823547 0.6652552485466003 
vn 0.21307086944580078 -0.3756517767906189 0.7375343441963196 
vn 0.2073848396539688 -0.5017488598823547 0.6652552485466003 
vn 0.21426908671855927 -0.3711249530315399 0.739353597164154 
vn 0.2073848396539688 -0.5017488598823547 0.6652552485466003 
vn 0.18872866034507751 0.1736193597316742 0.8105933666229248 
vn 0.21336257457733154 -0.11369515210390091 0.8148070573806763 
vn 0.18872866034507751 0.1736193597316742 0.8105933666229248 
vn 0.2123270481824875 -0.13716647028923035 0.8116700053215027 
vn 0.20946991443634033 -0.07740918546915054 0.8197240829467773 
vn 0.18872866034507751 0.1736193597316742 0.8105933666229248 
vn 0.21220898628234863 -0.10794097930192947 0.815821647644043 
vn 0.18872866034507751 0.1736193597316742 0.8105933666229248 
vn 0.21220898628234863 -0.10794097930192947 0.815821647644043 
vn 0.21842561662197113 -0.11978030204772949 0.8127312660217285 
vn 0.20567958056926727 0.15920785069465637 0.8095011711120605 
vn 0.40152427554130554 0.006587670650333166 0.7533965110778809 
vn 0.2856728434562683 -0.16936707496643066 0.7844422459602356 
vn 0.3573598861694336 -0.24250230193138123 0.7375343441963196 
vn 0.5934802889823914 -0.18866369128227234 0.5961582064628601 
vn 0.5998949408531189 -0.194917693734169 0.5882068276405334 
vn 0.3991098999977112 -0.24438154697418213 0.7166010737419128 
vn 0.5998949408531189 -0.194917693734169 0.5882068276405334 
vn 0.338153600692749 -0.25220268964767456 0.7429496645927429 
vn 0.36160925030708313 -0.24806059896945953 0.7338536381721497 
vn 0.5998949408531189 -0.194917693734169 0.5882068276405334 
vn 0.5998949408531189 -0.194917693734169 0.5882068276405334 
vn 0.36160925030708313 -0.24806059896945953 0.7338536381721497 
vn 0.5998949408531189 -0.194917693734169 0.5882068276405334 
vn 0.3654053807258606 -0.24836908280849457 0.731992244720459 
vn 0.35783982276916504 -0.2534679174423218 0.7338536381721497 
vn 0.5884506702423096 -0.2196408361196518 0.5908686518669128 
vn 0.3631303608417511 -0.49924394488334656 0.6014023423194885 
vn 0.27010148763656616 -0.35380902886390686 0.7301168441772461 
vn 0.21692582964897156 -0.3999312222003937 0.7244073152542114 
vn 0.20466287434101105 -0.6213337182998657 0.5637519359588623 
vn 0.19061341881752014 -0.6337053775787354 0.5554046630859375 
vn 0.21055351197719574 -0.43939125537872314 0.7044821381568909 
vn 0.19061341881752014 -0.6337053775787354 0.5554046630859375 
vn 0.21160264313220978 -0.3840828537940979 0.7338536381721497 
vn 0.215043842792511 -0.17088991403579712 0.8049781322479248 
vn 0.21024420857429504 -0.159253790974617 0.8083935976028442 
vn 0.1694210022687912 -0.1973518431186676 0.8095011711120605 
vn 0.11041473597288132 -0.2633446753025055 0.8014244437217712 
vn 0.0981801301240921 -0.2681463956832886 0.8014244437217712 
vn 0.10301467776298523 -0.27019932866096497 0.8002092838287354 
vn 0.10301467776298523 -0.27019932866096497 0.8002092838287354 
vn 0.10301467776298523 -0.27019932866096497 0.8002092838287354 
vn -0.04913797974586487 -0.27024558186531067 0.8049781322479248 
vn -0.04913797974586487 -0.27024558186531067 0.8049781322479248 
vn -0.04913797974586487 -0.27024558186531067 0.8049781322479248 
vn -0.039309993386268616 -0.26080477237701416 0.8083935976028442 
vn 0.1084621250629425 -0.10149205476045609 0.8354591131210327 
vn 0.19346719980239868 -0.00657328637316823 0.8267766237258911 
vn 0.20475979149341583 0 0.8242498636245728 
vn 0.215187668800354 -0.12550431489944458 0.8127312660217285 
vn 0.20475979149341583 0 0.8242498636245728 
vn 0.20475979149341583 0 0.8242498636245728 
vn 0.2098001092672348 -0.40739214420318604 0.7224764227867126 
vn 0.19061341881752014 -0.6337053775787354 0.5554046630859375 
vn 0.19061341881752014 -0.6337053775787354 0.5554046630859375 
vn 0.21192967891693115 -0.4351891279220581 0.706535816192627 
vn 0.19061341881752014 -0.6337053775787354 0.5554046630859375 
vn 0.20951569080352783 -0.411197692155838 0.7205317616462708 
vn 0.19061341881752014 -0.6337053775787354 0.5554046630859375 
vn 0.21494685113430023 -0.16510719060897827 0.8061320185661316 
vn 0.21414916217327118 -0.15396276116371155 0.8083935976028442 
vn 0.20475979149341583 0 0.8242498636245728 
vn 0.21414916217327118 -0.15396276116371155 0.8083935976028442 
vn 0.20475979149341583 0 0.8242498636245728 
vn 0.215187668800354 -0.12550431489944458 0.8127312660217285 
vn 0.20475979149341583 0 0.8242498636245728 
vn 0.20475979149341583 0 0.8242498636245728 
vn 0.21414916217327118 -0.15396276116371155 0.8083935976028442 
vn 0.21347934007644653 -0.14858600497245789 0.8095011711120605 
vn 0.2098001092672348 -0.40739214420318604 0.7224764227867126 
vn 0.21160264313220978 -0.3840828537940979 0.7338536381721497 
vn 0.19061341881752014 -0.6337053775787354 0.5554046630859375 
vn 0.19061341881752014 -0.6337053775787354 0.5554046630859375 
vn 0.2098001092672348 -0.40739214420318604 0.7224764227867126 
vn 0.19061341881752014 -0.6337053775787354 0.5554046630859375 
vn 0.20475979149341583 0 0.8242498636245728 
vn 0.21347934007644653 -0.14858600497245789 0.8095011711120605 
vn 0.20475979149341583 0 0.8242498636245728 
vn 0.2229270040988922 -0.013167315162718296 0.8197240829467773 
vn 0.22298981249332428 -0.16038314998149872 0.8049781322479248 
vn 0.284609854221344 -0.20922334492206573 0.7757471799850464 
vn 0.3683827221393585 -0.14187994599342346 0.7567641139030457 
vn 0.45780616998672485 -0.22308309376239777 0.689732015132904 
vn 0.31808537244796753 -0.25065335631370544 0.7516911625862122 
vn 0.3014596402645111 -0.2548682987689972 0.7567641139030457 
vn 0.4651470482349396 -0.22923192381858826 0.6832122206687927 
vn 0.34977152943611145 -0.24759815633296967 0.739353597164154 
vn 0.4651470482349396 -0.22923192381858826 0.6832122206687927 
vn 0.4651470482349396 -0.22923192381858826 0.6832122206687927 
vn 0.3220444619655609 -0.2510972023010254 0.7499713897705078 
vn 0.30548927187919617 -0.25537848472595215 0.7550875544548035 
vn 0.4651470482349396 -0.22923192381858826 0.6832122206687927 
vn 0.3536109924316406 -0.2479369193315506 0.7375343441963196 
vn 0.4651470482349396 -0.22923192381858826 0.6832122206687927 
vn 0.45572105050086975 -0.24090000987052917 0.6853985786437988 
vn 0.3179468810558319 -0.25626593828201294 0.7499713897705078 
vn 0.2761309742927551 -0.30996397137641907 0.7464890480041504 
vn 0.34885743260383606 -0.3710135221481323 0.689732015132904 
vn 0.2210070639848709 -0.4926038086414337 0.6675447821617126 
vn 0.21660704910755157 -0.3619881868362427 0.7429496645927429 
vn 0.21307086944580078 -0.3756517767906189 0.7375343441963196 
vn 0.2073848396539688 -0.5017488598823547 0.6652552485466003 
vn 0.2073848396539688 -0.5017488598823547 0.6652552485466003 
vn 0.21426908671855927 -0.3711249530315399 0.739353597164154 
vn 0.2073848396539688 -0.5017488598823547 0.6652552485466003 
vn 0.2154480218887329 -0.36657050251960754 0.741158664226532 
vn 0.21426908671855927 -0.3711249530315399 0.739353597164154 
vn 0.21220898628234863 -0.10794097930192947 0.815821647644043 
vn 0.18872866034507751 0.1736193597316742 0.8105933666229248 
vn 0.18872866034507751 0.1736193597316742 0.8105933666229248 
vn 0.21336257457733154 -0.11369515210390091 0.8148070573806763 
vn 0.2123270481824875 -0.13716647028923035 0.8116700053215027 
vn 0.2116619050502777 -0.07119735330343246 0.8197240829467773 
vn 0.20591150224208832 -0.11951717734336853 0.815821647644043 
vn 0.18872866034507751 0.1736193597316742 0.8105933666229248 
vn 0.16997243463993073 0.1559992879629135 0.8178040981292725 
vn -0.03250180557370186 -0.05629477649927139 0.8454001545906067 
vn 0.18872866034507751 0.1736193597316742 0.8105933666229248 
vn 0.18872866034507751 0.1736193597316742 0.8105933666229248 
vn 0.13022476434707642 -0.19489514827728271 0.8168206810951233 
vn 0.0684368833899498 -0.26601430773735046 0.8049781322479248 
vn -0.21105456352233887 -0.2518100440502167 0.7858390808105469 
vn -0.21986353397369385 -0.26287683844566345 0.7801616787910461 
vn 0.09198319911956787 -0.2703348398208618 0.8014244437217712 
vn 0.024623237550258636 -0.26991894841194153 0.8061320185661316 
vn 0.06192938983440399 -0.2713303864002228 0.8038089871406555 
vn -0.21986353397369385 -0.26287683844566345 0.7801616787910461 
vn 0.09198319911956787 -0.2703348398208618 0.8014244437217712 
vn 0.01806856133043766 -0.2704368233680725 0.8061320185661316 
vn 0.06685634702444077 -0.27389276027679443 0.8026243448257446 
vn -0.21986353397369385 -0.26287683844566345 0.7801616787910461 
vn -0.21141865849494934 -0.2741726040840149 0.7787050604820251 
vn -0.21986353397369385 -0.26287683844566345 0.7801616787910461 
vn -0.21986353397369385 -0.26287683844566345 0.7801616787910461 
vn 0.1180640161037445 -0.3292016386985779 0.7772335410118103 
vn 0.203256756067276 -0.3960079848766327 0.7301168441772461 
vn -0.06406455487012863 -0.4371544420719147 0.731992244720459 
vn 0.16651029884815216 -0.6192981004714966 0.5774480700492859 
vn 0.20951569080352783 -0.411197692155838 0.7205317616462708 
vn 0.2154480218887329 -0.36657050251960754 0.741158664226532 
vn 0.21426908671855927 -0.3711249530315399 0.739353597164154 
vn 0.2073848396539688 -0.5017488598823547 0.6652552485466003 
vn 0.21307086944580078 -0.3756517767906189 0.7375343441963196 
vn 0.2073848396539688 -0.5017488598823547 0.6652552485466003 
vn 0.2063838690519333 -0.36405736207962036 0.7447264790534973 
vn 0.15759773552417755 -0.32779717445373535 0.7711993455886841 
vn 0.19357730448246002 -0.49753016233444214 0.6720855832099915 
vn 0.09007260203361511 -0.40523192286491394 0.7464890480041504 
vn 0.10784104466438293 -0.2721962630748749 0.7989788055419922 
vn 0.0981801301240921 -0.2681463956832886 0.8014244437217712 
vn -0.04426685720682144 -0.2784375250339508 0.8026243448257446 
vn -0.04913797974586487 -0.27024558186531067 0.8049781322479248 
vn -0.04913797974586487 -0.27024558186531067 0.8049781322479248 
vn -0.21879377961158752 0.4935908913612366 -0.6675447821617126 
vn -0.20201531052589417 0.5039348006248474 -0.6652552485466003 
vn -0.21265681087970734 0.39478376507759094 -0.7282275557518005 
vn -0.20201531052589417 0.5039348006248474 -0.6652552485466003 
vn -0.215349018573761 0.35094279050827026 -0.7482374310493469 
vn -0.20201531052589417 0.5039348006248474 -0.6652552485466003 
vn -0.2164139300584793 0.36600106954574585 -0.741158664226532 
vn -0.2129286527633667 0.3908925950527191 -0.7301168441772461 
vn -0.214426651597023 0.11167538166046143 -0.8148070573806763 
vn -0.20934037864208221 0.07775883376598358 -0.8197240829467773 
vn -0.21199862658977509 0.1376735270023346 -0.8116700053215027 
vn -0.20201531052589417 0.5039348006248474 -0.6652552485466003 
vn -0.20201531052589417 0.5039348006248474 -0.6652552485466003 
vn -0.2121036946773529 0.3761987090110779 -0.7375343441963196 
vn -0.20201531052589417 0.5039348006248474 -0.6652552485466003 
vn -0.215349018573761 0.35094279050827026 -0.7482374310493469 
vn -0.20201531052589417 0.5039348006248474 -0.6652552485466003 
vn -0.21199862658977509 0.1376735270023346 -0.8116700053215027 
vn -0.21128222346305847 0.1175159364938736 -0.8148070573806763 
vn -0.20934037864208221 0.07775883376598358 -0.8197240829467773 
vn -0.214426651597023 0.11167538166046143 -0.8148070573806763 
vn -0.2164139300584793 0.36600106954574585 -0.741158664226532 
vn -0.21265681087970734 0.39478376507759094 -0.7282275557518005 
vn -0.20201531052589417 0.5039348006248474 -0.6652552485466003 
vn -0.20201531052589417 0.5039348006248474 -0.6652552485466003 
vn -0.21555675566196442 0.3468396067619324 -0.7499713897705078 
vn -0.19237695634365082 0.4914625883102417 -0.6765750646591187 
vn -0.20564687252044678 0.3606041371822357 -0.7464890480041504 
vn -0.22214685380458832 0.1206158995628357 -0.8116700053215027 
vn -0.14591513574123383 0.3100854456424713 -0.7801616787910461 
vn -0.04787591099739075 0.37105193734169006 -0.7665190100669861 
vn 0.044595662504434586 0.27838507294654846 -0.8026243448257446 
vn -0.211983785033226 0.10838257521390915 -0.815821647644043 
vn -0.211983785033226 0.10838257521390915 -0.815821647644043 
vn -0.3090307414531708 0.1918020397424698 -0.7711993455886841 
vn -0.35895437002182007 0.24606649577617645 -0.7357009649276733 
vn -0.10667139291763306 0.27265676856040955 -0.7989788055419922 
vn -0.07377074658870697 0.2721118927001953 -0.8026243448257446 
vn 0.05277270823717117 0.2695593535900116 -0.8049781322479248 
vn 0.05277270823717117 0.2695593535900116 -0.8049781322479248 
vn -0.12065151333808899 0.27071619033813477 -0.7977330684661865 
vn 0.05277270823717117 0.2695593535900116 -0.8049781322479248 
vn -0.10682067275047302 0.2687174379825592 -0.8002092838287354 
vn -0.3608906865119934 0.24910485744476318 -0.7338536381721497 
vn -0.07377074658870697 0.2721118927001953 -0.8026243448257446 
vn 0.05277270823717117 0.2695593535900116 -0.8049781322479248 
vn 0.05277270823717117 0.2695593535900116 -0.8049781322479248 
vn -0.1266741007566452 0.26795098185539246 -0.7977330684661865 
vn 0.04280990734696388 0.26394858956336975 -0.8072705268859863 
vn -0.3354222774505615 0.2502478063106537 -0.7447264790534973 
vn -0.39656394720077515 0.24233518540859222 -0.718573272228241 
vn -0.3373437821865082 0.25328490138053894 -0.7429496645927429 
vn -0.4019361436367035 0.23970483243465424 -0.7166010737419128 
vn -0.35708725452423096 0.2545270621776581 -0.7338536381721497 
vn -0.10682067275047302 0.2687174379825592 -0.8002092838287354 
vn -0.15233516693115234 0.2153099924325943 -0.8083935976028442 
vn -0.07212292402982712 0.14264799654483795 -0.8335029482841492 
vn -0.19332218170166016 0.009965198114514351 -0.8267766237258911 
vn -0.2094154804944992 0.1603420078754425 -0.8083935976028442 
vn -0.21499216556549072 0.14638851583003998 -0.8095011711120605 
vn -0.22173258662223816 0.3972863554954529 -0.7244073152542114 
vn -0.29743868112564087 0.32670858502388 -0.731992244720459 
vn -0.20475979149341583 -4.234905205376463e-14 -0.8242498636245728 
vn -0.20475979149341583 -4.234905205376463e-14 -0.8242498636245728 
vn -0.21119917929172516 0.15180952847003937 -0.8095011711120605 
vn -0.20475979149341583 -4.234905205376463e-14 -0.8242498636245728 
vn -0.21337874233722687 0.15502873063087463 -0.8083935976028442 
vn -0.21228180825710297 0.12319783866405487 -0.813776969909668 
vn -0.2117142528295517 0.4064006805419922 -0.7224764227867126 
vn -0.2117142528295517 0.4064006805419922 -0.7224764227867126 
vn -0.21334068477153778 0.40922626852989197 -0.7205317616462708 
vn -0.20475979149341583 -4.234905205376463e-14 -0.8242498636245728 
vn -0.20475979149341583 -4.234905205376463e-14 -0.8242498636245728 
vn -0.21415828168392181 0.17199839651584625 -0.8049781322479248 
vn -0.20475979149341583 -4.234905205376463e-14 -0.8242498636245728 
vn -0.21119917929172516 0.15180952847003937 -0.8095011711120605 
vn -0.20475979149341583 -4.234905205376463e-14 -0.8242498636245728 
vn -0.21337874233722687 0.15502873063087463 -0.8083935976028442 
vn -0.2117142528295517 0.4064006805419922 -0.7224764227867126 
vn -0.21228180825710297 0.12319783866405487 -0.813776969909668 
vn -0.20475979149341583 -4.234905205376463e-14 -0.8242498636245728 
vn -0.20475979149341583 -4.234905205376463e-14 -0.8242498636245728 
vn -0.21460889279842377 0.17719605565071106 -0.8038089871406555 
vn -0.21588017046451569 0.0033085886389017105 -0.8215814828872681 
vn -0.21542246639728546 0.38195350766181946 -0.7338536381721497 
vn -0.20841316878795624 0.44041046500205994 -0.7044821381568909 
vn -0.2117142528295517 0.4064006805419922 -0.7224764227867126 
vn -0.21542246639728546 0.38195350766181946 -0.7338536381721497 
vn -0.21000497043132782 0.4431706368923187 -0.7024150490760803 
vn -0.20844945311546326 0.4007261395454407 -0.7263243794441223 
vn -0.220052108168602 0.15823908150196075 -0.8061320185661316 
vn -0.268679141998291 0.19520682096481323 -0.7844422459602356 
vn -0.3338211178779602 0.10428950935602188 -0.7772335410118103 
vn -0.4559202790260315 0.2269124835729599 -0.689732015132904 
vn -0.31721216440200806 0.2517574727535248 -0.7516911625862122 
vn -0.329505980014801 0.25249114632606506 -0.7464890480041504 
vn -0.0673474371433258 0.2737724184989929 -0.8026243448257446 
vn -0.14526042342185974 0.3485250473022461 -0.7649295926094055 
vn -0.4647195637226105 0.23009732365608215 -0.6832122206687927 
vn -0.4647195637226105 0.23009732365608215 -0.6832122206687927 
vn -0.32758215069770813 0.24945135414600372 -0.7482374310493469 
vn -0.4647195637226105 0.23009732365608215 -0.6832122206687927 
vn -0.3232199251651764 0.24958229064941406 -0.7499713897705078 
vn -0.347470760345459 0.25081679224967957 -0.739353597164154 
vn -0.06561363488435745 0.27046307921409607 -0.8038089871406555 
vn -0.059158653020858765 0.2719479203224182 -0.8038089871406555 
vn -0.059158653020858765 0.2719479203224182 -0.8038089871406555 
vn -0.4647195637226105 0.23009732365608215 -0.6832122206687927 
vn -0.4647195637226105 0.23009732365608215 -0.6832122206687927 
vn -0.30311140418052673 0.2529016137123108 -0.7567641139030457 
vn -0.4536781311035156 0.24472558498382568 -0.6853985786437988 
vn -0.314946711063385 0.25994426012039185 -0.7499713897705078 
vn -0.2568341791629791 0.33040621876716614 -0.7447264790534973 
vn -0.07215956598520279 0.2650286853313446 -0.8049781322479248 
vn -0.018208961933851242 0.270427405834198 -0.8061320185661316 
vn -0.08649129420518875 0.2683398425579071 -0.8026243448257446 
vn -0.3128151297569275 0.4097086191177368 -0.6853985786437988 
vn -0.22209373116493225 0.36258259415626526 -0.741158664226532 
vn -0.20563283562660217 0.11999601870775223 -0.815821647644043 
vn -0.157786026597023 0.1683151125907898 -0.8178040981292725 
vn -0.00165289337746799 0.8323402404785156 0.26407817006111145 
vn -0.00165289337746799 0.8323402404785156 0.26407817006111145 
vn -0.00165289337746799 0.8323402404785156 0.26407817006111145 
vn -0.00165289337746799 0.8323402404785156 0.26407817006111145 
vn -0.00165289337746799 0.8323402404785156 0.26407817006111145 
vn -0.00165289337746799 0.8323402404785156 0.26407817006111145 
vn -0.00165289337746799 0.8323402404785156 0.26407817006111145 
vn -0.00165289337746799 0.8323402404785156 0.26407817006111145 
vn -0.00165289337746799 0.8323402404785156 0.26407817006111145 
vn -0.00165289337746799 0.8323402404785156 0.26407817006111145 
vn 0.036367353051900864 0.835055410861969 0.2534964084625244 
vn 0.036367353051900864 0.835055410861969 0.2534964084625244 
vn 0.2301371842622757 0.8195059895515442 0.19997084140777588 
vn 0.2301371842622757 0.8195059895515442 0.19997084140777588 
vn 0.2301371842622757 0.8195059895515442 0.19997084140777588 
vn 0.036367353051900864 0.835055410861969 0.2534964084625244 
vn -0.00165289337746799 0.8323402404785156 0.26407817006111145 
vn -0.00165289337746799 0.8323402404785156 0.26407817006111145 
vn -0.00165289337746799 0.8323402404785156 0.26407817006111145 
vn -0.00165289337746799 0.8323402404785156 0.26407817006111145 
vn -0.00165289337746799 0.8323402404785156 0.26407817006111145 
vn -0.00165289337746799 0.8323402404785156 0.26407817006111145 
vn -0.00165289337746799 0.8323402404785156 0.26407817006111145 
vn -0.00165289337746799 0.8323402404785156 0.26407817006111145 
vn -0.00165289337746799 0.8323402404785156 0.26407817006111145 
vn -0.00165289337746799 0.8323402404785156 0.26407817006111145 
vn -0.00165289337746799 0.8323402404785156 0.26407817006111145 
vn -0.00165289337746799 0.8323402404785156 0.26407817006111145 
vn -0.00165289337746799 0.8323402404785156 0.26407817006111145 
vn -0.00165289337746799 0.8323402404785156 0.26407817006111145 
vn -0.00165289337746799 0.8323402404785156 0.26407817006111145 
vn -0.00165289337746799 0.8323402404785156 0.26407817006111145 
vn -0.00165289337746799 0.8323402404785156 0.26407817006111145 
vn -0.04458991810679436 0.8287269473075867 0.27110758423805237 
vn -0.00165289337746799 0.8323402404785156 0.26407817006111145 
vn -0.04458991810679436 0.8287269473075867 0.27110758423805237 
vn -0.29529574513435364 0.7571367621421814 0.31627029180526733 
vn -0.29529574513435364 0.7571367621421814 0.31627029180526733 
vn -0.29529574513435364 0.7571367621421814 0.31627029180526733 
vn -0.04458991810679436 0.8287269473075867 0.27110758423805237 
vn -0.00165289337746799 0.8323402404785156 0.26407817006111145 
vn -0.00165289337746799 0.8323402404785156 0.26407817006111145 
vn -0.00165289337746799 0.8323402404785156 0.26407817006111145 
vn -0.00165289337746799 0.8323402404785156 0.26407817006111145 
vn -0.00165289337746799 0.8323402404785156 0.26407817006111145 
vn -0.00165289337746799 0.8323402404785156 0.26407817006111145 
vn -0.00165289337746799 0.8323402404785156 0.26407817006111145 
vn -0.00165289337746799 0.8323402404785156 0.26407817006111145 
vn -0.00165289337746799 0.8323402404785156 0.26407817006111145 
vn -0.00165289337746799 0.8323402404785156 0.26407817006111145 
vn -0.00165289337746799 0.8323402404785156 0.26407817006111145 
vn 0.036367353051900864 0.835055410861969 0.2534964084625244 
vn 0.036367353051900864 0.835055410861969 0.2534964084625244 
vn 0.2301371842622757 0.8195059895515442 0.19997084140777588 
vn 0.2301371842622757 0.8195059895515442 0.19997084140777588 
vn -0.8288477659225464 -0.24462492763996124 0.13828299939632416 
vn -0.8288477659225464 -0.24462492763996124 0.13828299939632416 
vn -0.8483187556266785 -0.08905114978551865 0.19276416301727295 
vn -0.8483187556266785 -0.08905114978551865 0.19276416301727295 
vn -0.84837806224823 -0.06933847814798355 0.19997084140777588 
vn -0.84837806224823 -0.06933847814798355 0.19997084140777588 
vn -0.84837806224823 -0.06933847814798355 0.19997084140777588 
vn -0.84837806224823 -0.06933847814798355 0.19997084140777588 
vn -0.84837806224823 -0.06933847814798355 0.19997084140777588 
vn -0.84837806224823 -0.06933847814798355 0.19997084140777588 
vn -0.84837806224823 -0.06933847814798355 0.19997084140777588 
vn -0.84837806224823 -0.06933847814798355 0.19997084140777588 
vn -0.84837806224823 -0.06933847814798355 0.19997084140777588 
vn -0.84837806224823 -0.06933847814798355 0.19997084140777588 
vn -0.8482813835144043 -0.0429665632545948 0.2071622610092163 
vn -0.8482813835144043 -0.0429665632545948 0.2071622610092163 
vn -0.8120515942573547 0.17711226642131805 0.26759544014930725 
vn -0.8120515942573547 0.17711226642131805 0.26759544014930725 
vn -0.8120515942573547 0.17711226642131805 0.26759544014930725 
vn -0.8482813835144043 -0.0429665632545948 0.2071622610092163 
vn -0.84837806224823 -0.06933847814798355 0.19997084140777588 
vn -0.8482813835144043 -0.0429665632545948 0.2071622610092163 
vn -0.84837806224823 -0.06933847814798355 0.19997084140777588 
vn -0.84837806224823 -0.06933847814798355 0.19997084140777588 
vn -0.8120515942573547 0.17711226642131805 0.26759544014930725 
vn -0.8120515942573547 0.17711226642131805 0.26759544014930725 
vn -0.8482813835144043 -0.0429665632545948 0.2071622610092163 
vn -0.84837806224823 -0.06933847814798355 0.19997084140777588 
vn -0.84837806224823 -0.06933847814798355 0.19997084140777588 
vn -0.84837806224823 -0.06933847814798355 0.19997084140777588 
vn -0.84837806224823 -0.06933847814798355 0.19997084140777588 
vn -0.84837806224823 -0.06933847814798355 0.19997084140777588 
vn -0.84837806224823 -0.06933847814798355 0.19997084140777588 
vn -0.84837806224823 -0.06933847814798355 0.19997084140777588 
vn -0.84837806224823 -0.06933847814798355 0.19997084140777588 
vn -0.84837806224823 -0.06933847814798355 0.19997084140777588 
vn -0.8483187556266785 -0.08905114978551865 0.19276416301727295 
vn -0.8483187556266785 -0.08905114978551865 0.19276416301727295 
vn -0.8288477659225464 -0.24462492763996124 0.13828299939632416 
vn -0.8288477659225464 -0.24462492763996124 0.13828299939632416 
vn -0.8288477659225464 -0.24462492763996124 0.13828299939632416 
vn -0.8483187556266785 -0.08905114978551865 0.19276416301727295 
vn -0.84837806224823 -0.06933847814798355 0.19997084140777588 
vn -0.84837806224823 -0.06933847814798355 0.19997084140777588 
vn -0.84837806224823 -0.06933847814798355 0.19997084140777588 
vn 0.17068949341773987 -0.8030309677124023 -0.29554399847984314 
vn 0.03968975320458412 -0.8289760947227478 -0.27110758423805237 
vn 0.17068949341773987 -0.8030309677124023 -0.29554399847984314 
vn 0.03968975320458412 -0.8289760947227478 -0.27110758423805237 
vn -0.00165289337746799 -0.8323402404785156 -0.26407817006111145 
vn -0.00165289337746799 -0.8323402404785156 -0.26407817006111145 
vn -0.00165289337746799 -0.8323402404785156 -0.26407817006111145 
vn -0.00165289337746799 -0.8323402404785156 -0.26407817006111145 
vn -0.00165289337746799 -0.8323402404785156 -0.26407817006111145 
vn -0.00165289337746799 -0.8323402404785156 -0.26407817006111145 
vn -0.00165289337746799 -0.8323402404785156 -0.26407817006111145 
vn -0.00165289337746799 -0.8323402404785156 -0.26407817006111145 
vn -0.00165289337746799 -0.8323402404785156 -0.26407817006111145 
vn -0.00165289337746799 -0.8323402404785156 -0.26407817006111145 
vn -0.00165289337746799 -0.8323402404785156 -0.26407817006111145 
vn -0.00165289337746799 -0.8323402404785156 -0.26407817006111145 
vn -0.00165289337746799 -0.8323402404785156 -0.26407817006111145 
vn -0.00165289337746799 -0.8323402404785156 -0.26407817006111145 
vn -0.00165289337746799 -0.8323402404785156 -0.26407817006111145 
vn -0.00165289337746799 -0.8323402404785156 -0.26407817006111145 
vn -0.00165289337746799 -0.8323402404785156 -0.26407817006111145 
vn -0.00165289337746799 -0.8323402404785156 -0.26407817006111145 
vn -0.061134222894907 -0.8347477912902832 -0.24995937943458557 
vn -0.00165289337746799 -0.8323402404785156 -0.26407817006111145 
vn -0.061134222894907 -0.8347477912902832 -0.24995937943458557 
vn -0.3828910291194916 -0.7733116745948792 -0.14558659493923187 
vn -0.3828910291194916 -0.7733116745948792 -0.14558659493923187 
vn -0.3828910291194916 -0.7733116745948792 -0.14558659493923187 
vn -0.061134222894907 -0.8347477912902832 -0.24995937943458557 
vn -0.00165289337746799 -0.8323402404785156 -0.26407817006111145 
vn -0.00165289337746799 -0.8323402404785156 -0.26407817006111145 
vn -0.00165289337746799 -0.8323402404785156 -0.26407817006111145 
vn -0.00165289337746799 -0.8323402404785156 -0.26407817006111145 
vn -0.00165289337746799 -0.8323402404785156 -0.26407817006111145 
vn -0.00165289337746799 -0.8323402404785156 -0.26407817006111145 
vn -0.00165289337746799 -0.8323402404785156 -0.26407817006111145 
vn -0.00165289337746799 -0.8323402404785156 -0.26407817006111145 
vn -0.00165289337746799 -0.8323402404785156 -0.26407817006111145 
vn -0.00165289337746799 -0.8323402404785156 -0.26407817006111145 
vn -0.00165289337746799 -0.8323402404785156 -0.26407817006111145 
vn -0.00165289337746799 -0.8323402404785156 -0.26407817006111145 
vn -0.00165289337746799 -0.8323402404785156 -0.26407817006111145 
vn -0.00165289337746799 -0.8323402404785156 -0.26407817006111145 
vn -0.00165289337746799 -0.8323402404785156 -0.26407817006111145 
vn -0.00165289337746799 -0.8323402404785156 -0.26407817006111145 
vn -0.00165289337746799 -0.8323402404785156 -0.26407817006111145 
vn -0.00165289337746799 -0.8323402404785156 -0.26407817006111145 
vn -0.00165289337746799 -0.8323402404785156 -0.26407817006111145 
vn -0.00165289337746799 -0.8323402404785156 -0.26407817006111145 
vn -0.00165289337746799 -0.8323402404785156 -0.26407817006111145 
vn -0.00165289337746799 -0.8323402404785156 -0.26407817006111145 
vn -0.00165289337746799 -0.8323402404785156 -0.26407817006111145 
vn 0.03968975320458412 -0.8289760947227478 -0.27110758423805237 
vn -0.00165289337746799 -0.8323402404785156 -0.26407817006111145 
vn 0.03968975320458412 -0.8289760947227478 -0.27110758423805237 
vn 0.17068949341773987 -0.8030309677124023 -0.29554399847984314 
vn 0.17068949341773987 -0.8030309677124023 -0.29554399847984314 
vn 0.17068949341773987 -0.8030309677124023 -0.29554399847984314 
vn 0.03968975320458412 -0.8289760947227478 -0.27110758423805237 
vn 0.7910680174827576 0.3652333915233612 -0.08689343929290771 
vn 0.8486466407775879 0.08586985617876053 -0.19276416301727295 
vn 0.7910680174827576 0.3652333915233612 -0.08689343929290771 
vn 0.8486466407775879 0.08586985617876053 -0.19276416301727295 
vn 0.8486409187316895 0.06604345887899399 -0.19997084140777588 
vn 0.8486409187316895 0.06604345887899399 -0.19997084140777588 
vn 0.8486409187316895 0.06604345887899399 -0.19997084140777588 
vn 0.8486409187316895 0.06604345887899399 -0.19997084140777588 
vn 0.8486466407775879 0.08586985617876053 -0.19276416301727295 
vn 0.7910680174827576 0.3652333915233612 -0.08689343929290771 
vn 0.8486466407775879 0.08586985617876053 -0.19276416301727295 
vn 0.7910680174827576 0.3652333915233612 -0.08689343929290771 
vn 0.7910680174827576 0.3652333915233612 -0.08689343929290771 
vn 0.8486466407775879 0.08586985617876053 -0.19276416301727295 
vn 0.8486409187316895 0.06604345887899399 -0.19997084140777588 
vn 0.8486409187316895 0.06604345887899399 -0.19997084140777588 
vn 0.8486409187316895 0.06604345887899399 -0.19997084140777588 
vn 0.8486409187316895 0.06604345887899399 -0.19997084140777588 
vn 0.8486409187316895 0.06604345887899399 -0.19997084140777588 
vn 0.8486409187316895 0.06604345887899399 -0.19997084140777588 
vn 0.8486409187316895 0.06604345887899399 -0.19997084140777588 
vn 0.8486409187316895 0.06604345887899399 -0.19997084140777588 
vn 0.8486409187316895 0.06604345887899399 -0.19997084140777588 
vn 0.8486409187316895 0.06604345887899399 -0.19997084140777588 
vn 0.8486409187316895 0.06604345887899399 -0.19997084140777588 
vn 0.8480129837989807 0.026451367884874344 -0.21075205504894257 
vn 0.8480129837989807 0.026451367884874344 -0.21075205504894257 
vn 0.7429138422012329 -0.34622353315353394 -0.2990128695964813 
vn 0.7429138422012329 -0.34622353315353394 -0.2990128695964813 
vn 0.7429138422012329 -0.34622353315353394 -0.2990128695964813 
vn 0.8480129837989807 0.026451367884874344 -0.21075205504894257 
vn 0.8486409187316895 0.06604345887899399 -0.19997084140777588 
vn 0.8486409187316895 0.06604345887899399 -0.19997084140777588 
vn 0.8486409187316895 0.06604345887899399 -0.19997084140777588 
vn 0.8486409187316895 0.06604345887899399 -0.19997084140777588 
vn 0.8486409187316895 0.06604345887899399 -0.19997084140777588 
vn 0.8486409187316895 0.06604345887899399 -0.19997084140777588 
vn 0.8486409187316895 0.06604345887899399 -0.19997084140777588 
vn 0.8486409187316895 0.06604345887899399 -0.19997084140777588 
vn 0.8480129837989807 0.026451367884874344 -0.21075205504894257 
vn 0.8480129837989807 0.026451367884874344 -0.21075205504894257 
vn 0.8486409187316895 0.06604345887899399 -0.19997084140777588 
vn 0.8486409187316895 0.06604345887899399 -0.19997084140777588 
vn 0.7429138422012329 -0.34622353315353394 -0.2990128695964813 
vn 0.7429138422012329 -0.34622353315353394 -0.2990128695964813 
vn -0.20563283562660217 0.11999601870775223 -0.815821647644043 
vn -0.21199862658977509 0.1376735270023346 -0.8116700053215027 
vn -0.18990613520145416 -0.17233063280582428 -0.8105933666229248 
vn -0.20934037864208221 0.07775883376598358 -0.8197240829467773 
vn -0.18990613520145416 -0.17233063280582428 -0.8105933666229248 
vn -0.214426651597023 0.11167538166046143 -0.8148070573806763 
vn -0.18990613520145416 -0.17233063280582428 -0.8105933666229248 
vn -0.18990613520145416 -0.17233063280582428 -0.8105933666229248 
vn -0.21199862658977509 0.1376735270023346 -0.8116700053215027 
vn -0.21128222346305847 0.1175159364938736 -0.8148070573806763 
vn -0.18990613520145416 -0.17233063280582428 -0.8105933666229248 
vn -0.20934037864208221 0.07775883376598358 -0.8197240829467773 
vn -0.18990613520145416 -0.17233063280582428 -0.8105933666229248 
vn -0.214426651597023 0.11167538166046143 -0.8148070573806763 
vn -0.18990613520145416 -0.17233063280582428 -0.8105933666229248 
vn -0.18990613520145416 -0.17233063280582428 -0.8105933666229248 
vn -0.211983785033226 0.10838257521390915 -0.815821647644043 
vn -0.18990613520145416 -0.17233063280582428 -0.8105933666229248 
vn -0.211983785033226 0.10838257521390915 -0.815821647644043 
vn -0.22214685380458832 0.1206158995628357 -0.8116700053215027 
vn -0.21787388622760773 -0.15502426028251648 -0.8072705268859863 
vn -0.46499037742614746 0.05286787077784538 -0.7166010737419128 
vn -0.3090307414531708 0.1918020397424698 -0.7711993455886841 
vn -0.35895437002182007 0.24606649577617645 -0.7357009649276733 
vn -0.5923690795898438 0.19212430715560913 -0.5961582064628601 
vn -0.5987604856491089 0.19837534427642822 -0.5882068276405334 
vn -0.3354222774505615 0.2502478063106537 -0.7447264790534973 
vn -0.39656394720077515 0.24233518540859222 -0.718573272228241 
vn -0.5987604856491089 0.19837534427642822 -0.5882068276405334 
vn -0.3608906865119934 0.24910485744476318 -0.7338536381721497 
vn -0.5987604856491089 0.19837534427642822 -0.5882068276405334 
vn -0.5987604856491089 0.19837534427642822 -0.5882068276405334 
vn -0.3373437821865082 0.25328490138053894 -0.7429496645927429 
vn -0.4019361436367035 0.23970483243465424 -0.7166010737419128 
vn -0.5987604856491089 0.19837534427642822 -0.5882068276405334 
vn -0.35708725452423096 0.2545270621776581 -0.7338536381721497 
vn -0.59270179271698 0.2078964114189148 -0.5908686518669128 
vn -0.43189698457717896 0.42955586314201355 -0.6091822385787964 
vn -0.29743868112564087 0.32670858502388 -0.731992244720459 
vn -0.22173258662223816 0.3972863554954529 -0.7244073152542114 
vn -0.21282148361206055 0.6185867190361023 -0.5637519359588623 
vn -0.18932278454303741 0.6340921521186829 -0.5554046630859375 
vn -0.21334068477153778 0.40922626852989197 -0.7205317616462708 
vn -0.2117142528295517 0.4064006805419922 -0.7224764227867126 
vn -0.18932278454303741 0.6340921521186829 -0.5554046630859375 
vn -0.2117142528295517 0.4064006805419922 -0.7224764227867126 
vn -0.18932278454303741 0.6340921521186829 -0.5554046630859375 
vn -0.18932278454303741 0.6340921521186829 -0.5554046630859375 
vn -0.21542246639728546 0.38195350766181946 -0.7338536381721497 
vn -0.20841316878795624 0.44041046500205994 -0.7044821381568909 
vn -0.18932278454303741 0.6340921521186829 -0.5554046630859375 
vn -0.2117142528295517 0.4064006805419922 -0.7224764227867126 
vn -0.18932278454303741 0.6340921521186829 -0.5554046630859375 
vn -0.2117142528295517 0.4064006805419922 -0.7224764227867126 
vn -0.18932278454303741 0.6340921521186829 -0.5554046630859375 
vn -0.18932278454303741 0.6340921521186829 -0.5554046630859375 
vn -0.21542246639728546 0.38195350766181946 -0.7338536381721497 
vn -0.21000497043132782 0.4431706368923187 -0.7024150490760803 
vn -0.18932278454303741 0.6340921521186829 -0.5554046630859375 
vn -0.20844945311546326 0.4007261395454407 -0.7263243794441223 
vn -0.1764991283416748 0.6245992183685303 -0.5692630410194397 
vn -5.104154132771349e-14 0.4935767948627472 -0.7003344893455505 
vn -0.14526042342185974 0.3485250473022461 -0.7649295926094055 
vn -0.0673474371433258 0.2737724184989929 -0.8026243448257446 
vn 0.2151232361793518 0.2712756097316742 -0.7787050604820251 
vn 0.22098830342292786 0.26193204522132874 -0.7801616787910461 
vn -0.059158653020858765 0.2719479203224182 -0.8038089871406555 
vn -0.059158653020858765 0.2719479203224182 -0.8038089871406555 
vn 0.22098830342292786 0.26193204522132874 -0.7801616787910461 
vn -0.06561363488435745 0.27046307921409607 -0.8038089871406555 
vn 0.22098830342292786 0.26193204522132874 -0.7801616787910461 
vn 0.22098830342292786 0.26193204522132874 -0.7801616787910461 
vn -0.08649129420518875 0.2683398425579071 -0.8026243448257446 
vn -0.018208961933851242 0.270427405834198 -0.8061320185661316 
vn 0.22098830342292786 0.26193204522132874 -0.7801616787910461 
vn -0.07215956598520279 0.2650286853313446 -0.8049781322479248 
vn 0.20845209062099457 0.24470333755016327 -0.7885878682136536 
vn -0.03181514889001846 -0.01317826472222805 -0.8470823764801025 
vn -0.157786026597023 0.1683151125907898 -0.8178040981292725 
vn -0.17374734580516815 -0.15733551979064941 -0.8168206810951233 
vn -0.00165289337746799 -0.8323402404785156 -0.26407817006111145 
vn -0.00165289337746799 -0.8323402404785156 -0.26407817006111145 
vn -0.061134222894907 -0.8347477912902832 -0.24995937943458557 
vn -0.3828910291194916 -0.7733116745948792 -0.14558659493923187 
vn -0.3828910291194916 -0.7733116745948792 -0.14558659493923187 
vn -0.061134222894907 -0.8347477912902832 -0.24995937943458557 
vn -0.04458991810679436 0.8287269473075867 0.27110758423805237 
vn -0.00165289337746799 0.8323402404785156 0.26407817006111145 
vn -0.04458991810679436 0.8287269473075867 0.27110758423805237 
vn -0.00165289337746799 0.8323402404785156 0.26407817006111145 
vn -0.00165289337746799 0.8323402404785156 0.26407817006111145 
vn -0.00165289337746799 0.8323402404785156 0.26407817006111145 
vn -0.29529574513435364 0.7571367621421814 0.31627029180526733 
vn -0.29529574513435364 0.7571367621421814 0.31627029180526733 
vn -0.00165289337746799 0.8323402404785156 0.26407817006111145 
vn -0.00165289337746799 0.8323402404785156 0.26407817006111145 
s on 
f 1//1 2//2 3//3 
f 2//2 4//4 3//3 
f 3//3 4//4 5//5 
f 4//4 4//4 5//5 
f 5//5 4//4 6//6 
f 4//4 4//4 6//6 
f 6//6 4//4 7//7 
f 4//4 8//8 7//7 
f 7//7 8//8 9//9 
f 8//8 10//10 9//9 
f 9//9 10//10 9//9 
f 10//10 11//11 9//9 
f 9//9 11//11 9//9 
f 11//11 12//12 9//9 
f 9//9 12//12 13//13 
f 12//12 14//14 13//13 
f 13//13 14//14 13//13 
f 14//14 15//15 13//13 
f 13//13 15//15 16//16 
f 15//15 15//15 16//16 
f 16//16 15//15 17//17 
f 15//15 15//15 17//17 
f 17//17 15//15 18//18 
f 15//15 15//15 18//18 
f 18//18 15//15 19//19 
f 15//15 15//15 19//19 
f 19//19 15//15 20//20 
f 15//15 14//14 20//20 
f 20//20 14//14 14//14 
f 14//14 2//2 14//14 
f 14//14 2//2 2//2 
f 2//2 10//10 2//2 
f 2//2 10//10 4//4 
f 10//10 8//8 4//4 
f 4//4 8//8 8//8 
f 8//8 7//7 8//8 
f 8//8 7//7 7//7 
f 7//7 9//9 7//7 
f 7//7 9//9 21//21 
f 9//9 13//13 21//21 
f 21//21 13//13 16//16 
f 13//13 16//16 16//16 
f 16//16 16//16 18//18 
f 16//16 18//18 18//18 
f 18//18 18//18 22//22 
f 18//18 19//19 22//22 
f 22//22 19//19 22//22 
f 19//19 20//20 22//22 
f 22//22 20//20 22//22 
f 20//20 23//23 22//22 
f 22//22 23//23 22//22 
f 23//23 24//24 22//22 
f 22//22 24//24 25//25 
f 24//24 26//26 25//25 
f 25//25 26//26 27//27 
f 26//26 28//28 27//27 
f 27//27 28//28 29//29 
f 28//28 30//30 29//29 
f 29//29 30//30 31//31 
f 30//30 32//32 31//31 
f 31//31 32//32 32//32 
f 32//32 18//18 32//32 
f 32//32 18//18 18//18 
f 18//18 22//22 18//18 
f 18//18 22//22 33//33 
f 22//22 25//25 33//33 
f 33//33 25//25 34//34 
f 25//25 25//25 34//34 
f 34//34 25//25 29//29 
f 25//25 27//27 29//29 
f 29//29 27//27 27//27 
f 27//27 26//26 27//27 
f 27//27 26//26 26//26 
f 26//26 35//35 26//26 
f 26//26 35//35 28//28 
f 35//35 28//28 28//28 
f 28//28 28//28 36//36 
f 28//28 36//36 36//36 
f 36//36 36//36 37//37 
f 36//36 38//38 37//37 
f 37//37 38//38 39//39 
f 38//38 29//29 39//39 
f 39//39 29//29 40//40 
f 29//29 31//31 40//40 
f 40//40 31//31 31//31 
f 31//31 36//36 31//31 
f 31//31 36//36 36//36 
f 36//36 37//37 36//36 
f 36//36 37//37 41//41 
f 37//37 42//42 41//41 
f 41//41 42//42 41//41 
f 42//42 43//43 41//41 
f 41//41 43//43 44//44 
f 43//43 45//45 44//44 
f 44//44 45//45 46//46 
f 45//45 47//47 46//46 
f 46//46 47//47 48//48 
f 47//47 47//47 48//48 
f 48//48 47//47 49//49 
f 47//47 50//50 49//49 
f 49//49 50//50 49//49 
f 50//50 51//51 49//49 
f 49//49 51//51 52//52 
f 51//51 53//53 52//52 
f 52//52 53//53 54//54 
f 53//53 54//54 54//54 
f 54//54 54//54 53//53 
f 54//54 53//53 53//53 
f 53//53 53//53 55//55 
f 53//53 51//51 55//55 
f 55//55 51//51 55//55 
f 51//51 56//56 55//55 
f 55//55 56//56 57//57 
f 56//56 58//58 57//57 
f 57//57 58//58 59//59 
f 58//58 58//58 59//59 
f 59//59 58//58 60//60 
f 58//58 58//58 60//60 
f 60//60 58//58 61//61 
f 58//58 58//58 61//61 
f 61//61 58//58 62//62 
f 58//58 58//58 62//62 
f 62//62 58//58 63//63 
f 58//58 56//56 63//63 
f 63//63 56//56 63//63 
f 56//56 51//51 63//63 
f 63//63 51//51 63//63 
f 51//51 50//50 63//63 
f 63//63 50//50 63//63 
f 50//50 47//47 63//63 
f 63//63 47//47 64//64 
f 47//47 45//45 64//64 
f 64//64 45//45 65//65 
f 45//45 43//43 65//65 
f 65//65 43//43 43//43 
f 43//43 65//65 43//43 
f 43//43 65//65 65//65 
f 65//65 66//66 65//65 
f 65//65 66//66 64//64 
f 66//66 66//66 64//64 
f 64//64 66//66 63//63 
f 66//66 66//66 63//63 
f 63//63 66//66 62//62 
f 66//66 66//66 62//62 
f 62//62 66//66 61//61 
f 66//66 66//66 61//61 
f 61//61 66//66 67//67 
f 66//66 66//66 67//67 
f 67//67 66//66 68//68 
f 66//66 65//65 68//68 
f 68//68 65//65 69//69 
f 65//65 43//43 69//69 
f 69//69 43//43 70//70 
f 43//43 42//42 70//70 
f 70//70 42//42 70//70 
f 42//42 37//37 70//70 
f 70//70 37//37 71//71 
f 37//37 39//39 71//71 
f 71//71 39//39 71//71 
f 39//39 72//72 71//71 
f 71//71 72//72 71//71 
f 72//72 73//73 71//71 
f 71//71 73//73 70//70 
f 73//73 74//74 70//70 
f 70//70 74//74 70//70 
f 74//74 75//75 70//70 
f 70//70 75//75 69//69 
f 75//75 75//75 69//69 
f 69//69 75//75 68//68 
f 75//75 76//76 68//68 
f 68//68 76//76 67//67 
f 76//76 77//77 67//67 
f 67//67 77//77 61//61 
f 77//77 78//78 61//61 
f 61//61 78//78 61//61 
f 78//78 79//79 61//61 
f 61//61 79//79 80//80 
f 79//79 81//81 80//80 
f 80//80 81//81 82//82 
f 81//81 82//82 82//82 
f 82//82 82//82 81//81 
f 82//82 81//81 81//81 
f 81//81 81//81 83//83 
f 81//81 79//79 83//83 
f 83//83 79//79 83//83 
f 79//79 84//84 83//83 
f 83//83 84//84 85//85 
f 84//84 86//86 85//85 
f 85//85 86//86 87//87 
f 86//86 86//86 87//87 
f 87//87 86//86 88//88 
f 86//86 86//86 88//88 
f 88//88 86//86 89//89 
f 86//86 90//90 89//89 
f 89//89 90//90 89//89 
f 90//90 91//91 89//89 
f 89//89 91//91 92//92 
f 91//91 93//93 92//92 
f 92//92 93//93 94//94 
f 93//93 95//95 94//94 
f 94//94 95//95 96//96 
f 95//95 95//95 96//96 
f 96//96 95//95 97//97 
f 95//95 98//98 97//97 
f 97//97 98//98 97//97 
f 98//98 99//99 97//97 
f 97//97 99//99 100//100 
f 99//99 101//101 100//100 
f 100//100 101//101 102//102 
f 101//101 101//101 102//102 
f 102//102 101//101 103//103 
f 101//101 104//104 103//103 
f 103//103 104//104 105//105 
f 104//104 106//106 105//105 
f 105//105 106//106 107//107 
f 106//106 106//106 107//107 
f 107//107 106//106 108//108 
f 106//106 109//109 108//108 
f 108//108 109//109 110//110 
f 109//109 109//109 110//110 
f 110//110 109//109 111//111 
f 109//109 106//106 111//111 
f 111//111 106//106 112//112 
f 106//106 101//101 112//112 
f 112//112 101//101 112//112 
f 101//101 99//99 112//112 
f 112//112 99//99 113//113 
f 99//99 99//99 113//113 
f 113//113 99//99 114//114 
f 99//99 98//98 114//114 
f 114//114 98//98 114//114 
f 98//98 95//95 114//114 
f 114//114 95//95 115//115 
f 95//95 93//93 115//115 
f 115//115 93//93 116//116 
f 93//93 91//91 116//116 
f 116//116 91//91 91//91 
f 91//91 101//101 91//91 
f 91//91 101//101 101//101 
f 101//101 106//106 101//101 
f 101//101 106//106 104//104 
f 106//106 104//104 104//104 
f 104//104 104//104 110//110 
f 104//104 110//110 110//110 
f 110//110 110//110 108//108 
f 110//110 117//117 108//108 
f 108//108 117//117 117//117 
f 117//117 112//112 117//117 
f 117//117 112//112 112//112 
f 112//112 113//113 112//112 
f 112//112 113//113 111//111 
f 113//113 118//118 111//111 
f 111//111 118//118 119//119 
f 118//118 120//120 119//119 
f 119//119 120//120 120//120 
f 120//120 113//113 120//120 
f 120//120 113//113 113//113 
f 113//113 114//114 113//113 
f 113//113 114//114 118//118 
f 114//114 114//114 118//118 
f 118//118 114//114 121//121 
f 114//114 114//114 121//121 
f 121//121 114//114 122//122 
f 114//114 115//115 122//122 
f 122//122 115//115 116//116 
f 115//115 116//116 116//116 
f 116//116 116//116 111//111 
f 116//116 111//111 111//111 
f 111//111 111//111 110//110 
f 111//111 119//119 110//110 
f 110//110 119//119 123//123 
f 119//119 120//120 123//123 
f 123//123 120//120 120//120 
f 120//120 124//124 120//120 
f 120//120 124//124 124//124 
f 124//124 125//125 124//124 
f 124//124 125//125 126//126 
f 125//125 127//127 126//126 
f 126//126 127//127 128//128 
f 127//127 127//127 128//128 
f 128//128 127//127 129//129 
f 127//127 125//125 129//129 
f 129//129 125//125 129//129 
f 125//125 117//117 129//129 
f 129//129 117//117 129//129 
f 117//117 110//110 129//129 
f 129//129 110//110 130//130 
f 110//110 123//123 130//130 
f 130//130 123//123 123//123 
f 123//123 126//126 123//123 
f 123//123 126//126 126//126 
f 126//126 128//128 126//126 
f 126//126 128//128 131//131 
f 128//128 128//128 131//131 
f 131//131 128//128 132//132 
f 128//128 133//133 132//132 
f 132//132 133//133 32//32 
f 133//133 133//133 32//32 
f 32//32 133//133 31//31 
f 133//133 128//128 31//31 
f 31//31 128//128 134//134 
f 128//128 129//129 134//134 
f 134//134 129//129 129//129 
f 129//129 32//32 129//129 
f 129//129 32//32 32//32 
f 32//32 135//135 32//32 
f 32//32 135//135 132//132 
f 135//135 132//132 132//132 
f 132//132 132//132 130//130 
f 132//132 130//130 130//130 
f 130//130 130//130 129//129 
f 130//130 136//136 129//129 
f 129//129 136//136 137//137 
f 136//136 136//136 137//137 
f 137//137 136//136 31//31 
f 136//136 136//136 31//31 
f 31//31 136//136 40//40 
f 136//136 136//136 40//40 
f 40//40 136//136 39//39 
f 136//136 136//136 39//39 
f 39//39 136//136 72//72 
f 136//136 123//123 72//72 
f 72//72 123//123 73//73 
f 123//123 120//120 73//73 
f 73//73 120//120 138//138 
f 120//120 118//118 138//138 
f 138//138 118//118 138//138 
f 118//118 121//121 138//138 
f 138//138 121//121 138//138 
f 121//121 122//122 138//138 
f 138//138 122//122 139//139 
f 122//122 140//140 139//139 
f 139//139 140//140 139//139 
f 140//140 76//76 139//139 
f 139//139 76//76 139//139 
f 76//76 75//75 139//139 
f 139//139 75//75 138//138 
f 75//75 74//74 138//138 
f 138//138 74//74 73//73 
f 74//74 73//73 73//73 
f 73//73 73//73 123//123 
f 73//73 123//123 123//123 
f 123//123 123//123 130//130 
f 123//123 136//136 130//130 
f 130//130 136//136 136//136 
f 136//136 122//122 136//136 
f 136//136 122//122 122//122 
f 122//122 116//116 122//122 
f 122//122 116//116 140//140 
f 116//116 141//141 140//140 
f 140//140 141//141 77//77 
f 141//141 142//142 77//77 
f 77//77 142//142 78//78 
f 142//142 142//142 78//78 
f 78//78 142//142 79//79 
f 142//142 142//142 79//79 
f 79//79 142//142 84//84 
f 142//142 142//142 84//84 
f 84//84 142//142 86//86 
f 142//142 142//142 86//86 
f 86//86 142//142 90//90 
f 142//142 142//142 90//90 
f 90//90 142//142 91//91 
f 142//142 141//141 91//91 
f 91//91 141//141 116//116 
f 141//141 116//116 116//116 
f 116//116 116//116 77//77 
f 116//116 77//77 77//77 
f 77//77 77//77 140//140 
f 77//77 76//76 140//140 
f 140//140 76//76 76//76 
f 76//76 143//143 76//76 
f 76//76 143//143 143//143 
f 143//143 144//144 143//143 
f 143//143 144//144 145//145 
f 144//144 144//144 145//145 
f 145//145 144//144 146//146 
f 144//144 147//147 146//146 
f 146//146 147//147 148//148 
f 147//147 149//149 148//148 
f 148//148 149//149 149//149 
f 149//149 143//143 149//149 
f 149//149 143//143 143//143 
f 143//143 145//145 143//143 
f 143//143 145//145 150//150 
f 145//145 151//151 150//150 
f 150//150 151//151 150//150 
f 151//151 152//152 150//150 
f 150//150 152//152 153//153 
f 152//152 154//154 153//153 
f 153//153 154//154 155//155 
f 154//154 154//154 155//155 
f 155//155 154//154 156//156 
f 154//154 154//154 156//156 
f 156//156 154//154 157//157 
f 154//154 154//154 157//157 
f 157//157 154//154 158//158 
f 154//154 159//159 158//158 
f 158//158 159//159 160//160 
f 159//159 159//159 160//160 
f 160//160 159//159 161//161 
f 159//159 159//159 161//161 
f 161//161 159//159 152//152 
f 159//159 154//154 152//152 
f 152//152 154//154 154//154 
f 154//154 162//162 154//154 
f 154//154 162//162 162//162 
f 162//162 158//158 162//162 
f 162//162 158//158 163//163 
f 158//158 164//164 163//163 
f 163//163 164//164 103//103 
f 164//164 164//164 103//103 
f 103//103 164//164 160//160 
f 164//164 158//158 160//160 
f 160//160 158//158 158//158 
f 158//158 162//162 158//158 
f 158//158 162//162 162//162 
f 162//162 165//165 162//162 
f 162//162 165//165 158//158 
f 165//165 165//165 158//158 
f 158//158 165//165 157//157 
f 165//165 165//165 157//157 
f 157//157 165//165 156//156 
f 165//165 166//166 156//156 
f 156//156 166//166 167//167 
f 166//166 167//167 167//167 
f 167//167 167//167 166//166 
f 167//167 166//166 166//166 
f 166//166 166//166 168//168 
f 166//166 165//165 168//168 
f 168//168 165//165 169//169 
f 165//165 170//170 169//169 
f 169//169 170//170 171//171 
f 170//170 170//170 171//171 
f 171//171 170//170 172//172 
f 170//170 170//170 172//172 
f 172//172 170//170 173//173 
f 170//170 174//174 173//173 
f 173//173 174//174 175//175 
f 174//174 163//163 175//175 
f 175//175 163//163 176//176 
f 163//163 103//103 176//176 
f 176//176 103//103 105//105 
f 103//103 105//105 105//105 
f 105//105 105//105 169//169 
f 105//105 169//169 169//169 
f 169//169 169//169 168//168 
f 169//169 171//171 168//168 
f 168//168 171//171 177//177 
f 171//171 177//177 177//177 
f 177//177 177//177 165//165 
f 177//177 165//165 165//165 
f 165//165 165//165 170//170 
f 165//165 178//178 170//170 
f 170//170 178//178 170//170 
f 178//178 163//163 170//170 
f 170//170 163//163 174//174 
f 163//163 174//174 174//174 
f 174//174 174//174 175//175 
f 174//174 175//175 175//175 
f 175//175 175//175 173//173 
f 175//175 179//179 173//173 
f 173//173 179//179 179//179 
f 179//179 103//103 179//179 
f 179//179 103//103 103//103 
f 103//103 160//160 103//103 
f 103//103 160//160 180//180 
f 160//160 181//181 180//180 
f 180//180 181//181 182//182 
f 181//181 183//183 182//182 
f 182//182 183//183 183//183 
f 183//183 160//160 183//183 
f 183//183 160//160 160//160 
f 160//160 161//161 160//160 
f 160//160 161//161 181//181 
f 161//161 161//161 181//181 
f 181//181 161//161 184//184 
f 161//161 152//152 184//184 
f 184//184 152//152 184//184 
f 152//152 151//151 184//184 
f 184//184 151//151 184//184 
f 151//151 145//145 184//184 
f 184//184 145//145 185//185 
f 145//145 146//146 185//185 
f 185//185 146//146 186//186 
f 146//146 148//148 186//186 
f 186//186 148//148 148//148 
f 148//148 186//186 148//148 
f 148//148 186//186 186//186 
f 186//186 187//187 186//186 
f 186//186 187//187 185//185 
f 187//187 187//187 185//185 
f 185//185 187//187 184//184 
f 187//187 188//188 184//184 
f 184//184 188//188 181//181 
f 188//188 188//188 181//181 
f 181//181 188//188 183//183 
f 188//188 187//187 183//183 
f 183//183 187//187 189//189 
f 187//187 190//190 189//189 
f 189//189 190//190 191//191 
f 190//190 192//192 191//191 
f 191//191 192//192 193//193 
f 192//192 192//192 193//193 
f 193//193 192//192 194//194 
f 192//192 195//195 194//194 
f 194//194 195//195 194//194 
f 195//195 196//196 194//194 
f 194//194 196//196 197//197 
f 196//196 198//198 197//197 
f 197//197 198//198 199//199 
f 198//198 199//199 199//199 
f 199//199 199//199 187//187 
f 199//199 187//187 187//187 
f 187//187 187//187 190//190 
f 187//187 186//186 190//190 
f 190//190 186//186 200//200 
f 186//186 148//148 200//200 
f 200//200 148//148 148//148 
f 148//148 190//190 148//148 
f 148//148 190//190 190//190 
f 190//190 200//200 190//190 
f 190//190 200//200 192//192 
f 200//200 192//192 192//192 
f 192//192 192//192 198//198 
f 192//192 198//198 198//198 
f 198//198 198//198 201//201 
f 198//198 196//196 201//201 
f 201//201 196//196 201//201 
f 196//196 202//202 201//201 
f 201//201 202//202 203//203 
f 202//202 204//204 203//203 
f 203//203 204//204 205//205 
f 204//204 204//204 205//205 
f 205//205 204//204 206//206 
f 204//204 204//204 206//206 
f 206//206 204//204 149//149 
f 204//204 207//207 149//149 
f 149//149 207//207 148//148 
f 207//207 208//208 148//148 
f 148//148 208//208 200//200 
f 208//208 208//208 200//200 
f 200//200 208//208 192//192 
f 208//208 208//208 192//192 
f 192//192 208//208 195//195 
f 208//208 208//208 195//195 
f 195//195 208//208 196//196 
f 208//208 208//208 196//196 
f 196//196 208//208 202//202 
f 208//208 208//208 202//202 
f 202//202 208//208 204//204 
f 208//208 207//207 204//204 
f 204//204 207//207 207//207 
f 207//207 209//209 207//207 
f 207//207 209//209 209//209 
f 209//209 210//210 209//209 
f 209//209 210//210 211//211 
f 210//210 212//212 211//211 
f 211//211 212//212 213//213 
f 212//212 212//212 213//213 
f 213//213 212//212 214//214 
f 212//212 212//212 214//214 
f 214//214 212//212 215//215 
f 212//212 216//216 215//215 
f 215//215 216//216 217//217 
f 216//216 218//218 217//217 
f 217//217 218//218 217//217 
f 218//218 219//219 217//217 
f 217//217 219//219 217//217 
f 219//219 220//220 217//217 
f 217//217 220//220 221//221 
f 220//220 222//222 221//221 
f 221//221 222//222 221//221 
f 222//222 223//223 221//221 
f 221//221 223//223 224//224 
f 223//223 223//223 224//224 
f 224//224 223//223 225//225 
f 223//223 226//226 225//225 
f 225//225 226//226 226//226 
f 226//226 210//210 226//226 
f 226//226 210//210 210//210 
f 210//210 218//218 210//210 
f 210//210 218//218 212//212 
f 218//218 216//216 212//212 
f 212//212 216//216 216//216 
f 216//216 215//215 216//216 
f 216//216 215//215 215//215 
f 215//215 217//217 215//215 
f 215//215 217//217 227//227 
f 217//217 221//221 227//227 
f 227//227 221//221 224//224 
f 221//221 224//224 224//224 
f 224//224 224//224 222//222 
f 224//224 222//222 222//222 
f 222//222 222//222 223//223 
f 222//222 228//228 223//223 
f 223//223 228//228 229//229 
f 228//228 230//230 229//229 
f 229//229 230//230 226//226 
f 230//230 230//230 226//226 
f 226//226 230//230 231//231 
f 230//230 232//232 231//231 
f 231//231 232//232 233//233 
f 232//232 232//232 233//233 
f 233//233 232//232 234//234 
f 232//232 232//232 234//234 
f 234//234 232//232 235//235 
f 232//232 156//156 235//235 
f 235//235 156//156 235//235 
f 156//156 167//167 235//235 
f 235//235 167//167 234//234 
f 167//167 236//236 234//234 
f 234//234 236//236 236//236 
f 236//236 226//226 236//236 
f 236//236 226//226 226//226 
f 226//226 223//223 226//226 
f 226//226 223//223 229//229 
f 223//223 229//229 229//229 
f 229//229 229//229 228//228 
f 229//229 228//228 228//228 
f 228//228 228//228 230//230 
f 228//228 237//237 230//230 
f 230//230 237//237 230//230 
f 237//237 238//238 230//230 
f 230//230 238//238 232//232 
f 238//238 156//156 232//232 
f 232//232 156//156 156//156 
f 156//156 239//239 156//156 
f 156//156 239//239 239//239 
f 239//239 240//240 239//239 
f 239//239 240//240 241//241 
f 240//240 242//242 241//241 
f 241//241 242//242 243//243 
f 242//242 244//244 243//243 
f 243//243 244//244 245//245 
f 244//244 246//246 245//245 
f 245//245 246//246 245//245 
f 246//246 247//247 245//245 
f 245//245 247//247 243//243 
f 247//247 248//248 243//243 
f 243//243 248//248 241//241 
f 248//248 249//249 241//241 
f 241//241 249//249 249//249 
f 249//249 244//244 249//249 
f 249//249 244//244 244//244 
f 244//244 250//250 244//244 
f 244//244 250//250 246//246 
f 250//250 251//251 246//246 
f 246//246 251//251 252//252 
f 251//251 253//253 252//252 
f 252//252 253//253 254//254 
f 253//253 255//255 254//254 
f 254//254 255//255 255//255 
f 255//255 247//247 255//255 
f 255//255 247//247 247//247 
f 247//247 246//246 247//247 
f 247//247 246//246 256//256 
f 246//246 252//252 256//256 
f 256//256 252//252 257//257 
f 252//252 254//254 257//257 
f 257//257 254//254 258//258 
f 254//254 254//254 258//258 
f 258//258 254//254 259//259 
f 254//254 260//260 259//259 
f 259//259 260//260 261//261 
f 260//260 255//255 261//261 
f 261//261 255//255 261//261 
f 255//255 262//262 261//261 
f 261//261 262//262 263//263 
f 262//262 264//264 263//263 
f 263//263 264//264 263//263 
f 264//264 265//265 263//263 
f 263//263 265//265 266//266 
f 265//265 265//265 266//266 
f 266//266 265//265 267//267 
f 265//265 268//268 267//267 
f 267//267 268//268 268//268 
f 268//268 254//254 268//268 
f 268//268 254//254 254//254 
f 254//254 255//255 254//254 
f 254//254 255//255 260//260 
f 255//255 260//260 260//260 
f 260//260 260//260 259//259 
f 260//260 259//259 259//259 
f 259//259 259//259 269//269 
f 259//259 261//261 269//269 
f 269//269 261//261 269//269 
f 261//261 263//263 269//269 
f 269//269 263//263 270//270 
f 263//263 263//263 270//270 
f 270//270 263//263 271//271 
f 263//263 266//266 271//271 
f 271//271 266//266 271//271 
f 266//266 272//272 271//271 
f 271//271 272//272 273//273 
f 272//272 273//273 273//273 
f 273//273 273//273 274//274 
f 273//273 274//274 274//274 
f 274//274 274//274 275//275 
f 274//274 239//239 275//275 
f 275//275 239//239 276//276 
f 239//239 241//241 276//276 
f 276//276 241//241 277//277 
f 241//241 249//249 277//277 
f 277//277 249//249 249//249 
f 249//249 276//276 249//249 
f 249//249 276//276 276//276 
f 276//276 277//277 276//276 
f 276//276 277//277 275//275 
f 277//277 278//278 275//275 
f 275//275 278//278 278//278 
f 278//278 279//279 278//278 
f 278//278 279//279 279//279 
f 279//279 280//280 279//279 
f 279//279 280//280 281//281 
f 280//280 282//282 281//281 
f 281//281 282//282 282//282 
f 282//282 281//281 282//282 
f 282//282 281//281 281//281 
f 281//281 283//283 281//281 
f 281//281 283//283 279//279 
f 283//283 283//283 279//279 
f 279//279 283//283 284//284 
f 283//283 285//285 284//284 
f 284//284 285//285 286//286 
f 285//285 285//285 286//286 
f 286//286 285//285 287//287 
f 285//285 283//283 287//287 
f 287//287 283//283 288//288 
f 283//283 281//281 288//288 
f 288//288 281//281 289//289 
f 281//281 290//290 289//289 
f 289//289 290//290 291//291 
f 290//290 290//290 291//291 
f 291//291 290//290 292//292 
f 290//290 293//293 292//292 
f 292//292 293//293 294//294 
f 293//293 295//295 294//294 
f 294//294 295//295 294//294 
f 295//295 296//296 294//294 
f 294//294 296//296 294//294 
f 296//296 297//297 294//294 
f 294//294 297//297 298//298 
f 297//297 297//297 298//298 
f 298//298 297//297 299//299 
f 297//297 300//300 299//299 
f 299//299 300//300 300//300 
f 300//300 286//286 300//300 
f 300//300 286//286 286//286 
f 286//286 301//301 286//286 
f 286//286 301//301 284//284 
f 301//301 284//284 284//284 
f 284//284 284//284 281//281 
f 284//284 281//281 281//281 
f 281//281 281//281 290//290 
f 281//281 282//282 290//290 
f 290//290 282//282 290//290 
f 282//282 295//295 290//290 
f 290//290 295//295 293//293 
f 295//295 293//293 293//293 
f 293//293 293//293 294//294 
f 293//293 294//294 294//294 
f 294//294 294//294 292//292 
f 294//294 298//298 292//292 
f 292//292 298//298 298//298 
f 298//298 296//296 298//298 
f 298//298 296//296 296//296 
f 296//296 302//302 296//296 
f 296//296 302//302 297//297 
f 302//302 303//303 297//297 
f 297//297 303//303 304//304 
f 303//303 303//303 304//304 
f 304//304 303//303 305//305 
f 303//303 306//306 305//305 
f 305//305 306//306 306//306 
f 306//306 297//297 306//306 
f 306//306 297//297 297//297 
f 297//297 304//304 297//297 
f 297//297 304//304 300//300 
f 304//304 307//307 300//300 
f 300//300 307//307 308//308 
f 307//307 308//308 308//308 
f 308//308 308//308 287//287 
f 308//308 287//287 287//287 
f 287//287 287//287 286//286 
f 287//287 309//309 286//286 
f 286//286 309//309 286//286 
f 309//309 310//310 286//286 
f 286//286 310//310 311//311 
f 310//310 312//312 311//311 
f 311//311 312//312 313//313 
f 312//312 312//312 313//313 
f 313//313 312//312 314//314 
f 312//312 315//315 314//314 
f 314//314 315//315 315//315 
f 315//315 286//286 315//315 
f 315//315 286//286 286//286 
f 286//286 311//311 286//286 
f 286//286 311//311 301//301 
f 311//311 311//311 301//301 
f 301//301 311//311 316//316 
f 311//311 311//311 316//316 
f 316//316 311//311 317//317 
f 311//311 313//313 317//317 
f 317//317 313//313 317//317 
f 313//313 318//318 317//317 
f 317//317 318//318 319//319 
f 318//318 319//319 319//319 
f 319//319 319//319 320//320 
f 319//319 320//320 320//320 
f 320//320 320//320 321//321 
f 320//320 322//322 321//321 
f 321//321 322//322 323//323 
f 322//322 324//324 323//323 
f 323//323 324//324 324//324 
f 324//324 320//320 324//324 
f 324//324 320//320 320//320 
f 320//320 321//321 320//320 
f 320//320 321//321 325//325 
f 321//321 326//326 325//325 
f 325//325 326//326 327//327 
f 326//326 326//326 327//327 
f 327//327 326//326 328//328 
f 326//326 321//321 328//328 
f 328//328 321//321 329//329 
f 321//321 323//323 329//329 
f 329//329 323//323 330//330 
f 323//323 323//323 330//330 
f 330//330 323//323 331//331 
f 323//323 332//332 331//331 
f 331//331 332//332 333//333 
f 332//332 324//324 333//333 
f 333//333 324//324 334//334 
f 324//324 334//334 334//334 
f 334//334 334//334 325//325 
f 334//334 325//325 325//325 
f 325//325 325//325 335//335 
f 325//325 327//327 335//335 
f 335//335 327//327 336//336 
f 327//327 327//327 336//336 
f 336//336 327//327 337//337 
f 327//327 327//327 337//337 
f 337//337 327//327 338//338 
f 327//327 328//328 338//338 
f 338//338 328//328 328//328 
f 328//328 323//323 328//328 
f 328//328 323//323 323//323 
f 323//323 324//324 323//323 
f 323//323 324//324 332//332 
f 324//324 332//332 332//332 
f 332//332 332//332 333//333 
f 332//332 333//333 333//333 
f 333//333 333//333 331//331 
f 333//333 339//339 331//331 
f 331//331 339//339 339//339 
f 339//339 335//335 339//339 
f 339//339 335//335 335//335 
f 335//335 336//336 335//335 
f 335//335 336//336 340//340 
f 336//336 336//336 340//340 
f 340//340 336//336 341//341 
f 336//336 342//342 341//341 
f 341//341 342//342 341//341 
f 342//342 343//343 341//341 
f 341//341 343//343 344//344 
f 343//343 344//344 344//344 
f 344//344 344//344 337//337 
f 344//344 337//337 337//337 
f 337//337 337//337 336//336 
f 337//337 345//345 336//336 
f 336//336 345//345 342//342 
f 345//345 345//345 342//342 
f 342//342 345//345 346//346 
f 345//345 347//347 346//346 
f 346//346 347//347 347//347 
f 347//347 348//348 347//347 
f 347//347 348//348 348//348 
f 348//348 349//349 348//348 
f 348//348 349//349 350//350 
f 349//349 349//349 350//350 
f 350//350 349//349 351//351 
f 349//349 349//349 351//351 
f 351//351 349//349 352//352 
f 349//349 353//353 352//352 
f 352//352 353//353 352//352 
f 353//353 354//354 352//352 
f 352//352 354//354 355//355 
f 354//354 356//356 355//355 
f 355//355 356//356 357//357 
f 356//356 356//356 357//357 
f 357//357 356//356 358//358 
f 356//356 359//359 358//358 
f 358//358 359//359 358//358 
f 359//359 360//360 358//358 
f 358//358 360//360 361//361 
f 360//360 362//362 361//361 
f 361//361 362//362 362//362 
f 362//362 363//363 362//362 
f 362//362 363//363 363//363 
f 363//363 364//364 363//363 
f 363//363 364//364 361//361 
f 364//364 364//364 361//361 
f 361//361 364//364 358//358 
f 364//364 365//365 358//358 
f 358//358 365//365 357//357 
f 365//365 365//365 357//357 
f 357//357 365//365 355//355 
f 365//365 366//366 355//355 
f 355//355 366//366 352//352 
f 366//366 367//367 352//352 
f 352//352 367//367 352//352 
f 367//367 368//368 352//352 
f 352//352 368//368 351//351 
f 368//368 368//368 351//351 
f 351//351 368//368 369//369 
f 368//368 370//370 369//369 
f 369//369 370//370 370//370 
f 370//370 363//363 370//370 
f 370//370 363//363 363//363 
f 363//363 361//361 363//363 
f 363//363 361//361 371//371 
f 361//361 372//372 371//371 
f 371//371 372//372 371//371 
f 372//372 373//373 371//371 
f 371//371 373//373 374//374 
f 373//373 374//374 374//374 
f 374//374 374//374 361//361 
f 374//374 361//361 361//361 
f 361//361 361//361 372//372 
f 361//361 362//362 372//372 
f 372//372 362//362 375//375 
f 362//362 376//376 375//375 
f 375//375 376//376 376//376 
f 376//376 377//377 376//376 
f 376//376 377//377 377//377 
f 377//377 378//378 377//377 
f 377//377 378//378 379//379 
f 378//378 380//380 379//379 
f 379//379 380//380 380//380 
f 380//380 379//379 380//380 
f 380//380 379//379 379//379 
f 379//379 381//381 379//379 
f 379//379 381//381 377//377 
f 381//381 382//382 377//377 
f 377//377 382//382 382//382 
f 382//382 383//383 382//382 
f 382//382 383//383 383//383 
f 383//383 384//384 383//383 
f 383//383 384//384 385//385 
f 384//384 386//386 385//385 
f 385//385 386//386 387//387 
f 386//386 386//386 387//387 
f 387//387 386//386 379//379 
f 386//386 386//386 379//379 
f 379//379 386//386 381//381 
f 386//386 384//384 381//381 
f 381//381 384//384 384//384 
f 384//384 383//383 384//384 
f 384//384 383//383 383//383 
f 383//383 388//388 383//383 
f 383//383 388//388 384//384 
f 388//388 388//388 384//384 
f 384//384 388//388 389//389 
f 388//388 390//390 389//389 
f 389//389 390//390 391//391 
f 390//390 390//390 391//391 
f 391//391 390//390 392//392 
f 390//390 393//393 392//392 
f 392//392 393//393 392//392 
f 393//393 394//394 392//392 
f 392//392 394//394 395//395 
f 394//394 394//394 395//395 
f 395//395 394//394 396//396 
f 394//394 397//397 396//396 
f 396//396 397//397 396//396 
f 397//397 398//398 396//396 
f 396//396 398//398 399//399 
f 398//398 400//400 399//399 
f 399//399 400//400 401//401 
f 400//400 400//400 401//401 
f 401//401 400//400 402//402 
f 400//400 403//403 402//402 
f 402//402 403//403 402//402 
f 403//403 404//404 402//402 
f 402//402 404//404 405//405 
f 404//404 406//406 405//405 
f 405//405 406//406 407//407 
f 406//406 406//406 407//407 
f 407//407 406//406 408//408 
f 406//406 409//409 408//408 
f 408//408 409//409 408//408 
f 409//409 410//410 408//408 
f 408//408 410//410 411//411 
f 410//410 410//410 411//411 
f 411//411 410//410 412//412 
f 410//410 413//413 412//412 
f 412//412 413//413 412//412 
f 413//413 414//414 412//412 
f 412//412 414//414 415//415 
f 414//414 416//416 415//415 
f 415//415 416//416 415//415 
f 416//416 417//417 415//415 
f 415//415 417//417 415//415 
f 417//417 418//418 415//415 
f 415//415 418//418 412//412 
f 418//418 419//419 412//412 
f 412//412 419//419 412//412 
f 419//419 420//420 412//412 
f 412//412 420//420 411//411 
f 420//420 420//420 411//411 
f 411//411 420//420 408//408 
f 420//420 421//421 408//408 
f 408//408 421//421 408//408 
f 421//421 422//422 408//408 
f 408//408 422//422 407//407 
f 422//422 422//422 407//407 
f 407//407 422//422 405//405 
f 422//422 423//423 405//405 
f 405//405 423//423 402//402 
f 423//423 424//424 402//402 
f 402//402 424//424 425//425 
f 424//424 424//424 425//425 
f 425//425 424//424 426//426 
f 424//424 423//423 426//426 
f 426//426 423//423 427//427 
f 423//423 422//422 427//427 
f 427//427 422//422 428//428 
f 422//422 422//422 428//428 
f 428//428 422//422 429//429 
f 422//422 421//421 429//429 
f 429//429 421//421 429//429 
f 421//421 420//420 429//429 
f 429//429 420//420 430//430 
f 420//420 420//420 430//430 
f 430//430 420//420 431//431 
f 420//420 419//419 431//431 
f 431//431 419//419 431//431 
f 419//419 418//418 431//431 
f 431//431 418//418 432//432 
f 418//418 433//433 432//432 
f 432//432 433//433 434//434 
f 433//433 435//435 434//434 
f 434//434 435//435 435//435 
f 435//435 425//425 435//435 
f 435//435 425//425 425//425 
f 425//425 401//401 425//425 
f 425//425 401//401 402//402 
f 401//401 402//402 402//402 
f 402//402 402//402 418//418 
f 402//402 418//418 418//418 
f 418//418 418//418 433//433 
f 418//418 417//417 433//433 
f 433//433 417//417 436//436 
f 417//417 416//416 436//436 
f 436//436 416//416 436//436 
f 416//416 437//437 436//436 
f 436//436 437//437 436//436 
f 437//437 438//438 436//436 
f 436//436 438//438 439//439 
f 438//438 440//440 439//439 
f 439//439 440//440 441//441 
f 440//440 442//442 441//441 
f 441//441 442//442 442//442 
f 442//442 441//441 442//442 
f 442//442 441//441 441//441 
f 441//441 443//443 441//441 
f 441//441 443//443 439//439 
f 443//443 443//443 439//439 
f 439//439 443//443 436//436 
f 443//443 444//444 436//436 
f 436//436 444//444 433//433 
f 444//444 444//444 433//433 
f 433//433 444//444 435//435 
f 444//444 443//443 435//435 
f 435//435 443//443 445//445 
f 443//443 446//446 445//445 
f 445//445 446//446 447//447 
f 446//446 448//448 447//447 
f 447//447 448//448 449//449 
f 448//448 448//448 449//449 
f 449//449 448//448 450//450 
f 448//448 451//451 450//450 
f 450//450 451//451 452//452 
f 451//451 451//451 452//452 
f 452//452 451//451 453//453 
f 451//451 448//448 453//453 
f 453//453 448//448 454//454 
f 448//448 446//446 454//454 
f 454//454 446//446 441//441 
f 446//446 443//443 441//441 
f 441//441 443//443 443//443 
f 443//443 441//441 443//443 
f 443//443 441//441 441//441 
f 441//441 442//442 441//441 
f 441//441 442//442 454//454 
f 442//442 442//442 454//454 
f 454//454 442//442 453//453 
f 442//442 455//455 453//453 
f 453//453 455//455 453//453 
f 455//455 456//456 453//453 
f 453//453 456//456 457//457 
f 456//456 458//458 457//457 
f 457//457 458//458 458//458 
f 458//458 450//450 458//458 
f 458//458 450//450 450//450 
f 450//450 452//452 450//450 
f 450//450 452//452 459//459 
f 452//452 460//460 459//459 
f 459//459 460//460 461//461 
f 460//460 460//460 461//461 
f 461//461 460//460 462//462 
f 460//460 463//463 462//462 
f 462//462 463//463 462//462 
f 463//463 464//464 462//462 
f 462//462 464//464 465//465 
f 464//464 464//464 465//465 
f 465//465 464//464 466//466 
f 464//464 467//467 466//466 
f 466//466 467//467 466//466 
f 467//467 468//468 466//466 
f 466//466 468//468 469//469 
f 468//468 470//470 469//469 
f 469//469 470//470 471//471 
f 470//470 470//470 471//471 
f 471//471 470//470 472//472 
f 470//470 473//473 472//472 
f 472//472 473//473 472//472 
f 473//473 474//474 472//472 
f 472//472 474//474 475//475 
f 474//474 476//476 475//475 
f 475//475 476//476 477//477 
f 476//476 476//476 477//477 
f 477//477 476//476 478//478 
f 476//476 479//479 478//478 
f 478//478 479//479 478//478 
f 479//479 480//480 478//478 
f 478//478 480//480 481//481 
f 480//480 480//480 481//481 
f 481//481 480//480 482//482 
f 480//480 483//483 482//482 
f 482//482 483//483 482//482 
f 483//483 484//484 482//482 
f 482//482 484//484 485//485 
f 484//484 484//484 485//485 
f 485//485 484//484 486//486 
f 484//484 487//487 486//486 
f 486//486 487//487 488//488 
f 487//487 489//489 488//488 
f 488//488 489//489 488//488 
f 489//489 490//490 488//488 
f 488//488 490//490 380//380 
f 490//490 490//490 380//380 
f 380//380 490//490 379//379 
f 490//490 491//491 379//379 
f 379//379 491//491 387//387 
f 491//491 492//492 387//387 
f 387//387 492//492 385//385 
f 492//492 385//385 385//385 
f 385//385 385//385 453//453 
f 385//385 453//453 453//453 
f 453//453 453//453 452//452 
f 453//453 457//457 452//452 
f 452//452 457//457 460//460 
f 457//457 460//460 460//460 
f 460//460 460//460 492//492 
f 460//460 492//492 492//492 
f 492//492 492//492 493//493 
f 492//492 491//491 493//493 
f 493//493 491//491 494//494 
f 491//491 490//490 494//494 
f 494//494 490//490 494//494 
f 490//490 489//489 494//494 
f 494//494 489//489 494//494 
f 489//489 487//487 494//494 
f 494//494 487//487 495//495 
f 487//487 484//484 495//495 
f 495//495 484//484 496//496 
f 484//484 497//497 496//496 
f 496//496 497//497 498//498 
f 497//497 497//497 498//498 
f 498//498 497//497 499//499 
f 497//497 500//500 499//499 
f 499//499 500//500 500//500 
f 500//500 493//493 500//500 
f 500//500 493//493 493//493 
f 493//493 494//494 493//493 
f 493//493 494//494 501//501 
f 494//494 494//494 501//501 
f 501//501 494//494 502//502 
f 494//494 495//495 502//502 
f 502//502 495//495 502//502 
f 495//495 496//496 502//502 
f 502//502 496//496 498//498 
f 496//496 498//498 498//498 
f 498//498 498//498 484//484 
f 498//498 484//484 484//484 
f 484//484 484//484 497//497 
f 484//484 483//483 497//497 
f 497//497 483//483 497//497 
f 483//483 480//480 497//497 
f 497//497 480//480 503//503 
f 480//480 504//504 503//503 
f 503//503 504//504 500//500 
f 504//504 504//504 500//500 
f 500//500 504//504 505//505 
f 504//504 504//504 505//505 
f 505//505 504//504 506//506 
f 504//504 507//507 506//506 
f 506//506 507//507 508//508 
f 507//507 474//474 508//508 
f 508//508 474//474 508//508 
f 474//474 509//509 508//508 
f 508//508 509//509 508//508 
f 509//509 510//510 508//508 
f 508//508 510//510 506//506 
f 510//510 506//506 506//506 
f 506//506 506//506 497//497 
f 506//506 497//497 497//497 
f 497//497 497//497 500//500 
f 497//497 503//503 500//500 
f 500//500 503//503 503//503 
f 503//503 480//480 503//503 
f 503//503 480//480 480//480 
f 480//480 479//479 480//480 
f 480//480 479//479 504//504 
f 479//479 476//476 504//504 
f 504//504 476//476 507//507 
f 476//476 474//474 507//507 
f 507//507 474//474 474//474 
f 474//474 474//474 474//474 
f 474//474 474//474 474//474 
f 474//474 473//473 474//474 
f 474//474 473//473 509//509 
f 473//473 470//470 509//509 
f 509//509 470//470 511//511 
f 470//470 468//468 511//511 
f 511//511 468//468 512//512 
f 468//468 513//513 512//512 
f 512//512 513//513 514//514 
f 513//513 515//515 514//514 
f 514//514 515//515 515//515 
f 515//515 510//510 515//515 
f 515//515 510//510 510//510 
f 510//510 509//509 510//510 
f 510//510 509//509 516//516 
f 509//509 509//509 516//516 
f 516//516 509//509 517//517 
f 509//509 511//511 517//517 
f 517//517 511//511 517//517 
f 511//511 512//512 517//517 
f 517//517 512//512 514//514 
f 512//512 514//514 514//514 
f 514//514 514//514 468//468 
f 514//514 468//468 468//468 
f 468//468 468//468 513//513 
f 468//468 467//467 513//513 
f 513//513 467//467 513//513 
f 467//467 464//464 513//513 
f 513//513 464//464 518//518 
f 464//464 519//519 518//518 
f 518//518 519//519 520//520 
f 519//519 519//519 520//520 
f 520//520 519//519 521//521 
f 519//519 519//519 521//521 
f 521//521 519//519 458//458 
f 519//519 522//522 458//458 
f 458//458 522//522 457//457 
f 522//522 522//522 457//457 
f 457//457 522//522 460//460 
f 522//522 519//519 460//460 
f 460//460 519//519 463//463 
f 519//519 464//464 463//463 
f 463//463 464//464 464//464 
f 464//464 515//515 464//464 
f 464//464 515//515 515//515 
f 515//515 513//513 515//515 
f 515//515 513//513 520//520 
f 513//513 518//518 520//520 
f 520//520 518//518 518//518 
f 518//518 381//381 518//518 
f 518//518 381//381 381//381 
f 381//381 384//384 381//381 
f 381//381 384//384 523//523 
f 384//384 524//524 523//523 
f 523//523 524//524 382//382 
f 524//524 524//524 382//382 
f 382//382 524//524 525//525 
f 524//524 526//526 525//525 
f 525//525 526//526 527//527 
f 526//526 527//527 527//527 
f 527//527 527//527 384//384 
f 527//527 384//384 384//384 
f 384//384 384//384 524//524 
f 384//384 389//389 524//524 
f 524//524 389//389 526//526 
f 389//389 391//391 526//526 
f 526//526 391//391 526//526 
f 391//391 392//392 526//526 
f 526//526 392//392 528//528 
f 392//392 529//529 528//528 
f 528//528 529//529 530//530 
f 529//529 531//531 530//530 
f 530//530 531//531 531//531 
f 531//531 382//382 531//531 
f 531//531 382//382 382//382 
f 382//382 381//381 382//382 
f 382//382 381//381 523//523 
f 381//381 523//523 523//523 
f 523//523 523//523 528//528 
f 523//523 528//528 528//528 
f 528//528 528//528 526//526 
f 528//528 530//530 526//526 
f 526//526 530//530 527//527 
f 530//530 527//527 527//527 
f 527//527 527//527 392//392 
f 527//527 392//392 392//392 
f 392//392 392//392 529//529 
f 392//392 395//395 529//529 
f 529//529 395//395 529//529 
f 395//395 396//396 529//529 
f 529//529 396//396 532//532 
f 396//396 533//533 532//532 
f 532//532 533//533 532//532 
f 533//533 534//534 532//532 
f 532//532 534//534 529//529 
f 534//534 531//531 529//529 
f 529//529 531//531 531//531 
f 531//531 396//396 531//531 
f 531//531 396//396 396//396 
f 396//396 399//399 396//396 
f 396//396 399//399 533//533 
f 399//399 401//401 533//533 
f 533//533 401//401 533//533 
f 401//401 425//425 533//533 
f 533//533 425//425 535//535 
f 425//425 426//426 535//535 
f 535//535 426//426 426//426 
f 426//426 535//535 426//426 
f 426//426 535//535 535//535 
f 535//535 536//536 535//535 
f 535//535 536//536 533//533 
f 536//536 534//534 533//533 
f 533//533 534//534 534//534 
f 534//534 537//537 534//534 
f 534//534 537//537 537//537 
f 537//537 538//538 537//537 
f 537//537 538//538 539//539 
f 538//538 540//540 539//539 
f 539//539 540//540 541//541 
f 540//540 542//542 541//541 
f 541//541 542//542 543//543 
f 542//542 544//544 543//543 
f 543//543 544//544 543//543 
f 544//544 545//545 543//543 
f 543//543 545//545 541//541 
f 545//545 546//546 541//541 
f 541//541 546//546 541//541 
f 546//546 547//547 541//541 
f 541//541 547//547 539//539 
f 547//547 539//539 539//539 
f 539//539 539//539 542//542 
f 539//539 542//542 542//542 
f 542//542 542//542 544//544 
f 542//542 548//548 544//544 
f 544//544 548//548 544//544 
f 548//548 549//549 544//544 
f 544//544 549//549 550//550 
f 549//549 551//551 550//550 
f 550//550 551//551 552//552 
f 551//551 553//553 552//552 
f 552//552 553//553 553//553 
f 553//553 545//545 553//553 
f 553//553 545//545 545//545 
f 545//545 544//544 545//545 
f 545//545 544//544 554//554 
f 544//544 550//550 554//554 
f 554//554 550//550 555//555 
f 550//550 552//552 555//555 
f 555//555 552//552 556//556 
f 552//552 552//552 556//556 
f 556//556 552//552 557//557 
f 552//552 558//558 557//557 
f 557//557 558//558 559//559 
f 558//558 553//553 559//559 
f 559//559 553//553 559//559 
f 553//553 560//560 559//559 
f 559//559 560//560 559//559 
f 560//560 561//561 559//559 
f 559//559 561//561 562//562 
f 561//561 563//563 562//562 
f 562//562 563//563 562//562 
f 563//563 564//564 562//562 
f 562//562 564//564 565//565 
f 564//564 564//564 565//565 
f 565//565 564//564 566//566 
f 564//564 563//563 566//566 
f 566//566 563//563 566//566 
f 563//563 567//567 566//566 
f 566//566 567//567 568//568 
f 567//567 568//568 568//568 
f 568//568 568//568 552//552 
f 568//568 552//552 552//552 
f 552//552 552//552 558//558 
f 552//552 553//553 558//558 
f 558//558 553//553 553//553 
f 553//553 557//557 553//553 
f 553//553 557//557 557//557 
f 557//557 559//559 557//557 
f 557//557 559//559 569//569 
f 559//559 562//562 569//569 
f 569//569 562//562 570//570 
f 562//562 565//565 570//570 
f 570//570 565//565 565//565 
f 565//565 565//565 565//565 
f 565//565 565//565 565//565 
f 565//565 566//566 565//565 
f 565//565 566//566 571//571 
f 566//566 566//566 571//571 
f 571//571 566//566 572//572 
f 566//566 573//573 572//572 
f 572//572 573//573 574//574 
f 573//573 568//568 574//574 
f 574//574 568//568 574//574 
f 568//568 575//575 574//574 
f 574//574 575//575 574//574 
f 575//575 576//576 574//574 
f 574//574 576//576 577//577 
f 576//576 578//578 577//577 
f 577//577 578//578 577//577 
f 578//578 579//579 577//577 
f 577//577 579//579 580//580 
f 579//579 579//579 580//580 
f 580//580 579//579 581//581 
f 579//579 578//578 581//581 
f 581//581 578//578 581//581 
f 578//578 582//582 581//581 
f 581//581 582//582 581//581 
f 582//582 583//583 581//581 
f 581//581 583//583 584//584 
f 583//583 585//585 584//584 
f 584//584 585//585 585//585 
f 585//585 566//566 585//585 
f 585//585 566//566 566//566 
f 566//566 568//568 566//566 
f 566//566 568//568 573//573 
f 568//568 573//573 573//573 
f 573//573 573//573 572//572 
f 573//573 572//572 572//572 
f 572//572 572//572 586//586 
f 572//572 574//574 586//586 
f 586//586 574//574 586//586 
f 574//574 577//577 586//586 
f 586//586 577//577 587//587 
f 577//577 580//580 587//587 
f 587//587 580//580 580//580 
f 580//580 580//580 580//580 
f 580//580 580//580 580//580 
f 580//580 581//581 580//580 
f 580//580 581//581 588//588 
f 581//581 584//584 588//588 
f 588//588 584//584 589//589 
f 584//584 584//584 589//589 
f 589//589 584//584 590//590 
f 584//584 591//591 590//590 
f 590//590 591//591 592//592 
f 591//591 585//585 592//592 
f 592//592 585//585 592//592 
f 585//585 593//593 592//592 
f 592//592 593//593 592//592 
f 593//593 594//594 592//592 
f 592//592 594//594 595//595 
f 594//594 596//596 595//595 
f 595//595 596//596 595//595 
f 596//596 597//597 595//595 
f 595//595 597//597 592//592 
f 597//597 598//598 592//592 
f 592//592 598//598 590//590 
f 598//598 590//590 590//590 
f 590//590 590//590 584//584 
f 590//590 584//584 584//584 
f 584//584 584//584 591//591 
f 584//584 585//585 591//591 
f 591//591 585//585 585//585 
f 585//585 594//594 585//585 
f 585//585 594//594 594//594 
f 594//594 599//599 594//594 
f 594//594 599//599 596//596 
f 599//599 600//600 596//596 
f 596//596 600//600 601//601 
f 600//600 602//602 601//601 
f 601//601 602//602 603//603 
f 602//602 604//604 603//603 
f 603//603 604//604 603//603 
f 604//604 605//605 603//603 
f 603//603 605//605 601//601 
f 605//605 606//606 601//601 
f 601//601 606//606 596//596 
f 606//606 607//607 596//596 
f 596//596 607//607 597//597 
f 607//607 597//597 597//597 
f 597//597 597//597 602//602 
f 597//597 602//602 602//602 
f 602//602 602//602 604//604 
f 602//602 608//608 604//604 
f 604//604 608//608 604//604 
f 608//608 609//609 604//604 
f 604//604 609//609 610//610 
f 609//609 611//611 610//610 
f 610//610 611//611 612//612 
f 611//611 613//613 612//612 
f 612//612 613//613 612//612 
f 613//613 614//614 612//612 
f 612//612 614//614 615//615 
f 614//614 614//614 615//615 
f 615//615 614//614 616//616 
f 614//614 613//613 616//616 
f 616//616 613//613 616//616 
f 613//613 617//617 616//616 
f 616//616 617//617 616//616 
f 617//617 618//618 616//616 
f 616//616 618//618 619//619 
f 618//618 620//620 619//619 
f 619//619 620//620 620//620 
f 620//620 605//605 620//620 
f 620//620 605//605 605//605 
f 605//605 604//604 605//605 
f 605//605 604//604 621//621 
f 604//604 610//610 621//621 
f 621//621 610//610 622//622 
f 610//610 610//610 622//622 
f 622//622 610//610 623//623 
f 610//610 612//612 623//623 
f 623//623 612//612 615//615 
f 612//612 615//615 615//615 
f 615//615 615//615 615//615 
f 615//615 615//615 615//615 
f 615//615 615//615 624//624 
f 615//615 616//616 624//624 
f 624//624 616//616 624//624 
f 616//616 619//619 624//624 
f 624//624 619//619 625//625 
f 619//619 619//619 625//625 
f 625//625 619//619 626//626 
f 619//619 627//627 626//626 
f 626//626 627//627 628//628 
f 627//627 620//620 628//628 
f 628//628 620//620 628//628 
f 620//620 629//629 628//628 
f 628//628 629//629 628//628 
f 629//629 630//630 628//628 
f 628//628 630//630 631//631 
f 630//630 632//632 631//631 
f 631//631 632//632 631//631 
f 632//632 633//633 631//631 
f 631//631 633//633 628//628 
f 633//633 634//634 628//628 
f 628//628 634//634 626//626 
f 634//634 626//626 626//626 
f 626//626 626//626 619//619 
f 626//626 619//619 619//619 
f 619//619 619//619 627//627 
f 619//619 620//620 627//627 
f 627//627 620//620 620//620 
f 620//620 630//630 620//620 
f 620//620 630//630 630//630 
f 630//630 635//635 630//630 
f 630//630 635//635 632//632 
f 635//635 636//636 632//632 
f 632//632 636//636 637//637 
f 636//636 638//638 637//637 
f 637//637 638//638 639//639 
f 638//638 640//640 639//639 
f 639//639 640//640 639//639 
f 640//640 641//641 639//639 
f 639//639 641//641 637//637 
f 641//641 642//642 637//637 
f 637//637 642//642 632//632 
f 642//642 643//643 632//632 
f 632//632 643//643 633//633 
f 643//643 633//633 633//633 
f 633//633 633//633 638//638 
f 633//633 638//638 638//638 
f 638//638 638//638 640//640 
f 638//638 644//644 640//640 
f 640//640 644//644 640//640 
f 644//644 645//645 640//640 
f 640//640 645//645 646//646 
f 645//645 647//647 646//646 
f 646//646 647//647 648//648 
f 647//647 649//649 648//648 
f 648//648 649//649 648//648 
f 649//649 650//650 648//648 
f 648//648 650//650 646//646 
f 650//650 651//651 646//646 
f 646//646 651//651 646//646 
f 651//651 652//652 646//646 
f 646//646 652//652 640//640 
f 652//652 641//641 640//640 
f 640//640 641//641 641//641 
f 641//641 647//647 641//641 
f 641//641 647//647 647//647 
f 647//647 653//653 647//647 
f 647//647 653//653 649//649 
f 653//653 537//537 649//649 
f 649//649 537//537 654//654 
f 537//537 539//539 654//654 
f 654//654 539//539 655//655 
f 539//539 547//547 655//655 
f 655//655 547//547 547//547 
f 547//547 654//654 547//547 
f 547//547 654//654 654//654 
f 654//654 655//655 654//654 
f 654//654 655//655 649//649 
f 655//655 656//656 649//649 
f 649//649 656//656 650//650 
f 656//656 650//650 650//650 
f 650//650 650//650 657//657 
f 650//650 657//657 657//657 
f 657//657 657//657 658//658 
f 657//657 659//659 658//658 
f 658//658 659//659 660//660 
f 659//659 661//661 660//660 
f 660//660 661//661 662//662 
f 661//661 661//661 662//662 
f 662//662 661//661 663//663 
f 661//661 664//664 663//663 
f 663//663 664//664 663//663 
f 664//664 665//665 663//663 
f 663//663 665//665 666//666 
f 665//665 667//667 666//666 
f 666//666 667//667 668//668 
f 667//667 667//667 668//668 
f 668//668 667//667 669//669 
f 667//667 667//667 669//669 
f 669//669 667//667 670//670 
f 667//667 667//667 670//670 
f 670//670 667//667 671//671 
f 667//667 667//667 671//671 
f 671//671 667//667 672//672 
f 667//667 667//667 672//672 
f 672//672 667//667 673//673 
f 667//667 665//665 673//673 
f 673//673 665//665 673//673 
f 665//665 664//664 673//673 
f 673//673 664//664 674//674 
f 664//664 661//661 674//674 
f 674//674 661//661 675//675 
f 661//661 676//676 675//675 
f 675//675 676//676 675//675 
f 676//676 677//677 675//675 
f 675//675 677//677 674//674 
f 677//677 674//674 674//674 
f 674//674 674//674 658//658 
f 674//674 658//658 658//658 
f 658//658 658//658 657//657 
f 658//658 678//678 657//657 
f 657//657 678//678 657//657 
f 678//678 679//679 657//657 
f 657//657 679//679 657//657 
f 679//679 680//680 657//657 
f 657//657 680//680 659//659 
f 680//680 676//676 659//659 
f 659//659 676//676 661//661 
f 676//676 661//661 661//661 
f 661//661 661//661 677//677 
f 661//661 677//677 677//677 
f 677//677 677//677 681//681 
f 677//677 676//676 681//681 
f 681//681 676//676 681//681 
f 676//676 680//680 681//681 
f 681//681 680//680 682//682 
f 680//680 680//680 682//682 
f 682//682 680//680 683//683 
f 680//680 679//679 683//683 
f 683//683 679//679 684//684 
f 679//679 678//678 684//684 
f 684//684 678//678 684//684 
f 678//678 685//685 684//684 
f 684//684 685//685 684//684 
f 685//685 686//686 684//684 
f 684//684 686//686 687//687 
f 686//686 688//688 687//687 
f 687//687 688//688 689//689 
f 688//688 690//690 689//689 
f 689//689 690//690 691//691 
f 690//690 690//690 691//691 
f 691//691 690//690 692//692 
f 690//690 690//690 692//692 
f 692//692 690//690 693//693 
f 690//690 690//690 693//693 
f 693//693 690//690 694//694 
f 690//690 690//690 694//694 
f 694//694 690//690 695//695 
f 690//690 690//690 695//695 
f 695//695 690//690 696//696 
f 690//690 688//688 696//696 
f 696//696 688//688 688//688 
f 688//688 689//689 688//688 
f 688//688 689//689 689//689 
f 689//689 691//691 689//689 
f 689//689 691//691 687//687 
f 691//691 697//697 687//687 
f 687//687 697//697 684//684 
f 697//697 698//698 684//684 
f 684//684 698//698 683//683 
f 698//698 699//699 683//683 
f 683//683 699//699 683//683 
f 699//699 700//700 683//683 
f 683//683 700//700 682//682 
f 700//700 701//701 682//682 
f 682//682 701//701 681//681 
f 701//701 702//702 681//681 
f 681//681 702//702 677//677 
f 702//702 703//703 677//677 
f 677//677 703//703 677//677 
f 703//703 704//704 677//677 
f 677//677 704//704 705//705 
f 704//704 706//706 705//705 
f 705//705 706//706 707//707 
f 706//706 708//708 707//707 
f 707//707 708//708 673//673 
f 708//708 672//672 673//673 
f 673//673 672//672 672//672 
f 672//672 697//697 672//672 
f 672//672 697//697 697//697 
f 697//697 699//699 697//697 
f 697//697 699//699 698//698 
f 699//699 698//698 698//698 
f 698//698 698//698 677//677 
f 698//698 677//677 677//677 
f 677//677 677//677 674//674 
f 677//677 705//705 674//674 
f 674//674 705//705 674//674 
f 705//705 707//707 674//674 
f 674//674 707//707 673//673 
f 707//707 673//673 673//673 
f 673//673 673//673 706//706 
f 673//673 706//706 706//706 
f 706//706 706//706 708//708 
f 706//706 709//709 708//708 
f 708//708 709//709 708//708 
f 709//709 710//710 708//708 
f 708//708 710//710 708//708 
f 710//710 711//711 708//708 
f 708//708 711//711 708//708 
f 711//711 671//671 708//708 
f 708//708 671//671 672//672 
f 671//671 672//672 672//672 
f 672//672 672//672 712//712 
f 672//672 712//712 712//712 
f 712//712 712//712 713//713 
f 712//712 714//714 713//713 
f 713//713 714//714 715//715 
f 714//714 714//714 715//715 
f 715//715 714//714 716//716 
f 714//714 717//717 716//716 
f 716//716 717//717 716//716 
f 717//717 718//718 716//716 
f 716//716 718//718 719//719 
f 718//718 720//720 719//719 
f 719//719 720//720 721//721 
f 720//720 720//720 721//721 
f 721//721 720//720 722//722 
f 720//720 723//723 722//722 
f 722//722 723//723 722//722 
f 723//723 724//724 722//722 
f 722//722 724//724 725//725 
f 724//724 726//726 725//725 
f 725//725 726//726 727//727 
f 726//726 726//726 727//727 
f 727//727 726//726 728//728 
f 726//726 726//726 728//728 
f 728//728 726//726 729//729 
f 726//726 726//726 729//729 
f 729//729 726//726 730//730 
f 726//726 726//726 730//730 
f 730//730 726//726 731//731 
f 726//726 732//732 731//731 
f 731//731 732//732 733//733 
f 732//732 732//732 733//733 
f 733//733 732//732 734//734 
f 732//732 732//732 734//734 
f 734//734 732//732 735//735 
f 732//732 723//723 735//735 
f 735//735 723//723 720//720 
f 723//723 720//720 720//720 
f 720//720 720//720 726//726 
f 720//720 726//726 726//726 
f 726//726 726//726 732//732 
f 726//726 724//724 732//732 
f 732//732 724//724 723//723 
f 724//724 723//723 723//723 
f 723//723 723//723 731//731 
f 723//723 731//731 731//731 
f 731//731 731//731 730//730 
f 731//731 733//733 730//730 
f 730//730 733//733 736//736 
f 733//733 733//733 736//736 
f 736//736 733//733 737//737 
f 733//733 733//733 737//737 
f 737//737 733//733 738//738 
f 733//733 733//733 738//738 
f 738//738 733//733 739//739 
f 733//733 734//734 739//739 
f 739//739 734//734 740//740 
f 734//734 735//735 740//740 
f 740//740 735//735 740//740 
f 735//735 741//741 740//740 
f 740//740 741//741 742//742 
f 741//741 741//741 742//742 
f 742//742 741//741 743//743 
f 741//741 741//741 743//743 
f 743//743 741//741 744//744 
f 741//741 745//745 744//744 
f 744//744 745//745 744//744 
f 745//745 746//746 744//744 
f 744//744 746//746 747//747 
f 746//746 748//748 747//747 
f 747//747 748//748 749//749 
f 748//748 748//748 749//749 
f 749//749 748//748 750//750 
f 748//748 748//748 750//750 
f 750//750 748//748 751//751 
f 748//748 748//748 751//751 
f 751//751 748//748 752//752 
f 748//748 753//753 752//752 
f 752//752 753//753 714//714 
f 753//753 753//753 714//714 
f 714//714 753//753 754//754 
f 753//753 748//748 754//754 
f 754//754 748//748 754//754 
f 748//748 746//746 754//754 
f 754//754 746//746 754//754 
f 746//746 745//745 754//754 
f 754//754 745//745 755//755 
f 745//745 741//741 755//755 
f 755//755 741//741 741//741 
f 741//741 739//739 741//741 
f 741//741 739//739 739//739 
f 739//739 740//740 739//739 
f 739//739 740//740 742//742 
f 740//740 742//742 742//742 
f 742//742 742//742 714//714 
f 742//742 714//714 714//714 
f 714//714 714//714 752//752 
f 714//714 712//712 752//752 
f 752//752 712//712 712//712 
f 712//712 714//714 712//712 
f 712//712 714//714 714//714 
f 714//714 754//754 714//714 
f 714//714 754//754 717//717 
f 754//754 755//755 717//717 
f 717//717 755//755 718//718 
f 755//755 755//755 718//718 
f 718//718 755//755 720//720 
f 755//755 756//756 720//720 
f 720//720 756//756 735//735 
f 756//756 756//756 735//735 
f 735//735 756//756 741//741 
f 756//756 755//755 741//741 
f 741//741 755//755 755//755 
f 755//755 757//757 755//755 
f 755//755 757//757 757//757 
f 757//757 758//758 757//757 
f 757//757 758//758 759//759 
f 758//758 758//758 759//759 
f 759//759 758//758 760//760 
f 758//758 758//758 760//760 
f 760//760 758//758 761//761 
f 758//758 762//762 761//761 
f 761//761 762//762 761//761 
f 762//762 763//763 761//761 
f 761//761 763//763 764//764 
f 763//763 765//765 764//764 
f 764//764 765//765 766//766 
f 765//765 765//765 766//766 
f 766//766 765//765 767//767 
f 765//765 768//768 767//767 
f 767//767 768//768 767//767 
f 768//768 769//769 767//767 
f 767//767 769//769 770//770 
f 769//769 771//771 770//770 
f 770//770 771//771 772//772 
f 771//771 773//773 772//772 
f 772//772 773//773 774//774 
f 773//773 773//773 774//774 
f 774//774 773//773 775//775 
f 773//773 776//776 775//775 
f 775//775 776//776 777//777 
f 776//776 778//778 777//777 
f 777//777 778//778 779//779 
f 778//778 780//780 779//779 
f 779//779 780//780 779//779 
f 780//780 781//781 779//779 
f 779//779 781//781 779//779 
f 781//781 782//782 779//779 
f 779//779 782//782 779//779 
f 782//782 783//783 779//779 
f 779//779 783//783 779//779 
f 783//783 784//784 779//779 
f 779//779 784//784 779//779 
f 784//784 785//785 779//779 
f 779//779 785//785 777//777 
f 785//785 777//777 777//777 
f 777//777 777//777 778//778 
f 777//777 778//778 778//778 
f 778//778 778//778 780//780 
f 778//778 776//776 780//780 
f 780//780 776//776 786//786 
f 776//776 773//773 786//786 
f 786//786 773//773 787//787 
f 773//773 773//773 787//787 
f 787//787 773//773 788//788 
f 773//773 771//771 788//788 
f 788//788 771//771 788//788 
f 771//771 769//769 788//788 
f 788//788 769//769 789//789 
f 769//769 768//768 789//789 
f 789//789 768//768 790//790 
f 768//768 765//765 790//790 
f 790//790 765//765 791//791 
f 765//765 792//792 791//791 
f 791//791 792//792 793//793 
f 792//792 792//792 793//793 
f 793//793 792//792 794//794 
f 792//792 792//792 794//794 
f 794//794 792//792 795//795 
f 792//792 762//762 795//795 
f 795//795 762//762 758//758 
f 762//762 758//758 758//758 
f 758//758 758//758 765//765 
f 758//758 765//765 765//765 
f 765//765 765//765 792//792 
f 765//765 763//763 792//792 
f 792//792 763//763 762//762 
f 763//763 762//762 762//762 
f 762//762 762//762 791//791 
f 762//762 791//791 791//791 
f 791//791 791//791 790//790 
f 791//791 793//793 790//790 
f 790//790 793//793 790//790 
f 793//793 796//796 790//790 
f 790//790 796//796 790//790 
f 796//796 797//797 790//790 
f 790//790 797//797 789//789 
f 797//797 798//798 789//789 
f 789//789 798//798 788//788 
f 798//798 799//799 788//788 
f 788//788 799//799 787//787 
f 799//799 799//799 787//787 
f 787//787 799//799 786//786 
f 799//799 800//800 786//786 
f 786//786 800//800 780//780 
f 800//800 780//780 780//780 
f 780//780 780//780 801//801 
f 780//780 801//801 801//801 
f 801//801 801//801 799//799 
f 801//801 802//802 799//799 
f 799//799 802//802 800//800 
f 802//802 800//800 800//800 
f 800//800 800//800 801//801 
f 800//800 801//801 801//801 
f 801//801 801//801 803//803 
f 801//801 799//799 803//803 
f 803//803 799//799 803//803 
f 799//799 798//798 803//803 
f 803//803 798//798 803//803 
f 798//798 797//797 803//803 
f 803//803 797//797 804//804 
f 797//797 796//796 804//804 
f 804//804 796//796 805//805 
f 796//796 793//793 805//805 
f 805//805 793//793 806//806 
f 793//793 793//793 806//806 
f 806//806 793//793 807//807 
f 793//793 794//794 807//807 
f 807//807 794//794 808//808 
f 794//794 795//795 808//808 
f 808//808 795//795 808//808 
f 795//795 809//809 808//808 
f 808//808 809//809 810//810 
f 809//809 809//809 810//810 
f 810//810 809//809 811//811 
f 809//809 809//809 811//811 
f 811//811 809//809 812//812 
f 809//809 809//809 812//812 
f 812//812 809//809 813//813 
f 809//809 809//809 813//813 
f 813//813 809//809 814//814 
f 809//809 815//815 814//814 
f 814//814 815//815 758//758 
f 815//815 815//815 758//758 
f 758//758 815//815 795//795 
f 815//815 809//809 795//795 
f 795//795 809//809 809//809 
f 809//809 807//807 809//809 
f 809//809 807//807 807//807 
f 807//807 808//808 807//807 
f 807//807 808//808 810//810 
f 808//808 810//810 810//810 
f 810//810 810//810 758//758 
f 810//810 758//758 758//758 
f 758//758 758//758 814//814 
f 758//758 757//757 814//814 
f 814//814 757//757 757//757 
f 757//757 816//816 757//757 
f 757//757 816//816 816//816 
f 816//816 817//817 816//816 
f 816//816 817//817 818//818 
f 817//817 817//817 818//818 
f 818//818 817//817 819//819 
f 817//817 817//817 819//819 
f 819//819 817//817 820//820 
f 817//817 821//821 820//820 
f 820//820 821//821 822//822 
f 821//821 821//821 822//822 
f 822//822 821//821 823//823 
f 821//821 817//817 823//823 
f 823//823 817//817 824//824 
f 817//817 825//825 824//824 
f 824//824 825//825 826//826 
f 825//825 827//827 826//826 
f 826//826 827//827 826//826 
f 827//827 828//828 826//826 
f 826//826 828//828 826//826 
f 828//828 829//829 826//826 
f 826//826 829//829 826//826 
f 829//829 830//830 826//826 
f 826//826 830//830 831//831 
f 830//830 832//832 831//831 
f 831//831 832//832 823//823 
f 832//832 833//833 823//823 
f 823//823 833//833 822//822 
f 833//833 834//834 822//822 
f 822//822 834//834 835//835 
f 834//834 834//834 835//835 
f 835//835 834//834 836//836 
f 834//834 834//834 836//836 
f 836//836 834//834 837//837 
f 834//834 838//838 837//837 
f 837//837 838//838 837//837 
f 838//838 839//839 837//837 
f 837//837 839//839 840//840 
f 839//839 841//841 840//840 
f 840//840 841//841 842//842 
f 841//841 841//841 842//842 
f 842//842 841//841 843//843 
f 841//841 841//841 843//843 
f 843//843 841//841 844//844 
f 841//841 841//841 844//844 
f 844//844 841//841 845//845 
f 841//841 841//841 845//845 
f 845//845 841//841 846//846 
f 841//841 841//841 846//846 
f 846//846 841//841 847//847 
f 841//841 839//839 847//847 
f 847//847 839//839 847//847 
f 839//839 838//838 847//847 
f 847//847 838//838 848//848 
f 838//838 834//834 848//848 
f 848//848 834//834 849//849 
f 834//834 833//833 849//849 
f 849//849 833//833 850//850 
f 833//833 832//832 850//850 
f 850//850 832//832 851//851 
f 832//832 830//830 851//851 
f 851//851 830//830 830//830 
f 830//830 820//820 830//830 
f 830//830 820//820 820//820 
f 820//820 822//822 820//820 
f 820//820 822//822 835//835 
f 822//822 835//835 835//835 
f 835//835 835//835 817//817 
f 835//835 817//817 817//817 
f 817//817 817//817 825//825 
f 817//817 816//816 825//825 
f 825//825 816//816 816//816 
f 816//816 824//824 816//816 
f 816//816 824//824 824//824 
f 824//824 826//826 824//824 
f 824//824 826//826 823//823 
f 826//826 831//831 823//823 
f 823//823 831//831 831//831 
f 831//831 849//849 831//831 
f 831//831 849//849 849//849 
f 849//849 850//850 849//849 
f 849//849 850//850 848//848 
f 850//850 852//852 848//848 
f 848//848 852//852 853//853 
f 852//852 854//854 853//853 
f 853//853 854//854 855//855 
f 854//854 856//856 855//855 
f 855//855 856//856 856//856 
f 856//856 851//851 856//856 
f 856//856 851//851 851//851 
f 851//851 857//857 851//851 
f 851//851 857//857 850//850 
f 857//857 858//858 850//850 
f 850//850 858//858 852//852 
f 858//858 854//854 852//852 
f 852//852 854//854 854//854 
f 854//854 848//848 854//854 
f 854//854 848//848 848//848 
f 848//848 853//853 848//848 
f 848//848 853//853 847//847 
f 853//853 855//855 847//847 
f 847//847 855//855 846//846 
f 855//855 855//855 846//846 
f 846//846 855//855 845//845 
f 855//855 855//855 845//845 
f 845//845 855//855 859//859 
f 855//855 855//855 859//859 
f 859//859 855//855 860//860 
f 855//855 856//856 860//860 
f 860//860 856//856 856//856 
f 856//856 861//861 856//856 
f 856//856 861//861 861//861 
f 861//861 862//862 861//861 
f 861//861 862//862 863//863 
f 862//862 864//864 863//863 
f 863//863 864//864 865//865 
f 864//864 866//866 865//865 
f 865//865 866//866 867//867 
f 866//866 866//866 867//867 
f 867//867 866//866 868//868 
f 866//866 869//869 868//868 
f 868//868 869//869 868//868 
f 869//869 870//870 868//868 
f 868//868 870//870 871//871 
f 870//870 872//872 871//871 
f 871//871 872//872 873//873 
f 872//872 874//874 873//873 
f 873//873 874//874 875//875 
f 874//874 874//874 875//875 
f 875//875 874//874 876//876 
f 874//874 877//877 876//876 
f 876//876 877//877 878//878 
f 877//877 879//879 878//878 
f 878//878 879//879 878//878 
f 879//879 880//880 878//878 
f 878//878 880//880 881//881 
f 880//880 880//880 881//881 
f 881//881 880//880 882//882 
f 880//880 883//883 882//882 
f 882//882 883//883 882//882 
f 883//883 884//884 882//882 
f 882//882 884//884 885//885 
f 884//884 884//884 885//885 
f 885//885 884//884 886//886 
f 884//884 887//887 886//886 
f 886//886 887//887 886//886 
f 887//887 888//888 886//886 
f 886//886 888//888 889//889 
f 888//888 890//890 889//889 
f 889//889 890//890 891//891 
f 890//890 890//890 891//891 
f 891//891 890//890 892//892 
f 890//890 893//893 892//892 
f 892//892 893//893 892//892 
f 893//893 894//894 892//892 
f 892//892 894//894 895//895 
f 894//894 896//896 895//895 
f 895//895 896//896 897//897 
f 896//896 896//896 897//897 
f 897//897 896//896 898//898 
f 896//896 899//899 898//898 
f 898//898 899//899 898//898 
f 899//899 900//900 898//898 
f 898//898 900//900 901//901 
f 900//900 900//900 901//901 
f 901//901 900//900 902//902 
f 900//900 903//903 902//902 
f 902//902 903//903 902//902 
f 903//903 904//904 902//902 
f 902//902 904//904 905//905 
f 904//904 906//906 905//905 
f 905//905 906//906 907//907 
f 906//906 906//906 907//907 
f 907//907 906//906 908//908 
f 906//906 909//909 908//908 
f 908//908 909//909 908//908 
f 909//909 910//910 908//908 
f 908//908 910//910 911//911 
f 910//910 912//912 911//911 
f 911//911 912//912 913//913 
f 912//912 914//914 913//913 
f 913//913 914//914 915//915 
f 914//914 914//914 915//915 
f 915//915 914//914 916//916 
f 914//914 917//917 916//916 
f 916//916 917//917 916//916 
f 917//917 918//918 916//916 
f 916//916 918//918 919//919 
f 918//918 920//920 919//919 
f 919//919 920//920 921//921 
f 920//920 920//920 921//921 
f 921//921 920//920 922//922 
f 920//920 923//923 922//922 
f 922//922 923//923 922//922 
f 923//923 924//924 922//922 
f 922//922 924//924 925//925 
f 924//924 924//924 925//925 
f 925//925 924//924 926//926 
f 924//924 927//927 926//926 
f 926//926 927//927 926//926 
f 927//927 928//928 926//926 
f 926//926 928//928 929//929 
f 928//928 930//930 929//929 
f 929//929 930//930 931//931 
f 930//930 930//930 931//931 
f 931//931 930//930 932//932 
f 930//930 933//933 932//932 
f 932//932 933//933 932//932 
f 933//933 934//934 932//932 
f 932//932 934//934 935//935 
f 934//934 936//936 935//935 
f 935//935 936//936 937//937 
f 936//936 936//936 937//937 
f 937//937 936//936 938//938 
f 936//936 939//939 938//938 
f 938//938 939//939 938//938 
f 939//939 861//861 938//938 
f 938//938 861//861 940//940 
f 861//861 863//863 940//940 
f 940//940 863//863 863//863 
f 863//863 802//802 863//863 
f 863//863 802//802 802//802 
f 802//802 941//941 802//802 
f 802//802 941//941 800//800 
f 941//941 942//942 800//800 
f 800//800 942//942 780//780 
f 942//942 943//943 780//780 
f 780//780 943//943 781//781 
f 943//943 943//943 781//781 
f 781//781 943//943 782//782 
f 943//943 943//943 782//782 
f 782//782 943//943 944//944 
f 943//943 943//943 944//944 
f 944//944 943//943 945//945 
f 943//943 943//943 945//945 
f 945//945 943//943 946//946 
f 943//943 943//943 946//946 
f 946//946 943//943 941//941 
f 943//943 942//942 941//941 
f 941//941 942//942 942//942 
f 942//942 947//947 942//942 
f 942//942 947//947 947//947 
f 947//947 948//948 947//947 
f 947//947 948//948 949//949 
f 948//948 950//950 949//949 
f 949//949 950//950 691//691 
f 950//950 951//951 691//691 
f 691//691 951//951 697//697 
f 951//951 951//951 697//697 
f 697//697 951//951 699//699 
f 951//951 951//951 699//699 
f 699//699 951//951 952//952 
f 951//951 951//951 952//952 
f 952//952 951//951 948//948 
f 951//951 950//950 948//948 
f 948//948 950//950 950//950 
f 950//950 947//947 950//950 
f 950//950 947//947 947//947 
f 947//947 949//949 947//947 
f 947//947 949//949 953//953 
f 949//949 949//949 953//953 
f 953//953 949//949 954//954 
f 949//949 949//949 954//954 
f 954//954 949//949 693//693 
f 949//949 949//949 693//693 
f 693//693 949//949 692//692 
f 949//949 691//691 692//692 
f 692//692 691//691 691//691 
f 691//691 952//952 691//691 
f 691//691 952//952 952//952 
f 952//952 955//955 952//952 
f 952//952 955//955 699//699 
f 955//955 956//956 699//699 
f 699//699 956//956 700//700 
f 956//956 701//701 700//700 

