mtllib model_22.mtl
o model_22
v -176.5808563232422 34.488826751708984 38.402183532714844 
v -176.57797241210938 34.488826751708984 38.846736907958984 
v -176.30690002441406 34.01910400390625 38.398624420166016 
v -176.30690002441406 34.016292572021484 38.84285354614258 
v -176.57797241210938 34.488826751708984 38.846736907958984 
v -176.5808563232422 34.488826751708984 38.402183532714844 
v -177.12301635742188 34.488826751708984 38.846736907958984 
v -177.1259002685547 34.488826751708984 38.402183532714844 
v -176.5808563232422 34.488826751708984 38.402183532714844 
v -176.30690002441406 34.01910400390625 38.398624420166016 
v -177.1259002685547 34.488826751708984 38.402183532714844 
v -177.1259002685547 33.54656982421875 38.39474105834961 
v -177.39697265625 34.01910400390625 38.398624420166016 
v -176.6731414794922 33.75471115112305 39.03633499145508 
v -176.6731414794922 33.75471115112305 38.88523864746094 
v -176.60104370117188 33.82502746582031 39.036659240722656 
v -176.60104370117188 33.82502746582031 38.885562896728516 
v -176.55490112304688 33.915035247802734 39.03730773925781 
v -176.55490112304688 33.915035247802734 38.886207580566406 
v -176.5404815673828 34.01348114013672 39.0379524230957 
v -176.5404815673828 34.01348114013672 38.88685607910156 
v -176.55490112304688 34.11192321777344 39.03860092163086 
v -176.55490112304688 34.11192321777344 38.88750457763672 
v -176.60104370117188 34.19911575317383 39.03924560546875 
v -176.60104370117188 34.20193099975586 38.88814926147461 
v -176.6731414794922 34.272247314453125 39.039894104003906 
v -176.6731414794922 34.272247314453125 38.88847351074219 
v -181.93026733398438 33.81940460205078 38.883296966552734 
v -181.93026733398438 33.81940460205078 39.034393310546875 
v -181.97640991210938 33.90940856933594 38.88394546508789 
v -181.97640991210938 33.90659713745117 39.03504180908203 
v -181.99082946777344 34.00785446166992 38.88459014892578 
v -181.99082946777344 34.005043029785156 39.03568649291992 
v -181.97640991210938 34.106300354003906 38.88523864746094 
v -181.97640991210938 34.103485107421875 39.03633499145508 
v -181.93026733398438 34.19630432128906 38.885887145996094 
v -181.93026733398438 34.1934928894043 39.036983489990234 
v -179.35794067382812 31.30484962463379 38.877471923828125 
v -179.4473419189453 31.349851608276367 38.8777961730957 
v -179.2598876953125 31.290786743164062 38.877471923828125 
v -179.56268310546875 31.510175704956055 38.87876892089844 
v -178.95709228515625 31.510175704956055 38.87876892089844 
v -179.07244873046875 31.867389678955078 38.88135528564453 
v -178.95709228515625 31.70706558227539 38.880062103271484 
v -179.00035095214844 31.79707145690918 38.88071060180664 
v -179.4473419189453 31.867389678955078 38.88135528564453 
v -179.56268310546875 31.70706558227539 38.880062103271484 
v -179.51943969726562 31.79707145690918 38.88071060180664 
v -179.2598876953125 31.92926788330078 38.88167953491211 
v -179.35794067382812 31.912391662597656 38.88135528564453 
v -178.98593139648438 36.89368438720703 38.85612106323242 
v -179.037841796875 36.80367660522461 38.9295654296875 
v -178.71197509765625 36.42115020751953 38.852561950683594 
v -178.8186798095703 36.42115020751953 38.92665100097656 
v -176.6731414794922 33.75471115112305 38.88523864746094 
v -176.6731414794922 33.75471115112305 39.03633499145508 
v -176.76254272460938 33.70970916748047 38.88491439819336 
v -176.76254272460938 33.70970916748047 39.0360107421875 
v -176.860595703125 33.69564437866211 38.88491439819336 
v -176.860595703125 33.692832946777344 39.0360107421875 
v -176.95863342285156 33.70970916748047 38.88491439819336 
v -176.95863342285156 33.70970916748047 39.0360107421875 
v -177.04803466796875 33.75471115112305 38.88523864746094 
v -177.04803466796875 33.75471115112305 39.03633499145508 
v -179.53097534179688 36.89368438720703 38.85612106323242 
v -179.47906494140625 36.80367660522461 38.9295654296875 
v -178.98593139648438 36.89368438720703 38.85612106323242 
v -179.037841796875 36.80367660522461 38.9295654296875 
v -179.07244873046875 31.349851608276367 39.028892517089844 
v -179.00035095214844 31.420169830322266 39.029541015625 
v -179.16184997558594 31.30484962463379 39.028568267822266 
v -179.35794067382812 31.30484962463379 39.028568267822266 
v -179.2598876953125 31.287973403930664 39.028568267822266 
v -179.57998657226562 31.60862159729004 39.03050994873047 
v -179.00035095214844 31.794260025024414 39.03180694580078 
v -179.35794067382812 31.912391662597656 39.03245162963867 
v -179.16184997558594 31.912391662597656 39.03245162963867 
v -179.2598876953125 31.926456451416016 39.03277587890625 
v -179.51943969726562 31.794260025024414 39.03180694580078 
v -179.4473419189453 31.867389678955078 39.03245162963867 
v -181.48617553710938 34.26662063598633 38.886207580566406 
v -181.48617553710938 34.26380920410156 39.03730773925781 
v -181.41407775878906 34.19630432128906 38.885887145996094 
v -181.41407775878906 34.1934928894043 39.036983489990234 
v -181.36793518066406 34.106300354003906 38.88523864746094 
v -181.36793518066406 34.103485107421875 39.03633499145508 
v -181.353515625 34.00785446166992 38.88459014892578 
v -181.353515625 34.005043029785156 39.03568649291992 
v -181.36793518066406 33.90940856933594 38.88394546508789 
v -181.36793518066406 33.90659713745117 39.03504180908203 
v -181.41407775878906 33.81940460205078 38.883296966552734 
v -181.41407775878906 33.81940460205078 39.034393310546875 
v -181.48617553710938 33.74908447265625 38.882972717285156 
v -181.48617553710938 33.746273040771484 39.0340690612793 
v -179.47906494140625 36.80367660522461 38.9295654296875 
v -179.53097534179688 36.89368438720703 38.85612106323242 
v -179.69822692871094 36.42115020751953 38.92665100097656 
v -179.8020477294922 36.42115020751953 38.852561950683594 
v -177.07110595703125 34.3960075378418 38.92018127441406 
v -177.29315185546875 34.016292572021484 38.91694641113281 
v -176.6327667236328 34.3960075378418 38.92018127441406 
v -176.6327667236328 33.633766174316406 38.91403579711914 
v -176.4107208251953 34.016292572021484 38.91694641113281 
v -179.69822692871094 36.42115020751953 38.92665100097656 
v -179.8020477294922 36.42115020751953 38.852561950683594 
v -179.47906494140625 36.04143524169922 38.92341613769531 
v -179.53097534179688 35.95143127441406 38.84867858886719 
v -178.71197509765625 36.42115020751953 38.852561950683594 
v -178.8186798095703 36.42115020751953 38.92665100097656 
v -178.98593139648438 35.95143127441406 38.84867858886719 
v -179.037841796875 36.04143524169922 38.92341613769531 
v -181.48617553710938 33.74908447265625 38.882972717285156 
v -181.48617553710938 33.746273040771484 39.0340690612793 
v -181.5726776123047 33.70408248901367 38.882652282714844 
v -181.5726776123047 33.701271057128906 39.033748626708984 
v -181.67361450195312 33.68720626831055 38.882652282714844 
v -181.67361450195312 33.68720626831055 39.033748626708984 
v -181.77166748046875 33.70408248901367 38.882652282714844 
v -181.77166748046875 33.701271057128906 39.033748626708984 
v -181.86106872558594 33.74908447265625 38.882972717285156 
v -181.86106872558594 33.746273040771484 39.0340690612793 
v -181.93026733398438 33.81940460205078 38.883296966552734 
v -181.93026733398438 33.81940460205078 39.034393310546875 
v -179.52520751953125 31.138900756835938 38.831851959228516 
v -179.4704132080078 31.228906631469727 38.906593322753906 
v -179.79627990722656 31.611433029174805 38.835411071777344 
v -179.6924591064453 31.611433029174805 38.90950393676758 
v -179.79627990722656 31.611433029174805 38.835411071777344 
v -179.6924591064453 31.611433029174805 38.90950393676758 
v -179.52520751953125 32.08396530151367 38.83929443359375 
v -179.4704132080078 31.991147994995117 38.91273880004883 
v -178.81002807617188 31.611433029174805 38.90950393676758 
v -178.70620727539062 31.611433029174805 38.835411071777344 
v -179.03207397460938 31.991147994995117 38.91273880004883 
v -178.98016357421875 32.08396530151367 38.83929443359375 
v -178.70620727539062 31.614246368408203 38.39118194580078 
v -178.70620727539062 31.611433029174805 38.835411071777344 
v -178.98016357421875 31.141712188720703 38.387298583984375 
v -178.98016357421875 31.138900756835938 38.831851959228516 
v -179.52520751953125 31.141712188720703 38.387298583984375 
v -179.52520751953125 31.138900756835938 38.831851959228516 
v -179.79627990722656 31.614246368408203 38.39118194580078 
v -179.79627990722656 31.611433029174805 38.835411071777344 
v -179.52520751953125 32.08396530151367 38.83929443359375 
v -179.4704132080078 31.991147994995117 38.91273880004883 
v -178.98016357421875 32.08396530151367 38.83929443359375 
v -179.03207397460938 31.991147994995117 38.91273880004883 
v -176.5808563232422 33.54656982421875 38.39474105834961 
v -176.57797241210938 33.543758392333984 38.83897018432617 
v -177.1259002685547 33.54656982421875 38.39474105834961 
v -177.12301635742188 33.543758392333984 38.83897018432617 
v -181.86106872558594 33.746273040771484 39.0340690612793 
v -181.77166748046875 33.701271057128906 39.033748626708984 
v -181.93026733398438 33.81940460205078 39.034393310546875 
v -181.99082946777344 34.005043029785156 39.03568649291992 
v -181.97640991210938 33.90659713745117 39.03504180908203 
v -181.41407775878906 33.81940460205078 39.034393310546875 
v -181.41407775878906 34.1934928894043 39.036983489990234 
v -181.77166748046875 34.30881118774414 39.037628173828125 
v -181.5726776123047 34.30881118774414 39.037628173828125 
v -181.67361450195312 34.325687408447266 39.0379524230957 
v -181.93026733398438 34.1934928894043 39.036983489990234 
v -181.86106872558594 34.26380920410156 39.03730773925781 
v -181.67361450195312 33.68720626831055 39.033748626708984 
v -181.5726776123047 33.701271057128906 39.033748626708984 
v -177.16339111328125 33.915035247802734 39.03730773925781 
v -177.11724853515625 33.82502746582031 39.036659240722656 
v -177.18069458007812 34.01348114013672 39.0379524230957 
v -176.95863342285156 33.70970916748047 39.0360107421875 
v -176.60104370117188 33.82502746582031 39.036659240722656 
v -176.76254272460938 33.70970916748047 39.0360107421875 
v -176.6731414794922 33.75471115112305 39.03633499145508 
v -176.60104370117188 34.19911575317383 39.03924560546875 
v -176.95863342285156 34.3172492980957 39.040218353271484 
v -177.11724853515625 34.19911575317383 39.03924560546875 
v -177.04803466796875 34.272247314453125 39.039894104003906 
v -176.76254272460938 34.3172492980957 39.040218353271484 
v -176.6731414794922 34.272247314453125 39.039894104003906 
v -181.353515625 34.00785446166992 38.88459014892578 
v -181.36793518066406 33.90940856933594 38.88394546508789 
v -181.36793518066406 34.106300354003906 38.88523864746094 
v -181.48617553710938 34.26662063598633 38.886207580566406 
v -181.41407775878906 34.19630432128906 38.885887145996094 
v -181.97640991210938 33.90940856933594 38.88394546508789 
v -181.86106872558594 34.26662063598633 38.886207580566406 
v -181.67361450195312 34.3285026550293 38.88685607910156 
v -181.77166748046875 34.31162643432617 38.886531829833984 
v -181.67361450195312 33.68720626831055 38.882652282714844 
v -181.48617553710938 33.74908447265625 38.882972717285156 
v -181.5726776123047 33.70408248901367 38.882652282714844 
v -181.86106872558594 33.74908447265625 38.882972717285156 
v -181.77166748046875 33.70408248901367 38.882652282714844 
v -181.93026733398438 34.19630432128906 38.885887145996094 
v -181.97640991210938 34.106300354003906 38.88523864746094 
v -181.99082946777344 34.00785446166992 38.88459014892578 
v -177.11724853515625 34.19911575317383 39.03924560546875 
v -177.04803466796875 34.272247314453125 39.039894104003906 
v -177.04803466796875 34.272247314453125 38.88847351074219 
v -176.95863342285156 34.3172492980957 38.888797760009766 
v -176.95863342285156 34.3172492980957 39.040218353271484 
v -176.860595703125 34.33412551879883 38.889122009277344 
v -176.860595703125 34.33131408691406 39.040218353271484 
v -176.76254272460938 34.3172492980957 38.888797760009766 
v -176.76254272460938 34.3172492980957 39.040218353271484 
v -176.6731414794922 34.272247314453125 38.88847351074219 
v -179.45310974121094 36.162384033203125 38.894622802734375 
v -179.45310974121094 36.159568786621094 39.046043395996094 
v -179.52520751953125 36.23270034790039 38.895267486572266 
v -179.52520751953125 36.22988510131836 39.046363830566406 
v -179.5713348388672 36.32270431518555 38.89591598510742 
v -179.5713348388672 36.31989288330078 39.04701232910156 
v -179.58575439453125 36.42115020751953 38.89656448364258 
v -179.58575439453125 36.418338775634766 39.04766082763672 
v -179.5713348388672 36.519596099853516 38.89720916748047 
v -179.5713348388672 36.516780853271484 39.04830551147461 
v -179.52520751953125 36.60960006713867 38.897857666015625 
v -179.52520751953125 36.606788635253906 39.048954010009766 
v -179.45310974121094 36.6799201965332 38.8981819152832 
v -179.45310974121094 36.67710494995117 39.049278259277344 
v -181.36793518066406 34.103485107421875 39.03633499145508 
v -181.353515625 34.005043029785156 39.03568649291992 
v -181.36793518066406 33.90659713745117 39.03504180908203 
v -179.45310974121094 36.6799201965332 38.8981819152832 
v -179.45310974121094 36.67710494995117 39.049278259277344 
v -179.36370849609375 36.72492218017578 38.89850616455078 
v -179.36370849609375 36.722110748291016 39.04960250854492 
v -179.26565551757812 36.73898696899414 38.89850616455078 
v -179.26565551757812 36.73898696899414 39.04960250854492 
v -179.16761779785156 36.72492218017578 38.89850616455078 
v -179.16761779785156 36.722110748291016 39.04960250854492 
v -179.07821655273438 36.6799201965332 38.8981819152832 
v -179.07821655273438 36.67710494995117 39.049278259277344 
v -181.44580078125 33.62813949584961 38.91176986694336 
v -181.39100646972656 33.53813171386719 38.836708068847656 
v -181.22373962402344 34.00785446166992 38.91468048095703 
v -181.11993408203125 34.01066589355469 38.8405876159668 
v -181.88414001464844 33.62813949584961 38.91176986694336 
v -181.93603515625 33.53813171386719 38.836708068847656 
v -181.44580078125 33.62813949584961 38.91176986694336 
v -181.39100646972656 33.53813171386719 38.836708068847656 
v -181.93603515625 33.53813171386719 38.836708068847656 
v -181.88414001464844 33.62813949584961 38.91176986694336 
v -182.2100067138672 34.01066589355469 38.8405876159668 
v -182.10330200195312 34.00785446166992 38.91468048095703 
v -181.22373962402344 34.00785446166992 38.91468048095703 
v -181.11993408203125 34.01066589355469 38.8405876159668 
v -181.44580078125 34.390380859375 38.91759490966797 
v -181.39100646972656 34.48038864135742 38.844146728515625 
v -181.22373962402344 34.00785446166992 38.91468048095703 
v -181.44580078125 34.390380859375 38.91759490966797 
v -181.44580078125 33.62813949584961 38.91176986694336 
v -182.10330200195312 34.00785446166992 38.91468048095703 
v -181.88414001464844 33.62813949584961 38.91176986694336 
v -182.2100067138672 34.01066589355469 38.8405876159668 
v -182.10330200195312 34.00785446166992 38.91468048095703 
v -181.93603515625 34.48038864135742 38.844146728515625 
v -181.88414001464844 34.390380859375 38.91759490966797 
v -179.47906494140625 36.04143524169922 38.92341613769531 
v -179.53097534179688 35.95143127441406 38.84867858886719 
v -179.037841796875 36.04143524169922 38.92341613769531 
v -178.98593139648438 35.95143127441406 38.84867858886719 
v -178.70620727539062 31.611433029174805 38.835411071777344 
v -178.70620727539062 31.614246368408203 38.39118194580078 
v -178.98016357421875 32.08396530151367 38.83929443359375 
v -178.98016357421875 32.08396530151367 38.39474105834961 
v -181.39389038085938 33.54094696044922 38.39247512817383 
v -181.9389190673828 33.54094696044922 38.39247512817383 
v -181.11993408203125 34.01066589355469 38.396034240722656 
v -181.9389190673828 34.48320007324219 38.39991760253906 
v -181.39389038085938 34.48320007324219 38.39991760253906 
v -179.07821655273438 36.6799201965332 38.8981819152832 
v -179.07821655273438 36.67710494995117 39.049278259277344 
v -179.00900268554688 36.60960006713867 38.897857666015625 
v -179.00900268554688 36.606788635253906 39.048954010009766 
v -178.96286010742188 36.519596099853516 38.89720916748047 
v -178.96286010742188 36.516780853271484 39.04830551147461 
v -178.945556640625 36.42115020751953 38.89656448364258 
v -178.945556640625 36.418338775634766 39.04766082763672 
v -178.96286010742188 36.32270431518555 38.89591598510742 
v -178.96286010742188 36.31989288330078 39.04701232910156 
v -179.00900268554688 36.23270034790039 38.895267486572266 
v -179.00900268554688 36.22988510131836 39.046363830566406 
v -179.07821655273438 36.162384033203125 38.894622802734375 
v -179.07821655273438 36.159568786621094 39.046043395996094 
v -181.39100646972656 34.48038864135742 38.844146728515625 
v -181.39389038085938 34.48320007324219 38.39991760253906 
v -181.93603515625 34.48038864135742 38.844146728515625 
v -181.9389190673828 34.48320007324219 38.39991760253906 
v -179.00900268554688 36.23270034790039 38.895267486572266 
v -179.07821655273438 36.162384033203125 38.894622802734375 
v -178.96286010742188 36.32270431518555 38.89591598510742 
v -179.26565551757812 36.100502014160156 38.8942985534668 
v -179.5713348388672 36.32270431518555 38.89591598510742 
v -179.45310974121094 36.162384033203125 38.894622802734375 
v -179.52520751953125 36.23270034790039 38.895267486572266 
v -179.07821655273438 36.6799201965332 38.8981819152832 
v -179.45310974121094 36.6799201965332 38.8981819152832 
v -179.26565551757812 36.73898696899414 38.89850616455078 
v -179.36370849609375 36.72492218017578 38.89850616455078 
v -179.5713348388672 36.519596099853516 38.89720916748047 
v -179.58575439453125 36.42115020751953 38.89656448364258 
v -179.07244873046875 31.349851608276367 39.028892517089844 
v -179.07244873046875 31.349851608276367 38.8777961730957 
v -179.00035095214844 31.420169830322266 39.029541015625 
v -179.00035095214844 31.420169830322266 38.87844467163086 
v -178.95709228515625 31.510175704956055 39.02986526489258 
v -178.95709228515625 31.510175704956055 38.87876892089844 
v -178.93978881835938 31.60862159729004 39.03050994873047 
v -178.93978881835938 31.60862159729004 38.87941360473633 
v -178.95709228515625 31.70706558227539 39.031158447265625 
v -178.95709228515625 31.70706558227539 38.880062103271484 
v -179.00035095214844 31.794260025024414 39.03180694580078 
v -179.00035095214844 31.79707145690918 38.88071060180664 
v -179.07244873046875 31.867389678955078 39.03245162963867 
v -179.07244873046875 31.867389678955078 38.88135528564453 
v -178.95709228515625 31.510175704956055 39.02986526489258 
v -178.93978881835938 31.60862159729004 39.03050994873047 
v -179.00035095214844 31.420169830322266 38.87844467163086 
v -179.07244873046875 31.349851608276367 38.8777961730957 
v -179.4704132080078 31.228906631469727 38.906593322753906 
v -179.52520751953125 31.138900756835938 38.831851959228516 
v -179.03207397460938 31.228906631469727 38.906593322753906 
v -178.98016357421875 31.138900756835938 38.831851959228516 
v -179.79627990722656 31.614246368408203 38.39118194580078 
v -179.79627990722656 31.611433029174805 38.835411071777344 
v -179.52520751953125 32.08396530151367 38.39474105834961 
v -179.52520751953125 32.08396530151367 38.83929443359375 
v -179.07821655273438 36.162384033203125 38.894622802734375 
v -179.07821655273438 36.159568786621094 39.046043395996094 
v -179.16761779785156 36.11737823486328 38.8942985534668 
v -179.16761779785156 36.114566802978516 39.045719146728516 
v -179.26565551757812 36.100502014160156 38.8942985534668 
v -179.26565551757812 36.100502014160156 39.04539489746094 
v -179.36370849609375 36.11737823486328 38.8942985534668 
v -179.36370849609375 36.114566802978516 39.045719146728516 
v -179.45310974121094 36.162384033203125 38.894622802734375 
v -179.45310974121094 36.159568786621094 39.046043395996094 
v -179.4704132080078 31.991147994995117 38.91273880004883 
v -179.6924591064453 31.611433029174805 38.90950393676758 
v -179.03207397460938 31.991147994995117 38.91273880004883 
v -179.03207397460938 31.228906631469727 38.906593322753906 
v -178.81002807617188 31.611433029174805 38.90950393676758 
v -176.55490112304688 34.11192321777344 39.03860092163086 
v -176.5404815673828 34.01348114013672 39.0379524230957 
v -176.55490112304688 33.915035247802734 39.03730773925781 
v -176.76254272460938 33.70970916748047 38.88491439819336 
v -176.860595703125 33.69564437866211 38.88491439819336 
v -176.6731414794922 33.75471115112305 38.88523864746094 
v -176.55490112304688 33.915035247802734 38.886207580566406 
v -176.60104370117188 33.82502746582031 38.885562896728516 
v -177.16339111328125 33.915035247802734 38.886207580566406 
v -176.6731414794922 34.272247314453125 38.88847351074219 
v -176.55490112304688 34.11192321777344 38.88750457763672 
v -176.60104370117188 34.20193099975586 38.88814926147461 
v -177.04803466796875 34.272247314453125 38.88847351074219 
v -177.16339111328125 34.11192321777344 38.88750457763672 
v -177.11724853515625 34.20193099975586 38.88814926147461 
v -176.860595703125 34.33412551879883 38.889122009277344 
v -176.95863342285156 34.3172492980957 38.888797760009766 
v -178.945556640625 36.42115020751953 38.89656448364258 
v -178.96286010742188 36.519596099853516 38.89720916748047 
v -179.00900268554688 36.60960006713867 38.897857666015625 
v -179.5713348388672 36.31989288330078 39.04701232910156 
v -179.52520751953125 36.22988510131836 39.046363830566406 
v -179.58575439453125 36.418338775634766 39.04766082763672 
v -179.36370849609375 36.114566802978516 39.045719146728516 
v -179.00900268554688 36.22988510131836 39.046363830566406 
v -179.16761779785156 36.114566802978516 39.045719146728516 
v -179.07821655273438 36.159568786621094 39.046043395996094 
v -179.00900268554688 36.606788635253906 39.048954010009766 
v -179.36370849609375 36.722110748291016 39.04960250854492 
v -179.52520751953125 36.606788635253906 39.048954010009766 
v -179.45310974121094 36.67710494995117 39.049278259277344 
v -179.16761779785156 36.722110748291016 39.04960250854492 
v -179.07821655273438 36.67710494995117 39.049278259277344 
v -178.98016357421875 31.141712188720703 38.387298583984375 
v -178.98016357421875 31.138900756835938 38.831851959228516 
v -179.52520751953125 31.141712188720703 38.387298583984375 
v -179.52520751953125 31.138900756835938 38.831851959228516 
v -177.04803466796875 34.272247314453125 38.88847351074219 
v -177.11724853515625 34.20193099975586 38.88814926147461 
v -177.11724853515625 34.19911575317383 39.03924560546875 
v -177.16339111328125 34.11192321777344 39.03860092163086 
v -177.16339111328125 34.11192321777344 38.88750457763672 
v -177.18069458007812 34.01348114013672 39.0379524230957 
v -177.18069458007812 34.01348114013672 38.88685607910156 
v -177.16339111328125 33.915035247802734 39.03730773925781 
v -177.16339111328125 33.915035247802734 38.886207580566406 
v -177.11724853515625 33.82502746582031 39.036659240722656 
v -177.11724853515625 33.82502746582031 38.885562896728516 
v -177.04803466796875 33.75471115112305 39.03633499145508 
v -178.71485900878906 36.4239616394043 38.40800857543945 
v -178.71197509765625 36.42115020751953 38.852561950683594 
v -178.98593139648438 35.95143127441406 38.404449462890625 
v -178.98593139648438 35.95143127441406 38.84867858886719 
v -179.53097534179688 36.89368438720703 38.85612106323242 
v -179.53097534179688 36.8964958190918 38.411888122558594 
v -179.8020477294922 36.42115020751953 38.852561950683594 
v -179.804931640625 36.4239616394043 38.40800857543945 
v -179.53097534179688 36.8964958190918 38.411888122558594 
v -179.53097534179688 36.89368438720703 38.85612106323242 
v -178.98593139648438 36.8964958190918 38.411888122558594 
v -178.98593139648438 36.89368438720703 38.85612106323242 
v -176.6327667236328 34.3960075378418 38.92018127441406 
v -176.57797241210938 34.488826751708984 38.846736907958984 
v -177.07110595703125 34.3960075378418 38.92018127441406 
v -177.12301635742188 34.488826751708984 38.846736907958984 
v -176.6327667236328 33.633766174316406 38.91403579711914 
v -176.57797241210938 33.543758392333984 38.83897018432617 
v -176.4107208251953 34.016292572021484 38.91694641113281 
v -176.30690002441406 34.016292572021484 38.84285354614258 
v -177.39697265625 34.016292572021484 38.84285354614258 
v -177.29315185546875 34.016292572021484 38.91694641113281 
v -177.12301635742188 34.488826751708984 38.846736907958984 
v -177.07110595703125 34.3960075378418 38.92018127441406 
v -181.39389038085938 33.54094696044922 38.39247512817383 
v -181.39100646972656 33.53813171386719 38.836708068847656 
v -181.9389190673828 33.54094696044922 38.39247512817383 
v -181.93603515625 33.53813171386719 38.836708068847656 
v -178.96286010742188 36.516780853271484 39.04830551147461 
v -178.945556640625 36.418338775634766 39.04766082763672 
v -178.96286010742188 36.31989288330078 39.04701232910156 
v -179.07244873046875 31.867389678955078 39.03245162963867 
v -179.07244873046875 31.867389678955078 38.88135528564453 
v -179.16184997558594 31.912391662597656 39.03245162963867 
v -179.16184997558594 31.912391662597656 38.88135528564453 
v -179.2598876953125 31.926456451416016 39.03277587890625 
v -179.2598876953125 31.92926788330078 38.88167953491211 
v -179.35794067382812 31.912391662597656 39.03245162963867 
v -179.35794067382812 31.912391662597656 38.88135528564453 
v -179.4473419189453 31.867389678955078 39.03245162963867 
v -179.4473419189453 31.867389678955078 38.88135528564453 
v -179.4473419189453 31.349851608276367 39.028892517089844 
v -179.51943969726562 31.420169830322266 39.029541015625 
v -179.56268310546875 31.510175704956055 39.02986526489258 
v -179.52520751953125 32.08396530151367 38.39474105834961 
v -179.52520751953125 32.08396530151367 38.83929443359375 
v -178.98016357421875 32.08396530151367 38.39474105834961 
v -178.98016357421875 32.08396530151367 38.83929443359375 
v -177.39697265625 34.01910400390625 38.398624420166016 
v -177.39697265625 34.016292572021484 38.84285354614258 
v -177.1259002685547 34.488826751708984 38.402183532714844 
v -177.12301635742188 34.488826751708984 38.846736907958984 
v -176.4107208251953 34.016292572021484 38.91694641113281 
v -176.30690002441406 34.016292572021484 38.84285354614258 
v -176.6327667236328 34.3960075378418 38.92018127441406 
v -176.57797241210938 34.488826751708984 38.846736907958984 
v -179.8020477294922 36.42115020751953 38.852561950683594 
v -179.804931640625 36.4239616394043 38.40800857543945 
v -179.53097534179688 35.95143127441406 38.84867858886719 
v -179.53097534179688 35.95143127441406 38.404449462890625 
v -178.98593139648438 35.95143127441406 38.404449462890625 
v -178.98593139648438 35.95143127441406 38.84867858886719 
v -179.53097534179688 35.95143127441406 38.404449462890625 
v -179.53097534179688 35.95143127441406 38.84867858886719 
v -178.98016357421875 32.08396530151367 38.39474105834961 
v -178.70620727539062 31.614246368408203 38.39118194580078 
v -179.52520751953125 32.08396530151367 38.39474105834961 
v -179.52520751953125 31.141712188720703 38.387298583984375 
v -179.79627990722656 31.614246368408203 38.39118194580078 
v -179.4473419189453 31.349851608276367 39.028892517089844 
v -179.4473419189453 31.349851608276367 38.8777961730957 
v -179.35794067382812 31.30484962463379 39.028568267822266 
v -179.35794067382812 31.30484962463379 38.877471923828125 
v -179.2598876953125 31.287973403930664 39.028568267822266 
v -179.2598876953125 31.290786743164062 38.877471923828125 
v -179.16184997558594 31.30484962463379 39.028568267822266 
v -179.16184997558594 31.30484962463379 38.877471923828125 
v -179.07244873046875 31.349851608276367 39.028892517089844 
v -179.07244873046875 31.349851608276367 38.8777961730957 
v -181.11993408203125 34.01066589355469 38.8405876159668 
v -181.11993408203125 34.01066589355469 38.396034240722656 
v -181.39100646972656 34.48038864135742 38.844146728515625 
v -181.39389038085938 34.48320007324219 38.39991760253906 
v -179.47906494140625 36.04143524169922 38.92341613769531 
v -179.037841796875 36.04143524169922 38.92341613769531 
v -179.69822692871094 36.42115020751953 38.92665100097656 
v -179.037841796875 36.80367660522461 38.9295654296875 
v -179.47906494140625 36.80367660522461 38.9295654296875 
v -182.2100067138672 34.01066589355469 38.8405876159668 
v -182.2100067138672 34.01066589355469 38.396034240722656 
v -181.93603515625 33.53813171386719 38.836708068847656 
v -181.9389190673828 33.54094696044922 38.39247512817383 
v -176.57797241210938 33.543758392333984 38.83897018432617 
v -176.5808563232422 33.54656982421875 38.39474105834961 
v -176.30690002441406 34.016292572021484 38.84285354614258 
v -176.30690002441406 34.01910400390625 38.398624420166016 
v -179.804931640625 36.4239616394043 38.40800857543945 
v -179.53097534179688 36.8964958190918 38.411888122558594 
v -179.53097534179688 35.95143127441406 38.404449462890625 
v -178.71485900878906 36.4239616394043 38.40800857543945 
v -178.98593139648438 35.95143127441406 38.404449462890625 
v -177.1259002685547 33.54656982421875 38.39474105834961 
v -177.12301635742188 33.543758392333984 38.83897018432617 
v -177.39697265625 34.01910400390625 38.398624420166016 
v -177.39697265625 34.016292572021484 38.84285354614258 
v -176.57797241210938 33.543758392333984 38.83897018432617 
v -176.6327667236328 33.633766174316406 38.91403579711914 
v -177.12301635742188 33.543758392333984 38.83897018432617 
v -177.07110595703125 33.633766174316406 38.91403579711914 
v -177.12301635742188 33.543758392333984 38.83897018432617 
v -177.07110595703125 33.633766174316406 38.91403579711914 
v -177.39697265625 34.016292572021484 38.84285354614258 
v -177.29315185546875 34.016292572021484 38.91694641113281 
v -181.11993408203125 34.01066589355469 38.396034240722656 
v -181.11993408203125 34.01066589355469 38.8405876159668 
v -181.39389038085938 33.54094696044922 38.39247512817383 
v -181.39100646972656 33.53813171386719 38.836708068847656 
v -181.93603515625 34.48038864135742 38.844146728515625 
v -181.9389190673828 34.48320007324219 38.39991760253906 
v -182.2100067138672 34.01066589355469 38.8405876159668 
v -182.2100067138672 34.01066589355469 38.396034240722656 
v -178.71197509765625 36.42115020751953 38.852561950683594 
v -178.71485900878906 36.4239616394043 38.40800857543945 
v -178.98593139648438 36.89368438720703 38.85612106323242 
v -178.98593139648438 36.8964958190918 38.411888122558594 
v -177.11724853515625 33.82502746582031 38.885562896728516 
v -177.04803466796875 33.75471115112305 38.88523864746094 
v -176.95863342285156 33.70970916748047 38.88491439819336 
v -179.4473419189453 31.349851608276367 38.8777961730957 
v -179.4473419189453 31.349851608276367 39.028892517089844 
v -179.51943969726562 31.420169830322266 38.87844467163086 
v -179.51943969726562 31.420169830322266 39.029541015625 
v -179.56268310546875 31.510175704956055 38.87876892089844 
v -179.56268310546875 31.510175704956055 39.02986526489258 
v -179.57998657226562 31.60862159729004 38.87941360473633 
v -179.57998657226562 31.60862159729004 39.03050994873047 
v -179.56268310546875 31.70706558227539 38.880062103271484 
v -179.56268310546875 31.70706558227539 39.031158447265625 
v -179.51943969726562 31.79707145690918 38.88071060180664 
v -179.51943969726562 31.794260025024414 39.03180694580078 
v -179.4473419189453 31.867389678955078 38.88135528564453 
v -179.4473419189453 31.867389678955078 39.03245162963867 
v -178.70620727539062 31.611433029174805 38.835411071777344 
v -178.81002807617188 31.611433029174805 38.90950393676758 
v -178.98016357421875 31.138900756835938 38.831851959228516 
v -179.03207397460938 31.228906631469727 38.906593322753906 
v -181.48617553710938 34.26380920410156 39.03730773925781 
v -181.48617553710938 34.26662063598633 38.886207580566406 
v -181.5726776123047 34.30881118774414 39.037628173828125 
v -181.5726776123047 34.31162643432617 38.886531829833984 
v -181.67361450195312 34.325687408447266 39.0379524230957 
v -181.67361450195312 34.3285026550293 38.88685607910156 
v -181.77166748046875 34.30881118774414 39.037628173828125 
v -181.77166748046875 34.31162643432617 38.886531829833984 
v -181.86106872558594 34.26380920410156 39.03730773925781 
v -181.86106872558594 34.26662063598633 38.886207580566406 
v -181.93026733398438 34.1934928894043 39.036983489990234 
v -181.93026733398438 34.19630432128906 38.885887145996094 
v -181.44580078125 34.390380859375 38.91759490966797 
v -181.39100646972656 34.48038864135742 38.844146728515625 
v -181.88414001464844 34.390380859375 38.91759490966797 
v -181.93603515625 34.48038864135742 38.844146728515625 
v -176.5808563232422 33.54656982421875 38.39474105834961 
v -177.07110595703125 33.633766174316406 38.91403579711914 
v -176.6731414794922 34.272247314453125 39.039894104003906 
v -177.04803466796875 33.75471115112305 38.88523864746094 
v -177.04803466796875 33.75471115112305 39.03633499145508 
v -176.860595703125 33.692832946777344 39.0360107421875 
v -176.860595703125 34.33131408691406 39.040218353271484 
v -177.16339111328125 34.11192321777344 39.03860092163086 
v -177.18069458007812 34.01348114013672 38.88685607910156 
v -176.76254272460938 34.3172492980957 38.888797760009766 
v -176.5404815673828 34.01348114013672 38.88685607910156 
v -178.98593139648438 36.8964958190918 38.411888122558594 
v -178.8186798095703 36.42115020751953 38.92665100097656 
v -179.45310974121094 36.159568786621094 39.046043395996094 
v -179.26565551757812 36.100502014160156 39.04539489746094 
v -179.26565551757812 36.73898696899414 39.04960250854492 
v -179.5713348388672 36.516780853271484 39.04830551147461 
v -179.52520751953125 36.60960006713867 38.897857666015625 
v -179.16761779785156 36.72492218017578 38.89850616455078 
v -179.16761779785156 36.11737823486328 38.8942985534668 
v -179.36370849609375 36.11737823486328 38.8942985534668 
v -182.2100067138672 34.01066589355469 38.396034240722656 
v -181.88414001464844 34.390380859375 38.91759490966797 
v -181.48617553710938 33.746273040771484 39.0340690612793 
v -181.48617553710938 34.26380920410156 39.03730773925781 
v -181.97640991210938 34.103485107421875 39.03633499145508 
v -181.5726776123047 34.31162643432617 38.886531829833984 
v -181.41407775878906 33.81940460205078 38.883296966552734 
v -181.93026733398438 33.81940460205078 38.883296966552734 
v -178.98016357421875 31.141712188720703 38.387298583984375 
v -179.4704132080078 31.228906631469727 38.906593322753906 
v -178.95709228515625 31.70706558227539 39.031158447265625 
v -179.07244873046875 31.867389678955078 39.03245162963867 
v -179.56268310546875 31.70706558227539 39.031158447265625 
v -179.57998657226562 31.60862159729004 38.87941360473633 
v -179.16184997558594 31.912391662597656 38.88135528564453 
v -178.93978881835938 31.60862159729004 38.87941360473633 
v -179.16184997558594 31.30484962463379 38.877471923828125 
v -179.51943969726562 31.420169830322266 38.87844467163086 
vn 0.8672792315483093 0.49781718850135803 0.002184694167226553 
vn 0.8672792315483093 0.49781718850135803 0.002184694167226553 
vn 0.8672792315483093 0.49781718850135803 0.002184694167226553 
vn 0.8672792315483093 0.49781718850135803 0.002184694167226553 
vn -1.0340933296291988e-13 0.9999785423278809 0.006554040592163801 
vn -1.0340933296291988e-13 0.9999785423278809 0.006554040592163801 
vn -1.0340933296291988e-13 0.9999785423278809 0.006554040592163801 
vn -1.0340933296291988e-13 0.9999785423278809 0.006554040592163801 
vn -0.0019445375073701143 0.00851957593113184 -0.999961793422699 
vn -0.0019445375073701143 0.00851957593113184 -0.999961793422699 
vn -0.0019445375073701143 0.00851957593113184 -0.999961793422699 
vn -0.0019445375073701143 0.00851957593113184 -0.999961793422699 
vn -0.0019445375073701143 0.00851957593113184 -0.999961793422699 
vn 0.5429165959358215 -0.8397156000137329 -0.010923261754214764 
vn 0.6285240650177002 -0.7777625322341919 -0.006554040592163801 
vn 0.7777625322341919 -0.6285240650177002 -0.006554040592163801 
vn 0.8397476673126221 -0.5429373383522034 -0.006554040592163801 
vn 0.9323094487190247 -0.36165499687194824 -0.002184694167226553 
vn 0.9652689099311829 -0.2612491250038147 -0.002184694167226553 
vn 0.9986006617546082 -0.05283859372138977 -0.002184694167226553 
vn 0.9986006617546082 0.05283859372138977 0.002184694167226553 
vn 0.9652689099311829 0.2612491250038147 0.002184694167226553 
vn 0.9323094487190247 0.36165499687194824 0.002184694167226553 
vn 0.8397476673126221 0.5429373383522034 0.006554040592163801 
vn 0.7777625322341919 0.6285240650177002 0.006554040592163801 
vn 0.6285240650177002 0.7777625322341919 0.006554040592163801 
vn 0.5429165959358215 0.8397156000137329 0.010923261754214764 
vn -0.7777625322341919 -0.6285240650177002 -0.006554040592163801 
vn -0.8397476673126221 -0.5429373383522034 -0.006554040592163801 
vn -0.9323094487190247 -0.36165499687194824 -0.002184694167226553 
vn -0.9652689099311829 -0.2612491250038147 -0.002184694167226553 
vn -0.9986006617546082 -0.05283859372138977 -0.002184694167226553 
vn -0.9986006617546082 0.05283859372138977 0.002184694167226553 
vn -0.9652689099311829 0.2612491250038147 0.002184694167226553 
vn -0.9323094487190247 0.36165499687194824 0.002184694167226553 
vn -0.8397476673126221 0.5429373383522034 0.006554040592163801 
vn -0.7777625322341919 0.6285240650177002 0.006554040592163801 
vn -0.0019445375073701143 0.00851957593113184 -0.999961793422699 
vn -0.0019445375073701143 0.00851957593113184 -0.999961793422699 
vn -0.0019445375073701143 0.00851957593113184 -0.999961793422699 
vn -0.0019445375073701143 0.00851957593113184 -0.999961793422699 
vn -0.0019445375073701143 0.00851957593113184 -0.999961793422699 
vn -0.0019445375073701143 0.00851957593113184 -0.999961793422699 
vn -0.0019445375073701143 0.00851957593113184 -0.999961793422699 
vn -0.0019445375073701143 0.00851957593113184 -0.999961793422699 
vn -0.0019445375073701143 0.00851957593113184 -0.999961793422699 
vn -0.0019445375073701143 0.00851957593113184 -0.999961793422699 
vn -0.0019445375073701143 0.00851957593113184 -0.999961793422699 
vn -0.0019445375073701143 0.00851957593113184 -0.999961793422699 
vn -0.0019445375073701143 0.00851957593113184 -0.999961793422699 
vn 0.5484500527381897 0.31011760234832764 0.7765498161315918 
vn 0.5484500527381897 0.31011760234832764 0.7765498161315918 
vn 0.5484500527381897 0.31011760234832764 0.7765498161315918 
vn 0.5484500527381897 0.31011760234832764 0.7765498161315918 
vn 0.6285240650177002 -0.7777625322341919 -0.006554040592163801 
vn 0.5429165959358215 -0.8397156000137329 -0.010923261754214764 
vn 0.3616342842578888 -0.9322560429573059 -0.010923261754214764 
vn 0.2612341642379761 -0.9652136564254761 -0.010923261754214764 
vn 3.0977209187522947e-13 -0.9999403357505798 -0.010923261754214764 
vn 3.0977209187522947e-13 -0.9999403357505798 -0.010923261754214764 
vn -0.2612341642379761 -0.9652136564254761 -0.010923261754214764 
vn -0.3616342842578888 -0.9322560429573059 -0.010923261754214764 
vn -0.5429165959358215 -0.8397156000137329 -0.010923261754214764 
vn -0.6285240650177002 -0.7777625322341919 -0.006554040592163801 
vn 0.003771433839574456 0.6266454458236694 0.7792953848838806 
vn 0.003771433839574456 0.6266454458236694 0.7792953848838806 
vn 0.003771433839574456 0.6266454458236694 0.7792953848838806 
vn 0.003771433839574456 0.6266454458236694 0.7792953848838806 
vn 0.0013502120273187757 -0.0041555254720151424 0.9999904632568359 
vn 0.0013502120273187757 -0.0041555254720151424 0.9999904632568359 
vn 0.0013502120273187757 -0.0041555254720151424 0.9999904632568359 
vn 0.0013502120273187757 -0.0041555254720151424 0.9999904632568359 
vn 0.0013502120273187757 -0.0041555254720151424 0.9999904632568359 
vn 0.0013502120273187757 -0.0041555254720151424 0.9999904632568359 
vn 0.0013502120273187757 -0.0041555254720151424 0.9999904632568359 
vn 0.0013502120273187757 -0.0041555254720151424 0.9999904632568359 
vn 0.0013502120273187757 -0.0041555254720151424 0.9999904632568359 
vn 0.0013502120273187757 -0.0041555254720151424 0.9999904632568359 
vn 0.0013502120273187757 -0.0041555254720151424 0.9999904632568359 
vn 0.0013502120273187757 -0.0041555254720151424 0.9999904632568359 
vn 0.5429165959358215 0.8397156000137329 0.010923261754214764 
vn 0.6285240650177002 0.7777625322341919 0.006554040592163801 
vn 0.7777625322341919 0.6285240650177002 0.006554040592163801 
vn 0.8397476673126221 0.5429373383522034 0.006554040592163801 
vn 0.9323094487190247 0.36165499687194824 0.002184694167226553 
vn 0.9652689099311829 0.2612491250038147 0.002184694167226553 
vn 0.9986006617546082 0.05283859372138977 0.002184694167226553 
vn 0.9986006617546082 -0.05283859372138977 -0.002184694167226553 
vn 0.9652689099311829 -0.2612491250038147 -0.002184694167226553 
vn 0.9323094487190247 -0.36165499687194824 -0.002184694167226553 
vn 0.8397476673126221 -0.5429373383522034 -0.006554040592163801 
vn 0.7777625322341919 -0.6285240650177002 -0.006554040592163801 
vn 0.6285240650177002 -0.7777625322341919 -0.006554040592163801 
vn 0.5429165959358215 -0.8397156000137329 -0.010923261754214764 
vn -0.5465844869613647 0.3133939504623413 0.7765498161315918 
vn -0.5465844869613647 0.3133939504623413 0.7765498161315918 
vn -0.5465844869613647 0.3133939504623413 0.7765498161315918 
vn -0.5465844869613647 0.3133939504623413 0.7765498161315918 
vn 0.0015174545114859939 -0.008605912327766418 0.999961793422699 
vn 0.0015174545114859939 -0.008605912327766418 0.999961793422699 
vn 0.0015174545114859939 -0.008605912327766418 0.999961793422699 
vn 0.0015174545114859939 -0.008605912327766418 0.999961793422699 
vn 0.0015174545114859939 -0.008605912327766418 0.999961793422699 
vn -0.5505560636520386 -0.32003894448280334 0.7710143327713013 
vn -0.5505560636520386 -0.32003894448280334 0.7710143327713013 
vn -0.5505560636520386 -0.32003894448280334 0.7710143327713013 
vn -0.5505560636520386 -0.32003894448280334 0.7710143327713013 
vn 0.5486529469490051 -0.32329061627388 0.7710143327713013 
vn 0.5486529469490051 -0.32329061627388 0.7710143327713013 
vn 0.5486529469490051 -0.32329061627388 0.7710143327713013 
vn 0.5486529469490051 -0.32329061627388 0.7710143327713013 
vn 0.6285240650177002 -0.7777625322341919 -0.006554040592163801 
vn 0.5429165959358215 -0.8397156000137329 -0.010923261754214764 
vn 0.3616342842578888 -0.9322560429573059 -0.010923261754214764 
vn 0.2612341642379761 -0.9652136564254761 -0.010923261754214764 
vn 3.0977209187522947e-13 -0.9999403357505798 -0.010923261754214764 
vn 3.0977209187522947e-13 -0.9999403357505798 -0.010923261754214764 
vn -0.2612341642379761 -0.9652136564254761 -0.010923261754214764 
vn -0.3616342842578888 -0.9322560429573059 -0.010923261754214764 
vn -0.5429165959358215 -0.8397156000137329 -0.010923261754214764 
vn -0.6285240650177002 -0.7777625322341919 -0.006554040592163801 
vn -0.7777625322341919 -0.6285240650177002 -0.006554040592163801 
vn -0.8397476673126221 -0.5429373383522034 -0.006554040592163801 
vn -0.5505560636520386 -0.32003894448280334 0.7710143327713013 
vn -0.5505560636520386 -0.32003894448280334 0.7710143327713013 
vn -0.5505560636520386 -0.32003894448280334 0.7710143327713013 
vn -0.5505560636520386 -0.32003894448280334 0.7710143327713013 
vn -0.5465844869613647 0.3133939504623413 0.7765498161315918 
vn -0.5465844869613647 0.3133939504623413 0.7765498161315918 
vn -0.5465844869613647 0.3133939504623413 0.7765498161315918 
vn -0.5465844869613647 0.3133939504623413 0.7765498161315918 
vn 0.5484500527381897 0.31011760234832764 0.7765498161315918 
vn 0.5484500527381897 0.31011760234832764 0.7765498161315918 
vn 0.5484500527381897 0.31011760234832764 0.7765498161315918 
vn 0.5484500527381897 0.31011760234832764 0.7765498161315918 
vn 0.8672792315483093 -0.49781718850135803 -0.002184694167226553 
vn 0.8672792315483093 -0.49781718850135803 -0.002184694167226553 
vn 0.8672792315483093 -0.49781718850135803 -0.002184694167226553 
vn 0.8672792315483093 -0.49781718850135803 -0.002184694167226553 
vn -0.8672792315483093 -0.49781718850135803 -0.002184694167226553 
vn -0.8672792315483093 -0.49781718850135803 -0.002184694167226553 
vn -0.8672792315483093 -0.49781718850135803 -0.002184694167226553 
vn -0.8672792315483093 -0.49781718850135803 -0.002184694167226553 
vn 0.003771433839574456 0.6266454458236694 0.7792953848838806 
vn 0.003771433839574456 0.6266454458236694 0.7792953848838806 
vn 0.003771433839574456 0.6266454458236694 0.7792953848838806 
vn 0.003771433839574456 0.6266454458236694 0.7792953848838806 
vn 3.0978390967890956e-13 -0.9999785423278809 -0.006554040592163801 
vn 3.0978390967890956e-13 -0.9999785423278809 -0.006554040592163801 
vn 3.0978390967890956e-13 -0.9999785423278809 -0.006554040592163801 
vn 3.0978390967890956e-13 -0.9999785423278809 -0.006554040592163801 
vn 0.0013502120273187757 -0.0041555254720151424 0.9999904632568359 
vn 0.0013502120273187757 -0.0041555254720151424 0.9999904632568359 
vn 0.0013502120273187757 -0.0041555254720151424 0.9999904632568359 
vn 0.0013502120273187757 -0.0041555254720151424 0.9999904632568359 
vn 0.0013502120273187757 -0.0041555254720151424 0.9999904632568359 
vn 0.0013502120273187757 -0.0041555254720151424 0.9999904632568359 
vn 0.0013502120273187757 -0.0041555254720151424 0.9999904632568359 
vn 0.0013502120273187757 -0.0041555254720151424 0.9999904632568359 
vn 0.0013502120273187757 -0.0041555254720151424 0.9999904632568359 
vn 0.0013502120273187757 -0.0041555254720151424 0.9999904632568359 
vn 0.0013502120273187757 -0.0041555254720151424 0.9999904632568359 
vn 0.0013502120273187757 -0.0041555254720151424 0.9999904632568359 
vn 0.0013502120273187757 -0.0041555254720151424 0.9999904632568359 
vn 0.0013502120273187757 -0.0041555254720151424 0.9999904632568359 
vn 0.0013502120273187757 -0.0041555254720151424 0.9999904632568359 
vn 0.0013502120273187757 -0.0041555254720151424 0.9999904632568359 
vn 0.0013502120273187757 -0.0041555254720151424 0.9999904632568359 
vn 0.0013502120273187757 -0.0041555254720151424 0.9999904632568359 
vn 0.0013502120273187757 -0.0041555254720151424 0.9999904632568359 
vn 0.0013502120273187757 -0.0041555254720151424 0.9999904632568359 
vn 0.0013502120273187757 -0.0041555254720151424 0.9999904632568359 
vn 0.0013502120273187757 -0.0041555254720151424 0.9999904632568359 
vn 0.0013502120273187757 -0.0041555254720151424 0.9999904632568359 
vn 0.0013502120273187757 -0.0041555254720151424 0.9999904632568359 
vn 0.0013502120273187757 -0.0041555254720151424 0.9999904632568359 
vn 0.0013502120273187757 -0.0041555254720151424 0.9999904632568359 
vn 0.0013502120273187757 -0.0041555254720151424 0.9999904632568359 
vn -0.0019445375073701143 0.00851957593113184 -0.999961793422699 
vn -0.0019445375073701143 0.00851957593113184 -0.999961793422699 
vn -0.0019445375073701143 0.00851957593113184 -0.999961793422699 
vn -0.0019445375073701143 0.00851957593113184 -0.999961793422699 
vn -0.0019445375073701143 0.00851957593113184 -0.999961793422699 
vn -0.0019445375073701143 0.00851957593113184 -0.999961793422699 
vn -0.0019445375073701143 0.00851957593113184 -0.999961793422699 
vn -0.0019445375073701143 0.00851957593113184 -0.999961793422699 
vn -0.0019445375073701143 0.00851957593113184 -0.999961793422699 
vn -0.0019445375073701143 0.00851957593113184 -0.999961793422699 
vn -0.0019445375073701143 0.00851957593113184 -0.999961793422699 
vn -0.0019445375073701143 0.00851957593113184 -0.999961793422699 
vn -0.0019445375073701143 0.00851957593113184 -0.999961793422699 
vn -0.0019445375073701143 0.00851957593113184 -0.999961793422699 
vn -0.0019445375073701143 0.00851957593113184 -0.999961793422699 
vn -0.0019445375073701143 0.00851957593113184 -0.999961793422699 
vn -0.0019445375073701143 0.00851957593113184 -0.999961793422699 
vn -0.7777625322341919 0.6285240650177002 0.006554040592163801 
vn -0.5429165959358215 0.8397156000137329 0.010923261754214764 
vn -0.6285240650177002 0.7777625322341919 0.006554040592163801 
vn -0.3616342842578888 0.9322560429573059 0.010923261754214764 
vn -0.2612341642379761 0.9652136564254761 0.010923261754214764 
vn -1.0340538240125388e-13 0.9999403357505798 0.010923261754214764 
vn -1.0340538240125388e-13 0.9999403357505798 0.010923261754214764 
vn 0.2612341642379761 0.9652136564254761 0.010923261754214764 
vn 0.3616342842578888 0.9322560429573059 0.010923261754214764 
vn 0.5429165959358215 0.8397156000137329 0.010923261754214764 
vn -0.5429165959358215 -0.8397156000137329 -0.010923261754214764 
vn -0.6285240650177002 -0.7777625322341919 -0.006554040592163801 
vn -0.7777625322341919 -0.6285240650177002 -0.006554040592163801 
vn -0.8397476673126221 -0.5429373383522034 -0.006554040592163801 
vn -0.9323094487190247 -0.36165499687194824 -0.002184694167226553 
vn -0.9652689099311829 -0.2612491250038147 -0.002184694167226553 
vn -0.9986006617546082 -0.05283859372138977 -0.002184694167226553 
vn -0.9986006617546082 0.05283859372138977 0.002184694167226553 
vn -0.9652689099311829 0.2612491250038147 0.002184694167226553 
vn -0.9323094487190247 0.36165499687194824 0.002184694167226553 
vn -0.8397476673126221 0.5429373383522034 0.006554040592163801 
vn -0.7777625322341919 0.6285240650177002 0.006554040592163801 
vn -0.6285240650177002 0.7777625322341919 0.006554040592163801 
vn -0.5429165959358215 0.8397156000137329 0.010923261754214764 
vn 0.0013502120273187757 -0.0041555254720151424 0.9999904632568359 
vn 0.0013502120273187757 -0.0041555254720151424 0.9999904632568359 
vn 0.0013502120273187757 -0.0041555254720151424 0.9999904632568359 
vn -0.6285240650177002 0.7777625322341919 0.006554040592163801 
vn -0.5429165959358215 0.8397156000137329 0.010923261754214764 
vn -0.3616342842578888 0.9322560429573059 0.010923261754214764 
vn -0.2612341642379761 0.9652136564254761 0.010923261754214764 
vn -1.0340538240125388e-13 0.9999403357505798 0.010923261754214764 
vn -1.0340538240125388e-13 0.9999403357505798 0.010923261754214764 
vn 0.2612341642379761 0.9652136564254761 0.010923261754214764 
vn 0.3616342842578888 0.9322560429573059 0.010923261754214764 
vn 0.5429165959358215 0.8397156000137329 0.010923261754214764 
vn 0.6285240650177002 0.7777625322341919 0.006554040592163801 
vn 0.5486529469490051 -0.32329061627388 0.7710143327713013 
vn 0.5486529469490051 -0.32329061627388 0.7710143327713013 
vn 0.5486529469490051 -0.32329061627388 0.7710143327713013 
vn 0.5486529469490051 -0.32329061627388 0.7710143327713013 
vn 0.0037662452086806297 -0.6401695013046265 0.7682244777679443 
vn 0.0037662452086806297 -0.6401695013046265 0.7682244777679443 
vn 0.0037662452086806297 -0.6401695013046265 0.7682244777679443 
vn 0.0037662452086806297 -0.6401695013046265 0.7682244777679443 
vn -0.5505560636520386 -0.32003894448280334 0.7710143327713013 
vn -0.5505560636520386 -0.32003894448280334 0.7710143327713013 
vn -0.5505560636520386 -0.32003894448280334 0.7710143327713013 
vn -0.5505560636520386 -0.32003894448280334 0.7710143327713013 
vn 0.5484500527381897 0.31011760234832764 0.7765498161315918 
vn 0.5484500527381897 0.31011760234832764 0.7765498161315918 
vn 0.5484500527381897 0.31011760234832764 0.7765498161315918 
vn 0.5484500527381897 0.31011760234832764 0.7765498161315918 
vn 0.0015174545114859939 -0.008605912327766418 0.999961793422699 
vn 0.0015174545114859939 -0.008605912327766418 0.999961793422699 
vn 0.0015174545114859939 -0.008605912327766418 0.999961793422699 
vn 0.0015174545114859939 -0.008605912327766418 0.999961793422699 
vn 0.0015174545114859939 -0.008605912327766418 0.999961793422699 
vn -0.5465844869613647 0.3133939504623413 0.7765498161315918 
vn -0.5465844869613647 0.3133939504623413 0.7765498161315918 
vn -0.5465844869613647 0.3133939504623413 0.7765498161315918 
vn -0.5465844869613647 0.3133939504623413 0.7765498161315918 
vn 0.0037662452086806297 -0.6401695013046265 0.7682244777679443 
vn 0.0037662452086806297 -0.6401695013046265 0.7682244777679443 
vn 0.0037662452086806297 -0.6401695013046265 0.7682244777679443 
vn 0.0037662452086806297 -0.6401695013046265 0.7682244777679443 
vn 0.8672792315483093 0.49781718850135803 0.002184694167226553 
vn 0.8672792315483093 0.49781718850135803 0.002184694167226553 
vn 0.8672792315483093 0.49781718850135803 0.002184694167226553 
vn 0.8672792315483093 0.49781718850135803 0.002184694167226553 
vn -0.0019445375073701143 0.00851957593113184 -0.999961793422699 
vn -0.0019445375073701143 0.00851957593113184 -0.999961793422699 
vn -0.0019445375073701143 0.00851957593113184 -0.999961793422699 
vn -0.0019445375073701143 0.00851957593113184 -0.999961793422699 
vn -0.0019445375073701143 0.00851957593113184 -0.999961793422699 
vn 0.5429165959358215 0.8397156000137329 0.010923261754214764 
vn 0.6285240650177002 0.7777625322341919 0.006554040592163801 
vn 0.7777625322341919 0.6285240650177002 0.006554040592163801 
vn 0.8397476673126221 0.5429373383522034 0.006554040592163801 
vn 0.9323094487190247 0.36165499687194824 0.002184694167226553 
vn 0.9652689099311829 0.2612491250038147 0.002184694167226553 
vn 0.9986006617546082 0.05283859372138977 0.002184694167226553 
vn 0.9986006617546082 -0.05283859372138977 -0.002184694167226553 
vn 0.9652689099311829 -0.2612491250038147 -0.002184694167226553 
vn 0.9323094487190247 -0.36165499687194824 -0.002184694167226553 
vn 0.8397476673126221 -0.5429373383522034 -0.006554040592163801 
vn 0.7777625322341919 -0.6285240650177002 -0.006554040592163801 
vn 0.6285240650177002 -0.7777625322341919 -0.006554040592163801 
vn 0.5429165959358215 -0.8397156000137329 -0.010923261754214764 
vn -1.0340933296291988e-13 0.9999785423278809 0.006554040592163801 
vn -1.0340933296291988e-13 0.9999785423278809 0.006554040592163801 
vn -1.0340933296291988e-13 0.9999785423278809 0.006554040592163801 
vn -1.0340933296291988e-13 0.9999785423278809 0.006554040592163801 
vn -0.0019445375073701143 0.00851957593113184 -0.999961793422699 
vn -0.0019445375073701143 0.00851957593113184 -0.999961793422699 
vn -0.0019445375073701143 0.00851957593113184 -0.999961793422699 
vn -0.0019445375073701143 0.00851957593113184 -0.999961793422699 
vn -0.0019445375073701143 0.00851957593113184 -0.999961793422699 
vn -0.0019445375073701143 0.00851957593113184 -0.999961793422699 
vn -0.0019445375073701143 0.00851957593113184 -0.999961793422699 
vn -0.0019445375073701143 0.00851957593113184 -0.999961793422699 
vn -0.0019445375073701143 0.00851957593113184 -0.999961793422699 
vn -0.0019445375073701143 0.00851957593113184 -0.999961793422699 
vn -0.0019445375073701143 0.00851957593113184 -0.999961793422699 
vn -0.0019445375073701143 0.00851957593113184 -0.999961793422699 
vn -0.0019445375073701143 0.00851957593113184 -0.999961793422699 
vn 0.5429165959358215 -0.8397156000137329 -0.010923261754214764 
vn 0.6285240650177002 -0.7777625322341919 -0.006554040592163801 
vn 0.7777625322341919 -0.6285240650177002 -0.006554040592163801 
vn 0.8397476673126221 -0.5429373383522034 -0.006554040592163801 
vn 0.9323094487190247 -0.36165499687194824 -0.002184694167226553 
vn 0.9652689099311829 -0.2612491250038147 -0.002184694167226553 
vn 0.9986006617546082 -0.05283859372138977 -0.002184694167226553 
vn 0.9986006617546082 0.05283859372138977 0.002184694167226553 
vn 0.9652689099311829 0.2612491250038147 0.002184694167226553 
vn 0.9323094487190247 0.36165499687194824 0.002184694167226553 
vn 0.8397476673126221 0.5429373383522034 0.006554040592163801 
vn 0.7777625322341919 0.6285240650177002 0.006554040592163801 
vn 0.6285240650177002 0.7777625322341919 0.006554040592163801 
vn 0.5429165959358215 0.8397156000137329 0.010923261754214764 
vn 0.0013502120273187757 -0.0041555254720151424 0.9999904632568359 
vn 0.0013502120273187757 -0.0041555254720151424 0.9999904632568359 
vn -0.0019445375073701143 0.00851957593113184 -0.999961793422699 
vn -0.0019445375073701143 0.00851957593113184 -0.999961793422699 
vn 0.0037662452086806297 -0.6401695013046265 0.7682244777679443 
vn 0.0037662452086806297 -0.6401695013046265 0.7682244777679443 
vn 0.0037662452086806297 -0.6401695013046265 0.7682244777679443 
vn 0.0037662452086806297 -0.6401695013046265 0.7682244777679443 
vn -0.8672792315483093 0.49781718850135803 0.002184694167226553 
vn -0.8672792315483093 0.49781718850135803 0.002184694167226553 
vn -0.8672792315483093 0.49781718850135803 0.002184694167226553 
vn -0.8672792315483093 0.49781718850135803 0.002184694167226553 
vn 0.6285240650177002 -0.7777625322341919 -0.006554040592163801 
vn 0.5429165959358215 -0.8397156000137329 -0.010923261754214764 
vn 0.3616342842578888 -0.9322560429573059 -0.010923261754214764 
vn 0.2612341642379761 -0.9652136564254761 -0.010923261754214764 
vn 3.0977209187522947e-13 -0.9999403357505798 -0.010923261754214764 
vn 3.0977209187522947e-13 -0.9999403357505798 -0.010923261754214764 
vn -0.2612341642379761 -0.9652136564254761 -0.010923261754214764 
vn -0.3616342842578888 -0.9322560429573059 -0.010923261754214764 
vn -0.5429165959358215 -0.8397156000137329 -0.010923261754214764 
vn -0.6285240650177002 -0.7777625322341919 -0.006554040592163801 
vn 0.0015174545114859939 -0.008605912327766418 0.999961793422699 
vn 0.0015174545114859939 -0.008605912327766418 0.999961793422699 
vn 0.0015174545114859939 -0.008605912327766418 0.999961793422699 
vn 0.0015174545114859939 -0.008605912327766418 0.999961793422699 
vn 0.0015174545114859939 -0.008605912327766418 0.999961793422699 
vn 0.0013502120273187757 -0.0041555254720151424 0.9999904632568359 
vn 0.0013502120273187757 -0.0041555254720151424 0.9999904632568359 
vn 0.0013502120273187757 -0.0041555254720151424 0.9999904632568359 
vn -0.0019445375073701143 0.00851957593113184 -0.999961793422699 
vn -0.0019445375073701143 0.00851957593113184 -0.999961793422699 
vn -0.0019445375073701143 0.00851957593113184 -0.999961793422699 
vn -0.0019445375073701143 0.00851957593113184 -0.999961793422699 
vn -0.0019445375073701143 0.00851957593113184 -0.999961793422699 
vn -0.0019445375073701143 0.00851957593113184 -0.999961793422699 
vn -0.0019445375073701143 0.00851957593113184 -0.999961793422699 
vn -0.0019445375073701143 0.00851957593113184 -0.999961793422699 
vn -0.0019445375073701143 0.00851957593113184 -0.999961793422699 
vn -0.0019445375073701143 0.00851957593113184 -0.999961793422699 
vn -0.0019445375073701143 0.00851957593113184 -0.999961793422699 
vn -0.0019445375073701143 0.00851957593113184 -0.999961793422699 
vn -0.0019445375073701143 0.00851957593113184 -0.999961793422699 
vn -0.0019445375073701143 0.00851957593113184 -0.999961793422699 
vn -0.0019445375073701143 0.00851957593113184 -0.999961793422699 
vn -0.0019445375073701143 0.00851957593113184 -0.999961793422699 
vn -0.0019445375073701143 0.00851957593113184 -0.999961793422699 
vn 0.0013502120273187757 -0.0041555254720151424 0.9999904632568359 
vn 0.0013502120273187757 -0.0041555254720151424 0.9999904632568359 
vn 0.0013502120273187757 -0.0041555254720151424 0.9999904632568359 
vn 0.0013502120273187757 -0.0041555254720151424 0.9999904632568359 
vn 0.0013502120273187757 -0.0041555254720151424 0.9999904632568359 
vn 0.0013502120273187757 -0.0041555254720151424 0.9999904632568359 
vn 0.0013502120273187757 -0.0041555254720151424 0.9999904632568359 
vn 0.0013502120273187757 -0.0041555254720151424 0.9999904632568359 
vn 0.0013502120273187757 -0.0041555254720151424 0.9999904632568359 
vn 0.0013502120273187757 -0.0041555254720151424 0.9999904632568359 
vn 0.0013502120273187757 -0.0041555254720151424 0.9999904632568359 
vn 0.0013502120273187757 -0.0041555254720151424 0.9999904632568359 
vn 0.0013502120273187757 -0.0041555254720151424 0.9999904632568359 
vn 3.0978390967890956e-13 -0.9999785423278809 -0.006554040592163801 
vn 3.0978390967890956e-13 -0.9999785423278809 -0.006554040592163801 
vn 3.0978390967890956e-13 -0.9999785423278809 -0.006554040592163801 
vn 3.0978390967890956e-13 -0.9999785423278809 -0.006554040592163801 
vn -0.6285240650177002 0.7777625322341919 0.006554040592163801 
vn -0.8397476673126221 0.5429373383522034 0.006554040592163801 
vn -0.7777625322341919 0.6285240650177002 0.006554040592163801 
vn -0.9323094487190247 0.36165499687194824 0.002184694167226553 
vn -0.9652689099311829 0.2612491250038147 0.002184694167226553 
vn -0.9986006617546082 0.05283859372138977 0.002184694167226553 
vn -0.9986006617546082 -0.05283859372138977 -0.002184694167226553 
vn -0.9652689099311829 -0.2612491250038147 -0.002184694167226553 
vn -0.9323094487190247 -0.36165499687194824 -0.002184694167226553 
vn -0.8397476673126221 -0.5429373383522034 -0.006554040592163801 
vn -0.7777625322341919 -0.6285240650177002 -0.006554040592163801 
vn -0.6285240650177002 -0.7777625322341919 -0.006554040592163801 
vn 0.8672792315483093 -0.49781718850135803 -0.002184694167226553 
vn 0.8672792315483093 -0.49781718850135803 -0.002184694167226553 
vn 0.8672792315483093 -0.49781718850135803 -0.002184694167226553 
vn 0.8672792315483093 -0.49781718850135803 -0.002184694167226553 
vn -0.8672792315483093 0.49781718850135803 0.002184694167226553 
vn -0.8672792315483093 0.49781718850135803 0.002184694167226553 
vn -0.8672792315483093 0.49781718850135803 0.002184694167226553 
vn -0.8672792315483093 0.49781718850135803 0.002184694167226553 
vn -1.0340933296291988e-13 0.9999785423278809 0.006554040592163801 
vn -1.0340933296291988e-13 0.9999785423278809 0.006554040592163801 
vn -1.0340933296291988e-13 0.9999785423278809 0.006554040592163801 
vn -1.0340933296291988e-13 0.9999785423278809 0.006554040592163801 
vn 0.003771433839574456 0.6266454458236694 0.7792953848838806 
vn 0.003771433839574456 0.6266454458236694 0.7792953848838806 
vn 0.003771433839574456 0.6266454458236694 0.7792953848838806 
vn 0.003771433839574456 0.6266454458236694 0.7792953848838806 
vn 0.5486529469490051 -0.32329061627388 0.7710143327713013 
vn 0.5486529469490051 -0.32329061627388 0.7710143327713013 
vn 0.5486529469490051 -0.32329061627388 0.7710143327713013 
vn 0.5486529469490051 -0.32329061627388 0.7710143327713013 
vn -0.5465844869613647 0.3133939504623413 0.7765498161315918 
vn -0.5465844869613647 0.3133939504623413 0.7765498161315918 
vn -0.5465844869613647 0.3133939504623413 0.7765498161315918 
vn -0.5465844869613647 0.3133939504623413 0.7765498161315918 
vn 3.0978390967890956e-13 -0.9999785423278809 -0.006554040592163801 
vn 3.0978390967890956e-13 -0.9999785423278809 -0.006554040592163801 
vn 3.0978390967890956e-13 -0.9999785423278809 -0.006554040592163801 
vn 3.0978390967890956e-13 -0.9999785423278809 -0.006554040592163801 
vn 0.0013502120273187757 -0.0041555254720151424 0.9999904632568359 
vn 0.0013502120273187757 -0.0041555254720151424 0.9999904632568359 
vn 0.0013502120273187757 -0.0041555254720151424 0.9999904632568359 
vn 0.6285240650177002 0.7777625322341919 0.006554040592163801 
vn 0.5429165959358215 0.8397156000137329 0.010923261754214764 
vn 0.3616342842578888 0.9322560429573059 0.010923261754214764 
vn 0.2612341642379761 0.9652136564254761 0.010923261754214764 
vn -1.0340538240125388e-13 0.9999403357505798 0.010923261754214764 
vn -1.0340538240125388e-13 0.9999403357505798 0.010923261754214764 
vn -0.2612341642379761 0.9652136564254761 0.010923261754214764 
vn -0.3616342842578888 0.9322560429573059 0.010923261754214764 
vn -0.5429165959358215 0.8397156000137329 0.010923261754214764 
vn -0.6285240650177002 0.7777625322341919 0.006554040592163801 
vn 0.0013502120273187757 -0.0041555254720151424 0.9999904632568359 
vn 0.0013502120273187757 -0.0041555254720151424 0.9999904632568359 
vn 0.0013502120273187757 -0.0041555254720151424 0.9999904632568359 
vn -1.0340933296291988e-13 0.9999785423278809 0.006554040592163801 
vn -1.0340933296291988e-13 0.9999785423278809 0.006554040592163801 
vn -1.0340933296291988e-13 0.9999785423278809 0.006554040592163801 
vn -1.0340933296291988e-13 0.9999785423278809 0.006554040592163801 
vn -0.8672792315483093 0.49781718850135803 0.002184694167226553 
vn -0.8672792315483093 0.49781718850135803 0.002184694167226553 
vn -0.8672792315483093 0.49781718850135803 0.002184694167226553 
vn -0.8672792315483093 0.49781718850135803 0.002184694167226553 
vn 0.5484500527381897 0.31011760234832764 0.7765498161315918 
vn 0.5484500527381897 0.31011760234832764 0.7765498161315918 
vn 0.5484500527381897 0.31011760234832764 0.7765498161315918 
vn 0.5484500527381897 0.31011760234832764 0.7765498161315918 
vn -0.8672792315483093 -0.49781718850135803 -0.002184694167226553 
vn -0.8672792315483093 -0.49781718850135803 -0.002184694167226553 
vn -0.8672792315483093 -0.49781718850135803 -0.002184694167226553 
vn -0.8672792315483093 -0.49781718850135803 -0.002184694167226553 
vn 3.0978390967890956e-13 -0.9999785423278809 -0.006554040592163801 
vn 3.0978390967890956e-13 -0.9999785423278809 -0.006554040592163801 
vn 3.0978390967890956e-13 -0.9999785423278809 -0.006554040592163801 
vn 3.0978390967890956e-13 -0.9999785423278809 -0.006554040592163801 
vn -0.0019445375073701143 0.00851957593113184 -0.999961793422699 
vn -0.0019445375073701143 0.00851957593113184 -0.999961793422699 
vn -0.0019445375073701143 0.00851957593113184 -0.999961793422699 
vn -0.0019445375073701143 0.00851957593113184 -0.999961793422699 
vn -0.0019445375073701143 0.00851957593113184 -0.999961793422699 
vn -0.6285240650177002 -0.7777625322341919 -0.006554040592163801 
vn -0.5429165959358215 -0.8397156000137329 -0.010923261754214764 
vn -0.3616342842578888 -0.9322560429573059 -0.010923261754214764 
vn -0.2612341642379761 -0.9652136564254761 -0.010923261754214764 
vn 3.0977209187522947e-13 -0.9999403357505798 -0.010923261754214764 
vn 3.0977209187522947e-13 -0.9999403357505798 -0.010923261754214764 
vn 0.2612341642379761 -0.9652136564254761 -0.010923261754214764 
vn 0.3616342842578888 -0.9322560429573059 -0.010923261754214764 
vn 0.5429165959358215 -0.8397156000137329 -0.010923261754214764 
vn 0.6285240650177002 -0.7777625322341919 -0.006554040592163801 
vn 0.8672792315483093 0.49781718850135803 0.002184694167226553 
vn 0.8672792315483093 0.49781718850135803 0.002184694167226553 
vn 0.8672792315483093 0.49781718850135803 0.002184694167226553 
vn 0.8672792315483093 0.49781718850135803 0.002184694167226553 
vn 0.0015174545114859939 -0.008605912327766418 0.999961793422699 
vn 0.0015174545114859939 -0.008605912327766418 0.999961793422699 
vn 0.0015174545114859939 -0.008605912327766418 0.999961793422699 
vn 0.0015174545114859939 -0.008605912327766418 0.999961793422699 
vn 0.0015174545114859939 -0.008605912327766418 0.999961793422699 
vn -0.8672792315483093 -0.49781718850135803 -0.002184694167226553 
vn -0.8672792315483093 -0.49781718850135803 -0.002184694167226553 
vn -0.8672792315483093 -0.49781718850135803 -0.002184694167226553 
vn -0.8672792315483093 -0.49781718850135803 -0.002184694167226553 
vn 0.8672792315483093 -0.49781718850135803 -0.002184694167226553 
vn 0.8672792315483093 -0.49781718850135803 -0.002184694167226553 
vn 0.8672792315483093 -0.49781718850135803 -0.002184694167226553 
vn 0.8672792315483093 -0.49781718850135803 -0.002184694167226553 
vn -0.0019445375073701143 0.00851957593113184 -0.999961793422699 
vn -0.0019445375073701143 0.00851957593113184 -0.999961793422699 
vn -0.0019445375073701143 0.00851957593113184 -0.999961793422699 
vn -0.0019445375073701143 0.00851957593113184 -0.999961793422699 
vn -0.0019445375073701143 0.00851957593113184 -0.999961793422699 
vn -0.8672792315483093 -0.49781718850135803 -0.002184694167226553 
vn -0.8672792315483093 -0.49781718850135803 -0.002184694167226553 
vn -0.8672792315483093 -0.49781718850135803 -0.002184694167226553 
vn -0.8672792315483093 -0.49781718850135803 -0.002184694167226553 
vn 0.0037662452086806297 -0.6401695013046265 0.7682244777679443 
vn 0.0037662452086806297 -0.6401695013046265 0.7682244777679443 
vn 0.0037662452086806297 -0.6401695013046265 0.7682244777679443 
vn 0.0037662452086806297 -0.6401695013046265 0.7682244777679443 
vn -0.5505560636520386 -0.32003894448280334 0.7710143327713013 
vn -0.5505560636520386 -0.32003894448280334 0.7710143327713013 
vn -0.5505560636520386 -0.32003894448280334 0.7710143327713013 
vn -0.5505560636520386 -0.32003894448280334 0.7710143327713013 
vn 0.8672792315483093 -0.49781718850135803 -0.002184694167226553 
vn 0.8672792315483093 -0.49781718850135803 -0.002184694167226553 
vn 0.8672792315483093 -0.49781718850135803 -0.002184694167226553 
vn 0.8672792315483093 -0.49781718850135803 -0.002184694167226553 
vn -0.8672792315483093 0.49781718850135803 0.002184694167226553 
vn -0.8672792315483093 0.49781718850135803 0.002184694167226553 
vn -0.8672792315483093 0.49781718850135803 0.002184694167226553 
vn -0.8672792315483093 0.49781718850135803 0.002184694167226553 
vn 0.8672792315483093 0.49781718850135803 0.002184694167226553 
vn 0.8672792315483093 0.49781718850135803 0.002184694167226553 
vn 0.8672792315483093 0.49781718850135803 0.002184694167226553 
vn 0.8672792315483093 0.49781718850135803 0.002184694167226553 
vn -0.0019445375073701143 0.00851957593113184 -0.999961793422699 
vn -0.0019445375073701143 0.00851957593113184 -0.999961793422699 
vn -0.0019445375073701143 0.00851957593113184 -0.999961793422699 
vn -0.5429165959358215 -0.8397156000137329 -0.010923261754214764 
vn -0.6285240650177002 -0.7777625322341919 -0.006554040592163801 
vn -0.7777625322341919 -0.6285240650177002 -0.006554040592163801 
vn -0.8397476673126221 -0.5429373383522034 -0.006554040592163801 
vn -0.9323094487190247 -0.36165499687194824 -0.002184694167226553 
vn -0.9652689099311829 -0.2612491250038147 -0.002184694167226553 
vn -0.9986006617546082 -0.05283859372138977 -0.002184694167226553 
vn -0.9986006617546082 0.05283859372138977 0.002184694167226553 
vn -0.9652689099311829 0.2612491250038147 0.002184694167226553 
vn -0.9323094487190247 0.36165499687194824 0.002184694167226553 
vn -0.8397476673126221 0.5429373383522034 0.006554040592163801 
vn -0.7777625322341919 0.6285240650177002 0.006554040592163801 
vn -0.6285240650177002 0.7777625322341919 0.006554040592163801 
vn -0.5429165959358215 0.8397156000137329 0.010923261754214764 
vn 0.5486529469490051 -0.32329061627388 0.7710143327713013 
vn 0.5486529469490051 -0.32329061627388 0.7710143327713013 
vn 0.5486529469490051 -0.32329061627388 0.7710143327713013 
vn 0.5486529469490051 -0.32329061627388 0.7710143327713013 
vn 0.6285240650177002 0.7777625322341919 0.006554040592163801 
vn 0.5429165959358215 0.8397156000137329 0.010923261754214764 
vn 0.3616342842578888 0.9322560429573059 0.010923261754214764 
vn 0.2612341642379761 0.9652136564254761 0.010923261754214764 
vn -1.0340538240125388e-13 0.9999403357505798 0.010923261754214764 
vn -1.0340538240125388e-13 0.9999403357505798 0.010923261754214764 
vn -0.2612341642379761 0.9652136564254761 0.010923261754214764 
vn -0.3616342842578888 0.9322560429573059 0.010923261754214764 
vn -0.5429165959358215 0.8397156000137329 0.010923261754214764 
vn -0.6285240650177002 0.7777625322341919 0.006554040592163801 
vn -0.7777625322341919 0.6285240650177002 0.006554040592163801 
vn -0.8397476673126221 0.5429373383522034 0.006554040592163801 
vn 0.003771433839574456 0.6266454458236694 0.7792953848838806 
vn 0.003771433839574456 0.6266454458236694 0.7792953848838806 
vn 0.003771433839574456 0.6266454458236694 0.7792953848838806 
vn 0.003771433839574456 0.6266454458236694 0.7792953848838806 
vn -0.0019445375073701143 0.00851957593113184 -0.999961793422699 
vn 0.0015174545114859939 -0.008605912327766418 0.999961793422699 
vn 0.6285240650177002 0.7777625322341919 0.006554040592163801 
vn -0.5429165959358215 -0.8397156000137329 -0.010923261754214764 
vn 0.0013502120273187757 -0.0041555254720151424 0.9999904632568359 
vn 0.0013502120273187757 -0.0041555254720151424 0.9999904632568359 
vn 0.0013502120273187757 -0.0041555254720151424 0.9999904632568359 
vn 0.0013502120273187757 -0.0041555254720151424 0.9999904632568359 
vn -0.0019445375073701143 0.00851957593113184 -0.999961793422699 
vn -0.0019445375073701143 0.00851957593113184 -0.999961793422699 
vn -0.0019445375073701143 0.00851957593113184 -0.999961793422699 
vn -0.0019445375073701143 0.00851957593113184 -0.999961793422699 
vn 0.0015174545114859939 -0.008605912327766418 0.999961793422699 
vn 0.0013502120273187757 -0.0041555254720151424 0.9999904632568359 
vn 0.0013502120273187757 -0.0041555254720151424 0.9999904632568359 
vn 0.0013502120273187757 -0.0041555254720151424 0.9999904632568359 
vn 0.0013502120273187757 -0.0041555254720151424 0.9999904632568359 
vn -0.0019445375073701143 0.00851957593113184 -0.999961793422699 
vn -0.0019445375073701143 0.00851957593113184 -0.999961793422699 
vn -0.0019445375073701143 0.00851957593113184 -0.999961793422699 
vn -0.0019445375073701143 0.00851957593113184 -0.999961793422699 
vn -0.0019445375073701143 0.00851957593113184 -0.999961793422699 
vn 0.0015174545114859939 -0.008605912327766418 0.999961793422699 
vn 0.0013502120273187757 -0.0041555254720151424 0.9999904632568359 
vn 0.0013502120273187757 -0.0041555254720151424 0.9999904632568359 
vn 0.0013502120273187757 -0.0041555254720151424 0.9999904632568359 
vn -0.0019445375073701143 0.00851957593113184 -0.999961793422699 
vn -0.0019445375073701143 0.00851957593113184 -0.999961793422699 
vn -0.0019445375073701143 0.00851957593113184 -0.999961793422699 
vn -0.0019445375073701143 0.00851957593113184 -0.999961793422699 
vn 0.0015174545114859939 -0.008605912327766418 0.999961793422699 
vn 0.0013502120273187757 -0.0041555254720151424 0.9999904632568359 
vn 0.0013502120273187757 -0.0041555254720151424 0.9999904632568359 
vn 0.0013502120273187757 -0.0041555254720151424 0.9999904632568359 
vn -0.0019445375073701143 0.00851957593113184 -0.999961793422699 
vn -0.0019445375073701143 0.00851957593113184 -0.999961793422699 
vn -0.0019445375073701143 0.00851957593113184 -0.999961793422699 
vn -0.0019445375073701143 0.00851957593113184 -0.999961793422699 
vn -0.0019445375073701143 0.00851957593113184 -0.999961793422699 
vt 0.41647565364837646 0.4934082627296448 
vt 0.41647565364837646 0.5014302134513855 
vt 0.42494410276412964 0.4932920038700104 
vt 0.42506009340286255 0.5014302134513855 
vt 0.4932716488838196 0.3173906207084656 
vt 0.5012760758399963 0.3173906207084656 
vt 0.4932716488838196 0.3272727131843567 
vt 0.5012760758399963 0.3272727131843567 
vt 0.4111393988132477 0.46422699093818665 
vt 0.4062671363353729 0.4557400345802307 
vt 0.4209998846054077 0.46422699093818665 
vt 0.4209998846054077 0.447136789560318 
vt 0.42598816752433777 0.4557400345802307 
vt 0.12704069912433624 0.4243498146533966 
vt 0.12704069912433624 0.42155957221984863 
vt 0.1257646232843399 0.4243498146533966 
vt 0.1257646232843399 0.42155957221984863 
vt 0.12414054572582245 0.4243498146533966 
vt 0.12414054572582245 0.42155957221984863 
vt 0.12240045517683029 0.4243498146533966 
vt 0.12240045517683029 0.42155957221984863 
vt 0.12054435908794403 0.4243498146533966 
vt 0.12054435908794403 0.42167583107948303 
vt 0.11903627961874008 0.4243498146533966 
vt 0.11892027407884598 0.42167583107948303 
vt 0.11776021122932434 0.4243498146533966 
vt 0.11764420568943024 0.42167583107948303 
vt 0.3020937442779541 0.5694422721862793 
vt 0.3020937442779541 0.5667683482170105 
vt 0.30371782183647156 0.5694422721862793 
vt 0.30371782183647156 0.5667683482170105 
vt 0.3054579198360443 0.5694422721862793 
vt 0.3054579198360443 0.5667683482170105 
vt 0.30731400847435 0.5694422721862793 
vt 0.30719801783561707 0.5666520595550537 
vt 0.3089381158351898 0.5694422721862793 
vt 0.3088220953941345 0.5666520595550537 
vt 0.9549755454063416 0.8196338415145874 
vt 0.9565995931625366 0.8204476237297058 
vt 0.9532354474067688 0.8194013237953186 
vt 0.9586877226829529 0.8233541250228882 
vt 0.947667121887207 0.8233541250228882 
vt 0.9497552514076233 0.8298646807670593 
vt 0.947667121887207 0.826958179473877 
vt 0.948479175567627 0.8285858631134033 
vt 0.9565995931625366 0.8298646807670593 
vt 0.9586877226829529 0.826958179473877 
vt 0.957875669002533 0.8285858631134033 
vt 0.9532354474067688 0.8309110403060913 
vt 0.9549755454063416 0.8306785225868225 
vt 0.438052773475647 0.3242499530315399 
vt 0.43712472915649414 0.3258776068687439 
vt 0.44304102659225464 0.33285319805145264 
vt 0.44106894731521606 0.33285319805145264 
vt 0.030639708042144775 0.3822636902332306 
vt 0.03330784663558006 0.3822636902332306 
vt 0.030639708042144775 0.380636066198349 
vt 0.03330784663558006 0.380636066198349 
vt 0.030639708042144775 0.3788921535015106 
vt 0.03330784663558006 0.3788921535015106 
vt 0.030639708042144775 0.37714827060699463 
vt 0.03330784663558006 0.37714827060699463 
vt 0.030639708042144775 0.37552061676979065 
vt 0.03330784663558006 0.37552061676979065 
vt 0.42819225788116455 0.3242499530315399 
vt 0.42912033200263977 0.3258776068687439 
vt 0.438052773475647 0.3242499530315399 
vt 0.43712472915649414 0.3258776068687439 
vt 0.9548594951629639 0.4713188707828522 
vt 0.9561355710029602 0.4700399935245514 
vt 0.9532354474067688 0.47213268280029297 
vt 0.9497552514076233 0.47213268280029297 
vt 0.951495349407196 0.47236520051956177 
vt 0.9456950426101685 0.4666684567928314 
vt 0.9561355710029602 0.46318066120147705 
vt 0.9497552514076233 0.4610879719257355 
vt 0.9532354474067688 0.4610879719257355 
vt 0.951495349407196 0.4608554542064667 
vt 0.9468550682067871 0.46318066120147705 
vt 0.9481311440467834 0.46190181374549866 
vt 0.05790111795067787 0.5701398849487305 
vt 0.05790111795067787 0.572930097579956 
vt 0.059177182614803314 0.5701398849487305 
vt 0.05929318815469742 0.572930097579956 
vt 0.06080126762390137 0.5701398849487305 
vt 0.06080126762390137 0.572930097579956 
vt 0.06265736371278763 0.5701398849487305 
vt 0.06265736371278763 0.572930097579956 
vt 0.06439745426177979 0.5701398849487305 
vt 0.06439745426177979 0.572813868522644 
vt 0.06602153927087784 0.5701398849487305 
vt 0.06602153927087784 0.572813868522644 
vt 0.06729760766029358 0.5701398849487305 
vt 0.06729760766029358 0.572813868522644 
vt 0.42912033200263977 0.3258776068687439 
vt 0.42819225788116455 0.3242499530315399 
vt 0.42517611384391785 0.33285319805145264 
vt 0.4233200252056122 0.33285319805145264 
vt 0.2994256019592285 0.4556237459182739 
vt 0.295481413602829 0.46259936690330505 
vt 0.3074300289154053 0.4556237459182739 
vt 0.3074300289154053 0.4694586992263794 
vt 0.3113742172718048 0.46259936690330505 
vt 0.42517611384391785 0.33285319805145264 
vt 0.4233200252056122 0.33285319805145264 
vt 0.42912033200263977 0.339712530374527 
vt 0.42819225788116455 0.34134018421173096 
vt 0.44304102659225464 0.33285319805145264 
vt 0.44106894731521606 0.33285319805145264 
vt 0.438052773475647 0.34134018421173096 
vt 0.43712472915649414 0.339712530374527 
vt 0.9423308372497559 0.7745249271392822 
vt 0.9449989795684814 0.7745249271392822 
vt 0.9423308372497559 0.7728973031044006 
vt 0.9449989795684814 0.7728973031044006 
vt 0.9423308372497559 0.7711533904075623 
vt 0.9449989795684814 0.7711533904075623 
vt 0.9423308372497559 0.7692932486534119 
vt 0.9449989795684814 0.7692932486534119 
vt 0.9423308372497559 0.7677818536758423 
vt 0.9449989795684814 0.7677818536758423 
vt 0.9423308372497559 0.7665029764175415 
vt 0.9449989795684814 0.7665029764175415 
vt 0.952307403087616 0.37726452946662903 
vt 0.9533514380455017 0.37552061676979065 
vt 0.9474351406097412 0.3686612844467163 
vt 0.9492912292480469 0.3686612844467163 
vt 0.9474351406097412 0.3686612844467163 
vt 0.9492912292480469 0.3686612844467163 
vt 0.952307403087616 0.3600580394268036 
vt 0.9533514380455017 0.36180195212364197 
vt 0.9653000235557556 0.3686612844467163 
vt 0.967156171798706 0.3686612844467163 
vt 0.9612398147583008 0.36180195212364197 
vt 0.9621678590774536 0.3600580394268036 
vt 0.5394420027732849 0.9457759261131287 
vt 0.5394420027732849 0.9537978768348694 
vt 0.5479104518890381 0.9456596374511719 
vt 0.548026442527771 0.9537978768348694 
vt 0.15697024762630463 0.9556580185890198 
vt 0.15697024762630463 0.947519838809967 
vt 0.1655546873807907 0.9555417895317078 
vt 0.1654386818408966 0.947519838809967 
vt 0.952307403087616 0.3600580394268036 
vt 0.9533514380455017 0.36180195212364197 
vt 0.9621678590774536 0.3600580394268036 
vt 0.9612398147583008 0.36180195212364197 
vt 0.3174065351486206 0.45364734530448914 
vt 0.3255269527435303 0.45364734530448914 
vt 0.3174065351486206 0.443765252828598 
vt 0.3255269527435303 0.443765252828598 
vt 0.9446510076522827 0.8827630281448364 
vt 0.9462750554084778 0.8835768103599548 
vt 0.9433749318122864 0.8814841508865356 
vt 0.9423308372497559 0.8781126141548157 
vt 0.9425628781318665 0.879856526851654 
vt 0.9527714252471924 0.8814841508865356 
vt 0.9527714252471924 0.8747410774230957 
vt 0.9462750554084778 0.8725321292877197 
vt 0.9498712420463562 0.8725321292877197 
vt 0.9481311440467834 0.8722996115684509 
vt 0.9433749318122864 0.8747410774230957 
vt 0.9446510076522827 0.8734622001647949 
vt 0.9481311440467834 0.8839256167411804 
vt 0.9498712420463562 0.8835768103599548 
vt 0.1043035164475441 0.46329692006111145 
vt 0.10511556267738342 0.46492457389831543 
vt 0.10407150536775589 0.46155300736427307 
vt 0.10801570862531662 0.4670172333717346 
vt 0.11451204866170883 0.46492457389831543 
vt 0.11161189526319504 0.4670172333717346 
vt 0.11323598027229309 0.4662034213542938 
vt 0.11451204866170883 0.4580652117729187 
vt 0.10801570862531662 0.4559725522994995 
vt 0.10511556267738342 0.4580652117729187 
vt 0.10639162361621857 0.4567863643169403 
vt 0.11161189526319504 0.4559725522994995 
vt 0.11323598027229309 0.4567863643169403 
vt 0.016951000317931175 0.9514726400375366 
vt 0.017183011397719383 0.949728786945343 
vt 0.017183011397719383 0.9533328413963318 
vt 0.019387125968933105 0.9561230540275574 
vt 0.018111059442162514 0.9548441767692566 
vt 0.028203582391142845 0.949728786945343 
vt 0.026115473359823227 0.9561230540275574 
vt 0.022751299664378166 0.9572856426239014 
vt 0.024491390213370323 0.9570531249046326 
vt 0.022751299664378166 0.9456596374511719 
vt 0.019387125968933105 0.9468222856521606 
vt 0.020895203575491905 0.9460084438323975 
vt 0.026115473359823227 0.9468222856521606 
vt 0.024491390213370323 0.9460084438323975 
vt 0.02739153988659382 0.9548441767692566 
vt 0.028203582391142845 0.9533328413963318 
vt 0.028551600873470306 0.9514726400375366 
vt 0.38573408126831055 0.361336886882782 
vt 0.38573408126831055 0.3600580394268036 
vt 0.38851821422576904 0.3600580394268036 
vt 0.38851821422576904 0.3584303855895996 
vt 0.38573408126831055 0.3584303855895996 
vt 0.38851821422576904 0.3566865026950836 
vt 0.38573408126831055 0.3566865026950836 
vt 0.38851821422576904 0.35494258999824524 
vt 0.38573408126831055 0.35494258999824524 
vt 0.38851821422576904 0.35331496596336365 
vt 0.3345754146575928 0.20240947604179382 
vt 0.33445942401885986 0.19973550736904144 
vt 0.3358514904975891 0.20240947604179382 
vt 0.3357354998588562 0.19973550736904144 
vt 0.33747556805610657 0.20240947604179382 
vt 0.33735957741737366 0.19961923360824585 
vt 0.3392156660556793 0.20240947604179382 
vt 0.3392156660556793 0.19961923360824585 
vt 0.3409557640552521 0.20240947604179382 
vt 0.3409557640552521 0.19961923360824585 
vt 0.34257984161376953 0.20240947604179382 
vt 0.34257984161376953 0.19961923360824585 
vt 0.34385591745376587 0.20240947604179382 
vt 0.34385591745376587 0.19961923360824585 
vt 0.9535834193229675 0.8762524127960205 
vt 0.9538154602050781 0.8781126141548157 
vt 0.9535834193229675 0.879856526851654 
vt 0.2381744384765625 0.3259938657283783 
vt 0.2355063110589981 0.3259938657283783 
vt 0.2381744384765625 0.3243662118911743 
vt 0.2355063110589981 0.3243662118911743 
vt 0.2381744384765625 0.3225060701370239 
vt 0.2355063110589981 0.3225060701370239 
vt 0.2381744384765625 0.32076215744018555 
vt 0.2355063110589981 0.32076215744018555 
vt 0.2381744384765625 0.31913453340530396 
vt 0.2355063110589981 0.31913453340530396 
vt 0.4167076647281647 0.6743088364601135 
vt 0.4176357388496399 0.6759364604949951 
vt 0.4206518828868866 0.6674494743347168 
vt 0.42250797152519226 0.6674494743347168 
vt 0.4087032675743103 0.6743088364601135 
vt 0.40777522325515747 0.6759364604949951 
vt 0.4167076647281647 0.6743088364601135 
vt 0.4176357388496399 0.6759364604949951 
vt 0.40777522325515747 0.6759364604949951 
vt 0.4087032675743103 0.6743088364601135 
vt 0.4027869701385498 0.6674494743347168 
vt 0.40464305877685547 0.6674494743347168 
vt 0.4206518828868866 0.6674494743347168 
vt 0.42250797152519226 0.6674494743347168 
vt 0.4167076647281647 0.6605901122093201 
vt 0.4176357388496399 0.6588462591171265 
vt 0.4206518828868866 0.6674494743347168 
vt 0.4167076647281647 0.6605901122093201 
vt 0.4167076647281647 0.6743088364601135 
vt 0.40464305877685547 0.6674494743347168 
vt 0.4087032675743103 0.6743088364601135 
vt 0.4027869701385498 0.6674494743347168 
vt 0.40464305877685547 0.6674494743347168 
vt 0.40777522325515747 0.6588462591171265 
vt 0.4087032675743103 0.6605901122093201 
vt 0.42912033200263977 0.339712530374527 
vt 0.42819225788116455 0.34134018421173096 
vt 0.43712472915649414 0.339712530374527 
vt 0.438052773475647 0.34134018421173096 
vt 0.5394420027732849 0.9537978768348694 
vt 0.5394420027732849 0.9457759261131287 
vt 0.5308575630187988 0.9539141058921814 
vt 0.5308575630187988 0.9458921551704407 
vt 0.43503662943840027 0.6572185754776001 
vt 0.4448971450328827 0.6572185754776001 
vt 0.4301643669605255 0.6657055616378784 
vt 0.4448971450328827 0.6743088364601135 
vt 0.43503662943840027 0.6743088364601135 
vt 0.34304386377334595 0.2901857793331146 
vt 0.34304386377334595 0.2928597629070282 
vt 0.3443199396133423 0.2901857793331146 
vt 0.3443199396133423 0.2928597629070282 
vt 0.34594401717185974 0.2901857793331146 
vt 0.34594401717185974 0.2928597629070282 
vt 0.3476841151714325 0.2901857793331146 
vt 0.3478001058101654 0.2928597629070282 
vt 0.34954020380973816 0.2901857793331146 
vt 0.34954020380973816 0.2928597629070282 
vt 0.3511642813682556 0.2900695204734802 
vt 0.3511642813682556 0.2928597629070282 
vt 0.35244035720825195 0.2900695204734802 
vt 0.35244035720825195 0.2928597629070282 
vt 0.6315507888793945 0.2918134331703186 
vt 0.6396712064743042 0.2918134331703186 
vt 0.6315507888793945 0.3016955256462097 
vt 0.6396712064743042 0.3016955256462097 
vt 0.6395552158355713 0.06545519828796387 
vt 0.6408312916755676 0.06417634338140488 
vt 0.6387431621551514 0.06708283722400665 
vt 0.6441954374313354 0.06301373988389969 
vt 0.6496477127075195 0.06708283722400665 
vt 0.647559642791748 0.06417634338140488 
vt 0.6488356590270996 0.06545519828796387 
vt 0.6408312916755676 0.07347714155912399 
vt 0.647559642791748 0.07347714155912399 
vt 0.6441954374313354 0.07463973760604858 
vt 0.6459355354309082 0.07429096102714539 
vt 0.6496477127075195 0.07057064026594162 
vt 0.649995744228363 0.06882674247026443 
vt 0.4172877073287964 0.9484499096870422 
vt 0.4172877073287964 0.9456596374511719 
vt 0.41601163148880005 0.9484499096870422 
vt 0.41601163148880005 0.9457759261131287 
vt 0.4143875539302826 0.9484499096870422 
vt 0.4143875539302826 0.9457759261131287 
vt 0.41264745593070984 0.9484499096870422 
vt 0.41264745593070984 0.9457759261131287 
vt 0.4107913672924042 0.9484499096870422 
vt 0.4107913672924042 0.9457759261131287 
vt 0.40928328037261963 0.9484499096870422 
vt 0.4091672897338867 0.9457759261131287 
vt 0.4078912138938904 0.9485661387443542 
vt 0.4078912138938904 0.9457759261131287 
vt 0.9569476246833801 0.4684123694896698 
vt 0.9572956562042236 0.4666684567928314 
vt 0.948479175567627 0.8217265009880066 
vt 0.9497552514076233 0.8204476237297058 
vt 0.9533514380455017 0.37552061676979065 
vt 0.952307403087616 0.37726452946662903 
vt 0.9612398147583008 0.37552061676979065 
vt 0.9621678590774536 0.37726452946662903 
vt 0.1655546873807907 0.9555417895317078 
vt 0.1654386818408966 0.947519838809967 
vt 0.1741391271352768 0.955425500869751 
vt 0.1740231215953827 0.9474035501480103 
vt 0.23887047171592712 0.3395962715148926 
vt 0.24165461957454681 0.3395962715148926 
vt 0.23887047171592712 0.337968647480011 
vt 0.24165461957454681 0.337968647480011 
vt 0.23887047171592712 0.3362247347831726 
vt 0.24165461957454681 0.3362247347831726 
vt 0.23887047171592712 0.3343645930290222 
vt 0.24165461957454681 0.3343645930290222 
vt 0.23887047171592712 0.33285319805145264 
vt 0.24165461957454681 0.33285319805145264 
vt 0.9533514380455017 0.36180195212364197 
vt 0.9492912292480469 0.3686612844467163 
vt 0.9612398147583008 0.36180195212364197 
vt 0.9612398147583008 0.37552061676979065 
vt 0.9653000235557556 0.3686612844467163 
vt 0.11532408744096756 0.4596928656101227 
vt 0.11555609852075577 0.46155300736427307 
vt 0.11532408744096756 0.46329692006111145 
vt 0.08411847054958344 0.4577164351940155 
vt 0.08585856109857559 0.4574839174747467 
vt 0.08249439299106598 0.4585302472114563 
vt 0.08040627837181091 0.46143674850463867 
vt 0.08121832460165024 0.4598091244697571 
vt 0.09142684936523438 0.46143674850463867 
vt 0.08249439299106598 0.4679473340511322 
vt 0.08040627837181091 0.46504083275794983 
vt 0.08121832460165024 0.4666684567928314 
vt 0.0893387421965599 0.4679473340511322 
vt 0.09142684936523438 0.46504083275794983 
vt 0.09061481058597565 0.4666684567928314 
vt 0.08585856109857559 0.4689936637878418 
vt 0.08771465718746185 0.468761146068573 
vt 0.6383951306343079 0.06882674247026443 
vt 0.6387431621551514 0.07057064026594162 
vt 0.6395552158355713 0.0721982792019844 
vt 0.022403281182050705 0.43086037039756775 
vt 0.02321532368659973 0.43248802423477173 
vt 0.022055264562368393 0.42911648750305176 
vt 0.026115473359823227 0.4345807135105133 
vt 0.032495804131031036 0.43248802423477173 
vt 0.02959565445780754 0.4345807135105133 
vt 0.031219737604260445 0.4337668716907501 
vt 0.032495804131031036 0.4256286919116974 
vt 0.026115473359823227 0.4235360026359558 
vt 0.02321532368659973 0.4256286919116974 
vt 0.024491390213370323 0.4243498146533966 
vt 0.02959565445780754 0.4235360026359558 
vt 0.031219737604260445 0.4243498146533966 
vt 0.9439549446105957 0.8121931552886963 
vt 0.9520753622055054 0.8121931552886963 
vt 0.9439549446105957 0.8023110628128052 
vt 0.9520753622055054 0.8023110628128052 
vt 0.41902780532836914 0.1835753619670868 
vt 0.4177517294883728 0.1835753619670868 
vt 0.4177517294883728 0.18090137839317322 
vt 0.41612765192985535 0.18090137839317322 
vt 0.41612765192985535 0.1835753619670868 
vt 0.4142715632915497 0.18090137839317322 
vt 0.4143875539302826 0.1835753619670868 
vt 0.41253146529197693 0.18090137839317322 
vt 0.41253146529197693 0.1835753619670868 
vt 0.4109073877334595 0.18090137839317322 
vt 0.4109073877334595 0.1835753619670868 
vt 0.40963131189346313 0.18090137839317322 
vt 0.13133291900157928 0.4608554542064667 
vt 0.1314489245414734 0.4689936637878418 
vt 0.13991735875606537 0.4608554542064667 
vt 0.13991735875606537 0.4688774049282074 
vt 0.43700873851776123 0.004999999888241291 
vt 0.43700873851776123 0.013021940365433693 
vt 0.42842426896095276 0.005116260144859552 
vt 0.42842426896095276 0.013138200156390667 
vt 0.031799767166376114 0.3494783937931061 
vt 0.0237953532487154 0.3494783937931061 
vt 0.031799767166376114 0.3395962715148926 
vt 0.0237953532487154 0.3395962715148926 
vt 0.3074300289154053 0.4556237459182739 
vt 0.3083580732345581 0.45399612188339233 
vt 0.2994256019592285 0.4556237459182739 
vt 0.2984975576400757 0.45399612188339233 
vt 0.3074300289154053 0.4694586992263794 
vt 0.3083580732345581 0.4710863530635834 
vt 0.3113742172718048 0.46259936690330505 
vt 0.31323033571243286 0.46259936690330505 
vt 0.293509304523468 0.46259936690330505 
vt 0.295481413602829 0.46259936690330505 
vt 0.2984975576400757 0.45399612188339233 
vt 0.2994256019592285 0.4556237459182739 
vt 0.6503437757492065 0.4605066776275635 
vt 0.6583482027053833 0.4605066776275635 
vt 0.6503437757492065 0.45062458515167236 
vt 0.6583482027053833 0.45062458515167236 
vt 0.03330784663558006 0.427256315946579 
vt 0.033655863255262375 0.42911648750305176 
vt 0.03330784663558006 0.43086037039756775 
vt 0.8791075944900513 0.2593768835067749 
vt 0.8818917274475098 0.2593768835067749 
vt 0.8791075944900513 0.2610045075416565 
vt 0.8818917274475098 0.2610045075416565 
vt 0.8791075944900513 0.2627484202384949 
vt 0.8818917274475098 0.2627484202384949 
vt 0.8791075944900513 0.26460859179496765 
vt 0.8818917274475098 0.26460859179496765 
vt 0.8791075944900513 0.26623621582984924 
vt 0.8818917274475098 0.26623621582984924 
vt 0.9481311440467834 0.4713188707828522 
vt 0.9468550682067871 0.4700399935245514 
vt 0.946043074131012 0.4684123694896698 
vt 0.9520753622055054 0.03534385934472084 
vt 0.9439549446105957 0.03534385934472084 
vt 0.9520753622055054 0.02546175941824913 
vt 0.9439549446105957 0.02546175941824913 
vt 0.19966045022010803 0.5030578374862671 
vt 0.19966045022010803 0.49503588676452637 
vt 0.20824488997459412 0.5030578374862671 
vt 0.2081288844347 0.49503588676452637 
vt 0.3113742172718048 0.46259936690330505 
vt 0.31323033571243286 0.46259936690330505 
vt 0.3074300289154053 0.4556237459182739 
vt 0.3083580732345581 0.45399612188339233 
vt 0.42842426896095276 0.005116260144859552 
vt 0.42842426896095276 0.013138200156390667 
vt 0.4198398292064667 0.005116260144859552 
vt 0.419955849647522 0.013138200156390667 
vt 0.39431852102279663 0.4263262450695038 
vt 0.402322918176651 0.4263262450695038 
vt 0.39431852102279663 0.41644415259361267 
vt 0.402322918176651 0.41644415259361267 
vt 0.9506832957267761 0.05964219942688942 
vt 0.9456950426101685 0.051155220717191696 
vt 0.9605438113212585 0.05964219942688942 
vt 0.9605438113212585 0.042551979422569275 
vt 0.9654160737991333 0.051155220717191696 
vt 0.898944616317749 0.36528974771499634 
vt 0.8961604833602905 0.36528974771499634 
vt 0.898944616317749 0.36680111289024353 
vt 0.8961604833602905 0.36680111289024353 
vt 0.898944616317749 0.3686612844467163 
vt 0.8961604833602905 0.3686612844467163 
vt 0.898944616317749 0.3704051673412323 
vt 0.8961604833602905 0.3704051673412323 
vt 0.898944616317749 0.3720328211784363 
vt 0.8961604833602905 0.3720328211784363 
vt 0.20824488997459412 0.6567535400390625 
vt 0.2081288844347 0.6487316489219666 
vt 0.19966045022010803 0.6568698287010193 
vt 0.19966045022010803 0.6487316489219666 
vt 0.42912033200263977 0.339712530374527 
vt 0.43712472915649414 0.339712530374527 
vt 0.42517611384391785 0.33285319805145264 
vt 0.43712472915649414 0.3258776068687439 
vt 0.42912033200263977 0.3258776068687439 
vt 0.6538239121437073 0.2508898973464966 
vt 0.6538239121437073 0.2589118480682373 
vt 0.6452394723892212 0.251006156206131 
vt 0.6452394723892212 0.2590281069278717 
vt 0.433644562959671 0.5013139247894287 
vt 0.4335285425186157 0.4932920038700104 
vt 0.42506009340286255 0.5014302134513855 
vt 0.42494410276412964 0.4932920038700104 
vt 0.4413009583950043 0.30890363454818726 
vt 0.4364286959171295 0.3175068795681 
vt 0.4364286959171295 0.30041664838790894 
vt 0.42157992720603943 0.30890363454818726 
vt 0.4265681803226471 0.30041664838790894 
vt 0.19119201600551605 0.5031741261482239 
vt 0.19107601046562195 0.49515214562416077 
vt 0.19966045022010803 0.5030578374862671 
vt 0.19966045022010803 0.49503588676452637 
vt 0.3083580732345581 0.4710863530635834 
vt 0.3074300289154053 0.4694586992263794 
vt 0.2984975576400757 0.4710863530635834 
vt 0.2994256019592285 0.4694586992263794 
vt 0.2984975576400757 0.4710863530635834 
vt 0.2994256019592285 0.4694586992263794 
vt 0.293509304523468 0.46259936690330505 
vt 0.295481413602829 0.46259936690330505 
vt 0.2081288844347 0.6487316489219666 
vt 0.20824488997459412 0.6567535400390625 
vt 0.2167133390903473 0.6486153602600098 
vt 0.2167133390903473 0.6566373109817505 
vt 0.6622923612594604 0.2508898973464966 
vt 0.6624084115028381 0.2589118480682373 
vt 0.6538239121437073 0.2508898973464966 
vt 0.6538239121437073 0.2589118480682373 
vt 0.1314489245414734 0.4689936637878418 
vt 0.13133291900157928 0.4608554542064667 
vt 0.12286447733640671 0.4689936637878418 
vt 0.1227484717965126 0.4609717130661011 
vt 0.09061481058597565 0.4598091244697571 
vt 0.0893387421965599 0.4585302472114563 
vt 0.08771465718746185 0.4577164351940155 
vt 0.938966691493988 0.49608224630355835 
vt 0.9388507008552551 0.4932920038700104 
vt 0.9402427673339844 0.49608224630355835 
vt 0.9401267766952515 0.4932920038700104 
vt 0.9417508244514465 0.49608224630355835 
vt 0.9417508244514465 0.4932920038700104 
vt 0.9436069130897522 0.49608224630355835 
vt 0.9436069130897522 0.4932920038700104 
vt 0.945347011089325 0.49608224630355835 
vt 0.945347011089325 0.4932920038700104 
vt 0.9469711184501648 0.49608224630355835 
vt 0.9469711184501648 0.4932920038700104 
vt 0.9482471942901611 0.49596598744392395 
vt 0.9482471942901611 0.4932920038700104 
vt 0.967156171798706 0.3686612844467163 
vt 0.9653000235557556 0.3686612844467163 
vt 0.9621678590774536 0.37726452946662903 
vt 0.9612398147583008 0.37552061676979065 
vt 0.5820162296295166 0.3055320978164673 
vt 0.5848003625869751 0.3055320978164673 
vt 0.5820162296295166 0.30704349279403687 
vt 0.5848003625869751 0.30704349279403687 
vt 0.5820162296295166 0.30890363454818726 
vt 0.5848003625869751 0.30890363454818726 
vt 0.5820162296295166 0.31064754724502563 
vt 0.5848003625869751 0.31064754724502563 
vt 0.5820162296295166 0.3122751712799072 
vt 0.5848003625869751 0.3122751712799072 
vt 0.5821322202682495 0.313554048538208 
vt 0.5848003625869751 0.313554048538208 
vt 0.4167076647281647 0.6605901122093201 
vt 0.4176357388496399 0.6588462591171265 
vt 0.4087032675743103 0.6605901122093201 
vt 0.40777522325515747 0.6588462591171265 
vt 0.4111393988132477 0.447136789560318 
vt 0.2994256019592285 0.4694586992263794 
vt 0.38573408126831055 0.35331496596336365 
vt 0.40963131189346313 0.1836916208267212 
vt 0.10639162361621857 0.4662034213542938 
vt 0.10975579917430878 0.4672497510910034 
vt 0.10975579917430878 0.4557400345802307 
vt 0.1043035164475441 0.4596928656101227 
vt 0.09165886044502258 0.46318066120147705 
vt 0.08411847054958344 0.468761146068573 
vt 0.0801742672920227 0.46318066120147705 
vt 0.4265681803226471 0.3175068795681 
vt 0.44106894731521606 0.33285319805145264 
vt 0.024491390213370323 0.4337668716907501 
vt 0.027855563908815384 0.4348132312297821 
vt 0.027855563908815384 0.423303484916687 
vt 0.022403281182050705 0.427256315946579 
vt 0.6488356590270996 0.0721982792019844 
vt 0.6424553394317627 0.07429096102714539 
vt 0.6424553394317627 0.06336251646280289 
vt 0.6459355354309082 0.06336251646280289 
vt 0.44988539814949036 0.6657055616378784 
vt 0.4087032675743103 0.6605901122093201 
vt 0.951495349407196 0.8827630281448364 
vt 0.951495349407196 0.8734622001647949 
vt 0.9425628781318665 0.8762524127960205 
vt 0.020895203575491905 0.9570531249046326 
vt 0.018111059442162514 0.9481011033058167 
vt 0.02739153988659382 0.9481011033058167 
vt 0.9506832957267761 0.042551979422569275 
vt 0.9533514380455017 0.37552061676979065 
vt 0.9569476246833801 0.46480828523635864 
vt 0.9548594951629639 0.46190181374549866 
vt 0.946043074131012 0.46480828523635864 
vt 0.9590357542037964 0.8252143263816833 
vt 0.9513793587684631 0.8306785225868225 
vt 0.9474351406097412 0.8252143263816833 
vt 0.9513793587684631 0.8196338415145874 
vt 0.957875669002533 0.8217265009880066 
s on 
f 1/1/1 2/2/2 3/3/3 
f 2/2/2 4/4/4 3/3/3 
f 3/3/3 4/4/4 4/4/4 
f 4/4/4 5/5/5 4/4/4 
f 4/4/4 5/5/5 5/5/5 
f 5/5/5 6/6/6 5/5/5 
f 5/5/5 6/6/6 7/7/7 
f 6/6/6 8/8/8 7/7/7 
f 7/7/7 8/8/8 8/8/8 
f 8/8/8 9/9/9 8/8/8 
f 8/8/8 9/9/9 9/9/9 
f 9/9/9 10/10/10 9/9/9 
f 9/9/9 10/10/10 11/11/11 
f 10/10/10 12/12/12 11/11/11 
f 11/11/11 12/12/12 13/13/13 
f 12/12/12 13/13/13 13/13/13 
f 13/13/13 13/13/13 14/14/14 
f 13/13/13 14/14/14 14/14/14 
f 14/14/14 14/14/14 14/14/14 
f 14/14/14 15/15/15 14/14/14 
f 14/14/14 15/15/15 16/16/16 
f 15/15/15 17/17/17 16/16/16 
f 16/16/16 17/17/17 18/18/18 
f 17/17/17 19/19/19 18/18/18 
f 18/18/18 19/19/19 20/20/20 
f 19/19/19 21/21/21 20/20/20 
f 20/20/20 21/21/21 22/22/22 
f 21/21/21 23/23/23 22/22/22 
f 22/22/22 23/23/23 24/24/24 
f 23/23/23 25/25/25 24/24/24 
f 24/24/24 25/25/25 26/26/26 
f 25/25/25 27/27/27 26/26/26 
f 26/26/26 27/27/27 27/27/27 
f 27/27/27 28/28/28 27/27/27 
f 27/27/27 28/28/28 28/28/28 
f 28/28/28 29/29/29 28/28/28 
f 28/28/28 29/29/29 30/30/30 
f 29/29/29 31/31/31 30/30/30 
f 30/30/30 31/31/31 32/32/32 
f 31/31/31 33/33/33 32/32/32 
f 32/32/32 33/33/33 34/34/34 
f 33/33/33 35/35/35 34/34/34 
f 34/34/34 35/35/35 36/36/36 
f 35/35/35 37/37/37 36/36/36 
f 36/36/36 37/37/37 37/37/37 
f 37/37/37 38/38/38 37/37/37 
f 37/37/37 38/38/38 38/38/38 
f 38/38/38 39/39/39 38/38/38 
f 38/38/38 39/39/39 40/40/40 
f 39/39/39 41/41/41 40/40/40 
f 40/40/40 41/41/41 42/42/42 
f 41/41/41 43/43/43 42/42/42 
f 42/42/42 43/43/43 44/44/44 
f 43/43/43 45/45/45 44/44/44 
f 44/44/44 45/45/45 45/45/45 
f 45/45/45 43/43/43 45/45/45 
f 45/45/45 43/43/43 43/43/43 
f 43/43/43 41/41/41 43/43/43 
f 43/43/43 41/41/41 46/46/46 
f 41/41/41 47/47/47 46/46/46 
f 46/46/46 47/47/47 48/48/48 
f 47/47/47 48/48/48 48/48/48 
f 48/48/48 48/48/48 43/43/43 
f 48/48/48 43/43/43 43/43/43 
f 43/43/43 43/43/43 43/43/43 
f 43/43/43 46/46/46 43/43/43 
f 43/43/43 46/46/46 49/49/49 
f 46/46/46 50/50/50 49/49/49 
f 49/49/49 50/50/50 50/50/50 
f 50/50/50 51/51/51 50/50/50 
f 50/50/50 51/51/51 51/51/51 
f 51/51/51 52/52/52 51/51/51 
f 51/51/51 52/52/52 53/53/53 
f 52/52/52 54/54/54 53/53/53 
f 53/53/53 54/54/54 54/54/54 
f 54/54/54 55/55/55 54/54/54 
f 54/54/54 55/55/55 55/55/55 
f 55/55/55 56/56/56 55/55/55 
f 55/55/55 56/56/56 57/57/57 
f 56/56/56 58/58/58 57/57/57 
f 57/57/57 58/58/58 59/59/59 
f 58/58/58 60/60/60 59/59/59 
f 59/59/59 60/60/60 61/61/61 
f 60/60/60 62/62/62 61/61/61 
f 61/61/61 62/62/62 63/63/63 
f 62/62/62 64/64/64 63/63/63 
f 63/63/63 64/64/64 64/64/64 
f 64/64/64 65/65/65 64/64/64 
f 64/64/64 65/65/65 65/65/65 
f 65/65/65 66/66/66 65/65/65 
f 65/65/65 66/66/66 67/67/67 
f 66/66/66 68/68/68 67/67/67 
f 67/67/67 68/68/68 68/68/68 
f 68/68/68 69/69/69 68/68/68 
f 68/68/68 69/69/69 69/69/69 
f 69/69/69 70/70/70 69/69/69 
f 69/69/69 70/70/70 71/71/71 
f 70/70/70 72/72/72 71/71/71 
f 71/71/71 72/72/72 73/73/73 
f 72/72/72 73/73/73 73/73/73 
f 73/73/73 73/73/73 72/72/72 
f 73/73/73 72/72/72 72/72/72 
f 72/72/72 72/72/72 72/72/72 
f 72/72/72 70/70/70 72/72/72 
f 72/72/72 70/70/70 74/74/74 
f 70/70/70 75/75/75 74/74/74 
f 74/74/74 75/75/75 76/76/76 
f 75/75/75 77/77/77 76/76/76 
f 76/76/76 77/77/77 78/78/78 
f 77/77/77 78/78/78 78/78/78 
f 78/78/78 78/78/78 74/74/74 
f 78/78/78 74/74/74 74/74/74 
f 74/74/74 74/74/74 74/74/74 
f 74/74/74 76/76/76 74/74/74 
f 74/74/74 76/76/76 79/79/79 
f 76/76/76 80/80/80 79/79/79 
f 79/79/79 80/80/80 80/80/80 
f 80/80/80 81/81/81 80/80/80 
f 80/80/80 81/81/81 81/81/81 
f 81/81/81 82/82/82 81/81/81 
f 81/81/81 82/82/82 83/83/83 
f 82/82/82 84/84/84 83/83/83 
f 83/83/83 84/84/84 85/85/85 
f 84/84/84 86/86/86 85/85/85 
f 85/85/85 86/86/86 87/87/87 
f 86/86/86 88/88/88 87/87/87 
f 87/87/87 88/88/88 89/89/89 
f 88/88/88 90/90/90 89/89/89 
f 89/89/89 90/90/90 91/91/91 
f 90/90/90 92/92/92 91/91/91 
f 91/91/91 92/92/92 93/93/93 
f 92/92/92 94/94/94 93/93/93 
f 93/93/93 94/94/94 94/94/94 
f 94/94/94 95/95/95 94/94/94 
f 94/94/94 95/95/95 95/95/95 
f 95/95/95 96/96/96 95/95/95 
f 95/95/95 96/96/96 97/97/97 
f 96/96/96 98/98/98 97/97/97 
f 97/97/97 98/98/98 98/98/98 
f 98/98/98 99/99/99 98/98/98 
f 98/98/98 99/99/99 99/99/99 
f 99/99/99 100/100/100 99/99/99 
f 99/99/99 100/100/100 101/101/101 
f 100/100/100 102/102/102 101/101/101 
f 101/101/101 102/102/102 103/103/103 
f 102/102/102 103/103/103 103/103/103 
f 103/103/103 103/103/103 104/104/104 
f 103/103/103 104/104/104 104/104/104 
f 104/104/104 104/104/104 104/104/104 
f 104/104/104 105/105/105 104/104/104 
f 104/104/104 105/105/105 106/106/106 
f 105/105/105 107/107/107 106/106/106 
f 106/106/106 107/107/107 107/107/107 
f 107/107/107 108/108/108 107/107/107 
f 107/107/107 108/108/108 108/108/108 
f 108/108/108 109/109/109 108/108/108 
f 108/108/108 109/109/109 110/110/110 
f 109/109/109 111/111/111 110/110/110 
f 110/110/110 111/111/111 111/111/111 
f 111/111/111 112/112/112 111/111/111 
f 111/111/111 112/112/112 112/112/112 
f 112/112/112 113/113/113 112/112/112 
f 112/112/112 113/113/113 114/114/114 
f 113/113/113 115/115/115 114/114/114 
f 114/114/114 115/115/115 116/116/116 
f 115/115/115 117/117/117 116/116/116 
f 116/116/116 117/117/117 118/118/118 
f 117/117/117 119/119/119 118/118/118 
f 118/118/118 119/119/119 120/120/120 
f 119/119/119 121/121/121 120/120/120 
f 120/120/120 121/121/121 122/122/122 
f 121/121/121 123/123/123 122/122/122 
f 122/122/122 123/123/123 123/123/123 
f 123/123/123 124/124/124 123/123/123 
f 123/123/123 124/124/124 124/124/124 
f 124/124/124 125/125/125 124/124/124 
f 124/124/124 125/125/125 126/126/126 
f 125/125/125 127/127/127 126/126/126 
f 126/126/126 127/127/127 127/127/127 
f 127/127/127 128/128/128 127/127/127 
f 127/127/127 128/128/128 128/128/128 
f 128/128/128 129/129/129 128/128/128 
f 128/128/128 129/129/129 130/130/130 
f 129/129/129 131/131/131 130/130/130 
f 130/130/130 131/131/131 131/131/131 
f 131/131/131 132/132/132 131/131/131 
f 131/131/131 132/132/132 132/132/132 
f 132/132/132 133/133/133 132/132/132 
f 132/132/132 133/133/133 134/134/134 
f 133/133/133 135/135/135 134/134/134 
f 134/134/134 135/135/135 135/135/135 
f 135/135/135 136/136/136 135/135/135 
f 135/135/135 136/136/136 136/136/136 
f 136/136/136 137/137/137 136/136/136 
f 136/136/136 137/137/137 138/138/138 
f 137/137/137 139/139/139 138/138/138 
f 138/138/138 139/139/139 139/139/139 
f 139/139/139 140/140/140 139/139/139 
f 139/139/139 140/140/140 140/140/140 
f 140/140/140 141/141/141 140/140/140 
f 140/140/140 141/141/141 142/142/142 
f 141/141/141 143/143/143 142/142/142 
f 142/142/142 143/143/143 143/143/143 
f 143/143/143 144/144/144 143/143/143 
f 143/143/143 144/144/144 144/144/144 
f 144/144/144 145/145/145 144/144/144 
f 144/144/144 145/145/145 146/146/146 
f 145/145/145 147/147/147 146/146/146 
f 146/146/146 147/147/147 147/147/147 
f 147/147/147 148/148/148 147/147/147 
f 147/147/147 148/148/148 148/148/148 
f 148/148/148 149/149/149 148/148/148 
f 148/148/148 149/149/149 150/150/150 
f 149/149/149 151/151/151 150/150/150 
f 150/150/150 151/151/151 151/151/151 
f 151/151/151 152/152/152 151/151/151 
f 151/151/151 152/152/152 152/152/152 
f 152/152/152 153/153/153 152/152/152 
f 152/152/152 153/153/153 154/154/154 
f 153/153/153 155/155/155 154/154/154 
f 154/154/154 155/155/155 156/156/156 
f 155/155/155 156/156/156 156/156/156 
f 156/156/156 156/156/156 153/153/153 
f 156/156/156 153/153/153 153/153/153 
f 153/153/153 153/153/153 153/153/153 
f 153/153/153 157/157/157 153/153/153 
f 153/153/153 157/157/157 155/155/155 
f 157/157/157 158/158/158 155/155/155 
f 155/155/155 158/158/158 159/159/159 
f 158/158/158 160/160/160 159/159/159 
f 159/159/159 160/160/160 161/161/161 
f 160/160/160 161/161/161 161/161/161 
f 161/161/161 161/161/161 155/155/155 
f 161/161/161 155/155/155 155/155/155 
f 155/155/155 155/155/155 155/155/155 
f 155/155/155 159/159/159 155/155/155 
f 155/155/155 159/159/159 162/162/162 
f 159/159/159 163/163/163 162/162/162 
f 162/162/162 163/163/163 163/163/163 
f 163/163/163 164/164/164 163/163/163 
f 163/163/163 164/164/164 164/164/164 
f 164/164/164 165/165/165 164/164/164 
f 164/164/164 165/165/165 153/153/153 
f 165/165/165 157/157/157 153/153/153 
f 153/153/153 157/157/157 157/157/157 
f 157/157/157 166/166/166 157/157/157 
f 157/157/157 166/166/166 166/166/166 
f 166/166/166 167/167/167 166/166/166 
f 166/166/166 167/167/167 168/168/168 
f 167/167/167 169/169/169 168/168/168 
f 168/168/168 169/169/169 170/170/170 
f 169/169/169 171/171/171 170/170/170 
f 170/170/170 171/171/171 172/172/172 
f 171/171/171 172/172/172 172/172/172 
f 172/172/172 172/172/172 170/170/170 
f 172/172/172 170/170/170 170/170/170 
f 170/170/170 170/170/170 170/170/170 
f 170/170/170 173/173/173 170/170/170 
f 170/170/170 173/173/173 168/168/168 
f 173/173/173 174/174/174 168/168/168 
f 168/168/168 174/174/174 175/175/175 
f 174/174/174 176/176/176 175/175/175 
f 175/175/175 176/176/176 176/176/176 
f 176/176/176 174/174/174 176/176/176 
f 176/176/176 174/174/174 174/174/174 
f 174/174/174 173/173/173 174/174/174 
f 174/174/174 173/173/173 177/177/177 
f 173/173/173 178/178/178 177/177/177 
f 177/177/177 178/178/178 178/178/178 
f 178/178/178 179/179/179 178/178/178 
f 178/178/178 179/179/179 179/179/179 
f 179/179/179 180/180/180 179/179/179 
f 179/179/179 180/180/180 181/181/181 
f 180/180/180 182/182/182 181/181/181 
f 181/181/181 182/182/182 183/183/183 
f 182/182/182 183/183/183 183/183/183 
f 183/183/183 183/183/183 180/180/180 
f 183/183/183 180/180/180 180/180/180 
f 180/180/180 180/180/180 180/180/180 
f 180/180/180 184/184/184 180/180/180 
f 180/180/180 184/184/184 182/182/182 
f 184/184/184 185/185/185 182/182/182 
f 182/182/182 185/185/185 186/186/186 
f 185/185/185 187/187/187 186/186/186 
f 186/186/186 187/187/187 187/187/187 
f 187/187/187 184/184/184 187/187/187 
f 187/187/187 184/184/184 184/184/184 
f 184/184/184 180/180/180 184/184/184 
f 184/184/184 180/180/180 188/188/188 
f 180/180/180 189/189/189 188/188/188 
f 188/188/188 189/189/189 190/190/190 
f 189/189/189 190/190/190 190/190/190 
f 190/190/190 190/190/190 184/184/184 
f 190/190/190 184/184/184 184/184/184 
f 184/184/184 184/184/184 184/184/184 
f 184/184/184 188/188/188 184/184/184 
f 184/184/184 188/188/188 191/191/191 
f 188/188/188 192/192/192 191/191/191 
f 191/191/191 192/192/192 192/192/192 
f 192/192/192 193/193/193 192/192/192 
f 192/192/192 193/193/193 193/193/193 
f 193/193/193 185/185/185 193/193/193 
f 193/193/193 185/185/185 194/194/194 
f 185/185/185 184/184/184 194/194/194 
f 194/194/194 184/184/184 195/195/195 
f 184/184/184 195/195/195 195/195/195 
f 195/195/195 195/195/195 196/196/196 
f 195/195/195 196/196/196 196/196/196 
f 196/196/196 196/196/196 196/196/196 
f 196/196/196 197/197/197 196/196/196 
f 196/196/196 197/197/197 198/198/198 
f 197/197/197 199/199/199 198/198/198 
f 198/198/198 199/199/199 199/199/199 
f 199/199/199 197/197/197 199/199/199 
f 199/199/199 197/197/197 197/197/197 
f 197/197/197 200/200/200 197/197/197 
f 197/197/197 200/200/200 199/199/199 
f 200/200/200 201/201/201 199/199/199 
f 199/199/199 201/201/201 201/201/201 
f 201/201/201 200/200/200 201/201/201 
f 201/201/201 200/200/200 200/200/200 
f 200/200/200 202/202/202 200/200/200 
f 200/200/200 202/202/202 201/201/201 
f 202/202/202 203/203/203 201/201/201 
f 201/201/201 203/203/203 203/203/203 
f 203/203/203 202/202/202 203/203/203 
f 203/203/203 202/202/202 202/202/202 
f 202/202/202 204/204/204 202/202/202 
f 202/202/202 204/204/204 203/203/203 
f 204/204/204 205/205/205 203/203/203 
f 203/203/203 205/205/205 205/205/205 
f 205/205/205 206/206/206 205/205/205 
f 205/205/205 206/206/206 206/206/206 
f 206/206/206 207/207/207 206/206/206 
f 206/206/206 207/207/207 208/208/208 
f 207/207/207 209/209/209 208/208/208 
f 208/208/208 209/209/209 210/210/210 
f 209/209/209 211/211/211 210/210/210 
f 210/210/210 211/211/211 212/212/212 
f 211/211/211 213/213/213 212/212/212 
f 212/212/212 213/213/213 214/214/214 
f 213/213/213 215/215/215 214/214/214 
f 214/214/214 215/215/215 216/216/216 
f 215/215/215 217/217/217 216/216/216 
f 216/216/216 217/217/217 218/218/218 
f 217/217/217 219/219/219 218/218/218 
f 218/218/218 219/219/219 219/219/219 
f 219/219/219 220/220/220 219/219/219 
f 219/219/219 220/220/220 220/220/220 
f 220/220/220 158/158/158 220/220/220 
f 220/220/220 158/158/158 221/221/221 
f 158/158/158 157/157/157 221/221/221 
f 221/221/221 157/157/157 222/222/222 
f 157/157/157 222/222/222 222/222/222 
f 222/222/222 222/222/222 223/223/223 
f 222/222/222 223/223/223 223/223/223 
f 223/223/223 223/223/223 223/223/223 
f 223/223/223 224/224/224 223/223/223 
f 223/223/223 224/224/224 225/225/225 
f 224/224/224 226/226/226 225/225/225 
f 225/225/225 226/226/226 227/227/227 
f 226/226/226 228/228/228 227/227/227 
f 227/227/227 228/228/228 229/229/229 
f 228/228/228 230/230/230 229/229/229 
f 229/229/229 230/230/230 231/231/231 
f 230/230/230 232/232/232 231/231/231 
f 231/231/231 232/232/232 232/232/232 
f 232/232/232 233/233/233 232/232/232 
f 232/232/232 233/233/233 233/233/233 
f 233/233/233 234/234/234 233/233/233 
f 233/233/233 234/234/234 235/235/235 
f 234/234/234 236/236/236 235/235/235 
f 235/235/235 236/236/236 236/236/236 
f 236/236/236 237/237/237 236/236/236 
f 236/236/236 237/237/237 237/237/237 
f 237/237/237 238/238/238 237/237/237 
f 237/237/237 238/238/238 239/239/239 
f 238/238/238 240/240/240 239/239/239 
f 239/239/239 240/240/240 240/240/240 
f 240/240/240 241/241/241 240/240/240 
f 240/240/240 241/241/241 241/241/241 
f 241/241/241 242/242/242 241/241/241 
f 241/241/241 242/242/242 243/243/243 
f 242/242/242 244/244/244 243/243/243 
f 243/243/243 244/244/244 244/244/244 
f 244/244/244 245/245/245 244/244/244 
f 244/244/244 245/245/245 245/245/245 
f 245/245/245 246/246/246 245/245/245 
f 245/245/245 246/246/246 247/247/247 
f 246/246/246 248/248/248 247/247/247 
f 247/247/247 248/248/248 248/248/248 
f 248/248/248 249/249/249 248/248/248 
f 248/248/248 249/249/249 249/249/249 
f 249/249/249 250/250/250 249/249/249 
f 249/249/249 250/250/250 251/251/251 
f 250/250/250 252/252/252 251/251/251 
f 251/251/251 252/252/252 253/253/253 
f 252/252/252 253/253/253 253/253/253 
f 253/253/253 253/253/253 254/254/254 
f 253/253/253 254/254/254 254/254/254 
f 254/254/254 254/254/254 254/254/254 
f 254/254/254 255/255/255 254/254/254 
f 254/254/254 255/255/255 256/256/256 
f 255/255/255 257/257/257 256/256/256 
f 256/256/256 257/257/257 257/257/257 
f 257/257/257 258/258/258 257/257/257 
f 257/257/257 258/258/258 258/258/258 
f 258/258/258 259/259/259 258/258/258 
f 258/258/258 259/259/259 260/260/260 
f 259/259/259 261/261/261 260/260/260 
f 260/260/260 261/261/261 261/261/261 
f 261/261/261 262/262/262 261/261/261 
f 261/261/261 262/262/262 262/262/262 
f 262/262/262 263/263/263 262/262/262 
f 262/262/262 263/263/263 264/264/264 
f 263/263/263 265/265/265 264/264/264 
f 264/264/264 265/265/265 265/265/265 
f 265/265/265 266/266/266 265/265/265 
f 265/265/265 266/266/266 266/266/266 
f 266/266/266 267/267/267 266/266/266 
f 266/266/266 267/267/267 268/268/268 
f 267/267/267 269/269/269 268/268/268 
f 268/268/268 269/269/269 270/270/270 
f 269/269/269 270/270/270 270/270/270 
f 270/270/270 270/270/270 271/271/271 
f 270/270/270 271/271/271 271/271/271 
f 271/271/271 271/271/271 271/271/271 
f 271/271/271 272/272/272 271/271/271 
f 271/271/271 272/272/272 273/273/273 
f 272/272/272 274/274/274 273/273/273 
f 273/273/273 274/274/274 275/275/275 
f 274/274/274 276/276/276 275/275/275 
f 275/275/275 276/276/276 277/277/277 
f 276/276/276 278/278/278 277/277/277 
f 277/277/277 278/278/278 279/279/279 
f 278/278/278 280/280/280 279/279/279 
f 279/279/279 280/280/280 281/281/281 
f 280/280/280 282/282/282 281/281/281 
f 281/281/281 282/282/282 283/283/283 
f 282/282/282 284/284/284 283/283/283 
f 283/283/283 284/284/284 284/284/284 
f 284/284/284 285/285/285 284/284/284 
f 284/284/284 285/285/285 285/285/285 
f 285/285/285 286/286/286 285/285/285 
f 285/285/285 286/286/286 287/287/287 
f 286/286/286 288/288/288 287/287/287 
f 287/287/287 288/288/288 288/288/288 
f 288/288/288 289/289/289 288/288/288 
f 288/288/288 289/289/289 289/289/289 
f 289/289/289 290/290/290 289/289/289 
f 289/289/289 290/290/290 291/291/291 
f 290/290/290 292/292/292 291/291/291 
f 291/291/291 292/292/292 293/293/293 
f 292/292/292 294/294/294 293/293/293 
f 293/293/293 294/294/294 295/295/295 
f 294/294/294 295/295/295 295/295/295 
f 295/295/295 295/295/295 291/291/291 
f 295/295/295 291/291/291 291/291/291 
f 291/291/291 291/291/291 291/291/291 
f 291/291/291 293/293/293 291/291/291 
f 291/291/291 293/293/293 296/296/296 
f 293/293/293 297/297/297 296/296/296 
f 296/296/296 297/297/297 298/298/298 
f 297/297/297 299/299/299 298/298/298 
f 298/298/298 299/299/299 299/299/299 
f 299/299/299 297/297/297 299/299/299 
f 299/299/299 297/297/297 297/297/297 
f 297/297/297 293/293/293 297/297/297 
f 297/297/297 293/293/293 300/300/300 
f 293/293/293 301/301/301 300/300/300 
f 300/300/300 301/301/301 301/301/301 
f 301/301/301 302/302/302 301/301/301 
f 301/301/301 302/302/302 302/302/302 
f 302/302/302 303/303/303 302/302/302 
f 302/302/302 303/303/303 304/304/304 
f 303/303/303 305/305/305 304/304/304 
f 304/304/304 305/305/305 306/306/306 
f 305/305/305 307/307/307 306/306/306 
f 306/306/306 307/307/307 308/308/308 
f 307/307/307 309/309/309 308/308/308 
f 308/308/308 309/309/309 310/310/310 
f 309/309/309 311/311/311 310/310/310 
f 310/310/310 311/311/311 312/312/312 
f 311/311/311 313/313/313 312/312/312 
f 312/312/312 313/313/313 314/314/314 
f 313/313/313 315/315/315 314/314/314 
f 314/314/314 315/315/315 315/315/315 
f 315/315/315 316/316/316 315/315/315 
f 315/315/315 316/316/316 316/316/316 
f 316/316/316 317/317/317 316/316/316 
f 316/316/316 317/317/317 70/70/70 
f 317/317/317 75/75/75 70/70/70 
f 70/70/70 75/75/75 75/75/75 
f 75/75/75 318/318/318 75/75/75 
f 75/75/75 318/318/318 318/318/318 
f 318/318/318 319/319/319 318/318/318 
f 318/318/318 319/319/319 42/42/42 
f 319/319/319 40/40/40 42/42/42 
f 42/42/42 40/40/40 40/40/40 
f 40/40/40 320/320/320 40/40/40 
f 40/40/40 320/320/320 320/320/320 
f 320/320/320 321/321/321 320/320/320 
f 320/320/320 321/321/321 322/322/322 
f 321/321/321 323/323/323 322/322/322 
f 322/322/322 323/323/323 323/323/323 
f 323/323/323 324/324/324 323/323/323 
f 323/323/323 324/324/324 324/324/324 
f 324/324/324 325/325/325 324/324/324 
f 324/324/324 325/325/325 326/326/326 
f 325/325/325 327/327/327 326/326/326 
f 326/326/326 327/327/327 327/327/327 
f 327/327/327 328/328/328 327/327/327 
f 327/327/327 328/328/328 328/328/328 
f 328/328/328 329/329/329 328/328/328 
f 328/328/328 329/329/329 330/330/330 
f 329/329/329 331/331/331 330/330/330 
f 330/330/330 331/331/331 332/332/332 
f 331/331/331 333/333/333 332/332/332 
f 332/332/332 333/333/333 334/334/334 
f 333/333/333 335/335/335 334/334/334 
f 334/334/334 335/335/335 336/336/336 
f 335/335/335 337/337/337 336/336/336 
f 336/336/336 337/337/337 337/337/337 
f 337/337/337 338/338/338 337/337/337 
f 337/337/337 338/338/338 338/338/338 
f 338/338/338 339/339/339 338/338/338 
f 338/338/338 339/339/339 340/340/340 
f 339/339/339 341/341/341 340/340/340 
f 340/340/340 341/341/341 342/342/342 
f 341/341/341 342/342/342 342/342/342 
f 342/342/342 342/342/342 343/343/343 
f 342/342/342 343/343/343 343/343/343 
f 343/343/343 343/343/343 343/343/343 
f 343/343/343 173/173/173 343/343/343 
f 343/343/343 173/173/173 344/344/344 
f 173/173/173 170/170/170 344/344/344 
f 344/344/344 170/170/170 345/345/345 
f 170/170/170 345/345/345 345/345/345 
f 345/345/345 345/345/345 346/346/346 
f 345/345/345 346/346/346 346/346/346 
f 346/346/346 346/346/346 346/346/346 
f 346/346/346 347/347/347 346/346/346 
f 346/346/346 347/347/347 348/348/348 
f 347/347/347 349/349/349 348/348/348 
f 348/348/348 349/349/349 350/350/350 
f 349/349/349 350/350/350 350/350/350 
f 350/350/350 350/350/350 347/347/347 
f 350/350/350 347/347/347 347/347/347 
f 347/347/347 347/347/347 347/347/347 
f 347/347/347 351/351/351 347/347/347 
f 347/347/347 351/351/351 349/349/349 
f 351/351/351 352/352/352 349/349/349 
f 349/349/349 352/352/352 353/353/353 
f 352/352/352 354/354/354 353/353/353 
f 353/353/353 354/354/354 354/354/354 
f 354/354/354 352/352/352 354/354/354 
f 354/354/354 352/352/352 352/352/352 
f 352/352/352 351/351/351 352/352/352 
f 352/352/352 351/351/351 355/355/355 
f 351/351/351 356/356/356 355/355/355 
f 355/355/355 356/356/356 357/357/357 
f 356/356/356 357/357/357 357/357/357 
f 357/357/357 357/357/357 352/352/352 
f 357/357/357 352/352/352 352/352/352 
f 352/352/352 352/352/352 352/352/352 
f 352/352/352 355/355/355 352/352/352 
f 352/352/352 355/355/355 358/358/358 
f 355/355/355 359/359/359 358/358/358 
f 358/358/358 359/359/359 359/359/359 
f 359/359/359 360/360/360 359/359/359 
f 359/359/359 360/360/360 360/360/360 
f 360/360/360 291/291/291 360/360/360 
f 360/360/360 291/291/291 361/361/361 
f 291/291/291 296/296/296 361/361/361 
f 361/361/361 296/296/296 362/362/362 
f 296/296/296 362/362/362 362/362/362 
f 362/362/362 362/362/362 363/363/363 
f 362/362/362 363/363/363 363/363/363 
f 363/363/363 363/363/363 363/363/363 
f 363/363/363 364/364/364 363/363/363 
f 363/363/363 364/364/364 365/365/365 
f 364/364/364 366/366/366 365/365/365 
f 365/365/365 366/366/366 367/367/367 
f 366/366/366 368/368/368 367/367/367 
f 367/367/367 368/368/368 369/369/369 
f 368/368/368 369/369/369 369/369/369 
f 369/369/369 369/369/369 367/367/367 
f 369/369/369 367/367/367 367/367/367 
f 367/367/367 367/367/367 367/367/367 
f 367/367/367 370/370/370 367/367/367 
f 367/367/367 370/370/370 365/365/365 
f 370/370/370 371/371/371 365/365/365 
f 365/365/365 371/371/371 372/372/372 
f 371/371/371 373/373/373 372/372/372 
f 372/372/372 373/373/373 373/373/373 
f 373/373/373 371/371/371 373/373/373 
f 373/373/373 371/371/371 371/371/371 
f 371/371/371 370/370/370 371/371/371 
f 371/371/371 370/370/370 374/374/374 
f 370/370/370 375/375/375 374/374/374 
f 374/374/374 375/375/375 375/375/375 
f 375/375/375 376/376/376 375/375/375 
f 375/375/375 376/376/376 376/376/376 
f 376/376/376 377/377/377 376/376/376 
f 376/376/376 377/377/377 378/378/378 
f 377/377/377 379/379/379 378/378/378 
f 378/378/378 379/379/379 379/379/379 
f 379/379/379 380/380/380 379/379/379 
f 379/379/379 380/380/380 380/380/380 
f 380/380/380 381/381/381 380/380/380 
f 380/380/380 381/381/381 382/382/382 
f 381/381/381 383/383/383 382/382/382 
f 382/382/382 383/383/383 383/383/383 
f 383/383/383 381/381/381 383/383/383 
f 383/383/383 381/381/381 381/381/381 
f 381/381/381 384/384/384 381/381/381 
f 381/381/381 384/384/384 383/383/383 
f 384/384/384 385/385/385 383/383/383 
f 383/383/383 385/385/385 385/385/385 
f 385/385/385 384/384/384 385/385/385 
f 385/385/385 384/384/384 384/384/384 
f 384/384/384 386/386/386 384/384/384 
f 384/384/384 386/386/386 385/385/385 
f 386/386/386 387/387/387 385/385/385 
f 385/385/385 387/387/387 387/387/387 
f 387/387/387 386/386/386 387/387/387 
f 387/387/387 386/386/386 386/386/386 
f 386/386/386 388/388/388 386/386/386 
f 386/386/386 388/388/388 387/387/387 
f 388/388/388 389/389/389 387/387/387 
f 387/387/387 389/389/389 389/389/389 
f 389/389/389 388/388/388 389/389/389 
f 389/389/389 388/388/388 388/388/388 
f 388/388/388 390/390/390 388/388/388 
f 388/388/388 390/390/390 389/389/389 
f 390/390/390 391/391/391 389/389/389 
f 389/389/389 391/391/391 391/391/391 
f 391/391/391 392/392/392 391/391/391 
f 391/391/391 392/392/392 392/392/392 
f 392/392/392 393/393/393 392/392/392 
f 392/392/392 393/393/393 394/394/394 
f 393/393/393 395/395/395 394/394/394 
f 394/394/394 395/395/395 395/395/395 
f 395/395/395 396/396/396 395/395/395 
f 395/395/395 396/396/396 396/396/396 
f 396/396/396 397/397/397 396/396/396 
f 396/396/396 397/397/397 398/398/398 
f 397/397/397 399/399/399 398/398/398 
f 398/398/398 399/399/399 399/399/399 
f 399/399/399 400/400/400 399/399/399 
f 399/399/399 400/400/400 400/400/400 
f 400/400/400 401/401/401 400/400/400 
f 400/400/400 401/401/401 402/402/402 
f 401/401/401 403/403/403 402/402/402 
f 402/402/402 403/403/403 403/403/403 
f 403/403/403 404/404/404 403/403/403 
f 403/403/403 404/404/404 404/404/404 
f 404/404/404 405/405/405 404/404/404 
f 404/404/404 405/405/405 406/406/406 
f 405/405/405 407/407/407 406/406/406 
f 406/406/406 407/407/407 407/407/407 
f 407/407/407 408/408/408 407/407/407 
f 407/407/407 408/408/408 408/408/408 
f 408/408/408 409/409/409 408/408/408 
f 408/408/408 409/409/409 410/410/410 
f 409/409/409 411/411/411 410/410/410 
f 410/410/410 411/411/411 411/411/411 
f 411/411/411 412/412/412 411/411/411 
f 411/411/411 412/412/412 412/412/412 
f 412/412/412 413/413/413 412/412/412 
f 412/412/412 413/413/413 414/414/414 
f 413/413/413 415/415/415 414/414/414 
f 414/414/414 415/415/415 415/415/415 
f 415/415/415 416/416/416 415/415/415 
f 415/415/415 416/416/416 416/416/416 
f 416/416/416 417/417/417 416/416/416 
f 416/416/416 417/417/417 418/418/418 
f 417/417/417 419/419/419 418/418/418 
f 418/418/418 419/419/419 419/419/419 
f 419/419/419 420/420/420 419/419/419 
f 419/419/419 420/420/420 420/420/420 
f 420/420/420 370/370/370 420/420/420 
f 420/420/420 370/370/370 421/421/421 
f 370/370/370 367/367/367 421/421/421 
f 421/421/421 367/367/367 422/422/422 
f 367/367/367 422/422/422 422/422/422 
f 422/422/422 422/422/422 423/423/423 
f 422/422/422 423/423/423 423/423/423 
f 423/423/423 423/423/423 423/423/423 
f 423/423/423 424/424/424 423/423/423 
f 423/423/423 424/424/424 425/425/425 
f 424/424/424 426/426/426 425/425/425 
f 425/425/425 426/426/426 427/427/427 
f 426/426/426 428/428/428 427/427/427 
f 427/427/427 428/428/428 429/429/429 
f 428/428/428 430/430/430 429/429/429 
f 429/429/429 430/430/430 431/431/431 
f 430/430/430 432/432/432 431/431/431 
f 431/431/431 432/432/432 432/432/432 
f 432/432/432 433/433/433 432/432/432 
f 432/432/432 433/433/433 433/433/433 
f 433/433/433 72/72/72 433/433/433 
f 433/433/433 72/72/72 434/434/434 
f 72/72/72 74/74/74 434/434/434 
f 434/434/434 74/74/74 435/435/435 
f 74/74/74 435/435/435 435/435/435 
f 435/435/435 435/435/435 436/436/436 
f 435/435/435 436/436/436 436/436/436 
f 436/436/436 436/436/436 436/436/436 
f 436/436/436 437/437/437 436/436/436 
f 436/436/436 437/437/437 438/438/438 
f 437/437/437 439/439/439 438/438/438 
f 438/438/438 439/439/439 439/439/439 
f 439/439/439 440/440/440 439/439/439 
f 439/439/439 440/440/440 440/440/440 
f 440/440/440 441/441/441 440/440/440 
f 440/440/440 441/441/441 442/442/442 
f 441/441/441 443/443/443 442/442/442 
f 442/442/442 443/443/443 443/443/443 
f 443/443/443 444/444/444 443/443/443 
f 443/443/443 444/444/444 444/444/444 
f 444/444/444 445/445/445 444/444/444 
f 444/444/444 445/445/445 446/446/446 
f 445/445/445 447/447/447 446/446/446 
f 446/446/446 447/447/447 447/447/447 
f 447/447/447 448/448/448 447/447/447 
f 447/447/447 448/448/448 448/448/448 
f 448/448/448 449/449/449 448/448/448 
f 448/448/448 449/449/449 450/450/450 
f 449/449/449 451/451/451 450/450/450 
f 450/450/450 451/451/451 451/451/451 
f 451/451/451 452/452/452 451/451/451 
f 451/451/451 452/452/452 452/452/452 
f 452/452/452 453/453/453 452/452/452 
f 452/452/452 453/453/453 454/454/454 
f 453/453/453 455/455/455 454/454/454 
f 454/454/454 455/455/455 455/455/455 
f 455/455/455 456/456/456 455/455/455 
f 455/455/455 456/456/456 456/456/456 
f 456/456/456 457/457/457 456/456/456 
f 456/456/456 457/457/457 458/458/458 
f 457/457/457 459/459/459 458/458/458 
f 458/458/458 459/459/459 460/460/460 
f 459/459/459 460/460/460 460/460/460 
f 460/460/460 460/460/460 461/461/461 
f 460/460/460 461/461/461 461/461/461 
f 461/461/461 461/461/461 461/461/461 
f 461/461/461 462/462/462 461/461/461 
f 461/461/461 462/462/462 463/463/463 
f 462/462/462 464/464/464 463/463/463 
f 463/463/463 464/464/464 465/465/465 
f 464/464/464 466/466/466 465/465/465 
f 465/465/465 466/466/466 467/467/467 
f 466/466/466 468/468/468 467/467/467 
f 467/467/467 468/468/468 469/469/469 
f 468/468/468 470/470/470 469/469/469 
f 469/469/469 470/470/470 470/470/470 
f 470/470/470 471/471/471 470/470/470 
f 470/470/470 471/471/471 471/471/471 
f 471/471/471 472/472/472 471/471/471 
f 471/471/471 472/472/472 473/473/473 
f 472/472/472 474/474/474 473/473/473 
f 473/473/473 474/474/474 474/474/474 
f 474/474/474 475/475/475 474/474/474 
f 474/474/474 475/475/475 475/475/475 
f 475/475/475 476/476/476 475/475/475 
f 475/475/475 476/476/476 477/477/477 
f 476/476/476 478/478/478 477/477/477 
f 477/477/477 478/478/478 479/479/479 
f 478/478/478 479/479/479 479/479/479 
f 479/479/479 479/479/479 480/480/480 
f 479/479/479 480/480/480 480/480/480 
f 480/480/480 480/480/480 480/480/480 
f 480/480/480 481/481/481 480/480/480 
f 480/480/480 481/481/481 482/482/482 
f 481/481/481 483/483/483 482/482/482 
f 482/482/482 483/483/483 483/483/483 
f 483/483/483 484/484/484 483/483/483 
f 483/483/483 484/484/484 484/484/484 
f 484/484/484 485/485/485 484/484/484 
f 484/484/484 485/485/485 486/486/486 
f 485/485/485 487/487/487 486/486/486 
f 486/486/486 487/487/487 487/487/487 
f 487/487/487 488/488/488 487/487/487 
f 487/487/487 488/488/488 488/488/488 
f 488/488/488 489/489/489 488/488/488 
f 488/488/488 489/489/489 490/490/490 
f 489/489/489 491/491/491 490/490/490 
f 490/490/490 491/491/491 492/492/492 
f 491/491/491 492/492/492 492/492/492 
f 492/492/492 492/492/492 493/493/493 
f 492/492/492 493/493/493 493/493/493 
f 493/493/493 493/493/493 493/493/493 
f 493/493/493 494/494/494 493/493/493 
f 493/493/493 494/494/494 495/495/495 
f 494/494/494 496/496/496 495/495/495 
f 495/495/495 496/496/496 496/496/496 
f 496/496/496 497/497/497 496/496/496 
f 496/496/496 497/497/497 497/497/497 
f 497/497/497 498/498/498 497/497/497 
f 497/497/497 498/498/498 499/499/499 
f 498/498/498 500/500/500 499/499/499 
f 499/499/499 500/500/500 500/500/500 
f 500/500/500 501/501/501 500/500/500 
f 500/500/500 501/501/501 501/501/501 
f 501/501/501 502/502/502 501/501/501 
f 501/501/501 502/502/502 503/503/503 
f 502/502/502 504/504/504 503/503/503 
f 503/503/503 504/504/504 504/504/504 
f 504/504/504 505/505/505 504/504/504 
f 504/504/504 505/505/505 505/505/505 
f 505/505/505 506/506/506 505/505/505 
f 505/505/505 506/506/506 507/507/507 
f 506/506/506 508/508/508 507/507/507 
f 507/507/507 508/508/508 508/508/508 
f 508/508/508 509/509/509 508/508/508 
f 508/508/508 509/509/509 509/509/509 
f 509/509/509 510/510/510 509/509/509 
f 509/509/509 510/510/510 511/511/511 
f 510/510/510 512/512/512 511/511/511 
f 511/511/511 512/512/512 512/512/512 
f 512/512/512 513/513/513 512/512/512 
f 512/512/512 513/513/513 513/513/513 
f 513/513/513 514/514/514 513/513/513 
f 513/513/513 514/514/514 515/515/515 
f 514/514/514 516/516/516 515/515/515 
f 515/515/515 516/516/516 516/516/516 
f 516/516/516 517/517/517 516/516/516 
f 516/516/516 517/517/517 517/517/517 
f 517/517/517 351/351/351 517/517/517 
f 517/517/517 351/351/351 518/518/518 
f 351/351/351 347/347/347 518/518/518 
f 518/518/518 347/347/347 519/519/519 
f 347/347/347 519/519/519 519/519/519 
f 519/519/519 519/519/519 520/520/520 
f 519/519/519 520/520/520 520/520/520 
f 520/520/520 520/520/520 520/520/520 
f 520/520/520 521/521/521 520/520/520 
f 520/520/520 521/521/521 522/522/522 
f 521/521/521 523/523/523 522/522/522 
f 522/522/522 523/523/523 524/524/524 
f 523/523/523 525/525/525 524/524/524 
f 524/524/524 525/525/525 526/526/526 
f 525/525/525 527/527/527 526/526/526 
f 526/526/526 527/527/527 528/528/528 
f 527/527/527 529/529/529 528/528/528 
f 528/528/528 529/529/529 530/530/530 
f 529/529/529 531/531/531 530/530/530 
f 530/530/530 531/531/531 532/532/532 
f 531/531/531 533/533/533 532/532/532 
f 532/532/532 533/533/533 533/533/533 
f 533/533/533 534/534/534 533/533/533 
f 533/533/533 534/534/534 534/534/534 
f 534/534/534 535/535/535 534/534/534 
f 534/534/534 535/535/535 536/536/536 
f 535/535/535 537/537/537 536/536/536 
f 536/536/536 537/537/537 537/537/537 
f 537/537/537 538/538/538 537/537/537 
f 537/537/537 538/538/538 538/538/538 
f 538/538/538 539/539/539 538/538/538 
f 538/538/538 539/539/539 540/540/540 
f 539/539/539 541/541/541 540/540/540 
f 540/540/540 541/541/541 542/542/542 
f 541/541/541 543/543/543 542/542/542 
f 542/542/542 543/543/543 544/544/544 
f 543/543/543 545/545/545 544/544/544 
f 544/544/544 545/545/545 546/546/546 
f 545/545/545 547/547/547 546/546/546 
f 546/546/546 547/547/547 548/548/548 
f 547/547/547 549/549/549 548/548/548 
f 548/548/548 549/549/549 549/549/549 
f 549/549/549 550/550/550 549/549/549 
f 549/549/549 550/550/550 550/550/550 
f 550/550/550 551/551/551 550/550/550 
f 550/550/550 551/551/551 552/552/552 
f 551/551/551 553/553/553 552/552/552 
f 12/12/12 10/10/10 554/554/554 
f 555/555/555 102/102/102 100/100/100 
f 556/556/556 205/205/205 204/204/204 
f 557/557/557 391/391/391 390/390/390 
f 558/558/558 169/169/169 167/167/167 
f 559/559/559 171/171/171 169/169/169 
f 560/560/560 174/174/174 177/177/177 
f 561/561/561 168/168/168 175/175/175 
f 356/356/356 351/351/351 562/562/562 
f 563/563/563 352/352/352 358/358/358 
f 564/564/564 349/349/349 353/353/353 
f 565/565/565 491/491/491 489/489/489 
f 478/478/478 476/476/476 566/566/566 
f 567/567/567 366/366/366 364/364/364 
f 568/568/568 368/368/368 366/366/366 
f 569/569/569 371/371/371 374/374/374 
f 570/570/570 365/365/365 372/372/372 
f 571/571/571 297/297/297 300/300/300 
f 572/572/572 296/296/296 298/298/298 
f 573/573/573 292/292/292 290/290/290 
f 574/574/574 294/294/294 292/292/292 
f 575/575/575 269/269/269 267/267/267 
f 576/576/576 252/252/252 250/250/250 
f 577/577/577 157/157/157 165/165/165 
f 578/578/578 160/160/160 158/158/158 
f 579/579/579 155/155/155 162/162/162 
f 580/580/580 182/182/182 186/186/186 
f 581/581/581 189/189/189 180/180/180 
f 582/582/582 184/184/184 191/191/191 
f 459/459/459 457/457/457 583/583/583 
f 584/584/584 341/341/341 339/339/339 
f 585/585/585 75/75/75 317/317/317 
f 586/586/586 77/77/77 75/75/75 
f 587/587/587 74/74/74 79/79/79 
f 47/47/47 41/41/41 588/588/588 
f 589/589/589 43/43/43 49/49/49 
f 590/590/590 42/42/42 44/44/44 
f 591/591/591 40/40/40 319/319/319 
f 592/592/592 41/41/41 39/39/39 

