mtllib model_7.mtl
o model_7
v -0.39454010128974915 -0.03764000162482262 0.1584353744983673 
v -0.37427496910095215 -0.03764000162482262 0.13972264528274536 
v -0.37145039439201355 -0.03764000162482262 0.1944228708744049 
v -0.3545926511287689 -0.03764000162482262 0.12075730413198471 
v -0.2139023095369339 -0.03764000162482262 0.10832101106643677 
v -0.20717714726924896 -0.03764000162482262 0.04619786888360977 
v -0.18700167536735535 -0.03764000162482262 0.08422570675611496 
v -0.18771901726722717 -0.03764000162482262 0.026843896135687828 
v -0.1888398826122284 -0.03764000162482262 -0.02882792428135872 
v -0.1677228808403015 -0.03764000162482262 0.008578097447752953 
v -0.33553802967071533 -0.03764000162482262 0.04619786888360977 
v -0.31684207916259766 -0.03764000162482262 -0.02760372869670391 
v -0.31693175435066223 -0.03764000162482262 -0.027798045426607132 
v -0.3170214295387268 -0.03764000162482262 -0.027972931042313576 
v -0.3171111047267914 -0.03764000162482262 -0.028128383681178093 
v -0.31724560260772705 -0.03764000162482262 -0.02828383818268776 
v -0.3173801004886627 -0.03764000162482262 -0.028400428593158722 
v -0.3174697756767273 -0.03764000162482262 -0.028458721935749054 
v -0.31755945086479187 -0.03764000162482262 -0.028497586026787758 
v -0.31760427355766296 -0.03764000162482262 -0.028517017140984535 
v -0.31769394874572754 -0.03764000162482262 -0.02855588123202324 
v -0.31773877143859863 -0.03764000162482262 -0.02855588123202324 
v -0.3178284466266632 -0.03764000162482262 -0.028575312346220016 
v -0.3193976581096649 -0.03764000162482262 -0.028575312346220016 
v -0.3287232220172882 -0.03764000162482262 -0.028575312346220016 
v -0.34109750390052795 -0.03764000162482262 -0.028575312346220016 
v -0.36580124497413635 -0.03764000162482262 -0.028575312346220016 
v -0.39050501585006714 -0.03764000162482262 -0.028575312346220016 
v -0.07630553841590881 -0.03764000162482262 -0.18548628687858582 
v -0.4028344750404358 -0.03764000162482262 -0.028575312346220016 
v -0.36580124497413635 -0.03764000162482262 -0.18511708080768585 
v 0.8135228157043457 0.03763988986611366 0.08296264708042145 
v 0.8322187662124634 0.03763988986611366 0.08296264708042145 
v 0.8135228157043457 0.03763988986611366 0.06613479554653168 
v 0.8322187662124634 0.03763988986611366 0.0746070146560669 
v 0.8135228157043457 0.03763988986611366 0.03244022652506828 
v 0.8322187662124634 0.03763988986611366 0.04955955222249031 
v 0.8130744695663452 0.03763988986611366 0.015612373128533363 
v 0.8322187662124634 0.03763988986611366 0.0328482910990715 
v 0.8125813007354736 0.03763988986611366 0.011123649775981903 
v 0.8322187662124634 0.03763988986611366 0.0244926605373621 
v 0.8122225999832153 0.03763988986611366 0.009394228458404541 
v 0.811863899230957 0.03763988986611366 0.008014578372240067 
v 0.8114604353904724 0.03763988986611366 0.006965266074985266 
v 0.810922384262085 0.03763988986611366 0.005896522663533688 
v 0.8102947473526001 0.03763988986611366 0.004905506037175655 
v 0.8093980550765991 0.03763988986611366 -0.018101627007126808 
v 0.8096222281455994 0.03763988986611366 0.004031079821288586 
v 0.8088151812553406 0.03763988986611366 0.0032538115046918392 
v 0.8240140676498413 0.03763988986611366 -0.011242236942052841 
v 0.817378580570221 0.03763988986611366 -0.015983572229743004 
v 0.8133882880210876 0.03763988986611366 -0.017382653430104256 
v 0.8154506683349609 0.03763988986611366 -0.016780270263552666 
v 0.8286319971084595 0.03763988986611366 -0.004266256466507912 
v 0.8266592621803284 0.03763988986611366 -0.007919415831565857 
v 0.8253591060638428 0.03763988986611366 -0.009648837149143219 
v 0.8311875462532043 0.03763988986611366 0.0035647188778966665 
v 0.8301563858985901 0.03763988986611366 -0.00036048461333848536 
v 0.8318600654602051 0.03763988986611366 0.0078008295968174934 
v 0.8322187662124634 0.03763988986611366 0.016156461089849472 
v 0.25035789608955383 0.03763988986611366 0.07068181037902832 
v 0.2512097656726837 0.03763988986611366 0.07250838726758957 
v 0.249640554189682 0.03763988986611366 0.06877750158309937 
v 0.24860936403274536 0.03763988986611366 0.06485229730606079 
v 0.24905771017074585 0.03763988986611366 0.06685376912355423 
v 0.2562312185764313 0.03763988986611366 0.07882369309663773 
v 0.27501681447029114 0.03763988986611366 0.08525558561086655 
v 0.2695918679237366 0.03763988986611366 0.06261765211820602 
v 0.27017471194267273 0.03763988986611366 0.06413333117961884 
v 0.2691883444786072 0.03763988986611366 0.0610242560505867 
v 0.26896417140960693 0.03763988986611366 0.0594114251434803 
v 0.26891934871673584 0.03763988986611366 0.05774029716849327 
v 0.2690090239048004 0.03763988986611366 0.05608860403299332 
v 0.26923319697380066 0.03763988986611366 0.05470895394682884 
v 0.24811618030071259 0.03763988986611366 0.05678814649581909 
v 0.24829551577568054 0.03763988986611366 0.05470895394682884 
v 0.26927801966667175 0.03763988986611366 0.054495204240083694 
v 0.24905771017074585 0.03763988986611366 0.05076431855559349 
v 0.24860936403274536 0.03763988986611366 0.05276578292250633 
v 0.26968151330947876 0.03763988986611366 0.052882373332977295 
v 0.2593696117401123 0.03763988986611366 0.03620997443795204 
v 0.25233060121536255 0.03763988986611366 0.04341913387179375 
v 0.25479650497436523 0.03763988986611366 0.0402323380112648 
v 0.25349631905555725 0.03763988986611366 0.04176744073629379 
v 0.2702643871307373 0.03763988986611366 0.05136670172214508 
v 0.2710265517234802 0.03763988986611366 0.049928754568099976 
v 0.2719680964946747 0.03763988986611366 0.0485491044819355 
v 0.27299928665161133 0.03763988986611366 0.047324907034635544 
v 0.27420979738235474 0.03763988986611366 0.04613957181572914 
v 0.2754651606082916 0.03763988986611366 0.04514855518937111 
v 0.2768550217151642 0.03763988986611366 0.04419640451669693 
v 0.30214163661003113 0.03763988986611366 0.026202648878097534 
v 0.28999149799346924 0.03763988986611366 0.026727305725216866 
v 0.2981065511703491 0.03763988986611366 0.026241512969136238 
v 0.2940714359283447 0.03763988986611366 0.026416398584842682 
v 0.2797244191169739 0.03763988986611366 0.04260300472378731 
v 0.2827283442020416 0.03763988986611366 0.04130107909440994 
v 0.28586673736572266 0.03763988986611366 0.040271200239658356 
v 0.28904998302459717 0.03763988986611366 0.039532795548439026 
v 0.2922780513763428 0.03763988986611366 0.0390470027923584 
v 0.32029956579208374 0.03763988986611366 0.006673790980130434 
v 0.29559582471847534 0.03763988986611366 0.03877495974302292 
v 0.29886871576309204 0.03763988986611366 0.03869723156094551 
v 0.30214163661003113 0.03763988986611366 0.03869723156094551 
v 0.30214163661003113 0.03763988986611366 0.04198119044303894 
v 0.30214163661003113 0.03763988986611366 0.04526514559984207 
v 0.3017829656600952 0.03763988986611366 0.048529673367738724 
v 0.3208375871181488 0.03763988986611366 0.029544901102781296 
v 0.3208375871181488 0.03763988986611366 0.014271585270762444 
v 0.3010207712650299 0.03763988986611366 0.051735904067754745 
v 0.3208375871181488 0.03763988986611366 0.0448182187974453 
v 0.29994475841522217 0.03763988986611366 0.05470895394682884 
v 0.3208375871181488 0.03763988986611366 0.05243544280529022 
v 0.3208375871181488 0.03763988986611366 0.05470895394682884 
v 0.2998999059200287 0.03763988986611366 0.054825544357299805 
v 0.29842036962509155 0.03763988986611366 0.05774029716849327 
v 0.2966718375682831 0.03763988986611366 0.06053846329450607 
v 0.29469913244247437 0.03763988986611366 0.0631423145532608 
v 0.2924574017524719 0.03763988986611366 0.06553240865468979 
v 0.29115721583366394 0.03763988986611366 0.0666205883026123 
v 0.30214163661003113 0.03763988986611366 0.07072067260742188 
v 0.2986445426940918 0.03763988986611366 0.07565632462501526 
v 0.3011104464530945 0.03763988986611366 0.07245009392499924 
v 0.29994475841522217 0.03763988986611366 0.07410179078578949 
v 0.3208375871181488 0.03763988986611366 0.06770876049995422 
v 0.3208375871181488 0.03763988986611366 0.07534541934728622 
v 0.3208375871181488 0.03763988986611366 0.08296264708042145 
v 0.30214163661003113 0.03763988986611366 0.08296264708042145 
v 0.35701894760131836 -0.03764000162482262 -0.013826652429997921 
v 0.35948482155799866 -0.03764000162482262 -0.014992554672062397 
v 0.35459786653518677 -0.03764000162482262 -0.012427570298314095 
v 0.35015928745269775 -0.03764000162482262 -0.00896872766315937 
v 0.35231131315231323 -0.03764000162482262 -0.010814739391207695 
v 0.344420462846756 -0.03764000162482262 0.0004167834122199565 
v 0.34652769565582275 -0.03764000162482262 0.022044265642762184 
v 0.3432099521160126 -0.03764000162482262 0.01155114732682705 
v 0.3442859649658203 -0.03764000162482262 0.016992023214697838 
v 0.3435686230659485 -0.03764000162482262 0.014271585270762444 
v 0.36199554800987244 -0.03764000162482262 0.008344916626811028 
v 0.3622197210788727 -0.03764000162482262 0.009433092549443245 
v 0.3626232445240021 -0.03764000162482262 0.010462972335517406 
v 0.36320608854293823 -0.03764000162482262 0.01160944253206253 
v 0.36401310563087463 -0.03764000162482262 0.012717049568891525 
v 0.3843230903148651 -0.03764000162482262 0.05022022873163223 
v 0.36473044753074646 -0.03764000162482262 0.013494317419826984 
v 0.38495075702667236 -0.03764000162482262 0.05074488744139671 
v 0.36522364616394043 -0.03764000162482262 0.013980110175907612 
v 0.38575777411460876 -0.03764000162482262 0.05165817588567734 
v 0.3687207102775574 -0.03764000162482262 0.01664225198328495 
v 0.3863406479358673 -0.03764000162482262 0.05239658057689667 
v 0.4041847288608551 -0.03764000162482262 0.04306936636567116 
v 0.3868338167667389 -0.03764000162482262 0.053154416382312775 
v 0.3872373104095459 -0.03764000162482262 0.05391225218772888 
v 0.37239712476730347 -0.03764000162482262 0.019090646877884865 
v 0.37616321444511414 -0.03764000162482262 0.021422451362013817 
v 0.3990287780761719 -0.03764000162482262 0.036326564848423004 
v 0.3879546821117401 -0.03764000162482262 0.028359567746520042 
v 0.3936486542224884 -0.03764000162482262 0.03210988640785217 
v 0.40234652161598206 -0.03764000162482262 0.040076881647109985 
v 0.4033777117729187 -0.03764000162482262 0.0415925569832325 
v 0.9176731109619141 0.03763988986611366 0.06613479554653168 
v 0.9176731109619141 -0.03764000162482262 0.06613479554653168 
v 0.9176731109619141 0.03763988986611366 0.07291645556688309 
v 0.9176731109619141 -0.03764000162482262 0.07291645556688309 
v 0.9176731109619141 0.03763988986611366 0.07967868447303772 
v 0.9176731109619141 -0.03764000162482262 0.07967868447303772 
v 0.917538583278656 0.03763988986611366 0.08644092082977295 
v 0.917538583278656 -0.03764000162482262 0.08644092082977295 
v 0.916731595993042 0.03763988986611366 0.09316428750753403 
v 0.916731595993042 -0.03764000162482262 0.09316428750753403 
v 0.9159245491027832 0.03763988986611366 0.09664256125688553 
v 0.9159245491027832 -0.03764000162482262 0.09664256125688553 
v 0.9148485660552979 0.03763988986611366 0.09965447336435318 
v 0.9148485660552979 -0.03764000162482262 0.09965447336435318 
v 0.9141311645507812 0.03763988986611366 0.10107298940420151 
v 0.9141311645507812 -0.03764000162482262 0.10107298940420151 
v 0.9132793545722961 0.03763988986611366 0.10253036767244339 
v 0.9132793545722961 -0.03764000162482262 0.10253036767244339 
v 0.9122481346130371 0.03763988986611366 0.1039683148264885 
v 0.9122481346130371 -0.03764000162482262 0.1039683148264885 
v 0.9111272692680359 0.03763988986611366 0.10527023673057556 
v 0.9111272692680359 -0.03764000162482262 0.10527023673057556 
v 0.9099615812301636 0.03763988986611366 0.10645557194948196 
v 0.9099615812301636 -0.03764000162482262 0.10645557194948196 
v 0.908661425113678 0.03763988986611366 0.1075243130326271 
v 0.908661425113678 -0.03764000162482262 0.1075243130326271 
v 0.9072715044021606 0.03763988986611366 0.10849589854478836 
v 0.9072715044021606 -0.03764000162482262 0.10849589854478836 
v 0.9057919979095459 0.03763988986611366 0.10937032848596573 
v 0.9057919979095459 -0.03764000162482262 0.10937032848596573 
v 0.9027881026268005 0.03763988986611366 0.11073054373264313 
v 0.9027881026268005 -0.03764000162482262 0.11073054373264313 
v 0.899470329284668 0.03763988986611366 0.11174099147319794 
v 0.899470329284668 -0.03764000162482262 0.11174099147319794 
v 0.8962422609329224 0.03763988986611366 0.11238224059343338 
v 0.8962422609329224 -0.03764000162482262 0.11238224059343338 
v 0.8927900195121765 0.03763988986611366 0.11277087032794952 
v 0.8927900195121765 -0.03764000162482262 0.11277087032794952 
v 0.8889790773391724 0.03763988986611366 0.11292632669210434 
v 0.8889790773391724 -0.03764000162482262 0.11292632669210434 
v 0.8860200047492981 0.03763988986611366 0.11280973255634308 
v 0.8860200047492981 -0.03764000162482262 0.11280973255634308 
v 0.8792948722839355 0.03763988986611366 0.11183815449476242 
v 0.8792948722839355 -0.03764000162482262 0.11183815449476242 
v 0.8727490305900574 0.03763988986611366 0.11018645763397217 
v 0.8727490305900574 -0.03764000162482262 0.11018645763397217 
v 0.8663825392723083 0.03763988986611366 0.10789351910352707 
v 0.8663825392723083 -0.03764000162482262 0.10789351910352707 
v 0.8602402210235596 0.03763988986611366 0.10501762479543686 
v 0.8602402210235596 -0.03764000162482262 0.10501762479543686 
v -0.1904090791940689 0.03763988986611366 0.1194942444562912 
v -0.16906790435314178 0.03763988986611366 0.15690025687217712 
v -0.17677943408489227 0.03763988986611366 0.10754374414682388 
v -0.024118296802043915 0.03763988986611366 0.12165115773677826 
v -0.16306009888648987 0.03763988986611366 0.09561268240213394 
v -0.15050646662712097 0.03763988986611366 0.08255457878112793 
v -0.17807962000370026 0.03763988986611366 0.1670241802930832 
v -0.18794319033622742 0.03763988986611366 0.17633196711540222 
v -0.20771516859531403 0.03763988986611366 0.19479207694530487 
v -0.1980757713317871 0.03763988986611366 0.1853482723236084 
v -0.20798416435718536 0.03763988986611366 0.19461719691753387 
v 0.02363033965229988 0.03763988986611366 0.16451749205589294 
v 0.05721130594611168 0.03763988986611366 0.19479207694530487 
v 0.27098172903060913 0.03763988986611366 0.08498354256153107 
v 0.2669914662837982 0.03763988986611366 0.08426456898450851 
v 0.2630908787250519 0.03763988986611366 0.08302094042301178 
v 0.264973908662796 0.03763988986611366 0.08370105177164078 
v 0.259504109621048 0.03763988986611366 0.08123322576284409 
v 0.26125267148017883 0.03763988986611366 0.08218538016080856 
v 0.27905192971229553 0.03763988986611366 0.08515843003988266 
v 0.28304219245910645 0.03763988986611366 0.08455604314804077 
v 0.29066401720046997 0.03763988986611366 0.08179674297571182 
v 0.295730322599411 0.03763988986611366 0.07843505591154099 
v 0.29725468158721924 0.03763988986611366 0.07711370289325714 
v 0.3798396587371826 -0.03764000162482262 0.046916842460632324 
v 0.37517687678337097 -0.03764000162482262 0.04380777105689049 
v 0.3705140948295593 -0.03764000162482262 0.04077642410993576 
v 0.35625675320625305 -0.03764000162482262 0.031954433768987656 
v 0.3500247597694397 -0.03764000162482262 0.02670787274837494 
v 0.34809690713882446 -0.03764000162482262 0.024395501241087914 
v 0.3657616376876831 -0.03764000162482262 0.03784223645925522 
v 0.3609195351600647 -0.03764000162482262 0.03502464294433594 
v 0.28985700011253357 0.03763988986611366 0.06759217381477356 
v 0.288467139005661 0.03763988986611366 0.06846659630537033 
v 0.2869876027107239 0.03763988986611366 0.06918556988239288 
v 0.28546324372291565 0.03763988986611366 0.06978794932365417 
v 0.28389403223991394 0.03763988986611366 0.07023487985134125 
v 0.28227999806404114 0.03763988986611366 0.07054578512907028 
v 0.28066596388816833 0.03763988986611366 0.07068181037902832 
v 0.27900707721710205 0.03763988986611366 0.07068181037902832 
v 0.27820006012916565 0.03763988986611366 0.07060408592224121 
v 0.27739304304122925 0.03763988986611366 0.07042919844388962 
v 0.27658602595329285 0.03763988986611366 0.07019601762294769 
v 0.275868684053421 0.03763988986611366 0.06990454345941544 
v 0.2751064896583557 0.03763988986611366 0.06953533738851547 
v 0.2743891477584839 0.03763988986611366 0.069088414311409 
v 0.27376145124435425 0.03763988986611366 0.06862205266952515 
v 0.273133784532547 0.03763988986611366 0.06809739768505096 
v 0.2719680964946747 0.03763988986611366 0.06689263135194778 
v 0.27098172903060913 0.03763988986611366 0.06557127088308334 
v -0.17027844488620758 0.03763988986611366 0.04446844756603241 
v -0.15696261823177338 0.03763988986611366 0.03232363611459732 
v -0.08841082453727722 0.03763988986611366 -0.010834170505404472 
v 0.08119770884513855 0.03763988986611366 -0.10610779374837875 
v -0.028198227286338806 0.03763988986611366 -0.18305732309818268 
v 0.02744126319885254 0.03763988986611366 -0.16337302327156067 
v 0.009911013767123222 0.03763988986611366 -0.17254477739334106 
v 0.018833059817552567 0.03763988986611366 -0.16836696863174438 
v -0.14369164407253265 0.03763988986611366 0.020081663504242897 
v -0.131362184882164 0.03763988986611366 0.006906971335411072 
v 0.34975576400756836 -0.03764000162482262 0.08305980265140533 
v 0.3431650996208191 -0.03764000162482262 0.0813109502196312 
v 0.3564809262752533 -0.03764000162482262 0.0843617245554924 
v 0.3483659029006958 -0.03764000162482262 0.06683433055877686 
v 0.3537460267543793 -0.03764000162482262 0.06842773407697678 
v 0.3591710031032562 -0.03764000162482262 0.06969079375267029 
v 0.36468562483787537 -0.03764000162482262 0.07054578512907028 
v 0.3961145281791687 -0.03764000162482262 0.07843505591154099 
v 0.36724117398262024 -0.03764000162482262 0.0707012414932251 
v 0.3702899217605591 -0.03764000162482262 0.07066237926483154 
v 0.3731593191623688 -0.03764000162482262 0.0704486295580864 
v 0.3758493959903717 -0.03764000162482262 0.0700211301445961 
v 0.3786291182041168 -0.03764000162482262 0.06930215656757355 
v 0.3811398446559906 -0.03764000162482262 0.06833057850599289 
v 0.3824400305747986 -0.03764000162482262 0.06766989827156067 
v 0.3836505711078644 -0.03764000162482262 0.06691206246614456 
v 0.3847265839576721 -0.03764000162482262 0.06605706363916397 
v 0.3856681287288666 -0.03764000162482262 0.06512434780597687 
v 0.3865199685096741 -0.03764000162482262 0.06403616815805435 
v 0.38692349195480347 -0.03764000162482262 0.06343378871679306 
v 0.3872373104095459 -0.03764000162482262 0.06283140182495117 
v 0.3875063359737396 -0.03764000162482262 0.062209587544202805 
v 0.38773050904273987 -0.03764000162482262 0.06156834214925766 
v 0.3880891799926758 -0.03764000162482262 0.060188692063093185 
v 0.38826850056648254 -0.03764000162482262 0.058770179748535156 
v 0.38822367787361145 -0.03764000162482262 0.05735166370868683 
v 0.4057539403438568 -0.03764000162482262 0.06483286619186401 
v 0.4066954553127289 -0.03764000162482262 0.051133520901203156 
v 0.40687480568885803 -0.03764000162482262 0.05809006839990616 
v 0.4069196283817291 -0.03764000162482262 0.05461179465055466 
v 0.38817885518074036 -0.03764000162482262 0.05667155608534813 
v 0.3880443572998047 -0.03764000162482262 0.05601087585091591 
v 0.38786500692367554 -0.03764000162482262 0.05533076822757721 
v 0.3875960111618042 -0.03764000162482262 0.05467008799314499 
v 0.3932899534702301 -0.03764000162482262 0.0802033469080925 
v 0.3901515603065491 -0.03764000162482262 0.08169958740472794 
v 0.3836505711078644 -0.03764000162482262 0.08379820734262466 
v 0.37011057138442993 -0.03764000162482262 0.08527501672506332 
v 0.3632509112358093 -0.03764000162482262 0.08506126701831818 
v 0.40118083357810974 -0.03764000162482262 0.07382974773645401 
v 0.40001511573791504 -0.03764000162482262 0.0751122385263443 
v 0.4021671712398529 -0.03764000162482262 0.07248895615339279 
v 0.40396055579185486 -0.03764000162482262 0.06957420706748962 
v 0.40310871601104736 -0.03764000162482262 0.07105101644992828 
v 0.40602293610572815 -0.03764000162482262 0.047849562019109726 
v 0.40552976727485657 -0.03764000162482262 0.04621729999780655 
v 0.40490207076072693 -0.03764000162482262 0.04462390020489693 
v 0.34374794363975525 -0.03764000162482262 0.0031566531397402287 
v 0.34334444999694824 -0.03764000162482262 0.005857659503817558 
v 0.3431650996208191 -0.03764000162482262 0.008714118972420692 
v 0.593296229839325 -0.03764000162482262 -0.01600300334393978 
v 0.6119921803474426 -0.03764000162482262 -0.01600300334393978 
v 0.593296229839325 -0.03764000162482262 0.08296264708042145 
v 0.6119921803474426 -0.03764000162482262 0.005216413177549839 
v 0.6182689666748047 -0.03764000162482262 -0.005840224213898182 
v 0.6158031225204468 -0.03764000162482262 -0.0021870643831789494 
v 0.6125749945640564 -0.03764000162482262 0.03245965763926506 
v 0.6121266484260559 -0.03764000162482262 0.036656904965639114 
v 0.6119921803474426 -0.03764000162482262 0.040951307862997055 
v 0.6119921803474426 -0.03764000162482262 0.04928750917315483 
v 0.6119921803474426 -0.03764000162482262 0.06613479554653168 
v 0.6119921803474426 -0.03764000162482262 0.08296264708042145 
v 0.25479650497436523 0.03763988986611366 0.07742460817098618 
v 0.25345146656036377 0.03763988986611366 0.0758700743317604 
v 0.25224095582962036 0.03763988986611366 0.07423780858516693 
v 0.6208245754241943 -0.03764000162482262 -0.00883270613849163 
v 0.6239181160926819 -0.03764000162482262 -0.011592007242143154 
v 0.6310916543006897 -0.03764000162482262 -0.01586698181927204 
v 0.6476355195045471 -0.03764000162482262 -0.018101627007126808 
v 0.6390721201896667 -0.03764000162482262 -0.017985036596655846 
v 0.6433314085006714 -0.03764000162482262 -0.01829594373703003 
v 0.6236042976379395 -0.03764000162482262 0.007451058831065893 
v 0.622169554233551 -0.03764000162482262 0.009122185409069061 
v 0.619524359703064 -0.03764000162482262 0.012950229458510876 
v 0.6175516247749329 -0.03764000162482262 0.016486799344420433 
v 0.6158479452133179 -0.03764000162482262 0.020275980234146118 
v 0.6144132018089294 -0.03764000162482262 0.024201184511184692 
v 0.6133372187614441 -0.03764000162482262 0.028262410312891006 
v 0.6536881923675537 -0.03764000162482262 -0.016780270263552666 
v 0.655616044998169 -0.03764000162482262 -0.015983572229743004 
v 0.6515809297561646 -0.03764000162482262 -0.017382653430104256 
v 0.6496530771255493 -0.03764000162482262 -0.017810150980949402 
v 0.6622515320777893 -0.03764000162482262 -0.011242236942052841 
v 0.659157931804657 -0.03764000162482262 -0.013943242840468884 
v 0.6607720255851746 -0.03764000162482262 -0.012680182233452797 
v 0.6704114079475403 -0.03764000162482262 0.016156461089849472 
v 0.6668246388435364 -0.03764000162482262 -0.00424682442098856 
v 0.6693801879882812 -0.03764000162482262 0.003584150457754731 
v 0.668349027633667 -0.03764000162482262 -0.00036048461333848536 
v 0.6704114079475403 -0.03764000162482262 0.041203923523426056 
v 0.6704114079475403 -0.03764000162482262 0.04955955222249031 
v 0.6704114079475403 -0.03764000162482262 0.06625138223171234 
v 0.6704114079475403 -0.03764000162482262 0.07462644577026367 
v 0.6512671113014221 -0.03764000162482262 0.015612373128533363 
v 0.6507739424705505 -0.03764000162482262 0.011123649775981903 
v 0.6504600644111633 -0.03764000162482262 0.009394228458404541 
v 0.6500566005706787 -0.03764000162482262 0.008014578372240067 
v 0.6496530771255493 -0.03764000162482262 0.006965266074985266 
v 0.6491150259971619 -0.03764000162482262 0.005896522663533688 
v 0.648487389087677 -0.03764000162482262 0.00492493761703372 
v 0.6478148698806763 -0.03764000162482262 0.004011647775769234 
v 0.6470078229904175 -0.03764000162482262 0.0032343799248337746 
v 0.6461560130119324 -0.03764000162482262 0.0025348386261612177 
v 0.6451696157455444 -0.03764000162482262 0.0019324560416862369 
v 0.6441384553909302 -0.03764000162482262 0.001446663518436253 
v 0.6431520581245422 -0.03764000162482262 0.0010968928690999746 
v 0.642120897769928 -0.03764000162482262 0.0008054174249991775 
v 0.6410000324249268 -0.03764000162482262 0.0005916687077842653 
v 0.6397895216941833 -0.03764000162482262 0.00047507850104011595 
v 0.637458086013794 -0.03764000162482262 0.000436215108493343 
v 0.6354405879974365 -0.03764000162482262 0.0006111004040576518 
v 0.6335126757621765 -0.03764000162482262 0.0010385977802798152 
v 0.6316296458244324 -0.03764000162482262 0.0016409804811701179 
v 0.6297914385795593 -0.03764000162482262 0.00247654365375638 
v 0.6280428767204285 -0.03764000162482262 0.0035258554853498936 
v 0.6265184879302979 -0.03764000162482262 0.004652894102036953 
v 0.6250389814376831 -0.03764000162482262 0.0059742494486272335 
v 0.9172247648239136 0.03763988986611366 -0.0022647911682724953 
v 0.9172247648239136 -0.03764000162482262 -0.0022647911682724953 
v 0.9162832498550415 0.03763988986611366 -0.00420796126127243 
v 0.9162832498550415 -0.03764000162482262 -0.00420796126127243 
v 0.9151623845100403 0.03763988986611366 -0.006092836149036884 
v 0.9151623845100403 -0.03764000162482262 -0.006092836149036884 
v 0.9138621687889099 0.03763988986611366 -0.007822257466614246 
v 0.9138621687889099 -0.03764000162482262 -0.007822257466614246 
v 0.9124274849891663 0.03763988986611366 -0.009493383578956127 
v 0.9124274849891663 -0.03764000162482262 -0.009493383578956127 
v 0.9108582735061646 0.03763988986611366 -0.010989624075591564 
v 0.9108582735061646 -0.03764000162482262 -0.010989624075591564 
v 0.9091545939445496 0.03763988986611366 -0.012408138252794743 
v 0.9091545939445496 -0.03764000162482262 -0.012408138252794743 
v 0.9074060320854187 0.03763988986611366 -0.01367119885981083 
v 0.9074060320854187 -0.03764000162482262 -0.01367119885981083 
v 0.9055230021476746 0.03763988986611366 -0.014817669056355953 
v 0.9055230021476746 -0.03764000162482262 -0.014817669056355953 
v 0.9035502672195435 0.03763988986611366 -0.015789253637194633 
v 0.9035502672195435 -0.03764000162482262 -0.015789253637194633 
v 0.9015327095985413 0.03763988986611366 -0.016585953533649445 
v 0.9015327095985413 -0.03764000162482262 -0.016585953533649445 
v 0.899470329284668 0.03763988986611366 -0.017246631905436516 
v 0.899470329284668 -0.03764000162482262 -0.017246631905436516 
v 0.8973183035850525 0.03763988986611366 -0.017732424661517143 
v 0.8973183035850525 -0.03764000162482262 -0.017732424661517143 
v 0.8930141925811768 0.03763988986611366 -0.018257079645991325 
v 0.8930141925811768 -0.03764000162482262 -0.018257079645991325 
v 0.8886204361915588 0.03763988986611366 -0.01821821741759777 
v 0.8886204361915588 -0.03764000162482262 -0.01821821741759777 
v 0.8843163251876831 0.03763988986611366 -0.017674129456281662 
v 0.8843163251876831 -0.03764000162482262 -0.017674129456281662 
v 0.8821642398834229 0.03763988986611366 -0.017188336700201035 
v 0.8821642398834229 -0.03764000162482262 -0.017188336700201035 
v 0.8801018595695496 0.03763988986611366 -0.01654709130525589 
v 0.8801018595695496 -0.03764000162482262 -0.01654709130525589 
v 0.8780394792556763 0.03763988986611366 -0.01575039140880108 
v 0.8780394792556763 -0.03764000162482262 -0.01575039140880108 
v 0.876111626625061 0.03763988986611366 -0.014817669056355953 
v 0.876111626625061 -0.03764000162482262 -0.014817669056355953 
v 0.8742285966873169 0.03763988986611366 -0.013710062950849533 
v 0.8742285966873169 -0.03764000162482262 -0.013710062950849533 
v 0.8724352121353149 0.03763988986611366 -0.012466433458030224 
v 0.8724352121353149 -0.03764000162482262 -0.012466433458030224 
v 0.8707314729690552 0.03763988986611366 -0.011106214486062527 
v 0.8707314729690552 -0.03764000162482262 -0.011106214486062527 
v 0.8691174387931824 0.03763988986611366 -0.009590541943907738 
v 0.8691174387931824 -0.03764000162482262 -0.009590541943907738 
v 0.8662928938865662 0.03763988986611366 -0.0062871528789401054 
v 0.8662928938865662 -0.03764000162482262 -0.0062871528789401054 
v 0.8638718128204346 0.03763988986611366 -0.002653425093740225 
v 0.8638718128204346 -0.03764000162482262 -0.002653425093740225 
v 0.8618542551994324 0.03763988986611366 0.001194051350466907 
v 0.8618542551994324 -0.03764000162482262 0.001194051350466907 
v 0.8601505756378174 0.03763988986611366 0.005235845223069191 
v 0.8601505756378174 -0.03764000162482262 0.005235845223069191 
v 0.858850359916687 0.03763988986611366 0.009394228458404541 
v 0.858850359916687 -0.03764000162482262 0.009394228458404541 
v 0.8578191995620728 0.03763988986611366 0.013630338944494724 
v 0.8578191995620728 -0.03764000162482262 0.013630338944494724 
v 0.857012152671814 0.03763988986611366 0.01792474463582039 
v 0.857012152671814 -0.03764000162482262 0.01792474463582039 
v 0.8564741611480713 0.03763988986611366 0.022258013486862183 
v 0.8564741611480713 -0.03764000162482262 0.022258013486862183 
v 0.856115460395813 0.03763988986611366 0.026610715314745903 
v 0.856115460395813 -0.03764000162482262 0.026610715314745903 
v 0.8559809923171997 0.03763988986611366 0.030963415279984474 
v 0.8559809923171997 -0.03764000162482262 0.030963415279984474 
v 0.8559361696243286 0.03763988986611366 0.0323430672287941 
v 0.8559361696243286 -0.03764000162482262 0.0323430672287941 
v 0.8559361696243286 -0.03764000162482262 0.03533554822206497 
v 0.8559361696243286 0.03763988986611366 0.03533554822206497 
v 0.8560706377029419 0.03763988986611366 0.03970767930150032 
v 0.8560706377029419 -0.03764000162482262 0.03970767930150032 
v 0.8563844561576843 0.03763988986611366 0.044040948152542114 
v 0.8563844561576843 -0.03764000162482262 0.044040948152542114 
v 0.8569225072860718 0.03763988986611366 0.048393651843070984 
v 0.8569225072860718 -0.03764000162482262 0.048393651843070984 
v 0.8576398491859436 0.03763988986611366 0.052688054740428925 
v 0.8576398491859436 -0.03764000162482262 0.052688054740428925 
v 0.8586710691452026 0.03763988986611366 0.05692416802048683 
v 0.8586710691452026 -0.03764000162482262 0.05692416802048683 
v 0.8600160479545593 0.03763988986611366 0.06108254939317703 
v 0.8600160479545593 -0.03764000162482262 0.06108254939317703 
v 0.8617197871208191 0.03763988986611366 0.0651049092411995 
v 0.8617197871208191 -0.03764000162482262 0.0651049092411995 
v 0.8637821674346924 0.03763988986611366 0.06893295794725418 
v 0.8637821674346924 -0.03764000162482262 0.06893295794725418 
v 0.8663377165794373 0.03763988986611366 0.07246952503919601 
v 0.8663377165794373 -0.03764000162482262 0.07246952503919601 
v 0.8678172826766968 0.03763988986611366 0.07412122189998627 
v 0.8678172826766968 -0.03764000162482262 0.07412122189998627 
v 0.8693416118621826 0.03763988986611366 0.07563689351081848 
v 0.8693416118621826 -0.03764000162482262 0.07563689351081848 
v 0.8710453510284424 0.03763988986611366 0.07705540955066681 
v 0.8710453510284424 -0.03764000162482262 0.07705540955066681 
v 0.8727938532829285 0.03763988986611366 0.07831846922636032 
v 0.8727938532829285 -0.03764000162482262 0.07831846922636032 
v 0.8746769428253174 0.03763988986611366 0.07940664142370224 
v 0.8746769428253174 -0.03764000162482262 0.07940664142370224 
v 0.8766496181488037 0.03763988986611366 0.0803782269358635 
v 0.8766496181488037 -0.03764000162482262 0.0803782269358635 
v 0.8786671757698059 0.03763988986611366 0.08117492496967316 
v 0.8786671757698059 -0.03764000162482262 0.08117492496967316 
v 0.8807295560836792 0.03763988986611366 0.0818161740899086 
v 0.8807295560836792 -0.03764000162482262 0.0818161740899086 
v 0.8850336670875549 0.03763988986611366 0.08265173435211182 
v 0.8850336670875549 -0.03764000162482262 0.08265173435211182 
v 0.8893826007843018 0.03763988986611366 0.08296264708042145 
v 0.8893826007843018 -0.03764000162482262 0.08296264708042145 
v 0.8937315344810486 0.03763988986611366 0.08278775960206985 
v 0.8937315344810486 -0.03764000162482262 0.08278775960206985 
v 0.8980356454849243 0.03763988986611366 0.08204935491085052 
v 0.8980356454849243 -0.03764000162482262 0.08204935491085052 
v 0.9001428484916687 0.03763988986611366 0.08148583769798279 
v 0.9001428484916687 -0.03764000162482262 0.08148583769798279 
v 0.902205228805542 0.03763988986611366 0.08074743300676346 
v 0.902205228805542 -0.03764000162482262 0.08074743300676346 
v 0.9041779637336731 0.03763988986611366 0.07987300306558609 
v 0.9041779637336731 -0.03764000162482262 0.07987300306558609 
v 0.9061506986618042 0.03763988986611366 0.0788431242108345 
v 0.9061506986618042 -0.03764000162482262 0.0788431242108345 
v 0.9079440236091614 0.03763988986611366 0.07769665122032166 
v 0.9079440236091614 -0.03764000162482262 0.07769665122032166 
v 0.9097374081611633 0.03763988986611366 0.07637529820203781 
v 0.9097374081611633 -0.03764000162482262 0.07637529820203781 
v 0.9113962650299072 0.03763988986611366 0.0749373510479927 
v 0.9113962650299072 -0.03764000162482262 0.0749373510479927 
v 0.9129206538200378 0.03763988986611366 0.07342167943716049 
v 0.9129206538200378 -0.03764000162482262 0.07342167943716049 
v 0.9143553376197815 0.03763988986611366 0.07175055146217346 
v 0.9143553376197815 -0.03764000162482262 0.07175055146217346 
v 0.9156107306480408 0.03763988986611366 0.06998226791620255 
v 0.9156107306480408 -0.03764000162482262 0.06998226791620255 
v 0.916731595993042 0.03763988986611366 0.06811682879924774 
v 0.916731595993042 -0.03764000162482262 0.06811682879924774 
v 0.9176731109619141 0.03763988986611366 0.06613479554653168 
v 0.6659279465675354 -0.03764000162482262 -0.006053972523659468 
v 0.6648519039154053 -0.03764000162482262 -0.007899983786046505 
v 0.6635965704917908 -0.03764000162482262 -0.009648837149143219 
v 0.3454516530036926 -0.03764000162482262 -0.0021482009906321764 
v 0.3467070162296295 -0.03764000162482262 -0.004635458812117577 
v 0.3111084997653961 0.03763988986611366 0.10855419188737869 
v 0.2965373396873474 0.03763988986611366 0.11199360340833664 
v 0.31617480516433716 0.03763988986611366 0.1390036642551422 
v 0.299765408039093 0.03763988986611366 0.12845225632190704 
v 0.3164438009262085 0.03763988986611366 0.16984178125858307 
v 0.30155879259109497 0.03763988986611366 0.14428909122943878 
v 0.3019174635410309 0.03763988986611366 0.16101978719234467 
v 0.3005724251270294 0.03763988986611366 0.1769343465566635 
v 0.29716500639915466 0.03763988986611366 0.19321811199188232 
v 0.29469913244247437 0.03763988986611366 0.20091305673122406 
v 0.2917400598526001 0.03763988986611366 0.2083359807729721 
v 0.2877049446105957 0.03763988986611366 0.21651671826839447 
v 0.28299733996391296 0.03763988986611366 0.22426997125148773 
v 0.2543930113315582 0.03763988986611366 0.27092549204826355 
v 0.2982410490512848 0.03763988986611366 0.2282923310995102 
v 0.3107498288154602 0.03763988986611366 0.20015522837638855 
v 0.30532488226890564 0.03763988986611366 0.2147095650434494 
v 0.27855873107910156 0.03763988986611366 0.23042981326580048 
v 0.27412012219429016 0.03763988986611366 0.23571524024009705 
v 0.26851582527160645 0.03763988986611366 0.24150589108467102 
v 0.26241835951805115 0.03763988986611366 0.24688847362995148 
v 0.25591737031936646 0.03763988986611366 0.2518629729747772 
v 0.248923197388649 0.03763988986611366 0.25642943382263184 
v 0.23480036854743958 0.03763988986611366 0.26389119029045105 
v 0.21919798851013184 0.03763988986611366 0.2699344754219055 
v 0.20381979644298553 0.03763988986611366 0.2742094397544861 
v 0.19651179015636444 0.03763988986611366 0.29154250025749207 
v 0.22637149691581726 0.03763988986611366 0.2837892770767212 
v 0.24094267189502716 0.03763988986611366 0.2779403328895569 
v 0.1874103993177414 0.03763988986611366 0.27729907631874084 
v 0.15481579303741455 0.03763988986611366 0.2798835039138794 
v 0.12213151901960373 0.03763988986611366 0.2786981463432312 
v 0.07375519722700119 0.03763988986611366 0.28715094923973083 
v 0.13495415449142456 0.03763988986611366 0.29509851336479187 
v 0.16584505140781403 0.03763988986611366 0.29504022002220154 
v 0.08967141062021255 0.03763988986611366 0.27448147535324097 
v 0.05765964835882187 0.03763988986611366 0.26779696345329285 
v 0.02618589997291565 0.03763988986611366 0.25897496938705444 
v -0.004749835003167391 0.03763988986611366 0.24828754365444183 
v -0.03505789116024971 0.03763988986611366 0.23596784472465515 
v -0.04339708760380745 0.03763988986611366 0.24871504306793213 
v -0.06469342857599258 0.03763988986611366 0.2221713364124298 
v -0.07137375324964523 0.03763988986611366 0.23561808466911316 
v 0.01417028158903122 0.03763988986611366 0.2710420787334442 
v 0.043716151267290115 0.03763988986611366 0.2799806594848633 
v 0.36186105012893677 -0.03764000162482262 0.00723731005564332 
v 0.36190590262413025 -0.03764000162482262 0.006168566644191742 
v 0.36195072531700134 -0.03764000162482262 0.005605047103017569 
v 0.362085223197937 -0.03764000162482262 0.005080391187220812 
v 0.3622197210788727 -0.03764000162482262 0.004555735271424055 
v 0.36239907145500183 -0.03764000162482262 0.004031079821288586 
v 0.3626232445240021 -0.03764000162482262 0.0035452870652079582 
v 0.3628474175930023 -0.03764000162482262 0.0030400629620999098 
v 0.36351993680000305 -0.03764000162482262 0.002107341308146715 
v 0.3641476035118103 -0.03764000162482262 0.0013300733407959342 
v 0.3649546205997467 -0.03764000162482262 0.0005916687077842653 
v 0.3658513128757477 -0.03764000162482262 -0.00010787250357680023 
v 0.36683768033981323 -0.03764000162482262 -0.0007685503223910928 
v 0.36876556277275085 -0.03764000162482262 -0.0018178621539846063 
v 0.37082794308662415 -0.03764000162482262 -0.002614561701193452 
v 0.37289032340049744 -0.03764000162482262 -0.00319751282222569 
v 0.3751320242881775 -0.03764000162482262 -0.003566715167835355 
v 0.377418577671051 -0.03764000162482262 -0.0037221687380224466 
v 0.3795258104801178 -0.03764000162482262 -0.0036833053454756737 
v 0.3839195668697357 -0.03764000162482262 -0.0032169444020837545 
v 0.40068763494491577 -0.03764000162482262 -0.014759373851120472 
v 0.3786739408969879 -0.03764000162482262 -0.01829594373703003 
v 0.38979288935661316 -0.03764000162482262 -0.01709117740392685 
v 0.384278267621994 -0.03764000162482262 -0.01796560548245907 
v 0.38822367787361145 -0.03764000162482262 -0.0023230863735079765 
v 0.3924829363822937 -0.03764000162482262 -0.001098889159038663 
v 0.39660772681236267 -0.03764000162482262 0.0003973516868427396 
v 0.40068763494491577 -0.03764000162482262 0.002087909495458007 
v 0.38979288935661316 0.03763988986611366 -0.01709117740392685 
v 0.384278267621994 0.03763988986611366 -0.01796560548245907 
v 0.3952178359031677 0.03763988986611366 -0.015925277024507523 
v 0.40068763494491577 0.03763988986611366 0.002087909495458007 
v 0.40068763494491577 0.03763988986611366 -0.014759373851120472 
v 0.39660772681236267 0.03763988986611366 0.0003973516868427396 
v 0.3924829363822937 0.03763988986611366 -0.001098889159038663 
v 0.38822367787361145 0.03763988986611366 -0.0023230863735079765 
v 0.35231131315231323 0.03763988986611366 -0.010814739391207695 
v 0.3839195668697357 0.03763988986611366 -0.0032169444020837545 
v 0.3795258104801178 0.03763988986611366 -0.0036833053454756737 
v 0.3621748983860016 0.03763988986611366 -0.015983572229743004 
v 0.35701894760131836 0.03763988986611366 -0.013826652429997921 
v 0.35459786653518677 0.03763988986611366 -0.012427570298314095 
v 0.3731144964694977 0.03763988986611366 -0.018101627007126808 
v 0.36759984493255615 0.03763988986611366 -0.01736322231590748 
v -0.08433089405298233 0.03763988986611366 -0.028575312346220016 
v -0.04792536422610283 0.03763988986611366 -0.18488390743732452 
v 0.377418577671051 0.03763988986611366 -0.0037221687380224466 
v 0.3751320242881775 0.03763988986611366 -0.003566715167835355 
v 0.37289032340049744 0.03763988986611366 -0.00319751282222569 
v 0.37082794308662415 0.03763988986611366 -0.002614561701193452 
v 0.36876556277275085 0.03763988986611366 -0.0018178621539846063 
v 0.36683768033981323 0.03763988986611366 -0.0007685503223910928 
v 0.3658513128757477 0.03763988986611366 -0.00010787250357680023 
v 0.3649546205997467 0.03763988986611366 0.0005916687077842653 
v 0.3641476035118103 0.03763988986611366 0.0013300733407959342 
v 0.36351993680000305 0.03763988986611366 0.002107341308146715 
v 0.3628474175930023 0.03763988986611366 0.0030400629620999098 
v 0.3626232445240021 0.03763988986611366 0.0035452870652079582 
v 0.36239907145500183 0.03763988986611366 0.004031079821288586 
v 0.3622197210788727 0.03763988986611366 0.004555735271424055 
v 0.362085223197937 0.03763988986611366 0.005080391187220812 
v 0.36195072531700134 0.03763988986611366 0.005605047103017569 
v 0.36190590262413025 0.03763988986611366 0.006168566644191742 
v 0.36186105012893677 0.03763988986611366 0.00723731005564332 
v 0.36199554800987244 0.03763988986611366 0.008344916626811028 
v 0.3622197210788727 0.03763988986611366 0.009433092549443245 
v 0.3626232445240021 0.03763988986611366 0.010462972335517406 
v 0.3798396587371826 0.03763988986611366 0.046916842460632324 
v 0.36320608854293823 0.03763988986611366 0.01160944253206253 
v 0.3843230903148651 0.03763988986611366 0.05022022873163223 
v 0.38495075702667236 0.03763988986611366 0.05074488744139671 
v 0.36401310563087463 0.03763988986611366 0.012717049568891525 
v 0.38575777411460876 0.03763988986611366 0.05165817588567734 
v 0.36473044753074646 0.03763988986611366 0.013494317419826984 
v 0.3863406479358673 0.03763988986611366 0.05239658057689667 
v 0.36522364616394043 0.03763988986611366 0.013980110175907612 
v 0.3868338167667389 0.03763988986611366 0.053154416382312775 
v 0.3687207102775574 0.03763988986611366 0.01664225198328495 
v 0.3872373104095459 0.03763988986611366 0.05391225218772888 
v 0.4041847288608551 0.03763988986611366 0.04306936636567116 
v 0.3875960111618042 0.03763988986611366 0.05467008799314499 
v 0.38786500692367554 0.03763988986611366 0.05533076822757721 
v 0.37239712476730347 0.03763988986611366 0.019090646877884865 
v 0.37616321444511414 0.03763988986611366 0.021422451362013817 
v 0.3990287780761719 0.03763988986611366 0.036326564848423004 
v 0.3879546821117401 0.03763988986611366 0.028359567746520042 
v 0.38208135962486267 0.03763988986611366 0.024861862882971764 
v 0.40234652161598206 0.03763988986611366 0.040076881647109985 
v 0.40122565627098083 0.03763988986611366 0.0386195071041584 
v 0.35015928745269775 0.03763988986611366 -0.00896872766315937 
v 0.3483210504055023 0.03763988986611366 -0.00690896762534976 
v 0.3454516530036926 0.03763988986611366 -0.0021482009906321764 
v 0.3431650996208191 0.03763988986611366 0.008714118972420692 
v 0.34374794363975525 0.03763988986611366 0.0031566531397402287 
v 0.34334444999694824 0.03763988986611366 0.005857659503817558 
v 0.35186299681663513 0.03763988986611366 0.028495589271187782 
v 0.37517687678337097 0.03763988986611366 0.04380777105689049 
v 0.3452274799346924 0.03763988986611366 0.01959587074816227 
v 0.34809690713882446 0.03763988986611366 0.024395501241087914 
v 0.3500247597694397 0.03763988986611366 0.02670787274837494 
v 0.3435686230659485 0.03763988986611366 0.014271585270762444 
v 0.3442859649658203 0.03763988986611366 0.016992023214697838 
v 0.8766944408416748 0.03763988986611366 0.03306204080581665 
v 0.8766944408416748 -0.03764000162482262 0.03306204080581665 
v 0.8766944408416748 0.03763988986611366 0.0323430672287941 
v 0.8766944408416748 -0.03764000162482262 0.0323430672287941 
v 0.8767841458320618 -0.03764000162482262 0.028087524697184563 
v 0.8767841458320618 0.03763988986611366 0.028087524697184563 
v 0.8771427869796753 0.03763988986611366 0.023093577474355698 
v 0.8771427869796753 -0.03764000162482262 0.023093577474355698 
v 0.877815306186676 0.03763988986611366 0.01817735657095909 
v 0.877815306186676 -0.03764000162482262 0.01817735657095909 
v 0.8788465261459351 0.03763988986611366 0.013280568644404411 
v 0.8788465261459351 -0.03764000162482262 0.013280568644404411 
v 0.8803709149360657 0.03763988986611366 0.0085586654022336 
v 0.8803709149360657 -0.03764000162482262 0.0085586654022336 
v 0.8814020752906799 0.03763988986611366 0.006207429803907871 
v 0.8814020752906799 -0.03764000162482262 0.006207429803907871 
v 0.8825677633285522 0.03763988986611366 0.00408937456086278 
v 0.8825677633285522 -0.03764000162482262 0.00408937456086278 
v 0.8840473294258118 0.03763988986611366 0.0019907511305063963 
v 0.8840473294258118 -0.03764000162482262 0.0019907511305063963 
v 0.8848543167114258 0.03763988986611366 0.0010580294765532017 
v 0.8848543167114258 -0.03764000162482262 0.0010580294765532017 
v 0.8856613636016846 0.03763988986611366 0.00020303469500504434 
v 0.8856613636016846 -0.03764000162482262 0.00020303469500504434 
v 0.8866477012634277 0.03763988986611366 -0.00061309669399634 
v 0.8866477012634277 -0.03764000162482262 -0.00061309669399634 
v 0.8876340389251709 0.03763988986611366 -0.001351501327008009 
v 0.8876340389251709 -0.03764000162482262 -0.001351501327008009 
v 0.888710081577301 0.03763988986611366 -0.0019733156077563763 
v 0.888710081577301 -0.03764000162482262 -0.0019733156077563763 
v 0.8898309469223022 0.03763988986611366 -0.0025174033362418413 
v 0.8898309469223022 -0.03764000162482262 -0.0025174033362418413 
v 0.8909518122673035 0.03763988986611366 -0.002944900654256344 
v 0.8909518122673035 -0.03764000162482262 -0.002944900654256344 
v 0.8921175003051758 0.03763988986611366 -0.003275239607319236 
v 0.8921175003051758 -0.03764000162482262 -0.003275239607319236 
v 0.8933728933334351 0.03763988986611366 -0.003527851775288582 
v 0.8933728933334351 -0.03764000162482262 -0.003527851775288582 
v 0.8946282267570496 0.03763988986611366 -0.0036638735327869654 
v 0.8946282267570496 -0.03764000162482262 -0.0036638735327869654 
v 0.8971389532089233 0.03763988986611366 -0.0036833053454756737 
v 0.8971389532089233 -0.03764000162482262 -0.0036833053454756737 
v 0.899604856967926 0.03763988986611366 -0.0033918297849595547 
v 0.899604856967926 -0.03764000162482262 -0.0033918297849595547 
v 0.9008601903915405 0.03763988986611366 -0.003119786037132144 
v 0.9008601903915405 -0.03764000162482262 -0.003119786037132144 
v 0.9020258784294128 0.03763988986611366 -0.0027700155042111874 
v 0.9020258784294128 -0.03764000162482262 -0.0027700155042111874 
v 0.9031916260719299 0.03763988986611366 -0.0023036545608192682 
v 0.9031916260719299 -0.03764000162482262 -0.0023036545608192682 
v 0.9042676091194153 0.03763988986611366 -0.0017789986450225115 
v 0.9042676091194153 -0.03764000162482262 -0.0017789986450225115 
v 0.9053436517715454 0.03763988986611366 -0.0011571842478588223 
v 0.9053436517715454 -0.03764000162482262 -0.0011571842478588223 
v 0.9063748121261597 0.03763988986611366 -0.00045764309470541775 
v 0.9063748121261597 -0.03764000162482262 -0.00045764309470541775 
v 0.9073163866996765 0.03763988986611366 0.00031962490174919367 
v 0.9073163866996765 -0.03764000162482262 0.00031962490174919367 
v 0.9082579016685486 0.03763988986611366 0.001194051350466907 
v 0.9082579016685486 -0.03764000162482262 0.001194051350466907 
v 0.9098719358444214 0.03763988986611366 0.003001199569553137 
v 0.9098719358444214 -0.03764000162482262 0.003001199569553137 
v 0.9113962650299072 0.03763988986611366 0.005080391187220812 
v 0.9113962650299072 -0.03764000162482262 0.005080391187220812 
v 0.9126964807510376 0.03763988986611366 0.007373332045972347 
v 0.9126964807510376 -0.03764000162482262 0.007373332045972347 
v 0.9136828780174255 0.03763988986611366 0.009471955709159374 
v 0.9136828780174255 -0.03764000162482262 0.009471955709159374 
v 0.9154313802719116 0.03763988986611366 0.014154994860291481 
v 0.9154313802719116 -0.03764000162482262 0.014154994860291481 
v 0.9165970683097839 0.03763988986611366 0.01899348944425583 
v 0.9165970683097839 -0.03764000162482262 0.01899348944425583 
v 0.9173144102096558 0.03763988986611366 0.023929139599204063 
v 0.9173144102096558 -0.03764000162482262 0.023929139599204063 
v 0.917628288269043 0.03763988986611366 0.02890365570783615 
v 0.917628288269043 -0.03764000162482262 0.02890365570783615 
v 0.9176731109619141 0.03763988986611366 0.0323430672287941 
v 0.9176731109619141 -0.03764000162482262 0.0323430672287941 
v 0.917628288269043 -0.03764000162482262 0.03387816995382309 
v 0.917628288269043 0.03763988986611366 0.03387816995382309 
v 0.9172695875167847 0.03763988986611366 0.03885268419981003 
v 0.9172695875167847 -0.03764000162482262 0.03885268419981003 
v 0.9165074229240417 0.03763988986611366 0.04378833621740341 
v 0.9165074229240417 -0.03764000162482262 0.04378833621740341 
v 0.9153417348861694 0.03763988986611366 0.04862683266401291 
v 0.9153417348861694 -0.03764000162482262 0.04862683266401291 
v 0.9137277007102966 0.03763988986611366 0.05330986902117729 
v 0.9137277007102966 -0.03764000162482262 0.05330986902117729 
v 0.9115756154060364 0.03763988986611366 0.057837456464767456 
v 0.9115756154060364 -0.03764000162482262 0.057837456464767456 
v 0.9102754592895508 0.03763988986611366 0.06001380831003189 
v 0.9102754592895508 -0.03764000162482262 0.06001380831003189 
v 0.9088407158851624 0.03763988986611366 0.0619569756090641 
v 0.9088407158851624 -0.03764000162482262 0.0619569756090641 
v 0.9070922136306763 0.03763988986611366 0.06384184956550598 
v 0.9070922136306763 -0.03764000162482262 0.06384184956550598 
v 0.9052540063858032 0.03763988986611366 0.06539639085531235 
v 0.9052540063858032 -0.03764000162482262 0.06539639085531235 
v 0.9041779637336731 0.03763988986611366 0.0661153644323349 
v 0.9041779637336731 -0.03764000162482262 0.0661153644323349 
v 0.903101921081543 0.03763988986611366 0.06671774387359619 
v 0.903101921081543 -0.03764000162482262 0.06671774387359619 
v 0.9019810557365417 0.03763988986611366 0.06724239885807037 
v 0.9019810557365417 -0.03764000162482262 0.06724239885807037 
v 0.9008153676986694 0.03763988986611366 0.06766989827156067 
v 0.9008153676986694 -0.03764000162482262 0.06766989827156067 
v 0.8996496796607971 0.03763988986611366 0.0679808035492897 
v 0.8996496796607971 -0.03764000162482262 0.0679808035492897 
v 0.8984391689300537 0.03763988986611366 0.0682334154844284 
v 0.8984391689300537 -0.03764000162482262 0.0682334154844284 
v 0.8971837759017944 0.03763988986611366 0.06836944073438644 
v 0.8971837759017944 -0.03764000162482262 0.06836944073438644 
v 0.8959284424781799 0.03763988986611366 0.06842773407697678 
v 0.8959284424781799 -0.03764000162482262 0.06842773407697678 
v 0.8946282267570496 0.03763988986611366 0.06838887184858322 
v 0.8946282267570496 -0.03764000162482262 0.06838887184858322 
v 0.8933728933334351 0.03763988986611366 0.06825284659862518 
v 0.8933728933334351 -0.03764000162482262 0.06825284659862518 
v 0.8921623229980469 0.03763988986611366 0.06803909689188004 
v 0.8921623229980469 -0.03764000162482262 0.06803909689188004 
v 0.8909966349601746 0.03763988986611366 0.067728191614151 
v 0.8909966349601746 -0.03764000162482262 0.067728191614151 
v 0.8898309469223022 0.03763988986611366 0.0673006922006607 
v 0.8898309469223022 -0.03764000162482262 0.0673006922006607 
v 0.888710081577301 0.03763988986611366 0.06677603721618652 
v 0.888710081577301 -0.03764000162482262 0.06677603721618652 
v 0.8876340389251709 0.03763988986611366 0.06613479554653168 
v 0.8876340389251709 -0.03764000162482262 0.06613479554653168 
v 0.8866028785705566 0.03763988986611366 0.06541582196950912 
v 0.8866028785705566 -0.03764000162482262 0.06541582196950912 
v 0.8857061862945557 0.03763988986611366 0.06463855504989624 
v 0.8857061862945557 -0.03764000162482262 0.06463855504989624 
v 0.8848543167114258 0.03763988986611366 0.06378355622291565 
v 0.8848543167114258 -0.03764000162482262 0.06378355622291565 
v 0.883240282535553 0.03763988986611366 0.061801522970199585 
v 0.883240282535553 -0.03764000162482262 0.061801522970199585 
v 0.8819400668144226 0.03763988986611366 0.05976119637489319 
v 0.8819400668144226 -0.03764000162482262 0.05976119637489319 
v 0.8807743787765503 0.03763988986611366 0.05746825411915779 
v 0.8807743787765503 -0.03764000162482262 0.05746825411915779 
v 0.8791155219078064 0.03763988986611366 0.05278521403670311 
v 0.8791155219078064 -0.03764000162482262 0.05278521403670311 
v 0.8779498338699341 0.03763988986611366 0.047927290201187134 
v 0.8779498338699341 -0.03764000162482262 0.047927290201187134 
v 0.8771876692771912 0.03763988986611366 0.04299163818359375 
v 0.8771876692771912 -0.03764000162482262 0.04299163818359375 
v 0.8768289685249329 0.03763988986611366 0.03803655505180359 
v 0.8768289685249329 -0.03764000162482262 0.03803655505180359 
v 0.8766944408416748 0.03763988986611366 0.03306204080581665 
v 0.8050939440727234 0.03763988986611366 -0.01829594373703003 
v 0.8008346557617188 0.03763988986611366 -0.018004467710852623 
v 0.7928541302680969 0.03763988986611366 -0.01586698181927204 
v 0.7826318740844727 0.03763988986611366 -0.00883270613849163 
v 0.7891328930854797 0.03763988986611366 -0.014001538045704365 
v 0.7856806516647339 0.03763988986611366 -0.011592007242143154 
v 0.7737547159194946 0.03763988986611366 0.005216413177549839 
v 0.7972478866577148 0.03763988986611366 0.0006111004040576518 
v 0.799220621585846 0.03763988986611366 0.000436215108493343 
v 0.8015968203544617 0.03763988986611366 0.00047507850104011595 
v 0.8027625679969788 0.03763988986611366 0.0006111004040576518 
v 0.8038833737373352 0.03763988986611366 0.0008248491212725639 
v 0.8049594163894653 0.03763988986611366 0.0010968928690999746 
v 0.8059458136558533 0.03763988986611366 0.0014660952147096395 
v 0.8069769740104675 0.03763988986611366 0.0019518877379596233 
v 0.8079633116722107 0.03763988986611366 0.002554270438849926 
v 0.6704114079475403 -0.03764000162482262 0.08296264708042145 
v 0.6517154574394226 -0.03764000162482262 0.08296264708042145 
v 0.6517154574394226 -0.03764000162482262 0.06613479554653168 
v 0.6517154574394226 -0.03764000162482262 0.03244022652506828 
v 0.5512863993644714 0.03763988986611366 0.01372749824076891 
v 0.5512863993644714 -0.03764000162482262 0.01372749824076891 
v 0.5134461522102356 0.03763988986611366 0.01372749824076891 
v 0.5134461522102356 -0.03764000162482262 0.01372749824076891 
v 0.38701313734054565 0.03763988986611366 0.08286548405885696 
v 0.3901515603065491 0.03763988986611366 0.08169958740472794 
v 0.3836505711078644 0.03763988986611366 0.08379820734262466 
v 0.3961145281791687 0.03763988986611366 0.07843505591154099 
v 0.3564809262752533 0.03763988986611366 0.0843617245554924 
v 0.36468562483787537 0.03763988986611366 0.07054578512907028 
v 0.3591710031032562 0.03763988986611366 0.06969079375267029 
v 0.3537460267543793 0.03763988986611366 0.06842773407697678 
v 0.3483659029006958 0.03763988986611366 0.06683433055877686 
v 0.3431650996208191 0.03763988986611366 0.0813109502196312 
v 0.3431650996208191 0.03763988986611366 0.06489116698503494 
v 0.39880460500717163 0.03763988986611366 0.07631700485944748 
v 0.40001511573791504 0.03763988986611366 0.0751122385263443 
v 0.4021671712398529 0.03763988986611366 0.07248895615339279 
v 0.4057539403438568 0.03763988986611366 0.06483286619186401 
v 0.40396055579185486 0.03763988986611366 0.06957420706748962 
v 0.4046778976917267 0.03763988986611366 0.0679808035492897 
v 0.3880443572998047 0.03763988986611366 0.05601087585091591 
v 0.38817885518074036 0.03763988986611366 0.05667155608534813 
v 0.38822367787361145 0.03763988986611366 0.05735166370868683 
v 0.38826850056648254 0.03763988986611366 0.058770179748535156 
v 0.3880891799926758 0.03763988986611366 0.060188692063093185 
v 0.38773050904273987 0.03763988986611366 0.06156834214925766 
v 0.3875063359737396 0.03763988986611366 0.062209587544202805 
v 0.3872373104095459 0.03763988986611366 0.06283140182495117 
v 0.38692349195480347 0.03763988986611366 0.06343378871679306 
v 0.3865199685096741 0.03763988986611366 0.06403616815805435 
v 0.3856681287288666 0.03763988986611366 0.06512434780597687 
v 0.3847265839576721 0.03763988986611366 0.06605706363916397 
v 0.3836505711078644 0.03763988986611366 0.06691206246614456 
v 0.3824400305747986 0.03763988986611366 0.06766989827156067 
v 0.3811398446559906 0.03763988986611366 0.06833057850599289 
v 0.3786291182041168 0.03763988986611366 0.06930215656757355 
v 0.3758493959903717 0.03763988986611366 0.0700211301445961 
v 0.3731593191623688 0.03763988986611366 0.0704486295580864 
v 0.3702899217605591 0.03763988986611366 0.07066237926483154 
v 0.36724117398262024 0.03763988986611366 0.0707012414932251 
v 0.37692540884017944 0.03763988986611366 0.08492524921894073 
v 0.37011057138442993 0.03763988986611366 0.08527501672506332 
v 0.3632509112358093 0.03763988986611366 0.08506126701831818 
v 0.37616321444511414 0.03763988986611366 0.021422451362013817 
v 0.37616321444511414 -0.03764000162482262 0.021422451362013817 
v 0.37239712476730347 0.03763988986611366 0.019090646877884865 
v 0.37239712476730347 -0.03764000162482262 0.019090646877884865 
v 0.3687207102775574 0.03763988986611366 0.01664225198328495 
v 0.3687207102775574 -0.03764000162482262 0.01664225198328495 
v 0.36522364616394043 0.03763988986611366 0.013980110175907612 
v 0.36522364616394043 -0.03764000162482262 0.013980110175907612 
v 0.36473044753074646 0.03763988986611366 0.013494317419826984 
v 0.36473044753074646 -0.03764000162482262 0.013494317419826984 
v 0.36401310563087463 0.03763988986611366 0.012717049568891525 
v 0.36401310563087463 -0.03764000162482262 0.012717049568891525 
v 0.36320608854293823 0.03763988986611366 0.01160944253206253 
v 0.36320608854293823 -0.03764000162482262 0.01160944253206253 
v 0.3626232445240021 0.03763988986611366 0.010462972335517406 
v 0.3626232445240021 -0.03764000162482262 0.010462972335517406 
v 0.3622197210788727 0.03763988986611366 0.009433092549443245 
v 0.3622197210788727 -0.03764000162482262 0.009433092549443245 
v 0.36199554800987244 0.03763988986611366 0.008344916626811028 
v 0.36199554800987244 -0.03764000162482262 0.008344916626811028 
v 0.36186105012893677 0.03763988986611366 0.00723731005564332 
v 0.36186105012893677 -0.03764000162482262 0.00723731005564332 
v 0.36190590262413025 0.03763988986611366 0.006168566644191742 
v 0.36190590262413025 -0.03764000162482262 0.006168566644191742 
v 0.36195072531700134 0.03763988986611366 0.005605047103017569 
v 0.36195072531700134 -0.03764000162482262 0.005605047103017569 
v 0.362085223197937 0.03763988986611366 0.005080391187220812 
v 0.362085223197937 -0.03764000162482262 0.005080391187220812 
v 0.3622197210788727 0.03763988986611366 0.004555735271424055 
v 0.3622197210788727 -0.03764000162482262 0.004555735271424055 
v 0.36239907145500183 0.03763988986611366 0.004031079821288586 
v 0.36239907145500183 -0.03764000162482262 0.004031079821288586 
v 0.3626232445240021 0.03763988986611366 0.0035452870652079582 
v 0.3626232445240021 -0.03764000162482262 0.0035452870652079582 
v 0.3628474175930023 0.03763988986611366 0.0030400629620999098 
v 0.3628474175930023 -0.03764000162482262 0.0030400629620999098 
v 0.36351993680000305 0.03763988986611366 0.002107341308146715 
v 0.36351993680000305 -0.03764000162482262 0.002107341308146715 
v 0.3641476035118103 0.03763988986611366 0.0013300733407959342 
v 0.3641476035118103 -0.03764000162482262 0.0013300733407959342 
v 0.3649546205997467 0.03763988986611366 0.0005916687077842653 
v 0.3649546205997467 -0.03764000162482262 0.0005916687077842653 
v 0.3658513128757477 0.03763988986611366 -0.00010787250357680023 
v 0.3658513128757477 -0.03764000162482262 -0.00010787250357680023 
v 0.36683768033981323 0.03763988986611366 -0.0007685503223910928 
v 0.36683768033981323 -0.03764000162482262 -0.0007685503223910928 
v 0.36876556277275085 0.03763988986611366 -0.0018178621539846063 
v 0.36876556277275085 -0.03764000162482262 -0.0018178621539846063 
v 0.37082794308662415 0.03763988986611366 -0.002614561701193452 
v 0.37082794308662415 -0.03764000162482262 -0.002614561701193452 
v 0.37289032340049744 0.03763988986611366 -0.00319751282222569 
v 0.37289032340049744 -0.03764000162482262 -0.00319751282222569 
v 0.3751320242881775 0.03763988986611366 -0.003566715167835355 
v 0.3751320242881775 -0.03764000162482262 -0.003566715167835355 
v 0.377418577671051 0.03763988986611366 -0.0037221687380224466 
v 0.377418577671051 -0.03764000162482262 -0.0037221687380224466 
v 0.3795258104801178 0.03763988986611366 -0.0036833053454756737 
v 0.3795258104801178 -0.03764000162482262 -0.0036833053454756737 
v 0.3839195668697357 0.03763988986611366 -0.0032169444020837545 
v 0.3839195668697357 -0.03764000162482262 -0.0032169444020837545 
v 0.38822367787361145 0.03763988986611366 -0.0023230863735079765 
v 0.38822367787361145 -0.03764000162482262 -0.0023230863735079765 
v 0.3924829363822937 0.03763988986611366 -0.001098889159038663 
v 0.3924829363822937 -0.03764000162482262 -0.001098889159038663 
v 0.39660772681236267 0.03763988986611366 0.0003973516868427396 
v 0.39660772681236267 -0.03764000162482262 0.0003973516868427396 
v 0.40068763494491577 0.03763988986611366 0.002087909495458007 
v 0.40068763494491577 -0.03764000162482262 0.002087909495458007 
v 0.28878098726272583 0.03763988986611366 0.24168077111244202 
v 0.27896225452423096 0.03763988986611366 0.25232934951782227 
v 0.26735013723373413 0.03763988986611366 0.26227837800979614 
v 0.4069196283817291 0.03763988986611366 0.05461179465055466 
v 0.4066954553127289 0.03763988986611366 0.051133520901203156 
v 0.40687480568885803 0.03763988986611366 0.05809006839990616 
v 0.40647128224372864 0.03763988986611366 0.06143232062458992 
v 0.40552976727485657 0.03763988986611366 0.04621729999780655 
v 0.40490207076072693 0.03763988986611366 0.04462390020489693 
v 0.37616321444511414 -0.03764000162482262 0.021422451362013817 
v 0.37616321444511414 0.03763988986611366 0.021422451362013817 
v 0.38208135962486267 -0.03764000162482262 0.024861862882971764 
v 0.38208135962486267 0.03763988986611366 0.024861862882971764 
v 0.3879546821117401 -0.03764000162482262 0.028359567746520042 
v 0.3879546821117401 0.03763988986611366 0.028359567746520042 
v 0.3936486542224884 -0.03764000162482262 0.03210988640785217 
v 0.3936486542224884 0.03763988986611366 0.03210988640785217 
v 0.3990287780761719 -0.03764000162482262 0.036326564848423004 
v 0.3990287780761719 0.03763988986611366 0.036326564848423004 
v 0.40122565627098083 -0.03764000162482262 0.0386195071041584 
v 0.40122565627098083 0.03763988986611366 0.0386195071041584 
v 0.40234652161598206 -0.03764000162482262 0.040076881647109985 
v 0.40234652161598206 0.03763988986611366 0.040076881647109985 
v 0.4033777117729187 -0.03764000162482262 0.0415925569832325 
v 0.4033777117729187 0.03763988986611366 0.0415925569832325 
v 0.4041847288608551 -0.03764000162482262 0.04306936636567116 
v 0.4041847288608551 0.03763988986611366 0.04306936636567116 
v 0.40490207076072693 -0.03764000162482262 0.04462390020489693 
v 0.40490207076072693 0.03763988986611366 0.04462390020489693 
v 0.40552976727485657 -0.03764000162482262 0.04621729999780655 
v 0.40552976727485657 0.03763988986611366 0.04621729999780655 
v 0.40602293610572815 -0.03764000162482262 0.047849562019109726 
v 0.40602293610572815 0.03763988986611366 0.047849562019109726 
v 0.4066954553127289 -0.03764000162482262 0.051133520901203156 
v 0.4066954553127289 0.03763988986611366 0.051133520901203156 
v 0.4069196283817291 -0.03764000162482262 0.05461179465055466 
v 0.4069196283817291 0.03763988986611366 0.05461179465055466 
v 0.40687480568885803 -0.03764000162482262 0.05809006839990616 
v 0.40687480568885803 0.03763988986611366 0.05809006839990616 
v 0.40647128224372864 -0.03764000162482262 0.06143232062458992 
v 0.40647128224372864 0.03763988986611366 0.06143232062458992 
v 0.4057539403438568 -0.03764000162482262 0.06483286619186401 
v 0.4057539403438568 0.03763988986611366 0.06483286619186401 
v 0.4046778976917267 -0.03764000162482262 0.0679808035492897 
v 0.4046778976917267 0.03763988986611366 0.0679808035492897 
v 0.40396055579185486 -0.03764000162482262 0.06957420706748962 
v 0.40396055579185486 0.03763988986611366 0.06957420706748962 
v 0.40310871601104736 -0.03764000162482262 0.07105101644992828 
v 0.40310871601104736 0.03763988986611366 0.07105101644992828 
v 0.4021671712398529 -0.03764000162482262 0.07248895615339279 
v 0.4021671712398529 0.03763988986611366 0.07248895615339279 
v 0.40118083357810974 -0.03764000162482262 0.07382974773645401 
v 0.40118083357810974 0.03763988986611366 0.07382974773645401 
v 0.40001511573791504 -0.03764000162482262 0.0751122385263443 
v 0.40001511573791504 0.03763988986611366 0.0751122385263443 
v 0.39880460500717163 -0.03764000162482262 0.07631700485944748 
v 0.39880460500717163 0.03763988986611366 0.07631700485944748 
v 0.3961145281791687 -0.03764000162482262 0.07843505591154099 
v 0.3961145281791687 0.03763988986611366 0.07843505591154099 
v 0.3932899534702301 -0.03764000162482262 0.0802033469080925 
v 0.3932899534702301 0.03763988986611366 0.0802033469080925 
v 0.3901515603065491 -0.03764000162482262 0.08169958740472794 
v 0.3901515603065491 0.03763988986611366 0.08169958740472794 
v 0.38701313734054565 -0.03764000162482262 0.08286548405885696 
v 0.38701313734054565 0.03763988986611366 0.08286548405885696 
v 0.3836505711078644 -0.03764000162482262 0.08379820734262466 
v 0.3836505711078644 0.03763988986611366 0.08379820734262466 
v 0.37692540884017944 -0.03764000162482262 0.08492524921894073 
v 0.37692540884017944 0.03763988986611366 0.08492524921894073 
v 0.37011057138442993 -0.03764000162482262 0.08527501672506332 
v 0.37011057138442993 0.03763988986611366 0.08527501672506332 
v 0.3632509112358093 -0.03764000162482262 0.08506126701831818 
v 0.3632509112358093 0.03763988986611366 0.08506126701831818 
v 0.3564809262752533 -0.03764000162482262 0.0843617245554924 
v 0.3564809262752533 0.03763988986611366 0.0843617245554924 
v 0.34975576400756836 -0.03764000162482262 0.08305980265140533 
v 0.34975576400756836 0.03763988986611366 0.08305980265140533 
v 0.3431650996208191 -0.03764000162482262 0.0813109502196312 
v 0.3431650996208191 0.03763988986611366 0.0813109502196312 
v 0.23645924031734467 0.03763988986611366 -0.043868061155080795 
v 0.23645924031734467 -0.03764000162482262 -0.043868061155080795 
v 0.23645924031734467 0.03763988986611366 -0.060501597821712494 
v 0.23645924031734467 -0.03764000162482262 -0.060501597821712494 
v 0.16311015188694 -0.03764000162482262 -0.11916589736938477 
v 0.16311015188694 0.03763988986611366 -0.11916589736938477 
v 0.1521705687046051 -0.03764000162482262 -0.10892539471387863 
v 0.1521705687046051 0.03763988986611366 -0.10892539471387863 
v 0.480358362197876 0.03763988986611366 0.08379820734262466 
v 0.480358362197876 -0.03764000162482262 0.08379820734262466 
v 0.480358362197876 0.03763988986611366 0.06924386322498322 
v 0.480358362197876 -0.03764000162482262 0.06924386322498322 
v 0.43588265776634216 0.03763988986611366 -0.01600300334393978 
v 0.43588265776634216 -0.03764000162482262 -0.01600300334393978 
v 0.41817307472229004 0.03763988986611366 -0.01600300334393978 
v 0.41817307472229004 -0.03764000162482262 -0.01600300334393978 
v 0.5126391649246216 -0.03764000162482262 0.026202648878097534 
v 0.5126391649246216 0.03763988986611366 0.026202648878097534 
v 0.5128633379936218 -0.03764000162482262 0.032168179750442505 
v 0.5128633379936218 0.03763988986611366 0.032168179750442505 
v 0.5137151479721069 -0.03764000162482262 0.038075417280197144 
v 0.5137151479721069 0.03763988986611366 0.038075417280197144 
v 0.5151498913764954 -0.03764000162482262 0.04386606439948082 
v 0.5151498913764954 0.03763988986611366 0.04386606439948082 
v 0.5173019170761108 -0.03764000162482262 0.04944296181201935 
v 0.5173019170761108 0.03763988986611366 0.04944296181201935 
v 0.520126461982727 -0.03764000162482262 0.05470895394682884 
v 0.520126461982727 0.03763988986611366 0.05470895394682884 
v 0.5217853784561157 -0.03764000162482262 0.05719621106982231 
v 0.5217853784561157 0.03763988986611366 0.05719621106982231 
v 0.5236235857009888 -0.03764000162482262 0.05954744666814804 
v 0.5236235857009888 0.03763988986611366 0.05954744666814804 
v 0.5256859660148621 -0.03764000162482262 0.06174322962760925 
v 0.5256859660148621 0.03763988986611366 0.06174322962760925 
v 0.5278828144073486 -0.03764000162482262 0.06370583176612854 
v 0.5278828144073486 0.03763988986611366 0.06370583176612854 
v 0.5303038954734802 -0.03764000162482262 0.06549354642629623 
v 0.5303038954734802 0.03763988986611366 0.06549354642629623 
v 0.5328594446182251 -0.03764000162482262 0.06698978692293167 
v 0.5328594446182251 0.03763988986611366 0.06698978692293167 
v 0.535549521446228 -0.03764000162482262 0.06825284659862518 
v 0.535549521446228 0.03763988986611366 0.06825284659862518 
v 0.5384189486503601 -0.03764000162482262 0.06924386322498322 
v 0.5384189486503601 0.03763988986611366 0.06924386322498322 
v 0.5412434935569763 -0.03764000162482262 0.06996283680200577 
v 0.5412434935569763 0.03763988986611366 0.06996283680200577 
v 0.5442473888397217 -0.03764000162482262 0.0704486295580864 
v 0.5442473888397217 0.03763988986611366 0.0704486295580864 
v 0.5502103567123413 -0.03764000162482262 0.0707012414932251 
v 0.5502103567123413 0.03763988986611366 0.0707012414932251 
v 0.5561733245849609 -0.03764000162482262 0.07021544873714447 
v 0.5561733245849609 0.03763988986611366 0.07021544873714447 
v 0.5620018243789673 -0.03764000162482262 0.06895238906145096 
v 0.5620018243789673 0.03763988986611366 0.06895238906145096 
v 0.5676957964897156 -0.03764000162482262 0.06718410551548004 
v 0.5676957964897156 0.03763988986611366 0.06718410551548004 
v 0.3431650996208191 -0.03764000162482262 0.0813109502196312 
v 0.3431650996208191 0.03763988986611366 0.0813109502196312 
v 0.3431650996208191 -0.03764000162482262 0.06489116698503494 
v 0.3431650996208191 0.03763988986611366 0.06489116698503494 
v 0.6659279465675354 0.03763988986611366 -0.006053972523659468 
v 0.6648519039154053 0.03763988986611366 -0.007899983786046505 
v 0.6668246388435364 0.03763988986611366 -0.00424682442098856 
v 0.6622515320777893 0.03763988986611366 -0.011242236942052841 
v 0.6704114079475403 0.03763988986611366 0.03286772221326828 
v 0.6500566005706787 0.03763988986611366 0.008014578372240067 
v 0.6504600644111633 0.03763988986611366 0.009394228458404541 
v 0.6507739424705505 0.03763988986611366 0.011123649775981903 
v 0.6512671113014221 0.03763988986611366 0.015612373128533363 
v 0.6704114079475403 0.03763988986611366 0.041203923523426056 
v 0.6704114079475403 0.03763988986611366 0.06625138223171234 
v 0.6517154574394226 0.03763988986611366 0.03244022652506828 
v 0.6704114079475403 0.03763988986611366 0.07462644577026367 
v 0.6517154574394226 0.03763988986611366 0.06613479554653168 
v 0.6704114079475403 0.03763988986611366 0.08296264708042145 
v 0.3431650996208191 -0.03764000162482262 0.06489116698503494 
v 0.3431650996208191 0.03763988986611366 0.06489116698503494 
v 0.3483659029006958 -0.03764000162482262 0.06683433055877686 
v 0.3483659029006958 0.03763988986611366 0.06683433055877686 
v 0.3537460267543793 -0.03764000162482262 0.06842773407697678 
v 0.3537460267543793 0.03763988986611366 0.06842773407697678 
v 0.3591710031032562 -0.03764000162482262 0.06969079375267029 
v 0.3591710031032562 0.03763988986611366 0.06969079375267029 
v 0.36468562483787537 -0.03764000162482262 0.07054578512907028 
v 0.36468562483787537 0.03763988986611366 0.07054578512907028 
v 0.36724117398262024 -0.03764000162482262 0.0707012414932251 
v 0.36724117398262024 0.03763988986611366 0.0707012414932251 
v 0.3702899217605591 -0.03764000162482262 0.07066237926483154 
v 0.3702899217605591 0.03763988986611366 0.07066237926483154 
v 0.3731593191623688 -0.03764000162482262 0.0704486295580864 
v 0.3731593191623688 0.03763988986611366 0.0704486295580864 
v 0.3758493959903717 -0.03764000162482262 0.0700211301445961 
v 0.3758493959903717 0.03763988986611366 0.0700211301445961 
v 0.3786291182041168 -0.03764000162482262 0.06930215656757355 
v 0.3786291182041168 0.03763988986611366 0.06930215656757355 
v 0.3811398446559906 -0.03764000162482262 0.06833057850599289 
v 0.3811398446559906 0.03763988986611366 0.06833057850599289 
v 0.3824400305747986 -0.03764000162482262 0.06766989827156067 
v 0.3824400305747986 0.03763988986611366 0.06766989827156067 
v 0.3836505711078644 -0.03764000162482262 0.06691206246614456 
v 0.3836505711078644 0.03763988986611366 0.06691206246614456 
v 0.3847265839576721 -0.03764000162482262 0.06605706363916397 
v 0.3847265839576721 0.03763988986611366 0.06605706363916397 
v 0.3856681287288666 -0.03764000162482262 0.06512434780597687 
v 0.3856681287288666 0.03763988986611366 0.06512434780597687 
v 0.3865199685096741 -0.03764000162482262 0.06403616815805435 
v 0.3865199685096741 0.03763988986611366 0.06403616815805435 
v 0.38692349195480347 -0.03764000162482262 0.06343378871679306 
v 0.38692349195480347 0.03763988986611366 0.06343378871679306 
v 0.3872373104095459 -0.03764000162482262 0.06283140182495117 
v 0.3872373104095459 0.03763988986611366 0.06283140182495117 
v 0.3875063359737396 -0.03764000162482262 0.062209587544202805 
v 0.3875063359737396 0.03763988986611366 0.062209587544202805 
v 0.38773050904273987 -0.03764000162482262 0.06156834214925766 
v 0.38773050904273987 0.03763988986611366 0.06156834214925766 
v 0.3880891799926758 -0.03764000162482262 0.060188692063093185 
v 0.3880891799926758 0.03763988986611366 0.060188692063093185 
v 0.38826850056648254 -0.03764000162482262 0.058770179748535156 
v 0.38826850056648254 0.03763988986611366 0.058770179748535156 
v 0.38822367787361145 -0.03764000162482262 0.05735166370868683 
v 0.38822367787361145 0.03763988986611366 0.05735166370868683 
v 0.38817885518074036 -0.03764000162482262 0.05667155608534813 
v 0.38817885518074036 0.03763988986611366 0.05667155608534813 
v 0.3880443572998047 -0.03764000162482262 0.05601087585091591 
v 0.3880443572998047 0.03763988986611366 0.05601087585091591 
v 0.38786500692367554 -0.03764000162482262 0.05533076822757721 
v 0.38786500692367554 0.03763988986611366 0.05533076822757721 
v 0.3875960111618042 -0.03764000162482262 0.05467008799314499 
v 0.3875960111618042 0.03763988986611366 0.05467008799314499 
v 0.3872373104095459 -0.03764000162482262 0.05391225218772888 
v 0.3872373104095459 0.03763988986611366 0.05391225218772888 
v 0.3868338167667389 -0.03764000162482262 0.053154416382312775 
v 0.3868338167667389 0.03763988986611366 0.053154416382312775 
v 0.3863406479358673 -0.03764000162482262 0.05239658057689667 
v 0.3863406479358673 0.03763988986611366 0.05239658057689667 
v 0.38575777411460876 -0.03764000162482262 0.05165817588567734 
v 0.38575777411460876 0.03763988986611366 0.05165817588567734 
v 0.38495075702667236 -0.03764000162482262 0.05074488744139671 
v 0.38495075702667236 0.03763988986611366 0.05074488744139671 
v 0.3843230903148651 -0.03764000162482262 0.05022022873163223 
v 0.3843230903148651 0.03763988986611366 0.05022022873163223 
v 0.3798396587371826 -0.03764000162482262 0.046916842460632324 
v 0.3798396587371826 0.03763988986611366 0.046916842460632324 
v 0.37517687678337097 -0.03764000162482262 0.04380777105689049 
v 0.37517687678337097 0.03763988986611366 0.04380777105689049 
v 0.3705140948295593 -0.03764000162482262 0.04077642410993576 
v 0.3705140948295593 0.03763988986611366 0.04077642410993576 
v 0.3657616376876831 -0.03764000162482262 0.03784223645925522 
v 0.3657616376876831 0.03763988986611366 0.03784223645925522 
v 0.3609195351600647 -0.03764000162482262 0.03502464294433594 
v 0.3609195351600647 0.03763988986611366 0.03502464294433594 
v 0.35625675320625305 -0.03764000162482262 0.031954433768987656 
v 0.35625675320625305 0.03763988986611366 0.031954433768987656 
v 0.35186299681663513 -0.03764000162482262 0.028495589271187782 
v 0.35186299681663513 0.03763988986611366 0.028495589271187782 
v 0.3500247597694397 -0.03764000162482262 0.02670787274837494 
v 0.3500247597694397 0.03763988986611366 0.02670787274837494 
v 0.34809690713882446 -0.03764000162482262 0.024395501241087914 
v 0.34809690713882446 0.03763988986611366 0.024395501241087914 
v 0.34652769565582275 -0.03764000162482262 0.022044265642762184 
v 0.34652769565582275 0.03763988986611366 0.022044265642762184 
v 0.3452274799346924 -0.03764000162482262 0.01959587074816227 
v 0.3452274799346924 0.03763988986611366 0.01959587074816227 
v 0.3442859649658203 -0.03764000162482262 0.016992023214697838 
v 0.3442859649658203 0.03763988986611366 0.016992023214697838 
v 0.3435686230659485 -0.03764000162482262 0.014271585270762444 
v 0.3435686230659485 0.03763988986611366 0.014271585270762444 
v 0.3432099521160126 -0.03764000162482262 0.01155114732682705 
v 0.3432099521160126 0.03763988986611366 0.01155114732682705 
v 0.3431650996208191 -0.03764000162482262 0.008714118972420692 
v 0.3431650996208191 0.03763988986611366 0.008714118972420692 
v 0.34334444999694824 -0.03764000162482262 0.005857659503817558 
v 0.34334444999694824 0.03763988986611366 0.005857659503817558 
v 0.34374794363975525 -0.03764000162482262 0.0031566531397402287 
v 0.34374794363975525 0.03763988986611366 0.0031566531397402287 
v 0.344420462846756 -0.03764000162482262 0.0004167834122199565 
v 0.344420462846756 0.03763988986611366 0.0004167834122199565 
v 0.3454516530036926 -0.03764000162482262 -0.0021482009906321764 
v 0.3454516530036926 0.03763988986611366 -0.0021482009906321764 
v 0.3467070162296295 -0.03764000162482262 -0.004635458812117577 
v 0.3467070162296295 0.03763988986611366 -0.004635458812117577 
v 0.3483210504055023 -0.03764000162482262 -0.00690896762534976 
v 0.3483210504055023 0.03763988986611366 -0.00690896762534976 
v 0.35015928745269775 -0.03764000162482262 -0.00896872766315937 
v 0.35015928745269775 0.03763988986611366 -0.00896872766315937 
v 0.35231131315231323 -0.03764000162482262 -0.010814739391207695 
v 0.35231131315231323 0.03763988986611366 -0.010814739391207695 
v 0.35459786653518677 -0.03764000162482262 -0.012427570298314095 
v 0.35459786653518677 0.03763988986611366 -0.012427570298314095 
v 0.35701894760131836 -0.03764000162482262 -0.013826652429997921 
v 0.35701894760131836 0.03763988986611366 -0.013826652429997921 
v 0.35948482155799866 -0.03764000162482262 -0.014992554672062397 
v 0.35948482155799866 0.03763988986611366 -0.014992554672062397 
v 0.3621748983860016 -0.03764000162482262 -0.015983572229743004 
v 0.3621748983860016 0.03763988986611366 -0.015983572229743004 
v 0.36759984493255615 -0.03764000162482262 -0.01736322231590748 
v 0.36759984493255615 0.03763988986611366 -0.01736322231590748 
v 0.3731144964694977 -0.03764000162482262 -0.018101627007126808 
v 0.3731144964694977 0.03763988986611366 -0.018101627007126808 
v 0.3786739408969879 -0.03764000162482262 -0.01829594373703003 
v 0.3786739408969879 0.03763988986611366 -0.01829594373703003 
v 0.384278267621994 -0.03764000162482262 -0.01796560548245907 
v 0.384278267621994 0.03763988986611366 -0.01796560548245907 
v 0.38979288935661316 -0.03764000162482262 -0.01709117740392685 
v 0.38979288935661316 0.03763988986611366 -0.01709117740392685 
v 0.3952178359031677 -0.03764000162482262 -0.015925277024507523 
v 0.3952178359031677 0.03763988986611366 -0.015925277024507523 
v 0.40068763494491577 -0.03764000162482262 -0.014759373851120472 
v 0.40068763494491577 0.03763988986611366 -0.014759373851120472 
v 0.6607720255851746 0.03763988986611366 -0.012680182233452797 
v 0.659157931804657 0.03763988986611366 -0.013943242840468884 
v 0.655616044998169 0.03763988986611366 -0.015983572229743004 
v 0.6476355195045471 0.03763988986611366 -0.018101627007126808 
v 0.6515809297561646 0.03763988986611366 -0.017382653430104256 
v 0.6496530771255493 0.03763988986611366 -0.017810150980949402 
v 0.6119921803474426 0.03763988986611366 0.005216413177549839 
v 0.6310916543006897 0.03763988986611366 -0.01586698181927204 
v 0.6239181160926819 0.03763988986611366 -0.011592007242143154 
v 0.6273703575134277 0.03763988986611366 -0.013982106000185013 
v 0.6316296458244324 0.03763988986611366 0.0016409804811701179 
v 0.6335126757621765 0.03763988986611366 0.0010385977802798152 
v 0.6354405879974365 0.03763988986611366 0.0006111004040576518 
v 0.637458086013794 0.03763988986611366 0.000436215108493343 
v 0.6397895216941833 0.03763988986611366 0.00047507850104011595 
v 0.6410000324249268 0.03763988986611366 0.0005916687077842653 
v 0.642120897769928 0.03763988986611366 0.0008054174249991775 
v 0.6431520581245422 0.03763988986611366 0.0010968928690999746 
v 0.6441384553909302 0.03763988986611366 0.001446663518436253 
v 0.6451696157455444 0.03763988986611366 0.0019324560416862369 
v 0.6461560130119324 0.03763988986611366 0.0025348386261612177 
v 0.6470078229904175 0.03763988986611366 0.0032343799248337746 
v 0.6478148698806763 0.03763988986611366 0.004011647775769234 
v 0.648487389087677 0.03763988986611366 0.00492493761703372 
v 0.6491150259971619 0.03763988986611366 0.005896522663533688 
v 0.6496530771255493 0.03763988986611366 0.006965266074985266 
v 0.6350818872451782 0.03763988986611366 -0.017207767814397812 
v 0.6390721201896667 0.03763988986611366 -0.017985036596655846 
v 0.6433314085006714 0.03763988986611366 -0.01829594373703003 
v 0.8225345015525818 0.03763988986611366 -0.012680182233452797 
v 0.820920467376709 0.03763988986611366 -0.013943242840468884 
v 0.6119921803474426 0.03763988986611366 -0.01600300334393978 
v 0.593296229839325 0.03763988986611366 -0.01600300334393978 
v 0.6119921803474426 0.03763988986611366 0.06613479554653168 
v 0.6119921803474426 0.03763988986611366 0.08296264708042145 
v 0.593296229839325 0.03763988986611366 0.08296264708042145 
v -0.15050646662712097 0.03763988986611366 0.08255457878112793 
v -0.15050646662712097 -0.03764000162482262 0.08255457878112793 
v -0.16306009888648987 0.03763988986611366 0.09561268240213394 
v -0.16306009888648987 -0.03764000162482262 0.09561268240213394 
v -0.17677943408489227 0.03763988986611366 0.10754374414682388 
v -0.17677943408489227 -0.03764000162482262 0.10754374414682388 
v -0.1904090791940689 0.03763988986611366 0.1194942444562912 
v -0.1904090791940689 -0.03764000162482262 0.1194942444562912 
v 0.6158031225204468 0.03763988986611366 -0.0021870643831789494 
v 0.6182689666748047 0.03763988986611366 -0.005840224213898182 
v 0.6208245754241943 0.03763988986611366 -0.00883270613849163 
v -0.14283978939056396 -0.03764000162482262 -0.010834170505404472 
v -0.14283978939056396 0.03763988986611366 -0.010834170505404472 
v -0.08841082453727722 -0.03764000162482262 -0.010834170505404472 
v -0.08841082453727722 0.03763988986611366 -0.010834170505404472 
v 0.6119921803474426 0.03763988986611366 0.040951307862997055 
v 0.6121266484260559 0.03763988986611366 0.036656904965639114 
v 0.6125749945640564 0.03763988986611366 0.03245965763926506 
v 0.6133372187614441 0.03763988986611366 0.028262410312891006 
v 0.6144132018089294 0.03763988986611366 0.024201184511184692 
v 0.6158479452133179 0.03763988986611366 0.020275980234146118 
v 0.6175516247749329 0.03763988986611366 0.016486799344420433 
v 0.619524359703064 0.03763988986611366 0.012950229458510876 
v 0.622169554233551 0.03763988986611366 0.009122185409069061 
v 0.6236042976379395 0.03763988986611366 0.007451058831065893 
v 0.6250389814376831 0.03763988986611366 0.0059742494486272335 
v 0.6265184879302979 0.03763988986611366 0.004652894102036953 
v 0.6280428767204285 0.03763988986611366 0.0035258554853498936 
v 0.6297914385795593 0.03763988986611366 0.00247654365375638 
v 0.45457857847213745 0.03763988986611366 -0.0014680915046483278 
v 0.45457857847213745 -0.03764000162482262 -0.0014680915046483278 
v 0.48201724886894226 0.03763988986611366 -0.0014680915046483278 
v 0.48201724886894226 -0.03764000162482262 -0.0014680915046483278 
v 0.23645924031734467 -0.03764000162482262 -0.060501597821712494 
v 0.23645924031734467 -0.03764000162482262 -0.043868061155080795 
v 0.15952341258525848 -0.03764000162482262 -0.060501597821712494 
v 0.18028172850608826 -0.03764000162482262 -0.043868061155080795 
v 0.18028172850608826 -0.03764000162482262 0.000008717700438864995 
v 0.18028172850608826 -0.03764000162482262 0.01664225198328495 
v 0.23354500532150269 -0.03764000162482262 0.000008717700438864995 
v 0.23354500532150269 -0.03764000162482262 0.01664225198328495 
v 0.15952341258525848 -0.03764000162482262 0.08296264708042145 
v 0.18028172850608826 -0.03764000162482262 0.08296264708042145 
v -0.22632144391536713 -0.03764000162482262 0.12139854580163956 
v -0.22582826018333435 -0.03764000162482262 0.1776338815689087 
v -0.24474838376045227 -0.03764000162482262 0.19452004134655 
v 0.23354500532150269 0.03763988986611366 0.01664225198328495 
v 0.23354500532150269 0.03763988986611366 0.000008717700438864995 
v 0.18028172850608826 0.03763988986611366 0.01664225198328495 
v 0.18028172850608826 0.03763988986611366 0.000008717700438864995 
v 0.15952341258525848 0.03763988986611366 -0.060501597821712494 
v 0.18028172850608826 0.03763988986611366 -0.043868061155080795 
v 0.23645924031734467 0.03763988986611366 -0.043868061155080795 
v 0.15952341258525848 0.03763988986611366 0.08296264708042145 
v 0.18028172850608826 0.03763988986611366 0.08296264708042145 
v 0.31707149744033813 0.03763988986611366 -0.004363414831459522 
v 0.31617480516433716 0.03763988986611366 -0.006015109363943338 
v 0.31859585642814636 0.03763988986611366 -0.0007491186261177063 
v 0.3195822238922119 0.03763988986611366 0.0027874507941305637 
v 0.31128785014152527 0.03763988986611366 -0.011708597652614117 
v 0.28026244044303894 0.03763988986611366 -0.017868446186184883 
v 0.2944749593734741 0.03763988986611366 -0.0022647911682724953 
v 0.2925470769405365 0.03763988986611366 -0.002964332466945052 
v 0.2953716516494751 0.03763988986611366 -0.0018178621539846063 
v 0.2962683141231537 0.03763988986611366 -0.0012932062381878495 
v 0.29712018370628357 0.03763988986611366 -0.0007102551753632724 
v 0.2978823781013489 0.03763988986611366 -0.00006900909647811204 
v 0.2985548675060272 0.03763988986611366 0.0006305321003310382 
v 0.29922738671302795 0.03763988986611366 0.001446663518436253 
v 0.299765408039093 0.03763988986611366 0.002262794878333807 
v 0.3002585768699646 0.03763988986611366 0.0031566531397402287 
v 0.3011104464530945 0.03763988986611366 0.005022096447646618 
v 0.30169329047203064 0.03763988986611366 0.006965266074985266 
v 0.30214163661003113 0.03763988986611366 0.008947299793362617 
v 0.40068763494491577 -0.03764000162482262 -0.014759373851120472 
v 0.40068763494491577 0.03763988986611366 -0.014759373851120472 
v 0.40068763494491577 -0.03764000162482262 0.002087909495458007 
v 0.40068763494491577 0.03763988986611366 0.002087909495458007 
v 0.18028172850608826 -0.03764000162482262 0.08296264708042145 
v 0.18028172850608826 0.03763988986611366 0.08296264708042145 
v 0.15952341258525848 -0.03764000162482262 0.08296264708042145 
v 0.15952341258525848 0.03763988986611366 0.08296264708042145 
v 0.30976349115371704 0.03763988986611366 -0.012874498963356018 
v 0.3082391023635864 0.03763988986611366 -0.013865516521036625 
v 0.30294865369796753 0.03763988986611366 -0.016236184164881706 
v 0.29550614953041077 0.03763988986611366 -0.01788787730038166 
v 0.28788429498672485 0.03763988986611366 -0.01829594373703003 
v 0.15952341258525848 -0.03764000162482262 0.08296264708042145 
v 0.15952341258525848 0.03763988986611366 0.08296264708042145 
v 0.15952341258525848 -0.03764000162482262 -0.060501597821712494 
v 0.15952341258525848 0.03763988986611366 -0.060501597821712494 
v -0.37145039439201355 0.03763988986611366 0.1944228708744049 
v -0.37145039439201355 -0.03764000162482262 0.1944228708744049 
v -0.24474838376045227 0.03763988986611366 0.19452004134655 
v -0.24474838376045227 -0.03764000162482262 0.19452004134655 
v -0.20771516859531403 -0.03764000162482262 0.19479207694530487 
v -0.20771516859531403 0.03763988986611366 0.19479207694530487 
v -0.20798416435718536 -0.03764000162482262 0.19461719691753387 
v -0.20798416435718536 0.03763988986611366 0.19461719691753387 
v 1.0168019533157349 0.03763988986611366 0.002087909495458007 
v 1.0168019533157349 -0.03764000162482262 0.002087909495458007 
v 1.0168019533157349 0.03763988986611366 -0.014759373851120472 
v 1.0168019533157349 -0.03764000162482262 -0.014759373851120472 
v -0.20493543148040771 -0.03764000162482262 0.15907661616802216 
v -0.20493543148040771 0.03763988986611366 0.15907661616802216 
v -0.22582826018333435 -0.03764000162482262 0.1776338815689087 
v -0.22582826018333435 0.03763988986611366 0.1776338815689087 
v -0.24474838376045227 -0.03764000162482262 0.19452004134655 
v -0.24474838376045227 0.03763988986611366 0.19452004134655 
v 0.23354500532150269 -0.03764000162482262 0.000008717700438864995 
v 0.23354500532150269 0.03763988986611366 0.000008717700438864995 
v 0.23354500532150269 -0.03764000162482262 0.01664225198328495 
v 0.23354500532150269 0.03763988986611366 0.01664225198328495 
v 0.23354500532150269 -0.03764000162482262 0.01664225198328495 
v 0.23354500532150269 0.03763988986611366 0.01664225198328495 
v 0.18028172850608826 -0.03764000162482262 0.01664225198328495 
v 0.18028172850608826 0.03763988986611366 0.01664225198328495 
v -0.20493543148040771 0.03763988986611366 0.15907661616802216 
v -0.20493543148040771 -0.03764000162482262 0.15907661616802216 
v -0.22632144391536713 0.03763988986611366 0.12139854580163956 
v -0.22632144391536713 -0.03764000162482262 0.12139854580163956 
v -0.22632144391536713 0.03763988986611366 0.12139854580163956 
v -0.22632144391536713 -0.03764000162482262 0.12139854580163956 
v -0.2139023095369339 0.03763988986611366 0.10832101106643677 
v -0.2139023095369339 -0.03764000162482262 0.10832101106643677 
v -0.20040716230869293 0.03763988986611366 0.09631222486495972 
v -0.20040716230869293 -0.03764000162482262 0.09631222486495972 
v -0.18700167536735535 0.03763988986611366 0.08422570675611496 
v -0.18700167536735535 -0.03764000162482262 0.08422570675611496 
v 0.23645924031734467 -0.03764000162482262 -0.043868061155080795 
v 0.23645924031734467 0.03763988986611366 -0.043868061155080795 
v 0.18028172850608826 -0.03764000162482262 -0.043868061155080795 
v 0.18028172850608826 0.03763988986611366 -0.043868061155080795 
v -0.18700167536735535 0.03763988986611366 0.08422570675611496 
v -0.18700167536735535 -0.03764000162482262 0.08422570675611496 
v -0.20717714726924896 0.03763988986611366 0.04619786888360977 
v -0.20717714726924896 -0.03764000162482262 0.04619786888360977 
v -0.20717714726924896 0.03763988986611366 0.04619786888360977 
v -0.20717714726924896 -0.03764000162482262 0.04619786888360977 
v -0.18771901726722717 0.03763988986611366 0.026843896135687828 
v -0.18771901726722717 -0.03764000162482262 0.026843896135687828 
v -0.1677228808403015 0.03763988986611366 0.008578097447752953 
v -0.1677228808403015 -0.03764000162482262 0.008578097447752953 
v 0.2763618528842926 0.03763988986611366 -0.017266063019633293 
v 0.2727751135826111 0.03763988986611366 -0.016449932008981705 
v 0.26569128036499023 0.03763988986611366 -0.013710062950849533 
v 0.2581591010093689 0.03763988986611366 -0.007919415831565857 
v 0.26084914803504944 0.03763988986611366 -0.01054269541054964 
v 0.2594592869281769 0.03763988986611366 -0.009299066849052906 
v 0.25143393874168396 0.03763988986611366 0.011453988961875439 
v 0.2540343105792999 0.03763988986611366 -0.0015846816822886467 
v 0.25224095582962036 0.03763988986611366 0.00387562601827085 
v 0.2533169686794281 0.03763988986611366 0.00016417130245827138 
v 0.27299928665161133 0.03763988986611366 0.0036424456629902124 
v 0.27412012219429016 0.03763988986611366 0.0019130243454128504 
v 0.27542033791542053 0.03763988986611366 0.0003584882942959666 
v 0.27613767981529236 0.03763988986611366 -0.0003410528879612684 
v 0.27694469690322876 0.03763988986611366 -0.0009628672851249576 
v 0.27775171399116516 0.03763988986611366 -0.0015263865934684873 
v 0.27864840626716614 0.03763988986611366 -0.0020121790003031492 
v 0.2795899212360382 0.03763988986611366 -0.0024396765511482954 
v 0.28053146600723267 0.03763988986611366 -0.002789447084069252 
v 0.2825041711330414 0.03763988986611366 -0.0033141029998660088 
v 0.2845216989517212 0.03763988986611366 -0.0036055785603821278 
v 0.2865392565727234 0.03763988986611366 -0.0037221687380224466 
v 0.2885568141937256 0.03763988986611366 -0.0036638735327869654 
v 0.2905743718147278 0.03763988986611366 -0.0034306931775063276 
v -0.1677228808403015 0.03763988986611366 0.008578097447752953 
v -0.1677228808403015 -0.03764000162482262 0.008578097447752953 
v -0.1888398826122284 0.03763988986611366 -0.02882792428135872 
v -0.1888398826122284 -0.03764000162482262 -0.02882792428135872 
v -0.1144147738814354 0.03763988986611366 -0.028575312346220016 
v -0.1144147738814354 -0.03764000162482262 -0.028575312346220016 
v -0.07630553841590881 0.03763988986611366 -0.18548628687858582 
v -0.07630553841590881 -0.03764000162482262 -0.18548628687858582 
v -0.07630553841590881 0.03763988986611366 -0.18548628687858582 
v -0.07630553841590881 -0.03764000162482262 -0.18548628687858582 
v -0.36580124497413635 0.03763988986611366 -0.18511708080768585 
v -0.36580124497413635 -0.03764000162482262 -0.18511708080768585 
v -0.4028344750404358 -0.03764000162482262 -0.028575312346220016 
v -0.4028344750404358 0.03763988986611366 -0.028575312346220016 
v -0.36580124497413635 -0.03764000162482262 -0.18511708080768585 
v -0.36580124497413635 0.03763988986611366 -0.18511708080768585 
v -0.1144147738814354 -0.03764000162482262 -0.028575312346220016 
v -0.1144147738814354 0.03763988986611366 -0.028575312346220016 
v -0.1888398826122284 -0.03764000162482262 -0.02882792428135872 
v -0.1888398826122284 0.03763988986611366 -0.02882792428135872 
v -0.08433089405298233 -0.03764000162482262 -0.028575312346220016 
v -0.08433089405298233 0.03763988986611366 -0.028575312346220016 
v -0.04792536422610283 -0.03764000162482262 -0.18488390743732452 
v -0.04792536422610283 0.03763988986611366 -0.18488390743732452 
v -0.4028344750404358 0.03763988986611366 -0.028575312346220016 
v -0.4028344750404358 -0.03764000162482262 -0.028575312346220016 
v -0.39050501585006714 0.03763988986611366 -0.028575312346220016 
v -0.39050501585006714 -0.03764000162482262 -0.028575312346220016 
v -0.378130704164505 0.03763988986611366 -0.028575312346220016 
v -0.378130704164505 -0.03764000162482262 -0.028575312346220016 
v -0.36580124497413635 0.03763988986611366 -0.028575312346220016 
v -0.36580124497413635 -0.03764000162482262 -0.028575312346220016 
v -0.3534269630908966 0.03763988986611366 -0.028575312346220016 
v -0.3534269630908966 -0.03764000162482262 -0.028575312346220016 
v -0.34109750390052795 0.03763988986611366 -0.028575312346220016 
v -0.34109750390052795 -0.03764000162482262 -0.028575312346220016 
v -0.3287232220172882 0.03763988986611366 -0.028575312346220016 
v -0.3287232220172882 -0.03764000162482262 -0.028575312346220016 
v -0.32249122858047485 0.03763988986611366 -0.028575312346220016 
v -0.32249122858047485 -0.03764000162482262 -0.028575312346220016 
v -0.3193976581096649 0.03763988986611366 -0.028575312346220016 
v -0.3193976581096649 -0.03764000162482262 -0.028575312346220016 
v -0.3178284466266632 0.03763988986611366 -0.028575312346220016 
v -0.3178284466266632 -0.03764000162482262 -0.028575312346220016 
v -0.31773877143859863 0.03763988986611366 -0.02855588123202324 
v -0.31773877143859863 -0.03764000162482262 -0.02855588123202324 
v -0.31769394874572754 0.03763988986611366 -0.02855588123202324 
v -0.31769394874572754 -0.03764000162482262 -0.02855588123202324 
v -0.31760427355766296 0.03763988986611366 -0.028517017140984535 
v -0.31760427355766296 -0.03764000162482262 -0.028517017140984535 
v -0.31755945086479187 0.03763988986611366 -0.028497586026787758 
v -0.31755945086479187 -0.03764000162482262 -0.028497586026787758 
v -0.3174697756767273 0.03763988986611366 -0.028458721935749054 
v -0.3174697756767273 -0.03764000162482262 -0.028458721935749054 
v -0.3173801004886627 0.03763988986611366 -0.028400428593158722 
v -0.3173801004886627 -0.03764000162482262 -0.028400428593158722 
v -0.31724560260772705 0.03763988986611366 -0.02828383818268776 
v -0.31724560260772705 -0.03764000162482262 -0.02828383818268776 
v -0.3171111047267914 0.03763988986611366 -0.028128383681178093 
v -0.3171111047267914 -0.03764000162482262 -0.028128383681178093 
v -0.3170214295387268 0.03763988986611366 -0.027972931042313576 
v -0.3170214295387268 -0.03764000162482262 -0.027972931042313576 
v -0.31693175435066223 0.03763988986611366 -0.027798045426607132 
v -0.31693175435066223 -0.03764000162482262 -0.027798045426607132 
v -0.31684207916259766 0.03763988986611366 -0.02760372869670391 
v -0.31684207916259766 -0.03764000162482262 -0.02760372869670391 
v 0.7737547159194946 0.03763988986611366 0.08296264708042145 
v 0.7737547159194946 0.03763988986611366 0.06613479554653168 
v 0.755058765411377 0.03763988986611366 0.08296264708042145 
v 0.7737547159194946 0.03763988986611366 0.04928750917315483 
v 0.755058765411377 0.03763988986611366 -0.01600300334393978 
v 0.7737547159194946 0.03763988986611366 -0.01600300334393978 
v 0.256903737783432 0.03763988986611366 -0.006442606914788485 
v 0.2558276951313019 0.03763988986611366 -0.004888070747256279 
v 0.1521705687046051 -0.03764000162482262 -0.10892539471387863 
v 0.10800868272781372 -0.03764000162482262 -0.1520637720823288 
v 0.16311015188694 -0.03764000162482262 -0.11916589736938477 
v 0.06039454787969589 -0.03764000162482262 -0.1913546621799469 
v 0.06330878287553787 -0.03764000162482262 -0.20794934034347534 
v 0.009866178967058659 -0.03764000162482262 -0.22679808735847473 
v -0.04326258599758148 -0.03764000162482262 -0.2581997215747833 
v -0.09885723888874054 -0.03764000162482262 -0.2850348949432373 
v -0.17458254098892212 -0.03764000162482262 -0.3267936110496521 
v -0.05012224614620209 -0.03764000162482262 -0.27854469418525696 
v -0.11105220019817352 -0.03764000162482262 -0.30594339966773987 
v -0.15669362246990204 -0.03764000162482262 -0.30654579401016235 
v -0.21659237146377563 -0.03764000162482262 -0.3214499056339264 
v -0.24811096489429474 -0.03764000162482262 -0.3258608877658844 
v -0.3069337010383606 -0.03764000162482262 -0.34039580821990967 
v -0.27797067165374756 -0.03764000162482262 -0.3274542987346649 
v -0.30998241901397705 -0.03764000162482262 -0.3257637321949005 
v -0.32491227984428406 -0.03764000162482262 -0.3234902322292328 
v -0.33912479877471924 -0.03764000162482262 -0.3202451169490814 
v -0.3545478284358978 -0.03764000162482262 -0.3152706027030945 
v -0.4178091585636139 -0.03764000162482262 -0.28890180587768555 
v -0.37145039439201355 -0.03764000162482262 -0.32395657896995544 
v -0.34114232659339905 -0.03764000162482262 -0.3345857262611389 
v -0.3567895293235779 -0.03764000162482262 -0.3298638164997101 
v -0.3688499927520752 -0.03764000162482262 -0.3089747428894043 
v -0.3818967938423157 -0.03764000162482262 -0.3013575077056885 
v -0.3935985863208771 -0.03764000162482262 -0.29238006472587585 
v -0.40296897292137146 -0.03764000162482262 -0.2831694483757019 
v -0.4113081693649292 -0.03764000162482262 -0.272579163312912 
v -0.41597095131874084 -0.03764000162482262 -0.2651951313018799 
v -0.42005088925361633 -0.03764000162482262 -0.2574613094329834 
v -0.4234583079814911 -0.03764000162482262 -0.2493971586227417 
v -0.4262828528881073 -0.03764000162482262 -0.24098323285579681 
v -0.4460099935531616 -0.03764000162482262 -0.20940671861171722 
v -0.43654993176460266 -0.03764000162482262 -0.25682005286216736 
v -0.42807623744010925 -0.03764000162482262 -0.2741920053958893 
v -0.4326941967010498 -0.03764000162482262 -0.26564204692840576 
v -0.4295109510421753 -0.03764000162482262 -0.22685638070106506 
v -0.4311698079109192 -0.03764000162482262 -0.21193283796310425 
v -0.43125948309898376 -0.03764000162482262 -0.19623202085494995 
v -0.42973512411117554 -0.03764000162482262 -0.17979280650615692 
v -0.4237721264362335 -0.03764000162482262 -0.15097558498382568 
v -0.4340392053127289 -0.03764000162482262 -0.13309842348098755 
v -0.41350504755973816 -0.03764000162482262 -0.12039009481668472 
v -0.427448570728302 -0.03764000162482262 -0.11485206335783005 
v -0.4433647692203522 -0.03764000162482262 -0.170737624168396 
v -0.4456513226032257 -0.03764000162482262 -0.1899944394826889 
v -0.20798416435718536 -0.03764000162482262 -0.3344302773475647 
v -0.2402200996875763 -0.03764000162482262 -0.3393464982509613 
v -0.2746529281139374 -0.03764000162482262 -0.34161999821662903 
v -0.35647571086883545 -0.03764000162482262 0.008578097447752953 
v -0.35647571086883545 0.03763988986611366 0.008578097447752953 
v -0.33625540137290955 -0.03764000162482262 -0.009396225214004517 
v -0.33625540137290955 0.03763988986611366 -0.009396225214004517 
v -0.31684207916259766 -0.03764000162482262 -0.02760372869670391 
v -0.31684207916259766 0.03763988986611366 -0.02760372869670391 
v -0.41233935952186584 -0.03764000162482262 -0.2950616478919983 
v -0.40023407340049744 -0.03764000162482262 -0.3062542974948883 
v -0.35647571086883545 0.03763988986611366 0.008578097447752953 
v -0.35647571086883545 -0.03764000162482262 0.008578097447752953 
v -0.33553802967071533 0.03763988986611366 0.04619786888360977 
v -0.33553802967071533 -0.03764000162482262 0.04619786888360977 
v -0.33553802967071533 0.03763988986611366 0.04619786888360977 
v -0.33553802967071533 -0.03764000162482262 0.04619786888360977 
v -0.34472909569740295 0.03763988986611366 0.05628292262554169 
v -0.34472909569740295 -0.03764000162482262 0.05628292262554169 
v -0.35481682419776917 0.03763988986611366 0.06555183976888657 
v -0.35481682419776917 -0.03764000162482262 0.06555183976888657 
v -0.3651735782623291 0.03763988986611366 0.07449042052030563 
v -0.3651735782623291 -0.03764000162482262 0.07449042052030563 
v -0.37539583444595337 0.03763988986611366 0.08358445763587952 
v -0.37539583444595337 -0.03764000162482262 0.08358445763587952 
v 1.0168019533157349 0.03763988986611366 -0.014759373851120472 
v 1.0168019533157349 -0.03764000162482262 -0.014759373851120472 
v 1.0113321542739868 0.03763988986611366 -0.015925277024507523 
v 1.0113321542739868 -0.03764000162482262 -0.015925277024507523 
v 1.0059071779251099 0.03763988986611366 -0.01709117740392685 
v 1.0059071779251099 -0.03764000162482262 -0.01709117740392685 
v 1.0003477334976196 0.03763988986611366 -0.01796560548245907 
v 1.0003477334976196 -0.03764000162482262 -0.01796560548245907 
v 0.9947882890701294 0.03763988986611366 -0.01829594373703003 
v 0.9947882890701294 -0.03764000162482262 -0.01829594373703003 
v 0.9892287850379944 0.03763988986611366 -0.01808219589293003 
v 0.9892287850379944 -0.03764000162482262 -0.01808219589293003 
v 0.9836693406105042 0.03763988986611366 -0.0173437912017107 
v 0.9836693406105042 -0.03764000162482262 -0.0173437912017107 
v 0.9782892465591431 0.03763988986611366 -0.015964139252901077 
v 0.9782892465591431 -0.03764000162482262 -0.015964139252901077 
v 0.9756439924240112 0.03763988986611366 -0.014973122626543045 
v 0.9756439924240112 -0.03764000162482262 -0.014973122626543045 
v 0.9731332659721375 0.03763988986611366 -0.013807221315801144 
v 0.9731332659721375 -0.03764000162482262 -0.013807221315801144 
v 0.9707121849060059 0.03763988986611366 -0.012408138252794743 
v 0.9707121849060059 -0.03764000162482262 -0.012408138252794743 
v 0.9684256315231323 0.03763988986611366 -0.010795307345688343 
v 0.9684256315231323 -0.03764000162482262 -0.010795307345688343 
v 0.9663184285163879 0.03763988986611366 -0.008949295617640018 
v 0.9663184285163879 -0.03764000162482262 -0.008949295617640018 
v 0.9644353985786438 0.03763988986611366 -0.00690896762534976 
v 0.9644353985786438 -0.03764000162482262 -0.00690896762534976 
v 0.962821364402771 0.03763988986611366 -0.004616026766598225 
v 0.962821364402771 -0.03764000162482262 -0.004616026766598225 
v 0.9615211486816406 0.03763988986611366 -0.0021482009906321764 
v 0.9615211486816406 -0.03764000162482262 -0.0021482009906321764 
v 0.9605348110198975 0.03763988986611366 0.000436215108493343 
v 0.9605348110198975 -0.03764000162482262 0.000436215108493343 
v 0.9598174691200256 0.03763988986611366 0.0031566531397402287 
v 0.9598174691200256 -0.03764000162482262 0.0031566531397402287 
v 0.9594139456748962 0.03763988986611366 0.005857659503817558 
v 0.9594139456748962 -0.03764000162482262 0.005857659503817558 
v 0.9592794179916382 0.03763988986611366 0.008714118972420692 
v 0.9592794179916382 -0.03764000162482262 0.008714118972420692 
v 0.9593242406845093 0.03763988986611366 0.01155114732682705 
v 0.9593242406845093 -0.03764000162482262 0.01155114732682705 
v 0.9596829414367676 0.03763988986611366 0.014271585270762444 
v 0.9596829414367676 -0.03764000162482262 0.014271585270762444 
v 0.9603554606437683 0.03763988986611366 0.016992023214697838 
v 0.9603554606437683 -0.03764000162482262 0.016992023214697838 
v 0.9613417983055115 0.03763988986611366 0.01959587074816227 
v 0.9613417983055115 -0.03764000162482262 0.01959587074816227 
v 0.9625971913337708 0.03763988986611366 0.022044265642762184 
v 0.9625971913337708 -0.03764000162482262 0.022044265642762184 
v 0.9641664028167725 0.03763988986611366 0.024395501241087914 
v 0.9641664028167725 -0.03764000162482262 0.024395501241087914 
v 0.9661390781402588 0.03763988986611366 0.02670787274837494 
v 0.9661390781402588 -0.03764000162482262 0.02670787274837494 
v 0.9679772853851318 0.03763988986611366 0.028456727042794228 
v 0.9679772853851318 -0.03764000162482262 0.028456727042794228 
v 0.9723711013793945 0.03763988986611366 0.03193500265479088 
v 0.9723711013793945 -0.03764000162482262 0.03193500265479088 
v 0.9770338535308838 0.03763988986611366 0.03500520810484886 
v 0.9770338535308838 -0.03764000162482262 0.03500520810484886 
v 0.9818311333656311 0.03763988986611366 0.03784223645925522 
v 0.9818311333656311 -0.03764000162482262 0.03784223645925522 
v 0.9865835905075073 0.03763988986611366 0.04077642410993576 
v 0.9865835905075073 -0.03764000162482262 0.04077642410993576 
v 0.9912912249565125 0.03763988986611366 0.04380777105689049 
v 0.9912912249565125 -0.03764000162482262 0.04380777105689049 
v 0.9959091544151306 0.03763988986611366 0.046916842460632324 
v 0.9959091544151306 -0.03764000162482262 0.046916842460632324 
v 1.0004373788833618 0.03763988986611366 0.050200797617435455 
v 1.0004373788833618 -0.03764000162482262 0.050200797617435455 
v 1.0010203123092651 0.03763988986611366 0.050725456327199936 
v 1.0010203123092651 -0.03764000162482262 0.050725456327199936 
v 1.0018272399902344 0.03763988986611366 0.05161931365728378 
v 1.0018272399902344 -0.03764000162482262 0.05161931365728378 
v 1.0024101734161377 0.03763988986611366 0.05237714946269989 
v 1.0024101734161377 -0.03764000162482262 0.05237714946269989 
v 1.0029481649398804 0.03763988986611366 0.053134985268116 
v 1.0029481649398804 -0.03764000162482262 0.053134985268116 
v 1.0033516883850098 0.03763988986611366 0.053892821073532104 
v 1.0033516883850098 -0.03764000162482262 0.053892821073532104 
v 1.0037102699279785 0.03763988986611366 0.05467008799314499 
v 1.0037102699279785 -0.03764000162482262 0.05467008799314499 
v 1.0039345026016235 0.03763988986611366 0.05533076822757721 
v 1.0039345026016235 -0.03764000162482262 0.05533076822757721 
v 1.004113793373108 0.03763988986611366 0.05599144473671913 
v 1.004113793373108 -0.03764000162482262 0.05599144473671913 
v 1.0042483806610107 0.03763988986611366 0.05665212497115135 
v 1.0042483806610107 -0.03764000162482262 0.05665212497115135 
v 1.0042932033538818 0.03763988986611366 0.05733223259449005 
v 1.0042932033538818 -0.03764000162482262 0.05733223259449005 
v 1.004338026046753 0.03763988986611366 0.05875074863433838 
v 1.004338026046753 -0.03764000162482262 0.05875074863433838 
v 1.004158616065979 0.03763988986611366 0.06014982983469963 
v 1.004158616065979 -0.03764000162482262 0.06014982983469963 
v 1.0038000345230103 0.03763988986611366 0.061529479920864105 
v 1.0038000345230103 -0.03764000162482262 0.061529479920864105 
v 1.0035758018493652 0.03763988986611366 0.06219015643000603 
v 1.0035758018493652 -0.03764000162482262 0.06219015643000603 
v 1.0033068656921387 0.03763988986611366 0.06283140182495117 
v 1.0033068656921387 -0.03764000162482262 0.06283140182495117 
v 1.0029929876327515 0.03763988986611366 0.06343378871679306 
v 1.0029929876327515 -0.03764000162482262 0.06343378871679306 
v 1.0026342868804932 0.03763988986611366 0.06401673704385757 
v 1.0026342868804932 -0.03764000162482262 0.06401673704385757 
v 1.0017375946044922 0.03763988986611366 0.06512434780597687 
v 1.0017375946044922 -0.03764000162482262 0.06512434780597687 
v 1.0008409023284912 0.03763988986611366 0.06605706363916397 
v 1.0008409023284912 -0.03764000162482262 0.06605706363916397 
v 0.9997649192810059 0.03763988986611366 0.06689263135194778 
v 0.9997649192810059 -0.03764000162482262 0.06689263135194778 
v 0.9985095262527466 0.03763988986611366 0.06766989827156067 
v 0.9985095262527466 -0.03764000162482262 0.06766989827156067 
v 0.9972541928291321 0.03763988986611366 0.06833057850599289 
v 0.9972541928291321 -0.03764000162482262 0.06833057850599289 
v 0.9946985840797424 0.03763988986611366 0.06930215656757355 
v 0.9946985840797424 -0.03764000162482262 0.06930215656757355 
v 0.9919188618659973 0.03763988986611366 0.0700211301445961 
v 0.9919188618659973 -0.03764000162482262 0.0700211301445961 
v 0.9892736673355103 0.03763988986611366 0.0704486295580864 
v 0.9892736673355103 -0.03764000162482262 0.0704486295580864 
v 0.9863594174385071 0.03763988986611366 0.07066237926483154 
v 0.9863594174385071 -0.03764000162482262 0.07066237926483154 
v 0.9833555221557617 0.03763988986611366 0.0707012414932251 
v 0.9833555221557617 -0.03764000162482262 0.0707012414932251 
v 0.9807999730110168 0.03763988986611366 0.07054578512907028 
v 0.9807999730110168 -0.03764000162482262 0.07054578512907028 
v 0.9752852916717529 0.03763988986611366 0.06969079375267029 
v 0.9752852916717529 -0.03764000162482262 0.06969079375267029 
v 0.9698603749275208 0.03763988986611366 0.06842773407697678 
v 0.9698603749275208 -0.03764000162482262 0.06842773407697678 
v 0.9644802212715149 0.03763988986611366 0.06683433055877686 
v 0.9644802212715149 -0.03764000162482262 0.06683433055877686 
v 0.9592345952987671 0.03763988986611366 0.06489116698503494 
v 0.9592345952987671 -0.03764000162482262 0.06489116698503494 
v -0.4441717863082886 -0.03764000162482262 -0.2287023961544037 
v -0.44228875637054443 -0.03764000162482262 -0.23832108080387115 
v -0.37539583444595337 0.03763988986611366 0.08358445763587952 
v -0.37539583444595337 -0.03764000162482262 0.08358445763587952 
v -0.3545926511287689 0.03763988986611366 0.12075730413198471 
v -0.3545926511287689 -0.03764000162482262 0.12075730413198471 
v -0.3545926511287689 0.03763988986611366 0.12075730413198471 
v -0.3545926511287689 -0.03764000162482262 0.12075730413198471 
v -0.37427496910095215 0.03763988986611366 0.13972264528274536 
v -0.37427496910095215 -0.03764000162482262 0.13972264528274536 
v -0.39454010128974915 0.03763988986611366 0.1584353744983673 
v -0.39454010128974915 -0.03764000162482262 0.1584353744983673 
v -0.39454010128974915 0.03763988986611366 0.1584353744983673 
v -0.39454010128974915 -0.03764000162482262 0.1584353744983673 
v -0.37145039439201355 0.03763988986611366 0.1944228708744049 
v -0.37145039439201355 -0.03764000162482262 0.1944228708744049 
v 0.7032750248908997 -0.03764000162482262 0.08296264708042145 
v 0.7032750248908997 -0.03764000162482262 -0.01600300334393978 
v 0.7220157980918884 -0.03764000162482262 0.08296264708042145 
v 0.7220157980918884 -0.03764000162482262 -0.01600300334393978 
v 0.18028172850608826 -0.03764000162482262 0.01664225198328495 
v 0.18028172850608826 0.03763988986611366 0.01664225198328495 
v 0.18028172850608826 -0.03764000162482262 0.08296264708042145 
v 0.18028172850608826 0.03763988986611366 0.08296264708042145 
v 0.7737547159194946 0.03763988986611366 0.04093187674880028 
v 0.7738891839981079 0.03763988986611366 0.036656904965639114 
v 0.7743375301361084 0.03763988986611366 0.03245965763926506 
v 0.7751445770263672 0.03763988986611366 0.028281841427087784 
v 0.7762205600738525 0.03763988986611366 0.02422061562538147 
v 0.777655303478241 0.03763988986611366 0.020295413210988045 
v 0.779403805732727 0.03763988986611366 0.016486799344420433 
v 0.7813317179679871 0.03763988986611366 0.012950229458510876 
v 0.7839769124984741 0.03763988986611366 0.00910275336354971 
v 0.7853667736053467 0.03763988986611366 0.0074316272512078285 
v 0.7868015170097351 0.03763988986611366 0.005954817868769169 
v 0.7882810235023499 0.03763988986611366 0.004633462522178888 
v 0.7898502349853516 0.03763988986611366 0.0035064236726611853 
v 0.7915987968444824 0.03763988986611366 0.0024571118410676718 
v 0.7934370040893555 0.03763988986611366 0.0016215487848967314 
v 0.7952752113342285 0.03763988986611366 0.0010191660840064287 
v 0.7220157980918884 0.03763988986611366 0.08296264708042145 
v 0.7220157980918884 0.03763988986611366 -0.01600300334393978 
v 0.7032750248908997 0.03763988986611366 0.08296264708042145 
v 0.7032750248908997 0.03763988986611366 -0.01600300334393978 
v 0.7032750248908997 0.03763988986611366 0.08296264708042145 
v 0.7032750248908997 -0.03764000162482262 0.08296264708042145 
v 0.7220157980918884 0.03763988986611366 0.08296264708042145 
v 0.7220157980918884 -0.03764000162482262 0.08296264708042145 
v 0.7032750248908997 -0.03764000162482262 0.08296264708042145 
v 0.7032750248908997 0.03763988986611366 0.08296264708042145 
v 0.7032750248908997 -0.03764000162482262 -0.01600300334393978 
v 0.7032750248908997 0.03763988986611366 -0.01600300334393978 
v 0.7032750248908997 -0.03764000162482262 -0.01600300334393978 
v 0.7032750248908997 0.03763988986611366 -0.01600300334393978 
v 0.7220157980918884 -0.03764000162482262 -0.01600300334393978 
v 0.7220157980918884 0.03763988986611366 -0.01600300334393978 
v 0.7220157980918884 -0.03764000162482262 -0.01600300334393978 
v 0.7220157980918884 0.03763988986611366 -0.01600300334393978 
v 0.7220157980918884 -0.03764000162482262 0.08296264708042145 
v 0.7220157980918884 0.03763988986611366 0.08296264708042145 
v 0.2965373396873474 -0.03764000162482262 0.11199360340833664 
v 0.2965373396873474 0.03763988986611366 0.11199360340833664 
v 0.3111084997653961 -0.03764000162482262 0.10855419188737869 
v 0.3111084997653961 0.03763988986611366 0.10855419188737869 
v 0.2965373396873474 0.03763988986611366 0.11199360340833664 
v 0.2965373396873474 -0.03764000162482262 0.11199360340833664 
v 0.299765408039093 0.03763988986611366 0.12845225632190704 
v 0.299765408039093 -0.03764000162482262 0.12845225632190704 
v 0.30155879259109497 0.03763988986611366 0.14428909122943878 
v 0.30155879259109497 -0.03764000162482262 0.14428909122943878 
v 0.3019174635410309 0.03763988986611366 0.16101978719234467 
v 0.3019174635410309 -0.03764000162482262 0.16101978719234467 
v 0.3005724251270294 0.03763988986611366 0.1769343465566635 
v 0.3005724251270294 -0.03764000162482262 0.1769343465566635 
v 0.29716500639915466 0.03763988986611366 0.19321811199188232 
v 0.29716500639915466 -0.03764000162482262 0.19321811199188232 
v 0.29469913244247437 0.03763988986611366 0.20091305673122406 
v 0.29469913244247437 -0.03764000162482262 0.20091305673122406 
v 0.2917400598526001 0.03763988986611366 0.2083359807729721 
v 0.2917400598526001 -0.03764000162482262 0.2083359807729721 
v 0.2877049446105957 0.03763988986611366 0.21651671826839447 
v 0.2877049446105957 -0.03764000162482262 0.21651671826839447 
v 0.28299733996391296 0.03763988986611366 0.22426997125148773 
v 0.28299733996391296 -0.03764000162482262 0.22426997125148773 
v 0.27855873107910156 0.03763988986611366 0.23042981326580048 
v 0.27855873107910156 -0.03764000162482262 0.23042981326580048 
v 0.27412012219429016 0.03763988986611366 0.23571524024009705 
v 0.27412012219429016 -0.03764000162482262 0.23571524024009705 
v 0.26851582527160645 0.03763988986611366 0.24150589108467102 
v 0.26851582527160645 -0.03764000162482262 0.24150589108467102 
v 0.26241835951805115 0.03763988986611366 0.24688847362995148 
v 0.26241835951805115 -0.03764000162482262 0.24688847362995148 
v 0.25591737031936646 0.03763988986611366 0.2518629729747772 
v 0.25591737031936646 -0.03764000162482262 0.2518629729747772 
v 0.248923197388649 0.03763988986611366 0.25642943382263184 
v 0.248923197388649 -0.03764000162482262 0.25642943382263184 
v 0.23480036854743958 0.03763988986611366 0.26389119029045105 
v 0.23480036854743958 -0.03764000162482262 0.26389119029045105 
v 0.21919798851013184 0.03763988986611366 0.2699344754219055 
v 0.21919798851013184 -0.03764000162482262 0.2699344754219055 
v 0.20381979644298553 0.03763988986611366 0.2742094397544861 
v 0.20381979644298553 -0.03764000162482262 0.2742094397544861 
v 0.1874103993177414 0.03763988986611366 0.27729907631874084 
v 0.1874103993177414 -0.03764000162482262 0.27729907631874084 
v 0.15481579303741455 0.03763988986611366 0.2798835039138794 
v 0.15481579303741455 -0.03764000162482262 0.2798835039138794 
v 0.12213151901960373 0.03763988986611366 0.2786981463432312 
v 0.12213151901960373 -0.03764000162482262 0.2786981463432312 
v 0.08967141062021255 0.03763988986611366 0.27448147535324097 
v 0.08967141062021255 -0.03764000162482262 0.27448147535324097 
v 0.05765964835882187 0.03763988986611366 0.26779696345329285 
v 0.05765964835882187 -0.03764000162482262 0.26779696345329285 
v 0.02618589997291565 0.03763988986611366 0.25897496938705444 
v 0.02618589997291565 -0.03764000162482262 0.25897496938705444 
v -0.004749835003167391 0.03763988986611366 0.24828754365444183 
v -0.004749835003167391 -0.03764000162482262 0.24828754365444183 
v -0.03505789116024971 0.03763988986611366 0.23596784472465515 
v -0.03505789116024971 -0.03764000162482262 0.23596784472465515 
v -0.06469342857599258 0.03763988986611366 0.2221713364124298 
v -0.06469342857599258 -0.03764000162482262 0.2221713364124298 
v 0.9176731109619141 0.03763988986611366 -0.01600300334393978 
v 0.9176731109619141 -0.03764000162482262 -0.01600300334393978 
v 0.9172247648239136 0.03763988986611366 -0.0022647911682724953 
v 0.9172247648239136 -0.03764000162482262 -0.0022647911682724953 
v 0.16311015188694 0.03763988986611366 -0.11916589736938477 
v 0.11518218368291855 0.03763988986611366 -0.16576310992240906 
v 0.1521705687046051 0.03763988986611366 -0.10892539471387863 
v 0.10800868272781372 0.03763988986611366 -0.1520637720823288 
v 0.06039454787969589 0.03763988986611366 -0.1913546621799469 
v 0.00811763759702444 0.03763988986611366 -0.2456662654876709 
v 0.009866178967058659 0.03763988986611366 -0.22679808735847473 
v -0.04326258599758148 0.03763988986611366 -0.2581997215747833 
v -0.09885723888874054 0.03763988986611366 -0.2850348949432373 
v -0.20798416435718536 0.03763988986611366 -0.3344302773475647 
v -0.15669362246990204 0.03763988986611366 -0.30654579401016235 
v -0.21659237146377563 0.03763988986611366 -0.3214499056339264 
v -0.24811096489429474 0.03763988986611366 -0.3258608877658844 
v -0.32446393370628357 0.03763988986611366 -0.338083416223526 
v -0.27797067165374756 0.03763988986611366 -0.3274542987346649 
v -0.30998241901397705 0.03763988986611366 -0.3257637321949005 
v -0.32491227984428406 0.03763988986611366 -0.3234902322292328 
v -0.33912479877471924 0.03763988986611366 -0.3202451169490814 
v -0.3545478284358978 0.03763988986611366 -0.3152706027030945 
v -0.3688499927520752 0.03763988986611366 -0.3089747428894043 
v -0.42283061146736145 0.03763988986611366 -0.2823338806629181 
v -0.3865595757961273 0.03763988986611366 -0.31587299704551697 
v -0.41233935952186584 0.03763988986611366 -0.2950616478919983 
v -0.40023407340049744 0.03763988986611366 -0.3062542974948883 
v -0.3818967938423157 0.03763988986611366 -0.3013575077056885 
v -0.3935985863208771 0.03763988986611366 -0.29238006472587585 
v -0.40296897292137146 0.03763988986611366 -0.2831694483757019 
v -0.4113081693649292 0.03763988986611366 -0.272579163312912 
v -0.41597095131874084 0.03763988986611366 -0.2651951313018799 
v -0.42005088925361633 0.03763988986611366 -0.2574613094329834 
v -0.4234583079814911 0.03763988986611366 -0.2493971586227417 
v -0.4262828528881073 0.03763988986611366 -0.24098323285579681 
v -0.4295109510421753 0.03763988986611366 -0.22685638070106506 
v -0.4456513226032257 0.03763988986611366 -0.1899944394826889 
v -0.4311698079109192 0.03763988986611366 -0.21193283796310425 
v -0.43125948309898376 0.03763988986611366 -0.19623202085494995 
v -0.42973512411117554 0.03763988986611366 -0.17979280650615692 
v -0.427448570728302 0.03763988986611366 -0.11485206335783005 
v -0.4237721264362335 0.03763988986611366 -0.15097558498382568 
v -0.41350504755973816 0.03763988986611366 -0.12039009481668472 
v -0.43941932916641235 0.03763988986611366 -0.1517334282398224 
v -0.4340392053127289 0.03763988986611366 -0.13309842348098755 
v -0.06469342857599258 0.03763988986611366 0.2221713364124298 
v -0.06469342857599258 -0.03764000162482262 0.2221713364124298 
v -0.07137375324964523 0.03763988986611366 0.23561808466911316 
v -0.07137375324964523 -0.03764000162482262 0.23561808466911316 
v -0.3069337010383606 0.03763988986611366 -0.34039580821990967 
v -0.2746529281139374 0.03763988986611366 -0.34161999821662903 
v -0.2402200996875763 0.03763988986611366 -0.3393464982509613 
v -0.17458254098892212 0.03763988986611366 -0.3267936110496521 
v -0.11105220019817352 0.03763988986611366 -0.30594339966773987 
v -0.05012224614620209 0.03763988986611366 -0.27854469418525696 
v -0.34114232659339905 0.03763988986611366 -0.3345857262611389 
v -0.3567895293235779 0.03763988986611366 -0.3298638164997101 
v 0.2512994110584259 0.03763988986611366 0.04514855518937111 
v 0.2504027485847473 0.03763988986611366 0.04695570468902588 
v -0.07137375324964523 0.03763988986611366 0.23561808466911316 
v -0.07137375324964523 -0.03764000162482262 0.23561808466911316 
v -0.04339708760380745 0.03763988986611366 0.24871504306793213 
v -0.04339708760380745 -0.03764000162482262 0.24871504306793213 
v -0.014882409945130348 0.03763988986611366 0.26056838035583496 
v -0.014882409945130348 -0.03764000162482262 0.26056838035583496 
v 0.01417028158903122 0.03763988986611366 0.2710420787334442 
v 0.01417028158903122 -0.03764000162482262 0.2710420787334442 
v 0.043716151267290115 0.03763988986611366 0.2799806594848633 
v 0.043716151267290115 -0.03764000162482262 0.2799806594848633 
v 0.07375519722700119 0.03763988986611366 0.28715094923973083 
v 0.07375519722700119 -0.03764000162482262 0.28715094923973083 
v 0.10419775545597076 0.03763988986611366 0.29230034351348877 
v 0.10419775545597076 -0.03764000162482262 0.29230034351348877 
v 0.13495415449142456 0.03763988986611366 0.29509851336479187 
v 0.13495415449142456 -0.03764000162482262 0.29509851336479187 
v 0.16584505140781403 0.03763988986611366 0.29504022002220154 
v 0.16584505140781403 -0.03764000162482262 0.29504022002220154 
v 0.19651179015636444 0.03763988986611366 0.29154250025749207 
v 0.19651179015636444 -0.03764000162482262 0.29154250025749207 
v 0.21184514462947845 0.03763988986611366 0.2881808280944824 
v 0.21184514462947845 -0.03764000162482262 0.2881808280944824 
v 0.22637149691581726 0.03763988986611366 0.2837892770767212 
v 0.22637149691581726 -0.03764000162482262 0.2837892770767212 
v 0.24094267189502716 0.03763988986611366 0.2779403328895569 
v 0.24094267189502716 -0.03764000162482262 0.2779403328895569 
v 0.2543930113315582 0.03763988986611366 0.27092549204826355 
v 0.2543930113315582 -0.03764000162482262 0.27092549204826355 
v 0.26735013723373413 0.03763988986611366 0.26227837800979614 
v 0.26735013723373413 -0.03764000162482262 0.26227837800979614 
v 0.27896225452423096 0.03763988986611366 0.25232934951782227 
v 0.27896225452423096 -0.03764000162482262 0.25232934951782227 
v 0.28878098726272583 0.03763988986611366 0.24168077111244202 
v 0.28878098726272583 -0.03764000162482262 0.24168077111244202 
v 0.2982410490512848 0.03763988986611366 0.2282923310995102 
v 0.2982410490512848 -0.03764000162482262 0.2282923310995102 
v 0.30532488226890564 0.03763988986611366 0.2147095650434494 
v 0.30532488226890564 -0.03764000162482262 0.2147095650434494 
v 0.3107498288154602 0.03763988986611366 0.20015522837638855 
v 0.3107498288154602 -0.03764000162482262 0.20015522837638855 
v 0.3143814206123352 0.03763988986611366 0.18540656566619873 
v 0.3143814206123352 -0.03764000162482262 0.18540656566619873 
v 0.3164438009262085 0.03763988986611366 0.16984178125858307 
v 0.3164438009262085 -0.03764000162482262 0.16984178125858307 
v 0.31698182225227356 0.03763988986611366 0.1547239124774933 
v 0.31698182225227356 -0.03764000162482262 0.1547239124774933 
v 0.31617480516433716 0.03763988986611366 0.1390036642551422 
v 0.31617480516433716 -0.03764000162482262 0.1390036642551422 
v 0.3111084997653961 0.03763988986611366 0.10855419188737869 
v 0.3111084997653961 -0.03764000162482262 0.10855419188737869 
v -0.42807623744010925 0.03763988986611366 -0.2741920053958893 
v -0.4326941967010498 0.03763988986611366 -0.26564204692840576 
v -0.43977802991867065 0.03763988986611366 -0.2476094365119934 
v -0.4441717863082886 0.03763988986611366 -0.2287023961544037 
v -0.4460099935531616 0.03763988986611366 -0.20940671861171722 
v 0.3705140948295593 0.03763988986611366 0.04077642410993576 
v 0.3657616376876831 0.03763988986611366 0.03784223645925522 
v 0.3609195351600647 0.03763988986611366 0.03502464294433594 
v 0.35625675320625305 0.03763988986611366 0.031954433768987656 
v 0.2702195346355438 0.03763988986611366 0.030769098550081253 
v 0.26645344495773315 0.03763988986611366 0.03226533904671669 
v 0.27407529950141907 0.03763988986611366 0.029544901102781296 
v 0.2819661498069763 0.03763988986611366 0.027757184579968452 
v 0.2780207395553589 0.03763988986611366 0.028534453362226486 
v 0.3621748983860016 -0.03764000162482262 -0.015983572229743004 
v 0.36759984493255615 -0.03764000162482262 -0.01736322231590748 
v 0.7238540053367615 -0.03764000162482262 -0.060501597821712494 
v 0.7238540053367615 -0.03764000162482262 -0.0392821803689003 
v 0.7013919353485107 -0.03764000162482262 -0.060501597821712494 
v 0.7013919353485107 -0.03764000162482262 -0.0392821803689003 
v 0.7238540053367615 0.03763988986611366 -0.0392821803689003 
v 0.7238540053367615 0.03763988986611366 -0.060501597821712494 
v 0.7013919353485107 0.03763988986611366 -0.0392821803689003 
v 0.7013919353485107 0.03763988986611366 -0.060501597821712494 
v 0.7013919353485107 0.03763988986611366 -0.0392821803689003 
v 0.7013919353485107 -0.03764000162482262 -0.0392821803689003 
v 0.7238540053367615 0.03763988986611366 -0.0392821803689003 
v 0.7238540053367615 -0.03764000162482262 -0.0392821803689003 
v 0.7013919353485107 0.03763988986611366 -0.060501597821712494 
v 0.7013919353485107 -0.03764000162482262 -0.060501597821712494 
v 0.7013919353485107 0.03763988986611366 -0.0392821803689003 
v 0.7013919353485107 -0.03764000162482262 -0.0392821803689003 
v 0.7238540053367615 0.03763988986611366 -0.060501597821712494 
v 0.7238540053367615 -0.03764000162482262 -0.060501597821712494 
v 0.7013919353485107 0.03763988986611366 -0.060501597821712494 
v 0.7013919353485107 -0.03764000162482262 -0.060501597821712494 
v 0.7238540053367615 0.03763988986611366 -0.0392821803689003 
v 0.7238540053367615 -0.03764000162482262 -0.0392821803689003 
v 0.7238540053367615 0.03763988986611366 -0.060501597821712494 
v 0.7238540053367615 -0.03764000162482262 -0.060501597821712494 
v 0.8602402210235596 0.03763988986611366 0.10501762479543686 
v 0.8602402210235596 -0.03764000162482262 0.10501762479543686 
v 0.8602402210235596 0.03763988986611366 0.12394410371780396 
v 0.8602402210235596 -0.03764000162482262 0.12394410371780396 
v -0.37145039439201355 0.03763988986611366 0.1944228708744049 
v -0.24474838376045227 0.03763988986611366 0.19452004134655 
v -0.39454010128974915 0.03763988986611366 0.1584353744983673 
v -0.22582826018333435 0.03763988986611366 0.1776338815689087 
v -0.37427496910095215 0.03763988986611366 0.13972264528274536 
v -0.22632144391536713 0.03763988986611366 0.12139854580163956 
v -0.3545926511287689 0.03763988986611366 0.12075730413198471 
v -0.2139023095369339 0.03763988986611366 0.10832101106643677 
v -0.18700167536735535 0.03763988986611366 0.08422570675611496 
v -0.20040716230869293 0.03763988986611366 0.09631222486495972 
v -0.20717714726924896 0.03763988986611366 0.04619786888360977 
v -0.33553802967071533 0.03763988986611366 0.04619786888360977 
v -0.34472909569740295 0.03763988986611366 0.05628292262554169 
v -0.35481682419776917 0.03763988986611366 0.06555183976888657 
v -0.3651735782623291 0.03763988986611366 0.07449042052030563 
v -0.37539583444595337 0.03763988986611366 0.08358445763587952 
v 0.755058765411377 -0.03764000162482262 0.08296264708042145 
v 0.755058765411377 0.03763988986611366 0.08296264708042145 
v 0.755058765411377 -0.03764000162482262 -0.01600300334393978 
v 0.755058765411377 0.03763988986611366 -0.01600300334393978 
v 0.755058765411377 -0.03764000162482262 -0.01600300334393978 
v 0.755058765411377 0.03763988986611366 -0.01600300334393978 
v 0.7737547159194946 -0.03764000162482262 -0.01600300334393978 
v 0.7737547159194946 0.03763988986611366 -0.01600300334393978 
v 0.7737547159194946 -0.03764000162482262 -0.01600300334393978 
v 0.7737547159194946 0.03763988986611366 -0.01600300334393978 
v 0.7737547159194946 -0.03764000162482262 0.005216413177549839 
v 0.7737547159194946 0.03763988986611366 0.005216413177549839 
v 0.7737547159194946 -0.03764000162482262 0.005216413177549839 
v 0.7737547159194946 0.03763988986611366 0.005216413177549839 
v 0.7776104211807251 -0.03764000162482262 -0.0021870643831789494 
v 0.7776104211807251 0.03763988986611366 -0.0021870643831789494 
v 0.7800763249397278 -0.03764000162482262 -0.005840224213898182 
v 0.7800763249397278 0.03763988986611366 -0.005840224213898182 
v 0.7826318740844727 -0.03764000162482262 -0.00883270613849163 
v 0.7826318740844727 0.03763988986611366 -0.00883270613849163 
v 0.7856806516647339 -0.03764000162482262 -0.011592007242143154 
v 0.7856806516647339 0.03763988986611366 -0.011592007242143154 
v 0.7891328930854797 -0.03764000162482262 -0.014001538045704365 
v 0.7891328930854797 0.03763988986611366 -0.014001538045704365 
v 0.7909711003303528 -0.03764000162482262 -0.014992554672062397 
v 0.7909711003303528 0.03763988986611366 -0.014992554672062397 
v 0.7928541302680969 -0.03764000162482262 -0.01586698181927204 
v 0.7928541302680969 0.03763988986611366 -0.01586698181927204 
v 0.7968444228172302 -0.03764000162482262 -0.017207767814397812 
v 0.7968444228172302 0.03763988986611366 -0.017207767814397812 
v 0.8008346557617188 -0.03764000162482262 -0.018004467710852623 
v 0.8008346557617188 0.03763988986611366 -0.018004467710852623 
v 0.8050939440727234 -0.03764000162482262 -0.01829594373703003 
v 0.8050939440727234 0.03763988986611366 -0.01829594373703003 
v 0.8093980550765991 -0.03764000162482262 -0.018101627007126808 
v 0.8093980550765991 0.03763988986611366 -0.018101627007126808 
v 0.8114155530929565 -0.03764000162482262 -0.017810150980949402 
v 0.8114155530929565 0.03763988986611366 -0.017810150980949402 
v 0.8133882880210876 -0.03764000162482262 -0.017382653430104256 
v 0.8133882880210876 0.03763988986611366 -0.017382653430104256 
v 0.8154506683349609 -0.03764000162482262 -0.016780270263552666 
v 0.8154506683349609 0.03763988986611366 -0.016780270263552666 
v 0.817378580570221 -0.03764000162482262 -0.015983572229743004 
v 0.817378580570221 0.03763988986611366 -0.015983572229743004 
v 0.819216787815094 -0.03764000162482262 -0.015031417831778526 
v 0.819216787815094 0.03763988986611366 -0.015031417831778526 
v 0.820920467376709 -0.03764000162482262 -0.013943242840468884 
v 0.820920467376709 0.03763988986611366 -0.013943242840468884 
v 0.8225345015525818 -0.03764000162482262 -0.012680182233452797 
v 0.8225345015525818 0.03763988986611366 -0.012680182233452797 
v 0.8240140676498413 -0.03764000162482262 -0.011242236942052841 
v 0.8240140676498413 0.03763988986611366 -0.011242236942052841 
v 0.8253591060638428 -0.03764000162482262 -0.009648837149143219 
v 0.8253591060638428 0.03763988986611366 -0.009648837149143219 
v 0.8266592621803284 -0.03764000162482262 -0.007919415831565857 
v 0.8266592621803284 0.03763988986611366 -0.007919415831565857 
v 0.8277353048324585 -0.03764000162482262 -0.006053972523659468 
v 0.8277353048324585 0.03763988986611366 -0.006053972523659468 
v 0.8286319971084595 -0.03764000162482262 -0.004266256466507912 
v 0.8286319971084595 0.03763988986611366 -0.004266256466507912 
v 0.8301563858985901 -0.03764000162482262 -0.00036048461333848536 
v 0.8301563858985901 0.03763988986611366 -0.00036048461333848536 
v 0.8311875462532043 -0.03764000162482262 0.0035647188778966665 
v 0.8311875462532043 0.03763988986611366 0.0035647188778966665 
v 0.8318600654602051 -0.03764000162482262 0.0078008295968174934 
v 0.8318600654602051 0.03763988986611366 0.0078008295968174934 
v 0.8322187662124634 -0.03764000162482262 0.016156461089849472 
v 0.8322187662124634 0.03763988986611366 0.016156461089849472 
v 0.8322187662124634 -0.03764000162482262 0.0244926605373621 
v 0.8322187662124634 0.03763988986611366 0.0244926605373621 
v 0.8322187662124634 -0.03764000162482262 0.0328482910990715 
v 0.8322187662124634 0.03763988986611366 0.0328482910990715 
v 0.8322187662124634 -0.03764000162482262 0.041203923523426056 
v 0.8322187662124634 0.03763988986611366 0.041203923523426056 
v 0.8322187662124634 -0.03764000162482262 0.04955955222249031 
v 0.8322187662124634 0.03763988986611366 0.04955955222249031 
v 0.8322187662124634 -0.03764000162482262 0.057915184646844864 
v 0.8322187662124634 0.03763988986611366 0.057915184646844864 
v 0.8322187662124634 -0.03764000162482262 0.06625138223171234 
v 0.8322187662124634 0.03763988986611366 0.06625138223171234 
v 0.8322187662124634 -0.03764000162482262 0.0746070146560669 
v 0.8322187662124634 0.03763988986611366 0.0746070146560669 
v 0.8322187662124634 -0.03764000162482262 0.08296264708042145 
v 0.8322187662124634 0.03763988986611366 0.08296264708042145 
v 0.755058765411377 0.03763988986611366 0.08296264708042145 
v 0.755058765411377 -0.03764000162482262 0.08296264708042145 
v 0.7737547159194946 0.03763988986611366 0.08296264708042145 
v 0.7737547159194946 -0.03764000162482262 0.08296264708042145 
v -0.07137375324964523 -0.03764000162482262 0.23561808466911316 
v -0.06469342857599258 -0.03764000162482262 0.2221713364124298 
v -0.04339708760380745 -0.03764000162482262 0.24871504306793213 
v -0.03505789116024971 -0.03764000162482262 0.23596784472465515 
v 0.01417028158903122 -0.03764000162482262 0.2710420787334442 
v -0.004749835003167391 -0.03764000162482262 0.24828754365444183 
v 0.02618589997291565 -0.03764000162482262 0.25897496938705444 
v 0.05765964835882187 -0.03764000162482262 0.26779696345329285 
v 0.13495415449142456 -0.03764000162482262 0.29509851336479187 
v 0.07375519722700119 -0.03764000162482262 0.28715094923973083 
v 0.10419775545597076 -0.03764000162482262 0.29230034351348877 
v 0.08967141062021255 -0.03764000162482262 0.27448147535324097 
v 0.12213151901960373 -0.03764000162482262 0.2786981463432312 
v 0.15481579303741455 -0.03764000162482262 0.2798835039138794 
v 0.1874103993177414 -0.03764000162482262 0.27729907631874084 
v 0.20381979644298553 -0.03764000162482262 0.2742094397544861 
v 0.21919798851013184 -0.03764000162482262 0.2699344754219055 
v 0.27896225452423096 -0.03764000162482262 0.25232934951782227 
v 0.22637149691581726 -0.03764000162482262 0.2837892770767212 
v 0.19651179015636444 -0.03764000162482262 0.29154250025749207 
v 0.21184514462947845 -0.03764000162482262 0.2881808280944824 
v 0.23480036854743958 -0.03764000162482262 0.26389119029045105 
v 0.248923197388649 -0.03764000162482262 0.25642943382263184 
v 0.25591737031936646 -0.03764000162482262 0.2518629729747772 
v 0.26241835951805115 -0.03764000162482262 0.24688847362995148 
v 0.26851582527160645 -0.03764000162482262 0.24150589108467102 
v 0.27412012219429016 -0.03764000162482262 0.23571524024009705 
v 0.27855873107910156 -0.03764000162482262 0.23042981326580048 
v 0.28299733996391296 -0.03764000162482262 0.22426997125148773 
v 0.2877049446105957 -0.03764000162482262 0.21651671826839447 
v 0.2917400598526001 -0.03764000162482262 0.2083359807729721 
v 0.29469913244247437 -0.03764000162482262 0.20091305673122406 
v 0.29716500639915466 -0.03764000162482262 0.19321811199188232 
v 0.31617480516433716 -0.03764000162482262 0.1390036642551422 
v 0.3107498288154602 -0.03764000162482262 0.20015522837638855 
v 0.2982410490512848 -0.03764000162482262 0.2282923310995102 
v 0.30532488226890564 -0.03764000162482262 0.2147095650434494 
v 0.3005724251270294 -0.03764000162482262 0.1769343465566635 
v 0.3019174635410309 -0.03764000162482262 0.16101978719234467 
v 0.30155879259109497 -0.03764000162482262 0.14428909122943878 
v 0.299765408039093 -0.03764000162482262 0.12845225632190704 
v 0.2965373396873474 -0.03764000162482262 0.11199360340833664 
v 0.3111084997653961 -0.03764000162482262 0.10855419188737869 
v 0.4981576204299927 -0.03764000162482262 0.05665212497115135 
v 0.49631941318511963 -0.03764000162482262 0.05062829703092575 
v 0.5007131695747375 -0.03764000162482262 0.06244276836514473 
v 0.49425703287124634 -0.03764000162482262 0.03815314546227455 
v 0.49537789821624756 -0.03764000162482262 0.013008524663746357 
v 0.4938983619213104 -0.03764000162482262 0.025522539392113686 
v 0.494391530752182 -0.03764000162482262 0.019226668402552605 
v 0.5136255025863647 -0.03764000162482262 0.011453988961875439 
v 0.5134909749031067 -0.03764000162482262 0.012581028044223785 
v 0.5134461522102356 -0.03764000162482262 0.01372749824076891 
v 0.5138944983482361 -0.03764000162482262 0.010326950810849667 
v 0.5142531991004944 -0.03764000162482262 0.00923877488821745 
v 0.5151498913764954 -0.03764000162482262 0.007120720110833645 
v 0.49775412678718567 -0.03764000162482262 0.005002664402127266 
v 0.5163155794143677 -0.03764000162482262 0.005138686392456293 
v 0.5164052248001099 -0.03764000162482262 0.005002664402127266 
v 0.5176606178283691 -0.03764000162482262 0.0032732433173805475 
v 0.519184947013855 -0.03764000162482262 0.001563253696076572 
v 0.5029100775718689 -0.03764000162482262 -0.00424682442098856 
v 0.49950265884399414 -0.03764000162482262 0.0010968928690999746 
v 0.5011166930198669 -0.03764000162482262 -0.0016624084673821926 
v 0.5209335088729858 -0.03764000162482262 0.000047581099352100864 
v 0.5228613615036011 -0.03764000162482262 -0.00123491114936769 
v 0.5248789191246033 -0.03764000162482262 -0.0022259277757257223 
v 0.554514467716217 -0.03764000162482262 -0.013049384579062462 
v 0.5270758271217346 -0.03764000162482262 -0.002964332466945052 
v 0.5293175578117371 -0.03764000162482262 -0.003450124990195036 
v 0.5239374041557312 -0.03764000162482262 -0.017246631905436516 
v 0.5427678823471069 -0.03764000162482262 -0.0175575390458107 
v 0.5488653182983398 -0.03764000162482262 -0.01588641293346882 
v 0.5459062457084656 -0.03764000162482262 -0.016838565468788147 
v 0.5122356414794922 -0.03764000162482262 -0.012621887028217316 
v 0.5178847908973694 -0.03764000162482262 -0.01543948333710432 
v 0.5208438634872437 -0.03764000162482262 -0.016449932008981705 
v 0.5071693658828735 -0.03764000162482262 -0.00887156929820776 
v 0.5095007419586182 -0.03764000162482262 -0.010775876231491566 
v 0.510352611541748 -0.03764000162482262 0.07482076436281204 
v 0.5080660581588745 -0.03764000162482262 0.07266384363174438 
v 0.512818455696106 -0.03764000162482262 0.07678336650133133 
v 0.5181986093521118 -0.03764000162482262 0.08006732165813446 
v 0.5154188871383667 -0.03764000162482262 0.07853221893310547 
v 0.5615086555480957 -0.03764000162482262 0.08321525901556015 
v 0.5364013910293579 -0.03764000162482262 0.08498354256153107 
v 0.549044668674469 -0.03764000162482262 0.08506126701831818 
v 0.5427230000495911 -0.03764000162482262 0.08527501672506332 
v 0.5412434935569763 -0.03764000162482262 0.06996283680200577 
v 0.5442473888397217 -0.03764000162482262 0.0704486295580864 
v 0.5502103567123413 -0.03764000162482262 0.0707012414932251 
v 0.5561733245849609 -0.03764000162482262 0.07021544873714447 
v 0.5620018243789673 -0.03764000162482262 0.06895238906145096 
v 0.5676957964897156 -0.03764000162482262 0.06718410551548004 
v 0.5210680365562439 -0.03764000162482262 0.0813886746764183 
v 0.5240270495414734 -0.03764000162482262 0.0824962854385376 
v 0.5301693677902222 -0.03764000162482262 0.08408968150615692 
v 0.24811618030071259 -0.03764000162482262 0.05678814649581909 
v 0.24829551577568054 -0.03764000162482262 0.05470895394682884 
v 0.24816101789474487 -0.03764000162482262 0.06082993745803833 
v 0.26891934871673584 -0.03764000162482262 0.05774029716849327 
v 0.26896417140960693 -0.03764000162482262 0.0594114251434803 
v 0.2691883444786072 -0.03764000162482262 0.0610242560505867 
v 0.2695918679237366 -0.03764000162482262 0.06261765211820602 
v 0.27098172903060913 -0.03764000162482262 0.08498354256153107 
v 0.27017471194267273 -0.03764000162482262 0.06413333117961884 
v 0.27098172903060913 -0.03764000162482262 0.06557127088308334 
v 0.25479650497436523 -0.03764000162482262 0.07742460817098618 
v 0.25035789608955383 -0.03764000162482262 0.07068181037902832 
v 0.24905771017074585 -0.03764000162482262 0.06685376912355423 
v 0.249640554189682 -0.03764000162482262 0.06877750158309937 
v 0.26125267148017883 -0.03764000162482262 0.08218538016080856 
v 0.2578004002571106 -0.03764000162482262 0.08008675277233124 
v 0.2562312185764313 -0.03764000162482262 0.07882369309663773 
v 0.264973908662796 -0.03764000162482262 0.08370105177164078 
v 0.2630908787250519 -0.03764000162482262 0.08302094042301178 
v 0.05721130594611168 -0.03764000162482262 0.19479207694530487 
v 0.05721130594611168 0.03763988986611366 0.19479207694530487 
v -0.20771516859531403 -0.03764000162482262 0.19479207694530487 
v -0.20771516859531403 0.03763988986611366 0.19479207694530487 
v 0.5384189486503601 -0.03764000162482262 0.06924386322498322 
v 0.535549521446228 -0.03764000162482262 0.06825284659862518 
v 0.5328594446182251 -0.03764000162482262 0.06698978692293167 
v 0.5303038954734802 -0.03764000162482262 0.06549354642629623 
v 0.5278828144073486 -0.03764000162482262 0.06370583176612854 
v 0.5256859660148621 -0.03764000162482262 0.06174322962760925 
v 0.5236235857009888 -0.03764000162482262 0.05954744666814804 
v 0.5217853784561157 -0.03764000162482262 0.05719621106982231 
v 0.520126461982727 -0.03764000162482262 0.05470895394682884 
v 0.5173019170761108 -0.03764000162482262 0.04944296181201935 
v 0.5151498913764954 -0.03764000162482262 0.04386606439948082 
v 0.5137151479721069 -0.03764000162482262 0.038075417280197144 
v 0.5128633379936218 -0.03764000162482262 0.032168179750442505 
v 0.5126391649246216 -0.03764000162482262 0.026202648878097534 
v 0.5512863993644714 -0.03764000162482262 0.01372749824076891 
v 0.5695340037345886 -0.03764000162482262 0.013572044670581818 
v 0.5511518716812134 -0.03764000162482262 0.011434556916356087 
v 0.5507932305335999 -0.03764000162482262 0.00916104856878519 
v 0.5501207113265991 -0.03764000162482262 0.006965266074985266 
v 0.5496723651885986 -0.03764000162482262 0.0059159547090530396 
v 0.5676957964897156 -0.03764000162482262 0.005002664402127266 
v 0.5492240190505981 -0.03764000162482262 0.005002664402127266 
v 0.549179196357727 -0.03764000162482262 0.004886074457317591 
v 0.5485514998435974 -0.03764000162482262 0.003895057598128915 
v 0.5479238033294678 -0.03764000162482262 0.0029429043643176556 
v 0.5463994145393372 -0.03764000162482262 0.0012134830467402935 
v 0.5633468627929688 -0.03764000162482262 -0.004169097635895014 
v 0.5663507580757141 -0.03764000162482262 0.0013883684296160936 
v 0.5649608969688416 -0.03764000162482262 -0.0014875232009217143 
v 0.5455924272537231 -0.03764000162482262 0.0004167834122199565 
v 0.5446957349777222 -0.03764000162482262 -0.00030218949541449547 
v 0.5437542200088501 -0.03764000162482262 -0.0009628672851249576 
v 0.5427678823471069 -0.03764000162482262 -0.0015458182897418737 
v 0.5417366623878479 -0.03764000162482262 -0.0020704742055386305 
v 0.5406606197357178 -0.03764000162482262 -0.002497971523553133 
v 0.5384637713432312 -0.03764000162482262 -0.003158649429678917 
v 0.5361772179603577 -0.03764000162482262 -0.0035472833551466465 
v 0.5338906645774841 -0.03764000162482262 -0.0037027369253337383 
v 0.5316041111946106 -0.03764000162482262 -0.0036833053454756737 
v -0.024118296802043915 -0.03764000162482262 0.12165115773677826 
v -0.024118296802043915 0.03763988986611366 0.12165115773677826 
v 0.02363033965229988 -0.03764000162482262 0.16451749205589294 
v 0.02363033965229988 0.03763988986611366 0.16451749205589294 
v 0.7737547159194946 0.03763988986611366 0.08296264708042145 
v 0.7737547159194946 -0.03764000162482262 0.08296264708042145 
v 0.7737547159194946 0.03763988986611366 0.06613479554653168 
v 0.7737547159194946 -0.03764000162482262 0.06613479554653168 
v 0.7737547159194946 0.03763988986611366 0.04928750917315483 
v 0.7737547159194946 -0.03764000162482262 0.04928750917315483 
v 0.7737547159194946 0.03763988986611366 0.04093187674880028 
v 0.7737547159194946 -0.03764000162482262 0.04093187674880028 
v 0.7738891839981079 0.03763988986611366 0.036656904965639114 
v 0.7738891839981079 -0.03764000162482262 0.036656904965639114 
v 0.7743375301361084 0.03763988986611366 0.03245965763926506 
v 0.7743375301361084 -0.03764000162482262 0.03245965763926506 
v 0.7751445770263672 0.03763988986611366 0.028281841427087784 
v 0.7751445770263672 -0.03764000162482262 0.028281841427087784 
v 0.7762205600738525 0.03763988986611366 0.02422061562538147 
v 0.7762205600738525 -0.03764000162482262 0.02422061562538147 
v 0.777655303478241 0.03763988986611366 0.020295413210988045 
v 0.777655303478241 -0.03764000162482262 0.020295413210988045 
v 0.779403805732727 0.03763988986611366 0.016486799344420433 
v 0.779403805732727 -0.03764000162482262 0.016486799344420433 
v 0.7813317179679871 0.03763988986611366 0.012950229458510876 
v 0.7813317179679871 -0.03764000162482262 0.012950229458510876 
v 0.7839769124984741 0.03763988986611366 0.00910275336354971 
v 0.7839769124984741 -0.03764000162482262 0.00910275336354971 
v 0.7853667736053467 0.03763988986611366 0.0074316272512078285 
v 0.7853667736053467 -0.03764000162482262 0.0074316272512078285 
v 0.7868015170097351 0.03763988986611366 0.005954817868769169 
v 0.7868015170097351 -0.03764000162482262 0.005954817868769169 
v 0.7882810235023499 0.03763988986611366 0.004633462522178888 
v 0.7882810235023499 -0.03764000162482262 0.004633462522178888 
v 0.7898502349853516 0.03763988986611366 0.0035064236726611853 
v 0.7898502349853516 -0.03764000162482262 0.0035064236726611853 
v 0.7915987968444824 0.03763988986611366 0.0024571118410676718 
v 0.7915987968444824 -0.03764000162482262 0.0024571118410676718 
v 0.7934370040893555 0.03763988986611366 0.0016215487848967314 
v 0.7934370040893555 -0.03764000162482262 0.0016215487848967314 
v 0.7952752113342285 0.03763988986611366 0.0010191660840064287 
v 0.7952752113342285 -0.03764000162482262 0.0010191660840064287 
v 0.7972478866577148 0.03763988986611366 0.0006111004040576518 
v 0.7972478866577148 -0.03764000162482262 0.0006111004040576518 
v 0.799220621585846 0.03763988986611366 0.000436215108493343 
v 0.799220621585846 -0.03764000162482262 0.000436215108493343 
v 0.8015968203544617 0.03763988986611366 0.00047507850104011595 
v 0.8015968203544617 -0.03764000162482262 0.00047507850104011595 
v 0.8027625679969788 0.03763988986611366 0.0006111004040576518 
v 0.8027625679969788 -0.03764000162482262 0.0006111004040576518 
v 0.8038833737373352 0.03763988986611366 0.0008248491212725639 
v 0.8038833737373352 -0.03764000162482262 0.0008248491212725639 
v 0.8049594163894653 0.03763988986611366 0.0010968928690999746 
v 0.8049594163894653 -0.03764000162482262 0.0010968928690999746 
v 0.8059458136558533 0.03763988986611366 0.0014660952147096395 
v 0.8059458136558533 -0.03764000162482262 0.0014660952147096395 
v 0.8069769740104675 0.03763988986611366 0.0019518877379596233 
v 0.8069769740104675 -0.03764000162482262 0.0019518877379596233 
v 0.8079633116722107 0.03763988986611366 0.002554270438849926 
v 0.8079633116722107 -0.03764000162482262 0.002554270438849926 
v 0.8088151812553406 0.03763988986611366 0.0032538115046918392 
v 0.8088151812553406 -0.03764000162482262 0.0032538115046918392 
v 0.8096222281455994 0.03763988986611366 0.004031079821288586 
v 0.8096222281455994 -0.03764000162482262 0.004031079821288586 
v 0.8102947473526001 0.03763988986611366 0.004905506037175655 
v 0.8102947473526001 -0.03764000162482262 0.004905506037175655 
v 0.810922384262085 0.03763988986611366 0.005896522663533688 
v 0.810922384262085 -0.03764000162482262 0.005896522663533688 
v 0.8114604353904724 0.03763988986611366 0.006965266074985266 
v 0.8114604353904724 -0.03764000162482262 0.006965266074985266 
v 0.811863899230957 0.03763988986611366 0.008014578372240067 
v 0.811863899230957 -0.03764000162482262 0.008014578372240067 
v 0.8122225999832153 0.03763988986611366 0.009394228458404541 
v 0.8122225999832153 -0.03764000162482262 0.009394228458404541 
v 0.8125813007354736 0.03763988986611366 0.011123649775981903 
v 0.8125813007354736 -0.03764000162482262 0.011123649775981903 
v 0.8130744695663452 0.03763988986611366 0.015612373128533363 
v 0.8130744695663452 -0.03764000162482262 0.015612373128533363 
v 0.8135228157043457 0.03763988986611366 0.03244022652506828 
v 0.8135228157043457 -0.03764000162482262 0.03244022652506828 
v 0.8135228157043457 0.03763988986611366 0.04928750917315483 
v 0.8135228157043457 -0.03764000162482262 0.04928750917315483 
v 0.8135228157043457 0.03763988986611366 0.06613479554653168 
v 0.8135228157043457 -0.03764000162482262 0.06613479554653168 
v 0.8135228157043457 0.03763988986611366 0.08296264708042145 
v 0.8135228157043457 -0.03764000162482262 0.08296264708042145 
v 0.5699823498725891 -0.03764000162482262 0.026202648878097534 
v 0.5699823498725891 -0.03764000162482262 0.019887346774339676 
v 0.2512097656726837 -0.03764000162482262 0.07250838726758957 
v 0.25224095582962036 -0.03764000162482262 0.07423780858516693 
v 0.25345146656036377 -0.03764000162482262 0.0758700743317604 
v 0.3208375871181488 -0.03764000162482262 0.08296264708042145 
v 0.3208375871181488 0.03763988986611366 0.08296264708042145 
v 0.30214163661003113 -0.03764000162482262 0.08296264708042145 
v 0.30214163661003113 0.03763988986611366 0.08296264708042145 
v -0.024118296802043915 0.03763988986611366 0.12165115773677826 
v -0.024118296802043915 -0.03764000162482262 0.12165115773677826 
v -0.01645161397755146 0.03763988986611366 0.11972741782665253 
v -0.01645161397755146 -0.03764000162482262 0.11972741782665253 
v -0.008695262484252453 0.03763988986611366 0.11753164231777191 
v -0.008695262484252453 -0.03764000162482262 0.11753164231777191 
v 0.30214163661003113 -0.03764000162482262 0.08296264708042145 
v 0.30214163661003113 0.03763988986611366 0.08296264708042145 
v 0.30214163661003113 -0.03764000162482262 0.07072067260742188 
v 0.30214163661003113 0.03763988986611366 0.07072067260742188 
v 0.30214163661003113 -0.03764000162482262 0.07072067260742188 
v 0.30214163661003113 0.03763988986611366 0.07072067260742188 
v 0.3011104464530945 -0.03764000162482262 0.07245009392499924 
v 0.3011104464530945 0.03763988986611366 0.07245009392499924 
v 0.29994475841522217 -0.03764000162482262 0.07410179078578949 
v 0.29994475841522217 0.03763988986611366 0.07410179078578949 
v 0.2986445426940918 -0.03764000162482262 0.07565632462501526 
v 0.2986445426940918 0.03763988986611366 0.07565632462501526 
v 0.29725468158721924 -0.03764000162482262 0.07711370289325714 
v 0.29725468158721924 0.03763988986611366 0.07711370289325714 
v 0.295730322599411 -0.03764000162482262 0.07843505591154099 
v 0.295730322599411 0.03763988986611366 0.07843505591154099 
v 0.2941162884235382 -0.03764000162482262 0.07967868447303772 
v 0.2941162884235382 0.03763988986611366 0.07967868447303772 
v 0.29066401720046997 -0.03764000162482262 0.08179674297571182 
v 0.29066401720046997 0.03763988986611366 0.08179674297571182 
v 0.2869427800178528 -0.03764000162482262 0.08344843983650208 
v 0.2869427800178528 0.03763988986611366 0.08344843983650208 
v 0.28304219245910645 -0.03764000162482262 0.08455604314804077 
v 0.28304219245910645 0.03763988986611366 0.08455604314804077 
v 0.27905192971229553 -0.03764000162482262 0.08515843003988266 
v 0.27905192971229553 0.03763988986611366 0.08515843003988266 
v 0.27501681447029114 -0.03764000162482262 0.08525558561086655 
v 0.27501681447029114 0.03763988986611366 0.08525558561086655 
v 0.27098172903060913 -0.03764000162482262 0.08498354256153107 
v 0.27098172903060913 0.03763988986611366 0.08498354256153107 
v 0.2669914662837982 -0.03764000162482262 0.08426456898450851 
v 0.2669914662837982 0.03763988986611366 0.08426456898450851 
v 0.264973908662796 -0.03764000162482262 0.08370105177164078 
v 0.264973908662796 0.03763988986611366 0.08370105177164078 
v 0.2630908787250519 -0.03764000162482262 0.08302094042301178 
v 0.2630908787250519 0.03763988986611366 0.08302094042301178 
v 0.26125267148017883 -0.03764000162482262 0.08218538016080856 
v 0.26125267148017883 0.03763988986611366 0.08218538016080856 
v 0.259504109621048 -0.03764000162482262 0.08123322576284409 
v 0.259504109621048 0.03763988986611366 0.08123322576284409 
v 0.2578004002571106 -0.03764000162482262 0.08008675277233124 
v 0.2578004002571106 0.03763988986611366 0.08008675277233124 
v 0.2562312185764313 -0.03764000162482262 0.07882369309663773 
v 0.2562312185764313 0.03763988986611366 0.07882369309663773 
v 0.25479650497436523 -0.03764000162482262 0.07742460817098618 
v 0.25479650497436523 0.03763988986611366 0.07742460817098618 
v 0.25345146656036377 -0.03764000162482262 0.0758700743317604 
v 0.25345146656036377 0.03763988986611366 0.0758700743317604 
v 0.25224095582962036 -0.03764000162482262 0.07423780858516693 
v 0.25224095582962036 0.03763988986611366 0.07423780858516693 
v 0.2512097656726837 -0.03764000162482262 0.07250838726758957 
v 0.2512097656726837 0.03763988986611366 0.07250838726758957 
v 0.25035789608955383 -0.03764000162482262 0.07068181037902832 
v 0.25035789608955383 0.03763988986611366 0.07068181037902832 
v 0.249640554189682 -0.03764000162482262 0.06877750158309937 
v 0.249640554189682 0.03763988986611366 0.06877750158309937 
v 0.24905771017074585 -0.03764000162482262 0.06685376912355423 
v 0.24905771017074585 0.03763988986611366 0.06685376912355423 
v 0.24860936403274536 -0.03764000162482262 0.06485229730606079 
v 0.24860936403274536 0.03763988986611366 0.06485229730606079 
v 0.24816101789474487 -0.03764000162482262 0.06082993745803833 
v 0.24816101789474487 0.03763988986611366 0.06082993745803833 
v 0.24811618030071259 -0.03764000162482262 0.05678814649581909 
v 0.24811618030071259 0.03763988986611366 0.05678814649581909 
v 0.24829551577568054 0.03763988986611366 0.05470895394682884 
v 0.24829551577568054 -0.03764000162482262 0.05470895394682884 
v 0.24860936403274536 -0.03764000162482262 0.05276578292250633 
v 0.24860936403274536 0.03763988986611366 0.05276578292250633 
v 0.24905771017074585 -0.03764000162482262 0.05076431855559349 
v 0.24905771017074585 0.03763988986611366 0.05076431855559349 
v 0.249640554189682 -0.03764000162482262 0.04884057864546776 
v 0.249640554189682 0.03763988986611366 0.04884057864546776 
v 0.2504027485847473 -0.03764000162482262 0.04695570468902588 
v 0.2504027485847473 0.03763988986611366 0.04695570468902588 
v 0.2512994110584259 -0.03764000162482262 0.04514855518937111 
v 0.2512994110584259 0.03763988986611366 0.04514855518937111 
v 0.25233060121536255 -0.03764000162482262 0.04341913387179375 
v 0.25233060121536255 0.03763988986611366 0.04341913387179375 
v 0.25349631905555725 -0.03764000162482262 0.04176744073629379 
v 0.25349631905555725 0.03763988986611366 0.04176744073629379 
v 0.25479650497436523 -0.03764000162482262 0.0402323380112648 
v 0.25479650497436523 0.03763988986611366 0.0402323380112648 
v 0.2562312185764313 -0.03764000162482262 0.03877495974302292 
v 0.2562312185764313 0.03763988986611366 0.03877495974302292 
v 0.2593696117401123 -0.03764000162482262 0.03620997443795204 
v 0.2593696117401123 0.03763988986611366 0.03620997443795204 
v 0.26282185316085815 -0.03764000162482262 0.03405305743217468 
v 0.26282185316085815 0.03763988986611366 0.03405305743217468 
v 0.26645344495773315 -0.03764000162482262 0.03226533904671669 
v 0.26645344495773315 0.03763988986611366 0.03226533904671669 
v 0.2702195346355438 -0.03764000162482262 0.030769098550081253 
v 0.2702195346355438 0.03763988986611366 0.030769098550081253 
v 0.27407529950141907 -0.03764000162482262 0.029544901102781296 
v 0.27407529950141907 0.03763988986611366 0.029544901102781296 
v 0.2780207395553589 -0.03764000162482262 0.028534453362226486 
v 0.2780207395553589 0.03763988986611366 0.028534453362226486 
v 0.2819661498069763 -0.03764000162482262 0.027757184579968452 
v 0.2819661498069763 0.03763988986611366 0.027757184579968452 
v 0.2860012352466583 -0.03764000162482262 0.02715480327606201 
v 0.2860012352466583 0.03763988986611366 0.02715480327606201 
v 0.28999149799346924 -0.03764000162482262 0.026727305725216866 
v 0.28999149799346924 0.03763988986611366 0.026727305725216866 
v 0.2940714359283447 -0.03764000162482262 0.026416398584842682 
v 0.2940714359283447 0.03763988986611366 0.026416398584842682 
v 0.2981065511703491 -0.03764000162482262 0.026241512969136238 
v 0.2981065511703491 0.03763988986611366 0.026241512969136238 
v 0.30214163661003113 -0.03764000162482262 0.026202648878097534 
v -0.008695262484252453 0.03763988986611366 0.11753164231777191 
v -0.008695262484252453 -0.03764000162482262 0.11753164231777191 
v 0.009911013767123222 0.03763988986611366 0.11082769930362701 
v 0.009911013767123222 -0.03764000162482262 0.11082769930362701 
v 0.027486098930239677 0.03763988986611366 0.10163650661706924 
v 0.027486098930239677 -0.03764000162482262 0.10163650661706924 
v 0.04362648352980614 0.03763988986611366 0.09021066874265671 
v 0.04362648352980614 -0.03764000162482262 0.09021066874265671 
v 0.058242496103048325 0.03763988986611366 0.07684165984392166 
v 0.058242496103048325 -0.03764000162482262 0.07684165984392166 
v 0.07115480303764343 0.03763988986611366 0.06184038892388344 
v 0.07115480303764343 -0.03764000162482262 0.06184038892388344 
v 0.08231856673955917 0.03763988986611366 0.04545946419239044 
v 0.08231856673955917 -0.03764000162482262 0.04545946419239044 
v 0.08698134869337082 0.03763988986611366 0.03677349537611008 
v 0.08698134869337082 -0.03764000162482262 0.03677349537611008 
v 0.09097161144018173 0.03763988986611366 0.027679458260536194 
v 0.09097161144018173 -0.03764000162482262 0.027679458260536194 
v 0.09697941690683365 0.03763988986611366 0.008811277337372303 
v 0.09697941690683365 -0.03764000162482262 0.008811277337372303 
v 0.10047650337219238 0.03763988986611366 -0.01067871693521738 
v 0.10047650337219238 -0.03764000162482262 -0.01067871693521738 
v 0.10150769352912903 0.03763988986611366 -0.030440757051110268 
v 0.10150769352912903 -0.03764000162482262 -0.030440757051110268 
v 0.10016266256570816 0.03763988986611366 -0.05020279437303543 
v 0.10016266256570816 -0.03764000162482262 -0.05020279437303543 
v 0.0963517352938652 0.03763988986611366 -0.06963449716567993 
v 0.0963517352938652 -0.03764000162482262 -0.06963449716567993 
v 0.09003008902072906 0.03763988986611366 -0.08838608860969543 
v 0.09003008902072906 -0.03764000162482262 -0.08838608860969543 
v 0.08119770884513855 0.03763988986611366 -0.10610779374837875 
v 0.08119770884513855 -0.03764000162482262 -0.10610779374837875 
v 0.07025811821222305 0.03763988986611366 -0.12260530889034271 
v 0.07025811821222305 -0.03764000162482262 -0.12260530889034271 
v 0.05761481449007988 0.03763988986611366 -0.13783976435661316 
v 0.05761481449007988 -0.03764000162482262 -0.13783976435661316 
v 0.043312642723321915 0.03763988986611366 -0.1515585482120514 
v 0.043312642723321915 -0.03764000162482262 -0.1515585482120514 
v 0.02744126319885254 0.03763988986611366 -0.16337302327156067 
v 0.02744126319885254 -0.03764000162482262 -0.16337302327156067 
v 0.018833059817552567 0.03763988986611366 -0.16836696863174438 
v 0.018833059817552567 -0.03764000162482262 -0.16836696863174438 
v 0.009911013767123222 0.03763988986611366 -0.17254477739334106 
v 0.009911013767123222 -0.03764000162482262 -0.17254477739334106 
v -0.00882976595312357 0.03763988986611366 -0.1789572387933731 
v -0.00882976595312357 -0.03764000162482262 -0.1789572387933731 
v -0.028198227286338806 0.03763988986611366 -0.18305732309818268 
v -0.028198227286338806 -0.03764000162482262 -0.18305732309818268 
v -0.04792536422610283 0.03763988986611366 -0.18488390743732452 
v -0.04792536422610283 -0.03764000162482262 -0.18488390743732452 
v 0.5570700168609619 -0.03764000162482262 -0.011203372851014137 
v 0.5594013929367065 -0.03764000162482262 -0.009085318073630333 
v 0.295730322599411 -0.03764000162482262 0.07843505591154099 
v 0.2941162884235382 -0.03764000162482262 0.07967868447303772 
v 0.29725468158721924 -0.03764000162482262 0.07711370289325714 
v 0.2869427800178528 -0.03764000162482262 0.08344843983650208 
v 0.27905192971229553 -0.03764000162482262 0.08515843003988266 
v 0.27501681447029114 -0.03764000162482262 0.08525558561086655 
v 0.30214163661003113 -0.03764000162482262 0.07072067260742188 
v 0.3208375871181488 -0.03764000162482262 0.06007210165262222 
v 0.3208375871181488 -0.03764000162482262 0.07534541934728622 
v 0.2924574017524719 -0.03764000162482262 0.06553240865468979 
v 0.29469913244247437 -0.03764000162482262 0.0631423145532608 
v 0.2966718375682831 -0.03764000162482262 0.06053846329450607 
v 0.29842036962509155 -0.03764000162482262 0.05774029716849327 
v 0.2998999059200287 -0.03764000162482262 0.054825544357299805 
v 0.29994475841522217 -0.03764000162482262 0.05470895394682884 
v 0.3208375871181488 -0.03764000162482262 0.05470895394682884 
v 0.3010207712650299 -0.03764000162482262 0.051735904067754745 
v 0.3017829656600952 -0.03764000162482262 0.048529673367738724 
v 0.3208375871181488 -0.03764000162482262 0.05243544280529022 
v 0.30214163661003113 -0.03764000162482262 0.04526514559984207 
v 0.3208375871181488 -0.03764000162482262 0.037181559950113297 
v 0.30214163661003113 -0.03764000162482262 0.04198119044303894 
v 0.3208375871181488 -0.03764000162482262 0.014271585270762444 
v 0.30214163661003113 -0.03764000162482262 0.03869723156094551 
v 0.29886871576309204 -0.03764000162482262 0.03869723156094551 
v 0.29559582471847534 -0.03764000162482262 0.03877495974302292 
v 0.2922780513763428 -0.03764000162482262 0.0390470027923584 
v 0.28904998302459717 -0.03764000162482262 0.039532795548439026 
v 0.28586673736572266 -0.03764000162482262 0.040271200239658356 
v 0.2827283442020416 -0.03764000162482262 0.04130107909440994 
v 0.2797244191169739 -0.03764000162482262 0.04260300472378731 
v 0.2768550217151642 -0.03764000162482262 0.04419640451669693 
v 0.30214163661003113 -0.03764000162482262 0.026202648878097534 
v 0.30214163661003113 -0.03764000162482262 0.008947299793362617 
v 0.2593696117401123 -0.03764000162482262 0.03620997443795204 
v 0.28999149799346924 -0.03764000162482262 0.026727305725216866 
v 0.2981065511703491 -0.03764000162482262 0.026241512969136238 
v 0.2940714359283447 -0.03764000162482262 0.026416398584842682 
v 0.2754651606082916 -0.03764000162482262 0.04514855518937111 
v 0.27420979738235474 -0.03764000162482262 0.04613957181572914 
v 0.27299928665161133 -0.03764000162482262 0.047324907034635544 
v 0.2719680964946747 -0.03764000162482262 0.0485491044819355 
v 0.2710265517234802 -0.03764000162482262 0.049928754568099976 
v 0.2702643871307373 -0.03764000162482262 0.05136670172214508 
v 0.26968151330947876 -0.03764000162482262 0.052882373332977295 
v 0.24905771017074585 -0.03764000162482262 0.05076431855559349 
v 0.25233060121536255 -0.03764000162482262 0.04341913387179375 
v 0.2504027485847473 -0.03764000162482262 0.04695570468902588 
v 0.2512994110584259 -0.03764000162482262 0.04514855518937111 
v 0.26927801966667175 -0.03764000162482262 0.054495204240083694 
v 0.24860936403274536 -0.03764000162482262 0.05276578292250633 
v 0.26923319697380066 -0.03764000162482262 0.05470895394682884 
v 0.2690090239048004 -0.03764000162482262 0.05608860403299332 
v 0.5397191047668457 -0.03764000162482262 -0.018004467710852623 
v 0.5364910364151001 -0.03764000162482262 -0.018257079645991325 
v 0.530214250087738 -0.03764000162482262 -0.01815992221236229 
v 0.2986445426940918 -0.03764000162482262 0.07565632462501526 
v 0.29994475841522217 -0.03764000162482262 0.07410179078578949 
v 0.3011104464530945 -0.03764000162482262 0.07245009392499924 
v 0.6517154574394226 0.03763988986611366 0.08296264708042145 
v 0.6517154574394226 -0.03764000162482262 0.08296264708042145 
v 0.6704114079475403 0.03763988986611366 0.08296264708042145 
v 0.6704114079475403 -0.03764000162482262 0.08296264708042145 
v 0.5022375583648682 -0.03764000162482262 0.06522150337696075 
v 0.503986120223999 -0.03764000162482262 0.06782534718513489 
v 0.5059139728546143 -0.03764000162482262 0.07029317319393158 
v 0.26923319697380066 -0.03764000162482262 0.05470895394682884 
v 0.26927801966667175 -0.03764000162482262 0.054495204240083694 
v 0.2690090239048004 -0.03764000162482262 0.05608860403299332 
v 0.26923319697380066 0.03763988986611366 0.05470895394682884 
v 0.2690090239048004 0.03763988986611366 0.05608860403299332 
v 0.26891934871673584 -0.03764000162482262 0.05774029716849327 
v 0.26891934871673584 0.03763988986611366 0.05774029716849327 
v 0.26896417140960693 -0.03764000162482262 0.0594114251434803 
v 0.26896417140960693 0.03763988986611366 0.0594114251434803 
v 0.2691883444786072 -0.03764000162482262 0.0610242560505867 
v 0.2691883444786072 0.03763988986611366 0.0610242560505867 
v 0.2695918679237366 -0.03764000162482262 0.06261765211820602 
v 0.2695918679237366 0.03763988986611366 0.06261765211820602 
v 0.27017471194267273 -0.03764000162482262 0.06413333117961884 
v 0.27017471194267273 0.03763988986611366 0.06413333117961884 
v 0.27098172903060913 -0.03764000162482262 0.06557127088308334 
v 0.27098172903060913 0.03763988986611366 0.06557127088308334 
v 0.2719680964946747 -0.03764000162482262 0.06689263135194778 
v 0.2719680964946747 0.03763988986611366 0.06689263135194778 
v 0.273133784532547 -0.03764000162482262 0.06809739768505096 
v 0.273133784532547 0.03763988986611366 0.06809739768505096 
v 0.27376145124435425 -0.03764000162482262 0.06862205266952515 
v 0.27376145124435425 0.03763988986611366 0.06862205266952515 
v 0.2743891477584839 -0.03764000162482262 0.069088414311409 
v 0.2743891477584839 0.03763988986611366 0.069088414311409 
v 0.2751064896583557 -0.03764000162482262 0.06953533738851547 
v 0.2751064896583557 0.03763988986611366 0.06953533738851547 
v 0.275868684053421 -0.03764000162482262 0.06990454345941544 
v 0.275868684053421 0.03763988986611366 0.06990454345941544 
v 0.27658602595329285 -0.03764000162482262 0.07019601762294769 
v 0.27658602595329285 0.03763988986611366 0.07019601762294769 
v 0.27739304304122925 -0.03764000162482262 0.07042919844388962 
v 0.27739304304122925 0.03763988986611366 0.07042919844388962 
v 0.27820006012916565 -0.03764000162482262 0.07060408592224121 
v 0.27820006012916565 0.03763988986611366 0.07060408592224121 
v 0.27900707721710205 -0.03764000162482262 0.07068181037902832 
v 0.27900707721710205 0.03763988986611366 0.07068181037902832 
v 0.28066596388816833 -0.03764000162482262 0.07068181037902832 
v 0.28066596388816833 0.03763988986611366 0.07068181037902832 
v 0.28227999806404114 -0.03764000162482262 0.07054578512907028 
v 0.28227999806404114 0.03763988986611366 0.07054578512907028 
v 0.28389403223991394 -0.03764000162482262 0.07023487985134125 
v 0.28389403223991394 0.03763988986611366 0.07023487985134125 
v 0.28546324372291565 -0.03764000162482262 0.06978794932365417 
v 0.28546324372291565 0.03763988986611366 0.06978794932365417 
v 0.2869876027107239 -0.03764000162482262 0.06918556988239288 
v 0.2869876027107239 0.03763988986611366 0.06918556988239288 
v 0.288467139005661 -0.03764000162482262 0.06846659630537033 
v 0.288467139005661 0.03763988986611366 0.06846659630537033 
v 0.28985700011253357 -0.03764000162482262 0.06759217381477356 
v 0.28985700011253357 0.03763988986611366 0.06759217381477356 
v 0.29115721583366394 -0.03764000162482262 0.0666205883026123 
v 0.29115721583366394 0.03763988986611366 0.0666205883026123 
v 0.2924574017524719 -0.03764000162482262 0.06553240865468979 
v 0.2924574017524719 0.03763988986611366 0.06553240865468979 
v 0.29469913244247437 -0.03764000162482262 0.0631423145532608 
v 0.29469913244247437 0.03763988986611366 0.0631423145532608 
v 0.2966718375682831 -0.03764000162482262 0.06053846329450607 
v 0.2966718375682831 0.03763988986611366 0.06053846329450607 
v 0.29842036962509155 -0.03764000162482262 0.05774029716849327 
v 0.29842036962509155 0.03763988986611366 0.05774029716849327 
v 0.2998999059200287 -0.03764000162482262 0.054825544357299805 
v 0.2998999059200287 0.03763988986611366 0.054825544357299805 
v 0.29994475841522217 0.03763988986611366 0.05470895394682884 
v 0.29994475841522217 -0.03764000162482262 0.05470895394682884 
v 0.3010207712650299 -0.03764000162482262 0.051735904067754745 
v 0.3010207712650299 0.03763988986611366 0.051735904067754745 
v 0.3017829656600952 -0.03764000162482262 0.048529673367738724 
v 0.3017829656600952 0.03763988986611366 0.048529673367738724 
v 0.30214163661003113 -0.03764000162482262 0.04526514559984207 
v 0.30214163661003113 0.03763988986611366 0.04526514559984207 
v 0.30214163661003113 -0.03764000162482262 0.04198119044303894 
v 0.30214163661003113 0.03763988986611366 0.04198119044303894 
v 0.30214163661003113 -0.03764000162482262 0.03869723156094551 
v 0.30214163661003113 -0.03764000162482262 0.08296264708042145 
v 0.3208375871181488 -0.03764000162482262 0.08296264708042145 
v 1.0168019533157349 -0.03764000162482262 0.002087909495458007 
v 1.0127220153808594 -0.03764000162482262 0.0003973516868427396 
v 1.0168019533157349 -0.03764000162482262 -0.014759373851120472 
v 1.0085524320602417 -0.03764000162482262 -0.001098889159038663 
v 1.004338026046753 -0.03764000162482262 -0.0023230863735079765 
v 0.9999890923500061 -0.03764000162482262 -0.003236376214772463 
v 0.9756439924240112 -0.03764000162482262 -0.014973122626543045 
v 0.9947882890701294 -0.03764000162482262 -0.01829594373703003 
v 0.9836693406105042 -0.03764000162482262 -0.0173437912017107 
v 0.9892287850379944 -0.03764000162482262 -0.01808219589293003 
v 0.9956401586532593 -0.03764000162482262 -0.0036833053454756737 
v 0.9935328960418701 -0.03764000162482262 -0.0037221687380224466 
v 0.9912015199661255 -0.03764000162482262 -0.003566715167835355 
v 0.9890046119689941 -0.03764000162482262 -0.00319751282222569 
v 0.9868974089622498 -0.03764000162482262 -0.002614561701193452 
v 0.9848350286483765 -0.03764000162482262 -0.0017984304577112198 
v 0.9829071760177612 -0.03764000162482262 -0.0007296868716366589 
v 0.9819207787513733 -0.03764000162482262 -0.00006900909647811204 
v 0.9810689687728882 -0.03764000162482262 0.0006305321003310382 
v 0.9802619218826294 -0.03764000162482262 0.0013883684296160936 
v 0.9795894026756287 -0.03764000162482262 0.002146204700693488 
v 0.978961706161499 -0.03764000162482262 0.0030789263546466827 
v 0.9786927103996277 -0.03764000162482262 0.0035647188778966665 
v 0.9784685373306274 -0.03764000162482262 0.00405051140114665 
v 0.9782892465591431 -0.03764000162482262 0.004575167316943407 
v 0.9781098961830139 -0.03764000162482262 0.005099823232740164 
v 0.978020191192627 -0.03764000162482262 0.0056244791485369205 
v 0.9779305458068848 -0.03764000162482262 0.006187998224049807 
v 0.9779305458068848 -0.03764000162482262 0.007256741635501385 
v 0.9625971913337708 -0.03764000162482262 0.022044265642762184 
v 0.9605348110198975 -0.03764000162482262 0.000436215108493343 
v 0.9593242406845093 -0.03764000162482262 0.01155114732682705 
v 0.9594139456748962 -0.03764000162482262 0.005857659503817558 
v 0.9592794179916382 -0.03764000162482262 0.008714118972420692 
v 0.9780650734901428 -0.03764000162482262 0.00836434867233038 
v 0.9783340692520142 -0.03764000162482262 0.009433092549443245 
v 0.9787375926971436 -0.03764000162482262 0.010482404381036758 
v 0.9793204069137573 -0.03764000162482262 0.011628874577581882 
v 1.0004373788833618 -0.03764000162482262 0.050200797617435455 
v 0.9959091544151306 -0.03764000162482262 0.046916842460632324 
v 0.9912912249565125 -0.03764000162482262 0.04380777105689049 
v 0.9865835905075073 -0.03764000162482262 0.04077642410993576 
v 0.9723711013793945 -0.03764000162482262 0.03193500265479088 
v 0.9818311333656311 -0.03764000162482262 0.03784223645925522 
v 0.9770338535308838 -0.03764000162482262 0.03500520810484886 
v 0.9661390781402588 -0.03764000162482262 0.02670787274837494 
v 0.9641664028167725 -0.03764000162482262 0.024395501241087914 
v 0.26927801966667175 0.03763988986611366 0.054495204240083694 
v 0.26968151330947876 0.03763988986611366 0.052882373332977295 
v 0.26968151330947876 -0.03764000162482262 0.052882373332977295 
v 0.2702643871307373 0.03763988986611366 0.05136670172214508 
v 0.2702643871307373 -0.03764000162482262 0.05136670172214508 
v 0.2710265517234802 0.03763988986611366 0.049928754568099976 
v 0.2710265517234802 -0.03764000162482262 0.049928754568099976 
v 0.2719680964946747 0.03763988986611366 0.0485491044819355 
v 0.2719680964946747 -0.03764000162482262 0.0485491044819355 
v 0.27299928665161133 0.03763988986611366 0.047324907034635544 
v 0.27299928665161133 -0.03764000162482262 0.047324907034635544 
v 0.27420979738235474 0.03763988986611366 0.04613957181572914 
v 0.27420979738235474 -0.03764000162482262 0.04613957181572914 
v 0.2754651606082916 0.03763988986611366 0.04514855518937111 
v 0.2754651606082916 -0.03764000162482262 0.04514855518937111 
v 0.2768550217151642 0.03763988986611366 0.04419640451669693 
v 0.2768550217151642 -0.03764000162482262 0.04419640451669693 
v 0.2797244191169739 0.03763988986611366 0.04260300472378731 
v 0.2797244191169739 -0.03764000162482262 0.04260300472378731 
v 0.2827283442020416 0.03763988986611366 0.04130107909440994 
v 0.2827283442020416 -0.03764000162482262 0.04130107909440994 
v 0.28586673736572266 0.03763988986611366 0.040271200239658356 
v 0.28586673736572266 -0.03764000162482262 0.040271200239658356 
v 0.28904998302459717 0.03763988986611366 0.039532795548439026 
v 0.28904998302459717 -0.03764000162482262 0.039532795548439026 
v 0.2922780513763428 0.03763988986611366 0.0390470027923584 
v 0.2922780513763428 -0.03764000162482262 0.0390470027923584 
v 0.29559582471847534 0.03763988986611366 0.03877495974302292 
v 0.29559582471847534 -0.03764000162482262 0.03877495974302292 
v 0.29886871576309204 0.03763988986611366 0.03869723156094551 
v 0.29886871576309204 -0.03764000162482262 0.03869723156094551 
v 0.30214163661003113 0.03763988986611366 0.03869723156094551 
v 0.05721130594611168 0.03763988986611366 0.19479207694530487 
v 0.05721130594611168 -0.03764000162482262 0.19479207694530487 
v 0.02363033965229988 0.03763988986611366 0.16451749205589294 
v 0.02363033965229988 -0.03764000162482262 0.16451749205589294 
v 0.10016266256570816 0.03763988986611366 -0.05020279437303543 
v 0.0963517352938652 0.03763988986611366 -0.06963449716567993 
v 0.10150769352912903 0.03763988986611366 -0.030440757051110268 
v 0.08698134869337082 0.03763988986611366 0.03677349537611008 
v 0.04362648352980614 0.03763988986611366 0.09021066874265671 
v 0.009911013767123222 0.03763988986611366 0.11082769930362701 
v 0.027486098930239677 0.03763988986611366 0.10163650661706924 
v -0.008695262484252453 0.03763988986611366 0.11753164231777191 
v -0.01645161397755146 0.03763988986611366 0.11972741782665253 
v 0.9644353985786438 -0.03764000162482262 -0.00690896762534976 
v 0.9663184285163879 -0.03764000162482262 -0.008949295617640018 
v 0.962821364402771 -0.03764000162482262 -0.004616026766598225 
v 0.9615211486816406 -0.03764000162482262 -0.0021482009906321764 
v 0.9707121849060059 -0.03764000162482262 -0.012408138252794743 
v 0.9731332659721375 -0.03764000162482262 -0.013807221315801144 
v 0.8135228157043457 0.03763988986611366 0.08296264708042145 
v 0.8135228157043457 -0.03764000162482262 0.08296264708042145 
v 0.8322187662124634 0.03763988986611366 0.08296264708042145 
v 0.8322187662124634 -0.03764000162482262 0.08296264708042145 
v 0.30214163661003113 -0.03764000162482262 0.026202648878097534 
v 0.30214163661003113 0.03763988986611366 0.026202648878097534 
v 0.30214163661003113 -0.03764000162482262 0.008947299793362617 
v 0.30214163661003113 0.03763988986611366 0.008947299793362617 
v 0.45457857847213745 0.03763988986611366 -0.01600300334393978 
v 0.45457857847213745 -0.03764000162482262 -0.01600300334393978 
v 0.45457857847213745 0.03763988986611366 -0.05092176795005798 
v 0.45457857847213745 -0.03764000162482262 -0.05092176795005798 
v 0.45457857847213745 0.03763988986611366 -0.05092176795005798 
v 0.45457857847213745 -0.03764000162482262 -0.05092176795005798 
v 0.43588265776634216 0.03763988986611366 -0.0392821803689003 
v 0.43588265776634216 -0.03764000162482262 -0.0392821803689003 
v 0.4938983619213104 0.03763988986611366 0.025522539392113686 
v 0.4938983619213104 0.03763988986611366 0.03185727447271347 
v 0.494391530752182 0.03763988986611366 0.019226668402552605 
v 0.49501922726631165 0.03763988986611366 0.044429585337638855 
v 0.5022375583648682 0.03763988986611366 0.06522150337696075 
v 0.4981576204299927 0.03763988986611366 0.05665212497115135 
v 0.5007131695747375 0.03763988986611366 0.06244276836514473 
v 0.5136255025863647 0.03763988986611366 0.011453988961875439 
v 0.5138944983482361 0.03763988986611366 0.010326950810849667 
v 0.5142531991004944 0.03763988986611366 0.00923877488821745 
v 0.5151498913764954 0.03763988986611366 0.007120720110833645 
v 0.5163155794143677 0.03763988986611366 0.005138686392456293 
v 0.5164052248001099 0.03763988986611366 0.005002664402127266 
v 0.49703675508499146 0.03763988986611366 0.006906971335411072 
v 0.49537789821624756 0.03763988986611366 0.013008524663746357 
v 0.49775412678718567 0.03763988986611366 0.005002664402127266 
v 0.49820247292518616 0.03763988986611366 0.003914489410817623 
v 0.5176606178283691 0.03763988986611366 0.0032732433173805475 
v 0.519184947013855 0.03763988986611366 0.001563253696076572 
v 0.5209335088729858 0.03763988986611366 0.000047581099352100864 
v 0.5459062457084656 0.03763988986611366 -0.016838565468788147 
v 0.5150153636932373 0.03763988986611366 -0.014156991615891457 
v 0.5049276351928711 0.03763988986611366 -0.00665635522454977 
v 0.5095007419586182 0.03763988986611366 -0.010775876231491566 
v 0.5071693658828735 0.03763988986611366 -0.00887156929820776 
v 0.5228613615036011 0.03763988986611366 -0.00123491114936769 
v 0.5248789191246033 0.03763988986611366 -0.0022259277757257223 
v 0.5270758271217346 0.03763988986611366 -0.002964332466945052 
v 0.5293175578117371 0.03763988986611366 -0.003450124990195036 
v 0.5316041111946106 0.03763988986611366 -0.0036833053454756737 
v 0.5338906645774841 0.03763988986611366 -0.0037027369253337383 
v 0.5361772179603577 0.03763988986611366 -0.0035472833551466465 
v 0.5384637713432312 0.03763988986611366 -0.003158649429678917 
v 0.5406606197357178 0.03763988986611366 -0.002497971523553133 
v 0.5417366623878479 0.03763988986611366 -0.0020704742055386305 
v 0.5427678823471069 0.03763988986611366 -0.0015458182897418737 
v 0.5437542200088501 0.03763988986611366 -0.0009628672851249576 
v 0.5446957349777222 0.03763988986611366 -0.00030218949541449547 
v 0.5455924272537231 0.03763988986611366 0.0004167834122199565 
v 0.5463994145393372 0.03763988986611366 0.0012134830467402935 
v 0.5479238033294678 0.03763988986611366 0.0029429043643176556 
v 0.5485514998435974 0.03763988986611366 0.003895057598128915 
v 0.549179196357727 0.03763988986611366 0.004886074457317591 
v 0.5649608969688416 0.03763988986611366 -0.0014875232009217143 
v 0.5570700168609619 0.03763988986611366 -0.011203372851014137 
v 0.551779568195343 0.03763988986611366 -0.01460392028093338 
v 0.554514467716217 0.03763988986611366 -0.013049384579062462 
v 0.5492240190505981 0.03763988986611366 0.005002664402127266 
v 0.5674716234207153 0.03763988986611366 0.004303123336285353 
v 0.5663507580757141 0.03763988986611366 0.0013883684296160936 
v 0.5676957964897156 0.03763988986611366 0.005002664402127266 
v 0.5496723651885986 0.03763988986611366 0.0059159547090530396 
v 0.5695340037345886 0.03763988986611366 0.013572044670581818 
v 0.5501207113265991 0.03763988986611366 0.006965266074985266 
v 0.5507932305335999 0.03763988986611366 0.00916104856878519 
v 0.5511518716812134 0.03763988986611366 0.011434556916356087 
v 0.5512863993644714 0.03763988986611366 0.01372749824076891 
v 0.5126391649246216 0.03763988986611366 0.026202648878097534 
v 0.5134461522102356 0.03763988986611366 0.01372749824076891 
v 0.5134909749031067 0.03763988986611366 0.012581028044223785 
v 0.5128633379936218 0.03763988986611366 0.032168179750442505 
v 0.5137151479721069 0.03763988986611366 0.038075417280197144 
v 0.5151498913764954 0.03763988986611366 0.04386606439948082 
v 0.5173019170761108 0.03763988986611366 0.04944296181201935 
v 0.520126461982727 0.03763988986611366 0.05470895394682884 
v 0.5217853784561157 0.03763988986611366 0.05719621106982231 
v 0.5236235857009888 0.03763988986611366 0.05954744666814804 
v 0.5256859660148621 0.03763988986611366 0.06174322962760925 
v 0.5278828144073486 0.03763988986611366 0.06370583176612854 
v 0.5303038954734802 0.03763988986611366 0.06549354642629623 
v 0.5328594446182251 0.03763988986611366 0.06698978692293167 
v 0.535549521446228 0.03763988986611366 0.06825284659862518 
v 0.5384189486503601 0.03763988986611366 0.06924386322498322 
v 0.5412434935569763 0.03763988986611366 0.06996283680200577 
v 0.5442473888397217 0.03763988986611366 0.0704486295580864 
v 0.5676957964897156 0.03763988986611366 0.08191332966089249 
v 0.5502103567123413 0.03763988986611366 0.0707012414932251 
v 0.5561733245849609 0.03763988986611366 0.07021544873714447 
v 0.5210680365562439 0.03763988986611366 0.0813886746764183 
v 0.5427230000495911 0.03763988986611366 0.08527501672506332 
v 0.5553215146064758 0.03763988986611366 0.0843617245554924 
v 0.549044668674469 0.03763988986611366 0.08506126701831818 
v 0.510352611541748 0.03763988986611366 0.07482076436281204 
v 0.5154188871383667 0.03763988986611366 0.07853221893310547 
v 0.5181986093521118 0.03763988986611366 0.08006732165813446 
v 0.5059139728546143 0.03763988986611366 0.07029317319393158 
v 0.5080660581588745 0.03763988986611366 0.07266384363174438 
v 0.5620018243789673 0.03763988986611366 0.06895238906145096 
v 0.5676957964897156 0.03763988986611366 0.06718410551548004 
v 0.9613417983055115 -0.03764000162482262 0.01959587074816227 
v 0.9603554606437683 -0.03764000162482262 0.016992023214697838 
v 0.5364013910293579 0.03763988986611366 0.08498354256153107 
v 0.5301693677902222 0.03763988986611366 0.08408968150615692 
v 0.5240270495414734 0.03763988986611366 0.0824962854385376 
v 1.0113321542739868 -0.03764000162482262 -0.015925277024507523 
v 1.0059071779251099 -0.03764000162482262 -0.01709117740392685 
v 1.0003477334976196 -0.03764000162482262 -0.01796560548245907 
v 0.2711610496044159 -0.03764000162482262 0.011453988961875439 
v 0.2711610496044159 0.03763988986611366 0.011453988961875439 
v 0.25143393874168396 -0.03764000162482262 0.011453988961875439 
v 0.25143393874168396 0.03763988986611366 0.011453988961875439 
v 0.25143393874168396 -0.03764000162482262 0.011453988961875439 
v 0.25143393874168396 0.03763988986611366 0.011453988961875439 
v 0.2516581118106842 -0.03764000162482262 0.007548217196017504 
v 0.2516581118106842 0.03763988986611366 0.007548217196017504 
v 0.25224095582962036 -0.03764000162482262 0.00387562601827085 
v 0.25224095582962036 0.03763988986611366 0.00387562601827085 
v 0.2533169686794281 -0.03764000162482262 0.00016417130245827138 
v 0.2533169686794281 0.03763988986611366 0.00016417130245827138 
v 0.2540343105792999 -0.03764000162482262 -0.0015846816822886467 
v 0.2540343105792999 0.03763988986611366 -0.0015846816822886467 
v 0.25484132766723633 -0.03764000162482262 -0.0032558077946305275 
v 0.25484132766723633 0.03763988986611366 -0.0032558077946305275 
v 0.2558276951313019 -0.03764000162482262 -0.004888070747256279 
v 0.2558276951313019 0.03763988986611366 -0.004888070747256279 
v 0.256903737783432 -0.03764000162482262 -0.006442606914788485 
v 0.256903737783432 0.03763988986611366 -0.006442606914788485 
v 0.2581591010093689 -0.03764000162482262 -0.007919415831565857 
v 0.2581591010093689 0.03763988986611366 -0.007919415831565857 
v 0.2594592869281769 -0.03764000162482262 -0.009299066849052906 
v 0.2594592869281769 0.03763988986611366 -0.009299066849052906 
v 0.26084914803504944 -0.03764000162482262 -0.01054269541054964 
v 0.26084914803504944 0.03763988986611366 -0.01054269541054964 
v 0.26237350702285767 -0.03764000162482262 -0.011708597652614117 
v 0.26237350702285767 0.03763988986611366 -0.011708597652614117 
v 0.26569128036499023 -0.03764000162482262 -0.013710062950849533 
v 0.26569128036499023 0.03763988986611366 -0.013710062950849533 
v 0.2690538465976715 -0.03764000162482262 -0.015225735493004322 
v 0.2690538465976715 0.03763988986611366 -0.015225735493004322 
v 0.2727751135826111 -0.03764000162482262 -0.016449932008981705 
v 0.2727751135826111 0.03763988986611366 -0.016449932008981705 
v 0.2763618528842926 -0.03764000162482262 -0.017266063019633293 
v 0.2763618528842926 0.03763988986611366 -0.017266063019633293 
v 0.28026244044303894 -0.03764000162482262 -0.017868446186184883 
v 0.28026244044303894 0.03763988986611366 -0.017868446186184883 
v 0.28788429498672485 -0.03764000162482262 -0.01829594373703003 
v 0.28788429498672485 0.03763988986611366 -0.01829594373703003 
v 0.29550614953041077 -0.03764000162482262 -0.01788787730038166 
v 0.29550614953041077 0.03763988986611366 -0.01788787730038166 
v 0.299361914396286 -0.03764000162482262 -0.017207767814397812 
v 0.299361914396286 0.03763988986611366 -0.017207767814397812 
v 0.30294865369796753 -0.03764000162482262 -0.016236184164881706 
v 0.30294865369796753 0.03763988986611366 -0.016236184164881706 
v 0.30658024549484253 -0.03764000162482262 -0.014759373851120472 
v 0.30658024549484253 0.03763988986611366 -0.014759373851120472 
v 0.3082391023635864 -0.03764000162482262 -0.013865516521036625 
v 0.3082391023635864 0.03763988986611366 -0.013865516521036625 
v 0.30976349115371704 -0.03764000162482262 -0.012874498963356018 
v 0.30976349115371704 0.03763988986611366 -0.012874498963356018 
v 0.31128785014152527 -0.03764000162482262 -0.011708597652614117 
v 0.31128785014152527 0.03763988986611366 -0.011708597652614117 
v 0.3127225637435913 -0.03764000162482262 -0.0104066738858819 
v 0.3127225637435913 0.03763988986611366 -0.0104066738858819 
v 0.3140227496623993 -0.03764000162482262 -0.009046454913914204 
v 0.3140227496623993 0.03763988986611366 -0.009046454913914204 
v 0.3151884377002716 -0.03764000162482262 -0.007550213485956192 
v 0.3151884377002716 0.03763988986611366 -0.007550213485956192 
v 0.31617480516433716 -0.03764000162482262 -0.006015109363943338 
v 0.31617480516433716 0.03763988986611366 -0.006015109363943338 
v 0.31707149744033813 -0.03764000162482262 -0.004363414831459522 
v 0.31707149744033813 0.03763988986611366 -0.004363414831459522 
v 0.31859585642814636 -0.03764000162482262 -0.0007491186261177063 
v 0.31859585642814636 0.03763988986611366 -0.0007491186261177063 
v 0.3195822238922119 -0.03764000162482262 0.0027874507941305637 
v 0.3195822238922119 0.03763988986611366 0.0027874507941305637 
v 0.32029956579208374 -0.03764000162482262 0.006673790980130434 
v 0.32029956579208374 0.03763988986611366 0.006673790980130434 
v 0.3208375871181488 -0.03764000162482262 0.014271585270762444 
v 0.3208375871181488 0.03763988986611366 0.014271585270762444 
v 0.3208375871181488 -0.03764000162482262 0.021908244118094444 
v 0.3208375871181488 0.03763988986611366 0.021908244118094444 
v 0.3208375871181488 -0.03764000162482262 0.029544901102781296 
v 0.3208375871181488 0.03763988986611366 0.029544901102781296 
v 0.3208375871181488 -0.03764000162482262 0.037181559950113297 
v 0.3208375871181488 0.03763988986611366 0.037181559950113297 
v 0.3208375871181488 -0.03764000162482262 0.0448182187974453 
v 0.3208375871181488 0.03763988986611366 0.0448182187974453 
v 0.3208375871181488 -0.03764000162482262 0.05243544280529022 
v 0.3208375871181488 0.03763988986611366 0.05243544280529022 
v 0.3208375871181488 0.03763988986611366 0.05470895394682884 
v 0.3208375871181488 -0.03764000162482262 0.05470895394682884 
v 0.3208375871181488 -0.03764000162482262 0.06007210165262222 
v 0.3208375871181488 0.03763988986611366 0.06007210165262222 
v 0.3208375871181488 -0.03764000162482262 0.06770876049995422 
v 0.3208375871181488 0.03763988986611366 0.06770876049995422 
v 0.3208375871181488 -0.03764000162482262 0.07534541934728622 
v 0.3208375871181488 0.03763988986611366 0.07534541934728622 
v 0.3208375871181488 -0.03764000162482262 0.08296264708042145 
v 0.24094267189502716 -0.03764000162482262 0.2779403328895569 
v 0.2543930113315582 -0.03764000162482262 0.27092549204826355 
v 0.26735013723373413 -0.03764000162482262 0.26227837800979614 
v 0.8980356454849243 0.03763988986611366 0.08204935491085052 
v 0.9001428484916687 0.03763988986611366 0.08148583769798279 
v 0.8937315344810486 0.03763988986611366 0.08278775960206985 
v 0.8850336670875549 0.03763988986611366 0.08265173435211182 
v 0.8893826007843018 0.03763988986611366 0.08296264708042145 
v 0.9079440236091614 0.03763988986611366 0.07769665122032166 
v 0.9176731109619141 0.03763988986611366 0.06613479554653168 
v 0.8971837759017944 0.03763988986611366 0.06836944073438644 
v 0.8984391689300537 0.03763988986611366 0.0682334154844284 
v 0.8959284424781799 0.03763988986611366 0.06842773407697678 
v 0.8946282267570496 0.03763988986611366 0.06838887184858322 
v 0.8933728933334351 0.03763988986611366 0.06825284659862518 
v 0.8921623229980469 0.03763988986611366 0.06803909689188004 
v 0.8909966349601746 0.03763988986611366 0.067728191614151 
v 0.8898309469223022 0.03763988986611366 0.0673006922006607 
v 0.888710081577301 0.03763988986611366 0.06677603721618652 
v 0.8876340389251709 0.03763988986611366 0.06613479554653168 
v 0.8563844561576843 0.03763988986611366 0.044040948152542114 
v 0.8866028785705566 0.03763988986611366 0.06541582196950912 
v 0.8857061862945557 0.03763988986611366 0.06463855504989624 
v 0.8678172826766968 0.03763988986611366 0.07412122189998627 
v 0.8746769428253174 0.03763988986611366 0.07940664142370224 
v 0.8786671757698059 0.03763988986611366 0.08117492496967316 
v 0.8766496181488037 0.03763988986611366 0.0803782269358635 
v 0.8600160479545593 0.03763988986611366 0.06108254939317703 
v 0.8637821674346924 0.03763988986611366 0.06893295794725418 
v 0.8663377165794373 0.03763988986611366 0.07246952503919601 
v 0.8576398491859436 0.03763988986611366 0.052688054740428925 
v 0.8586710691452026 0.03763988986611366 0.05692416802048683 
v 0.5699823498725891 0.03763988986611366 0.019887346774339676 
v 0.5699823498725891 0.03763988986611366 0.026202648878097534 
v 0.9151175618171692 0.03763988986611366 0.12355546653270721 
v 0.919466495513916 0.03763988986611366 0.1215345710515976 
v 0.9111272692680359 0.03763988986611366 0.12491568177938461 
v 0.9250707626342773 0.03763988986611366 0.11770652234554291 
v 0.8785327076911926 0.03763988986611366 0.12709203362464905 
v 0.9359207153320312 0.03763988986611366 0.09524347633123398 
v 0.9072715044021606 0.03763988986611366 0.10849589854478836 
v 0.908661425113678 0.03763988986611366 0.1075243130326271 
v 0.9057919979095459 0.03763988986611366 0.10937032848596573 
v 0.9027881026268005 0.03763988986611366 0.11073054373264313 
v 0.899470329284668 0.03763988986611366 0.11174099147319794 
v 0.8962422609329224 0.03763988986611366 0.11238224059343338 
v 0.8927900195121765 0.03763988986611366 0.11277087032794952 
v 0.8889790773391724 0.03763988986611366 0.11292632669210434 
v 0.8860200047492981 0.03763988986611366 0.11280973255634308 
v 0.8792948722839355 0.03763988986611366 0.11183815449476242 
v 0.8727490305900574 0.03763988986611366 0.11018645763397217 
v 0.8663825392723083 0.03763988986611366 0.10789351910352707 
v 0.8602402210235596 0.03763988986611366 0.12394410371780396 
v 0.8701486587524414 0.03763988986611366 0.12598443031311035 
v 0.5676957964897156 0.03763988986611366 0.08191332966089249 
v 0.5676957964897156 -0.03764000162482262 0.08191332966089249 
v 0.5676957964897156 0.03763988986611366 0.06718410551548004 
v 0.5676957964897156 -0.03764000162482262 0.06718410551548004 
v 0.6119921803474426 0.03763988986611366 0.08296264708042145 
v 0.6119921803474426 -0.03764000162482262 0.08296264708042145 
v 0.6119921803474426 0.03763988986611366 0.06613479554653168 
v 0.6119921803474426 -0.03764000162482262 0.06613479554653168 
v 0.6119921803474426 0.03763988986611366 0.04928750917315483 
v 0.6119921803474426 -0.03764000162482262 0.04928750917315483 
v 0.6119921803474426 0.03763988986611366 0.040951307862997055 
v 0.6119921803474426 -0.03764000162482262 0.040951307862997055 
v 0.6121266484260559 0.03763988986611366 0.036656904965639114 
v 0.6121266484260559 -0.03764000162482262 0.036656904965639114 
v 0.6125749945640564 0.03763988986611366 0.03245965763926506 
v 0.6125749945640564 -0.03764000162482262 0.03245965763926506 
v 0.6133372187614441 0.03763988986611366 0.028262410312891006 
v 0.6133372187614441 -0.03764000162482262 0.028262410312891006 
v 0.6144132018089294 0.03763988986611366 0.024201184511184692 
v 0.6144132018089294 -0.03764000162482262 0.024201184511184692 
v 0.6158479452133179 0.03763988986611366 0.020275980234146118 
v 0.6158479452133179 -0.03764000162482262 0.020275980234146118 
v 0.6175516247749329 0.03763988986611366 0.016486799344420433 
v 0.6175516247749329 -0.03764000162482262 0.016486799344420433 
v 0.619524359703064 0.03763988986611366 0.012950229458510876 
v 0.619524359703064 -0.03764000162482262 0.012950229458510876 
v 0.622169554233551 0.03763988986611366 0.009122185409069061 
v 0.622169554233551 -0.03764000162482262 0.009122185409069061 
v 0.6236042976379395 0.03763988986611366 0.007451058831065893 
v 0.6236042976379395 -0.03764000162482262 0.007451058831065893 
v 0.6250389814376831 0.03763988986611366 0.0059742494486272335 
v 0.6250389814376831 -0.03764000162482262 0.0059742494486272335 
v 0.6265184879302979 0.03763988986611366 0.004652894102036953 
v 0.6265184879302979 -0.03764000162482262 0.004652894102036953 
v 0.6280428767204285 0.03763988986611366 0.0035258554853498936 
v 0.6280428767204285 -0.03764000162482262 0.0035258554853498936 
v 0.6297914385795593 0.03763988986611366 0.00247654365375638 
v 0.6297914385795593 -0.03764000162482262 0.00247654365375638 
v 0.6316296458244324 0.03763988986611366 0.0016409804811701179 
v 0.6316296458244324 -0.03764000162482262 0.0016409804811701179 
v 0.6335126757621765 0.03763988986611366 0.0010385977802798152 
v 0.6335126757621765 -0.03764000162482262 0.0010385977802798152 
v 0.6354405879974365 0.03763988986611366 0.0006111004040576518 
v 0.6354405879974365 -0.03764000162482262 0.0006111004040576518 
v 0.637458086013794 0.03763988986611366 0.000436215108493343 
v 0.637458086013794 -0.03764000162482262 0.000436215108493343 
v 0.6397895216941833 0.03763988986611366 0.00047507850104011595 
v 0.6397895216941833 -0.03764000162482262 0.00047507850104011595 
v 0.6410000324249268 0.03763988986611366 0.0005916687077842653 
v 0.6410000324249268 -0.03764000162482262 0.0005916687077842653 
v 0.642120897769928 0.03763988986611366 0.0008054174249991775 
v 0.642120897769928 -0.03764000162482262 0.0008054174249991775 
v 0.6431520581245422 0.03763988986611366 0.0010968928690999746 
v 0.6431520581245422 -0.03764000162482262 0.0010968928690999746 
v 0.6441384553909302 0.03763988986611366 0.001446663518436253 
v 0.6441384553909302 -0.03764000162482262 0.001446663518436253 
v 0.6451696157455444 0.03763988986611366 0.0019324560416862369 
v 0.6451696157455444 -0.03764000162482262 0.0019324560416862369 
v 0.6461560130119324 0.03763988986611366 0.0025348386261612177 
v 0.6461560130119324 -0.03764000162482262 0.0025348386261612177 
v 0.6470078229904175 0.03763988986611366 0.0032343799248337746 
v 0.6470078229904175 -0.03764000162482262 0.0032343799248337746 
v 0.6478148698806763 0.03763988986611366 0.004011647775769234 
v 0.6478148698806763 -0.03764000162482262 0.004011647775769234 
v 0.648487389087677 0.03763988986611366 0.00492493761703372 
v 0.648487389087677 -0.03764000162482262 0.00492493761703372 
v 0.6491150259971619 0.03763988986611366 0.005896522663533688 
v 0.6491150259971619 -0.03764000162482262 0.005896522663533688 
v 0.6496530771255493 0.03763988986611366 0.006965266074985266 
v 0.6496530771255493 -0.03764000162482262 0.006965266074985266 
v 0.6500566005706787 0.03763988986611366 0.008014578372240067 
v 0.6500566005706787 -0.03764000162482262 0.008014578372240067 
v 0.6504600644111633 0.03763988986611366 0.009394228458404541 
v 0.6504600644111633 -0.03764000162482262 0.009394228458404541 
v 0.6507739424705505 0.03763988986611366 0.011123649775981903 
v 0.6507739424705505 -0.03764000162482262 0.011123649775981903 
v 0.6512671113014221 0.03763988986611366 0.015612373128533363 
v 0.6512671113014221 -0.03764000162482262 0.015612373128533363 
v 0.6517154574394226 0.03763988986611366 0.03244022652506828 
v 0.6517154574394226 -0.03764000162482262 0.03244022652506828 
v 0.6517154574394226 0.03763988986611366 0.04928750917315483 
v 0.6517154574394226 -0.03764000162482262 0.04928750917315483 
v 0.6517154574394226 0.03763988986611366 0.06613479554653168 
v 0.6517154574394226 -0.03764000162482262 0.06613479554653168 
v 0.6517154574394226 0.03763988986611366 0.08296264708042145 
v 0.6517154574394226 -0.03764000162482262 0.08296264708042145 
v 0.9592345952987671 -0.03764000162482262 0.06489116698503494 
v 0.9644802212715149 -0.03764000162482262 0.06683433055877686 
v 0.9592345952987671 -0.03764000162482262 0.0813109502196312 
v 0.9698603749275208 -0.03764000162482262 0.06842773407697678 
v 0.9752852916717529 -0.03764000162482262 0.06969079375267029 
v 1.0049208402633667 -0.03764000162482262 0.08222424238920212 
v 0.983579695224762 -0.03764000162482262 0.08525558561086655 
v 0.9712502360343933 -0.03764000162482262 0.08416741341352463 
v 0.9773925542831421 -0.03764000162482262 0.08492524921894073 
v 0.9807999730110168 -0.03764000162482262 0.07054578512907028 
v 0.9833555221557617 -0.03764000162482262 0.0707012414932251 
v 0.9863594174385071 -0.03764000162482262 0.07066237926483154 
v 0.9892736673355103 -0.03764000162482262 0.0704486295580864 
v 0.9919188618659973 -0.03764000162482262 0.0700211301445961 
v 0.9946985840797424 -0.03764000162482262 0.06930215656757355 
v 0.9972541928291321 -0.03764000162482262 0.06833057850599289 
v 0.9985095262527466 -0.03764000162482262 0.06766989827156067 
v 0.9997649192810059 -0.03764000162482262 0.06689263135194778 
v 1.0008409023284912 -0.03764000162482262 0.06605706363916397 
v 1.0017375946044922 -0.03764000162482262 0.06512434780597687 
v 1.0026342868804932 -0.03764000162482262 0.06401673704385757 
v 1.0029929876327515 -0.03764000162482262 0.06343378871679306 
v 1.0033068656921387 -0.03764000162482262 0.06283140182495117 
v 1.0035758018493652 -0.03764000162482262 0.06219015643000603 
v 1.0038000345230103 -0.03764000162482262 0.061529479920864105 
v 1.004158616065979 -0.03764000162482262 0.06014982983469963 
v 1.004338026046753 -0.03764000162482262 0.05875074863433838 
v 1.0042932033538818 -0.03764000162482262 0.05733223259449005 
v 1.0193575620651245 -0.03764000162482262 0.04153425991535187 
v 1.0216889381408691 -0.03764000162482262 0.06547411531209946 
v 1.0229891538619995 -0.03764000162482262 0.05309612303972244 
v 1.0228993892669678 -0.03764000162482262 0.05943085625767708 
v 1.0230787992477417 -0.03764000162482262 0.05626348778605461 
v 1.0042483806610107 -0.03764000162482262 0.05665212497115135 
v 1.004113793373108 -0.03764000162482262 0.05599144473671913 
v 1.0039345026016235 -0.03764000162482262 0.05533076822757721 
v 1.0037102699279785 -0.03764000162482262 0.05467008799314499 
v 1.0033516883850098 -0.03764000162482262 0.053892821073532104 
v 1.0029481649398804 -0.03764000162482262 0.053134985268116 
v 0.9848798513412476 -0.03764000162482262 0.016661684960126877 
v 1.0024101734161377 -0.03764000162482262 0.05237714946269989 
v 0.9813379645347595 -0.03764000162482262 0.013980110175907612 
v 1.0018272399902344 -0.03764000162482262 0.05161931365728378 
v 0.9808447957038879 -0.03764000162482262 0.013494317419826984 
v 1.0010203123092651 -0.03764000162482262 0.050725456327199936 
v 0.9801274538040161 -0.03764000162482262 0.012717049568891525 
v 0.9885563254356384 -0.03764000162482262 0.019090646877884865 
v 0.9922775626182556 -0.03764000162482262 0.021422451362013817 
v 1.0081489086151123 -0.03764000162482262 0.031002279371023178 
v 0.9976576566696167 -0.03764000162482262 0.024531522765755653 
v 1.0029481649398804 -0.03764000162482262 0.027660027146339417 
v 1.0151879787445068 -0.03764000162482262 0.03640429303050041 
v 1.0175641775131226 -0.03764000162482262 0.038988709449768066 
v -0.08433089405298233 0.03763988986611366 -0.028575312346220016 
v -0.08433089405298233 -0.03764000162482262 -0.028575312346220016 
v -0.08841082453727722 0.03763988986611366 -0.010834170505404472 
v -0.08841082453727722 -0.03764000162482262 -0.010834170505404472 
v 0.8786671757698059 -0.03764000162482262 0.08117492496967316 
v 0.8766496181488037 -0.03764000162482262 0.0803782269358635 
v 0.8807295560836792 -0.03764000162482262 0.0818161740899086 
v 0.8727938532829285 -0.03764000162482262 0.07831846922636032 
v 0.8663377165794373 -0.03764000162482262 0.07246952503919601 
v 0.8693416118621826 -0.03764000162482262 0.07563689351081848 
v 0.8678172826766968 -0.03764000162482262 0.07412122189998627 
v 0.8560706377029419 -0.03764000162482262 0.03970767930150032 
v 0.8586710691452026 -0.03764000162482262 0.05692416802048683 
v 0.8569225072860718 -0.03764000162482262 0.048393651843070984 
v 0.8576398491859436 -0.03764000162482262 0.052688054740428925 
v 0.8866028785705566 -0.03764000162482262 0.06541582196950912 
v 0.8876340389251709 -0.03764000162482262 0.06613479554653168 
v 0.888710081577301 -0.03764000162482262 0.06677603721618652 
v 0.8898309469223022 -0.03764000162482262 0.0673006922006607 
v 0.8909966349601746 -0.03764000162482262 0.067728191614151 
v 0.8921623229980469 -0.03764000162482262 0.06803909689188004 
v 0.8933728933334351 -0.03764000162482262 0.06825284659862518 
v 0.8946282267570496 -0.03764000162482262 0.06838887184858322 
v 0.8959284424781799 -0.03764000162482262 0.06842773407697678 
v 0.8971837759017944 -0.03764000162482262 0.06836944073438644 
v 0.8984391689300537 -0.03764000162482262 0.0682334154844284 
v 0.9176731109619141 -0.03764000162482262 0.06613479554653168 
v 0.8996496796607971 -0.03764000162482262 0.0679808035492897 
v 0.9008153676986694 -0.03764000162482262 0.06766989827156067 
v 0.9061506986618042 -0.03764000162482262 0.0788431242108345 
v 0.8980356454849243 -0.03764000162482262 0.08204935491085052 
v 0.8893826007843018 -0.03764000162482262 0.08296264708042145 
v 0.8937315344810486 -0.03764000162482262 0.08278775960206985 
v 0.9129206538200378 -0.03764000162482262 0.07342167943716049 
v 0.9097374081611633 -0.03764000162482262 0.07637529820203781 
v 0.9079440236091614 -0.03764000162482262 0.07769665122032166 
v 0.9156107306480408 -0.03764000162482262 0.06998226791620255 
v 0.9143553376197815 -0.03764000162482262 0.07175055146217346 
v 0.8857061862945557 -0.03764000162482262 0.06463855504989624 
v 0.8848543167114258 -0.03764000162482262 0.06378355622291565 
v 0.883240282535553 -0.03764000162482262 0.061801522970199585 
v 0.8819400668144226 -0.03764000162482262 0.05976119637489319 
v 0.8807743787765503 -0.03764000162482262 0.05746825411915779 
v 0.8791155219078064 -0.03764000162482262 0.05278521403670311 
v 0.8779498338699341 -0.03764000162482262 0.047927290201187134 
v 0.8771876692771912 -0.03764000162482262 0.04299163818359375 
v 0.8768289685249329 -0.03764000162482262 0.03803655505180359 
v 0.8559361696243286 -0.03764000162482262 0.0323430672287941 
v 0.8766944408416748 -0.03764000162482262 0.03306204080581665 
v 0.8766944408416748 -0.03764000162482262 0.0323430672287941 
v 0.8767841458320618 -0.03764000162482262 0.028087524697184563 
v 0.8771427869796753 -0.03764000162482262 0.023093577474355698 
v 0.877815306186676 -0.03764000162482262 0.01817735657095909 
v 0.8788465261459351 -0.03764000162482262 0.013280568644404411 
v 0.8780394792556763 -0.03764000162482262 -0.01575039140880108 
v 0.8618542551994324 -0.03764000162482262 0.001194051350466907 
v 0.8707314729690552 -0.03764000162482262 -0.011106214486062527 
v 0.8662928938865662 -0.03764000162482262 -0.0062871528789401054 
v 0.8691174387931824 -0.03764000162482262 -0.009590541943907738 
v 0.8803709149360657 -0.03764000162482262 0.0085586654022336 
v 0.8814020752906799 -0.03764000162482262 0.006207429803907871 
v 0.8825677633285522 -0.03764000162482262 0.00408937456086278 
v 0.8840473294258118 -0.03764000162482262 0.0019907511305063963 
v 0.8848543167114258 -0.03764000162482262 0.0010580294765532017 
v 0.8856613636016846 -0.03764000162482262 0.00020303469500504434 
v 0.8866477012634277 -0.03764000162482262 -0.00061309669399634 
v 0.8876340389251709 -0.03764000162482262 -0.001351501327008009 
v 0.888710081577301 -0.03764000162482262 -0.0019733156077563763 
v 0.8898309469223022 -0.03764000162482262 -0.0025174033362418413 
v 0.8909518122673035 -0.03764000162482262 -0.002944900654256344 
v 0.8921175003051758 -0.03764000162482262 -0.003275239607319236 
v 0.8933728933334351 -0.03764000162482262 -0.003527851775288582 
v 0.8946282267570496 -0.03764000162482262 -0.0036638735327869654 
v 0.8971389532089233 -0.03764000162482262 -0.0036833053454756737 
v 0.899604856967926 -0.03764000162482262 -0.0033918297849595547 
v 0.9008601903915405 -0.03764000162482262 -0.003119786037132144 
v 0.9020258784294128 -0.03764000162482262 -0.0027700155042111874 
v 0.9031916260719299 -0.03764000162482262 -0.0023036545608192682 
v 0.9172247648239136 -0.03764000162482262 -0.0022647911682724953 
v 0.9042676091194153 -0.03764000162482262 -0.0017789986450225115 
v 0.9053436517715454 -0.03764000162482262 -0.0011571842478588223 
v 0.9015327095985413 -0.03764000162482262 -0.016585953533649445 
v 0.9091545939445496 -0.03764000162482262 -0.012408138252794743 
v 0.9124274849891663 -0.03764000162482262 -0.009493383578956127 
v 0.9108582735061646 -0.03764000162482262 -0.010989624075591564 
v 0.9138621687889099 -0.03764000162482262 -0.007822257466614246 
v 0.9151623845100403 -0.03764000162482262 -0.006092836149036884 
v 0.9162832498550415 -0.03764000162482262 -0.00420796126127243 
v -0.17027844488620758 -0.03764000162482262 0.04446844756603241 
v -0.17027844488620758 0.03763988986611366 0.04446844756603241 
v -0.15696261823177338 -0.03764000162482262 0.03232363611459732 
v -0.15696261823177338 0.03763988986611366 0.03232363611459732 
v -0.14369164407253265 -0.03764000162482262 0.020081663504242897 
v -0.14369164407253265 0.03763988986611366 0.020081663504242897 
v -0.131362184882164 -0.03764000162482262 0.006906971335411072 
v -0.131362184882164 0.03763988986611366 0.006906971335411072 
v -0.131362184882164 -0.03764000162482262 0.006906971335411072 
v -0.131362184882164 0.03763988986611366 0.006906971335411072 
v -0.14283978939056396 -0.03764000162482262 -0.010834170505404472 
v -0.14283978939056396 0.03763988986611366 -0.010834170505404472 
v 0.8600160479545593 -0.03764000162482262 0.06108254939317703 
v 0.8617197871208191 -0.03764000162482262 0.0651049092411995 
v 0.8637821674346924 -0.03764000162482262 0.06893295794725418 
v 0.30169329047203064 -0.03764000162482262 0.006965266074985266 
v 0.3011104464530945 -0.03764000162482262 0.005022096447646618 
v 0.3002585768699646 -0.03764000162482262 0.0031566531397402287 
v 0.299765408039093 -0.03764000162482262 0.002262794878333807 
v 0.28788429498672485 -0.03764000162482262 -0.01829594373703003 
v 0.3127225637435913 -0.03764000162482262 -0.0104066738858819 
v 0.30658024549484253 -0.03764000162482262 -0.014759373851120472 
v 0.30976349115371704 -0.03764000162482262 -0.012874498963356018 
v 0.3082391023635864 -0.03764000162482262 -0.013865516521036625 
v 0.29922738671302795 -0.03764000162482262 0.001446663518436253 
v 0.2985548675060272 -0.03764000162482262 0.0006305321003310382 
v 0.2978823781013489 -0.03764000162482262 -0.00006900909647811204 
v 0.29712018370628357 -0.03764000162482262 -0.0007102551753632724 
v 0.2962683141231537 -0.03764000162482262 -0.0012932062381878495 
v 0.2953716516494751 -0.03764000162482262 -0.0018178621539846063 
v 0.2944749593734741 -0.03764000162482262 -0.0022647911682724953 
v 0.2925470769405365 -0.03764000162482262 -0.002964332466945052 
v 0.2905743718147278 -0.03764000162482262 -0.0034306931775063276 
v 0.2885568141937256 -0.03764000162482262 -0.0036638735327869654 
v 0.2865392565727234 -0.03764000162482262 -0.0037221687380224466 
v 0.2845216989517212 -0.03764000162482262 -0.0036055785603821278 
v 0.2825041711330414 -0.03764000162482262 -0.0033141029998660088 
v 0.28053146600723267 -0.03764000162482262 -0.002789447084069252 
v 0.2795899212360382 -0.03764000162482262 -0.0024396765511482954 
v 0.27864840626716614 -0.03764000162482262 -0.0020121790003031492 
v 0.27775171399116516 -0.03764000162482262 -0.0015263865934684873 
v 0.27694469690322876 -0.03764000162482262 -0.0009628672851249576 
v 0.27613767981529236 -0.03764000162482262 -0.0003410528879612684 
v 0.27542033791542053 -0.03764000162482262 0.0003584882942959666 
v 0.27412012219429016 -0.03764000162482262 0.0019130243454128504 
v 0.2516581118106842 -0.03764000162482262 0.007548217196017504 
v 0.2594592869281769 -0.03764000162482262 -0.009299066849052906 
v 0.2690538465976715 -0.03764000162482262 -0.015225735493004322 
v 0.26237350702285767 -0.03764000162482262 -0.011708597652614117 
v 0.26569128036499023 -0.03764000162482262 -0.013710062950849533 
v 0.27299928665161133 -0.03764000162482262 0.0036424456629902124 
v 0.27214741706848145 -0.03764000162482262 0.005488457158207893 
v 0.2716093957424164 -0.03764000162482262 0.0074316272512078285 
v 0.27125072479248047 -0.03764000162482262 0.009433092549443245 
v 0.2711610496044159 -0.03764000162482262 0.011453988961875439 
v 0.25143393874168396 -0.03764000162482262 0.011453988961875439 
v 0.4640386402606964 0.03763988986611366 0.08525558561086655 
v 0.46941879391670227 0.03763988986611366 0.08519729226827621 
v 0.4583895206451416 0.03763988986611366 0.08490581810474396 
v 0.480358362197876 0.03763988986611366 0.08379820734262466 
v 0.44520819187164307 0.03763988986611366 0.08094175159931183 
v 0.4364655017852783 0.03763988986611366 0.06780591607093811 
v 0.4401867389678955 0.03763988986611366 0.07645302265882492 
v 0.4381243586540222 0.03763988986611366 0.07301361113786697 
v 0.439334899187088 0.03763988986611366 0.07526769489049911 
v 0.466459721326828 0.03763988986611366 0.0704486295580864 
v 0.46421799063682556 0.03763988986611366 0.06998226791620255 
v 0.46229010820388794 0.03763988986611366 0.06930215656757355 
v 0.4611244201660156 0.03763988986611366 0.06873863935470581 
v 0.4600483775138855 0.03763988986611366 0.06809739768505096 
v 0.4591068625450134 0.03763988986611366 0.06732012331485748 
v 0.458299845457077 0.03763988986611366 0.06652342528104782 
v 0.4576721787452698 0.03763988986611366 0.06576558947563171 
v 0.45708930492401123 0.03763988986611366 0.06489116698503494 
v 0.45659613609313965 0.03763988986611366 0.06390015035867691 
v 0.45614778995513916 0.03763988986611366 0.0628119707107544 
v 0.43588265776634216 0.03763988986611366 0.04271959513425827 
v 0.455564945936203 0.03763988986611366 0.060927096754312515 
v 0.43588265776634216 0.03763988986611366 0.020625751465559006 
v 0.4551165997982025 0.03763988986611366 0.058789610862731934 
v 0.43588265776634216 0.03763988986611366 0.009588546119630337 
v 0.45462343096733093 0.03763988986611366 0.05377623066306114 
v 0.43588265776634216 0.03763988986611366 -0.0014680915046483278 
v 0.45457857847213745 0.03763988986611366 0.044565606862306595 
v 0.43588265776634216 0.03763988986611366 -0.01600300334393978 
v 0.45457857847213745 0.03763988986611366 0.016953160986304283 
v 0.43588265776634216 0.03763988986611366 -0.0392821803689003 
v 0.45457857847213745 0.03763988986611366 -0.0014680915046483278 
v 0.45457857847213745 0.03763988986611366 -0.01600300334393978 
v 0.48201724886894226 0.03763988986611366 -0.01600300334393978 
v 0.41817307472229004 0.03763988986611366 -0.0014680915046483278 
v 0.41817307472229004 0.03763988986611366 -0.01600300334393978 
v 1.0206577777862549 -0.03764000162482262 0.06831113994121552 
v 1.0192229747772217 -0.03764000162482262 0.07107044756412506 
v 1.0153672695159912 -0.03764000162482262 0.07583121210336685 
v 1.010480284690857 -0.03764000162482262 0.07954266667366028 
v 1.0077005624771118 -0.03764000162482262 0.08101947605609894 
v 0.5239374041557312 0.03763988986611366 -0.017246631905436516 
v 0.5208438634872437 0.03763988986611366 -0.016449932008981705 
v 0.530214250087738 0.03763988986611366 -0.01815992221236229 
v 0.5397191047668457 0.03763988986611366 -0.018004467710852623 
v 0.5364910364151001 0.03763988986611366 -0.018257079645991325 
v 0.6119921803474426 0.03763988986611366 0.005216413177549839 
v 0.6119921803474426 -0.03764000162482262 0.005216413177549839 
v 0.6119921803474426 0.03763988986611366 -0.01600300334393978 
v 0.6119921803474426 -0.03764000162482262 -0.01600300334393978 
v 0.8843163251876831 -0.03764000162482262 -0.017674129456281662 
v 0.8886204361915588 -0.03764000162482262 -0.01821821741759777 
v 0.8821642398834229 -0.03764000162482262 -0.017188336700201035 
v 0.8801018595695496 -0.03764000162482262 -0.01654709130525589 
v 0.8973183035850525 -0.03764000162482262 -0.017732424661517143 
v 0.899470329284668 -0.03764000162482262 -0.017246631905436516 
v 0.7737547159194946 -0.03764000162482262 0.08296264708042145 
v 0.755058765411377 -0.03764000162482262 0.08296264708042145 
v 0.7737547159194946 -0.03764000162482262 0.06613479554653168 
v 0.7737547159194946 -0.03764000162482262 0.04928750917315483 
v 0.7737547159194946 -0.03764000162482262 0.04093187674880028 
v 0.7738891839981079 -0.03764000162482262 0.036656904965639114 
v 0.7743375301361084 -0.03764000162482262 0.03245965763926506 
v 0.7800763249397278 -0.03764000162482262 -0.005840224213898182 
v 0.7751445770263672 -0.03764000162482262 0.028281841427087784 
v 0.7762205600738525 -0.03764000162482262 0.02422061562538147 
v 0.777655303478241 -0.03764000162482262 0.020295413210988045 
v 0.779403805732727 -0.03764000162482262 0.016486799344420433 
v 0.7813317179679871 -0.03764000162482262 0.012950229458510876 
v 0.7839769124984741 -0.03764000162482262 0.00910275336354971 
v 0.7853667736053467 -0.03764000162482262 0.0074316272512078285 
v 0.7868015170097351 -0.03764000162482262 0.005954817868769169 
v 0.7882810235023499 -0.03764000162482262 0.004633462522178888 
v 0.7898502349853516 -0.03764000162482262 0.0035064236726611853 
v 0.7915987968444824 -0.03764000162482262 0.0024571118410676718 
v 0.8225345015525818 -0.03764000162482262 -0.012680182233452797 
v 0.7934370040893555 -0.03764000162482262 0.0016215487848967314 
v 0.7952752113342285 -0.03764000162482262 0.0010191660840064287 
v 0.8050939440727234 -0.03764000162482262 -0.01829594373703003 
v 0.8154506683349609 -0.03764000162482262 -0.016780270263552666 
v 0.819216787815094 -0.03764000162482262 -0.015031417831778526 
v 0.817378580570221 -0.03764000162482262 -0.015983572229743004 
v 0.7909711003303528 -0.03764000162482262 -0.014992554672062397 
v 0.7968444228172302 -0.03764000162482262 -0.017207767814397812 
v 0.8008346557617188 -0.03764000162482262 -0.018004467710852623 
v 0.7856806516647339 -0.03764000162482262 -0.011592007242143154 
v 0.7891328930854797 -0.03764000162482262 -0.014001538045704365 
v 0.10047650337219238 0.03763988986611366 -0.01067871693521738 
v 0.09697941690683365 0.03763988986611366 0.008811277337372303 
v 0.09097161144018173 0.03763988986611366 0.027679458260536194 
v 1.0019170045852661 -0.03764000162482262 0.08321525901556015 
v 0.9959091544151306 -0.03764000162482262 0.084536612033844 
v 0.6704114079475403 0.03763988986611366 0.08296264708042145 
v 0.6704114079475403 -0.03764000162482262 0.08296264708042145 
v 0.6704114079475403 0.03763988986611366 0.07462644577026367 
v 0.6704114079475403 -0.03764000162482262 0.07462644577026367 
v 0.6704114079475403 0.03763988986611366 0.06625138223171234 
v 0.6704114079475403 -0.03764000162482262 0.06625138223171234 
v 0.6704114079475403 0.03763988986611366 0.057915184646844864 
v 0.6704114079475403 -0.03764000162482262 0.057915184646844864 
v 0.6704114079475403 0.03763988986611366 0.04955955222249031 
v 0.6704114079475403 -0.03764000162482262 0.04955955222249031 
v 0.6704114079475403 0.03763988986611366 0.041203923523426056 
v 0.6704114079475403 -0.03764000162482262 0.041203923523426056 
v 0.6704114079475403 0.03763988986611366 0.03286772221326828 
v 0.6704114079475403 -0.03764000162482262 0.03286772221326828 
v 0.6704114079475403 0.03763988986611366 0.0244926605373621 
v 0.6704114079475403 -0.03764000162482262 0.0244926605373621 
v 0.6704114079475403 0.03763988986611366 0.016156461089849472 
v 0.6704114079475403 -0.03764000162482262 0.016156461089849472 
v 0.670052707195282 0.03763988986611366 0.0078008295968174934 
v 0.670052707195282 -0.03764000162482262 0.0078008295968174934 
v 0.6693801879882812 0.03763988986611366 0.003584150457754731 
v 0.6693801879882812 -0.03764000162482262 0.003584150457754731 
v 0.668349027633667 0.03763988986611366 -0.00036048461333848536 
v 0.668349027633667 -0.03764000162482262 -0.00036048461333848536 
v 0.6668246388435364 0.03763988986611366 -0.00424682442098856 
v 0.6668246388435364 -0.03764000162482262 -0.00424682442098856 
v 0.6659279465675354 0.03763988986611366 -0.006053972523659468 
v 0.6659279465675354 -0.03764000162482262 -0.006053972523659468 
v 0.6648519039154053 0.03763988986611366 -0.007899983786046505 
v 0.6648519039154053 -0.03764000162482262 -0.007899983786046505 
v 0.6635965704917908 0.03763988986611366 -0.009648837149143219 
v 0.6635965704917908 -0.03764000162482262 -0.009648837149143219 
v 0.6622515320777893 0.03763988986611366 -0.011242236942052841 
v 0.6622515320777893 -0.03764000162482262 -0.011242236942052841 
v 0.6607720255851746 0.03763988986611366 -0.012680182233452797 
v 0.6607720255851746 -0.03764000162482262 -0.012680182233452797 
v 0.659157931804657 0.03763988986611366 -0.013943242840468884 
v 0.659157931804657 -0.03764000162482262 -0.013943242840468884 
v 0.657454252243042 0.03763988986611366 -0.015050849877297878 
v 0.657454252243042 -0.03764000162482262 -0.015050849877297878 
v 0.655616044998169 0.03763988986611366 -0.015983572229743004 
v 0.655616044998169 -0.03764000162482262 -0.015983572229743004 
v 0.6536881923675537 0.03763988986611366 -0.016780270263552666 
v 0.6536881923675537 -0.03764000162482262 -0.016780270263552666 
v 0.6515809297561646 0.03763988986611366 -0.017382653430104256 
v 0.6515809297561646 -0.03764000162482262 -0.017382653430104256 
v 0.6496530771255493 0.03763988986611366 -0.017810150980949402 
v 0.6496530771255493 -0.03764000162482262 -0.017810150980949402 
v 0.6476355195045471 0.03763988986611366 -0.018101627007126808 
v 0.6476355195045471 -0.03764000162482262 -0.018101627007126808 
v 0.6433314085006714 0.03763988986611366 -0.01829594373703003 
v 0.6433314085006714 -0.03764000162482262 -0.01829594373703003 
v 0.6390721201896667 0.03763988986611366 -0.017985036596655846 
v 0.6390721201896667 -0.03764000162482262 -0.017985036596655846 
v 0.6350818872451782 0.03763988986611366 -0.017207767814397812 
v 0.6350818872451782 -0.03764000162482262 -0.017207767814397812 
v 0.6310916543006897 0.03763988986611366 -0.01586698181927204 
v 0.6310916543006897 -0.03764000162482262 -0.01586698181927204 
v 0.6273703575134277 0.03763988986611366 -0.013982106000185013 
v 0.6273703575134277 -0.03764000162482262 -0.013982106000185013 
v 0.6239181160926819 0.03763988986611366 -0.011592007242143154 
v 0.6239181160926819 -0.03764000162482262 -0.011592007242143154 
v 0.6208245754241943 0.03763988986611366 -0.00883270613849163 
v 0.6208245754241943 -0.03764000162482262 -0.00883270613849163 
v 0.6182689666748047 0.03763988986611366 -0.005840224213898182 
v 0.6182689666748047 -0.03764000162482262 -0.005840224213898182 
v 0.6158031225204468 0.03763988986611366 -0.0021870643831789494 
v 0.6158031225204468 -0.03764000162482262 -0.0021870643831789494 
v 0.6119921803474426 0.03763988986611366 0.005216413177549839 
v 0.6119921803474426 -0.03764000162482262 0.005216413177549839 
v 0.23354500532150269 0.03763988986611366 0.000008717700438864995 
v 0.23354500532150269 -0.03764000162482262 0.000008717700438864995 
v 0.18028172850608826 0.03763988986611366 0.000008717700438864995 
v 0.18028172850608826 -0.03764000162482262 0.000008717700438864995 
v 0.8848543167114258 0.03763988986611366 0.06378355622291565 
v 0.883240282535553 0.03763988986611366 0.061801522970199585 
v 0.8819400668144226 0.03763988986611366 0.05976119637489319 
v 0.8807743787765503 0.03763988986611366 0.05746825411915779 
v 0.8791155219078064 0.03763988986611366 0.05278521403670311 
v 0.8779498338699341 0.03763988986611366 0.047927290201187134 
v 0.8771876692771912 0.03763988986611366 0.04299163818359375 
v 0.8768289685249329 0.03763988986611366 0.03803655505180359 
v 0.8766944408416748 0.03763988986611366 0.03306204080581665 
v 0.8766944408416748 0.03763988986611366 0.0323430672287941 
v 0.8559361696243286 0.03763988986611366 0.03533554822206497 
v 0.8560706377029419 0.03763988986611366 0.03970767930150032 
v 0.8559361696243286 0.03763988986611366 0.0323430672287941 
v 0.8767841458320618 0.03763988986611366 0.028087524697184563 
v 0.8771427869796753 0.03763988986611366 0.023093577474355698 
v 0.857012152671814 0.03763988986611366 0.01792474463582039 
v 0.877815306186676 0.03763988986611366 0.01817735657095909 
v 0.8788465261459351 0.03763988986611366 0.013280568644404411 
v 0.8803709149360657 0.03763988986611366 0.0085586654022336 
v 0.8886204361915588 0.03763988986611366 -0.01821821741759777 
v 0.8707314729690552 0.03763988986611366 -0.011106214486062527 
v 0.8780394792556763 0.03763988986611366 -0.01575039140880108 
v 0.8742285966873169 0.03763988986611366 -0.013710062950849533 
v 0.876111626625061 0.03763988986611366 -0.014817669056355953 
v 0.8814020752906799 0.03763988986611366 0.006207429803907871 
v 0.8825677633285522 0.03763988986611366 0.00408937456086278 
v 0.8840473294258118 0.03763988986611366 0.0019907511305063963 
v 0.8848543167114258 0.03763988986611366 0.0010580294765532017 
v 0.8856613636016846 0.03763988986611366 0.00020303469500504434 
v 0.8866477012634277 0.03763988986611366 -0.00061309669399634 
v 0.8876340389251709 0.03763988986611366 -0.001351501327008009 
v 0.888710081577301 0.03763988986611366 -0.0019733156077563763 
v 0.8898309469223022 0.03763988986611366 -0.0025174033362418413 
v 0.8909518122673035 0.03763988986611366 -0.002944900654256344 
v 0.8921175003051758 0.03763988986611366 -0.003275239607319236 
v 0.8933728933334351 0.03763988986611366 -0.003527851775288582 
v 0.8946282267570496 0.03763988986611366 -0.0036638735327869654 
v 0.8971389532089233 0.03763988986611366 -0.0036833053454756737 
v 0.899604856967926 0.03763988986611366 -0.0033918297849595547 
v 0.9008601903915405 0.03763988986611366 -0.003119786037132144 
v 0.9020258784294128 0.03763988986611366 -0.0027700155042111874 
v 0.9031916260719299 0.03763988986611366 -0.0023036545608192682 
v 0.9042676091194153 0.03763988986611366 -0.0017789986450225115 
v 0.9053436517715454 0.03763988986611366 -0.0011571842478588223 
v 0.9063748121261597 0.03763988986611366 -0.00045764309470541775 
v 0.9073163866996765 0.03763988986611366 0.00031962490174919367 
v 0.9082579016685486 0.03763988986611366 0.001194051350466907 
v 0.9172247648239136 0.03763988986611366 -0.0022647911682724953 
v 0.9098719358444214 0.03763988986611366 0.003001199569553137 
v 0.9113962650299072 0.03763988986611366 0.005080391187220812 
v 0.9091545939445496 0.03763988986611366 -0.012408138252794743 
v 0.9015327095985413 0.03763988986611366 -0.016585953533649445 
v 0.8973183035850525 0.03763988986611366 -0.017732424661517143 
v 0.899470329284668 0.03763988986611366 -0.017246631905436516 
v 0.9151623845100403 0.03763988986611366 -0.006092836149036884 
v 0.9124274849891663 0.03763988986611366 -0.009493383578956127 
v 0.9108582735061646 0.03763988986611366 -0.010989624075591564 
v 0.8871856927871704 -0.03764000162482262 0.127461239695549 
v 0.8785327076911926 -0.03764000162482262 0.12709203362464905 
v 0.8970493078231812 -0.03764000162482262 0.12728635966777802 
v 0.9111272692680359 -0.03764000162482262 0.12491568177938461 
v 0.9067783355712891 -0.03764000162482262 0.12600386142730713 
v 0.9250707626342773 -0.03764000162482262 0.11770652234554291 
v 0.9359207153320312 -0.03764000162482262 0.09524347633123398 
v 0.9308992624282837 -0.03764000162482262 0.11076940596103668 
v 0.9336789846420288 -0.03764000162482262 0.10478444397449493 
v 0.931930422782898 -0.03764000162482262 0.1088845357298851 
v 0.9072715044021606 -0.03764000162482262 0.10849589854478836 
v 0.908661425113678 -0.03764000162482262 0.1075243130326271 
v 0.9099615812301636 -0.03764000162482262 0.10645557194948196 
v 0.9111272692680359 -0.03764000162482262 0.10527023673057556 
v 0.9122481346130371 -0.03764000162482262 0.1039683148264885 
v 0.9132793545722961 -0.03764000162482262 0.10253036767244339 
v 0.9141311645507812 -0.03764000162482262 0.10107298940420151 
v 0.9148485660552979 -0.03764000162482262 0.09965447336435318 
v 0.9159245491027832 -0.03764000162482262 0.09664256125688553 
v 0.916731595993042 -0.03764000162482262 0.09316428750753403 
v 0.917538583278656 -0.03764000162482262 0.08644092082977295 
v 0.9176731109619141 -0.03764000162482262 0.07967868447303772 
v 0.9137277007102966 -0.03764000162482262 0.05330986902117729 
v 0.9153417348861694 -0.03764000162482262 0.04862683266401291 
v 0.9165074229240417 -0.03764000162482262 0.04378833621740341 
v 0.9172695875167847 -0.03764000162482262 0.03885268419981003 
v 0.917628288269043 -0.03764000162482262 0.03387816995382309 
v 0.9176731109619141 -0.03764000162482262 0.0323430672287941 
v 0.9363690614700317 -0.03764000162482262 0.03962995484471321 
v 0.9363690614700317 -0.03764000162482262 0.058187227696180344 
v 0.9363690614700317 -0.03764000162482262 0.0323430672287941 
v 0.917628288269043 -0.03764000162482262 0.02890365570783615 
v 0.9173144102096558 -0.03764000162482262 0.023929139599204063 
v 0.9363690614700317 -0.03764000162482262 0.021092113107442856 
v 0.9165970683097839 -0.03764000162482262 0.01899348944425583 
v 0.9154313802719116 -0.03764000162482262 0.014154994860291481 
v 0.9136828780174255 -0.03764000162482262 0.009471955709159374 
v 0.9176731109619141 -0.03764000162482262 -0.01600300334393978 
v 0.9126964807510376 -0.03764000162482262 0.007373332045972347 
v 0.9113962650299072 -0.03764000162482262 0.005080391187220812 
v 0.9098719358444214 -0.03764000162482262 0.003001199569553137 
v 0.9082579016685486 -0.03764000162482262 0.001194051350466907 
v 0.9073163866996765 -0.03764000162482262 0.00031962490174919367 
v 0.9063748121261597 -0.03764000162482262 -0.00045764309470541775 
v 1.0226304531097412 -0.03764000162482262 0.050123073160648346 
v 1.0218682289123535 -0.03764000162482262 0.04709172621369362 
v 1.0207922458648682 -0.03764000162482262 0.044235266745090485 
v 0.5029100775718689 0.03763988986611366 -0.00424682442098856 
v 0.5011166930198669 0.03763988986611366 -0.0016624084673821926 
v 0.3143814206123352 -0.03764000162482262 0.18540656566619873 
v 0.3164438009262085 -0.03764000162482262 0.16984178125858307 
v 0.31698182225227356 -0.03764000162482262 0.1547239124774933 
v 0.8996496796607971 0.03763988986611366 0.0679808035492897 
v 0.9008153676986694 0.03763988986611366 0.06766989827156067 
v 0.9019810557365417 0.03763988986611366 0.06724239885807037 
v 0.903101921081543 0.03763988986611366 0.06671774387359619 
v 0.9041779637336731 0.03763988986611366 0.0661153644323349 
v 0.9052540063858032 0.03763988986611366 0.06539639085531235 
v 0.9070922136306763 0.03763988986611366 0.06384184956550598 
v 0.9088407158851624 0.03763988986611366 0.0619569756090641 
v 0.9102754592895508 0.03763988986611366 0.06001380831003189 
v 0.9115756154060364 0.03763988986611366 0.057837456464767456 
v 0.9137277007102966 0.03763988986611366 0.05330986902117729 
v 0.9153417348861694 0.03763988986611366 0.04862683266401291 
v 0.9165074229240417 0.03763988986611366 0.04378833621740341 
v 0.9176731109619141 0.03763988986611366 0.07967868447303772 
v 0.917538583278656 0.03763988986611366 0.08644092082977295 
v 0.916731595993042 0.03763988986611366 0.09316428750753403 
v 0.9159245491027832 0.03763988986611366 0.09664256125688553 
v 0.9148485660552979 0.03763988986611366 0.09965447336435318 
v 0.9141311645507812 0.03763988986611366 0.10107298940420151 
v 0.9132793545722961 0.03763988986611366 0.10253036767244339 
v 0.9122481346130371 0.03763988986611366 0.1039683148264885 
v 0.9111272692680359 0.03763988986611366 0.10527023673057556 
v 0.9099615812301636 0.03763988986611366 0.10645557194948196 
v 0.480358362197876 -0.03764000162482262 0.08379820734262466 
v 0.480358362197876 0.03763988986611366 0.08379820734262466 
v 0.4750679135322571 -0.03764000162482262 0.08469206839799881 
v 0.4750679135322571 0.03763988986611366 0.08469206839799881 
v 0.46941879391670227 -0.03764000162482262 0.08519729226827621 
v 0.46941879391670227 0.03763988986611366 0.08519729226827621 
v 0.4640386402606964 -0.03764000162482262 0.08525558561086655 
v 0.4640386402606964 0.03763988986611366 0.08525558561086655 
v 0.4583895206451416 -0.03764000162482262 0.08490581810474396 
v 0.4583895206451416 0.03763988986611366 0.08490581810474396 
v 0.45260587334632874 -0.03764000162482262 0.08389536291360855 
v 0.45260587334632874 0.03763988986611366 0.08389536291360855 
v 0.45005032420158386 -0.03764000162482262 0.08313752710819244 
v 0.45005032420158386 0.03763988986611366 0.08313752710819244 
v 0.44771891832351685 -0.03764000162482262 0.08222424238920212 
v 0.44771891832351685 0.03763988986611366 0.08222424238920212 
v 0.44520819187164307 -0.03764000162482262 0.08094175159931183 
v 0.44520819187164307 0.03763988986611366 0.08094175159931183 
v 0.4430561661720276 -0.03764000162482262 0.07942607253789902 
v 0.4430561661720276 0.03763988986611366 0.07942607253789902 
v 0.44206979870796204 -0.03764000162482262 0.07857108116149902 
v 0.44206979870796204 0.03763988986611366 0.07857108116149902 
v 0.4410834312438965 -0.03764000162482262 0.07756063342094421 
v 0.4410834312438965 0.03763988986611366 0.07756063342094421 
v 0.4401867389678955 -0.03764000162482262 0.07645302265882492 
v 0.4401867389678955 0.03763988986611366 0.07645302265882492 
v 0.439334899187088 -0.03764000162482262 0.07526769489049911 
v 0.439334899187088 0.03763988986611366 0.07526769489049911 
v 0.4381243586540222 -0.03764000162482262 0.07301361113786697 
v 0.4381243586540222 0.03763988986611366 0.07301361113786697 
v 0.43718284368515015 -0.03764000162482262 0.07054578512907028 
v 0.43718284368515015 0.03763988986611366 0.07054578512907028 
v 0.4364655017852783 -0.03764000162482262 0.06780591607093811 
v 0.4364655017852783 0.03763988986611366 0.06780591607093811 
v 0.4360619783401489 -0.03764000162482262 0.06481343507766724 
v 0.4360619783401489 0.03763988986611366 0.06481343507766724 
v 0.43588265776634216 -0.03764000162482262 0.05377623066306114 
v 0.43588265776634216 0.03763988986611366 0.05377623066306114 
v 0.43588265776634216 -0.03764000162482262 0.04271959513425827 
v 0.43588265776634216 0.03763988986611366 0.04271959513425827 
v 0.43588265776634216 -0.03764000162482262 0.03168238699436188 
v 0.43588265776634216 0.03763988986611366 0.03168238699436188 
v 0.43588265776634216 -0.03764000162482262 0.020625751465559006 
v 0.43588265776634216 0.03763988986611366 0.020625751465559006 
v 0.43588265776634216 -0.03764000162482262 0.009588546119630337 
v 0.43588265776634216 0.03763988986611366 0.009588546119630337 
v 0.43588265776634216 -0.03764000162482262 -0.0014680915046483278 
v 0.43588265776634216 0.03763988986611366 -0.0014680915046483278 
v 0.480358362197876 0.03763988986611366 0.06924386322498322 
v 0.480358362197876 -0.03764000162482262 0.06924386322498322 
v 0.4759197533130646 0.03763988986611366 0.0702737420797348 
v 0.4759197533130646 -0.03764000162482262 0.0702737420797348 
v 0.4713018238544464 0.03763988986611366 0.0707012414932251 
v 0.4713018238544464 -0.03764000162482262 0.0707012414932251 
v 0.4688359200954437 0.03763988986611366 0.07068181037902832 
v 0.4688359200954437 -0.03764000162482262 0.07068181037902832 
v 0.466459721326828 0.03763988986611366 0.0704486295580864 
v 0.466459721326828 -0.03764000162482262 0.0704486295580864 
v 0.46421799063682556 0.03763988986611366 0.06998226791620255 
v 0.46421799063682556 -0.03764000162482262 0.06998226791620255 
v 0.46229010820388794 0.03763988986611366 0.06930215656757355 
v 0.46229010820388794 -0.03764000162482262 0.06930215656757355 
v 0.4611244201660156 0.03763988986611366 0.06873863935470581 
v 0.4611244201660156 -0.03764000162482262 0.06873863935470581 
v 0.4600483775138855 0.03763988986611366 0.06809739768505096 
v 0.4600483775138855 -0.03764000162482262 0.06809739768505096 
v 0.4591068625450134 0.03763988986611366 0.06732012331485748 
v 0.4591068625450134 -0.03764000162482262 0.06732012331485748 
v 0.458299845457077 0.03763988986611366 0.06652342528104782 
v 0.458299845457077 -0.03764000162482262 0.06652342528104782 
v 0.4576721787452698 0.03763988986611366 0.06576558947563171 
v 0.4576721787452698 -0.03764000162482262 0.06576558947563171 
v 0.45708930492401123 0.03763988986611366 0.06489116698503494 
v 0.45708930492401123 -0.03764000162482262 0.06489116698503494 
v 0.45659613609313965 0.03763988986611366 0.06390015035867691 
v 0.45659613609313965 -0.03764000162482262 0.06390015035867691 
v 0.45614778995513916 0.03763988986611366 0.0628119707107544 
v 0.45614778995513916 -0.03764000162482262 0.0628119707107544 
v 0.455564945936203 0.03763988986611366 0.060927096754312515 
v 0.455564945936203 -0.03764000162482262 0.060927096754312515 
v 0.4551165997982025 0.03763988986611366 0.058789610862731934 
v 0.4551165997982025 -0.03764000162482262 0.058789610862731934 
v 0.45462343096733093 0.03763988986611366 0.05377623066306114 
v 0.45462343096733093 -0.03764000162482262 0.05377623066306114 
v 0.45457857847213745 0.03763988986611366 0.044565606862306595 
v 0.45457857847213745 -0.03764000162482262 0.044565606862306595 
v 0.45457857847213745 0.03763988986611366 0.03535497933626175 
v 0.45457857847213745 -0.03764000162482262 0.03535497933626175 
v 0.45457857847213745 0.03763988986611366 0.026144353672862053 
v 0.45457857847213745 -0.03764000162482262 0.026144353672862053 
v 0.45457857847213745 0.03763988986611366 0.016953160986304283 
v 0.45457857847213745 -0.03764000162482262 0.016953160986304283 
v 0.45457857847213745 0.03763988986611366 0.007742534391582012 
v 0.45457857847213745 -0.03764000162482262 0.007742534391582012 
v 0.45457857847213745 0.03763988986611366 -0.0014680915046483278 
v 0.45457857847213745 -0.03764000162482262 -0.0014680915046483278 
v 0.5134461522102356 0.03763988986611366 0.01372749824076891 
v 0.5134461522102356 -0.03764000162482262 0.01372749824076891 
v 0.5134909749031067 0.03763988986611366 0.012581028044223785 
v 0.5134909749031067 -0.03764000162482262 0.012581028044223785 
v 0.5136255025863647 0.03763988986611366 0.011453988961875439 
v 0.5136255025863647 -0.03764000162482262 0.011453988961875439 
v 0.5138944983482361 0.03763988986611366 0.010326950810849667 
v 0.5138944983482361 -0.03764000162482262 0.010326950810849667 
v 0.5142531991004944 0.03763988986611366 0.00923877488821745 
v 0.5142531991004944 -0.03764000162482262 0.00923877488821745 
v 0.5151498913764954 0.03763988986611366 0.007120720110833645 
v 0.5151498913764954 -0.03764000162482262 0.007120720110833645 
v 0.5163155794143677 0.03763988986611366 0.005138686392456293 
v 0.5163155794143677 -0.03764000162482262 0.005138686392456293 
v 0.5164052248001099 0.03763988986611366 0.005002664402127266 
v 0.5164052248001099 -0.03764000162482262 0.005002664402127266 
v 0.5176606178283691 -0.03764000162482262 0.0032732433173805475 
v 0.5176606178283691 0.03763988986611366 0.0032732433173805475 
v 0.519184947013855 0.03763988986611366 0.001563253696076572 
v 0.519184947013855 -0.03764000162482262 0.001563253696076572 
v 0.5209335088729858 0.03763988986611366 0.000047581099352100864 
v 0.5209335088729858 -0.03764000162482262 0.000047581099352100864 
v 0.5228613615036011 0.03763988986611366 -0.00123491114936769 
v 0.5228613615036011 -0.03764000162482262 -0.00123491114936769 
v 0.5248789191246033 0.03763988986611366 -0.0022259277757257223 
v 0.5248789191246033 -0.03764000162482262 -0.0022259277757257223 
v 0.5270758271217346 0.03763988986611366 -0.002964332466945052 
v 0.5270758271217346 -0.03764000162482262 -0.002964332466945052 
v 0.5293175578117371 0.03763988986611366 -0.003450124990195036 
v 0.5293175578117371 -0.03764000162482262 -0.003450124990195036 
v 0.5316041111946106 0.03763988986611366 -0.0036833053454756737 
v 0.5316041111946106 -0.03764000162482262 -0.0036833053454756737 
v 0.5338906645774841 0.03763988986611366 -0.0037027369253337383 
v 0.5338906645774841 -0.03764000162482262 -0.0037027369253337383 
v 0.5361772179603577 0.03763988986611366 -0.0035472833551466465 
v 0.5361772179603577 -0.03764000162482262 -0.0035472833551466465 
v 0.5384637713432312 0.03763988986611366 -0.003158649429678917 
v 0.5384637713432312 -0.03764000162482262 -0.003158649429678917 
v 0.5406606197357178 0.03763988986611366 -0.002497971523553133 
v 0.5406606197357178 -0.03764000162482262 -0.002497971523553133 
v 0.5417366623878479 0.03763988986611366 -0.0020704742055386305 
v 0.5417366623878479 -0.03764000162482262 -0.0020704742055386305 
v 0.5427678823471069 0.03763988986611366 -0.0015458182897418737 
v 0.5427678823471069 -0.03764000162482262 -0.0015458182897418737 
v 0.5437542200088501 0.03763988986611366 -0.0009628672851249576 
v 0.5437542200088501 -0.03764000162482262 -0.0009628672851249576 
v 0.5446957349777222 0.03763988986611366 -0.00030218949541449547 
v 0.5446957349777222 -0.03764000162482262 -0.00030218949541449547 
v 0.5455924272537231 0.03763988986611366 0.0004167834122199565 
v 0.5455924272537231 -0.03764000162482262 0.0004167834122199565 
v 0.5463994145393372 0.03763988986611366 0.0012134830467402935 
v 0.5463994145393372 -0.03764000162482262 0.0012134830467402935 
v 0.5479238033294678 0.03763988986611366 0.0029429043643176556 
v 0.5479238033294678 -0.03764000162482262 0.0029429043643176556 
v 0.5485514998435974 0.03763988986611366 0.003895057598128915 
v 0.5485514998435974 -0.03764000162482262 0.003895057598128915 
v 0.549179196357727 0.03763988986611366 0.004886074457317591 
v 0.549179196357727 -0.03764000162482262 0.004886074457317591 
v 0.5492240190505981 0.03763988986611366 0.005002664402127266 
v 0.5492240190505981 -0.03764000162482262 0.005002664402127266 
v 0.5496723651885986 -0.03764000162482262 0.0059159547090530396 
v 0.5496723651885986 0.03763988986611366 0.0059159547090530396 
v 0.5501207113265991 0.03763988986611366 0.006965266074985266 
v 0.5501207113265991 -0.03764000162482262 0.006965266074985266 
v 0.5507932305335999 0.03763988986611366 0.00916104856878519 
v 0.5507932305335999 -0.03764000162482262 0.00916104856878519 
v 0.5511518716812134 0.03763988986611366 0.011434556916356087 
v 0.5511518716812134 -0.03764000162482262 0.011434556916356087 
v 0.5512863993644714 0.03763988986611366 0.01372749824076891 
v 0.9074060320854187 0.03763988986611366 -0.01367119885981083 
v 0.9055230021476746 0.03763988986611366 -0.014817669056355953 
v 0.48201724886894226 -0.03764000162482262 -0.01600300334393978 
v 0.48201724886894226 0.03763988986611366 -0.01600300334393978 
v 0.48201724886894226 -0.03764000162482262 -0.0014680915046483278 
v 0.48201724886894226 0.03763988986611366 -0.0014680915046483278 
v 0.02363033965229988 -0.03764000162482262 0.16451749205589294 
v 0.05721130594611168 -0.03764000162482262 0.19479207694530487 
v -0.024118296802043915 -0.03764000162482262 0.12165115773677826 
v -0.18794319033622742 -0.03764000162482262 0.17633196711540222 
v -0.17807962000370026 -0.03764000162482262 0.1670241802930832 
v 0.058242496103048325 -0.03764000162482262 0.07684165984392166 
v -0.16906790435314178 -0.03764000162482262 0.15690025687217712 
v 0.018833059817552567 -0.03764000162482262 -0.16836696863174438 
v -0.08841082453727722 -0.03764000162482262 -0.010834170505404472 
v -0.04792536422610283 -0.03764000162482262 -0.18488390743732452 
v -0.08433089405298233 -0.03764000162482262 -0.028575312346220016 
v 0.10016266256570816 -0.03764000162482262 -0.05020279437303543 
v 0.09097161144018173 -0.03764000162482262 0.027679458260536194 
v 0.08231856673955917 -0.03764000162482262 0.04545946419239044 
v 0.08698134869337082 -0.03764000162482262 0.03677349537611008 
v 0.07025811821222305 -0.03764000162482262 -0.12260530889034271 
v 0.09003008902072906 -0.03764000162482262 -0.08838608860969543 
v 0.0963517352938652 -0.03764000162482262 -0.06963449716567993 
v 0.043312642723321915 -0.03764000162482262 -0.1515585482120514 
v 0.05761481449007988 -0.03764000162482262 -0.13783976435661316 
v 1.0168019533157349 -0.03764000162482262 0.002087909495458007 
v 1.0168019533157349 0.03763988986611366 0.002087909495458007 
v 1.0127220153808594 -0.03764000162482262 0.0003973516868427396 
v 1.0127220153808594 0.03763988986611366 0.0003973516868427396 
v 1.0085524320602417 -0.03764000162482262 -0.001098889159038663 
v 1.0085524320602417 0.03763988986611366 -0.001098889159038663 
v 1.004338026046753 -0.03764000162482262 -0.0023230863735079765 
v 1.004338026046753 0.03763988986611366 -0.0023230863735079765 
v 0.9999890923500061 -0.03764000162482262 -0.003236376214772463 
v 0.9999890923500061 0.03763988986611366 -0.003236376214772463 
v 0.9956401586532593 -0.03764000162482262 -0.0036833053454756737 
v 0.9956401586532593 0.03763988986611366 -0.0036833053454756737 
v 0.9935328960418701 -0.03764000162482262 -0.0037221687380224466 
v 0.9935328960418701 0.03763988986611366 -0.0037221687380224466 
v 0.9912015199661255 -0.03764000162482262 -0.003566715167835355 
v 0.9912015199661255 0.03763988986611366 -0.003566715167835355 
v 0.9890046119689941 -0.03764000162482262 -0.00319751282222569 
v 0.9890046119689941 0.03763988986611366 -0.00319751282222569 
v 0.9868974089622498 -0.03764000162482262 -0.002614561701193452 
v 0.9868974089622498 0.03763988986611366 -0.002614561701193452 
v 0.9848350286483765 -0.03764000162482262 -0.0017984304577112198 
v 0.9848350286483765 0.03763988986611366 -0.0017984304577112198 
v 0.9829071760177612 -0.03764000162482262 -0.0007296868716366589 
v 0.9829071760177612 0.03763988986611366 -0.0007296868716366589 
v 0.9819207787513733 -0.03764000162482262 -0.00006900909647811204 
v 0.9819207787513733 0.03763988986611366 -0.00006900909647811204 
v 0.9810689687728882 -0.03764000162482262 0.0006305321003310382 
v 0.9810689687728882 0.03763988986611366 0.0006305321003310382 
v 0.9802619218826294 -0.03764000162482262 0.0013883684296160936 
v 0.9802619218826294 0.03763988986611366 0.0013883684296160936 
v 0.9795894026756287 -0.03764000162482262 0.002146204700693488 
v 0.9795894026756287 0.03763988986611366 0.002146204700693488 
v 0.978961706161499 -0.03764000162482262 0.0030789263546466827 
v 0.978961706161499 0.03763988986611366 0.0030789263546466827 
v 0.9786927103996277 -0.03764000162482262 0.0035647188778966665 
v 0.9786927103996277 0.03763988986611366 0.0035647188778966665 
v 0.9784685373306274 -0.03764000162482262 0.00405051140114665 
v 0.9784685373306274 0.03763988986611366 0.00405051140114665 
v 0.9782892465591431 -0.03764000162482262 0.004575167316943407 
v 0.9782892465591431 0.03763988986611366 0.004575167316943407 
v 0.9781098961830139 -0.03764000162482262 0.005099823232740164 
v 0.9781098961830139 0.03763988986611366 0.005099823232740164 
v 0.978020191192627 -0.03764000162482262 0.0056244791485369205 
v 0.978020191192627 0.03763988986611366 0.0056244791485369205 
v 0.9779305458068848 -0.03764000162482262 0.006187998224049807 
v 0.9779305458068848 0.03763988986611366 0.006187998224049807 
v 0.9779305458068848 -0.03764000162482262 0.007256741635501385 
v 0.9779305458068848 0.03763988986611366 0.007256741635501385 
v 0.9780650734901428 -0.03764000162482262 0.00836434867233038 
v 0.9780650734901428 0.03763988986611366 0.00836434867233038 
v 0.9783340692520142 -0.03764000162482262 0.009433092549443245 
v 0.9783340692520142 0.03763988986611366 0.009433092549443245 
v 0.9787375926971436 -0.03764000162482262 0.010482404381036758 
v 0.9787375926971436 0.03763988986611366 0.010482404381036758 
v 0.9793204069137573 -0.03764000162482262 0.011628874577581882 
v 0.9793204069137573 0.03763988986611366 0.011628874577581882 
v 0.9801274538040161 -0.03764000162482262 0.012717049568891525 
v 0.9801274538040161 0.03763988986611366 0.012717049568891525 
v 0.9808447957038879 -0.03764000162482262 0.013494317419826984 
v 0.9808447957038879 0.03763988986611366 0.013494317419826984 
v 0.9813379645347595 -0.03764000162482262 0.013980110175907612 
v 0.9813379645347595 0.03763988986611366 0.013980110175907612 
v 0.9848798513412476 -0.03764000162482262 0.016661684960126877 
v 0.9848798513412476 0.03763988986611366 0.016661684960126877 
v 0.9885563254356384 -0.03764000162482262 0.019090646877884865 
v 0.9885563254356384 0.03763988986611366 0.019090646877884865 
v 0.9922775626182556 -0.03764000162482262 0.021422451362013817 
v 0.9922775626182556 0.03763988986611366 0.021422451362013817 
v 0.09697941690683365 -0.03764000162482262 0.008811277337372303 
v 0.10047650337219238 -0.03764000162482262 -0.01067871693521738 
v 0.10150769352912903 -0.03764000162482262 -0.030440757051110268 
v 0.9067783355712891 0.03763988986611366 0.12600386142730713 
v 0.8970493078231812 0.03763988986611366 0.12728635966777802 
v 0.8871856927871704 0.03763988986611366 0.127461239695549 
v 0.2860012352466583 -0.03764000162482262 0.02715480327606201 
v 0.2819661498069763 -0.03764000162482262 0.027757184579968452 
v 0.27407529950141907 -0.03764000162482262 0.029544901102781296 
v 0.2780207395553589 -0.03764000162482262 0.028534453362226486 
v 0.26645344495773315 -0.03764000162482262 0.03226533904671669 
v 0.2702195346355438 -0.03764000162482262 0.030769098550081253 
v -0.1677228808403015 0.03763988986611366 0.008578097447752953 
v -0.1888398826122284 0.03763988986611366 -0.02882792428135872 
v -0.18771901726722717 0.03763988986611366 0.026843896135687828 
v -0.31684207916259766 0.03763988986611366 -0.02760372869670391 
v -0.33625540137290955 0.03763988986611366 -0.009396225214004517 
v -0.35647571086883545 0.03763988986611366 0.008578097447752953 
v -0.31693175435066223 0.03763988986611366 -0.027798045426607132 
v -0.36580124497413635 0.03763988986611366 -0.18511708080768585 
v -0.3170214295387268 0.03763988986611366 -0.027972931042313576 
v -0.3171111047267914 0.03763988986611366 -0.028128383681178093 
v -0.31724560260772705 0.03763988986611366 -0.02828383818268776 
v -0.3173801004886627 0.03763988986611366 -0.028400428593158722 
v -0.3174697756767273 0.03763988986611366 -0.028458721935749054 
v -0.31755945086479187 0.03763988986611366 -0.028497586026787758 
v -0.31760427355766296 0.03763988986611366 -0.028517017140984535 
v -0.31769394874572754 0.03763988986611366 -0.02855588123202324 
v -0.31773877143859863 0.03763988986611366 -0.02855588123202324 
v -0.3178284466266632 0.03763988986611366 -0.028575312346220016 
v -0.32249122858047485 0.03763988986611366 -0.028575312346220016 
v -0.34109750390052795 0.03763988986611366 -0.028575312346220016 
v -0.3534269630908966 0.03763988986611366 -0.028575312346220016 
v -0.378130704164505 0.03763988986611366 -0.028575312346220016 
v -0.39050501585006714 0.03763988986611366 -0.028575312346220016 
v -0.4028344750404358 0.03763988986611366 -0.028575312346220016 
v 0.9035502672195435 -0.03764000162482262 -0.015789253637194633 
v 0.9055230021476746 -0.03764000162482262 -0.014817669056355953 
v -0.07630553841590881 0.03763988986611366 -0.18548628687858582 
v -0.1144147738814354 0.03763988986611366 -0.028575312346220016 
v 1.0077005624771118 0.03763988986611366 0.08101947605609894 
v 1.010480284690857 0.03763988986611366 0.07954266667366028 
v 1.0049208402633667 0.03763988986611366 0.08222424238920212 
v 1.0153672695159912 0.03763988986611366 0.07583121210336685 
v 1.0216889381408691 0.03763988986611366 0.06547411531209946 
v 1.0192229747772217 0.03763988986611366 0.07107044756412506 
v 1.0206577777862549 0.03763988986611366 0.06831113994121552 
v 1.0193575620651245 0.03763988986611366 0.04153425991535187 
v 1.0229891538619995 0.03763988986611366 0.05309612303972244 
v 1.0218682289123535 0.03763988986611366 0.04709172621369362 
v 1.0226304531097412 0.03763988986611366 0.050123073160648346 
v 1.0042932033538818 0.03763988986611366 0.05733223259449005 
v 1.004338026046753 0.03763988986611366 0.05875074863433838 
v 1.004158616065979 0.03763988986611366 0.06014982983469963 
v 1.0038000345230103 0.03763988986611366 0.061529479920864105 
v 1.0035758018493652 0.03763988986611366 0.06219015643000603 
v 1.0033068656921387 0.03763988986611366 0.06283140182495117 
v 1.0029929876327515 0.03763988986611366 0.06343378871679306 
v 1.0026342868804932 0.03763988986611366 0.06401673704385757 
v 1.0017375946044922 0.03763988986611366 0.06512434780597687 
v 1.0008409023284912 0.03763988986611366 0.06605706363916397 
v 0.9997649192810059 0.03763988986611366 0.06689263135194778 
v 0.9985095262527466 0.03763988986611366 0.06766989827156067 
v 0.9972541928291321 0.03763988986611366 0.06833057850599289 
v 0.9946985840797424 0.03763988986611366 0.06930215656757355 
v 0.9919188618659973 0.03763988986611366 0.0700211301445961 
v 0.9892736673355103 0.03763988986611366 0.0704486295580864 
v 0.9863594174385071 0.03763988986611366 0.07066237926483154 
v 0.9833555221557617 0.03763988986611366 0.0707012414932251 
v 0.9807999730110168 0.03763988986611366 0.07054578512907028 
v 0.9752852916717529 0.03763988986611366 0.06969079375267029 
v 0.9592345952987671 0.03763988986611366 0.0813109502196312 
v 0.9698603749275208 0.03763988986611366 0.06842773407697678 
v 0.9644802212715149 0.03763988986611366 0.06683433055877686 
v 0.983579695224762 0.03763988986611366 0.08525558561086655 
v 0.9959091544151306 0.03763988986611366 0.084536612033844 
v 1.0019170045852661 0.03763988986611366 0.08321525901556015 
v 0.9712502360343933 0.03763988986611366 0.08416741341352463 
v 0.9773925542831421 0.03763988986611366 0.08492524921894073 
v 0.9363690614700317 0.03763988986611366 0.0767250657081604 
v 0.9363690614700317 0.03763988986611366 0.058187227696180344 
v 0.9363690614700317 0.03763988986611366 0.03962995484471321 
v 0.9176731109619141 0.03763988986611366 0.0323430672287941 
v 0.9363690614700317 0.03763988986611366 0.0323430672287941 
v 0.9363690614700317 0.03763988986611366 0.021092113107442856 
v 0.917628288269043 0.03763988986611366 0.03387816995382309 
v 0.9172695875167847 0.03763988986611366 0.03885268419981003 
v 0.6119921803474426 -0.03764000162482262 0.08296264708042145 
v 0.6119921803474426 0.03763988986611366 0.08296264708042145 
v 0.593296229839325 -0.03764000162482262 0.08296264708042145 
v 0.593296229839325 0.03763988986611366 0.08296264708042145 
v 0.480358362197876 0.03763988986611366 0.06924386322498322 
v 0.4759197533130646 0.03763988986611366 0.0702737420797348 
v 0.4713018238544464 0.03763988986611366 0.0707012414932251 
v 0.4688359200954437 0.03763988986611366 0.07068181037902832 
v 0.9723711013793945 0.03763988986611366 0.03193500265479088 
v 0.9770338535308838 0.03763988986611366 0.03500520810484886 
v 0.9679772853851318 0.03763988986611366 0.028456727042794228 
v 0.9818311333656311 0.03763988986611366 0.03784223645925522 
v 0.9865835905075073 0.03763988986611366 0.04077642410993576 
v 0.9912912249565125 0.03763988986611366 0.04380777105689049 
v 0.9684256315231323 0.03763988986611366 -0.010795307345688343 
v 0.9592794179916382 0.03763988986611366 0.008714118972420692 
v 0.9615211486816406 0.03763988986611366 -0.0021482009906321764 
v 0.9598174691200256 0.03763988986611366 0.0031566531397402287 
v 0.9605348110198975 0.03763988986611366 0.000436215108493343 
v 0.9959091544151306 0.03763988986611366 0.046916842460632324 
v 0.9787375926971436 0.03763988986611366 0.010482404381036758 
v 0.9783340692520142 0.03763988986611366 0.009433092549443245 
v 0.9793204069137573 0.03763988986611366 0.011628874577581882 
v 1.0004373788833618 0.03763988986611366 0.050200797617435455 
v 0.9801274538040161 0.03763988986611366 0.012717049568891525 
v 1.0010203123092651 0.03763988986611366 0.050725456327199936 
v 0.9808447957038879 0.03763988986611366 0.013494317419826984 
v 1.0018272399902344 0.03763988986611366 0.05161931365728378 
v 0.9813379645347595 0.03763988986611366 0.013980110175907612 
v 1.0024101734161377 0.03763988986611366 0.05237714946269989 
v 0.9848798513412476 0.03763988986611366 0.016661684960126877 
v 1.0029481649398804 0.03763988986611366 0.053134985268116 
v 1.0033516883850098 0.03763988986611366 0.053892821073532104 
v 1.0037102699279785 0.03763988986611366 0.05467008799314499 
v 1.0039345026016235 0.03763988986611366 0.05533076822757721 
v 1.004113793373108 0.03763988986611366 0.05599144473671913 
v 1.0042483806610107 0.03763988986611366 0.05665212497115135 
v 0.926729679107666 -0.03764000162482262 0.11613255739212036 
v 0.9282988905906677 -0.03764000162482262 0.114403136074543 
v 0.9297335743904114 -0.03764000162482262 0.11255712062120438 
v 0.9663184285163879 0.03763988986611366 -0.008949295617640018 
v 0.9644353985786438 0.03763988986611366 -0.00690896762534976 
v 0.8602402210235596 -0.03764000162482262 0.10501762479543686 
v 0.8663825392723083 -0.03764000162482262 0.10789351910352707 
v 0.8602402210235596 -0.03764000162482262 0.12394410371780396 
v 0.8701486587524414 -0.03764000162482262 0.12598443031311035 
v 0.8727490305900574 -0.03764000162482262 0.11018645763397217 
v 0.8792948722839355 -0.03764000162482262 0.11183815449476242 
v 0.8860200047492981 -0.03764000162482262 0.11280973255634308 
v 0.8889790773391724 -0.03764000162482262 0.11292632669210434 
v 0.8927900195121765 -0.03764000162482262 0.11277087032794952 
v 0.8962422609329224 -0.03764000162482262 0.11238224059343338 
v 0.899470329284668 -0.03764000162482262 0.11174099147319794 
v 0.9027881026268005 -0.03764000162482262 0.11073054373264313 
v 0.9057919979095459 -0.03764000162482262 0.10937032848596573 
v -0.16906790435314178 -0.03764000162482262 0.15690025687217712 
v -0.16906790435314178 0.03763988986611366 0.15690025687217712 
v -0.1904090791940689 -0.03764000162482262 0.1194942444562912 
v -0.1904090791940689 0.03763988986611366 0.1194942444562912 
v 0.41817307472229004 0.03763988986611366 -0.0014680915046483278 
v 0.41817307472229004 -0.03764000162482262 -0.0014680915046483278 
v 0.43588265776634216 0.03763988986611366 -0.0014680915046483278 
v 0.43588265776634216 -0.03764000162482262 -0.0014680915046483278 
v 0.8564741611480713 -0.03764000162482262 0.022258013486862183 
v 0.857012152671814 -0.03764000162482262 0.01792474463582039 
v 0.856115460395813 -0.03764000162482262 0.026610715314745903 
v 0.8559809923171997 -0.03764000162482262 0.030963415279984474 
v 0.858850359916687 -0.03764000162482262 0.009394228458404541 
v 0.8601505756378174 -0.03764000162482262 0.005235845223069191 
v 0.9233222603797913 -0.03764000162482262 0.11908617615699768 
v 0.919466495513916 -0.03764000162482262 0.1215345710515976 
v 0.4430561661720276 0.03763988986611366 0.07942607253789902 
v 0.44206979870796204 0.03763988986611366 0.07857108116149902 
v 0.4410834312438965 0.03763988986611366 0.07756063342094421 
v -0.34472909569740295 -0.03764000162482262 0.05628292262554169 
v -0.35481682419776917 -0.03764000162482262 0.06555183976888657 
v -0.3651735782623291 -0.03764000162482262 0.07449042052030563 
v -0.37539583444595337 -0.03764000162482262 0.08358445763587952 
v 0.3127225637435913 0.03763988986611366 -0.0104066738858819 
v 0.3140227496623993 0.03763988986611366 -0.009046454913914204 
v 0.3151884377002716 0.03763988986611366 -0.007550213485956192 
v 0.8602402210235596 0.03763988986611366 0.12394410371780396 
v 0.8602402210235596 -0.03764000162482262 0.12394410371780396 
v 0.8701486587524414 0.03763988986611366 0.12598443031311035 
v 0.8701486587524414 -0.03764000162482262 0.12598443031311035 
v 0.8785327076911926 0.03763988986611366 0.12709203362464905 
v 0.8785327076911926 -0.03764000162482262 0.12709203362464905 
v 0.8871856927871704 0.03763988986611366 0.127461239695549 
v 0.8871856927871704 -0.03764000162482262 0.127461239695549 
v 0.8970493078231812 0.03763988986611366 0.12728635966777802 
v 0.8970493078231812 -0.03764000162482262 0.12728635966777802 
v 0.9067783355712891 0.03763988986611366 0.12600386142730713 
v 0.9067783355712891 -0.03764000162482262 0.12600386142730713 
v 0.9111272692680359 0.03763988986611366 0.12491568177938461 
v 0.9111272692680359 -0.03764000162482262 0.12491568177938461 
v 0.9151175618171692 0.03763988986611366 0.12355546653270721 
v 0.9151175618171692 -0.03764000162482262 0.12355546653270721 
v 0.919466495513916 0.03763988986611366 0.1215345710515976 
v 0.919466495513916 -0.03764000162482262 0.1215345710515976 
v 0.9233222603797913 0.03763988986611366 0.11908617615699768 
v 0.9233222603797913 -0.03764000162482262 0.11908617615699768 
v 0.9250707626342773 0.03763988986611366 0.11770652234554291 
v 0.9250707626342773 -0.03764000162482262 0.11770652234554291 
v 0.926729679107666 0.03763988986611366 0.11613255739212036 
v 0.926729679107666 -0.03764000162482262 0.11613255739212036 
v 0.9282988905906677 0.03763988986611366 0.114403136074543 
v 0.9282988905906677 -0.03764000162482262 0.114403136074543 
v 0.9297335743904114 0.03763988986611366 0.11255712062120438 
v 0.9297335743904114 -0.03764000162482262 0.11255712062120438 
v 0.9308992624282837 0.03763988986611366 0.11076940596103668 
v 0.9308992624282837 -0.03764000162482262 0.11076940596103668 
v 0.931930422782898 0.03763988986611366 0.1088845357298851 
v 0.931930422782898 -0.03764000162482262 0.1088845357298851 
v 0.9336789846420288 0.03763988986611366 0.10478444397449493 
v 0.9336789846420288 -0.03764000162482262 0.10478444397449493 
v 0.9350240230560303 0.03763988986611366 0.10023742914199829 
v 0.9350240230560303 -0.03764000162482262 0.10023742914199829 
v 0.9359207153320312 0.03763988986611366 0.09524347633123398 
v 0.9359207153320312 -0.03764000162482262 0.09524347633123398 
v 0.9363690614700317 0.03763988986611366 0.0767250657081604 
v 0.9363690614700317 -0.03764000162482262 0.0767250657081604 
v 0.9363690614700317 0.03763988986611366 0.058187227696180344 
v 0.9363690614700317 -0.03764000162482262 0.058187227696180344 
v 0.9363690614700317 0.03763988986611366 0.03962995484471321 
v 0.9363690614700317 -0.03764000162482262 0.03962995484471321 
v 0.9363690614700317 0.03763988986611366 0.0323430672287941 
v 0.9363690614700317 -0.03764000162482262 0.021092113107442856 
v 0.9363690614700317 0.03763988986611366 0.021092113107442856 
v 0.9363690614700317 0.03763988986611366 0.002554270438849926 
v 0.9363690614700317 -0.03764000162482262 0.002554270438849926 
v 0.9363690614700317 0.03763988986611366 -0.01600300334393978 
v 0.28026244044303894 -0.03764000162482262 -0.017868446186184883 
v 0.2763618528842926 -0.03764000162482262 -0.017266063019633293 
v 0.2727751135826111 -0.03764000162482262 -0.016449932008981705 
v 0.9363690614700317 0.03763988986611366 0.002554270438849926 
v 0.917628288269043 0.03763988986611366 0.02890365570783615 
v 0.9176731109619141 0.03763988986611366 -0.01600300334393978 
v 0.9173144102096558 0.03763988986611366 0.023929139599204063 
v 0.9165970683097839 0.03763988986611366 0.01899348944425583 
v 0.9154313802719116 0.03763988986611366 0.014154994860291481 
v 0.9136828780174255 0.03763988986611366 0.009471955709159374 
v 0.9126964807510376 0.03763988986611366 0.007373332045972347 
v 0.8266592621803284 -0.03764000162482262 -0.007919415831565857 
v 0.8277353048324585 -0.03764000162482262 -0.006053972523659468 
v 0.8253591060638428 -0.03764000162482262 -0.009648837149143219 
v 0.8240140676498413 -0.03764000162482262 -0.011242236942052841 
v 0.8318600654602051 -0.03764000162482262 0.0078008295968174934 
v 0.8301563858985901 -0.03764000162482262 -0.00036048461333848536 
v 0.8311875462532043 -0.03764000162482262 0.0035647188778966665 
v 0.8322187662124634 -0.03764000162482262 0.04955955222249031 
v 0.8322187662124634 -0.03764000162482262 0.0746070146560669 
v 0.8135228157043457 -0.03764000162482262 0.03244022652506828 
v 0.8135228157043457 -0.03764000162482262 0.06613479554653168 
v 0.8130744695663452 -0.03764000162482262 0.015612373128533363 
v 0.8125813007354736 -0.03764000162482262 0.011123649775981903 
v 0.8122225999832153 -0.03764000162482262 0.009394228458404541 
v 0.811863899230957 -0.03764000162482262 0.008014578372240067 
v 0.8114604353904724 -0.03764000162482262 0.006965266074985266 
v 0.810922384262085 -0.03764000162482262 0.005896522663533688 
v 0.8102947473526001 -0.03764000162482262 0.004905506037175655 
v 0.8096222281455994 -0.03764000162482262 0.004031079821288586 
v 0.8088151812553406 -0.03764000162482262 0.0032538115046918392 
v 0.8079633116722107 -0.03764000162482262 0.002554270438849926 
v 0.8069769740104675 -0.03764000162482262 0.0019518877379596233 
v 0.8059458136558533 -0.03764000162482262 0.0014660952147096395 
v 0.8049594163894653 -0.03764000162482262 0.0010968928690999746 
v 0.8038833737373352 -0.03764000162482262 0.0008248491212725639 
v 0.8027625679969788 -0.03764000162482262 0.0006111004040576518 
v 0.8015968203544617 -0.03764000162482262 0.00047507850104011595 
v 0.799220621585846 -0.03764000162482262 0.000436215108493343 
v 0.7972478866577148 -0.03764000162482262 0.0006111004040576518 
v 0.8322187662124634 -0.03764000162482262 0.0328482910990715 
v 0.8322187662124634 -0.03764000162482262 0.0244926605373621 
v 0.8135228157043457 -0.03764000162482262 0.08296264708042145 
v 0.8322187662124634 -0.03764000162482262 0.08296264708042145 
v 0.3140227496623993 -0.03764000162482262 -0.009046454913914204 
v 0.3151884377002716 -0.03764000162482262 -0.007550213485956192 
v 0.31707149744033813 -0.03764000162482262 -0.004363414831459522 
v 0.3195822238922119 -0.03764000162482262 0.0027874507941305637 
v 0.32029956579208374 -0.03764000162482262 0.006673790980130434 
v 0.9061506986618042 0.03763988986611366 0.0788431242108345 
v 0.9041779637336731 0.03763988986611366 0.07987300306558609 
v 0.902205228805542 0.03763988986611366 0.08074743300676346 
v -0.17027844488620758 0.03763988986611366 0.04446844756603241 
v -0.17027844488620758 -0.03764000162482262 0.04446844756603241 
v -0.15050646662712097 0.03763988986611366 0.08255457878112793 
v -0.15050646662712097 -0.03764000162482262 0.08255457878112793 
v 0.439334899187088 -0.03764000162482262 0.07526769489049911 
v 0.4381243586540222 -0.03764000162482262 0.07301361113786697 
v 0.4401867389678955 -0.03764000162482262 0.07645302265882492 
v 0.4364655017852783 -0.03764000162482262 0.06780591607093811 
v 0.44520819187164307 -0.03764000162482262 0.08094175159931183 
v 0.480358362197876 -0.03764000162482262 0.08379820734262466 
v 0.4583895206451416 -0.03764000162482262 0.08490581810474396 
v 0.46941879391670227 -0.03764000162482262 0.08519729226827621 
v 0.4640386402606964 -0.03764000162482262 0.08525558561086655 
v 0.466459721326828 -0.03764000162482262 0.0704486295580864 
v 0.4688359200954437 -0.03764000162482262 0.07068181037902832 
v 0.4713018238544464 -0.03764000162482262 0.0707012414932251 
v 0.4759197533130646 -0.03764000162482262 0.0702737420797348 
v 0.480358362197876 -0.03764000162482262 0.06924386322498322 
v 0.46421799063682556 -0.03764000162482262 0.06998226791620255 
v 0.46229010820388794 -0.03764000162482262 0.06930215656757355 
v 0.4611244201660156 -0.03764000162482262 0.06873863935470581 
v 0.4600483775138855 -0.03764000162482262 0.06809739768505096 
v 0.4591068625450134 -0.03764000162482262 0.06732012331485748 
v 0.458299845457077 -0.03764000162482262 0.06652342528104782 
v 0.4576721787452698 -0.03764000162482262 0.06576558947563171 
v 0.45708930492401123 -0.03764000162482262 0.06489116698503494 
v 0.45659613609313965 -0.03764000162482262 0.06390015035867691 
v 0.45614778995513916 -0.03764000162482262 0.0628119707107544 
v 0.455564945936203 -0.03764000162482262 0.060927096754312515 
v 0.4551165997982025 -0.03764000162482262 0.058789610862731934 
v 0.43588265776634216 -0.03764000162482262 0.04271959513425827 
v 0.4360619783401489 -0.03764000162482262 0.06481343507766724 
v 0.43588265776634216 -0.03764000162482262 0.05377623066306114 
v 0.45462343096733093 -0.03764000162482262 0.05377623066306114 
v 0.43588265776634216 -0.03764000162482262 0.009588546119630337 
v 0.45457857847213745 -0.03764000162482262 0.044565606862306595 
v 0.43588265776634216 -0.03764000162482262 -0.0014680915046483278 
v 0.43588265776634216 -0.03764000162482262 -0.01600300334393978 
v 0.41817307472229004 -0.03764000162482262 -0.0014680915046483278 
v 0.41817307472229004 -0.03764000162482262 -0.01600300334393978 
v 0.45457857847213745 -0.03764000162482262 -0.01600300334393978 
v 0.43588265776634216 -0.03764000162482262 -0.0392821803689003 
v 0.45457857847213745 -0.03764000162482262 -0.05092176795005798 
v 0.30294865369796753 -0.03764000162482262 -0.016236184164881706 
v 0.299361914396286 -0.03764000162482262 -0.017207767814397812 
v 0.29550614953041077 -0.03764000162482262 -0.01788787730038166 
v 0.25224095582962036 -0.03764000162482262 0.00387562601827085 
v 0.2533169686794281 -0.03764000162482262 0.00016417130245827138 
v 0.25484132766723633 -0.03764000162482262 -0.0032558077946305275 
v 0.256903737783432 -0.03764000162482262 -0.006442606914788485 
v 0.2581591010093689 -0.03764000162482262 -0.007919415831565857 
v 0.9001428484916687 -0.03764000162482262 0.08148583769798279 
v 0.902205228805542 -0.03764000162482262 0.08074743300676346 
v 0.9041779637336731 -0.03764000162482262 0.07987300306558609 
v 0.48201724886894226 0.03763988986611366 -0.01600300334393978 
v 0.48201724886894226 -0.03764000162482262 -0.01600300334393978 
v 0.45457857847213745 0.03763988986611366 -0.01600300334393978 
v 0.45457857847213745 -0.03764000162482262 -0.01600300334393978 
v 0.9661390781402588 0.03763988986611366 0.02670787274837494 
v 0.9641664028167725 0.03763988986611366 0.024395501241087914 
v 0.9613417983055115 0.03763988986611366 0.01959587074816227 
v 0.9625971913337708 0.03763988986611366 0.022044265642762184 
v 0.9596829414367676 0.03763988986611366 0.014271585270762444 
v 0.9603554606437683 0.03763988986611366 0.016992023214697838 
v 0.4410834312438965 -0.03764000162482262 0.07756063342094421 
v 0.44206979870796204 -0.03764000162482262 0.07857108116149902 
v 0.4430561661720276 -0.03764000162482262 0.07942607253789902 
v 0.9947882890701294 0.03763988986611366 -0.01829594373703003 
v 0.9892287850379944 0.03763988986611366 -0.01808219589293003 
v 1.0003477334976196 0.03763988986611366 -0.01796560548245907 
v 0.9782892465591431 0.03763988986611366 -0.015964139252901077 
v 0.9731332659721375 0.03763988986611366 -0.013807221315801144 
v 0.9707121849060059 0.03763988986611366 -0.012408138252794743 
v 1.004338026046753 0.03763988986611366 -0.0023230863735079765 
v 1.0085524320602417 0.03763988986611366 -0.001098889159038663 
v 1.0127220153808594 0.03763988986611366 0.0003973516868427396 
v 1.0168019533157349 0.03763988986611366 0.002087909495458007 
v 1.0113321542739868 0.03763988986611366 -0.015925277024507523 
v 1.0059071779251099 0.03763988986611366 -0.01709117740392685 
v 0.593296229839325 -0.03764000162482262 0.08296264708042145 
v 0.593296229839325 0.03763988986611366 0.08296264708042145 
v 0.593296229839325 -0.03764000162482262 -0.01600300334393978 
v 0.593296229839325 0.03763988986611366 -0.01600300334393978 
v 0.45260587334632874 0.03763988986611366 0.08389536291360855 
v 0.45005032420158386 0.03763988986611366 0.08313752710819244 
v 0.44771891832351685 0.03763988986611366 0.08222424238920212 
v 0.9999890923500061 0.03763988986611366 -0.003236376214772463 
v 0.9956401586532593 0.03763988986611366 -0.0036833053454756737 
v 0.9935328960418701 0.03763988986611366 -0.0037221687380224466 
v 0.9912015199661255 0.03763988986611366 -0.003566715167835355 
v 0.9890046119689941 0.03763988986611366 -0.00319751282222569 
v 0.9868974089622498 0.03763988986611366 -0.002614561701193452 
v 0.9848350286483765 0.03763988986611366 -0.0017984304577112198 
v 0.9829071760177612 0.03763988986611366 -0.0007296868716366589 
v 0.9819207787513733 0.03763988986611366 -0.00006900909647811204 
v 0.9810689687728882 0.03763988986611366 0.0006305321003310382 
v 0.9802619218826294 0.03763988986611366 0.0013883684296160936 
v 0.9795894026756287 0.03763988986611366 0.002146204700693488 
v 0.978961706161499 0.03763988986611366 0.0030789263546466827 
v 0.9786927103996277 0.03763988986611366 0.0035647188778966665 
v 0.9784685373306274 0.03763988986611366 0.00405051140114665 
v 0.9782892465591431 0.03763988986611366 0.004575167316943407 
v 0.9781098961830139 0.03763988986611366 0.005099823232740164 
v 0.978020191192627 0.03763988986611366 0.0056244791485369205 
v 0.9779305458068848 0.03763988986611366 0.006187998224049807 
v 0.9779305458068848 0.03763988986611366 0.007256741635501385 
v 0.9780650734901428 0.03763988986611366 0.00836434867233038 
v 0.4360619783401489 0.03763988986611366 0.06481343507766724 
v 0.43588265776634216 0.03763988986611366 0.05377623066306114 
v 0.29115721583366394 -0.03764000162482262 0.0666205883026123 
v 0.28985700011253357 -0.03764000162482262 0.06759217381477356 
v 0.288467139005661 -0.03764000162482262 0.06846659630537033 
v 0.2869876027107239 -0.03764000162482262 0.06918556988239288 
v 0.28546324372291565 -0.03764000162482262 0.06978794932365417 
v 0.28389403223991394 -0.03764000162482262 0.07023487985134125 
v 0.28227999806404114 -0.03764000162482262 0.07054578512907028 
v 0.28066596388816833 -0.03764000162482262 0.07068181037902832 
v 0.27900707721710205 -0.03764000162482262 0.07068181037902832 
v 0.27820006012916565 -0.03764000162482262 0.07060408592224121 
v 0.27739304304122925 -0.03764000162482262 0.07042919844388962 
v 0.27658602595329285 -0.03764000162482262 0.07019601762294769 
v 0.275868684053421 -0.03764000162482262 0.06990454345941544 
v 0.2751064896583557 -0.03764000162482262 0.06953533738851547 
v 0.2743891477584839 -0.03764000162482262 0.069088414311409 
v 0.27376145124435425 -0.03764000162482262 0.06862205266952515 
v 0.273133784532547 -0.03764000162482262 0.06809739768505096 
v 0.2719680964946747 -0.03764000162482262 0.06689263135194778 
v 0.07025811821222305 0.03763988986611366 -0.12260530889034271 
v 0.05761481449007988 0.03763988986611366 -0.13783976435661316 
v 0.755058765411377 -0.03764000162482262 -0.01600300334393978 
v 0.7737547159194946 -0.03764000162482262 -0.01600300334393978 
v 0.7737547159194946 -0.03764000162482262 0.005216413177549839 
v 0.7776104211807251 -0.03764000162482262 -0.0021870643831789494 
v 0.04362648352980614 -0.03764000162482262 0.09021066874265671 
v 0.027486098930239677 -0.03764000162482262 0.10163650661706924 
v -0.008695262484252453 -0.03764000162482262 0.11753164231777191 
v -0.01645161397755146 -0.03764000162482262 0.11972741782665253 
v 0.7776104211807251 0.03763988986611366 -0.0021870643831789494 
v 0.7800763249397278 0.03763988986611366 -0.005840224213898182 
v -0.028198227286338806 -0.03764000162482262 -0.18305732309818268 
v -0.00882976595312357 -0.03764000162482262 -0.1789572387933731 
v -0.33625540137290955 -0.03764000162482262 -0.009396225214004517 
v -0.35647571086883545 -0.03764000162482262 0.008578097447752953 
v 0.5594013929367065 0.03763988986611366 -0.009085318073630333 
v 0.5615086555480957 0.03763988986611366 -0.006695218849927187 
v 0.5633468627929688 0.03763988986611366 -0.004169097635895014 
v -0.1904090791940689 -0.03764000162482262 0.1194942444562912 
v -0.17677943408489227 -0.03764000162482262 0.10754374414682388 
v -0.16306009888648987 -0.03764000162482262 0.09561268240213394 
v -0.15050646662712097 -0.03764000162482262 0.08255457878112793 
v -0.131362184882164 -0.03764000162482262 0.006906971335411072 
v -0.14283978939056396 -0.03764000162482262 -0.010834170505404472 
v -0.14369164407253265 -0.03764000162482262 0.020081663504242897 
v -0.15696261823177338 -0.03764000162482262 0.03232363611459732 
v 0.15952341258525848 -0.03764000162482262 -0.060501597821712494 
v 0.15952341258525848 0.03763988986611366 -0.060501597821712494 
v 0.23645924031734467 -0.03764000162482262 -0.060501597821712494 
v 0.23645924031734467 0.03763988986611366 -0.060501597821712494 
v 0.8724352121353149 -0.03764000162482262 -0.012466433458030224 
v 0.8742285966873169 -0.03764000162482262 -0.013710062950849533 
v 0.9350240230560303 0.03763988986611366 0.10023742914199829 
v 0.9336789846420288 0.03763988986611366 0.10478444397449493 
v 0.9308992624282837 0.03763988986611366 0.11076940596103668 
v 0.931930422782898 0.03763988986611366 0.1088845357298851 
v 0.9282988905906677 0.03763988986611366 0.114403136074543 
v 0.9297335743904114 0.03763988986611366 0.11255712062120438 
v 0.44771891832351685 -0.03764000162482262 0.08222424238920212 
v 0.45005032420158386 -0.03764000162482262 0.08313752710819244 
v 0.45260587334632874 -0.03764000162482262 0.08389536291360855 
v 0.058242496103048325 0.03763988986611366 0.07684165984392166 
v 0.07115480303764343 0.03763988986611366 0.06184038892388344 
v 0.9115756154060364 -0.03764000162482262 0.057837456464767456 
v 0.9102754592895508 -0.03764000162482262 0.06001380831003189 
v 0.9088407158851624 -0.03764000162482262 0.0619569756090641 
v 0.9070922136306763 -0.03764000162482262 0.06384184956550598 
v 0.9052540063858032 -0.03764000162482262 0.06539639085531235 
v 0.9041779637336731 -0.03764000162482262 0.0661153644323349 
v 0.903101921081543 -0.03764000162482262 0.06671774387359619 
v 0.9019810557365417 -0.03764000162482262 0.06724239885807037 
v 0.9156107306480408 0.03763988986611366 0.06998226791620255 
v 0.916731595993042 0.03763988986611366 0.06811682879924774 
v 0.9143553376197815 0.03763988986611366 0.07175055146217346 
v 0.9113962650299072 0.03763988986611366 0.0749373510479927 
v 0.9129206538200378 0.03763988986611366 0.07342167943716049 
v 0.8693416118621826 0.03763988986611366 0.07563689351081848 
v 0.8710453510284424 0.03763988986611366 0.07705540955066681 
v 0.48201724886894226 -0.03764000162482262 -0.01600300334393978 
v 0.45457857847213745 -0.03764000162482262 -0.0014680915046483278 
v 0.48201724886894226 -0.03764000162482262 -0.0014680915046483278 
v 0.668349027633667 0.03763988986611366 -0.00036048461333848536 
v 0.6693801879882812 0.03763988986611366 0.003584150457754731 
v 0.670052707195282 0.03763988986611366 0.0078008295968174934 
v 0.6704114079475403 0.03763988986611366 0.016156461089849472 
v 0.18028172850608826 0.03763988986611366 0.000008717700438864995 
v 0.18028172850608826 -0.03764000162482262 0.000008717700438864995 
v 0.18028172850608826 0.03763988986611366 -0.043868061155080795 
v 0.18028172850608826 -0.03764000162482262 -0.043868061155080795 
v 0.41817307472229004 -0.03764000162482262 -0.0014680915046483278 
v 0.41817307472229004 0.03763988986611366 -0.0014680915046483278 
v 0.41817307472229004 -0.03764000162482262 -0.01600300334393978 
v 0.41817307472229004 0.03763988986611366 -0.01600300334393978 
v 1.0029481649398804 0.03763988986611366 0.027660027146339417 
v 0.9976576566696167 0.03763988986611366 0.024531522765755653 
v 1.0081489086151123 0.03763988986611366 0.031002279371023178 
v 0.9922775626182556 0.03763988986611366 0.021422451362013817 
v 0.9885563254356384 0.03763988986611366 0.019090646877884865 
v 1.0151879787445068 0.03763988986611366 0.03640429303050041 
v 1.0131703615188599 0.03763988986611366 0.03465544059872627 
v 0.8559809923171997 0.03763988986611366 0.030963415279984474 
v 0.856115460395813 0.03763988986611366 0.026610715314745903 
v 0.8564741611480713 0.03763988986611366 0.022258013486862183 
v -0.42283061146736145 -0.03764000162482262 -0.2823338806629181 
v -0.42283061146736145 0.03763988986611366 -0.2823338806629181 
v -0.4178091585636139 -0.03764000162482262 -0.28890180587768555 
v -0.4178091585636139 0.03763988986611366 -0.28890180587768555 
v -0.41233935952186584 -0.03764000162482262 -0.2950616478919983 
v -0.41233935952186584 0.03763988986611366 -0.2950616478919983 
v -0.40023407340049744 -0.03764000162482262 -0.3062542974948883 
v -0.40023407340049744 0.03763988986611366 -0.3062542974948883 
v -0.3865595757961273 -0.03764000162482262 -0.31587299704551697 
v -0.3865595757961273 0.03763988986611366 -0.31587299704551697 
v -0.37145039439201355 -0.03764000162482262 -0.32395657896995544 
v -0.37145039439201355 0.03763988986611366 -0.32395657896995544 
v -0.3567895293235779 -0.03764000162482262 -0.3298638164997101 
v -0.3567895293235779 0.03763988986611366 -0.3298638164997101 
v -0.34114232659339905 -0.03764000162482262 -0.3345857262611389 
v -0.34114232659339905 0.03763988986611366 -0.3345857262611389 
v -0.32446393370628357 -0.03764000162482262 -0.338083416223526 
v -0.32446393370628357 0.03763988986611366 -0.338083416223526 
v -0.3069337010383606 -0.03764000162482262 -0.34039580821990967 
v -0.3069337010383606 0.03763988986611366 -0.34039580821990967 
v -0.2746529281139374 -0.03764000162482262 -0.34161999821662903 
v -0.2746529281139374 0.03763988986611366 -0.34161999821662903 
v -0.2402200996875763 -0.03764000162482262 -0.3393464982509613 
v -0.2402200996875763 0.03763988986611366 -0.3393464982509613 
v -0.20798416435718536 -0.03764000162482262 -0.3344302773475647 
v -0.20798416435718536 0.03763988986611366 -0.3344302773475647 
v -0.17458254098892212 -0.03764000162482262 -0.3267936110496521 
v -0.17458254098892212 0.03763988986611366 -0.3267936110496521 
v -0.11105220019817352 -0.03764000162482262 -0.30594339966773987 
v -0.11105220019817352 0.03763988986611366 -0.30594339966773987 
v -0.05012224614620209 -0.03764000162482262 -0.27854469418525696 
v -0.05012224614620209 0.03763988986611366 -0.27854469418525696 
v 0.00811763759702444 -0.03764000162482262 -0.2456662654876709 
v 0.00811763759702444 0.03763988986611366 -0.2456662654876709 
v 0.06330878287553787 -0.03764000162482262 -0.20794934034347534 
v 0.06330878287553787 0.03763988986611366 -0.20794934034347534 
v 0.11518218368291855 -0.03764000162482262 -0.16576310992240906 
v 0.11518218368291855 0.03763988986611366 -0.16576310992240906 
v 0.16311015188694 -0.03764000162482262 -0.11916589736938477 
v 0.16311015188694 0.03763988986611366 -0.11916589736938477 
v 0.8133882880210876 -0.03764000162482262 -0.017382653430104256 
v 0.8114155530929565 -0.03764000162482262 -0.017810150980949402 
v 0.8093980550765991 -0.03764000162482262 -0.018101627007126808 
v 1.0230787992477417 0.03763988986611366 0.05626348778605461 
v 1.0228993892669678 0.03763988986611366 0.05943085625767708 
v 1.0224511623382568 0.03763988986611366 0.06242333725094795 
v 0.593296229839325 -0.03764000162482262 -0.01600300334393978 
v 0.593296229839325 0.03763988986611366 -0.01600300334393978 
v 0.6119921803474426 -0.03764000162482262 -0.01600300334393978 
v 0.6119921803474426 0.03763988986611366 -0.01600300334393978 
v 0.8638718128204346 0.03763988986611366 -0.002653425093740225 
v 0.8618542551994324 0.03763988986611366 0.001194051350466907 
v 0.8662928938865662 0.03763988986611366 -0.0062871528789401054 
v 0.8691174387931824 0.03763988986611366 -0.009590541943907738 
v 0.858850359916687 0.03763988986611366 0.009394228458404541 
v 0.8578191995620728 0.03763988986611366 0.013630338944494724 
v 0.5126391649246216 0.03763988986611366 0.026202648878097534 
v 0.5126391649246216 -0.03764000162482262 0.026202648878097534 
v 0.5699823498725891 0.03763988986611366 0.026202648878097534 
v 0.5699823498725891 -0.03764000162482262 0.026202648878097534 
v 0.8843163251876831 0.03763988986611366 -0.017674129456281662 
v 0.8821642398834229 0.03763988986611366 -0.017188336700201035 
v 0.2711610496044159 0.03763988986611366 0.011453988961875439 
v 0.2711610496044159 -0.03764000162482262 0.011453988961875439 
v 0.27125072479248047 0.03763988986611366 0.009433092549443245 
v 0.27125072479248047 -0.03764000162482262 0.009433092549443245 
v 0.2716093957424164 0.03763988986611366 0.0074316272512078285 
v 0.2716093957424164 -0.03764000162482262 0.0074316272512078285 
v 0.27214741706848145 0.03763988986611366 0.005488457158207893 
v 0.27214741706848145 -0.03764000162482262 0.005488457158207893 
v 0.27299928665161133 0.03763988986611366 0.0036424456629902124 
v 0.27299928665161133 -0.03764000162482262 0.0036424456629902124 
v 0.27412012219429016 0.03763988986611366 0.0019130243454128504 
v 0.27412012219429016 -0.03764000162482262 0.0019130243454128504 
v 0.27542033791542053 0.03763988986611366 0.0003584882942959666 
v 0.27542033791542053 -0.03764000162482262 0.0003584882942959666 
v 0.27613767981529236 0.03763988986611366 -0.0003410528879612684 
v 0.27613767981529236 -0.03764000162482262 -0.0003410528879612684 
v 0.27694469690322876 0.03763988986611366 -0.0009628672851249576 
v 0.27694469690322876 -0.03764000162482262 -0.0009628672851249576 
v 0.27775171399116516 0.03763988986611366 -0.0015263865934684873 
v 0.27775171399116516 -0.03764000162482262 -0.0015263865934684873 
v 0.27864840626716614 0.03763988986611366 -0.0020121790003031492 
v 0.27864840626716614 -0.03764000162482262 -0.0020121790003031492 
v 0.2795899212360382 0.03763988986611366 -0.0024396765511482954 
v 0.2795899212360382 -0.03764000162482262 -0.0024396765511482954 
v 0.28053146600723267 0.03763988986611366 -0.002789447084069252 
v 0.28053146600723267 -0.03764000162482262 -0.002789447084069252 
v 0.2825041711330414 0.03763988986611366 -0.0033141029998660088 
v 0.2825041711330414 -0.03764000162482262 -0.0033141029998660088 
v 0.2845216989517212 0.03763988986611366 -0.0036055785603821278 
v 0.2845216989517212 -0.03764000162482262 -0.0036055785603821278 
v 0.2865392565727234 0.03763988986611366 -0.0037221687380224466 
v 0.2865392565727234 -0.03764000162482262 -0.0037221687380224466 
v 0.2885568141937256 0.03763988986611366 -0.0036638735327869654 
v 0.2885568141937256 -0.03764000162482262 -0.0036638735327869654 
v 0.2905743718147278 0.03763988986611366 -0.0034306931775063276 
v 0.2905743718147278 -0.03764000162482262 -0.0034306931775063276 
v 0.2925470769405365 0.03763988986611366 -0.002964332466945052 
v 0.2925470769405365 -0.03764000162482262 -0.002964332466945052 
v 0.2944749593734741 0.03763988986611366 -0.0022647911682724953 
v 0.2944749593734741 -0.03764000162482262 -0.0022647911682724953 
v 0.2953716516494751 0.03763988986611366 -0.0018178621539846063 
v 0.2953716516494751 -0.03764000162482262 -0.0018178621539846063 
v 0.2962683141231537 0.03763988986611366 -0.0012932062381878495 
v 0.2962683141231537 -0.03764000162482262 -0.0012932062381878495 
v 0.29712018370628357 0.03763988986611366 -0.0007102551753632724 
v 0.29712018370628357 -0.03764000162482262 -0.0007102551753632724 
v 0.2978823781013489 0.03763988986611366 -0.00006900909647811204 
v 0.2978823781013489 -0.03764000162482262 -0.00006900909647811204 
v 0.2985548675060272 0.03763988986611366 0.0006305321003310382 
v 0.2985548675060272 -0.03764000162482262 0.0006305321003310382 
v 0.29922738671302795 0.03763988986611366 0.001446663518436253 
v 0.29922738671302795 -0.03764000162482262 0.001446663518436253 
v 0.299765408039093 0.03763988986611366 0.002262794878333807 
v 0.299765408039093 -0.03764000162482262 0.002262794878333807 
v 0.3002585768699646 0.03763988986611366 0.0031566531397402287 
v 0.3002585768699646 -0.03764000162482262 0.0031566531397402287 
v 0.3011104464530945 0.03763988986611366 0.005022096447646618 
v 0.3011104464530945 -0.03764000162482262 0.005022096447646618 
v 0.30169329047203064 0.03763988986611366 0.006965266074985266 
v 0.30169329047203064 -0.03764000162482262 0.006965266074985266 
v 0.30214163661003113 0.03763988986611366 0.008947299793362617 
v 0.30214163661003113 -0.03764000162482262 0.008947299793362617 
v -0.42283061146736145 0.03763988986611366 -0.2823338806629181 
v -0.42283061146736145 -0.03764000162482262 -0.2823338806629181 
v -0.42807623744010925 0.03763988986611366 -0.2741920053958893 
v -0.42807623744010925 -0.03764000162482262 -0.2741920053958893 
v -0.4326941967010498 0.03763988986611366 -0.26564204692840576 
v -0.4326941967010498 -0.03764000162482262 -0.26564204692840576 
v -0.43654993176460266 0.03763988986611366 -0.25682005286216736 
v -0.43654993176460266 -0.03764000162482262 -0.25682005286216736 
v -0.43977802991867065 0.03763988986611366 -0.2476094365119934 
v -0.43977802991867065 -0.03764000162482262 -0.2476094365119934 
v -0.44228875637054443 0.03763988986611366 -0.23832108080387115 
v -0.44228875637054443 -0.03764000162482262 -0.23832108080387115 
v -0.4441717863082886 0.03763988986611366 -0.2287023961544037 
v -0.4441717863082886 -0.03764000162482262 -0.2287023961544037 
v -0.4460099935531616 0.03763988986611366 -0.20940671861171722 
v -0.4460099935531616 -0.03764000162482262 -0.20940671861171722 
v -0.4456513226032257 0.03763988986611366 -0.1899944394826889 
v -0.4456513226032257 -0.03764000162482262 -0.1899944394826889 
v -0.4433647692203522 0.03763988986611366 -0.170737624168396 
v -0.4433647692203522 -0.03764000162482262 -0.170737624168396 
v -0.43941932916641235 0.03763988986611366 -0.1517334282398224 
v -0.43941932916641235 -0.03764000162482262 -0.1517334282398224 
v -0.4340392053127289 0.03763988986611366 -0.13309842348098755 
v -0.4340392053127289 -0.03764000162482262 -0.13309842348098755 
v -0.427448570728302 0.03763988986611366 -0.11485206335783005 
v -0.427448570728302 -0.03764000162482262 -0.11485206335783005 
v 0.5699823498725891 0.03763988986611366 0.026202648878097534 
v 0.5699823498725891 -0.03764000162482262 0.026202648878097534 
v 0.5699823498725891 0.03763988986611366 0.019887346774339676 
v 0.5699823498725891 -0.03764000162482262 0.019887346774339676 
v 0.5695340037345886 0.03763988986611366 0.013572044670581818 
v 0.5695340037345886 -0.03764000162482262 0.013572044670581818 
v 0.5683683156967163 0.03763988986611366 0.007373332045972347 
v 0.5683683156967163 -0.03764000162482262 0.007373332045972347 
v 0.5676957964897156 0.03763988986611366 0.005002664402127266 
v 0.5676957964897156 -0.03764000162482262 0.005002664402127266 
v 0.5674716234207153 -0.03764000162482262 0.004303123336285353 
v 0.5674716234207153 0.03763988986611366 0.004303123336285353 
v 0.5663507580757141 0.03763988986611366 0.0013883684296160936 
v 0.5663507580757141 -0.03764000162482262 0.0013883684296160936 
v 0.5649608969688416 0.03763988986611366 -0.0014875232009217143 
v 0.5649608969688416 -0.03764000162482262 -0.0014875232009217143 
v 0.5633468627929688 0.03763988986611366 -0.004169097635895014 
v 0.5633468627929688 -0.03764000162482262 -0.004169097635895014 
v 0.5615086555480957 0.03763988986611366 -0.006695218849927187 
v 0.5615086555480957 -0.03764000162482262 -0.006695218849927187 
v 0.5594013929367065 0.03763988986611366 -0.009085318073630333 
v 0.5594013929367065 -0.03764000162482262 -0.009085318073630333 
v 0.5570700168609619 0.03763988986611366 -0.011203372851014137 
v 0.5570700168609619 -0.03764000162482262 -0.011203372851014137 
v 0.554514467716217 0.03763988986611366 -0.013049384579062462 
v 0.554514467716217 -0.03764000162482262 -0.013049384579062462 
v 0.551779568195343 0.03763988986611366 -0.01460392028093338 
v 0.551779568195343 -0.03764000162482262 -0.01460392028093338 
v 0.5488653182983398 0.03763988986611366 -0.01588641293346882 
v 0.5488653182983398 -0.03764000162482262 -0.01588641293346882 
v 0.5459062457084656 0.03763988986611366 -0.016838565468788147 
v 0.5459062457084656 -0.03764000162482262 -0.016838565468788147 
v 0.5427678823471069 0.03763988986611366 -0.0175575390458107 
v 0.5427678823471069 -0.03764000162482262 -0.0175575390458107 
v 0.5397191047668457 0.03763988986611366 -0.018004467710852623 
v 0.5397191047668457 -0.03764000162482262 -0.018004467710852623 
v 0.5364910364151001 0.03763988986611366 -0.018257079645991325 
v 0.5364910364151001 -0.03764000162482262 -0.018257079645991325 
v 0.530214250087738 0.03763988986611366 -0.01815992221236229 
v 0.530214250087738 -0.03764000162482262 -0.01815992221236229 
v 0.5239374041557312 0.03763988986611366 -0.017246631905436516 
v 0.5239374041557312 -0.03764000162482262 -0.017246631905436516 
v 0.5208438634872437 0.03763988986611366 -0.016449932008981705 
v 0.5208438634872437 -0.03764000162482262 -0.016449932008981705 
v 0.5178847908973694 0.03763988986611366 -0.01543948333710432 
v 0.5178847908973694 -0.03764000162482262 -0.01543948333710432 
v 0.5150153636932373 0.03763988986611366 -0.014156991615891457 
v 0.5150153636932373 -0.03764000162482262 -0.014156991615891457 
v 0.5122356414794922 0.03763988986611366 -0.012621887028217316 
v 0.5122356414794922 -0.03764000162482262 -0.012621887028217316 
v 0.5095007419586182 0.03763988986611366 -0.010775876231491566 
v 0.5095007419586182 -0.03764000162482262 -0.010775876231491566 
v 0.5071693658828735 0.03763988986611366 -0.00887156929820776 
v 0.5071693658828735 -0.03764000162482262 -0.00887156929820776 
v 0.5049276351928711 0.03763988986611366 -0.00665635522454977 
v 0.5049276351928711 -0.03764000162482262 -0.00665635522454977 
v 0.5029100775718689 0.03763988986611366 -0.00424682442098856 
v 0.5029100775718689 -0.03764000162482262 -0.00424682442098856 
v 0.5011166930198669 0.03763988986611366 -0.0016624084673821926 
v 0.5011166930198669 -0.03764000162482262 -0.0016624084673821926 
v 0.49950265884399414 0.03763988986611366 0.0010968928690999746 
v 0.49950265884399414 -0.03764000162482262 0.0010968928690999746 
v 0.49820247292518616 0.03763988986611366 0.003914489410817623 
v 0.49820247292518616 -0.03764000162482262 0.003914489410817623 
v 0.49775412678718567 0.03763988986611366 0.005002664402127266 
v 0.49775412678718567 -0.03764000162482262 0.005002664402127266 
v 0.49703675508499146 -0.03764000162482262 0.006906971335411072 
v 0.49703675508499146 0.03763988986611366 0.006906971335411072 
v 0.49537789821624756 0.03763988986611366 0.013008524663746357 
v 0.49537789821624756 -0.03764000162482262 0.013008524663746357 
v 0.494391530752182 0.03763988986611366 0.019226668402552605 
v 0.494391530752182 -0.03764000162482262 0.019226668402552605 
v 0.4938983619213104 0.03763988986611366 0.025522539392113686 
v 0.4938983619213104 -0.03764000162482262 0.025522539392113686 
v 0.4938983619213104 0.03763988986611366 0.03185727447271347 
v 0.4938983619213104 -0.03764000162482262 0.03185727447271347 
v 0.49425703287124634 0.03763988986611366 0.03815314546227455 
v 0.49425703287124634 -0.03764000162482262 0.03815314546227455 
v 0.49501922726631165 0.03763988986611366 0.044429585337638855 
v 0.49501922726631165 -0.03764000162482262 0.044429585337638855 
v 0.49631941318511963 0.03763988986611366 0.05062829703092575 
v 0.49631941318511963 -0.03764000162482262 0.05062829703092575 
v 0.4981576204299927 0.03763988986611366 0.05665212497115135 
v 0.4981576204299927 -0.03764000162482262 0.05665212497115135 
v 0.5007131695747375 0.03763988986611366 0.06244276836514473 
v 0.5007131695747375 -0.03764000162482262 0.06244276836514473 
v 0.5022375583648682 0.03763988986611366 0.06522150337696075 
v 0.5022375583648682 -0.03764000162482262 0.06522150337696075 
v 0.503986120223999 0.03763988986611366 0.06782534718513489 
v 0.503986120223999 -0.03764000162482262 0.06782534718513489 
v 0.5059139728546143 0.03763988986611366 0.07029317319393158 
v 0.5059139728546143 -0.03764000162482262 0.07029317319393158 
v 0.5080660581588745 0.03763988986611366 0.07266384363174438 
v 0.5080660581588745 -0.03764000162482262 0.07266384363174438 
v 0.510352611541748 0.03763988986611366 0.07482076436281204 
v 0.510352611541748 -0.03764000162482262 0.07482076436281204 
v 0.512818455696106 0.03763988986611366 0.07678336650133133 
v 0.512818455696106 -0.03764000162482262 0.07678336650133133 
v 0.5154188871383667 0.03763988986611366 0.07853221893310547 
v 0.5154188871383667 -0.03764000162482262 0.07853221893310547 
v 0.5181986093521118 0.03763988986611366 0.08006732165813446 
v 0.5181986093521118 -0.03764000162482262 0.08006732165813446 
v 0.5210680365562439 0.03763988986611366 0.0813886746764183 
v 0.5210680365562439 -0.03764000162482262 0.0813886746764183 
v 0.5240270495414734 0.03763988986611366 0.0824962854385376 
v 0.5240270495414734 -0.03764000162482262 0.0824962854385376 
v 0.5301693677902222 0.03763988986611366 0.08408968150615692 
v 0.5301693677902222 -0.03764000162482262 0.08408968150615692 
v 0.5364013910293579 0.03763988986611366 0.08498354256153107 
v 0.5364013910293579 -0.03764000162482262 0.08498354256153107 
v 0.5427230000495911 0.03763988986611366 0.08527501672506332 
v 0.5427230000495911 -0.03764000162482262 0.08527501672506332 
v 0.549044668674469 0.03763988986611366 0.08506126701831818 
v 0.549044668674469 -0.03764000162482262 0.08506126701831818 
v 0.5553215146064758 0.03763988986611366 0.0843617245554924 
v 0.5553215146064758 -0.03764000162482262 0.0843617245554924 
v 0.5615086555480957 0.03763988986611366 0.08321525901556015 
v 0.5615086555480957 -0.03764000162482262 0.08321525901556015 
v 0.5676957964897156 0.03763988986611366 0.08191332966089249 
v 0.9922775626182556 -0.03764000162482262 0.021422451362013817 
v 0.9922775626182556 0.03763988986611366 0.021422451362013817 
v 0.9976576566696167 -0.03764000162482262 0.024531522765755653 
v 0.9976576566696167 0.03763988986611366 0.024531522765755653 
v 1.0029481649398804 -0.03764000162482262 0.027660027146339417 
v 1.0029481649398804 0.03763988986611366 0.027660027146339417 
v 1.0081489086151123 -0.03764000162482262 0.031002279371023178 
v 1.0081489086151123 0.03763988986611366 0.031002279371023178 
v 1.0131703615188599 -0.03764000162482262 0.03465544059872627 
v 1.0131703615188599 0.03763988986611366 0.03465544059872627 
v 1.0151879787445068 -0.03764000162482262 0.03640429303050041 
v 1.0151879787445068 0.03763988986611366 0.03640429303050041 
v 1.0175641775131226 -0.03764000162482262 0.038988709449768066 
v 1.0175641775131226 0.03763988986611366 0.038988709449768066 
v 1.0193575620651245 -0.03764000162482262 0.04153425991535187 
v 1.0193575620651245 0.03763988986611366 0.04153425991535187 
v 1.0207922458648682 -0.03764000162482262 0.044235266745090485 
v 1.0207922458648682 0.03763988986611366 0.044235266745090485 
v 1.0218682289123535 -0.03764000162482262 0.04709172621369362 
v 1.0218682289123535 0.03763988986611366 0.04709172621369362 
v 1.0226304531097412 -0.03764000162482262 0.050123073160648346 
v 1.0226304531097412 0.03763988986611366 0.050123073160648346 
v 1.0229891538619995 -0.03764000162482262 0.05309612303972244 
v 1.0229891538619995 0.03763988986611366 0.05309612303972244 
v 1.0230787992477417 -0.03764000162482262 0.05626348778605461 
v 1.0230787992477417 0.03763988986611366 0.05626348778605461 
v 1.0228993892669678 -0.03764000162482262 0.05943085625767708 
v 1.0228993892669678 0.03763988986611366 0.05943085625767708 
v 1.0224511623382568 -0.03764000162482262 0.06242333725094795 
v 1.0224511623382568 0.03763988986611366 0.06242333725094795 
v 1.0216889381408691 -0.03764000162482262 0.06547411531209946 
v 1.0216889381408691 0.03763988986611366 0.06547411531209946 
v 1.0206577777862549 -0.03764000162482262 0.06831113994121552 
v 1.0206577777862549 0.03763988986611366 0.06831113994121552 
v 1.0192229747772217 -0.03764000162482262 0.07107044756412506 
v 1.0192229747772217 0.03763988986611366 0.07107044756412506 
v 1.0174745321273804 -0.03764000162482262 0.07359656691551208 
v 1.0174745321273804 0.03763988986611366 0.07359656691551208 
v 1.0153672695159912 -0.03764000162482262 0.07583121210336685 
v 1.0153672695159912 0.03763988986611366 0.07583121210336685 
v 1.0129910707473755 -0.03764000162482262 0.07785210758447647 
v 1.0129910707473755 0.03763988986611366 0.07785210758447647 
v 1.010480284690857 -0.03764000162482262 0.07954266667366028 
v 1.010480284690857 0.03763988986611366 0.07954266667366028 
v 1.0077005624771118 -0.03764000162482262 0.08101947605609894 
v 1.0077005624771118 0.03763988986611366 0.08101947605609894 
v 1.0049208402633667 -0.03764000162482262 0.08222424238920212 
v 1.0049208402633667 0.03763988986611366 0.08222424238920212 
v 1.0019170045852661 -0.03764000162482262 0.08321525901556015 
v 1.0019170045852661 0.03763988986611366 0.08321525901556015 
v 0.9959091544151306 -0.03764000162482262 0.084536612033844 
v 0.9959091544151306 0.03763988986611366 0.084536612033844 
v 0.9897668361663818 -0.03764000162482262 0.08517786115407944 
v 0.9897668361663818 0.03763988986611366 0.08517786115407944 
v 0.983579695224762 -0.03764000162482262 0.08525558561086655 
v 0.983579695224762 0.03763988986611366 0.08525558561086655 
v 0.9773925542831421 -0.03764000162482262 0.08492524921894073 
v 0.9773925542831421 0.03763988986611366 0.08492524921894073 
v 0.9712502360343933 -0.03764000162482262 0.08416741341352463 
v 0.9712502360343933 0.03763988986611366 0.08416741341352463 
v 0.9651975631713867 -0.03764000162482262 0.0829237848520279 
v 0.9651975631713867 0.03763988986611366 0.0829237848520279 
v 0.9592345952987671 -0.03764000162482262 0.0813109502196312 
v 0.9592345952987671 0.03763988986611366 0.0813109502196312 
v 0.9363690614700317 0.03763988986611366 -0.01600300334393978 
v 0.9363690614700317 -0.03764000162482262 -0.01600300334393978 
v 0.9176731109619141 0.03763988986611366 -0.01600300334393978 
v 0.9176731109619141 -0.03764000162482262 -0.01600300334393978 
v 0.2711610496044159 0.03763988986611366 0.011453988961875439 
v 0.27125072479248047 0.03763988986611366 0.009433092549443245 
v 0.2716093957424164 0.03763988986611366 0.0074316272512078285 
v 0.27214741706848145 0.03763988986611366 0.005488457158207893 
v 0.43588265776634216 0.03763988986611366 -0.0392821803689003 
v 0.43588265776634216 -0.03764000162482262 -0.0392821803689003 
v 0.43588265776634216 0.03763988986611366 -0.01600300334393978 
v 0.43588265776634216 -0.03764000162482262 -0.01600300334393978 
v 0.9592345952987671 0.03763988986611366 0.06489116698503494 
v 0.9592345952987671 -0.03764000162482262 0.06489116698503494 
v 0.9592345952987671 0.03763988986611366 0.0813109502196312 
v 0.9592345952987671 -0.03764000162482262 0.0813109502196312 
v -0.20771516859531403 -0.03764000162482262 0.19479207694530487 
v -0.20798416435718536 -0.03764000162482262 0.19461719691753387 
v -0.20798416435718536 -0.03764000162482262 0.19461719691753387 
v -0.20798416435718536 0.03763988986611366 0.19461719691753387 
v -0.1980757713317871 -0.03764000162482262 0.1853482723236084 
v -0.1980757713317871 0.03763988986611366 0.1853482723236084 
v -0.18794319033622742 -0.03764000162482262 0.17633196711540222 
v -0.18794319033622742 0.03763988986611366 0.17633196711540222 
v -0.17807962000370026 -0.03764000162482262 0.1670241802930832 
v -0.17807962000370026 0.03763988986611366 0.1670241802930832 
v -0.16906790435314178 -0.03764000162482262 0.15690025687217712 
v -0.16906790435314178 0.03763988986611366 0.15690025687217712 
v 0.25349631905555725 -0.03764000162482262 0.04176744073629379 
v 0.25479650497436523 -0.03764000162482262 0.0402323380112648 
v -0.41350504755973816 -0.03764000162482262 -0.12039009481668472 
v -0.41350504755973816 0.03763988986611366 -0.12039009481668472 
v -0.427448570728302 -0.03764000162482262 -0.11485206335783005 
v -0.427448570728302 0.03763988986611366 -0.11485206335783005 
v -0.41350504755973816 0.03763988986611366 -0.12039009481668472 
v -0.41350504755973816 -0.03764000162482262 -0.12039009481668472 
v -0.4237721264362335 0.03763988986611366 -0.15097558498382568 
v -0.4237721264362335 -0.03764000162482262 -0.15097558498382568 
v -0.42973512411117554 0.03763988986611366 -0.17979280650615692 
v -0.42973512411117554 -0.03764000162482262 -0.17979280650615692 
v -0.43125948309898376 0.03763988986611366 -0.19623202085494995 
v -0.43125948309898376 -0.03764000162482262 -0.19623202085494995 
v -0.4311698079109192 0.03763988986611366 -0.21193283796310425 
v -0.4311698079109192 -0.03764000162482262 -0.21193283796310425 
v -0.4295109510421753 0.03763988986611366 -0.22685638070106506 
v -0.4295109510421753 -0.03764000162482262 -0.22685638070106506 
v -0.4262828528881073 0.03763988986611366 -0.24098323285579681 
v -0.4262828528881073 -0.03764000162482262 -0.24098323285579681 
v -0.4234583079814911 0.03763988986611366 -0.2493971586227417 
v -0.4234583079814911 -0.03764000162482262 -0.2493971586227417 
v -0.42005088925361633 0.03763988986611366 -0.2574613094329834 
v -0.42005088925361633 -0.03764000162482262 -0.2574613094329834 
v -0.41597095131874084 0.03763988986611366 -0.2651951313018799 
v -0.41597095131874084 -0.03764000162482262 -0.2651951313018799 
v -0.4113081693649292 0.03763988986611366 -0.272579163312912 
v -0.4113081693649292 -0.03764000162482262 -0.272579163312912 
v -0.40296897292137146 0.03763988986611366 -0.2831694483757019 
v -0.40296897292137146 -0.03764000162482262 -0.2831694483757019 
v -0.3935985863208771 0.03763988986611366 -0.29238006472587585 
v -0.3935985863208771 -0.03764000162482262 -0.29238006472587585 
v -0.3818967938423157 0.03763988986611366 -0.3013575077056885 
v -0.3818967938423157 -0.03764000162482262 -0.3013575077056885 
v -0.3688499927520752 0.03763988986611366 -0.3089747428894043 
v -0.3688499927520752 -0.03764000162482262 -0.3089747428894043 
v -0.3545478284358978 0.03763988986611366 -0.3152706027030945 
v -0.3545478284358978 -0.03764000162482262 -0.3152706027030945 
v -0.33912479877471924 0.03763988986611366 -0.3202451169490814 
v -0.33912479877471924 -0.03764000162482262 -0.3202451169490814 
v -0.32491227984428406 0.03763988986611366 -0.3234902322292328 
v -0.32491227984428406 -0.03764000162482262 -0.3234902322292328 
v -0.30998241901397705 0.03763988986611366 -0.3257637321949005 
v -0.30998241901397705 -0.03764000162482262 -0.3257637321949005 
v -0.27797067165374756 0.03763988986611366 -0.3274542987346649 
v -0.27797067165374756 -0.03764000162482262 -0.3274542987346649 
v -0.24811096489429474 0.03763988986611366 -0.3258608877658844 
v -0.24811096489429474 -0.03764000162482262 -0.3258608877658844 
v -0.21659237146377563 0.03763988986611366 -0.3214499056339264 
v -0.21659237146377563 -0.03764000162482262 -0.3214499056339264 
v -0.15669362246990204 0.03763988986611366 -0.30654579401016235 
v -0.15669362246990204 -0.03764000162482262 -0.30654579401016235 
v -0.09885723888874054 0.03763988986611366 -0.2850348949432373 
v -0.09885723888874054 -0.03764000162482262 -0.2850348949432373 
v -0.04326258599758148 0.03763988986611366 -0.2581997215747833 
v -0.04326258599758148 -0.03764000162482262 -0.2581997215747833 
v 0.009866178967058659 0.03763988986611366 -0.22679808735847473 
v 0.009866178967058659 -0.03764000162482262 -0.22679808735847473 
v 0.06039454787969589 0.03763988986611366 -0.1913546621799469 
v 0.06039454787969589 -0.03764000162482262 -0.1913546621799469 
v 0.10800868272781372 0.03763988986611366 -0.1520637720823288 
v 0.10800868272781372 -0.03764000162482262 -0.1520637720823288 
v 0.1521705687046051 0.03763988986611366 -0.10892539471387863 
v 0.1521705687046051 -0.03764000162482262 -0.10892539471387863 
v -0.20493543148040771 -0.03764000162482262 0.15907661616802216 
v -0.20040716230869293 -0.03764000162482262 0.09631222486495972 
v -0.1144147738814354 -0.03764000162482262 -0.028575312346220016 
v -0.20493543148040771 0.03763988986611366 0.15907661616802216 
v -0.014882409945130348 -0.03764000162482262 0.26056838035583496 
v 0.043716151267290115 -0.03764000162482262 0.2799806594848633 
v 0.16584505140781403 -0.03764000162482262 0.29504022002220154 
v 0.28878098726272583 -0.03764000162482262 0.24168077111244202 
v 0.31698182225227356 0.03763988986611366 0.1547239124774933 
v 0.3143814206123352 0.03763988986611366 0.18540656566619873 
v 0.21184514462947845 0.03763988986611366 0.2881808280944824 
v 0.10419775545597076 0.03763988986611366 0.29230034351348877 
v -0.014882409945130348 0.03763988986611366 0.26056838035583496 
v 0.7826318740844727 -0.03764000162482262 -0.00883270613849163 
v 0.7928541302680969 -0.03764000162482262 -0.01586698181927204 
v 0.820920467376709 -0.03764000162482262 -0.013943242840468884 
v 0.8286319971084595 -0.03764000162482262 -0.004266256466507912 
v 0.8322187662124634 -0.03764000162482262 0.016156461089849472 
v 0.8277353048324585 0.03763988986611366 -0.006053972523659468 
v 0.819216787815094 0.03763988986611366 -0.015031417831778526 
v 0.8114155530929565 0.03763988986611366 -0.017810150980949402 
v 0.7968444228172302 0.03763988986611366 -0.017207767814397812 
v 0.7909711003303528 0.03763988986611366 -0.014992554672062397 
v 0.24860936403274536 -0.03764000162482262 0.06485229730606079 
v 0.259504109621048 -0.03764000162482262 0.08123322576284409 
v 0.2669914662837982 -0.03764000162482262 0.08426456898450851 
v 0.28304219245910645 -0.03764000162482262 0.08455604314804077 
v 0.29066401720046997 -0.03764000162482262 0.08179674297571182 
v 0.31859585642814636 -0.03764000162482262 -0.0007491186261177063 
v 0.31617480516433716 -0.03764000162482262 -0.006015109363943338 
v 0.31128785014152527 -0.03764000162482262 -0.011708597652614117 
v 0.26084914803504944 -0.03764000162482262 -0.01054269541054964 
v 0.2558276951313019 -0.03764000162482262 -0.004888070747256279 
v 0.2540343105792999 -0.03764000162482262 -0.0015846816822886467 
v 0.249640554189682 -0.03764000162482262 0.04884057864546776 
v 0.2562312185764313 -0.03764000162482262 0.03877495974302292 
v 0.26282185316085815 -0.03764000162482262 0.03405305743217468 
v 0.24816101789474487 0.03763988986611366 0.06082993745803833 
v 0.2578004002571106 0.03763988986611366 0.08008675277233124 
v 0.2869427800178528 0.03763988986611366 0.08344843983650208 
v 0.2941162884235382 0.03763988986611366 0.07967868447303772 
v 0.30658024549484253 0.03763988986611366 -0.014759373851120472 
v 0.299361914396286 0.03763988986611366 -0.017207767814397812 
v 0.2690538465976715 0.03763988986611366 -0.015225735493004322 
v 0.26237350702285767 0.03763988986611366 -0.011708597652614117 
v 0.25484132766723633 0.03763988986611366 -0.0032558077946305275 
v 0.2516581118106842 0.03763988986611366 0.007548217196017504 
v 0.249640554189682 0.03763988986611366 0.04884057864546776 
v 0.2562312185764313 0.03763988986611366 0.03877495974302292 
v 0.26282185316085815 0.03763988986611366 0.03405305743217468 
v 0.2860012352466583 0.03763988986611366 0.02715480327606201 
v 0.9782892465591431 -0.03764000162482262 -0.015964139252901077 
v 0.9684256315231323 -0.03764000162482262 -0.010795307345688343 
v 0.9598174691200256 -0.03764000162482262 0.0031566531397402287 
v 0.9596829414367676 -0.03764000162482262 0.014271585270762444 
v 0.9679772853851318 -0.03764000162482262 0.028456727042794228 
v 0.9651975631713867 -0.03764000162482262 0.0829237848520279 
v 0.9897668361663818 -0.03764000162482262 0.08517786115407944 
v 1.0129910707473755 -0.03764000162482262 0.07785210758447647 
v 1.0174745321273804 -0.03764000162482262 0.07359656691551208 
v 1.0224511623382568 -0.03764000162482262 0.06242333725094795 
v 1.0131703615188599 -0.03764000162482262 0.03465544059872627 
v 1.0168019533157349 0.03763988986611366 -0.014759373851120472 
v 0.9836693406105042 0.03763988986611366 -0.0173437912017107 
v 0.9756439924240112 0.03763988986611366 -0.014973122626543045 
v 0.962821364402771 0.03763988986611366 -0.004616026766598225 
v 0.9594139456748962 0.03763988986611366 0.005857659503817558 
v 0.9593242406845093 0.03763988986611366 0.01155114732682705 
v 0.9592345952987671 0.03763988986611366 0.06489116698503494 
v 0.9651975631713867 0.03763988986611366 0.0829237848520279 
v 0.9897668361663818 0.03763988986611366 0.08517786115407944 
v 1.0129910707473755 0.03763988986611366 0.07785210758447647 
v 1.0174745321273804 0.03763988986611366 0.07359656691551208 
v 1.0207922458648682 0.03763988986611366 0.044235266745090485 
v 1.0175641775131226 0.03763988986611366 0.038988709449768066 
v -0.17027844488620758 -0.03764000162482262 0.04446844756603241 
v 0.009911013767123222 -0.03764000162482262 -0.17254477739334106 
v 0.02744126319885254 -0.03764000162482262 -0.16337302327156067 
v 0.08119770884513855 -0.03764000162482262 -0.10610779374837875 
v 0.07115480303764343 -0.03764000162482262 0.06184038892388344 
v 0.009911013767123222 -0.03764000162482262 0.11082769930362701 
v -0.1980757713317871 -0.03764000162482262 0.1853482723236084 
v 0.08231856673955917 0.03763988986611366 0.04545946419239044 
v 0.09003008902072906 0.03763988986611366 -0.08838608860969543 
v 0.043312642723321915 0.03763988986611366 -0.1515585482120514 
v -0.00882976595312357 0.03763988986611366 -0.1789572387933731 
v -0.14283978939056396 0.03763988986611366 -0.010834170505404472 
v 0.6273703575134277 -0.03764000162482262 -0.013982106000185013 
v 0.6350818872451782 -0.03764000162482262 -0.017207767814397812 
v 0.657454252243042 -0.03764000162482262 -0.015050849877297878 
v 0.670052707195282 -0.03764000162482262 0.0078008295968174934 
v 0.6517154574394226 0.03763988986611366 0.08296264708042145 
v 0.6635965704917908 0.03763988986611366 -0.009648837149143219 
v 0.657454252243042 0.03763988986611366 -0.015050849877297878 
v 0.6536881923675537 0.03763988986611366 -0.016780270263552666 
v 0.11518218368291855 -0.03764000162482262 -0.16576310992240906 
v 0.00811763759702444 -0.03764000162482262 -0.2456662654876709 
v -0.32446393370628357 -0.03764000162482262 -0.338083416223526 
v -0.3865595757961273 -0.03764000162482262 -0.31587299704551697 
v -0.42283061146736145 -0.03764000162482262 -0.2823338806629181 
v -0.43977802991867065 -0.03764000162482262 -0.2476094365119934 
v -0.43941932916641235 -0.03764000162482262 -0.1517334282398224 
v 0.06330878287553787 0.03763988986611366 -0.20794934034347534 
v -0.37145039439201355 0.03763988986611366 -0.32395657896995544 
v -0.4178091585636139 0.03763988986611366 -0.28890180587768555 
v -0.43654993176460266 0.03763988986611366 -0.25682005286216736 
v -0.44228875637054443 0.03763988986611366 -0.23832108080387115 
v -0.4433647692203522 0.03763988986611366 -0.170737624168396 
v 0.49703675508499146 -0.03764000162482262 0.006906971335411072 
v 0.4938983619213104 -0.03764000162482262 0.03185727447271347 
v 0.49501922726631165 -0.03764000162482262 0.044429585337638855 
v 0.5553215146064758 -0.03764000162482262 0.0843617245554924 
v 0.5676957964897156 -0.03764000162482262 0.08191332966089249 
v 0.5683683156967163 -0.03764000162482262 0.007373332045972347 
v 0.5674716234207153 -0.03764000162482262 0.004303123336285353 
v 0.5615086555480957 -0.03764000162482262 -0.006695218849927187 
v 0.551779568195343 -0.03764000162482262 -0.01460392028093338 
v 0.5150153636932373 -0.03764000162482262 -0.014156991615891457 
v 0.5049276351928711 -0.03764000162482262 -0.00665635522454977 
v 0.49820247292518616 -0.03764000162482262 0.003914489410817623 
v 0.49425703287124634 0.03763988986611366 0.03815314546227455 
v 0.49631941318511963 0.03763988986611366 0.05062829703092575 
v 0.503986120223999 0.03763988986611366 0.06782534718513489 
v 0.512818455696106 0.03763988986611366 0.07678336650133133 
v 0.5615086555480957 0.03763988986611366 0.08321525901556015 
v 0.5683683156967163 0.03763988986611366 0.007373332045972347 
v 0.5488653182983398 0.03763988986611366 -0.01588641293346882 
v 0.5427678823471069 0.03763988986611366 -0.0175575390458107 
v 0.5178847908973694 0.03763988986611366 -0.01543948333710432 
v 0.5122356414794922 0.03763988986611366 -0.012621887028217316 
v 0.49950265884399414 0.03763988986611366 0.0010968928690999746 
v 0.43718284368515015 -0.03764000162482262 0.07054578512907028 
v 0.4750679135322571 -0.03764000162482262 0.08469206839799881 
v 0.48201724886894226 0.03763988986611366 -0.0014680915046483278 
v 0.45457857847213745 0.03763988986611366 -0.05092176795005798 
v 0.43718284368515015 0.03763988986611366 0.07054578512907028 
v 0.4750679135322571 0.03763988986611366 0.08469206839799881 
v 0.8559361696243286 -0.03764000162482262 0.03533554822206497 
v 0.8563844561576843 -0.03764000162482262 0.044040948152542114 
v 0.8710453510284424 -0.03764000162482262 0.07705540955066681 
v 0.8746769428253174 -0.03764000162482262 0.07940664142370224 
v 0.8850336670875549 -0.03764000162482262 0.08265173435211182 
v 0.9113962650299072 -0.03764000162482262 0.0749373510479927 
v 0.916731595993042 -0.03764000162482262 0.06811682879924774 
v 0.9151175618171692 -0.03764000162482262 0.12355546653270721 
v 0.9350240230560303 -0.03764000162482262 0.10023742914199829 
v 0.9363690614700317 -0.03764000162482262 0.0767250657081604 
v 0.9363690614700317 -0.03764000162482262 -0.01600300334393978 
v 0.9074060320854187 -0.03764000162482262 -0.01367119885981083 
v 0.8930141925811768 -0.03764000162482262 -0.018257079645991325 
v 0.876111626625061 -0.03764000162482262 -0.014817669056355953 
v 0.8638718128204346 -0.03764000162482262 -0.002653425093740225 
v 0.8578191995620728 -0.03764000162482262 0.013630338944494724 
v 0.8569225072860718 0.03763988986611366 0.048393651843070984 
v 0.8617197871208191 0.03763988986611366 0.0651049092411995 
v 0.8727938532829285 0.03763988986611366 0.07831846922636032 
v 0.8807295560836792 0.03763988986611366 0.0818161740899086 
v 0.9097374081611633 0.03763988986611366 0.07637529820203781 
v 0.8602402210235596 0.03763988986611366 0.10501762479543686 
v 0.9233222603797913 0.03763988986611366 0.11908617615699768 
v 0.926729679107666 0.03763988986611366 0.11613255739212036 
v 0.9363690614700317 0.03763988986611366 -0.01600300334393978 
v 0.9162832498550415 0.03763988986611366 -0.00420796126127243 
v 0.9138621687889099 0.03763988986611366 -0.007822257466614246 
v 0.9035502672195435 0.03763988986611366 -0.015789253637194633 
v 0.8930141925811768 0.03763988986611366 -0.018257079645991325 
v 0.8801018595695496 0.03763988986611366 -0.01654709130525589 
v 0.8724352121353149 0.03763988986611366 -0.012466433458030224 
v 0.8601505756378174 0.03763988986611366 0.005235845223069191 
v 0.3952178359031677 -0.03764000162482262 -0.015925277024507523 
v 0.3731144964694977 -0.03764000162482262 -0.018101627007126808 
v 0.3483210504055023 -0.03764000162482262 -0.00690896762534976 
v 0.3452274799346924 -0.03764000162482262 0.01959587074816227 
v 0.35186299681663513 -0.03764000162482262 0.028495589271187782 
v 0.3431650996208191 -0.03764000162482262 0.06489116698503494 
v 0.37692540884017944 -0.03764000162482262 0.08492524921894073 
v 0.38701313734054565 -0.03764000162482262 0.08286548405885696 
v 0.39880460500717163 -0.03764000162482262 0.07631700485944748 
v 0.4046778976917267 -0.03764000162482262 0.0679808035492897 
v 0.40647128224372864 -0.03764000162482262 0.06143232062458992 
v 0.40122565627098083 -0.03764000162482262 0.0386195071041584 
v 0.38208135962486267 -0.03764000162482262 0.024861862882971764 
v 0.3786739408969879 0.03763988986611366 -0.01829594373703003 
v 0.35948482155799866 0.03763988986611366 -0.014992554672062397 
v 0.3467070162296295 0.03763988986611366 -0.004635458812117577 
v 0.344420462846756 0.03763988986611366 0.0004167834122199565 
v 0.3432099521160126 0.03763988986611366 0.01155114732682705 
v 0.34652769565582275 0.03763988986611366 0.022044265642762184 
v 0.34975576400756836 0.03763988986611366 0.08305980265140533 
v 0.3932899534702301 0.03763988986611366 0.0802033469080925 
v 0.40118083357810974 0.03763988986611366 0.07382974773645401 
v 0.40310871601104736 0.03763988986611366 0.07105101644992828 
v 0.40602293610572815 0.03763988986611366 0.047849562019109726 
v 0.4033777117729187 0.03763988986611366 0.0415925569832325 
v 0.3936486542224884 0.03763988986611366 0.03210988640785217 
v 0.23645924031734467 0.03763988986611366 -0.060501597821712494 
v 0.30214163661003113 0.03763988986611366 0.026202648878097534 
v 0.3208375871181488 0.03763988986611366 0.08296264708042145 
v 0.30214163661003113 -0.03764000162482262 0.03869723156094551 
v 0.30214163661003113 0.03763988986611366 0.03869723156094551 
v 0.5676957964897156 -0.03764000162482262 0.08191332966089249 
v 0.5512863993644714 -0.03764000162482262 0.01372749824076891 
v 0.9363690614700317 -0.03764000162482262 -0.01600300334393978 
v 0.9176731109619141 -0.03764000162482262 0.06613479554653168 
v 0.8766944408416748 -0.03764000162482262 0.03306204080581665 
v -0.378130704164505 -0.03764000162482262 -0.028575312346220016 
v -0.3534269630908966 -0.03764000162482262 -0.028575312346220016 
v -0.32249122858047485 -0.03764000162482262 -0.028575312346220016 
v -0.36580124497413635 0.03763988986611366 -0.028575312346220016 
v -0.3287232220172882 0.03763988986611366 -0.028575312346220016 
v -0.3193976581096649 0.03763988986611366 -0.028575312346220016 
v 0.8322187662124634 -0.03764000162482262 0.041203923523426056 
v 0.8322187662124634 -0.03764000162482262 0.057915184646844864 
v 0.8322187662124634 -0.03764000162482262 0.06625138223171234 
v 0.8135228157043457 -0.03764000162482262 0.04928750917315483 
v 0.8322187662124634 0.03763988986611366 0.06625138223171234 
v 0.8322187662124634 0.03763988986611366 0.057915184646844864 
v 0.8135228157043457 0.03763988986611366 0.04928750917315483 
v 0.8322187662124634 0.03763988986611366 0.041203923523426056 
v 0.3208375871181488 -0.03764000162482262 0.06770876049995422 
v 0.3208375871181488 -0.03764000162482262 0.0448182187974453 
v 0.3208375871181488 -0.03764000162482262 0.021908244118094444 
v 0.3208375871181488 -0.03764000162482262 0.029544901102781296 
v 0.3208375871181488 0.03763988986611366 0.06007210165262222 
v 0.3208375871181488 0.03763988986611366 0.037181559950113297 
v 0.3208375871181488 0.03763988986611366 0.021908244118094444 
v 0.6704114079475403 -0.03764000162482262 0.0244926605373621 
v 0.6704114079475403 -0.03764000162482262 0.03286772221326828 
v 0.6704114079475403 -0.03764000162482262 0.057915184646844864 
v 0.6517154574394226 -0.03764000162482262 0.04928750917315483 
v 0.6517154574394226 0.03763988986611366 0.04928750917315483 
v 0.6704114079475403 0.03763988986611366 0.057915184646844864 
v 0.6704114079475403 0.03763988986611366 0.04955955222249031 
v 0.6704114079475403 0.03763988986611366 0.0244926605373621 
v 0.6119921803474426 0.03763988986611366 0.04928750917315483 
v 0.45457857847213745 -0.03764000162482262 0.007742534391582012 
v 0.45457857847213745 -0.03764000162482262 0.016953160986304283 
v 0.45457857847213745 -0.03764000162482262 0.026144353672862053 
v 0.45457857847213745 -0.03764000162482262 0.03535497933626175 
v 0.43588265776634216 -0.03764000162482262 0.03168238699436188 
v 0.43588265776634216 -0.03764000162482262 0.020625751465559006 
v 0.45457857847213745 0.03763988986611366 0.007742534391582012 
v 0.45457857847213745 0.03763988986611366 0.03535497933626175 
v 0.45457857847213745 0.03763988986611366 0.026144353672862053 
v 0.43588265776634216 0.03763988986611366 0.03168238699436188 
v 0.9176731109619141 -0.03764000162482262 0.07291645556688309 
v 0.9363690614700317 -0.03764000162482262 0.002554270438849926 
v 0.9176731109619141 0.03763988986611366 0.07291645556688309 
v 0.9363690614700317 -0.03764000162482262 0.0323430672287941 
vn 3.097898456858039e-13 -0.999997615814209 0.002184694167226553 
vn 3.097898456858039e-13 -0.999997615814209 0.002184694167226553 
vn 3.097898456858039e-13 -0.999997615814209 0.002184694167226553 
vn 3.097898456858039e-13 -0.999997615814209 0.002184694167226553 
vn 3.097898456858039e-13 -0.999997615814209 0.002184694167226553 
vn 3.097898456858039e-13 -0.999997615814209 0.002184694167226553 
vn 3.097898456858039e-13 -0.999997615814209 0.002184694167226553 
vn 3.097898456858039e-13 -0.999997615814209 0.002184694167226553 
vn 3.097898456858039e-13 -0.999997615814209 0.002184694167226553 
vn 3.097898456858039e-13 -0.999997615814209 0.002184694167226553 
vn 3.097898456858039e-13 -0.999997615814209 0.002184694167226553 
vn 3.097898456858039e-13 -0.999997615814209 0.002184694167226553 
vn 3.097898456858039e-13 -0.999997615814209 0.002184694167226553 
vn 3.097898456858039e-13 -0.999997615814209 0.002184694167226553 
vn 3.097898456858039e-13 -0.999997615814209 0.002184694167226553 
vn 3.097898456858039e-13 -0.999997615814209 0.002184694167226553 
vn 3.097898456858039e-13 -0.999997615814209 0.002184694167226553 
vn 3.097898456858039e-13 -0.999997615814209 0.002184694167226553 
vn 3.097898456858039e-13 -0.999997615814209 0.002184694167226553 
vn 3.097898456858039e-13 -0.999997615814209 0.002184694167226553 
vn 3.097898456858039e-13 -0.999997615814209 0.002184694167226553 
vn 3.097898456858039e-13 -0.999997615814209 0.002184694167226553 
vn 3.097898456858039e-13 -0.999997615814209 0.002184694167226553 
vn 3.097898456858039e-13 -0.999997615814209 0.002184694167226553 
vn 3.097898456858039e-13 -0.999997615814209 0.002184694167226553 
vn 3.097898456858039e-13 -0.999997615814209 0.002184694167226553 
vn 3.097898456858039e-13 -0.999997615814209 0.002184694167226553 
vn 3.097898456858039e-13 -0.999997615814209 0.002184694167226553 
vn 3.097898456858039e-13 -0.999997615814209 0.002184694167226553 
vn 3.097898456858039e-13 -0.999997615814209 0.002184694167226553 
vn 3.097898456858039e-13 -0.999997615814209 0.002184694167226553 
vn -1.0341130485562108e-13 0.999997615814209 0.002184694167226553 
vn -1.0341130485562108e-13 0.999997615814209 0.002184694167226553 
vn -1.0341130485562108e-13 0.999997615814209 0.002184694167226553 
vn -1.0341130485562108e-13 0.999997615814209 0.002184694167226553 
vn -1.0341130485562108e-13 0.999997615814209 0.002184694167226553 
vn -1.0341130485562108e-13 0.999997615814209 0.002184694167226553 
vn -1.0341130485562108e-13 0.999997615814209 0.002184694167226553 
vn -1.0341130485562108e-13 0.999997615814209 0.002184694167226553 
vn -1.0341130485562108e-13 0.999997615814209 0.002184694167226553 
vn -1.0341130485562108e-13 0.999997615814209 0.002184694167226553 
vn -1.0341130485562108e-13 0.999997615814209 0.002184694167226553 
vn -1.0341130485562108e-13 0.999997615814209 0.002184694167226553 
vn -1.0341130485562108e-13 0.999997615814209 0.002184694167226553 
vn -1.0341130485562108e-13 0.999997615814209 0.002184694167226553 
vn -1.0341130485562108e-13 0.999997615814209 0.002184694167226553 
vn -1.0341130485562108e-13 0.999997615814209 0.002184694167226553 
vn -1.0341130485562108e-13 0.999997615814209 0.002184694167226553 
vn -1.0341130485562108e-13 0.999997615814209 0.002184694167226553 
vn -1.0341130485562108e-13 0.999997615814209 0.002184694167226553 
vn -1.0341130485562108e-13 0.999997615814209 0.002184694167226553 
vn -1.0341130485562108e-13 0.999997615814209 0.002184694167226553 
vn -1.0341130485562108e-13 0.999997615814209 0.002184694167226553 
vn -1.0341130485562108e-13 0.999997615814209 0.002184694167226553 
vn -1.0341130485562108e-13 0.999997615814209 0.002184694167226553 
vn -1.0341130485562108e-13 0.999997615814209 0.002184694167226553 
vn -1.0341130485562108e-13 0.999997615814209 0.002184694167226553 
vn -1.0341130485562108e-13 0.999997615814209 0.002184694167226553 
vn -1.0341130485562108e-13 0.999997615814209 0.002184694167226553 
vn -1.0341130485562108e-13 0.999997615814209 0.002184694167226553 
vn -1.0341130485562108e-13 0.999997615814209 0.002184694167226553 
vn -1.0341130485562108e-13 0.999997615814209 0.002184694167226553 
vn -1.0341130485562108e-13 0.999997615814209 0.002184694167226553 
vn -1.0341130485562108e-13 0.999997615814209 0.002184694167226553 
vn -1.0341130485562108e-13 0.999997615814209 0.002184694167226553 
vn -1.0341130485562108e-13 0.999997615814209 0.002184694167226553 
vn -1.0341130485562108e-13 0.999997615814209 0.002184694167226553 
vn -1.0341130485562108e-13 0.999997615814209 0.002184694167226553 
vn -1.0341130485562108e-13 0.999997615814209 0.002184694167226553 
vn -1.0341130485562108e-13 0.999997615814209 0.002184694167226553 
vn -1.0341130485562108e-13 0.999997615814209 0.002184694167226553 
vn -1.0341130485562108e-13 0.999997615814209 0.002184694167226553 
vn -1.0341130485562108e-13 0.999997615814209 0.002184694167226553 
vn -1.0341130485562108e-13 0.999997615814209 0.002184694167226553 
vn -1.0341130485562108e-13 0.999997615814209 0.002184694167226553 
vn -1.0341130485562108e-13 0.999997615814209 0.002184694167226553 
vn -1.0341130485562108e-13 0.999997615814209 0.002184694167226553 
vn -1.0341130485562108e-13 0.999997615814209 0.002184694167226553 
vn -1.0341130485562108e-13 0.999997615814209 0.002184694167226553 
vn -1.0341130485562108e-13 0.999997615814209 0.002184694167226553 
vn -1.0341130485562108e-13 0.999997615814209 0.002184694167226553 
vn -1.0341130485562108e-13 0.999997615814209 0.002184694167226553 
vn -1.0341130485562108e-13 0.999997615814209 0.002184694167226553 
vn -1.0341130485562108e-13 0.999997615814209 0.002184694167226553 
vn -1.0341130485562108e-13 0.999997615814209 0.002184694167226553 
vn -1.0341130485562108e-13 0.999997615814209 0.002184694167226553 
vn -1.0341130485562108e-13 0.999997615814209 0.002184694167226553 
vn -1.0341130485562108e-13 0.999997615814209 0.002184694167226553 
vn -1.0341130485562108e-13 0.999997615814209 0.002184694167226553 
vn -1.0341130485562108e-13 0.999997615814209 0.002184694167226553 
vn -1.0341130485562108e-13 0.999997615814209 0.002184694167226553 
vn -1.0341130485562108e-13 0.999997615814209 0.002184694167226553 
vn -1.0341130485562108e-13 0.999997615814209 0.002184694167226553 
vn -1.0341130485562108e-13 0.999997615814209 0.002184694167226553 
vn -1.0341130485562108e-13 0.999997615814209 0.002184694167226553 
vn -1.0341130485562108e-13 0.999997615814209 0.002184694167226553 
vn -1.0341130485562108e-13 0.999997615814209 0.002184694167226553 
vn -1.0341130485562108e-13 0.999997615814209 0.002184694167226553 
vn -1.0341130485562108e-13 0.999997615814209 0.002184694167226553 
vn -1.0341130485562108e-13 0.999997615814209 0.002184694167226553 
vn -1.0341130485562108e-13 0.999997615814209 0.002184694167226553 
vn -1.0341130485562108e-13 0.999997615814209 0.002184694167226553 
vn -1.0341130485562108e-13 0.999997615814209 0.002184694167226553 
vn -1.0341130485562108e-13 0.999997615814209 0.002184694167226553 
vn -1.0341130485562108e-13 0.999997615814209 0.002184694167226553 
vn -1.0341130485562108e-13 0.999997615814209 0.002184694167226553 
vn -1.0341130485562108e-13 0.999997615814209 0.002184694167226553 
vn -1.0341130485562108e-13 0.999997615814209 0.002184694167226553 
vn -1.0341130485562108e-13 0.999997615814209 0.002184694167226553 
vn -1.0341130485562108e-13 0.999997615814209 0.002184694167226553 
vn -1.0341130485562108e-13 0.999997615814209 0.002184694167226553 
vn -1.0341130485562108e-13 0.999997615814209 0.002184694167226553 
vn -1.0341130485562108e-13 0.999997615814209 0.002184694167226553 
vn -1.0341130485562108e-13 0.999997615814209 0.002184694167226553 
vn -1.0341130485562108e-13 0.999997615814209 0.002184694167226553 
vn -1.0341130485562108e-13 0.999997615814209 0.002184694167226553 
vn -1.0341130485562108e-13 0.999997615814209 0.002184694167226553 
vn -1.0341130485562108e-13 0.999997615814209 0.002184694167226553 
vn -1.0341130485562108e-13 0.999997615814209 0.002184694167226553 
vn -1.0341130485562108e-13 0.999997615814209 0.002184694167226553 
vn -1.0341130485562108e-13 0.999997615814209 0.002184694167226553 
vn -1.0341130485562108e-13 0.999997615814209 0.002184694167226553 
vn -1.0341130485562108e-13 0.999997615814209 0.002184694167226553 
vn -1.0341130485562108e-13 0.999997615814209 0.002184694167226553 
vn -1.0341130485562108e-13 0.999997615814209 0.002184694167226553 
vn -1.0341130485562108e-13 0.999997615814209 0.002184694167226553 
vn -1.0341130485562108e-13 0.999997615814209 0.002184694167226553 
vn -1.0341130485562108e-13 0.999997615814209 0.002184694167226553 
vn 3.097898456858039e-13 -0.999997615814209 0.002184694167226553 
vn 3.097898456858039e-13 -0.999997615814209 0.002184694167226553 
vn 3.097898456858039e-13 -0.999997615814209 0.002184694167226553 
vn 3.097898456858039e-13 -0.999997615814209 0.002184694167226553 
vn 3.097898456858039e-13 -0.999997615814209 0.002184694167226553 
vn 3.097898456858039e-13 -0.999997615814209 0.002184694167226553 
vn 3.097898456858039e-13 -0.999997615814209 0.002184694167226553 
vn 3.097898456858039e-13 -0.999997615814209 0.002184694167226553 
vn 3.097898456858039e-13 -0.999997615814209 0.002184694167226553 
vn 3.097898456858039e-13 -0.999997615814209 0.002184694167226553 
vn 3.097898456858039e-13 -0.999997615814209 0.002184694167226553 
vn 3.097898456858039e-13 -0.999997615814209 0.002184694167226553 
vn 3.097898456858039e-13 -0.999997615814209 0.002184694167226553 
vn 3.097898456858039e-13 -0.999997615814209 0.002184694167226553 
vn 3.097898456858039e-13 -0.999997615814209 0.002184694167226553 
vn 3.097898456858039e-13 -0.999997615814209 0.002184694167226553 
vn 3.097898456858039e-13 -0.999997615814209 0.002184694167226553 
vn 3.097898456858039e-13 -0.999997615814209 0.002184694167226553 
vn 3.097898456858039e-13 -0.999997615814209 0.002184694167226553 
vn 3.097898456858039e-13 -0.999997615814209 0.002184694167226553 
vn 3.097898456858039e-13 -0.999997615814209 0.002184694167226553 
vn 3.097898456858039e-13 -0.999997615814209 0.002184694167226553 
vn 3.097898456858039e-13 -0.999997615814209 0.002184694167226553 
vn 3.097898456858039e-13 -0.999997615814209 0.002184694167226553 
vn 3.097898456858039e-13 -0.999997615814209 0.002184694167226553 
vn 3.097898456858039e-13 -0.999997615814209 0.002184694167226553 
vn 3.097898456858039e-13 -0.999997615814209 0.002184694167226553 
vn 3.097898456858039e-13 -0.999997615814209 0.002184694167226553 
vn 3.097898456858039e-13 -0.999997615814209 0.002184694167226553 
vn 3.097898456858039e-13 -0.999997615814209 0.002184694167226553 
vn 3.097898456858039e-13 -0.999997615814209 0.002184694167226553 
vn 3.097898456858039e-13 -0.999997615814209 0.002184694167226553 
vn -0.999997615814209 -2.0682260971124217e-13 0.002184694167226553 
vn -0.999997615814209 -2.0682260971124217e-13 0.002184694167226553 
vn -0.999997615814209 -2.0682260971124217e-13 0.002184694167226553 
vn -0.999997615814209 -2.0682260971124217e-13 0.002184694167226553 
vn -0.9999403357505798 -2.0681076480250776e-13 -0.010923261754214764 
vn -0.9999403357505798 -2.0681076480250776e-13 -0.010923261754214764 
vn -0.9977074861526489 -2.0634896243966472e-13 -0.06767380982637405 
vn -0.9977074861526489 -2.0634896243966472e-13 -0.06767380982637405 
vn -0.9851431250572205 -2.0375036022517862e-13 -0.17173540592193604 
vn -0.9851431250572205 -2.0375036022517862e-13 -0.17173540592193604 
vn -0.9580748677253723 0.0037765325978398323 -0.2864931523799896 
vn -0.9580748677253723 0.0037765325978398323 -0.2864931523799896 
vn -0.921139121055603 -1.9051284801032548e-13 -0.3892335295677185 
vn -0.921139121055603 -1.9051284801032548e-13 -0.3892335295677185 
vn -0.8815911412239075 0.003778468118980527 -0.4719987213611603 
vn -0.8815911412239075 0.003778468118980527 -0.4719987213611603 
vn -0.8370406627655029 -1.7311935847537374e-13 -0.5471406579017639 
vn -0.8370406627655029 -1.7311935847537374e-13 -0.5471406579017639 
vn -0.7887872457504272 -1.631394265554434e-13 -0.6146662831306458 
vn -0.7887872457504272 -1.631394265554434e-13 -0.6146662831306458 
vn -0.7321215867996216 0.003776762168854475 -0.681163489818573 
vn -0.7321215867996216 0.003776762168854475 -0.681163489818573 
vn -0.6698772311210632 0.0037782832514494658 -0.7424622178077698 
vn -0.6698772311210632 0.0037782832514494658 -0.7424622178077698 
vn -0.6060134768486023 -1.2533759295198232e-13 -0.7954543828964233 
vn -0.6060134768486023 -1.2533759295198232e-13 -0.7954543828964233 
vn -0.5416429042816162 -1.1202426790021813e-13 -0.8406086564064026 
vn -0.5416429042816162 -1.1202426790021813e-13 -0.8406086564064026 
vn -0.45844629406929016 0.0037802732549607754 -0.888714075088501 
vn -0.45844629406929016 0.0037802732549607754 -0.888714075088501 
vn -0.3547419011592865 0.00377795472741127 -0.9349566102027893 
vn -0.3547419011592865 0.00377795472741127 -0.9349566102027893 
vn -0.24645960330963135 0.0037772501818835735 -0.9691457152366638 
vn -0.24645960330963135 0.0037772501818835735 -0.9691457152366638 
vn -0.1523333042860031 -3.150604777069077e-14 -0.9883291721343994 
vn -0.1523333042860031 -3.150604777069077e-14 -0.9883291721343994 
vn -0.07411297410726547 0.0038203089497983456 -0.9972425103187561 
vn -0.07411297410726547 0.0038203089497983456 -0.9972425103187561 
vn 2.0682311115474694e-13 4.2775797696334704e-26 -1 
vn 2.0682311115474694e-13 4.2775797696334704e-26 -1 
vn 0.09162852168083191 0 -0.9957932829856873 
vn 0.09162852168083191 0 -0.9957932829856873 
vn 0.19535815715789795 0 -0.9807319641113281 
vn 0.19535815715789795 0 -0.9807319641113281 
vn 0.2927663028240204 0 -0.9561840295791626 
vn 0.2927663028240204 0 -0.9561840295791626 
vn 0.3831879794597626 0 -0.9236704111099243 
vn 0.3831879794597626 0 -0.9236704111099243 
vn 0.4231681823730469 0 -0.9060511589050293 
vn 0.4231681823730469 0 -0.9060511589050293 
vn -1.0341130485562108e-13 0.999997615814209 0.002184694167226553 
vn -1.0341130485562108e-13 0.999997615814209 0.002184694167226553 
vn -1.0341130485562108e-13 0.999997615814209 0.002184694167226553 
vn -1.0341130485562108e-13 0.999997615814209 0.002184694167226553 
vn -1.0341130485562108e-13 0.999997615814209 0.002184694167226553 
vn -1.0341130485562108e-13 0.999997615814209 0.002184694167226553 
vn -1.0341130485562108e-13 0.999997615814209 0.002184694167226553 
vn -1.0341130485562108e-13 0.999997615814209 0.002184694167226553 
vn -1.0341130485562108e-13 0.999997615814209 0.002184694167226553 
vn -1.0341130485562108e-13 0.999997615814209 0.002184694167226553 
vn -1.0341130485562108e-13 0.999997615814209 0.002184694167226553 
vn -1.0341130485562108e-13 0.999997615814209 0.002184694167226553 
vn -1.0341130485562108e-13 0.999997615814209 0.002184694167226553 
vn -1.0341130485562108e-13 0.999997615814209 0.002184694167226553 
vn -1.0341130485562108e-13 0.999997615814209 0.002184694167226553 
vn -1.0341130485562108e-13 0.999997615814209 0.002184694167226553 
vn -1.0341130485562108e-13 0.999997615814209 0.002184694167226553 
vn -1.0341130485562108e-13 0.999997615814209 0.002184694167226553 
vn -1.0341130485562108e-13 0.999997615814209 0.002184694167226553 
vn -1.0341130485562108e-13 0.999997615814209 0.002184694167226553 
vn -1.0341130485562108e-13 0.999997615814209 0.002184694167226553 
vn -1.0341130485562108e-13 0.999997615814209 0.002184694167226553 
vn -1.0341130485562108e-13 0.999997615814209 0.002184694167226553 
vn -1.0341130485562108e-13 0.999997615814209 0.002184694167226553 
vn 3.097898456858039e-13 -0.999997615814209 0.002184694167226553 
vn 3.097898456858039e-13 -0.999997615814209 0.002184694167226553 
vn 3.097898456858039e-13 -0.999997615814209 0.002184694167226553 
vn 3.097898456858039e-13 -0.999997615814209 0.002184694167226553 
vn 3.097898456858039e-13 -0.999997615814209 0.002184694167226553 
vn 3.097898456858039e-13 -0.999997615814209 0.002184694167226553 
vn 3.097898456858039e-13 -0.999997615814209 0.002184694167226553 
vn 3.097898456858039e-13 -0.999997615814209 0.002184694167226553 
vn -1.0341130485562108e-13 0.999997615814209 0.002184694167226553 
vn -1.0341130485562108e-13 0.999997615814209 0.002184694167226553 
vn -1.0341130485562108e-13 0.999997615814209 0.002184694167226553 
vn -1.0341130485562108e-13 0.999997615814209 0.002184694167226553 
vn -1.0341130485562108e-13 0.999997615814209 0.002184694167226553 
vn -1.0341130485562108e-13 0.999997615814209 0.002184694167226553 
vn -1.0341130485562108e-13 0.999997615814209 0.002184694167226553 
vn -1.0341130485562108e-13 0.999997615814209 0.002184694167226553 
vn -1.0341130485562108e-13 0.999997615814209 0.002184694167226553 
vn -1.0341130485562108e-13 0.999997615814209 0.002184694167226553 
vn -1.0341130485562108e-13 0.999997615814209 0.002184694167226553 
vn -1.0341130485562108e-13 0.999997615814209 0.002184694167226553 
vn -1.0341130485562108e-13 0.999997615814209 0.002184694167226553 
vn -1.0341130485562108e-13 0.999997615814209 0.002184694167226553 
vn -1.0341130485562108e-13 0.999997615814209 0.002184694167226553 
vn -1.0341130485562108e-13 0.999997615814209 0.002184694167226553 
vn -1.0341130485562108e-13 0.999997615814209 0.002184694167226553 
vn -1.0341130485562108e-13 0.999997615814209 0.002184694167226553 
vn -1.0341130485562108e-13 0.999997615814209 0.002184694167226553 
vn -1.0341130485562108e-13 0.999997615814209 0.002184694167226553 
vn -1.0341130485562108e-13 0.999997615814209 0.002184694167226553 
vn -1.0341130485562108e-13 0.999997615814209 0.002184694167226553 
vn -1.0341130485562108e-13 0.999997615814209 0.002184694167226553 
vn -1.0341130485562108e-13 0.999997615814209 0.002184694167226553 
vn -1.0341130485562108e-13 0.999997615814209 0.002184694167226553 
vn -1.0341130485562108e-13 0.999997615814209 0.002184694167226553 
vn -1.0341130485562108e-13 0.999997615814209 0.002184694167226553 
vn -1.0341130485562108e-13 0.999997615814209 0.002184694167226553 
vn 3.097898456858039e-13 -0.999997615814209 0.002184694167226553 
vn 3.097898456858039e-13 -0.999997615814209 0.002184694167226553 
vn 3.097898456858039e-13 -0.999997615814209 0.002184694167226553 
vn 3.097898456858039e-13 -0.999997615814209 0.002184694167226553 
vn 3.097898456858039e-13 -0.999997615814209 0.002184694167226553 
vn 3.097898456858039e-13 -0.999997615814209 0.002184694167226553 
vn 3.097898456858039e-13 -0.999997615814209 0.002184694167226553 
vn 3.097898456858039e-13 -0.999997615814209 0.002184694167226553 
vn 3.097898456858039e-13 -0.999997615814209 0.002184694167226553 
vn 3.097898456858039e-13 -0.999997615814209 0.002184694167226553 
vn 3.097898456858039e-13 -0.999997615814209 0.002184694167226553 
vn 3.097898456858039e-13 -0.999997615814209 0.002184694167226553 
vn 3.097898456858039e-13 -0.999997615814209 0.002184694167226553 
vn 3.097898456858039e-13 -0.999997615814209 0.002184694167226553 
vn 3.097898456858039e-13 -0.999997615814209 0.002184694167226553 
vn 3.097898456858039e-13 -0.999997615814209 0.002184694167226553 
vn 3.097898456858039e-13 -0.999997615814209 0.002184694167226553 
vn 3.097898456858039e-13 -0.999997615814209 0.002184694167226553 
vn 3.097898456858039e-13 -0.999997615814209 0.002184694167226553 
vn 3.097898456858039e-13 -0.999997615814209 0.002184694167226553 
vn 3.097898456858039e-13 -0.999997615814209 0.002184694167226553 
vn 3.097898456858039e-13 -0.999997615814209 0.002184694167226553 
vn 3.097898456858039e-13 -0.999997615814209 0.002184694167226553 
vn 3.097898456858039e-13 -0.999997615814209 0.002184694167226553 
vn 3.097898456858039e-13 -0.999997615814209 0.002184694167226553 
vn 3.097898456858039e-13 -0.999997615814209 0.002184694167226553 
vn 3.097898456858039e-13 -0.999997615814209 0.002184694167226553 
vn 3.097898456858039e-13 -0.999997615814209 0.002184694167226553 
vn 3.097898456858039e-13 -0.999997615814209 0.002184694167226553 
vn 3.097898456858039e-13 -0.999997615814209 0.002184694167226553 
vn 3.097898456858039e-13 -0.999997615814209 0.002184694167226553 
vn 3.097898456858039e-13 -0.999997615814209 0.002184694167226553 
vn 3.097898456858039e-13 -0.999997615814209 0.002184694167226553 
vn 3.097898456858039e-13 -0.999997615814209 0.002184694167226553 
vn 3.097898456858039e-13 -0.999997615814209 0.002184694167226553 
vn 3.097898456858039e-13 -0.999997615814209 0.002184694167226553 
vn 3.097898456858039e-13 -0.999997615814209 0.002184694167226553 
vn 3.097898456858039e-13 -0.999997615814209 0.002184694167226553 
vn 3.097898456858039e-13 -0.999997615814209 0.002184694167226553 
vn 3.097898456858039e-13 -0.999997615814209 0.002184694167226553 
vn 3.097898456858039e-13 -0.999997615814209 0.002184694167226553 
vn 3.097898456858039e-13 -0.999997615814209 0.002184694167226553 
vn 3.097898456858039e-13 -0.999997615814209 0.002184694167226553 
vn 3.097898456858039e-13 -0.999997615814209 0.002184694167226553 
vn 3.097898456858039e-13 -0.999997615814209 0.002184694167226553 
vn 3.097898456858039e-13 -0.999997615814209 0.002184694167226553 
vn 3.097898456858039e-13 -0.999997615814209 0.002184694167226553 
vn 3.097898456858039e-13 -0.999997615814209 0.002184694167226553 
vn 3.097898456858039e-13 -0.999997615814209 0.002184694167226553 
vn 3.097898456858039e-13 -0.999997615814209 0.002184694167226553 
vn 3.097898456858039e-13 -0.999997615814209 0.002184694167226553 
vn 3.097898456858039e-13 -0.999997615814209 0.002184694167226553 
vn 3.097898456858039e-13 -0.999997615814209 0.002184694167226553 
vn 3.097898456858039e-13 -0.999997615814209 0.002184694167226553 
vn 3.097898456858039e-13 -0.999997615814209 0.002184694167226553 
vn 3.097898456858039e-13 -0.999997615814209 0.002184694167226553 
vn 3.097898456858039e-13 -0.999997615814209 0.002184694167226553 
vn 3.097898456858039e-13 -0.999997615814209 0.002184694167226553 
vn 3.097898456858039e-13 -0.999997615814209 0.002184694167226553 
vn 3.097898456858039e-13 -0.999997615814209 0.002184694167226553 
vn 3.097898456858039e-13 -0.999997615814209 0.002184694167226553 
vn 3.097898456858039e-13 -0.999997615814209 0.002184694167226553 
vn -1.0341130485562108e-13 0.999997615814209 0.002184694167226553 
vn -1.0341130485562108e-13 0.999997615814209 0.002184694167226553 
vn -1.0341130485562108e-13 0.999997615814209 0.002184694167226553 
vn 3.097898456858039e-13 -0.999997615814209 0.002184694167226553 
vn 3.097898456858039e-13 -0.999997615814209 0.002184694167226553 
vn 3.097898456858039e-13 -0.999997615814209 0.002184694167226553 
vn 3.097898456858039e-13 -0.999997615814209 0.002184694167226553 
vn 3.097898456858039e-13 -0.999997615814209 0.002184694167226553 
vn 3.097898456858039e-13 -0.999997615814209 0.002184694167226553 
vn 3.097898456858039e-13 -0.999997615814209 0.002184694167226553 
vn 3.097898456858039e-13 -0.999997615814209 0.002184694167226553 
vn 3.097898456858039e-13 -0.999997615814209 0.002184694167226553 
vn 3.097898456858039e-13 -0.999997615814209 0.002184694167226553 
vn 3.097898456858039e-13 -0.999997615814209 0.002184694167226553 
vn 3.097898456858039e-13 -0.999997615814209 0.002184694167226553 
vn 3.097898456858039e-13 -0.999997615814209 0.002184694167226553 
vn 3.097898456858039e-13 -0.999997615814209 0.002184694167226553 
vn 3.097898456858039e-13 -0.999997615814209 0.002184694167226553 
vn 3.097898456858039e-13 -0.999997615814209 0.002184694167226553 
vn 3.097898456858039e-13 -0.999997615814209 0.002184694167226553 
vn 3.097898456858039e-13 -0.999997615814209 0.002184694167226553 
vn 3.097898456858039e-13 -0.999997615814209 0.002184694167226553 
vn 3.097898456858039e-13 -0.999997615814209 0.002184694167226553 
vn 3.097898456858039e-13 -0.999997615814209 0.002184694167226553 
vn 3.097898456858039e-13 -0.999997615814209 0.002184694167226553 
vn 3.097898456858039e-13 -0.999997615814209 0.002184694167226553 
vn 3.097898456858039e-13 -0.999997615814209 0.002184694167226553 
vn 3.097898456858039e-13 -0.999997615814209 0.002184694167226553 
vn 3.097898456858039e-13 -0.999997615814209 0.002184694167226553 
vn 3.097898456858039e-13 -0.999997615814209 0.002184694167226553 
vn 3.097898456858039e-13 -0.999997615814209 0.002184694167226553 
vn 3.097898456858039e-13 -0.999997615814209 0.002184694167226553 
vn 3.097898456858039e-13 -0.999997615814209 0.002184694167226553 
vn 3.097898456858039e-13 -0.999997615814209 0.002184694167226553 
vn 3.097898456858039e-13 -0.999997615814209 0.002184694167226553 
vn 3.097898456858039e-13 -0.999997615814209 0.002184694167226553 
vn 3.097898456858039e-13 -0.999997615814209 0.002184694167226553 
vn 3.097898456858039e-13 -0.999997615814209 0.002184694167226553 
vn 3.097898456858039e-13 -0.999997615814209 0.002184694167226553 
vn 3.097898456858039e-13 -0.999997615814209 0.002184694167226553 
vn 3.097898456858039e-13 -0.999997615814209 0.002184694167226553 
vn 3.097898456858039e-13 -0.999997615814209 0.002184694167226553 
vn 3.097898456858039e-13 -0.999997615814209 0.002184694167226553 
vn 3.097898456858039e-13 -0.999997615814209 0.002184694167226553 
vn 3.097898456858039e-13 -0.999997615814209 0.002184694167226553 
vn 3.097898456858039e-13 -0.999997615814209 0.002184694167226553 
vn 3.097898456858039e-13 -0.999997615814209 0.002184694167226553 
vn 3.097898456858039e-13 -0.999997615814209 0.002184694167226553 
vn 3.097898456858039e-13 -0.999997615814209 0.002184694167226553 
vn 3.097898456858039e-13 -0.999997615814209 0.002184694167226553 
vn 3.097898456858039e-13 -0.999997615814209 0.002184694167226553 
vn 3.097898456858039e-13 -0.999997615814209 0.002184694167226553 
vn 3.097898456858039e-13 -0.999997615814209 0.002184694167226553 
vn 3.097898456858039e-13 -0.999997615814209 0.002184694167226553 
vn 3.097898456858039e-13 -0.999997615814209 0.002184694167226553 
vn 0.9013746976852417 0 -0.43303996324539185 
vn 0.9013746976852417 0 -0.43303996324539185 
vn 0.8795284628868103 0 -0.4758462607860565 
vn 0.8795284628868103 0 -0.4758462607860565 
vn 0.8297969698905945 0 -0.5580654144287109 
vn 0.8297969698905945 0 -0.5580654144287109 
vn 0.7779244780540466 0 -0.6283578276634216 
vn 0.7779244780540466 0 -0.6283578276634216 
vn 0.7231398820877075 0 -0.6907016038894653 
vn 0.7231398820877075 0 -0.6907016038894653 
vn 0.669887900352478 0 -0.7424622178077698 
vn 0.669887900352478 0 -0.7424622178077698 
vn 0.612941563129425 0 -0.790128231048584 
vn 0.612941563129425 0 -0.790128231048584 
vn 0.5489680171012878 0 -0.8358433246612549 
vn 0.5489680171012878 0 -0.8358433246612549 
vn 0.4816005229949951 0 -0.8763908743858337 
vn 0.4816005229949951 0 -0.8763908743858337 
vn 0.41125550866127014 0 -0.9115201234817505 
vn 0.41125550866127014 0 -0.9115201234817505 
vn 0.33836790919303894 0 -0.9410139322280884 
vn 0.33836790919303894 0 -0.9410139322280884 
vn 0.26338833570480347 0 -0.9646899104118347 
vn 0.26338833570480347 0 -0.9646899104118347 
vn 0.16958275437355042 0 -0.9855159521102905 
vn 0.16958275437355042 0 -0.9855159521102905 
vn 0.05677155405282974 0 -0.9983872175216675 
vn 0.05677155405282974 0 -0.9983872175216675 
vn -0.06549396365880966 -1.351657992482028e-14 -0.9978529810905457 
vn -0.06549396365880966 -1.351657992482028e-14 -0.9978529810905457 
vn -0.1738872230052948 -3.596389746879543e-14 -0.9847655892372131 
vn -0.1738872230052948 -3.596389746879543e-14 -0.9847655892372131 
vn -0.25914308428764343 0.0037868833169341087 -0.9658315181732178 
vn -0.25914308428764343 0.0037868833169341087 -0.9658315181732178 
vn -0.32598230242729187 0.003779149381443858 -0.9453682899475098 
vn -0.32598230242729187 0.003779149381443858 -0.9453682899475098 
vn -0.3992721438407898 -8.25787057007546e-14 -0.916832447052002 
vn -0.3992721438407898 -8.25787057007546e-14 -0.916832447052002 
vn -0.470056414604187 0.0037768734619021416 -0.882628321647644 
vn -0.470056414604187 0.0037768734619021416 -0.882628321647644 
vn -0.5379515290260315 0.003780877683311701 -0.8429672718048096 
vn -0.5379515290260315 0.003780877683311701 -0.8429672718048096 
vn -0.602520227432251 0.003778239479288459 -0.7980946898460388 
vn -0.602520227432251 0.003778239479288459 -0.7980946898460388 
vn -0.660087525844574 0.0037773200310766697 -0.7511792182922363 
vn -0.660087525844574 0.0037773200310766697 -0.7511792182922363 
vn -0.7231299877166748 0.003780034137889743 -0.6907016038894653 
vn -0.7231299877166748 0.003780034137889743 -0.6907016038894653 
vn -0.7967674732208252 0.003775471355766058 -0.6042742133140564 
vn -0.7967674732208252 0.003775471355766058 -0.6042742133140564 
vn -0.8601325750350952 0.0037793058436363935 -0.5100564956665039 
vn -0.8601325750350952 0.0037793058436363935 -0.5100564956665039 
vn -0.905116617679596 0.0037762606516480446 -0.42514660954475403 
vn -0.905116617679596 0.0037762606516480446 -0.42514660954475403 
vn -0.9387684464454651 0.0037762406282126904 -0.34452807903289795 
vn -0.9387684464454651 0.0037762406282126904 -0.34452807903289795 
vn -0.9617552757263184 -1.9891321933768885e-13 -0.27391019463539124 
vn -0.9617552757263184 -1.9891321933768885e-13 -0.27391019463539124 
vn -0.9785395264625549 -2.0238457719597147e-13 -0.2060592919588089 
vn -0.9785395264625549 -2.0238457719597147e-13 -0.2060592919588089 
vn -0.9886524081230164 0.0037739467807114124 -0.15017375349998474 
vn -0.9886524081230164 0.0037739467807114124 -0.15017375349998474 
vn -0.9947329759597778 -2.0573375902194213e-13 -0.10250037163496017 
vn -0.9947329759597778 -2.0573375902194213e-13 -0.10250037163496017 
vn -0.9982536435127258 0.0037739125546067953 -0.058952588587999344 
vn -0.9982536435127258 0.0037739125546067953 -0.058952588587999344 
vn -0.9998067021369934 -2.0678313119963654e-13 -0.01966099627315998 
vn -0.9998067021369934 -2.0678313119963654e-13 -0.01966099627315998 
vn -0.999997615814209 -2.0682260971124217e-13 -0.002184694167226553 
vn -0.999997615814209 -2.0682260971124217e-13 -0.002184694167226553 
vn -0.9998830556869507 -2.0679891989377336e-13 0.0152922747656703 
vn -0.9998830556869507 -2.0679891989377336e-13 0.0152922747656703 
vn -0.9987307190895081 0.003775716060772538 0.05022686347365379 
vn -0.9987307190895081 0.003775716060772538 0.05022686347365379 
vn -0.9955835342407227 0.0037728985771536827 0.09380380809307098 
vn -0.9955835342407227 0.0037728985771536827 0.09380380809307098 
vn -0.9893063306808472 -2.046114064855123e-13 0.1458524912595749 
vn -0.9893063306808472 -2.046114064855123e-13 0.1458524912595749 
vn -0.9794232249259949 0.003775416174903512 0.2017817199230194 
vn -0.9794232249259949 0.003775416174903512 0.2017817199230194 
vn -0.962942898273468 -1.9915884533986544e-13 0.26970529556274414 
vn -0.962942898273468 -1.9915884533986544e-13 0.26970529556274414 
vn -0.937261700630188 -1.9384737955444042e-13 0.34862664341926575 
vn -0.937261700630188 -1.9384737955444042e-13 0.34862664341926575 
vn -0.8994660973548889 0.0037727272137999535 0.43697428703308105 
vn -0.8994660973548889 0.0037727272137999535 0.43697428703308105 
vn -0.8464666604995728 0.0037720154505223036 0.5324283838272095 
vn -0.8464666604995728 0.0037720154505223036 0.5324283838272095 
vn -0.7833766937255859 0.0037688659504055977 0.6215357780456543 
vn -0.7833766937255859 0.0037688659504055977 0.6215357780456543 
vn -0.726141095161438 0.003770677838474512 0.6875353455543518 
vn -0.726141095161438 0.003770677838474512 0.6875353455543518 
vn -0.669887900352478 -1.3854829826812076e-13 0.7424622178077698 
vn -0.669887900352478 -1.3854829826812076e-13 0.7424622178077698 
vn -0.6094833612442017 -1.2605523992247764e-13 0.7927988767623901 
vn -0.6094833612442017 -1.2605523992247764e-13 0.7927988767623901 
vn -0.5452976822853088 0.003765121800825 0.838234007358551 
vn -0.5452976822853088 0.003765121800825 0.838234007358551 
vn -0.4739086329936981 0.003769264090806246 0.8805659413337708 
vn -0.4739086329936981 0.003769264090806246 0.8805659413337708 
vn -0.4032568037509918 0.0037593627348542213 0.9150791168212891 
vn -0.4032568037509918 0.0037593627348542213 0.9150791168212891 
vn -0.33013176918029785 -6.8278878644773e-14 0.9439348578453064 
vn -0.33013176918029785 -6.8278878644773e-14 0.9439348578453064 
vn -0.2422226220369339 0.0037488944362848997 0.9702134728431702 
vn -0.2422226220369339 0.0037488944362848997 0.9702134728431702 
vn -0.13070669770240784 -2.703316323777235e-14 0.991421103477478 
vn -0.13070669770240784 -2.703316323777235e-14 0.991421103477478 
vn -0.013107799924910069 -2.7168168854619897e-15 0.9999141097068787 
vn -0.013107799924910069 -2.7168168854619897e-15 0.9999141097068787 
vn 0.10467331111431122 0 0.9945066571235657 
vn 0.10467331111431122 0 0.9945066571235657 
vn 0.21673583984375 0 0.976230263710022 
vn 0.21673583984375 0 0.976230263710022 
vn 0.3011109232902527 0 0.953589141368866 
vn 0.3011109232902527 0 0.953589141368866 
vn 0.3710477650165558 0 0.9286137819290161 
vn 0.3710477650165558 0 0.9286137819290161 
vn 0.43893831968307495 0 0.8985171914100647 
vn 0.43893831968307495 0 0.8985171914100647 
vn 0.5044081807136536 0 0.8634653687477112 
vn 0.5044081807136536 0 0.8634653687477112 
vn 0.563491940498352 0 0.8261215686798096 
vn 0.563491940498352 0 0.8261215686798096 
vn 0.6232457756996155 0 0.7820260524749756 
vn 0.6232457756996155 0 0.7820260524749756 
vn 0.6795623898506165 0 0.7336177229881287 
vn 0.6795623898506165 0 0.7336177229881287 
vn 0.73213130235672 0 0.681163489818573 
vn 0.73213130235672 0 0.681163489818573 
vn 0.7887872457504272 0 0.6146662831306458 
vn 0.7887872457504272 0 0.6146662831306458 
vn 0.8370406627655029 0 0.5471406579017639 
vn 0.8370406627655029 0 0.5471406579017639 
vn 0.8836531639099121 0 0.46814218163490295 
vn 0.8836531639099121 0 0.46814218163490295 
vn 0.903258204460144 0 0.42909738421440125 
vn 3.097898456858039e-13 -0.999997615814209 0.002184694167226553 
vn 3.097898456858039e-13 -0.999997615814209 0.002184694167226553 
vn 3.097898456858039e-13 -0.999997615814209 0.002184694167226553 
vn 3.097898456858039e-13 -0.999997615814209 0.002184694167226553 
vn 3.097898456858039e-13 -0.999997615814209 0.002184694167226553 
vn -1.0341130485562108e-13 0.999997615814209 0.002184694167226553 
vn -1.0341130485562108e-13 0.999997615814209 0.002184694167226553 
vn -1.0341130485562108e-13 0.999997615814209 0.002184694167226553 
vn -1.0341130485562108e-13 0.999997615814209 0.002184694167226553 
vn -1.0341130485562108e-13 0.999997615814209 0.002184694167226553 
vn -1.0341130485562108e-13 0.999997615814209 0.002184694167226553 
vn -1.0341130485562108e-13 0.999997615814209 0.002184694167226553 
vn -1.0341130485562108e-13 0.999997615814209 0.002184694167226553 
vn -1.0341130485562108e-13 0.999997615814209 0.002184694167226553 
vn -1.0341130485562108e-13 0.999997615814209 0.002184694167226553 
vn -1.0341130485562108e-13 0.999997615814209 0.002184694167226553 
vn -1.0341130485562108e-13 0.999997615814209 0.002184694167226553 
vn -1.0341130485562108e-13 0.999997615814209 0.002184694167226553 
vn -1.0341130485562108e-13 0.999997615814209 0.002184694167226553 
vn -1.0341130485562108e-13 0.999997615814209 0.002184694167226553 
vn -1.0341130485562108e-13 0.999997615814209 0.002184694167226553 
vn -1.0341130485562108e-13 0.999997615814209 0.002184694167226553 
vn -1.0341130485562108e-13 0.999997615814209 0.002184694167226553 
vn -1.0341130485562108e-13 0.999997615814209 0.002184694167226553 
vn -1.0341130485562108e-13 0.999997615814209 0.002184694167226553 
vn -1.0341130485562108e-13 0.999997615814209 0.002184694167226553 
vn -1.0341130485562108e-13 0.999997615814209 0.002184694167226553 
vn -1.0341130485562108e-13 0.999997615814209 0.002184694167226553 
vn -1.0341130485562108e-13 0.999997615814209 0.002184694167226553 
vn -1.0341130485562108e-13 0.999997615814209 0.002184694167226553 
vn -1.0341130485562108e-13 0.999997615814209 0.002184694167226553 
vn -1.0341130485562108e-13 0.999997615814209 0.002184694167226553 
vn -1.0341130485562108e-13 0.999997615814209 0.002184694167226553 
vn -1.0341130485562108e-13 0.999997615814209 0.002184694167226553 
vn -1.0341130485562108e-13 0.999997615814209 0.002184694167226553 
vn -1.0341130485562108e-13 0.999997615814209 0.002184694167226553 
vn -1.0341130485562108e-13 0.999997615814209 0.002184694167226553 
vn -1.0341130485562108e-13 0.999997615814209 0.002184694167226553 
vn -1.0341130485562108e-13 0.999997615814209 0.002184694167226553 
vn -1.0341130485562108e-13 0.999997615814209 0.002184694167226553 
vn -1.0341130485562108e-13 0.999997615814209 0.002184694167226553 
vn -1.0341130485562108e-13 0.999997615814209 0.002184694167226553 
vn -1.0341130485562108e-13 0.999997615814209 0.002184694167226553 
vn -1.0341130485562108e-13 0.999997615814209 0.002184694167226553 
vn -1.0341130485562108e-13 0.999997615814209 0.002184694167226553 
vn -1.0341130485562108e-13 0.999997615814209 0.002184694167226553 
vn -1.0341130485562108e-13 0.999997615814209 0.002184694167226553 
vn -1.0341130485562108e-13 0.999997615814209 0.002184694167226553 
vn -1.0341130485562108e-13 0.999997615814209 0.002184694167226553 
vn -1.0341130485562108e-13 0.999997615814209 0.002184694167226553 
vn 3.097898456858039e-13 -0.999997615814209 0.002184694167226553 
vn 3.097898456858039e-13 -0.999997615814209 0.002184694167226553 
vn 3.097898456858039e-13 -0.999997615814209 0.002184694167226553 
vn 3.097898456858039e-13 -0.999997615814209 0.002184694167226553 
vn 3.097898456858039e-13 -0.999997615814209 0.002184694167226553 
vn 3.097898456858039e-13 -0.999997615814209 0.002184694167226553 
vn 3.097898456858039e-13 -0.999997615814209 0.002184694167226553 
vn 3.097898456858039e-13 -0.999997615814209 0.002184694167226553 
vn 3.097898456858039e-13 -0.999997615814209 0.002184694167226553 
vn 3.097898456858039e-13 -0.999997615814209 0.002184694167226553 
vn 3.097898456858039e-13 -0.999997615814209 0.002184694167226553 
vn 3.097898456858039e-13 -0.999997615814209 0.002184694167226553 
vn 3.097898456858039e-13 -0.999997615814209 0.002184694167226553 
vn 3.097898456858039e-13 -0.999997615814209 0.002184694167226553 
vn 3.097898456858039e-13 -0.999997615814209 0.002184694167226553 
vn 3.097898456858039e-13 -0.999997615814209 0.002184694167226553 
vn 3.097898456858039e-13 -0.999997615814209 0.002184694167226553 
vn 3.097898456858039e-13 -0.999997615814209 0.002184694167226553 
vn 3.097898456858039e-13 -0.999997615814209 0.002184694167226553 
vn 3.097898456858039e-13 -0.999997615814209 0.002184694167226553 
vn 3.097898456858039e-13 -0.999997615814209 0.002184694167226553 
vn 3.097898456858039e-13 -0.999997615814209 0.002184694167226553 
vn 3.097898456858039e-13 -0.999997615814209 0.002184694167226553 
vn 3.097898456858039e-13 -0.999997615814209 0.002184694167226553 
vn 3.097898456858039e-13 -0.999997615814209 0.002184694167226553 
vn 3.097898456858039e-13 -0.999997615814209 0.002184694167226553 
vn 3.097898456858039e-13 -0.999997615814209 0.002184694167226553 
vn 3.097898456858039e-13 -0.999997615814209 0.002184694167226553 
vn -1.0341130485562108e-13 0.999997615814209 0.002184694167226553 
vn -1.0341130485562108e-13 0.999997615814209 0.002184694167226553 
vn -1.0341130485562108e-13 0.999997615814209 0.002184694167226553 
vn -1.0341130485562108e-13 0.999997615814209 0.002184694167226553 
vn -1.0341130485562108e-13 0.999997615814209 0.002184694167226553 
vn -1.0341130485562108e-13 0.999997615814209 0.002184694167226553 
vn -1.0341130485562108e-13 0.999997615814209 0.002184694167226553 
vn -1.0341130485562108e-13 0.999997615814209 0.002184694167226553 
vn -1.0341130485562108e-13 0.999997615814209 0.002184694167226553 
vn -1.0341130485562108e-13 0.999997615814209 0.002184694167226553 
vn -1.0341130485562108e-13 0.999997615814209 0.002184694167226553 
vn -1.0341130485562108e-13 0.999997615814209 0.002184694167226553 
vn -1.0341130485562108e-13 0.999997615814209 0.002184694167226553 
vn -1.0341130485562108e-13 0.999997615814209 0.002184694167226553 
vn -1.0341130485562108e-13 0.999997615814209 0.002184694167226553 
vn -1.0341130485562108e-13 0.999997615814209 0.002184694167226553 
vn -1.0341130485562108e-13 0.999997615814209 0.002184694167226553 
vn -1.0341130485562108e-13 0.999997615814209 0.002184694167226553 
vn -1.0341130485562108e-13 0.999997615814209 0.002184694167226553 
vn -1.0341130485562108e-13 0.999997615814209 0.002184694167226553 
vn -1.0341130485562108e-13 0.999997615814209 0.002184694167226553 
vn -1.0341130485562108e-13 0.999997615814209 0.002184694167226553 
vn -1.0341130485562108e-13 0.999997615814209 0.002184694167226553 
vn -1.0341130485562108e-13 0.999997615814209 0.002184694167226553 
vn -1.0341130485562108e-13 0.999997615814209 0.002184694167226553 
vn -1.0341130485562108e-13 0.999997615814209 0.002184694167226553 
vn -1.0341130485562108e-13 0.999997615814209 0.002184694167226553 
vn -1.0341130485562108e-13 0.999997615814209 0.002184694167226553 
vn -1.0341130485562108e-13 0.999997615814209 0.002184694167226553 
vn -1.0341130485562108e-13 0.999997615814209 0.002184694167226553 
vn -1.0341130485562108e-13 0.999997615814209 0.002184694167226553 
vn -1.0341130485562108e-13 0.999997615814209 0.002184694167226553 
vn -1.0341130485562108e-13 0.999997615814209 0.002184694167226553 
vn -1.0341130485562108e-13 0.999997615814209 0.002184694167226553 
vn -1.0341130485562108e-13 0.999997615814209 0.002184694167226553 
vn -1.0341130485562108e-13 0.999997615814209 0.002184694167226553 
vn -1.0341130485562108e-13 0.999997615814209 0.002184694167226553 
vn -1.0341130485562108e-13 0.999997615814209 0.002184694167226553 
vn -1.0341130485562108e-13 0.999997615814209 0.002184694167226553 
vn -1.0341130485562108e-13 0.999997615814209 0.002184694167226553 
vn -1.0341130485562108e-13 0.999997615814209 0.002184694167226553 
vn -1.0341130485562108e-13 0.999997615814209 0.002184694167226553 
vn -1.0341130485562108e-13 0.999997615814209 0.002184694167226553 
vn -1.0341130485562108e-13 0.999997615814209 0.002184694167226553 
vn -1.0341130485562108e-13 0.999997615814209 0.002184694167226553 
vn -1.0341130485562108e-13 0.999997615814209 0.002184694167226553 
vn -1.0341130485562108e-13 0.999997615814209 0.002184694167226553 
vn -1.0341130485562108e-13 0.999997615814209 0.002184694167226553 
vn -1.0341130485562108e-13 0.999997615814209 0.002184694167226553 
vn -1.0341130485562108e-13 0.999997615814209 0.002184694167226553 
vn -1.0341130485562108e-13 0.999997615814209 0.002184694167226553 
vn -1.0341130485562108e-13 0.999997615814209 0.002184694167226553 
vn -1.0341130485562108e-13 0.999997615814209 0.002184694167226553 
vn -1.0341130485562108e-13 0.999997615814209 0.002184694167226553 
vn -1.0341130485562108e-13 0.999997615814209 0.002184694167226553 
vn -1.0341130485562108e-13 0.999997615814209 0.002184694167226553 
vn -1.0341130485562108e-13 0.999997615814209 0.002184694167226553 
vn -1.0341130485562108e-13 0.999997615814209 0.002184694167226553 
vn -1.0341130485562108e-13 0.999997615814209 0.002184694167226553 
vn -1.0341130485562108e-13 0.999997615814209 0.002184694167226553 
vn -1.0341130485562108e-13 0.999997615814209 0.002184694167226553 
vn -1.0341130485562108e-13 0.999997615814209 0.002184694167226553 
vn -1.0341130485562108e-13 0.999997615814209 0.002184694167226553 
vn -1.0341130485562108e-13 0.999997615814209 0.002184694167226553 
vn -1.0341130485562108e-13 0.999997615814209 0.002184694167226553 
vn -1.0341130485562108e-13 0.999997615814209 0.002184694167226553 
vn -1.0341130485562108e-13 0.999997615814209 0.002184694167226553 
vn -1.0341130485562108e-13 0.999997615814209 0.002184694167226553 
vn -1.0341130485562108e-13 0.999997615814209 0.002184694167226553 
vn -1.0341130485562108e-13 0.999997615814209 0.002184694167226553 
vn -1.0341130485562108e-13 0.999997615814209 0.002184694167226553 
vn -1.0341130485562108e-13 0.999997615814209 0.002184694167226553 
vn -1.0341130485562108e-13 0.999997615814209 0.002184694167226553 
vn -1.0341130485562108e-13 0.999997615814209 0.002184694167226553 
vn 0.9998067021369934 0 0.01966099627315998 
vn 0.9998067021369934 0 0.01966099627315998 
vn 0.9998067021369934 0 0.01966099627315998 
vn 0.9998067021369934 0 0.01966099627315998 
vn 0.9989477396011353 0 0.04586252197623253 
vn 0.9989477396011353 0 0.04586252197623253 
vn 0.9947329759597778 0 0.10250037163496017 
vn 0.9947329759597778 0 0.10250037163496017 
vn 0.9851431250572205 0 0.17173540592193604 
vn 0.9851431250572205 0 0.17173540592193604 
vn 0.9663954377174377 0 0.25706008076667786 
vn 0.9663954377174377 0 0.25706008076667786 
vn 0.9341793656349182 0 0.3568037748336792 
vn 0.9341793656349182 0 0.3568037748336792 
vn 0.8975561261177063 0 0.4409002661705017 
vn 0.8975561261177063 0 0.4409002661705017 
vn 0.8487933278083801 0 0.528724730014801 
vn 0.8487933278083801 0 0.528724730014801 
vn 0.7887872457504272 0 0.6146662831306458 
vn 0.7887872457504272 0 0.6146662831306458 
vn 0.7351005673408508 0 0.677958071231842 
vn 0.7351005673408508 0 0.677958071231842 
vn 0.6827613711357117 0 0.7306414246559143 
vn 0.6827613711357117 0 0.7306414246559143 
vn 0.6198228597640991 0 0.7847417593002319 
vn 0.6198228597640991 0 0.7847417593002319 
vn 0.5489680171012878 0 0.8358433246612549 
vn 0.5489680171012878 0 0.8358433246612549 
vn 0.47392362356185913 0 0.8805659413337708 
vn 0.47392362356185913 0 0.8805659413337708 
vn 0.39526233077049255 0 0.9185682535171509 
vn 0.39526233077049255 0 0.9185682535171509 
vn 0.31358450651168823 0 0.949560284614563 
vn 0.31358450651168823 0 0.949560284614563 
vn 0.23376400768756866 0 0.9722933769226074 
vn 0.23376400768756866 0 0.9722933769226074 
vn 0.1523333042860031 0 0.9883291721343994 
vn 0.1523333042860031 0 0.9883291721343994 
vn 0.06113334000110626 0 0.9981296062469482 
vn 0.06113334000110626 0 0.9981296062469482 
vn -0.0566549077630043 0.0036373657640069723 0.9983872175216675 
vn -0.0566549077630043 0.0036373657640069723 0.9983872175216675 
vn -0.16958275437355042 -3.507363195991327e-14 0.9855159521102905 
vn -0.16958275437355042 -3.507363195991327e-14 0.9855159521102905 
vn -0.259143590927124 0.0037519836332648993 0.9658315181732178 
vn -0.259143590927124 0.0037519836332648993 0.9658315181732178 
vn -0.33013176918029785 -6.8278878644773e-14 0.9439348578453064 
vn -0.33013176918029785 -6.8278878644773e-14 0.9439348578453064 
vn -0.4032568037509918 0.0037593627348542213 0.9150791168212891 
vn -0.4032568037509918 0.0037593627348542213 0.9150791168212891 
vn -0.47007158398628235 -9.722166241553712e-14 0.882628321647644 
vn -0.47007158398628235 -9.722166241553712e-14 0.882628321647644 
vn -0.5342764258384705 -1.1050071312612361e-13 0.8453097939491272 
vn -0.5342764258384705 -1.1050071312612361e-13 0.8453097939491272 
vn -0.5955228805541992 0.0037644170224666595 0.8033295273780823 
vn -0.5955228805541992 0.0037644170224666595 0.8033295273780823 
vn -0.6534979343414307 0.0037670589517802 0.7569189071655273 
vn -0.6534979343414307 0.0037670589517802 0.7569189071655273 
vn -0.7109582424163818 -1.470425886086757e-13 0.7032341957092285 
vn -0.7109582424163818 -1.470425886086757e-13 0.7032341957092285 
vn -0.7806625962257385 -1.6145906226588957e-13 0.6249527335166931 
vn -0.7806625962257385 -1.6145906226588957e-13 0.6249527335166931 
vn -0.8417815566062927 0.003772542579099536 0.5398051738739014 
vn -0.8417815566062927 0.003772542579099536 0.5398051738739014 
vn -0.8856902122497559 -1.8318120186943537e-13 0.4642767012119293 
vn -0.8856902122497559 -1.8318120186943537e-13 0.4642767012119293 
vn -0.9211313724517822 0.003772927913814783 0.3892335295677185 
vn -0.9211313724517822 0.003772927913814783 0.3892335295677185 
vn -0.9568139314651489 0.003771562362089753 0.29067665338516235 
vn -0.9568139314651489 0.003771562362089753 0.29067665338516235 
vn -0.98198401927948 0.003776020836085081 0.18892620503902435 
vn -0.98198401927948 0.003776020836085081 0.18892620503902435 
vn -0.9947329759597778 -2.0573375902194213e-13 0.10250037163496017 
vn -0.9947329759597778 -2.0573375902194213e-13 0.10250037163496017 
vn -0.9994630813598633 -2.0671206174723011e-13 0.03276457265019417 
vn -0.9994630813598633 -2.0671206174723011e-13 0.03276457265019417 
vn -0.999997615814209 -2.0682260971124217e-13 -0.002184694167226553 
vn -0.999997615814209 -2.0682260971124217e-13 -0.002184694167226553 
vn -0.9993103742599487 -2.0668048435895647e-13 -0.03713129088282585 
vn -0.9993103742599487 -2.0668048435895647e-13 -0.03713129088282585 
vn -0.9937921166419983 0.0037752175703644753 -0.1111890971660614 
vn -0.9937921166419983 0.0037752175703644753 -0.1111890971660614 
vn -0.9811564087867737 -2.0249009717240862e-13 -0.19321508705615997 
vn -0.9811564087867737 -2.0249009717240862e-13 -0.19321508705615997 
vn -0.9593249559402466 -1.9841056965799742e-13 -0.28230419754981995 
vn -0.9593249559402466 -1.9841056965799742e-13 -0.28230419754981995 
vn -0.9261542558670044 0.003773820586502552 -0.37712597846984863 
vn -0.9261542558670044 0.003773820586502552 -0.37712597846984863 
vn -0.8795284628868103 -1.8190681708336875e-13 -0.4758462607860565 
vn -0.8795284628868103 -1.8190681708336875e-13 -0.4758462607860565 
vn -0.8297969698905945 -1.7162118080837896e-13 -0.5580654144287109 
vn -0.8297969698905945 -1.7162118080837896e-13 -0.5580654144287109 
vn -0.7724037170410156 -1.5975094240072013e-13 -0.6351318359375 
vn -0.7724037170410156 -1.5975094240072013e-13 -0.6351318359375 
vn -0.6922798156738281 -1.431794678478926e-13 -0.7216291427612305 
vn -0.6922798156738281 -1.431794678478926e-13 -0.7216291427612305 
vn -0.602520227432251 0.003778239479288459 -0.7980946898460388 
vn -0.602520227432251 0.003778239479288459 -0.7980946898460388 
vn -0.5231367349624634 0.0037781863939017057 -0.8522403836250305 
vn -0.5231367349624634 0.0037781863939017057 -0.8522403836250305 
vn -0.4545743763446808 -9.401648296686327e-14 -0.8907088041305542 
vn -0.4545743763446808 -9.401648296686327e-14 -0.8907088041305542 
vn -0.3831879794597626 -7.925212949008026e-14 -0.9236704111099243 
vn -0.3831879794597626 -7.925212949008026e-14 -0.9236704111099243 
vn -0.30527463555336 -6.31378494408627e-14 -0.9522643685340881 
vn -0.30527463555336 -6.31378494408627e-14 -0.9522643685340881 
vn -0.22948241233825684 0.0037748967297375202 -0.9733054637908936 
vn -0.22948241233825684 0.0037748967297375202 -0.9733054637908936 
vn -0.1523333042860031 -3.150604777069077e-14 -0.9883291721343994 
vn -0.1523333042860031 -3.150604777069077e-14 -0.9883291721343994 
vn -0.07847624272108078 0.0037958852481096983 -0.9969087839126587 
vn -0.07847624272108078 0.0037958852481096983 -0.9969087839126587 
vn -0.007873271591961384 0.0037915678694844246 -0.999961793422699 
vn -0.007873271591961384 0.0037915678694844246 -0.999961793422699 
vn 0.06549396365880966 0 -0.9978529810905457 
vn 0.06549396365880966 0 -0.9978529810905457 
vn 0.1436908096075058 0 -0.9896226525306702 
vn 0.1436908096075058 0 -0.9896226525306702 
vn 0.22099928557872772 0 -0.9752739667892456 
vn 0.22099928557872772 0 -0.9752739667892456 
vn 0.3011109232902527 0 -0.953589141368866 
vn 0.3011109232902527 0 -0.953589141368866 
vn 0.3831879794597626 0 -0.9236704111099243 
vn 0.3831879794597626 0 -0.9236704111099243 
vn 0.4662105441093445 0 -0.8846737742424011 
vn 0.4662105441093445 0 -0.8846737742424011 
vn 0.5416429042816162 0 -0.8406086564064026 
vn 0.5416429042816162 0 -0.8406086564064026 
vn 0.612941563129425 0 -0.790128231048584 
vn 0.612941563129425 0 -0.790128231048584 
vn 0.6731256246566772 0 -0.7395281791687012 
vn 0.6731256246566772 0 -0.7395281791687012 
vn 0.7409969568252563 0 -0.6715083718299866 
vn 0.7409969568252563 0 -0.6715083718299866 
vn 0.812342643737793 0 -0.5831804275512695 
vn 0.812342643737793 0 -0.5831804275512695 
vn 0.8710779547691345 0 -0.4911448359489441 
vn 0.8710779547691345 0 -0.4911448359489441 
vn 0.9194296002388 0 -0.3932546079158783 
vn 0.9194296002388 0 -0.3932546079158783 
vn 0.9580822587013245 0 -0.2864931523799896 
vn 0.9580822587013245 0 -0.2864931523799896 
vn 0.9819912910461426 0 -0.18892620503902435 
vn 0.9819912910461426 0 -0.18892620503902435 
vn 0.9937992691993713 0 -0.1111890971660614 
vn 0.9937992691993713 0 -0.1111890971660614 
vn 0.9987378120422363 0 -0.05022686347365379 
vn 0.9987378120422363 0 -0.05022686347365379 
vn 0.999711275100708 0 -0.024029340595006943 
vn -1.0341130485562108e-13 0.999997615814209 0.002184694167226553 
vn -1.0341130485562108e-13 0.999997615814209 0.002184694167226553 
vn -1.0341130485562108e-13 0.999997615814209 0.002184694167226553 
vn -1.0341130485562108e-13 0.999997615814209 0.002184694167226553 
vn -1.0341130485562108e-13 0.999997615814209 0.002184694167226553 
vn -1.0341130485562108e-13 0.999997615814209 0.002184694167226553 
vn -1.0341130485562108e-13 0.999997615814209 0.002184694167226553 
vn -1.0341130485562108e-13 0.999997615814209 0.002184694167226553 
vn -1.0341130485562108e-13 0.999997615814209 0.002184694167226553 
vn -1.0341130485562108e-13 0.999997615814209 0.002184694167226553 
vn -1.0341130485562108e-13 0.999997615814209 0.002184694167226553 
vn -1.0341130485562108e-13 0.999997615814209 0.002184694167226553 
vn -1.0341130485562108e-13 0.999997615814209 0.002184694167226553 
vn -1.0341130485562108e-13 0.999997615814209 0.002184694167226553 
vn -1.0341130485562108e-13 0.999997615814209 0.002184694167226553 
vn -1.0341130485562108e-13 0.999997615814209 0.002184694167226553 
vn 3.097898456858039e-13 -0.999997615814209 0.002184694167226553 
vn 3.097898456858039e-13 -0.999997615814209 0.002184694167226553 
vn 3.097898456858039e-13 -0.999997615814209 0.002184694167226553 
vn 3.097898456858039e-13 -0.999997615814209 0.002184694167226553 
vn -2.0682311115474694e-13 0 -1 
vn -2.0682311115474694e-13 0 -1 
vn -2.0682311115474694e-13 0 -1 
vn -2.0682311115474694e-13 0 -1 
vn -1.0341130485562108e-13 0.999997615814209 0.002184694167226553 
vn -1.0341130485562108e-13 0.999997615814209 0.002184694167226553 
vn -1.0341130485562108e-13 0.999997615814209 0.002184694167226553 
vn -1.0341130485562108e-13 0.999997615814209 0.002184694167226553 
vn -1.0341130485562108e-13 0.999997615814209 0.002184694167226553 
vn -1.0341130485562108e-13 0.999997615814209 0.002184694167226553 
vn -1.0341130485562108e-13 0.999997615814209 0.002184694167226553 
vn -1.0341130485562108e-13 0.999997615814209 0.002184694167226553 
vn -1.0341130485562108e-13 0.999997615814209 0.002184694167226553 
vn -1.0341130485562108e-13 0.999997615814209 0.002184694167226553 
vn -1.0341130485562108e-13 0.999997615814209 0.002184694167226553 
vn -1.0341130485562108e-13 0.999997615814209 0.002184694167226553 
vn -1.0341130485562108e-13 0.999997615814209 0.002184694167226553 
vn -1.0341130485562108e-13 0.999997615814209 0.002184694167226553 
vn -1.0341130485562108e-13 0.999997615814209 0.002184694167226553 
vn -1.0341130485562108e-13 0.999997615814209 0.002184694167226553 
vn -1.0341130485562108e-13 0.999997615814209 0.002184694167226553 
vn -1.0341130485562108e-13 0.999997615814209 0.002184694167226553 
vn -1.0341130485562108e-13 0.999997615814209 0.002184694167226553 
vn -1.0341130485562108e-13 0.999997615814209 0.002184694167226553 
vn -1.0341130485562108e-13 0.999997615814209 0.002184694167226553 
vn -1.0341130485562108e-13 0.999997615814209 0.002184694167226553 
vn -1.0341130485562108e-13 0.999997615814209 0.002184694167226553 
vn -1.0341130485562108e-13 0.999997615814209 0.002184694167226553 
vn -1.0341130485562108e-13 0.999997615814209 0.002184694167226553 
vn -1.0341130485562108e-13 0.999997615814209 0.002184694167226553 
vn -1.0341130485562108e-13 0.999997615814209 0.002184694167226553 
vn -1.0341130485562108e-13 0.999997615814209 0.002184694167226553 
vn -1.0341130485562108e-13 0.999997615814209 0.002184694167226553 
vn -1.0341130485562108e-13 0.999997615814209 0.002184694167226553 
vn -1.0341130485562108e-13 0.999997615814209 0.002184694167226553 
vn -1.0341130485562108e-13 0.999997615814209 0.002184694167226553 
vn -1.0341130485562108e-13 0.999997615814209 0.002184694167226553 
vn -1.0341130485562108e-13 0.999997615814209 0.002184694167226553 
vn -1.0341130485562108e-13 0.999997615814209 0.002184694167226553 
vn -1.0341130485562108e-13 0.999997615814209 0.002184694167226553 
vn -1.0341130485562108e-13 0.999997615814209 0.002184694167226553 
vn -1.0341130485562108e-13 0.999997615814209 0.002184694167226553 
vn -1.0341130485562108e-13 0.999997615814209 0.002184694167226553 
vn -1.0341130485562108e-13 0.999997615814209 0.002184694167226553 
vn 0.5268691182136536 0 -0.8499464392662048 
vn 0.5268691182136536 0 -0.8499464392662048 
vn 0.5416429042816162 0 -0.8406086564064026 
vn 0.5416429042816162 0 -0.8406086564064026 
vn 0.5778437852859497 0 -0.8161473870277405 
vn 0.5778437852859497 0 -0.8161473870277405 
vn 0.6468693614006042 0 -0.762600839138031 
vn 0.6468693614006042 0 -0.762600839138031 
vn 0.7140241861343384 0 -0.7001210451126099 
vn 0.7140241861343384 0 -0.7001210451126099 
vn 0.7806625962257385 0 -0.6249527335166931 
vn 0.7806625962257385 0 -0.6249527335166931 
vn 0.85109543800354 0 -0.5250110030174255 
vn 0.85109543800354 0 -0.5250110030174255 
vn 0.9141958951950073 0 -0.405272513628006 
vn 0.9141958951950073 0 -0.405272513628006 
vn 0.9580822587013245 0 -0.2864931523799896 
vn 0.9580822587013245 0 -0.2864931523799896 
vn 0.986606240272522 0 -0.16312000155448914 
vn 0.986606240272522 0 -0.16312000155448914 
vn 0.9993103742599487 0 -0.03713129088282585 
vn 0.9993103742599487 0 -0.03713129088282585 
vn 0.9974023103713989 0 0.07203252613544464 
vn 0.9974023103713989 0 0.07203252613544464 
vn 0.9873095750808716 0 0.15880759060382843 
vn 0.9873095750808716 0 0.15880759060382843 
vn 0.9728017449378967 0 0.23163928091526031 
vn 0.9728017449378967 0 0.23163928091526031 
vn 0.9542446732521057 0 0.2990269064903259 
vn 0.9542446732521057 0 0.2990269064903259 
vn 0.9294221997261047 0 0.3690181374549866 
vn 0.9294221997261047 0 0.3690181374549866 
vn 0.899474024772644 0 0.43697428703308105 
vn 0.899474024772644 0 0.43697428703308105 
vn 0.8579040765762329 0 0.5138099193572998 
vn 0.8579040765762329 0 0.5138099193572998 
vn 0.7967764139175415 0 0.6042742133140564 
vn 0.7967764139175415 0 0.6042742133140564 
vn 0.7231398820877075 0 0.6907016038894653 
vn 0.7231398820877075 0 0.6907016038894653 
vn 0.6568098068237305 0 0.7540562748908997 
vn 0.6568098068237305 0 0.7540562748908997 
vn 0.5884920358657837 0 0.8085030317306519 
vn 0.5884920358657837 0 0.8085030317306519 
vn 0.5156829357147217 0 0.8567795157432556 
vn 0.5156829357147217 0 0.8567795157432556 
vn 0.4231681823730469 0 0.9060511589050293 
vn 0.4231681823730469 0 0.9060511589050293 
vn 0.31773048639297485 0 0.9481810927391052 
vn 0.31773048639297485 0 0.9481810927391052 
vn 0.2124682515859604 0 0.9771679639816284 
vn 0.2124682515859604 0 0.9771679639816284 
vn 0.1133599802851677 0 0.9935539960861206 
vn 0.1133599802851677 0 0.9935539960861206 
vn 0.026213347911834717 0 0.9996563792228699 
vn 0.026213347911834717 0 0.9996563792228699 
vn -0.06113334000110626 -1.264378785860703e-14 0.9981296062469482 
vn -0.06113334000110626 -1.264378785860703e-14 0.9981296062469482 
vn -0.15665024518966675 -3.2398888259732583e-14 0.9876541495323181 
vn -0.15665024518966675 -3.2398888259732583e-14 0.9876541495323181 
vn -0.2422226220369339 0.0037488944362848997 0.9702134728431702 
vn -0.2422226220369339 0.0037488944362848997 0.9702134728431702 
vn -0.30525144934654236 0.0037608793936669827 0.9522643685340881 
vn -0.30525144934654236 0.0037608793936669827 0.9522643685340881 
vn -0.3588438034057617 -7.421718946874767e-14 0.933397650718689 
vn -0.3588438034057617 -7.421718946874767e-14 0.933397650718689 
vn -0.3831879794597626 -7.925212949008026e-14 0.9236704111099243 
vn -0.3831879794597626 -7.925212949008026e-14 0.9236704111099243 
vn -1.0341130485562108e-13 0.999997615814209 0.002184694167226553 
vn -1.0341130485562108e-13 0.999997615814209 0.002184694167226553 
vn -1.0341130485562108e-13 0.999997615814209 0.002184694167226553 
vn -1.0341130485562108e-13 0.999997615814209 0.002184694167226553 
vn -1.0341130485562108e-13 0.999997615814209 0.002184694167226553 
vn -1.0341130485562108e-13 0.999997615814209 0.002184694167226553 
vn -1.0341130485562108e-13 0.999997615814209 0.002184694167226553 
vn -1.0341130485562108e-13 0.999997615814209 0.002184694167226553 
vn -1.0341130485562108e-13 0.999997615814209 0.002184694167226553 
vn 0.5044081807136536 0 -0.8634653687477112 
vn 0.5044081807136536 0 -0.8634653687477112 
vn 0.5081761479377747 0 -0.8612531423568726 
vn 0.5081761479377747 0 -0.8612531423568726 
vn 0.5305778384208679 0 -0.8476362228393555 
vn 0.5305778384208679 0 -0.8476362228393555 
vn 0.5849537253379822 0 -0.8110666871070862 
vn 0.5849537253379822 0 -0.8110666871070862 
vn 0.669887900352478 0 -0.7424622178077698 
vn 0.669887900352478 0 -0.7424622178077698 
vn 0.7554894089698792 0 -0.6551609039306641 
vn 0.7554894089698792 0 -0.6551609039306641 
vn 0.812342643737793 0 -0.5831804275512695 
vn 0.812342643737793 0 -0.5831804275512695 
vn 0.8533812761306763 0 -0.5212872624397278 
vn 0.8533812761306763 0 -0.5212872624397278 
vn 0.8897135257720947 0 -0.456519216299057 
vn 0.8897135257720947 0 -0.456519216299057 
vn 0.921139121055603 0 -0.3892335295677185 
vn 0.921139121055603 0 -0.3892335295677185 
vn 0.9460783004760742 0 -0.3239381015300751 
vn 0.9460783004760742 0 -0.3239381015300751 
vn 0.9696819186210632 0 -0.24437066912651062 
vn 0.9696819186210632 0 -0.24437066912651062 
vn 0.9905431270599365 0 -0.1372016966342926 
vn 0.9905431270599365 0 -0.1372016966342926 
vn 0.9995967149734497 0 -0.028397228568792343 
vn 0.9995967149734497 0 -0.028397228568792343 
vn 0.9977074861526489 0 0.06767380982637405 
vn 0.9977074861526489 0 0.06767380982637405 
vn 0.986606240272522 0 0.16312000155448914 
vn 0.986606240272522 0 0.16312000155448914 
vn 0.962942898273468 0 0.26970529556274414 
vn 0.962942898273468 0 0.26970529556274414 
vn 0.9278009533882141 0 0.37307560443878174 
vn 0.9278009533882141 0 0.37307560443878174 
vn 0.8916997909545898 0 0.45262736082077026 
vn 0.8916997909545898 0 0.45262736082077026 
vn 0.8579040765762329 0 0.5138099193572998 
vn 0.8579040765762329 0 0.5138099193572998 
vn 0.8174078464508057 0 0.5760593414306641 
vn 0.8174078464508057 0 0.5760593414306641 
vn 0.7724037170410156 0 0.6351318359375 
vn 0.7724037170410156 0 0.6351318359375 
vn 0.7231398820877075 0 0.6907016038894653 
vn 0.7231398820877075 0 0.6907016038894653 
vn 0.6600983142852783 0 0.7511792182922363 
vn 0.6600983142852783 0 0.7511792182922363 
vn 0.5742721557617188 0 0.8186644315719604 
vn 0.5742721557617188 0 0.8186644315719604 
vn 0.4816005229949951 0 0.8763908743858337 
vn 0.4816005229949951 0 0.8763908743858337 
vn 0.3912450075149536 0 0.9202865362167358 
vn 0.3912450075149536 0 0.9202865362167358 
vn 0.3094325065612793 0 0.9509214162826538 
vn 0.3094325065612793 0 0.9509214162826538 
vn 0.21673583984375 0 0.976230263710022 
vn 0.21673583984375 0 0.976230263710022 
vn 0.10901768505573273 0 0.9940398335456848 
vn 0.10901768505573273 0 0.9940398335456848 
vn 0.008738672360777855 0 0.999961793422699 
vn 0.008738672360777855 0 0.999961793422699 
vn -0.06549396365880966 -1.3545665342163098e-14 0.9978529810905457 
vn -0.06549396365880966 -1.3545665342163098e-14 0.9978529810905457 
vn -0.14796672761440277 0.0037195926997810602 0.9889853596687317 
vn -0.14796672761440277 0.0037195926997810602 0.9889853596687317 
vn -0.22096742689609528 0.003752737306058407 0.9752739667892456 
vn -0.22096742689609528 0.003752737306058407 0.9752739667892456 
vn -0.259143590927124 0.0037519836332648993 0.9658315181732178 
vn -0.259143590927124 0.0037519836332648993 0.9658315181732178 
vn 0.999997615814209 0 0.002184694167226553 
vn 0.999997615814209 0 0.002184694167226553 
vn 0.999997615814209 0 0.002184694167226553 
vn 0.999997615814209 0 0.002184694167226553 
vn 0.6827613711357117 0 0.7306414246559143 
vn 0.6827613711357117 0 0.7306414246559143 
vn 0.6827613711357117 0 0.7306414246559143 
vn 0.6827613711357117 0 0.7306414246559143 
vn 0.999997615814209 0 0.002184694167226553 
vn 0.999997615814209 0 0.002184694167226553 
vn 0.999997615814209 0 0.002184694167226553 
vn 0.999997615814209 0 0.002184694167226553 
vn -2.0682311115474694e-13 0 -1 
vn -2.0682311115474694e-13 0 -1 
vn -2.0682311115474694e-13 0 -1 
vn -2.0682311115474694e-13 0 -1 
vn 0.999138593673706 0 -0.04149730131030083 
vn 0.999138593673706 0 -0.04149730131030083 
vn 0.995991051197052 0 -0.08945280313491821 
vn 0.995991051197052 0 -0.08945280313491821 
vn 0.9811564087867737 0 -0.19321508705615997 
vn 0.9811564087867737 0 -0.19321508705615997 
vn 0.9529290199279785 0 -0.30319350957870483 
vn 0.9529290199279785 0 -0.30319350957870483 
vn 0.9088051319122314 0 -0.417220801115036 
vn 0.9088051319122314 0 -0.417220801115036 
vn 0.8556508421897888 0 -0.5175535082817078 
vn 0.8556508421897888 0 -0.5175535082817078 
vn 0.8072154521942139 0 -0.590256929397583 
vn 0.8072154521942139 0 -0.590256929397583 
vn 0.758344829082489 0 -0.651853621006012 
vn 0.758344829082489 0 -0.651853621006012 
vn 0.6985594630241394 0 -0.715552031993866 
vn 0.6985594630241394 0 -0.715552031993866 
vn 0.630055844783783 0 -0.7765498161315918 
vn 0.630055844783783 0 -0.7765498161315918 
vn 0.5526149272918701 0 -0.8334367275238037 
vn 0.5526149272918701 0 -0.8334367275238037 
vn 0.4662105441093445 0 -0.8846737742424011 
vn 0.4662105441093445 0 -0.8846737742424011 
vn 0.3791484534740448 0 -0.9253358840942383 
vn 0.3791484534740448 0 -0.9253358840942383 
vn 0.2885856032371521 0 -0.9574540853500366 
vn 0.2885856032371521 0 -0.9574540853500366 
vn 0.19964148104190826 0 -0.97986900806427 
vn 0.19964148104190826 0 -0.97986900806427 
vn 0.10032693296670914 0 -0.994954526424408 
vn 0.10032693296670914 0 -0.994954526424408 
vn -0.021845221519470215 -4.518096610544014e-15 -0.9997613430023193 
vn -0.021845221519470215 -4.518096610544014e-15 -0.9997613430023193 
vn -0.1479651927947998 0.003780060913413763 -0.9889853596687317 
vn -0.1479651927947998 0.003780060913413763 -0.9889853596687317 
vn -0.2549481689929962 -5.272917315995475e-14 -0.9669547080993652 
vn -0.2549481689929962 -5.272917315995475e-14 -0.9669547080993652 
vn -0.2969174385070801 0.0037766960449516773 -0.9548956751823425 
vn -0.2969174385070801 0.0037766960449516773 -0.9548956751823425 
vn -0.999997615814209 -2.0682260971124217e-13 0.002184694167226553 
vn -0.999997615814209 -2.0682260971124217e-13 0.002184694167226553 
vn -0.999997615814209 -2.0682260971124217e-13 0.002184694167226553 
vn -0.999997615814209 -2.0682260971124217e-13 0.002184694167226553 
vn -1.0341130485562108e-13 0.999997615814209 0.002184694167226553 
vn -1.0341130485562108e-13 0.999997615814209 0.002184694167226553 
vn -1.0341130485562108e-13 0.999997615814209 0.002184694167226553 
vn -1.0341130485562108e-13 0.999997615814209 0.002184694167226553 
vn -1.0341130485562108e-13 0.999997615814209 0.002184694167226553 
vn -1.0341130485562108e-13 0.999997615814209 0.002184694167226553 
vn -1.0341130485562108e-13 0.999997615814209 0.002184694167226553 
vn -1.0341130485562108e-13 0.999997615814209 0.002184694167226553 
vn -1.0341130485562108e-13 0.999997615814209 0.002184694167226553 
vn -1.0341130485562108e-13 0.999997615814209 0.002184694167226553 
vn -1.0341130485562108e-13 0.999997615814209 0.002184694167226553 
vn -1.0341130485562108e-13 0.999997615814209 0.002184694167226553 
vn -1.0341130485562108e-13 0.999997615814209 0.002184694167226553 
vn -1.0341130485562108e-13 0.999997615814209 0.002184694167226553 
vn -1.0341130485562108e-13 0.999997615814209 0.002184694167226553 
vn 0.3506734371185303 0 -0.9364978075027466 
vn 0.3506734371185303 0 -0.9364978075027466 
vn 0.31773048639297485 0 -0.9481810927391052 
vn 0.31773048639297485 0 -0.9481810927391052 
vn 0.2549481689929962 0 -0.9669547080993652 
vn 0.2549481689929962 0 -0.9669547080993652 
vn 0.19107110798358917 0 -0.9815762042999268 
vn 0.19107110798358917 0 -0.9815762042999268 
vn 0.10901768505573273 0 -0.9940398335456848 
vn 0.10901768505573273 0 -0.9940398335456848 
vn 0.026213347911834717 0 -0.9996563792228699 
vn 0.026213347911834717 0 -0.9996563792228699 
vn -0.043680015951395035 -9.034036675204318e-15 -0.9990455508232117 
vn -0.043680015951395035 -9.034036675204318e-15 -0.9990455508232117 
vn -0.11763838678598404 0.003811352187767625 -0.9930492043495178 
vn -0.11763838678598404 0.003811352187767625 -0.9930492043495178 
vn -0.2038857638835907 0.0037905313074588776 -0.9789873361587524 
vn -0.2038857638835907 0.0037905313074588776 -0.9789873361587524 
vn -0.30527463555336 -6.31378494408627e-14 -0.9522643685340881 
vn -0.30527463555336 -6.31378494408627e-14 -0.9522643685340881 
vn -0.40726879239082336 -8.405173665361129e-14 -0.913308322429657 
vn -0.40726879239082336 -8.405173665361129e-14 -0.913308322429657 
vn -0.49304670095443726 -1.0197344948699796e-13 -0.8700028657913208 
vn -0.49304670095443726 -1.0197344948699796e-13 -0.8700028657913208 
vn -0.5742597579956055 0.0037822143640369177 -0.8186644315719604 
vn -0.5742597579956055 0.0037822143640369177 -0.8186644315719604 
vn -0.660087525844574 0.0037773200310766697 -0.7511792182922363 
vn -0.660087525844574 0.0037773200310766697 -0.7511792182922363 
vn -0.7468271851539612 0.003778175450861454 -0.6650074124336243 
vn -0.7468271851539612 0.003778175450861454 -0.6650074124336243 
vn -0.8174078464508057 -1.686958407166872e-13 -0.5760593414306641 
vn -0.8174078464508057 -1.686958407166872e-13 -0.5760593414306641 
vn -0.8667445182800293 0.0037766648456454277 -0.4987381398677826 
vn -0.8667445182800293 0.0037766648456454277 -0.4987381398677826 
vn -0.899474024772644 -1.8603200306176876e-13 -0.43697428703308105 
vn -0.899474024772644 -1.8603200306176876e-13 -0.43697428703308105 
vn -0.9278009533882141 -1.914786417530484e-13 -0.37307560443878174 
vn -0.9278009533882141 -1.914786417530484e-13 -0.37307560443878174 
vn -0.9568213224411011 -1.978927682529455e-13 -0.29067665338516235 
vn -0.9568213224411011 -1.978927682529455e-13 -0.29067665338516235 
vn -0.9836047291755676 -2.034321875451356e-13 -0.18033768236637115 
vn -0.9836047291755676 -2.034321875451356e-13 -0.18033768236637115 
vn -0.998501718044281 0.0037748501636087894 -0.05459024757146835 
vn -0.998501718044281 0.0037748501636087894 -0.05459024757146835 
vn -0.9982536435127258 0.0037739125546067953 0.058952588587999344 
vn -0.9982536435127258 0.0037739125546067953 0.058952588587999344 
vn -0.9879940152168274 -2.043399900241577e-13 0.15449213981628418 
vn -0.9879940152168274 -2.043399900241577e-13 0.15449213981628418 
vn -0.9728017449378967 -2.0119787726060462e-13 0.23163928091526031 
vn -0.9728017449378967 -2.0119787726060462e-13 0.23163928091526031 
vn -0.9529215097427368 0.0037751663476228714 0.30319350957870483 
vn -0.9529215097427368 0.0037751663476228714 0.30319350957870483 
vn -0.9261542558670044 0.003773820586502552 0.37712597846984863 
vn -0.9261542558670044 0.003773820586502552 0.37712597846984863 
vn -0.8936689496040344 -1.8483138468101262e-13 0.4487268626689911 
vn -0.8936689496040344 -1.8483138468101262e-13 0.4487268626689911 
vn -0.855642557144165 0.003770123003050685 0.5175535082817078 
vn -0.855642557144165 0.003770123003050685 0.5175535082817078 
vn -0.8148743510246277 0.0037702820263803005 0.5796254277229309 
vn -0.8148743510246277 0.0037702820263803005 0.5796254277229309 
vn -0.7696120142936707 0.0037719605024904013 0.6385006904602051 
vn -0.7696120142936707 0.0037719605024904013 0.6385006904602051 
vn -0.7016692161560059 0.003768170950934291 0.7124928832054138 
vn -0.7016692161560059 0.003768170950934291 0.7124928832054138 
vn -0.6232457756996155 -1.2890162299095814e-13 0.7820260524749756 
vn -0.6232457756996155 -1.2890162299095814e-13 0.7820260524749756 
vn -0.5742598176002502 0.0037664223928004503 0.8186644315719604 
vn -0.5742598176002502 0.0037664223928004503 0.8186644315719604 
vn -0.5489680171012878 -1.1353927780594075e-13 0.8358433246612549 
vn -0.5489680171012878 -1.1353927780594075e-13 0.8358433246612549 
vn -0.5342764258384705 -1.1050071312612361e-13 0.8453097939491272 
vn -0.5342764258384705 -1.1050071312612361e-13 0.8453097939491272 
vn -0.5156829357147217 -1.0688416026815445e-13 0.8567795157432556 
vn -0.5156829357147217 -1.0688416026815445e-13 0.8567795157432556 
vn -0.5268691182136536 -1.0896871512761086e-13 0.8499464392662048 
vn -0.5268691182136536 -1.0896871512761086e-13 0.8499464392662048 
vn -0.5849537253379822 -1.2098194624929337e-13 0.8110666871070862 
vn -0.5849537253379822 -1.2098194624929337e-13 0.8110666871070862 
vn -0.6567990183830261 0.0037722443230450153 0.7540562748908997 
vn -0.6567990183830261 0.0037722443230450153 0.7540562748908997 
vn -0.73213130235672 -1.514216676308175e-13 0.681163489818573 
vn -0.73213130235672 -1.514216676308175e-13 0.681163489818573 
vn -0.7994090914726257 -1.6533627765491499e-13 0.6007870435714722 
vn -0.7994090914726257 -1.6533627765491499e-13 0.6007870435714722 
vn -0.8601409196853638 -1.7827899529906932e-13 0.5100564956665039 
vn -0.8601409196853638 -1.7827899529906932e-13 0.5100564956665039 
vn -0.9141881465911865 0.0037740119732916355 0.405272513628006 
vn -0.9141881465911865 0.0037740119732916355 0.405272513628006 
vn -0.9542446732521057 -1.9693608180847144e-13 0.2990269064903259 
vn -0.9542446732521057 -1.9693608180847144e-13 0.2990269064903259 
vn -0.9828073978424072 -2.0326728039470054e-13 0.18463370203971863 
vn -0.9828073978424072 -2.0326728039470054e-13 0.18463370203971863 
vn -0.9967347383499146 -2.0614777517403288e-13 0.08074574917554855 
vn -0.9967347383499146 -2.0614777517403288e-13 0.08074574917554855 
vn -0.9998830556869507 -2.0679891989377336e-13 -0.0152922747656703 
vn -0.9998830556869507 -2.0679891989377336e-13 -0.0152922747656703 
vn -0.9942684173583984 0.003777027130126953 -0.10684575140476227 
vn -0.9942684173583984 0.003777027130126953 -0.10684575140476227 
vn -0.9794232249259949 0.003775416174903512 -0.2017817199230194 
vn -0.9794232249259949 0.003775416174903512 -0.2017817199230194 
vn -0.9529215097427368 0.0037751663476228714 -0.30319350957870483 
vn -0.9529215097427368 0.0037751663476228714 -0.30319350957870483 
vn -0.9106194972991943 -1.883371524057445e-13 -0.41324591636657715 
vn -0.9106194972991943 -1.883371524057445e-13 -0.41324591636657715 
vn -0.8533812761306763 -1.7649896572480978e-13 -0.5212872624397278 
vn -0.8533812761306763 -1.7649896572480978e-13 -0.5212872624397278 
vn -0.7806534171104431 0.003778912592679262 -0.6249527335166931 
vn -0.7806534171104431 0.003778912592679262 -0.6249527335166931 
vn -0.7016691565513611 0.0037810977082699537 -0.7124928832054138 
vn -0.7016691565513611 0.0037810977082699537 -0.7124928832054138 
vn -0.6198112964630127 0.003781007369980216 -0.7847417593002319 
vn -0.6198112964630127 0.003781007369980216 -0.7847417593002319 
vn -0.5379515290260315 0.003780877683311701 -0.8429672718048096 
vn -0.5379515290260315 0.003780877683311701 -0.8429672718048096 
vn -0.4623406231403351 -9.582804927181499e-14 -0.8867024183273315 
vn -0.4623406231403351 -9.582804927181499e-14 -0.8867024183273315 
vn -0.387220174074173 -8.008608424862895e-14 -0.9219872951507568 
vn -0.387220174074173 -8.008608424862895e-14 -0.9219872951507568 
vn -0.3011109232902527 -6.227669476031178e-14 -0.953589141368866 
vn -0.3011109232902527 -6.227669476031178e-14 -0.953589141368866 
vn -0.19103381037712097 0.003775021992623806 -0.9815762042999268 
vn -0.19103381037712097 0.003775021992623806 -0.9815762042999268 
vn -0.08283717930316925 0.003774212207645178 -0.9965559244155884 
vn -0.08283717930316925 0.003774212207645178 -0.9965559244155884 
vn 0.013107799924910069 0 -0.9999141097068787 
vn 0.013107799924910069 0 -0.9999141097068787 
vn 0.10901768505573273 0 -0.9940398335456848 
vn 0.10901768505573273 0 -0.9940398335456848 
vn 0.1824861317873001 0 -0.983208417892456 
vn 0.1824861317873001 0 -0.983208417892456 
vn 0.20819661021232605 0 -0.9780870079994202 
vn 0.20819661021232605 0 -0.9780870079994202 
vn 0.20819661021232605 0 -0.9780870079994202 
vn 0.20819661021232605 0 -0.9780870079994202 
vn -1.0341130485562108e-13 0.999997615814209 0.002184694167226553 
vn -1.0341130485562108e-13 0.999997615814209 0.002184694167226553 
vn -1.0341130485562108e-13 0.999997615814209 0.002184694167226553 
vn -1.0341130485562108e-13 0.999997615814209 0.002184694167226553 
vn -1.0341130485562108e-13 0.999997615814209 0.002184694167226553 
vn -1.0341130485562108e-13 0.999997615814209 0.002184694167226553 
vn -1.0341130485562108e-13 0.999997615814209 0.002184694167226553 
vn -1.0341130485562108e-13 0.999997615814209 0.002184694167226553 
vn -1.0341130485562108e-13 0.999997615814209 0.002184694167226553 
vn -1.0341130485562108e-13 0.999997615814209 0.002184694167226553 
vn -1.0341130485562108e-13 0.999997615814209 0.002184694167226553 
vn -1.0341130485562108e-13 0.999997615814209 0.002184694167226553 
vn -1.0341130485562108e-13 0.999997615814209 0.002184694167226553 
vn -1.0341130485562108e-13 0.999997615814209 0.002184694167226553 
vn -1.0341130485562108e-13 0.999997615814209 0.002184694167226553 
vn -1.0341130485562108e-13 0.999997615814209 0.002184694167226553 
vn -1.0341130485562108e-13 0.999997615814209 0.002184694167226553 
vn -1.0341130485562108e-13 0.999997615814209 0.002184694167226553 
vn -1.0341130485562108e-13 0.999997615814209 0.002184694167226553 
vn -1.0341130485562108e-13 0.999997615814209 0.002184694167226553 
vn -1.0341130485562108e-13 0.999997615814209 0.002184694167226553 
vn -1.0341130485562108e-13 0.999997615814209 0.002184694167226553 
vn -1.0341130485562108e-13 0.999997615814209 0.002184694167226553 
vn -1.0341130485562108e-13 0.999997615814209 0.002184694167226553 
vn -1.0341130485562108e-13 0.999997615814209 0.002184694167226553 
vn -1.0341130485562108e-13 0.999997615814209 0.002184694167226553 
vn -1.0341130485562108e-13 0.999997615814209 0.002184694167226553 
vn -1.0341130485562108e-13 0.999997615814209 0.002184694167226553 
vn -1.0341130485562108e-13 0.999997615814209 0.002184694167226553 
vn -1.0341130485562108e-13 0.999997615814209 0.002184694167226553 
vn -1.0341130485562108e-13 0.999997615814209 0.002184694167226553 
vn -1.0341130485562108e-13 0.999997615814209 0.002184694167226553 
vn -1.0341130485562108e-13 0.999997615814209 0.002184694167226553 
vn -1.0341130485562108e-13 0.999997615814209 0.002184694167226553 
vn -1.0341130485562108e-13 0.999997615814209 0.002184694167226553 
vn -1.0341130485562108e-13 0.999997615814209 0.002184694167226553 
vn -0.7201051115989685 0.0037767908070236444 -0.6938546895980835 
vn -0.7201051115989685 0.0037767908070236444 -0.6938546895980835 
vn -0.6891098022460938 0.003778226673603058 -0.7246471047401428 
vn -0.6891098022460938 0.003778226673603058 -0.7246471047401428 
vn -0.6568098068237305 -1.3584344424073108e-13 -0.7540562748908997 
vn -0.6568098068237305 -1.3584344424073108e-13 -0.7540562748908997 
vn -0.6568098068237305 -1.3584344424073108e-13 -0.7540562748908997 
vn -0.6568098068237305 -1.3584344424073108e-13 -0.7540562748908997 
vn -1.0341130485562108e-13 0.999997615814209 0.002184694167226553 
vn -1.0341130485562108e-13 0.999997615814209 0.002184694167226553 
vn -1.0341130485562108e-13 0.999997615814209 0.002184694167226553 
vn -2.0682311115474694e-13 0 -1 
vn -2.0682311115474694e-13 0 -1 
vn -2.0682311115474694e-13 0 -1 
vn -2.0682311115474694e-13 0 -1 
vn -1.0341130485562108e-13 0.999997615814209 0.002184694167226553 
vn -1.0341130485562108e-13 0.999997615814209 0.002184694167226553 
vn -1.0341130485562108e-13 0.999997615814209 0.002184694167226553 
vn -1.0341130485562108e-13 0.999997615814209 0.002184694167226553 
vn -1.0341130485562108e-13 0.999997615814209 0.002184694167226553 
vn -1.0341130485562108e-13 0.999997615814209 0.002184694167226553 
vn -1.0341130485562108e-13 0.999997615814209 0.002184694167226553 
vn -1.0341130485562108e-13 0.999997615814209 0.002184694167226553 
vn -1.0341130485562108e-13 0.999997615814209 0.002184694167226553 
vn -1.0341130485562108e-13 0.999997615814209 0.002184694167226553 
vn -1.0341130485562108e-13 0.999997615814209 0.002184694167226553 
vn -1.0341130485562108e-13 0.999997615814209 0.002184694167226553 
vn -1.0341130485562108e-13 0.999997615814209 0.002184694167226553 
vn -1.0341130485562108e-13 0.999997615814209 0.002184694167226553 
vn 0 0 1 
vn 0 0 1 
vn 0 0 1 
vn 0 0 1 
vn 3.097898456858039e-13 -0.999997615814209 0.002184694167226553 
vn 3.097898456858039e-13 -0.999997615814209 0.002184694167226553 
vn 3.097898456858039e-13 -0.999997615814209 0.002184694167226553 
vn 3.097898456858039e-13 -0.999997615814209 0.002184694167226553 
vn 3.097898456858039e-13 -0.999997615814209 0.002184694167226553 
vn 3.097898456858039e-13 -0.999997615814209 0.002184694167226553 
vn 3.097898456858039e-13 -0.999997615814209 0.002184694167226553 
vn 3.097898456858039e-13 -0.999997615814209 0.002184694167226553 
vn 3.097898456858039e-13 -0.999997615814209 0.002184694167226553 
vn 3.097898456858039e-13 -0.999997615814209 0.002184694167226553 
vn 3.097898456858039e-13 -0.999997615814209 0.002184694167226553 
vn 3.097898456858039e-13 -0.999997615814209 0.002184694167226553 
vn 3.097898456858039e-13 -0.999997615814209 0.002184694167226553 
vn -1.0341130485562108e-13 0.999997615814209 0.002184694167226553 
vn -1.0341130485562108e-13 0.999997615814209 0.002184694167226553 
vn -1.0341130485562108e-13 0.999997615814209 0.002184694167226553 
vn -1.0341130485562108e-13 0.999997615814209 0.002184694167226553 
vn -1.0341130485562108e-13 0.999997615814209 0.002184694167226553 
vn -1.0341130485562108e-13 0.999997615814209 0.002184694167226553 
vn -1.0341130485562108e-13 0.999997615814209 0.002184694167226553 
vn -1.0341130485562108e-13 0.999997615814209 0.002184694167226553 
vn -1.0341130485562108e-13 0.999997615814209 0.002184694167226553 
vn -1.0341130485562108e-13 0.999997615814209 0.002184694167226553 
vn -1.0341130485562108e-13 0.999997615814209 0.002184694167226553 
vn -1.0341130485562108e-13 0.999997615814209 0.002184694167226553 
vn -1.0341130485562108e-13 0.999997615814209 0.002184694167226553 
vn -1.0341130485562108e-13 0.999997615814209 0.002184694167226553 
vn -1.0341130485562108e-13 0.999997615814209 0.002184694167226553 
vn -1.0341130485562108e-13 0.999997615814209 0.002184694167226553 
vn -1.0341130485562108e-13 0.999997615814209 0.002184694167226553 
vn -1.0341130485562108e-13 0.999997615814209 0.002184694167226553 
vn -1.0341130485562108e-13 0.999997615814209 0.002184694167226553 
vn -1.0341130485562108e-13 0.999997615814209 0.002184694167226553 
vn -1.0341130485562108e-13 0.999997615814209 0.002184694167226553 
vn -1.0341130485562108e-13 0.999997615814209 0.002184694167226553 
vn -1.0341130485562108e-13 0.999997615814209 0.002184694167226553 
vn -1.0341130485562108e-13 0.999997615814209 0.002184694167226553 
vn -1.0341130485562108e-13 0.999997615814209 0.002184694167226553 
vn -1.0341130485562108e-13 0.999997615814209 0.002184694167226553 
vn -1.0341130485562108e-13 0.999997615814209 0.002184694167226553 
vn -1.0341130485562108e-13 0.999997615814209 0.002184694167226553 
vn 0.999997615814209 0 0.002184694167226553 
vn 0.999997615814209 0 0.002184694167226553 
vn 0.999997615814209 0 0.002184694167226553 
vn 0.999997615814209 0 0.002184694167226553 
vn 0 0 1 
vn 0 0 1 
vn 0 0 1 
vn 0 0 1 
vn -1.0341130485562108e-13 0.999997615814209 0.002184694167226553 
vn -1.0341130485562108e-13 0.999997615814209 0.002184694167226553 
vn -1.0341130485562108e-13 0.999997615814209 0.002184694167226553 
vn -1.0341130485562108e-13 0.999997615814209 0.002184694167226553 
vn -1.0341130485562108e-13 0.999997615814209 0.002184694167226553 
vn -0.999997615814209 -2.0682260971124217e-13 0.002184694167226553 
vn -0.999997615814209 -2.0682260971124217e-13 0.002184694167226553 
vn -0.999997615814209 -2.0682260971124217e-13 0.002184694167226553 
vn -0.999997615814209 -2.0682260971124217e-13 0.002184694167226553 
vn 0 0 1 
vn 0 0 1 
vn 0 0 1 
vn 0 0 1 
vn -0.5562512278556824 -1.150456140942835e-13 0.8310141563415527 
vn -0.5562512278556824 -1.150456140942835e-13 0.8310141563415527 
vn -0.5562512278556824 -1.150456140942835e-13 0.8310141563415527 
vn -0.5562512278556824 -1.150456140942835e-13 0.8310141563415527 
vn 0.999997615814209 0 0.002184694167226553 
vn 0.999997615814209 0 0.002184694167226553 
vn 0.999997615814209 0 0.002184694167226553 
vn 0.999997615814209 0 0.002184694167226553 
vn 0.6633741855621338 0 0.7482877969741821 
vn 0.6633741855621338 0 0.7482877969741821 
vn 0.6666374206542969 0 0.7453821301460266 
vn 0.6666374206542969 0 0.7453821301460266 
vn 0.6666374206542969 0 0.7453821301460266 
vn 0.6666374206542969 0 0.7453821301460266 
vn 0.999997615814209 0 0.002184694167226553 
vn 0.999997615814209 0 0.002184694167226553 
vn 0.999997615814209 0 0.002184694167226553 
vn 0.999997615814209 0 0.002184694167226553 
vn 0 0 1 
vn 0 0 1 
vn 0 0 1 
vn 0 0 1 
vn 0.8689236044883728 0 -0.4949462115764618 
vn 0.8689236044883728 0 -0.4949462115764618 
vn 0.8689236044883728 0 -0.4949462115764618 
vn 0.8689236044883728 0 -0.4949462115764618 
vn 0.7261508703231812 0 0.6875353455543518 
vn 0.7261508703231812 0 0.6875353455543518 
vn 0.6954262852668762 0 0.7185974717140198 
vn 0.6954262852668762 0 0.7185974717140198 
vn 0.6666374206542969 0 0.7453821301460266 
vn 0.6666374206542969 0 0.7453821301460266 
vn 0.669887900352478 0 0.7424622178077698 
vn 0.669887900352478 0 0.7424622178077698 
vn 0 0 1 
vn 0 0 1 
vn 0 0 1 
vn 0 0 1 
vn 0.8836531639099121 0 -0.46814218163490295 
vn 0.8836531639099121 0 -0.46814218163490295 
vn 0.8836531639099121 0 -0.46814218163490295 
vn 0.8836531639099121 0 -0.46814218163490295 
vn 0.7047857642173767 0 0.7094202041625977 
vn 0.7047857642173767 0 0.7094202041625977 
vn 0.6891201138496399 0 0.7246471047401428 
vn 0.6891201138496399 0 0.7246471047401428 
vn 0.676350474357605 0 0.736579954624176 
vn 0.676350474357605 0 0.736579954624176 
vn -1.0341130485562108e-13 0.999997615814209 0.002184694167226553 
vn -1.0341130485562108e-13 0.999997615814209 0.002184694167226553 
vn -1.0341130485562108e-13 0.999997615814209 0.002184694167226553 
vn -1.0341130485562108e-13 0.999997615814209 0.002184694167226553 
vn -1.0341130485562108e-13 0.999997615814209 0.002184694167226553 
vn -1.0341130485562108e-13 0.999997615814209 0.002184694167226553 
vn -1.0341130485562108e-13 0.999997615814209 0.002184694167226553 
vn -1.0341130485562108e-13 0.999997615814209 0.002184694167226553 
vn -1.0341130485562108e-13 0.999997615814209 0.002184694167226553 
vn -1.0341130485562108e-13 0.999997615814209 0.002184694167226553 
vn -1.0341130485562108e-13 0.999997615814209 0.002184694167226553 
vn -1.0341130485562108e-13 0.999997615814209 0.002184694167226553 
vn -1.0341130485562108e-13 0.999997615814209 0.002184694167226553 
vn -1.0341130485562108e-13 0.999997615814209 0.002184694167226553 
vn -1.0341130485562108e-13 0.999997615814209 0.002184694167226553 
vn -1.0341130485562108e-13 0.999997615814209 0.002184694167226553 
vn -1.0341130485562108e-13 0.999997615814209 0.002184694167226553 
vn -1.0341130485562108e-13 0.999997615814209 0.002184694167226553 
vn -1.0341130485562108e-13 0.999997615814209 0.002184694167226553 
vn -1.0341130485562108e-13 0.999997615814209 0.002184694167226553 
vn -1.0341130485562108e-13 0.999997615814209 0.002184694167226553 
vn -1.0341130485562108e-13 0.999997615814209 0.002184694167226553 
vn -1.0341130485562108e-13 0.999997615814209 0.002184694167226553 
vn -1.0341130485562108e-13 0.999997615814209 0.002184694167226553 
vn 0.8710779547691345 0 -0.4911448359489441 
vn 0.8710779547691345 0 -0.4911448359489441 
vn 0.8710779547691345 0 -0.4911448359489441 
vn 0.8710779547691345 0 -0.4911448359489441 
vn 0.9717803597450256 0 0.23588760197162628 
vn 0.9717803597450256 0 0.23588760197162628 
vn 0.9717803597450256 0 0.23588760197162628 
vn 0.9717803597450256 0 0.23588760197162628 
vn 2.0682311115474694e-13 4.2775797696334704e-26 -1 
vn 2.0682311115474694e-13 4.2775797696334704e-26 -1 
vn 2.0682311115474694e-13 4.2775797696334704e-26 -1 
vn 2.0682311115474694e-13 4.2775797696334704e-26 -1 
vn -0.9727944135665894 0.003777675097808242 -0.23163928091526031 
vn -0.9727944135665894 0.003777675097808242 -0.23163928091526031 
vn -0.9727944135665894 0.003777675097808242 -0.23163928091526031 
vn -0.9727944135665894 0.003777675097808242 -0.23163928091526031 
vn -0.0035349009558558464 0.002568255877122283 0.9999904632568359 
vn -0.0035349009558558464 0.002568255877122283 0.9999904632568359 
vn -0.0035349009558558464 0.002568255877122283 0.9999904632568359 
vn -0.0035349009558558464 0.002568255877122283 0.9999904632568359 
vn -0.9738045930862427 -2.014052851362011e-13 -0.22738653421401978 
vn -0.9738045930862427 -2.014052851362011e-13 -0.22738653421401978 
vn -0.9738045930862427 -2.014052851362011e-13 -0.22738653421401978 
vn -0.9738045930862427 -2.014052851362011e-13 -0.22738653421401978 
vn 0 0 1 
vn 0 0 1 
vn 0 0 1 
vn 0 0 1 
vn 0 0 1 
vn 0 0 1 
vn 0 0 1 
vn 0 0 1 
vn 0 0 1 
vn 0 0 1 
vn 0 0 1 
vn 0 0 1 
vn 0 0 1 
vn 0 0 1 
vn 0 0 1 
vn 0 0 1 
vn 0 0 1 
vn 0 0 1 
vn -0.0393143892288208 -8.131124117386705e-15 0.9992268681526184 
vn -0.0393143892288208 -8.131124117386705e-15 0.9992268681526184 
vn -0.1436423808336258 0.0037303080316632986 0.9896226525306702 
vn -0.1436423808336258 0.0037303080316632986 0.9896226525306702 
vn -0.26338833570480347 -5.4474796255896824e-14 0.9646899104118347 
vn -0.26338833570480347 -5.4474796255896824e-14 0.9646899104118347 
vn -0.3710477650165558 -7.674125278387539e-14 0.9286137819290161 
vn -0.3710477650165558 -7.674125278387539e-14 0.9286137819290161 
vn -0.4584464430809021 0.003760533407330513 0.888714075088501 
vn -0.4584464430809021 0.003760533407330513 0.888714075088501 
vn -0.5342764258384705 -1.1050071312612361e-13 0.8453097939491272 
vn -0.5342764258384705 -1.1050071312612361e-13 0.8453097939491272 
vn -0.6129299998283386 0.003768298774957657 0.790128231048584 
vn -0.6129299998283386 0.003768298774957657 0.790128231048584 
vn -0.7047756910324097 0.0037719577085226774 0.7094202041625977 
vn -0.7047756910324097 0.0037719577085226774 0.7094202041625977 
vn -0.7860849499702454 0.003770347684621811 0.6181069612503052 
vn -0.7860849499702454 0.003770347684621811 0.6181069612503052 
vn -0.855642557144165 0.003770123003050685 0.5175535082817078 
vn -0.855642557144165 0.003770123003050685 0.5175535082817078 
vn -0.912416398525238 -1.8870878980541822e-13 0.40926313400268555 
vn -0.912416398525238 -1.8870878980541822e-13 0.40926313400268555 
vn -0.937261700630188 -1.9384737955444042e-13 0.34862664341926575 
vn -0.937261700630188 -1.9384737955444042e-13 0.34862664341926575 
vn -1.0341130485562108e-13 0.999997615814209 0.002184694167226553 
vn -1.0341130485562108e-13 0.999997615814209 0.002184694167226553 
vn -1.0341130485562108e-13 0.999997615814209 0.002184694167226553 
vn -1.0341130485562108e-13 0.999997615814209 0.002184694167226553 
vn -1.0341130485562108e-13 0.999997615814209 0.002184694167226553 
vn -1.0341130485562108e-13 0.999997615814209 0.002184694167226553 
vn -1.0341130485562108e-13 0.999997615814209 0.002184694167226553 
vn -1.0341130485562108e-13 0.999997615814209 0.002184694167226553 
vn 3.097898456858039e-13 -0.999997615814209 0.002184694167226553 
vn 3.097898456858039e-13 -0.999997615814209 0.002184694167226553 
vn 3.097898456858039e-13 -0.999997615814209 0.002184694167226553 
vn 3.097898456858039e-13 -0.999997615814209 0.002184694167226553 
vn 3.097898456858039e-13 -0.999997615814209 0.002184694167226553 
vn 3.097898456858039e-13 -0.999997615814209 0.002184694167226553 
vn 3.097898456858039e-13 -0.999997615814209 0.002184694167226553 
vn 3.097898456858039e-13 -0.999997615814209 0.002184694167226553 
vn 3.097898456858039e-13 -0.999997615814209 0.002184694167226553 
vn 3.097898456858039e-13 -0.999997615814209 0.002184694167226553 
vn 3.097898456858039e-13 -0.999997615814209 0.002184694167226553 
vn 3.097898456858039e-13 -0.999997615814209 0.002184694167226553 
vn 3.097898456858039e-13 -0.999997615814209 0.002184694167226553 
vn 3.097898456858039e-13 -0.999997615814209 0.002184694167226553 
vn 3.097898456858039e-13 -0.999997615814209 0.002184694167226553 
vn 3.097898456858039e-13 -0.999997615814209 0.002184694167226553 
vn 3.097898456858039e-13 -0.999997615814209 0.002184694167226553 
vn 3.097898456858039e-13 -0.999997615814209 0.002184694167226553 
vn 3.097898456858039e-13 -0.999997615814209 0.002184694167226553 
vn 3.097898456858039e-13 -0.999997615814209 0.002184694167226553 
vn 3.097898456858039e-13 -0.999997615814209 0.002184694167226553 
vn 3.097898456858039e-13 -0.999997615814209 0.002184694167226553 
vn 3.097898456858039e-13 -0.999997615814209 0.002184694167226553 
vn 3.097898456858039e-13 -0.999997615814209 0.002184694167226553 
vn 3.097898456858039e-13 -0.999997615814209 0.002184694167226553 
vn 3.097898456858039e-13 -0.999997615814209 0.002184694167226553 
vn 3.097898456858039e-13 -0.999997615814209 0.002184694167226553 
vn 3.097898456858039e-13 -0.999997615814209 0.002184694167226553 
vn 3.097898456858039e-13 -0.999997615814209 0.002184694167226553 
vn 3.097898456858039e-13 -0.999997615814209 0.002184694167226553 
vn 3.097898456858039e-13 -0.999997615814209 0.002184694167226553 
vn 3.097898456858039e-13 -0.999997615814209 0.002184694167226553 
vn 3.097898456858039e-13 -0.999997615814209 0.002184694167226553 
vn 3.097898456858039e-13 -0.999997615814209 0.002184694167226553 
vn 3.097898456858039e-13 -0.999997615814209 0.002184694167226553 
vn 3.097898456858039e-13 -0.999997615814209 0.002184694167226553 
vn 3.097898456858039e-13 -0.999997615814209 0.002184694167226553 
vn 3.097898456858039e-13 -0.999997615814209 0.002184694167226553 
vn 3.097898456858039e-13 -0.999997615814209 0.002184694167226553 
vn 3.097898456858039e-13 -0.999997615814209 0.002184694167226553 
vn 3.097898456858039e-13 -0.999997615814209 0.002184694167226553 
vn 3.097898456858039e-13 -0.999997615814209 0.002184694167226553 
vn 3.097898456858039e-13 -0.999997615814209 0.002184694167226553 
vn 3.097898456858039e-13 -0.999997615814209 0.002184694167226553 
vn 3.097898456858039e-13 -0.999997615814209 0.002184694167226553 
vn 3.097898456858039e-13 -0.999997615814209 0.002184694167226553 
vn 3.097898456858039e-13 -0.999997615814209 0.002184694167226553 
vn 3.097898456858039e-13 -0.999997615814209 0.002184694167226553 
vn 3.097898456858039e-13 -0.999997615814209 0.002184694167226553 
vn 3.097898456858039e-13 -0.999997615814209 0.002184694167226553 
vn -0.6633741855621338 -1.3720110930617174e-13 -0.7482877969741821 
vn -0.6633741855621338 -1.3720110930617174e-13 -0.7482877969741821 
vn -0.6731256246566772 -1.3921792863490212e-13 -0.7395281791687012 
vn -0.6731256246566772 -1.3921792863490212e-13 -0.7395281791687012 
vn -0.6827613711357117 -1.4121082775320204e-13 -0.7306414246559143 
vn -0.6827613711357117 -1.4121082775320204e-13 -0.7306414246559143 
vn 3.097898456858039e-13 -0.999997615814209 0.002184694167226553 
vn 3.097898456858039e-13 -0.999997615814209 0.002184694167226553 
vn -0.8732074499130249 0.003773423843085766 0.48733407258987427 
vn -0.8732074499130249 0.003773423843085766 0.48733407258987427 
vn -0.8732074499130249 0.003773423843085766 0.48733407258987427 
vn -0.8732074499130249 0.003773423843085766 0.48733407258987427 
vn -0.7380558252334595 -1.5264699226857914e-13 -0.67473965883255 
vn -0.7380558252334595 -1.5264699226857914e-13 -0.67473965883255 
vn -0.7078686952590942 0.0037756471429020166 -0.7063339352607727 
vn -0.7078686952590942 0.0037756471429020166 -0.7063339352607727 
vn -0.6666374206542969 -1.3787602515854397e-13 -0.7453821301460266 
vn -0.6666374206542969 -1.3787602515854397e-13 -0.7453821301460266 
vn -0.660087525844574 0.0037773200310766697 -0.7511792182922363 
vn -0.660087525844574 0.0037773200310766697 -0.7511792182922363 
vn -0.6666374206542969 -1.3787602515854397e-13 -0.7453821301460266 
vn -0.6666374206542969 -1.3787602515854397e-13 -0.7453821301460266 
vn 0.2124682515859604 0 -0.9771679639816284 
vn 0.2124682515859604 0 -0.9771679639816284 
vn 0.20819661021232605 0 -0.9780870079994202 
vn 0.20819661021232605 0 -0.9780870079994202 
vn 0.1824861317873001 0 -0.983208417892456 
vn 0.1824861317873001 0 -0.983208417892456 
vn 0.10901768505573273 0 -0.9940398335456848 
vn 0.10901768505573273 0 -0.9940398335456848 
vn 0.013107799924910069 0 -0.9999141097068787 
vn 0.013107799924910069 0 -0.9999141097068787 
vn -0.08283717930316925 0.003774212207645178 -0.9965559244155884 
vn -0.08283717930316925 0.003774212207645178 -0.9965559244155884 
vn -0.19103381037712097 0.003775021992623806 -0.9815762042999268 
vn -0.19103381037712097 0.003775021992623806 -0.9815762042999268 
vn -0.3011109232902527 -6.227669476031178e-14 -0.953589141368866 
vn -0.3011109232902527 -6.227669476031178e-14 -0.953589141368866 
vn -0.387220174074173 -8.008608424862895e-14 -0.9219872951507568 
vn -0.387220174074173 -8.008608424862895e-14 -0.9219872951507568 
vn -0.4623406231403351 -9.582804927181499e-14 -0.8867024183273315 
vn -0.4623406231403351 -9.582804927181499e-14 -0.8867024183273315 
vn -0.5379515290260315 0.003780877683311701 -0.8429672718048096 
vn -0.5379515290260315 0.003780877683311701 -0.8429672718048096 
vn -0.6163880825042725 -1.2748329681396692e-13 -0.7874425053596497 
vn -0.6163880825042725 -1.2748329681396692e-13 -0.7874425053596497 
vn -0.7016691565513611 0.0037810977082699537 -0.7124928832054138 
vn -0.7016691565513611 0.0037810977082699537 -0.7124928832054138 
vn -0.7806534171104431 0.003778912592679262 -0.6249527335166931 
vn -0.7806534171104431 0.003778912592679262 -0.6249527335166931 
vn -0.85109543800354 -1.7602619936749747e-13 -0.5250110030174255 
vn -0.85109543800354 -1.7602619936749747e-13 -0.5250110030174255 
vn -0.9106194972991943 -1.883371524057445e-13 -0.41324591636657715 
vn -0.9106194972991943 -1.883371524057445e-13 -0.41324591636657715 
vn -0.9529215097427368 0.0037751663476228714 -0.30319350957870483 
vn -0.9529215097427368 0.0037751663476228714 -0.30319350957870483 
vn -0.9794232249259949 0.003775416174903512 -0.2017817199230194 
vn -0.9794232249259949 0.003775416174903512 -0.2017817199230194 
vn -0.9942684173583984 0.003777027130126953 -0.10684575140476227 
vn -0.9942684173583984 0.003777027130126953 -0.10684575140476227 
vn -0.9998830556869507 -2.0679891989377336e-13 -0.0152922747656703 
vn -0.9998830556869507 -2.0679891989377336e-13 -0.0152922747656703 
vn -0.997078001499176 -2.0621877686380352e-13 0.0763898640871048 
vn -0.997078001499176 -2.0621877686380352e-13 0.0763898640871048 
vn -0.9828073978424072 -2.0326728039470054e-13 0.18463370203971863 
vn -0.9828073978424072 -2.0326728039470054e-13 0.18463370203971863 
vn -0.9555421471595764 -1.9762819581780472e-13 0.2948545813560486 
vn -0.9555421471595764 -1.9762819581780472e-13 0.2948545813560486 
vn -0.9141881465911865 0.0037740119732916355 0.405272513628006 
vn -0.9141881465911865 0.0037740119732916355 0.405272513628006 
vn -0.8601409196853638 -1.7827899529906932e-13 0.5100564956665039 
vn -0.8601409196853638 -1.7827899529906932e-13 0.5100564956665039 
vn -0.7967764139175415 -1.647917777713656e-13 0.6042742133140564 
vn -0.7967764139175415 -1.647917777713656e-13 0.6042742133140564 
vn -0.726141095161438 0.003770677838474512 0.6875353455543518 
vn -0.726141095161438 0.003770677838474512 0.6875353455543518 
vn -0.6567990183830261 0.0037722443230450153 0.7540562748908997 
vn -0.6567990183830261 0.0037722443230450153 0.7540562748908997 
vn -0.5849537253379822 -1.2098194624929337e-13 0.8110666871070862 
vn -0.5849537253379822 -1.2098194624929337e-13 0.8110666871070862 
vn -0.5305644869804382 0.0037626309785991907 0.8476362228393555 
vn -0.5305644869804382 0.0037626309785991907 0.8476362228393555 
vn -0.5156829357147217 -1.0688416026815445e-13 0.8567795157432556 
vn -0.5156829357147217 -1.0688416026815445e-13 0.8567795157432556 
vn -0.5342764258384705 -1.1050071312612361e-13 0.8453097939491272 
vn -0.5342764258384705 -1.1050071312612361e-13 0.8453097939491272 
vn -0.5489680171012878 -1.1353927780594075e-13 0.8358433246612549 
vn -0.5489680171012878 -1.1353927780594075e-13 0.8358433246612549 
vn -0.5742598176002502 0.0037664223928004503 0.8186644315719604 
vn -0.5742598176002502 0.0037664223928004503 0.8186644315719604 
vn -0.6232457756996155 -1.2890162299095814e-13 0.7820260524749756 
vn -0.6232457756996155 -1.2890162299095814e-13 0.7820260524749756 
vn -0.6985594630241394 -1.4447823363031298e-13 0.715552031993866 
vn -0.6985594630241394 -1.4447823363031298e-13 0.715552031993866 
vn -0.7668147683143616 0.0037700142711400986 0.641857385635376 
vn -0.7668147683143616 0.0037700142711400986 0.641857385635376 
vn -0.8148743510246277 0.0037702820263803005 0.5796254277229309 
vn -0.8148743510246277 0.0037702820263803005 0.5796254277229309 
vn -0.855642557144165 0.003770123003050685 0.5175535082817078 
vn -0.855642557144165 0.003770123003050685 0.5175535082817078 
vn -0.8956210613250732 -1.8483740200306992e-13 0.44481781125068665 
vn -0.8956210613250732 -1.8483740200306992e-13 0.44481781125068665 
vn -0.9294221997261047 -1.9222598231054266e-13 0.3690181374549866 
vn -0.9294221997261047 -1.9222598231054266e-13 0.3690181374549866 
vn -0.9542446732521057 -1.9693608180847144e-13 0.2990269064903259 
vn -0.9542446732521057 -1.9693608180847144e-13 0.2990269064903259 
vn -0.9747888445854187 -2.0204175246903155e-13 0.22312943637371063 
vn -0.9747888445854187 -2.0204175246903155e-13 0.22312943637371063 
vn -0.9886524081230164 0.0037739467807114124 0.15017375349998474 
vn -0.9886524081230164 0.0037739467807114124 0.15017375349998474 
vn -0.9982536435127258 0.0037739125546067953 0.058952588587999344 
vn -0.9982536435127258 0.0037739125546067953 0.058952588587999344 
vn -0.998501718044281 0.0037748501636087894 -0.05459024757146835 
vn -0.998501718044281 0.0037748501636087894 -0.05459024757146835 
vn -0.984376072883606 0.0037759754341095686 -0.1760382205247879 
vn -0.984376072883606 0.0037759754341095686 -0.1760382205247879 
vn -0.9580748677253723 0.0037765325978398323 -0.2864931523799896 
vn -0.9580748677253723 0.0037765325978398323 -0.2864931523799896 
vn -0.9294145107269287 0.0037773065268993378 -0.3690181374549866 
vn -0.9294145107269287 0.0037773065268993378 -0.3690181374549866 
vn -0.9013746976852417 -1.860248337749032e-13 -0.43303996324539185 
vn -0.9013746976852417 -1.860248337749032e-13 -0.43303996324539185 
vn -0.8667445182800293 0.0037766648456454277 -0.4987381398677826 
vn -0.8667445182800293 0.0037766648456454277 -0.4987381398677826 
vn -0.8199170827865601 -1.6957779852642269e-13 -0.5724822878837585 
vn -0.8199170827865601 -1.6957779852642269e-13 -0.5724822878837585 
vn -0.7468271851539612 0.003778175450861454 -0.6650074124336243 
vn -0.7468271851539612 0.003778175450861454 -0.6650074124336243 
vn -0.660087525844574 0.0037773200310766697 -0.7511792182922363 
vn -0.660087525844574 0.0037773200310766697 -0.7511792182922363 
vn -0.5778437852859497 -1.1951144284275128e-13 -0.8161473870277405 
vn -0.5778437852859497 -1.1951144284275128e-13 -0.8161473870277405 
vn -0.49682897329330444 0.0037793326191604137 -0.8678402304649353 
vn -0.49682897329330444 0.0037793326191604137 -0.8678402304649353 
vn -0.40726879239082336 -8.405173665361129e-14 -0.913308322429657 
vn -0.40726879239082336 -8.405173665361129e-14 -0.913308322429657 
vn -0.30527463555336 -6.31378494408627e-14 -0.9522643685340881 
vn -0.30527463555336 -6.31378494408627e-14 -0.9522643685340881 
vn -0.2038857638835907 0.0037905313074588776 -0.9789873361587524 
vn -0.2038857638835907 0.0037905313074588776 -0.9789873361587524 
vn -0.11763838678598404 0.003811352187767625 -0.9930492043495178 
vn -0.11763838678598404 0.003811352187767625 -0.9930492043495178 
vn -0.043680015951395035 -9.034036675204318e-15 -0.9990455508232117 
vn -0.043680015951395035 -9.034036675204318e-15 -0.9990455508232117 
vn 0.026213347911834717 0 -0.9996563792228699 
vn 0.026213347911834717 0 -0.9996563792228699 
vn 0.10901768505573273 0 -0.9940398335456848 
vn 0.10901768505573273 0 -0.9940398335456848 
vn 0.19107110798358917 0 -0.9815762042999268 
vn 0.19107110798358917 0 -0.9815762042999268 
vn 0.2549481689929962 0 -0.9669547080993652 
vn 0.2549481689929962 0 -0.9669547080993652 
vn 0.31773048639297485 0 -0.9481810927391052 
vn 0.31773048639297485 0 -0.9481810927391052 
vn 0.3506734371185303 0 -0.9364978075027466 
vn 0.3506734371185303 0 -0.9364978075027466 
vn 3.097898456858039e-13 -0.999997615814209 0.002184694167226553 
vn 3.097898456858039e-13 -0.999997615814209 0.002184694167226553 
vn -0.8732074499130249 0.003773423843085766 0.48733407258987427 
vn -0.8732074499130249 0.003773423843085766 0.48733407258987427 
vn -0.8732074499130249 0.003773423843085766 0.48733407258987427 
vn -0.8732074499130249 0.003773423843085766 0.48733407258987427 
vn -0.6954262852668762 -1.4383021954434555e-13 -0.7185974717140198 
vn -0.6954262852668762 -1.4383021954434555e-13 -0.7185974717140198 
vn -0.6859472990036011 -1.418697516235301e-13 -0.7276512384414673 
vn -0.6859472990036011 -1.418697516235301e-13 -0.7276512384414673 
vn -0.679551899433136 0.00377857917919755 -0.7336177229881287 
vn -0.679551899433136 0.00377857917919755 -0.7336177229881287 
vn -0.8417815566062927 0.003772542579099536 0.5398051738739014 
vn -0.8417815566062927 0.003772542579099536 0.5398051738739014 
vn -0.8417815566062927 0.003772542579099536 0.5398051738739014 
vn -0.8417815566062927 0.003772542579099536 0.5398051738739014 
vn 3.097898456858039e-13 -0.999997615814209 0.002184694167226553 
vn 3.097898456858039e-13 -0.999997615814209 0.002184694167226553 
vn 3.097898456858039e-13 -0.999997615814209 0.002184694167226553 
vn 3.097898456858039e-13 -0.999997615814209 0.002184694167226553 
vn 0.999997615814209 0 0.002184694167226553 
vn 0.999997615814209 0 0.002184694167226553 
vn 0.999997615814209 0 0.002184694167226553 
vn 0.999997615814209 0 0.002184694167226553 
vn -1.0341130485562108e-13 0.999997615814209 0.002184694167226553 
vn -1.0341130485562108e-13 0.999997615814209 0.002184694167226553 
vn -1.0341130485562108e-13 0.999997615814209 0.002184694167226553 
vn -1.0341130485562108e-13 0.999997615814209 0.002184694167226553 
vn -1.0341130485562108e-13 0.999997615814209 0.002184694167226553 
vn -1.0341130485562108e-13 0.999997615814209 0.002184694167226553 
vn -1.0341130485562108e-13 0.999997615814209 0.002184694167226553 
vn -1.0341130485562108e-13 0.999997615814209 0.002184694167226553 
vn -1.0341130485562108e-13 0.999997615814209 0.002184694167226553 
vn -1.0341130485562108e-13 0.999997615814209 0.002184694167226553 
vn -1.0341130485562108e-13 0.999997615814209 0.002184694167226553 
vn -1.0341130485562108e-13 0.999997615814209 0.002184694167226553 
vn -1.0341130485562108e-13 0.999997615814209 0.002184694167226553 
vn -1.0341130485562108e-13 0.999997615814209 0.002184694167226553 
vn -1.0341130485562108e-13 0.999997615814209 0.002184694167226553 
vn -1.0341130485562108e-13 0.999997615814209 0.002184694167226553 
vn -1.0341130485562108e-13 0.999997615814209 0.002184694167226553 
vn -1.0341130485562108e-13 0.999997615814209 0.002184694167226553 
vn -1.0341130485562108e-13 0.999997615814209 0.002184694167226553 
vn -1.0341130485562108e-13 0.999997615814209 0.002184694167226553 
vn 0 0 1 
vn 0 0 1 
vn 0 0 1 
vn 0 0 1 
vn -0.999997615814209 -2.0682260971124217e-13 0.002184694167226553 
vn -0.999997615814209 -2.0682260971124217e-13 0.002184694167226553 
vn -0.999997615814209 -2.0682260971124217e-13 0.002184694167226553 
vn -0.999997615814209 -2.0682260971124217e-13 0.002184694167226553 
vn -2.0682311115474694e-13 0 -1 
vn -2.0682311115474694e-13 0 -1 
vn -2.0682311115474694e-13 0 -1 
vn -2.0682311115474694e-13 0 -1 
vn 0.999997615814209 0 0.002184694167226553 
vn 0.999997615814209 0 0.002184694167226553 
vn 0.999997615814209 0 0.002184694167226553 
vn 0.999997615814209 0 0.002184694167226553 
vn -0.22948241233825684 0.0037748967297375202 -0.9733054637908936 
vn -0.22948241233825684 0.0037748967297375202 -0.9733054637908936 
vn -0.22948241233825684 0.0037748967297375202 -0.9733054637908936 
vn -0.22948241233825684 0.0037748967297375202 -0.9733054637908936 
vn -0.9811491966247559 0.0037728105671703815 0.19321508705615997 
vn -0.9811491966247559 0.0037728105671703815 0.19321508705615997 
vn -0.9879940152168274 -2.043399900241577e-13 0.15449213981628418 
vn -0.9879940152168274 -2.043399900241577e-13 0.15449213981628418 
vn -0.9977074861526489 -2.0634896243966472e-13 0.06767380982637405 
vn -0.9977074861526489 -2.0634896243966472e-13 0.06767380982637405 
vn -0.9994630813598633 -2.0671206174723011e-13 -0.03276457265019417 
vn -0.9994630813598633 -2.0671206174723011e-13 -0.03276457265019417 
vn -0.9892991185188293 0.0037764154840260744 -0.1458524912595749 
vn -0.9892991185188293 0.0037764154840260744 -0.1458524912595749 
vn -0.9675019979476929 0.003775792196393013 -0.25283506512641907 
vn -0.9675019979476929 0.003775792196393013 -0.25283506512641907 
vn -0.9417508840560913 -1.9477584963737554e-13 -0.3363112509250641 
vn -0.9417508840560913 -1.9477584963737554e-13 -0.3363112509250641 
vn -0.9141881465911865 0.0037740119732916355 -0.405272513628006 
vn -0.9141881465911865 0.0037740119732916355 -0.405272513628006 
vn -0.8774409294128418 -1.8147506067323071e-13 -0.4796847105026245 
vn -0.8774409294128418 -1.8147506067323071e-13 -0.4796847105026245 
vn -0.8322274088859558 -1.721238575931247e-13 -0.5544344186782837 
vn -0.8322274088859558 -1.721238575931247e-13 -0.5544344186782837 
vn -0.7887872457504272 -1.631394265554434e-13 -0.6146662831306458 
vn -0.7887872457504272 -1.631394265554434e-13 -0.6146662831306458 
vn -0.7439143657684326 0.0037755994126200676 -0.6682642698287964 
vn -0.7439143657684326 0.0037755994126200676 -0.6682642698287964 
vn -0.6922798156738281 -1.431794678478926e-13 -0.7216291427612305 
vn -0.6922798156738281 -1.431794678478926e-13 -0.7216291427612305 
vn -0.6368065476417542 0.0037818721029907465 -0.7710143327713013 
vn -0.6368065476417542 0.0037818721029907465 -0.7710143327713013 
vn -0.5778437852859497 -1.1951144284275128e-13 -0.8161473870277405 
vn -0.5778437852859497 -1.1951144284275128e-13 -0.8161473870277405 
vn -0.5081761479377747 -1.0510257215327196e-13 -0.8612531423568726 
vn -0.5081761479377747 -1.0510257215327196e-13 -0.8612531423568726 
vn -0.4152171313762665 0.003781098872423172 -0.9097144603729248 
vn -0.4152171313762665 0.003781098872423172 -0.9097144603729248 
vn -0.31358450651168823 -6.485651994842315e-14 -0.949560284614563 
vn -0.31358450651168823 -6.485651994842315e-14 -0.949560284614563 
vn -0.2252267301082611 0.0037841564044356346 -0.9742990136146545 
vn -0.2252267301082611 0.0037841564044356346 -0.9742990136146545 
vn -0.13070669770240784 -2.6975117763962907e-14 -0.991421103477478 
vn -0.13070669770240784 -2.6975117763962907e-14 -0.991421103477478 
vn -0.021845221519470215 -4.518096610544014e-15 -0.9997613430023193 
vn -0.021845221519470215 -4.518096610544014e-15 -0.9997613430023193 
vn 0.08292311429977417 0 -0.9965559244155884 
vn 0.08292311429977417 0 -0.9965559244155884 
vn 0.16527505218982697 0 -0.9862475395202637 
vn 0.16527505218982697 0 -0.9862475395202637 
vn 0.23801009356975555 0 -0.9712626934051514 
vn 0.23801009356975555 0 -0.9712626934051514 
vn 0.29694145917892456 0 -0.9548956751823425 
vn 0.29694145917892456 0 -0.9548956751823425 
vn 0.3506734371185303 0 -0.9364978075027466 
vn 0.3506734371185303 0 -0.9364978075027466 
vn 0.3992721438407898 0 -0.916832447052002 
vn 0.3992721438407898 0 -0.916832447052002 
vn 0.4231681823730469 0 -0.9060511589050293 
vn 0.4231681823730469 0 -0.9060511589050293 
vn -0.9994630813598633 -2.0671206174723011e-13 -0.03276457265019417 
vn -0.9994630813598633 -2.0671206174723011e-13 -0.03276457265019417 
vn -0.9994630813598633 -2.0671206174723011e-13 -0.03276457265019417 
vn -0.9994630813598633 -2.0671206174723011e-13 -0.03276457265019417 
vn -1.0341130485562108e-13 0.999997615814209 0.002184694167226553 
vn -1.0341130485562108e-13 0.999997615814209 0.002184694167226553 
vn -1.0341130485562108e-13 0.999997615814209 0.002184694167226553 
vn -1.0341130485562108e-13 0.999997615814209 0.002184694167226553 
vn -1.0341130485562108e-13 0.999997615814209 0.002184694167226553 
vn -1.0341130485562108e-13 0.999997615814209 0.002184694167226553 
vn -1.0341130485562108e-13 0.999997615814209 0.002184694167226553 
vn -1.0341130485562108e-13 0.999997615814209 0.002184694167226553 
vn -1.0341130485562108e-13 0.999997615814209 0.002184694167226553 
vn -1.0341130485562108e-13 0.999997615814209 0.002184694167226553 
vn -1.0341130485562108e-13 0.999997615814209 0.002184694167226553 
vn -1.0341130485562108e-13 0.999997615814209 0.002184694167226553 
vn -1.0341130485562108e-13 0.999997615814209 0.002184694167226553 
vn -1.0341130485562108e-13 0.999997615814209 0.002184694167226553 
vn -1.0341130485562108e-13 0.999997615814209 0.002184694167226553 
vn -1.0341130485562108e-13 0.999997615814209 0.002184694167226553 
vn -1.0341130485562108e-13 0.999997615814209 0.002184694167226553 
vn -1.0341130485562108e-13 0.999997615814209 0.002184694167226553 
vn -1.0341130485562108e-13 0.999997615814209 0.002184694167226553 
vn -1.0341130485562108e-13 0.999997615814209 0.002184694167226553 
vn -1.0341130485562108e-13 0.999997615814209 0.002184694167226553 
vn -1.0341130485562108e-13 0.999997615814209 0.002184694167226553 
vn -1.0341130485562108e-13 0.999997615814209 0.002184694167226553 
vn -1.0341130485562108e-13 0.999997615814209 0.002184694167226553 
vn -1.0341130485562108e-13 0.999997615814209 0.002184694167226553 
vn -1.0341130485562108e-13 0.999997615814209 0.002184694167226553 
vn -1.0341130485562108e-13 0.999997615814209 0.002184694167226553 
vn -1.0341130485562108e-13 0.999997615814209 0.002184694167226553 
vn -1.0341130485562108e-13 0.999997615814209 0.002184694167226553 
vn -1.0341130485562108e-13 0.999997615814209 0.002184694167226553 
vn -1.0341130485562108e-13 0.999997615814209 0.002184694167226553 
vn -1.0341130485562108e-13 0.999997615814209 0.002184694167226553 
vn -1.0341130485562108e-13 0.999997615814209 0.002184694167226553 
vn -1.0341130485562108e-13 0.999997615814209 0.002184694167226553 
vn -1.0341130485562108e-13 0.999997615814209 0.002184694167226553 
vn -1.0341130485562108e-13 0.999997615814209 0.002184694167226553 
vn -1.0341130485562108e-13 0.999997615814209 0.002184694167226553 
vn -1.0341130485562108e-13 0.999997615814209 0.002184694167226553 
vn -1.0341130485562108e-13 0.999997615814209 0.002184694167226553 
vn -1.0341130485562108e-13 0.999997615814209 0.002184694167226553 
vn -1.0341130485562108e-13 0.999997615814209 0.002184694167226553 
vn -1.0341130485562108e-13 0.999997615814209 0.002184694167226553 
vn -0.8956131339073181 0.003776735858991742 -0.44481781125068665 
vn -0.8956131339073181 0.003776735858991742 -0.44481781125068665 
vn -0.8956131339073181 0.003776735858991742 -0.44481781125068665 
vn -0.8956131339073181 0.003776735858991742 -0.44481781125068665 
vn -1.0341130485562108e-13 0.999997615814209 0.002184694167226553 
vn -1.0341130485562108e-13 0.999997615814209 0.002184694167226553 
vn -1.0341130485562108e-13 0.999997615814209 0.002184694167226553 
vn -1.0341130485562108e-13 0.999997615814209 0.002184694167226553 
vn -1.0341130485562108e-13 0.999997615814209 0.002184694167226553 
vn -1.0341130485562108e-13 0.999997615814209 0.002184694167226553 
vn -1.0341130485562108e-13 0.999997615814209 0.002184694167226553 
vn -1.0341130485562108e-13 0.999997615814209 0.002184694167226553 
vn -1.0341130485562108e-13 0.999997615814209 0.002184694167226553 
vn -1.0341130485562108e-13 0.999997615814209 0.002184694167226553 
vn -0.423151433467865 0.003766018431633711 0.9060511589050293 
vn -0.423151433467865 0.003766018431633711 0.9060511589050293 
vn -0.4032568037509918 0.0037593627348542213 0.9150791168212891 
vn -0.4032568037509918 0.0037593627348542213 0.9150791168212891 
vn -0.3628992438316345 0.0037627804558724165 0.931820809841156 
vn -0.3628992438316345 0.0037627804558724165 0.931820809841156 
vn -0.31358450651168823 -6.485651994842315e-14 0.949560284614563 
vn -0.31358450651168823 -6.485651994842315e-14 0.949560284614563 
vn -0.259143590927124 0.0037519836332648993 0.9658315181732178 
vn -0.259143590927124 0.0037519836332648993 0.9658315181732178 
vn -0.19960615038871765 0.003755420446395874 0.97986900806427 
vn -0.19960615038871765 0.003755420446395874 0.97986900806427 
vn -0.13070669770240784 -2.703316323777235e-14 0.991421103477478 
vn -0.13070669770240784 -2.703316323777235e-14 0.991421103477478 
vn -0.043680015951395035 -9.034036675204318e-15 0.9990455508232117 
vn -0.043680015951395035 -9.034036675204318e-15 0.9990455508232117 
vn 0.05677155405282974 0 0.9983872175216675 
vn 0.05677155405282974 0 0.9983872175216675 
vn 0.16527505218982697 0 0.9862475395202637 
vn 0.16527505218982697 0 0.9862475395202637 
vn 0.2507207691669464 0 0.9680594801902771 
vn 0.2507207691669464 0 0.9680594801902771 
vn 0.33013176918029785 0 0.9439348578453064 
vn 0.33013176918029785 0 0.9439348578453064 
vn 0.41920527815818787 0 0.9078915119171143 
vn 0.41920527815818787 0 0.9078915119171143 
vn 0.5081761479377747 0 0.8612531423568726 
vn 0.5081761479377747 0 0.8612531423568726 
vn 0.6025320887565613 0 0.7980946898460388 
vn 0.6025320887565613 0 0.7980946898460388 
vn 0.6954262852668762 0 0.7185974717140198 
vn 0.6954262852668762 0 0.7185974717140198 
vn 0.7779244780540466 0 0.6283578276634216 
vn 0.7779244780540466 0 0.6283578276634216 
vn 0.8533812761306763 0 0.5212872624397278 
vn 0.8533812761306763 0 0.5212872624397278 
vn 0.912416398525238 0 0.40926313400268555 
vn 0.912416398525238 0 0.40926313400268555 
vn 0.9555421471595764 0 0.2948545813560486 
vn 0.9555421471595764 0 0.2948545813560486 
vn 0.9828073978424072 0 0.18463370203971863 
vn 0.9828073978424072 0 0.18463370203971863 
vn 0.996372401714325 0 0.08510008454322815 
vn 0.996372401714325 0 0.08510008454322815 
vn 0.9999785423278809 0 -0.006554040592163801 
vn 0.9999785423278809 0 -0.006554040592163801 
vn 0.9942756295204163 0 -0.10684575140476227 
vn 0.9942756295204163 0 -0.10684575140476227 
vn 0.986606240272522 0 -0.16312000155448914 
vn 0.986606240272522 0 -0.16312000155448914 
vn -1.0341130485562108e-13 0.999997615814209 0.002184694167226553 
vn -1.0341130485562108e-13 0.999997615814209 0.002184694167226553 
vn -1.0341130485562108e-13 0.999997615814209 0.002184694167226553 
vn -1.0341130485562108e-13 0.999997615814209 0.002184694167226553 
vn -1.0341130485562108e-13 0.999997615814209 0.002184694167226553 
vn -1.0341130485562108e-13 0.999997615814209 0.002184694167226553 
vn -1.0341130485562108e-13 0.999997615814209 0.002184694167226553 
vn -1.0341130485562108e-13 0.999997615814209 0.002184694167226553 
vn -1.0341130485562108e-13 0.999997615814209 0.002184694167226553 
vn -1.0341130485562108e-13 0.999997615814209 0.002184694167226553 
vn -1.0341130485562108e-13 0.999997615814209 0.002184694167226553 
vn -1.0341130485562108e-13 0.999997615814209 0.002184694167226553 
vn -1.0341130485562108e-13 0.999997615814209 0.002184694167226553 
vn -1.0341130485562108e-13 0.999997615814209 0.002184694167226553 
vn 3.097898456858039e-13 -0.999997615814209 0.002184694167226553 
vn 3.097898456858039e-13 -0.999997615814209 0.002184694167226553 
vn 3.097898456858039e-13 -0.999997615814209 0.002184694167226553 
vn 3.097898456858039e-13 -0.999997615814209 0.002184694167226553 
vn 3.097898456858039e-13 -0.999997615814209 0.002184694167226553 
vn 3.097898456858039e-13 -0.999997615814209 0.002184694167226553 
vn -1.0341130485562108e-13 0.999997615814209 0.002184694167226553 
vn -1.0341130485562108e-13 0.999997615814209 0.002184694167226553 
vn -1.0341130485562108e-13 0.999997615814209 0.002184694167226553 
vn -1.0341130485562108e-13 0.999997615814209 0.002184694167226553 
vn 0 0 1 
vn 0 0 1 
vn 0 0 1 
vn 0 0 1 
vn -0.999997615814209 -2.0682260971124217e-13 0.002184694167226553 
vn -0.999997615814209 -2.0682260971124217e-13 0.002184694167226553 
vn -0.999997615814209 -2.0682260971124217e-13 0.002184694167226553 
vn -0.999997615814209 -2.0682260971124217e-13 0.002184694167226553 
vn -2.0682311115474694e-13 0 -1 
vn -2.0682311115474694e-13 0 -1 
vn -2.0682311115474694e-13 0 -1 
vn -2.0682311115474694e-13 0 -1 
vn 0.999997615814209 0 0.002184694167226553 
vn 0.999997615814209 0 0.002184694167226553 
vn 0.999997615814209 0 0.002184694167226553 
vn 0.999997615814209 0 0.002184694167226553 
vn -0.999997615814209 -2.0682260971124217e-13 0.002184694167226553 
vn -0.999997615814209 -2.0682260971124217e-13 0.002184694167226553 
vn -0.999997615814209 -2.0682260971124217e-13 0.002184694167226553 
vn -0.999997615814209 -2.0682260971124217e-13 0.002184694167226553 
vn -1.0341130485562108e-13 0.999997615814209 0.002184694167226553 
vn -1.0341130485562108e-13 0.999997615814209 0.002184694167226553 
vn -1.0341130485562108e-13 0.999997615814209 0.002184694167226553 
vn -1.0341130485562108e-13 0.999997615814209 0.002184694167226553 
vn -1.0341130485562108e-13 0.999997615814209 0.002184694167226553 
vn -1.0341130485562108e-13 0.999997615814209 0.002184694167226553 
vn -1.0341130485562108e-13 0.999997615814209 0.002184694167226553 
vn -1.0341130485562108e-13 0.999997615814209 0.002184694167226553 
vn -1.0341130485562108e-13 0.999997615814209 0.002184694167226553 
vn -1.0341130485562108e-13 0.999997615814209 0.002184694167226553 
vn -1.0341130485562108e-13 0.999997615814209 0.002184694167226553 
vn -1.0341130485562108e-13 0.999997615814209 0.002184694167226553 
vn -1.0341130485562108e-13 0.999997615814209 0.002184694167226553 
vn -1.0341130485562108e-13 0.999997615814209 0.002184694167226553 
vn -1.0341130485562108e-13 0.999997615814209 0.002184694167226553 
vn -1.0341130485562108e-13 0.999997615814209 0.002184694167226553 
vn -0.999997615814209 -2.0682260971124217e-13 0.002184694167226553 
vn -0.999997615814209 -2.0682260971124217e-13 0.002184694167226553 
vn -0.999997615814209 -2.0682260971124217e-13 0.002184694167226553 
vn -0.999997615814209 -2.0682260971124217e-13 0.002184694167226553 
vn -2.0682311115474694e-13 0 -1 
vn -2.0682311115474694e-13 0 -1 
vn -2.0682311115474694e-13 0 -1 
vn -2.0682311115474694e-13 0 -1 
vn 0.999997615814209 0 0.002184694167226553 
vn 0.999997615814209 0 0.002184694167226553 
vn 0.999997615814209 0 0.002184694167226553 
vn 0.999997615814209 0 0.002184694167226553 
vn -0.8877103328704834 -1.8359901272912982e-13 -0.46040233969688416 
vn -0.8877103328704834 -1.8359901272912982e-13 -0.46040233969688416 
vn -0.8601325750350952 0.0037793058436363935 -0.5100564956665039 
vn -0.8601325750350952 0.0037793058436363935 -0.5100564956665039 
vn -0.7967674732208252 0.003775471355766058 -0.6042742133140564 
vn -0.7967674732208252 0.003775471355766058 -0.6042742133140564 
vn -0.7170764207839966 -1.4830797451671068e-13 -0.6969945430755615 
vn -0.7170764207839966 -1.4830797451671068e-13 -0.6969945430755615 
vn -0.6198112964630127 0.003781007369980216 -0.7847417593002319 
vn -0.6198112964630127 0.003781007369980216 -0.7847417593002319 
vn -0.5268691182136536 -1.0896871512761086e-13 -0.8499464392662048 
vn -0.5268691182136536 -1.0896871512761086e-13 -0.8499464392662048 
vn -0.45066237449645996 0.003775548655539751 -0.8926864862442017 
vn -0.45066237449645996 0.003775548655539751 -0.8926864862442017 
vn -0.3710477650165558 -7.674125278387539e-14 -0.9286137819290161 
vn -0.3710477650165558 -7.674125278387539e-14 -0.9286137819290161 
vn -0.2549481689929962 -5.272917315995475e-14 -0.9669547080993652 
vn -0.2549481689929962 -5.272917315995475e-14 -0.9669547080993652 
vn -0.13070669770240784 -2.6975117763962907e-14 -0.991421103477478 
vn -0.13070669770240784 -2.6975117763962907e-14 -0.991421103477478 
vn -0.013107799924910069 -2.7109958632902213e-15 -0.9999141097068787 
vn -0.013107799924910069 -2.7109958632902213e-15 -0.9999141097068787 
vn 0.09597864747047424 0 -0.9953833818435669 
vn 0.09597864747047424 0 -0.9953833818435669 
vn 0.17818838357925415 0 -0.9839963912963867 
vn 0.17818838357925415 0 -0.9839963912963867 
vn 0.2507207691669464 0 -0.9680594801902771 
vn 0.2507207691669464 0 -0.9680594801902771 
vn 0.33013176918029785 0 -0.9439348578453064 
vn 0.33013176918029785 0 -0.9439348578453064 
vn 0.41523435711860657 0 -0.9097144603729248 
vn 0.41523435711860657 0 -0.9097144603729248 
vn 0.5006305575370789 0 -0.865661084651947 
vn 0.5006305575370789 0 -0.865661084651947 
vn 0.5814042687416077 0 -0.8136147856712341 
vn 0.5814042687416077 0 -0.8136147856712341 
vn 0.6568098068237305 0 -0.7540562748908997 
vn 0.6568098068237305 0 -0.7540562748908997 
vn 0.7261508703231812 0 -0.6875353455543518 
vn 0.7261508703231812 0 -0.6875353455543518 
vn 0.7860940098762512 0 -0.6181069612503052 
vn 0.7860940098762512 0 -0.6181069612503052 
vn 0.8370406627655029 0 -0.5471406579017639 
vn 0.8370406627655029 0 -0.5471406579017639 
vn 0.8774409294128418 0 -0.4796847105026245 
vn 0.8774409294128418 0 -0.4796847105026245 
vn 0.9141958951950073 0 -0.405272513628006 
vn 0.9141958951950073 0 -0.405272513628006 
vn 0.95159512758255 0 -0.30735430121421814 
vn 0.95159512758255 0 -0.30735430121421814 
vn 0.9785395264625549 0 -0.2060592919588089 
vn 0.9785395264625549 0 -0.2060592919588089 
vn 0.995171308517456 0 -0.0981530249118805 
vn 0.995171308517456 0 -0.0981530249118805 
vn 0.9998067021369934 0 -0.01966099627315998 
vn 0.9998067021369934 0 -0.01966099627315998 
vn 0.999997615814209 0 0.002184694167226553 
vn 0.999997615814209 0 0.002184694167226553 
vn 0.999997615814209 0 0.002184694167226553 
vn 0.999997615814209 0 0.002184694167226553 
vn 0.999997615814209 0 0.002184694167226553 
vn 0.999997615814209 0 0.002184694167226553 
vn 0.999997615814209 0 0.002184694167226553 
vn 0.999997615814209 0 0.002184694167226553 
vn 0.999997615814209 0 0.002184694167226553 
vn 0.999997615814209 0 0.002184694167226553 
vn 0.999997615814209 0 0.002184694167226553 
vn 0.999997615814209 0 0.002184694167226553 
vn 0.999997615814209 0 0.002184694167226553 
vn 0.999997615814209 0 0.002184694167226553 
vn 0.999997615814209 0 0.002184694167226553 
vn 0.999997615814209 0 0.002184694167226553 
vn 0 0 1 
vn 0 0 1 
vn 0 0 1 
vn 0 0 1 
vn 3.097898456858039e-13 -0.999997615814209 0.002184694167226553 
vn 3.097898456858039e-13 -0.999997615814209 0.002184694167226553 
vn 3.097898456858039e-13 -0.999997615814209 0.002184694167226553 
vn 3.097898456858039e-13 -0.999997615814209 0.002184694167226553 
vn 3.097898456858039e-13 -0.999997615814209 0.002184694167226553 
vn 3.097898456858039e-13 -0.999997615814209 0.002184694167226553 
vn 3.097898456858039e-13 -0.999997615814209 0.002184694167226553 
vn 3.097898456858039e-13 -0.999997615814209 0.002184694167226553 
vn 3.097898456858039e-13 -0.999997615814209 0.002184694167226553 
vn 3.097898456858039e-13 -0.999997615814209 0.002184694167226553 
vn 3.097898456858039e-13 -0.999997615814209 0.002184694167226553 
vn 3.097898456858039e-13 -0.999997615814209 0.002184694167226553 
vn 3.097898456858039e-13 -0.999997615814209 0.002184694167226553 
vn 3.097898456858039e-13 -0.999997615814209 0.002184694167226553 
vn 3.097898456858039e-13 -0.999997615814209 0.002184694167226553 
vn 3.097898456858039e-13 -0.999997615814209 0.002184694167226553 
vn 3.097898456858039e-13 -0.999997615814209 0.002184694167226553 
vn 3.097898456858039e-13 -0.999997615814209 0.002184694167226553 
vn 3.097898456858039e-13 -0.999997615814209 0.002184694167226553 
vn 3.097898456858039e-13 -0.999997615814209 0.002184694167226553 
vn 3.097898456858039e-13 -0.999997615814209 0.002184694167226553 
vn 3.097898456858039e-13 -0.999997615814209 0.002184694167226553 
vn 3.097898456858039e-13 -0.999997615814209 0.002184694167226553 
vn 3.097898456858039e-13 -0.999997615814209 0.002184694167226553 
vn 3.097898456858039e-13 -0.999997615814209 0.002184694167226553 
vn 3.097898456858039e-13 -0.999997615814209 0.002184694167226553 
vn 3.097898456858039e-13 -0.999997615814209 0.002184694167226553 
vn 3.097898456858039e-13 -0.999997615814209 0.002184694167226553 
vn 3.097898456858039e-13 -0.999997615814209 0.002184694167226553 
vn 3.097898456858039e-13 -0.999997615814209 0.002184694167226553 
vn 3.097898456858039e-13 -0.999997615814209 0.002184694167226553 
vn 3.097898456858039e-13 -0.999997615814209 0.002184694167226553 
vn 3.097898456858039e-13 -0.999997615814209 0.002184694167226553 
vn 3.097898456858039e-13 -0.999997615814209 0.002184694167226553 
vn 3.097898456858039e-13 -0.999997615814209 0.002184694167226553 
vn 3.097898456858039e-13 -0.999997615814209 0.002184694167226553 
vn 3.097898456858039e-13 -0.999997615814209 0.002184694167226553 
vn 3.097898456858039e-13 -0.999997615814209 0.002184694167226553 
vn 3.097898456858039e-13 -0.999997615814209 0.002184694167226553 
vn 3.097898456858039e-13 -0.999997615814209 0.002184694167226553 
vn 3.097898456858039e-13 -0.999997615814209 0.002184694167226553 
vn 3.097898456858039e-13 -0.999997615814209 0.002184694167226553 
vn 3.097898456858039e-13 -0.999997615814209 0.002184694167226553 
vn 3.097898456858039e-13 -0.999997615814209 0.002184694167226553 
vn 3.097898456858039e-13 -0.999997615814209 0.002184694167226553 
vn 3.097898456858039e-13 -0.999997615814209 0.002184694167226553 
vn 3.097898456858039e-13 -0.999997615814209 0.002184694167226553 
vn 3.097898456858039e-13 -0.999997615814209 0.002184694167226553 
vn 3.097898456858039e-13 -0.999997615814209 0.002184694167226553 
vn 3.097898456858039e-13 -0.999997615814209 0.002184694167226553 
vn 3.097898456858039e-13 -0.999997615814209 0.002184694167226553 
vn 3.097898456858039e-13 -0.999997615814209 0.002184694167226553 
vn 3.097898456858039e-13 -0.999997615814209 0.002184694167226553 
vn 3.097898456858039e-13 -0.999997615814209 0.002184694167226553 
vn 3.097898456858039e-13 -0.999997615814209 0.002184694167226553 
vn 3.097898456858039e-13 -0.999997615814209 0.002184694167226553 
vn 3.097898456858039e-13 -0.999997615814209 0.002184694167226553 
vn 3.097898456858039e-13 -0.999997615814209 0.002184694167226553 
vn 3.097898456858039e-13 -0.999997615814209 0.002184694167226553 
vn 3.097898456858039e-13 -0.999997615814209 0.002184694167226553 
vn 3.097898456858039e-13 -0.999997615814209 0.002184694167226553 
vn 3.097898456858039e-13 -0.999997615814209 0.002184694167226553 
vn 3.097898456858039e-13 -0.999997615814209 0.002184694167226553 
vn 3.097898456858039e-13 -0.999997615814209 0.002184694167226553 
vn 3.097898456858039e-13 -0.999997615814209 0.002184694167226553 
vn 3.097898456858039e-13 -0.999997615814209 0.002184694167226553 
vn 3.097898456858039e-13 -0.999997615814209 0.002184694167226553 
vn 3.097898456858039e-13 -0.999997615814209 0.002184694167226553 
vn 3.097898456858039e-13 -0.999997615814209 0.002184694167226553 
vn 3.097898456858039e-13 -0.999997615814209 0.002184694167226553 
vn 3.097898456858039e-13 -0.999997615814209 0.002184694167226553 
vn 3.097898456858039e-13 -0.999997615814209 0.002184694167226553 
vn 3.097898456858039e-13 -0.999997615814209 0.002184694167226553 
vn 3.097898456858039e-13 -0.999997615814209 0.002184694167226553 
vn 3.097898456858039e-13 -0.999997615814209 0.002184694167226553 
vn 3.097898456858039e-13 -0.999997615814209 0.002184694167226553 
vn 3.097898456858039e-13 -0.999997615814209 0.002184694167226553 
vn 3.097898456858039e-13 -0.999997615814209 0.002184694167226553 
vn 3.097898456858039e-13 -0.999997615814209 0.002184694167226553 
vn 3.097898456858039e-13 -0.999997615814209 0.002184694167226553 
vn 3.097898456858039e-13 -0.999997615814209 0.002184694167226553 
vn 3.097898456858039e-13 -0.999997615814209 0.002184694167226553 
vn 3.097898456858039e-13 -0.999997615814209 0.002184694167226553 
vn 3.097898456858039e-13 -0.999997615814209 0.002184694167226553 
vn 3.097898456858039e-13 -0.999997615814209 0.002184694167226553 
vn 3.097898456858039e-13 -0.999997615814209 0.002184694167226553 
vn 3.097898456858039e-13 -0.999997615814209 0.002184694167226553 
vn 3.097898456858039e-13 -0.999997615814209 0.002184694167226553 
vn 3.097898456858039e-13 -0.999997615814209 0.002184694167226553 
vn 3.097898456858039e-13 -0.999997615814209 0.002184694167226553 
vn 3.097898456858039e-13 -0.999997615814209 0.002184694167226553 
vn 3.097898456858039e-13 -0.999997615814209 0.002184694167226553 
vn 3.097898456858039e-13 -0.999997615814209 0.002184694167226553 
vn 3.097898456858039e-13 -0.999997615814209 0.002184694167226553 
vn 3.097898456858039e-13 -0.999997615814209 0.002184694167226553 
vn 3.097898456858039e-13 -0.999997615814209 0.002184694167226553 
vn 3.097898456858039e-13 -0.999997615814209 0.002184694167226553 
vn 3.097898456858039e-13 -0.999997615814209 0.002184694167226553 
vn 3.097898456858039e-13 -0.999997615814209 0.002184694167226553 
vn 3.097898456858039e-13 -0.999997615814209 0.002184694167226553 
vn 3.097898456858039e-13 -0.999997615814209 0.002184694167226553 
vn 3.097898456858039e-13 -0.999997615814209 0.002184694167226553 
vn 3.097898456858039e-13 -0.999997615814209 0.002184694167226553 
vn 3.097898456858039e-13 -0.999997615814209 0.002184694167226553 
vn 3.097898456858039e-13 -0.999997615814209 0.002184694167226553 
vn 3.097898456858039e-13 -0.999997615814209 0.002184694167226553 
vn 3.097898456858039e-13 -0.999997615814209 0.002184694167226553 
vn 3.097898456858039e-13 -0.999997615814209 0.002184694167226553 
vn 3.097898456858039e-13 -0.999997615814209 0.002184694167226553 
vn 3.097898456858039e-13 -0.999997615814209 0.002184694167226553 
vn 3.097898456858039e-13 -0.999997615814209 0.002184694167226553 
vn 3.097898456858039e-13 -0.999997615814209 0.002184694167226553 
vn 3.097898456858039e-13 -0.999997615814209 0.002184694167226553 
vn 3.097898456858039e-13 -0.999997615814209 0.002184694167226553 
vn 3.097898456858039e-13 -0.999997615814209 0.002184694167226553 
vn 3.097898456858039e-13 -0.999997615814209 0.002184694167226553 
vn 0 0 1 
vn 0 0 1 
vn 0 0 1 
vn 0 0 1 
vn 3.097898456858039e-13 -0.999997615814209 0.002184694167226553 
vn 3.097898456858039e-13 -0.999997615814209 0.002184694167226553 
vn 3.097898456858039e-13 -0.999997615814209 0.002184694167226553 
vn 3.097898456858039e-13 -0.999997615814209 0.002184694167226553 
vn 3.097898456858039e-13 -0.999997615814209 0.002184694167226553 
vn 3.097898456858039e-13 -0.999997615814209 0.002184694167226553 
vn 3.097898456858039e-13 -0.999997615814209 0.002184694167226553 
vn 3.097898456858039e-13 -0.999997615814209 0.002184694167226553 
vn 3.097898456858039e-13 -0.999997615814209 0.002184694167226553 
vn 3.097898456858039e-13 -0.999997615814209 0.002184694167226553 
vn 3.097898456858039e-13 -0.999997615814209 0.002184694167226553 
vn 3.097898456858039e-13 -0.999997615814209 0.002184694167226553 
vn 3.097898456858039e-13 -0.999997615814209 0.002184694167226553 
vn 3.097898456858039e-13 -0.999997615814209 0.002184694167226553 
vn 3.097898456858039e-13 -0.999997615814209 0.002184694167226553 
vn 3.097898456858039e-13 -0.999997615814209 0.002184694167226553 
vn 3.097898456858039e-13 -0.999997615814209 0.002184694167226553 
vn 3.097898456858039e-13 -0.999997615814209 0.002184694167226553 
vn 3.097898456858039e-13 -0.999997615814209 0.002184694167226553 
vn 3.097898456858039e-13 -0.999997615814209 0.002184694167226553 
vn 3.097898456858039e-13 -0.999997615814209 0.002184694167226553 
vn 3.097898456858039e-13 -0.999997615814209 0.002184694167226553 
vn 3.097898456858039e-13 -0.999997615814209 0.002184694167226553 
vn 3.097898456858039e-13 -0.999997615814209 0.002184694167226553 
vn 3.097898456858039e-13 -0.999997615814209 0.002184694167226553 
vn 3.097898456858039e-13 -0.999997615814209 0.002184694167226553 
vn 3.097898456858039e-13 -0.999997615814209 0.002184694167226553 
vn 3.097898456858039e-13 -0.999997615814209 0.002184694167226553 
vn 3.097898456858039e-13 -0.999997615814209 0.002184694167226553 
vn 3.097898456858039e-13 -0.999997615814209 0.002184694167226553 
vn 3.097898456858039e-13 -0.999997615814209 0.002184694167226553 
vn 3.097898456858039e-13 -0.999997615814209 0.002184694167226553 
vn 3.097898456858039e-13 -0.999997615814209 0.002184694167226553 
vn 3.097898456858039e-13 -0.999997615814209 0.002184694167226553 
vn 3.097898456858039e-13 -0.999997615814209 0.002184694167226553 
vn 3.097898456858039e-13 -0.999997615814209 0.002184694167226553 
vn 3.097898456858039e-13 -0.999997615814209 0.002184694167226553 
vn 3.097898456858039e-13 -0.999997615814209 0.002184694167226553 
vn 3.097898456858039e-13 -0.999997615814209 0.002184694167226553 
vn 0.6666374206542969 0 -0.7453821301460266 
vn 0.6666374206542969 0 -0.7453821301460266 
vn 0.6666374206542969 0 -0.7453821301460266 
vn 0.6666374206542969 0 -0.7453821301460266 
vn 0.999997615814209 0 0.002184694167226553 
vn 0.999997615814209 0 0.002184694167226553 
vn 0.999997615814209 0 0.002184694167226553 
vn 0.999997615814209 0 0.002184694167226553 
vn 0.999997615814209 0 0.002184694167226553 
vn 0.999997615814209 0 0.002184694167226553 
vn 0.9998067021369934 0 0.01966099627315998 
vn 0.9998067021369934 0 0.01966099627315998 
vn 0.9974023103713989 0 0.07203252613544464 
vn 0.9974023103713989 0 0.07203252613544464 
vn 0.9893063306808472 0 0.1458524912595749 
vn 0.9893063306808472 0 0.1458524912595749 
vn 0.9747888445854187 0 0.22312943637371063 
vn 0.9747888445854187 0 0.22312943637371063 
vn 0.9529290199279785 0 0.30319350957870483 
vn 0.9529290199279785 0 0.30319350957870483 
vn 0.9261619448661804 0 0.37712597846984863 
vn 0.9261619448661804 0 0.37712597846984863 
vn 0.8936689496040344 0 0.4487268626689911 
vn 0.8936689496040344 0 0.4487268626689911 
vn 0.85109543800354 0 0.5250110030174255 
vn 0.85109543800354 0 0.5250110030174255 
vn 0.7967764139175415 0 0.6042742133140564 
vn 0.7967764139175415 0 0.6042742133140564 
vn 0.7439239621162415 0 0.6682642698287964 
vn 0.7439239621162415 0 0.6682642698287964 
vn 0.6891201138496399 0 0.7246471047401428 
vn 0.6891201138496399 0 0.7246471047401428 
vn 0.6266567707061768 0 0.7792953848838806 
vn 0.6266567707061768 0 0.7792953848838806 
vn 0.5526149272918701 0 0.8334367275238037 
vn 0.5526149272918701 0 0.8334367275238037 
vn 0.4662105441093445 0 0.8846737742424011 
vn 0.4662105441093445 0 0.8846737742424011 
vn 0.3629187345504761 0 0.931820809841156 
vn 0.3629187345504761 0 0.931820809841156 
vn 0.2591707408428192 0 0.9658315181732178 
vn 0.2591707408428192 0 0.9658315181732178 
vn 0.14801347255706787 0 0.9889853596687317 
vn 0.14801347255706787 0 0.9889853596687317 
vn 0.034948017448186874 0 0.999389111995697 
vn 0.034948017448186874 0 0.999389111995697 
vn -0.06549396365880966 -1.3545665342163098e-14 0.9978529810905457 
vn -0.06549396365880966 -1.3545665342163098e-14 0.9978529810905457 
vn -0.14796672761440277 0.0037195926997810602 0.9889853596687317 
vn -0.14796672761440277 0.0037195926997810602 0.9889853596687317 
vn -0.22096742689609528 0.003752737306058407 0.9752739667892456 
vn -0.22096742689609528 0.003752737306058407 0.9752739667892456 
vn -0.29694145917892456 -6.14143542336347e-14 0.9548956751823425 
vn -0.29694145917892456 -6.14143542336347e-14 0.9548956751823425 
vn -0.3831879794597626 -7.925212949008026e-14 0.9236704111099243 
vn -0.3831879794597626 -7.925212949008026e-14 0.9236704111099243 
vn -0.47775182127952576 0.0037617359776049852 0.8784868121147156 
vn -0.47775182127952576 0.0037617359776049852 0.8784868121147156 
vn -0.5742598176002502 0.0037664223928004503 0.8186644315719604 
vn -0.5742598176002502 0.0037664223928004503 0.8186644315719604 
vn -0.6666374206542969 -1.3787602515854397e-13 0.7453821301460266 
vn -0.6666374206542969 -1.3787602515854397e-13 0.7453821301460266 
vn -0.74683678150177 -1.5446309867012814e-13 0.6650074124336243 
vn -0.74683678150177 -1.5446309867012814e-13 0.6650074124336243 
vn -0.8173992037773132 0.003770856885239482 0.5760593414306641 
vn -0.8173992037773132 0.003770856885239482 0.5760593414306641 
vn -0.8732074499130249 0.003773423843085766 0.48733407258987427 
vn -0.8732074499130249 0.003773423843085766 0.48733407258987427 
vn -0.9177025556564331 -1.9020963732026275e-13 0.3972681760787964 
vn -0.9177025556564331 -1.9020963732026275e-13 0.3972681760787964 
vn -0.9502356052398682 0.0037740441039204597 0.31150925159454346 
vn -0.9502356052398682 0.0037740441039204597 0.31150925159454346 
vn -0.9737972617149353 0.0037722436245530844 0.22738653421401978 
vn -0.9737972617149353 0.0037722436245530844 0.22738653421401978 
vn -0.9879940152168274 -2.043399900241577e-13 0.15449213981628418 
vn -0.9879940152168274 -2.043399900241577e-13 0.15449213981628418 
vn -0.9974023103713989 -2.0628583476817175e-13 0.07203252613544464 
vn -0.9974023103713989 -2.0628583476817175e-13 0.07203252613544464 
vn -0.9999403357505798 -2.0681076480250776e-13 0.010923261754214764 
vn -0.9999403357505798 -2.0681076480250776e-13 0.010923261754214764 
vn -0.999997615814209 -2.0682260971124217e-13 0.002184694167226553 
vn -0.999997615814209 -2.0682260971124217e-13 0.002184694167226553 
vn -0.999997615814209 -2.0682260971124217e-13 0.002184694167226553 
vn -0.999997615814209 -2.0682260971124217e-13 0.002184694167226553 
vn -0.999997615814209 -2.0682260971124217e-13 0.002184694167226553 
vn -0.999997615814209 -2.0682260971124217e-13 0.002184694167226553 
vn 3.097898456858039e-13 -0.999997615814209 0.002184694167226553 
vn 3.097898456858039e-13 -0.999997615814209 0.002184694167226553 
vn 3.097898456858039e-13 -0.999997615814209 0.002184694167226553 
vn 3.097898456858039e-13 -0.999997615814209 0.002184694167226553 
vn 3.097898456858039e-13 -0.999997615814209 0.002184694167226553 
vn 0 0 1 
vn 0 0 1 
vn 0 0 1 
vn 0 0 1 
vn 0.2464885413646698 0 0.9691457152366638 
vn 0.2464885413646698 0 0.9691457152366638 
vn 0.2591707408428192 0 0.9658315181732178 
vn 0.2591707408428192 0 0.9658315181732178 
vn 0.271808385848999 0 0.962351381778717 
vn 0.271808385848999 0 0.962351381778717 
vn -0.999997615814209 -2.0682260971124217e-13 0.002184694167226553 
vn -0.999997615814209 -2.0682260971124217e-13 0.002184694167226553 
vn -0.999997615814209 -2.0682260971124217e-13 0.002184694167226553 
vn -0.999997615814209 -2.0682260971124217e-13 0.002184694167226553 
vn 0.8601409196853638 0 0.5100564956665039 
vn 0.8601409196853638 0 0.5100564956665039 
vn 0.8394233584403992 0 0.5434780716896057 
vn 0.8394233584403992 0 0.5434780716896057 
vn 0.7941284775733948 0 0.607749879360199 
vn 0.7941284775733948 0 0.607749879360199 
vn 0.7409969568252563 0 0.6715083718299866 
vn 0.7409969568252563 0 0.6715083718299866 
vn 0.6891201138496399 0 0.7246471047401428 
vn 0.6891201138496399 0 0.7246471047401428 
vn 0.6334428787231445 0 0.7737894654273987 
vn 0.6334428787231445 0 0.7737894654273987 
vn 0.563491940498352 0 0.8261215686798096 
vn 0.563491940498352 0 0.8261215686798096 
vn 0.4662105441093445 0 0.8846737742424011 
vn 0.4662105441093445 0 0.8846737742424011 
vn 0.3424763083457947 0 0.9395264387130737 
vn 0.3424763083457947 0 0.9395264387130737 
vn 0.2124682515859604 0 0.9771679639816284 
vn 0.2124682515859604 0 0.9771679639816284 
vn 0.0872766524553299 0 0.9961841106414795 
vn 0.0872766524553299 0 0.9961841106414795 
vn -0.021845221519470215 -4.518096610544014e-15 0.9997613430023193 
vn -0.021845221519470215 -4.518096610544014e-15 0.9997613430023193 
vn -0.12198123335838318 0.003721691435202956 0.9925254583358765 
vn -0.12198123335838318 0.003721691435202956 0.9925254583358765 
vn -0.22522740066051483 0.0037441160529851913 0.9742990136146545 
vn -0.22522740066051483 0.0037441160529851913 0.9742990136146545 
vn -0.30525144934654236 0.0037608793936669827 0.9522643685340881 
vn -0.30525144934654236 0.0037608793936669827 0.9522643685340881 
vn -0.375082790851593 0.0037648463621735573 0.926983654499054 
vn -0.375082790851593 0.0037648463621735573 0.926983654499054 
vn -0.44675755500793457 0.0037629047874361277 0.8946471214294434 
vn -0.44675755500793457 0.0037629047874361277 0.8946471214294434 
vn -0.5194079279899597 0.003768583992496133 0.8545181155204773 
vn -0.5194079279899597 0.003768583992496133 0.8545181155204773 
vn -0.5920190215110779 -1.2244322038484218e-13 0.8059239983558655 
vn -0.5920190215110779 -1.2244322038484218e-13 0.8059239983558655 
vn -0.663363516330719 0.003768608206883073 0.7482877969741821 
vn -0.663363516330719 0.003768608206883073 0.7482877969741821 
vn -0.726141095161438 0.003770677838474512 0.6875353455543518 
vn -0.726141095161438 0.003770677838474512 0.6875353455543518 
vn -0.7833766937255859 0.0037688659504055977 0.6215357780456543 
vn -0.7833766937255859 0.0037688659504055977 0.6215357780456543 
vn -0.8370321989059448 0.003772786119952798 0.5471406579017639 
vn -0.8370321989059448 0.003772786119952798 0.5471406579017639 
vn -0.8815992474555969 -1.8233509049402769e-13 0.4719987213611603 
vn -0.8815992474555969 -1.8233509049402769e-13 0.4719987213611603 
vn -0.9177025556564331 -1.9020963732026275e-13 0.3972681760787964 
vn -0.9177025556564331 -1.9020963732026275e-13 0.3972681760787964 
vn -0.9474771618843079 0.003772627329453826 0.3198012113571167 
vn -0.9474771618843079 0.003772627329453826 0.3198012113571167 
vn -0.9686048626899719 -2.0032987855383988e-13 0.24860523641109467 
vn -0.9686048626899719 -2.0032987855383988e-13 0.24860523641109467 
vn -0.9865990281105042 0.003775282995775342 0.16312000155448914 
vn -0.9865990281105042 0.003775282995775342 0.16312000155448914 
vn -0.9982536435127258 0.0037739125546067953 0.058952588587999344 
vn -0.9982536435127258 0.0037739125546067953 0.058952588587999344 
vn -0.9982536435127258 0.0037739125546067953 -0.058952588587999344 
vn -0.9982536435127258 0.0037739125546067953 -0.058952588587999344 
vn -0.9932968020439148 0.0037733360659331083 -0.11553031951189041 
vn -0.9932968020439148 0.0037733360659331083 -0.11553031951189041 
vn -0.9858840703964233 -2.0390361220225944e-13 -0.16742929816246033 
vn -0.9858840703964233 -2.0390361220225944e-13 -0.16742929816246033 
vn -0.9663954377174377 -1.998729008906644e-13 -0.25706008076667786 
vn -0.9663954377174377 -1.998729008906644e-13 -0.25706008076667786 
vn -0.9432038068771362 0.0037747491151094437 -0.33219319581985474 
vn -0.9432038068771362 0.0037747491151094437 -0.33219319581985474 
vn -0.9141881465911865 0.0037740119732916355 -0.405272513628006 
vn -0.9141881465911865 0.0037740119732916355 -0.405272513628006 
vn -0.8774409294128418 -1.8147506067323071e-13 -0.4796847105026245 
vn -0.8774409294128418 -1.8147506067323071e-13 -0.4796847105026245 
vn -0.8346419930458069 -1.7299391628401717e-13 -0.5507928133010864 
vn -0.8346419930458069 -1.7299391628401717e-13 -0.5507928133010864 
vn -0.7887872457504272 -1.631394265554434e-13 -0.6146662831306458 
vn -0.7887872457504272 -1.631394265554434e-13 -0.6146662831306458 
vn -0.7380558252334595 -1.5264699226857914e-13 -0.67473965883255 
vn -0.7380558252334595 -1.5264699226857914e-13 -0.67473965883255 
vn -0.6731256246566772 -1.3921792863490212e-13 -0.7395281791687012 
vn -0.6731256246566772 -1.3921792863490212e-13 -0.7395281791687012 
vn -0.5849537253379822 -1.2098194624929337e-13 -0.8110666871070862 
vn -0.5849537253379822 -1.2098194624929337e-13 -0.8110666871070862 
vn -0.4892260432243347 0.0037763623986393213 -0.872148871421814 
vn -0.4892260432243347 0.0037763623986393213 -0.872148871421814 
vn -0.40726879239082336 -8.405173665361129e-14 -0.913308322429657 
vn -0.40726879239082336 -8.405173665361129e-14 -0.913308322429657 
vn -0.3342530131340027 -6.913125128772679e-14 -0.9424833655357361 
vn -0.3342530131340027 -6.913125128772679e-14 -0.9424833655357361 
vn -0.2759847044944763 0.0037864013575017452 -0.961154580116272 
vn -0.2759847044944763 0.0037864013575017452 -0.961154580116272 
vn -0.22096672654151917 0.0037937466986477375 -0.9752739667892456 
vn -0.22096672654151917 0.0037937466986477375 -0.9752739667892456 
vn -0.1695406585931778 0.0037781267892569304 -0.9855159521102905 
vn -0.1695406585931778 0.0037781267892569304 -0.9855159521102905 
vn -0.12631699442863464 0.0037805235479027033 -0.9919826984405518 
vn -0.12631699442863464 0.0037805235479027033 -0.9919826984405518 
vn -0.09162852168083191 -1.895089682781622e-14 -0.9957932829856873 
vn -0.09162852168083191 -1.895089682781622e-14 -0.9957932829856873 
vn -0.05664477497339249 0.003791921539232135 -0.9983872175216675 
vn -0.05664477497339249 0.003791921539232135 -0.9983872175216675 
vn -0.0259205661714077 0.0039068968035280704 -0.9996563792228699 
vn -0.0259205661714077 0.0039068968035280704 -0.9996563792228699 
vn -0.013107799924910069 -2.7109958632902213e-15 -0.9999141097068787 
vn 0.33836790919303894 0 0.9410139322280884 
vn 0.33836790919303894 0 0.9410139322280884 
vn 0.4032743275165558 0 0.9150791168212891 
vn 0.4032743275165558 0 0.9150791168212891 
vn 0.5231503844261169 0 0.8522403836250305 
vn 0.5231503844261169 0 0.8522403836250305 
vn 0.6266567707061768 0 0.7792953848838806 
vn 0.6266567707061768 0 0.7792953848838806 
vn 0.7170764207839966 0 0.6969945430755615 
vn 0.7170764207839966 0 0.6969945430755615 
vn 0.7941284775733948 0 0.607749879360199 
vn 0.7941284775733948 0 0.607749879360199 
vn 0.8556508421897888 0 0.5175535082817078 
vn 0.8556508421897888 0 0.5175535082817078 
vn 0.899474024772644 0 0.43697428703308105 
vn 0.899474024772644 0 0.43697428703308105 
vn 0.935729444026947 0 0.3527185618877411 
vn 0.935729444026947 0 0.3527185618877411 
vn 0.9707403779029846 0 0.2401314377784729 
vn 0.9707403779029846 0 0.2401314377784729 
vn 0.9933039546012878 0 0.11553031951189041 
vn 0.9933039546012878 0 0.11553031951189041 
vn 0.9999785423278809 0 -0.006554040592163801 
vn 0.9999785423278809 0 -0.006554040592163801 
vn 0.9917042851448059 0 -0.12854042649269104 
vn 0.9917042851448059 0 -0.12854042649269104 
vn 0.9663954377174377 0 -0.25706008076667786 
vn 0.9663954377174377 0 -0.25706008076667786 
vn 0.9228310585021973 0 -0.3852050006389618 
vn 0.9228310585021973 0 -0.3852050006389618 
vn 0.8667527437210083 0 -0.4987381398677826 
vn 0.8667527437210083 0 -0.4987381398677826 
vn 0.8020265698432922 0 -0.5972883701324463 
vn 0.8020265698432922 0 -0.5972883701324463 
vn 0.73213130235672 0 -0.681163489818573 
vn 0.73213130235672 0 -0.681163489818573 
vn 0.6468693614006042 0 -0.762600839138031 
vn 0.6468693614006042 0 -0.762600839138031 
vn 0.5489680171012878 0 -0.8358433246612549 
vn 0.5489680171012878 0 -0.8358433246612549 
vn 0.4623406231403351 0 -0.8867024183273315 
vn 0.4623406231403351 0 -0.8867024183273315 
vn 0.3751016855239868 0 -0.926983654499054 
vn 0.3751016855239868 0 -0.926983654499054 
vn 0.2676009237766266 0 -0.9635298252105713 
vn 0.2676009237766266 0 -0.9635298252105713 
vn 0.14801347255706787 0 -0.9889853596687317 
vn 0.14801347255706787 0 -0.9889853596687317 
vn 0.09162852168083191 0 -0.9957932829856873 
vn 0.09162852168083191 0 -0.9957932829856873 
vn 3.097898456858039e-13 -0.999997615814209 0.002184694167226553 
vn 3.097898456858039e-13 -0.999997615814209 0.002184694167226553 
vn 3.097898456858039e-13 -0.999997615814209 0.002184694167226553 
vn 3.097898456858039e-13 -0.999997615814209 0.002184694167226553 
vn 3.097898456858039e-13 -0.999997615814209 0.002184694167226553 
vn 3.097898456858039e-13 -0.999997615814209 0.002184694167226553 
vn 3.097898456858039e-13 -0.999997615814209 0.002184694167226553 
vn 3.097898456858039e-13 -0.999997615814209 0.002184694167226553 
vn 3.097898456858039e-13 -0.999997615814209 0.002184694167226553 
vn 3.097898456858039e-13 -0.999997615814209 0.002184694167226553 
vn 3.097898456858039e-13 -0.999997615814209 0.002184694167226553 
vn 3.097898456858039e-13 -0.999997615814209 0.002184694167226553 
vn 3.097898456858039e-13 -0.999997615814209 0.002184694167226553 
vn 3.097898456858039e-13 -0.999997615814209 0.002184694167226553 
vn 3.097898456858039e-13 -0.999997615814209 0.002184694167226553 
vn 3.097898456858039e-13 -0.999997615814209 0.002184694167226553 
vn 3.097898456858039e-13 -0.999997615814209 0.002184694167226553 
vn 3.097898456858039e-13 -0.999997615814209 0.002184694167226553 
vn 3.097898456858039e-13 -0.999997615814209 0.002184694167226553 
vn 3.097898456858039e-13 -0.999997615814209 0.002184694167226553 
vn 3.097898456858039e-13 -0.999997615814209 0.002184694167226553 
vn 3.097898456858039e-13 -0.999997615814209 0.002184694167226553 
vn 3.097898456858039e-13 -0.999997615814209 0.002184694167226553 
vn 3.097898456858039e-13 -0.999997615814209 0.002184694167226553 
vn 3.097898456858039e-13 -0.999997615814209 0.002184694167226553 
vn 3.097898456858039e-13 -0.999997615814209 0.002184694167226553 
vn 3.097898456858039e-13 -0.999997615814209 0.002184694167226553 
vn 3.097898456858039e-13 -0.999997615814209 0.002184694167226553 
vn 3.097898456858039e-13 -0.999997615814209 0.002184694167226553 
vn 3.097898456858039e-13 -0.999997615814209 0.002184694167226553 
vn 3.097898456858039e-13 -0.999997615814209 0.002184694167226553 
vn 3.097898456858039e-13 -0.999997615814209 0.002184694167226553 
vn 3.097898456858039e-13 -0.999997615814209 0.002184694167226553 
vn 3.097898456858039e-13 -0.999997615814209 0.002184694167226553 
vn 3.097898456858039e-13 -0.999997615814209 0.002184694167226553 
vn 3.097898456858039e-13 -0.999997615814209 0.002184694167226553 
vn 3.097898456858039e-13 -0.999997615814209 0.002184694167226553 
vn 3.097898456858039e-13 -0.999997615814209 0.002184694167226553 
vn 3.097898456858039e-13 -0.999997615814209 0.002184694167226553 
vn 3.097898456858039e-13 -0.999997615814209 0.002184694167226553 
vn 3.097898456858039e-13 -0.999997615814209 0.002184694167226553 
vn 3.097898456858039e-13 -0.999997615814209 0.002184694167226553 
vn 3.097898456858039e-13 -0.999997615814209 0.002184694167226553 
vn 3.097898456858039e-13 -0.999997615814209 0.002184694167226553 
vn 3.097898456858039e-13 -0.999997615814209 0.002184694167226553 
vn 3.097898456858039e-13 -0.999997615814209 0.002184694167226553 
vn 3.097898456858039e-13 -0.999997615814209 0.002184694167226553 
vn 3.097898456858039e-13 -0.999997615814209 0.002184694167226553 
vn 3.097898456858039e-13 -0.999997615814209 0.002184694167226553 
vn 3.097898456858039e-13 -0.999997615814209 0.002184694167226553 
vn 3.097898456858039e-13 -0.999997615814209 0.002184694167226553 
vn 3.097898456858039e-13 -0.999997615814209 0.002184694167226553 
vn 3.097898456858039e-13 -0.999997615814209 0.002184694167226553 
vn 3.097898456858039e-13 -0.999997615814209 0.002184694167226553 
vn 3.097898456858039e-13 -0.999997615814209 0.002184694167226553 
vn 3.097898456858039e-13 -0.999997615814209 0.002184694167226553 
vn 3.097898456858039e-13 -0.999997615814209 0.002184694167226553 
vn 3.097898456858039e-13 -0.999997615814209 0.002184694167226553 
vn 3.097898456858039e-13 -0.999997615814209 0.002184694167226553 
vn 3.097898456858039e-13 -0.999997615814209 0.002184694167226553 
vn 3.097898456858039e-13 -0.999997615814209 0.002184694167226553 
vn 0 0 1 
vn 0 0 1 
vn 0 0 1 
vn 0 0 1 
vn 3.097898456858039e-13 -0.999997615814209 0.002184694167226553 
vn 3.097898456858039e-13 -0.999997615814209 0.002184694167226553 
vn 3.097898456858039e-13 -0.999997615814209 0.002184694167226553 
vn 0.9879940152168274 0 0.15449213981628418 
vn 0.9785395264625549 0 0.2060592919588089 
vn 0.9942756295204163 0 0.10684575140476227 
vn 0.9879940152168274 0 0.15449213981628418 
vn 0.9942756295204163 0 0.10684575140476227 
vn 0.9998830556869507 0 0.0152922747656703 
vn 0.9998830556869507 0 0.0152922747656703 
vn 0.9967347383499146 0 -0.08074574917554855 
vn 0.9967347383499146 0 -0.08074574917554855 
vn 0.9819912910461426 0 -0.18892620503902435 
vn 0.9819912910461426 0 -0.18892620503902435 
vn 0.95159512758255 0 -0.30735430121421814 
vn 0.95159512758255 0 -0.30735430121421814 
vn 0.9051244854927063 0 -0.42514660954475403 
vn 0.9051244854927063 0 -0.42514660954475403 
vn 0.8394233584403992 0 -0.5434780716896057 
vn 0.8394233584403992 0 -0.5434780716896057 
vn 0.7611857652664185 0 -0.6485338807106018 
vn 0.7611857652664185 0 -0.6485338807106018 
vn 0.6827613711357117 0 -0.7306414246559143 
vn 0.6827613711357117 0 -0.7306414246559143 
vn 0.6163880825042725 0 -0.7874425053596497 
vn 0.6163880825042725 0 -0.7874425053596497 
vn 0.5562512278556824 0 -0.8310141563415527 
vn 0.5562512278556824 0 -0.8310141563415527 
vn 0.48542520403862 0 -0.87427818775177 
vn 0.48542520403862 0 -0.87427818775177 
vn 0.41125550866127014 0 -0.9115201234817505 
vn 0.41125550866127014 0 -0.9115201234817505 
vn 0.33013176918029785 0 -0.9439348578453064 
vn 0.33013176918029785 0 -0.9439348578453064 
vn 0.2464885413646698 0 -0.9691457152366638 
vn 0.2464885413646698 0 -0.9691457152366638 
vn 0.15665024518966675 0 -0.9876541495323181 
vn 0.15665024518966675 0 -0.9876541495323181 
vn 0.05677155405282974 0 -0.9983872175216675 
vn 0.05677155405282974 0 -0.9983872175216675 
vn -0.043680015951395035 -9.034036675204318e-15 -0.9990455508232117 
vn -0.043680015951395035 -9.034036675204318e-15 -0.9990455508232117 
vn -0.13936540484428406 -2.882398570584581e-14 -0.9902410507202148 
vn -0.13936540484428406 -2.882398570584581e-14 -0.9902410507202148 
vn -0.22948241233825684 0.0037748967297375202 -0.9733054637908936 
vn -0.22948241233825684 0.0037748967297375202 -0.9733054637908936 
vn -0.32184815406799316 0.003787125227972865 -0.946783721446991 
vn -0.32184815406799316 0.003787125227972865 -0.946783721446991 
vn -0.40726879239082336 -8.405173665361129e-14 -0.913308322429657 
vn -0.40726879239082336 -8.405173665361129e-14 -0.913308322429657 
vn -0.4892260432243347 0.0037763623986393213 -0.872148871421814 
vn -0.4892260432243347 0.0037763623986393213 -0.872148871421814 
vn -0.5598641633987427 0.003782563144341111 -0.8285757899284363 
vn -0.5598641633987427 0.003782563144341111 -0.8285757899284363 
vn -0.6232457756996155 -1.2890162299095814e-13 -0.7820260524749756 
vn -0.6232457756996155 -1.2890162299095814e-13 -0.7820260524749756 
vn -0.6922798156738281 -1.431794678478926e-13 -0.7216291427612305 
vn -0.6922798156738281 -1.431794678478926e-13 -0.7216291427612305 
vn -0.7640028595924377 0.0037798509001731873 -0.6452018022537231 
vn -0.7640028595924377 0.0037798509001731873 -0.6452018022537231 
vn -0.8224106431007385 -1.7009352639481973e-13 -0.5688942670822144 
vn -0.8224106431007385 -1.7009352639481973e-13 -0.5688942670822144 
vn -0.8710697293281555 0.0037745703011751175 -0.4911448359489441 
vn -0.8710697293281555 0.0037745703011751175 -0.4911448359489441 
vn -0.9176948070526123 0.00377855752594769 -0.3972681760787964 
vn -0.9176948070526123 0.00377855752594769 -0.3972681760787964 
vn -0.9387684464454651 0.0037762406282126904 -0.34452807903289795 
vn -0.9387684464454651 0.0037762406282126904 -0.34452807903289795 
vn -0.9580748677253723 0.0037765325978398323 -0.2864931523799896 
vn -0.9580748677253723 0.0037765325978398323 -0.2864931523799896 
vn -0.9858840703964233 -2.0390361220225944e-13 -0.16742929816246033 
vn -0.9858840703964233 -2.0390361220225944e-13 -0.16742929816246033 
vn -0.998501718044281 0.0037748501636087894 -0.05459024757146835 
vn -0.998501718044281 0.0037748501636087894 -0.05459024757146835 
vn -0.999997615814209 -2.0682260971124217e-13 -0.002184694167226553 
vn -0.999997615814209 -2.0682260971124217e-13 -0.002184694167226553 
vn -0.999997615814209 -2.0682260971124217e-13 0.002184694167226553 
vn 3.097898456858039e-13 -0.999997615814209 0.002184694167226553 
vn 3.097898456858039e-13 -0.999997615814209 0.002184694167226553 
vn 3.097898456858039e-13 -0.999997615814209 0.002184694167226553 
vn 3.097898456858039e-13 -0.999997615814209 0.002184694167226553 
vn 3.097898456858039e-13 -0.999997615814209 0.002184694167226553 
vn 3.097898456858039e-13 -0.999997615814209 0.002184694167226553 
vn 3.097898456858039e-13 -0.999997615814209 0.002184694167226553 
vn 3.097898456858039e-13 -0.999997615814209 0.002184694167226553 
vn 3.097898456858039e-13 -0.999997615814209 0.002184694167226553 
vn 3.097898456858039e-13 -0.999997615814209 0.002184694167226553 
vn 3.097898456858039e-13 -0.999997615814209 0.002184694167226553 
vn 3.097898456858039e-13 -0.999997615814209 0.002184694167226553 
vn 3.097898456858039e-13 -0.999997615814209 0.002184694167226553 
vn 3.097898456858039e-13 -0.999997615814209 0.002184694167226553 
vn 3.097898456858039e-13 -0.999997615814209 0.002184694167226553 
vn 3.097898456858039e-13 -0.999997615814209 0.002184694167226553 
vn 3.097898456858039e-13 -0.999997615814209 0.002184694167226553 
vn 3.097898456858039e-13 -0.999997615814209 0.002184694167226553 
vn 3.097898456858039e-13 -0.999997615814209 0.002184694167226553 
vn 3.097898456858039e-13 -0.999997615814209 0.002184694167226553 
vn 3.097898456858039e-13 -0.999997615814209 0.002184694167226553 
vn 3.097898456858039e-13 -0.999997615814209 0.002184694167226553 
vn 3.097898456858039e-13 -0.999997615814209 0.002184694167226553 
vn 3.097898456858039e-13 -0.999997615814209 0.002184694167226553 
vn 3.097898456858039e-13 -0.999997615814209 0.002184694167226553 
vn 3.097898456858039e-13 -0.999997615814209 0.002184694167226553 
vn 3.097898456858039e-13 -0.999997615814209 0.002184694167226553 
vn 3.097898456858039e-13 -0.999997615814209 0.002184694167226553 
vn 3.097898456858039e-13 -0.999997615814209 0.002184694167226553 
vn 3.097898456858039e-13 -0.999997615814209 0.002184694167226553 
vn 3.097898456858039e-13 -0.999997615814209 0.002184694167226553 
vn 3.097898456858039e-13 -0.999997615814209 0.002184694167226553 
vn 3.097898456858039e-13 -0.999997615814209 0.002184694167226553 
vn 3.097898456858039e-13 -0.999997615814209 0.002184694167226553 
vn 3.097898456858039e-13 -0.999997615814209 0.002184694167226553 
vn 3.097898456858039e-13 -0.999997615814209 0.002184694167226553 
vn 3.097898456858039e-13 -0.999997615814209 0.002184694167226553 
vn 3.097898456858039e-13 -0.999997615814209 0.002184694167226553 
vn 3.097898456858039e-13 -0.999997615814209 0.002184694167226553 
vn 3.097898456858039e-13 -0.999997615814209 0.002184694167226553 
vn 3.097898456858039e-13 -0.999997615814209 0.002184694167226553 
vn 3.097898456858039e-13 -0.999997615814209 0.002184694167226553 
vn 3.097898456858039e-13 -0.999997615814209 0.002184694167226553 
vn 3.097898456858039e-13 -0.999997615814209 0.002184694167226553 
vn 3.097898456858039e-13 -0.999997615814209 0.002184694167226553 
vn 3.097898456858039e-13 -0.999997615814209 0.002184694167226553 
vn 3.097898456858039e-13 -0.999997615814209 0.002184694167226553 
vn 3.097898456858039e-13 -0.999997615814209 0.002184694167226553 
vn 3.097898456858039e-13 -0.999997615814209 0.002184694167226553 
vn 0.9785395264625549 0 0.2060592919588089 
vn 0.95159512758255 0 0.30735430121421814 
vn 0.95159512758255 0 0.30735430121421814 
vn 0.9106194972991943 0 0.41324591636657715 
vn 0.9106194972991943 0 0.41324591636657715 
vn 0.8579040765762329 0 0.5138099193572998 
vn 0.8579040765762329 0 0.5138099193572998 
vn 0.7967764139175415 0 0.6042742133140564 
vn 0.7967764139175415 0 0.6042742133140564 
vn 0.73213130235672 0 0.681163489818573 
vn 0.73213130235672 0 0.681163489818573 
vn 0.6633741855621338 0 0.7482877969741821 
vn 0.6633741855621338 0 0.7482877969741821 
vn 0.5990391373634338 0 0.8007197380065918 
vn 0.5990391373634338 0 0.8007197380065918 
vn 0.5268691182136536 0 0.8499464392662048 
vn 0.5268691182136536 0 0.8499464392662048 
vn 0.44286009669303894 0 0.8965907096862793 
vn 0.44286009669303894 0 0.8965907096862793 
vn 0.3547620177268982 0 0.9349566102027893 
vn 0.3547620177268982 0 0.9349566102027893 
vn 0.2676009237766266 0 0.9635298252105713 
vn 0.2676009237766266 0 0.9635298252105713 
vn 0.19107110798358917 0 0.9815762042999268 
vn 0.19107110798358917 0 0.9815762042999268 
vn 0.11770011484622955 0 0.9930492043495178 
vn 0.11770011484622955 0 0.9930492043495178 
vn 0.05240868031978607 0 0.9986256957054138 
vn 0.05240868031978607 0 0.9986256957054138 
vn 0.008738672360777855 0 0.999961793422699 
vn 0.008738672360777855 0 0.999961793422699 
vn 0 0 1 
vn 0.669887900352478 0 -0.7424622178077698 
vn 0.669887900352478 0 -0.7424622178077698 
vn 0.669887900352478 0 -0.7424622178077698 
vn 0.669887900352478 0 -0.7424622178077698 
vn -1.0341130485562108e-13 0.999997615814209 0.002184694167226553 
vn -1.0341130485562108e-13 0.999997615814209 0.002184694167226553 
vn -1.0341130485562108e-13 0.999997615814209 0.002184694167226553 
vn -1.0341130485562108e-13 0.999997615814209 0.002184694167226553 
vn -1.0341130485562108e-13 0.999997615814209 0.002184694167226553 
vn -1.0341130485562108e-13 0.999997615814209 0.002184694167226553 
vn -1.0341130485562108e-13 0.999997615814209 0.002184694167226553 
vn -1.0341130485562108e-13 0.999997615814209 0.002184694167226553 
vn -1.0341130485562108e-13 0.999997615814209 0.002184694167226553 
vn 3.097898456858039e-13 -0.999997615814209 0.002184694167226553 
vn 3.097898456858039e-13 -0.999997615814209 0.002184694167226553 
vn 3.097898456858039e-13 -0.999997615814209 0.002184694167226553 
vn 3.097898456858039e-13 -0.999997615814209 0.002184694167226553 
vn 3.097898456858039e-13 -0.999997615814209 0.002184694167226553 
vn 3.097898456858039e-13 -0.999997615814209 0.002184694167226553 
vn 0 0 1 
vn 0 0 1 
vn 0 0 1 
vn 0 0 1 
vn -0.999997615814209 -2.0682260971124217e-13 0.002184694167226553 
vn -0.999997615814209 -2.0682260971124217e-13 0.002184694167226553 
vn -0.999997615814209 -2.0682260971124217e-13 0.002184694167226553 
vn -0.999997615814209 -2.0682260971124217e-13 0.002184694167226553 
vn 0.999997615814209 0 0.002184694167226553 
vn 0.999997615814209 0 0.002184694167226553 
vn 0.999997615814209 0 0.002184694167226553 
vn 0.999997615814209 0 0.002184694167226553 
vn -0.5268691182136536 -1.0896871512761086e-13 -0.8499464392662048 
vn -0.5268691182136536 -1.0896871512761086e-13 -0.8499464392662048 
vn -0.5268691182136536 -1.0896871512761086e-13 -0.8499464392662048 
vn -0.5268691182136536 -1.0896871512761086e-13 -0.8499464392662048 
vn -1.0341130485562108e-13 0.999997615814209 0.002184694167226553 
vn -1.0341130485562108e-13 0.999997615814209 0.002184694167226553 
vn -1.0341130485562108e-13 0.999997615814209 0.002184694167226553 
vn -1.0341130485562108e-13 0.999997615814209 0.002184694167226553 
vn -1.0341130485562108e-13 0.999997615814209 0.002184694167226553 
vn -1.0341130485562108e-13 0.999997615814209 0.002184694167226553 
vn -1.0341130485562108e-13 0.999997615814209 0.002184694167226553 
vn -1.0341130485562108e-13 0.999997615814209 0.002184694167226553 
vn -1.0341130485562108e-13 0.999997615814209 0.002184694167226553 
vn -1.0341130485562108e-13 0.999997615814209 0.002184694167226553 
vn -1.0341130485562108e-13 0.999997615814209 0.002184694167226553 
vn -1.0341130485562108e-13 0.999997615814209 0.002184694167226553 
vn -1.0341130485562108e-13 0.999997615814209 0.002184694167226553 
vn -1.0341130485562108e-13 0.999997615814209 0.002184694167226553 
vn -1.0341130485562108e-13 0.999997615814209 0.002184694167226553 
vn -1.0341130485562108e-13 0.999997615814209 0.002184694167226553 
vn -1.0341130485562108e-13 0.999997615814209 0.002184694167226553 
vn -1.0341130485562108e-13 0.999997615814209 0.002184694167226553 
vn -1.0341130485562108e-13 0.999997615814209 0.002184694167226553 
vn -1.0341130485562108e-13 0.999997615814209 0.002184694167226553 
vn -1.0341130485562108e-13 0.999997615814209 0.002184694167226553 
vn -1.0341130485562108e-13 0.999997615814209 0.002184694167226553 
vn -1.0341130485562108e-13 0.999997615814209 0.002184694167226553 
vn -1.0341130485562108e-13 0.999997615814209 0.002184694167226553 
vn -1.0341130485562108e-13 0.999997615814209 0.002184694167226553 
vn -1.0341130485562108e-13 0.999997615814209 0.002184694167226553 
vn -1.0341130485562108e-13 0.999997615814209 0.002184694167226553 
vn -1.0341130485562108e-13 0.999997615814209 0.002184694167226553 
vn -1.0341130485562108e-13 0.999997615814209 0.002184694167226553 
vn -1.0341130485562108e-13 0.999997615814209 0.002184694167226553 
vn -1.0341130485562108e-13 0.999997615814209 0.002184694167226553 
vn -1.0341130485562108e-13 0.999997615814209 0.002184694167226553 
vn -1.0341130485562108e-13 0.999997615814209 0.002184694167226553 
vn -1.0341130485562108e-13 0.999997615814209 0.002184694167226553 
vn -1.0341130485562108e-13 0.999997615814209 0.002184694167226553 
vn -1.0341130485562108e-13 0.999997615814209 0.002184694167226553 
vn -1.0341130485562108e-13 0.999997615814209 0.002184694167226553 
vn -1.0341130485562108e-13 0.999997615814209 0.002184694167226553 
vn -1.0341130485562108e-13 0.999997615814209 0.002184694167226553 
vn -1.0341130485562108e-13 0.999997615814209 0.002184694167226553 
vn -1.0341130485562108e-13 0.999997615814209 0.002184694167226553 
vn -1.0341130485562108e-13 0.999997615814209 0.002184694167226553 
vn -1.0341130485562108e-13 0.999997615814209 0.002184694167226553 
vn -1.0341130485562108e-13 0.999997615814209 0.002184694167226553 
vn -1.0341130485562108e-13 0.999997615814209 0.002184694167226553 
vn -1.0341130485562108e-13 0.999997615814209 0.002184694167226553 
vn -1.0341130485562108e-13 0.999997615814209 0.002184694167226553 
vn -1.0341130485562108e-13 0.999997615814209 0.002184694167226553 
vn -1.0341130485562108e-13 0.999997615814209 0.002184694167226553 
vn -1.0341130485562108e-13 0.999997615814209 0.002184694167226553 
vn -1.0341130485562108e-13 0.999997615814209 0.002184694167226553 
vn -1.0341130485562108e-13 0.999997615814209 0.002184694167226553 
vn -1.0341130485562108e-13 0.999997615814209 0.002184694167226553 
vn -1.0341130485562108e-13 0.999997615814209 0.002184694167226553 
vn -1.0341130485562108e-13 0.999997615814209 0.002184694167226553 
vn -1.0341130485562108e-13 0.999997615814209 0.002184694167226553 
vn -1.0341130485562108e-13 0.999997615814209 0.002184694167226553 
vn -1.0341130485562108e-13 0.999997615814209 0.002184694167226553 
vn -1.0341130485562108e-13 0.999997615814209 0.002184694167226553 
vn -1.0341130485562108e-13 0.999997615814209 0.002184694167226553 
vn -1.0341130485562108e-13 0.999997615814209 0.002184694167226553 
vn -1.0341130485562108e-13 0.999997615814209 0.002184694167226553 
vn -1.0341130485562108e-13 0.999997615814209 0.002184694167226553 
vn -1.0341130485562108e-13 0.999997615814209 0.002184694167226553 
vn -1.0341130485562108e-13 0.999997615814209 0.002184694167226553 
vn -1.0341130485562108e-13 0.999997615814209 0.002184694167226553 
vn -1.0341130485562108e-13 0.999997615814209 0.002184694167226553 
vn -1.0341130485562108e-13 0.999997615814209 0.002184694167226553 
vn -1.0341130485562108e-13 0.999997615814209 0.002184694167226553 
vn -1.0341130485562108e-13 0.999997615814209 0.002184694167226553 
vn -1.0341130485562108e-13 0.999997615814209 0.002184694167226553 
vn -1.0341130485562108e-13 0.999997615814209 0.002184694167226553 
vn -1.0341130485562108e-13 0.999997615814209 0.002184694167226553 
vn -1.0341130485562108e-13 0.999997615814209 0.002184694167226553 
vn -1.0341130485562108e-13 0.999997615814209 0.002184694167226553 
vn -1.0341130485562108e-13 0.999997615814209 0.002184694167226553 
vn -1.0341130485562108e-13 0.999997615814209 0.002184694167226553 
vn -1.0341130485562108e-13 0.999997615814209 0.002184694167226553 
vn -1.0341130485562108e-13 0.999997615814209 0.002184694167226553 
vn -1.0341130485562108e-13 0.999997615814209 0.002184694167226553 
vn -1.0341130485562108e-13 0.999997615814209 0.002184694167226553 
vn -1.0341130485562108e-13 0.999997615814209 0.002184694167226553 
vn -1.0341130485562108e-13 0.999997615814209 0.002184694167226553 
vn -1.0341130485562108e-13 0.999997615814209 0.002184694167226553 
vn -1.0341130485562108e-13 0.999997615814209 0.002184694167226553 
vn -1.0341130485562108e-13 0.999997615814209 0.002184694167226553 
vn -1.0341130485562108e-13 0.999997615814209 0.002184694167226553 
vn -1.0341130485562108e-13 0.999997615814209 0.002184694167226553 
vn -1.0341130485562108e-13 0.999997615814209 0.002184694167226553 
vn 3.097898456858039e-13 -0.999997615814209 0.002184694167226553 
vn 3.097898456858039e-13 -0.999997615814209 0.002184694167226553 
vn -1.0341130485562108e-13 0.999997615814209 0.002184694167226553 
vn -1.0341130485562108e-13 0.999997615814209 0.002184694167226553 
vn -1.0341130485562108e-13 0.999997615814209 0.002184694167226553 
vn 3.097898456858039e-13 -0.999997615814209 0.002184694167226553 
vn 3.097898456858039e-13 -0.999997615814209 0.002184694167226553 
vn 3.097898456858039e-13 -0.999997615814209 0.002184694167226553 
vn 0 0 1 
vn 0 0 1 
vn 0 0 1 
vn 0 0 1 
vn -0.9987307190895081 0.003775716060772538 -0.05022686347365379 
vn -0.9987307190895081 0.003775716060772538 -0.05022686347365379 
vn -0.9947329759597778 -2.0573375902194213e-13 -0.10250037163496017 
vn -0.9947329759597778 -2.0573375902194213e-13 -0.10250037163496017 
vn -0.97575443983078 -2.0224189619007238e-13 -0.21886809170246124 
vn -0.97575443983078 -2.0224189619007238e-13 -0.21886809170246124 
vn -0.9446538686752319 -1.9579575862103266e-13 -0.3280687630176544 
vn -0.9446538686752319 -1.9579575862103266e-13 -0.3280687630176544 
vn -0.9106194972991943 -1.883371524057445e-13 -0.41324591636657715 
vn -0.9106194972991943 -1.883371524057445e-13 -0.41324591636657715 
vn -0.8774409294128418 -1.8147506067323071e-13 -0.4796847105026245 
vn -0.8774409294128418 -1.8147506067323071e-13 -0.4796847105026245 
vn -0.8394233584403992 -1.739849177272504e-13 -0.5434780716896057 
vn -0.8394233584403992 -1.739849177272504e-13 -0.5434780716896057 
vn -0.7941284775733948 -1.6424412014898887e-13 -0.607749879360199 
vn -0.7941284775733948 -1.6424412014898887e-13 -0.607749879360199 
vn -0.7468271851539612 0.003778175450861454 -0.6650074124336243 
vn -0.7468271851539612 0.003778175450861454 -0.6650074124336243 
vn -0.6954262852668762 -1.4383021954434555e-13 -0.7185974717140198 
vn -0.6954262852668762 -1.4383021954434555e-13 -0.7185974717140198 
vn -0.6368065476417542 0.0037818721029907465 -0.7710143327713013 
vn -0.6368065476417542 0.0037818721029907465 -0.7710143327713013 
vn -0.5670835971832275 0.003782531013712287 -0.8236515522003174 
vn -0.5670835971832275 0.003782531013712287 -0.8236515522003174 
vn -0.4661951959133148 0.0037845673505216837 -0.8846737742424011 
vn -0.4661951959133148 0.0037845673505216837 -0.8846737742424011 
vn -0.3629187345504761 -7.505998047500212e-14 -0.931820809841156 
vn -0.3629187345504761 -7.505998047500212e-14 -0.931820809841156 
vn -0.2676009237766266 -5.5346054345442597e-14 -0.9635298252105713 
vn -0.2676009237766266 -5.5346054345442597e-14 -0.9635298252105713 
vn -0.18674203753471375 0.003785469336435199 -0.9824016690254211 
vn -0.18674203753471375 0.003785469336435199 -0.9824016690254211 
vn -0.10460507124662399 0.003778959158807993 -0.9945066571235657 
vn -0.10460507124662399 0.003778959158807993 -0.9945066571235657 
vn 2.0682311115474694e-13 4.2775797696334704e-26 -1 
vn 2.0682311115474694e-13 4.2775797696334704e-26 -1 
vn 0.1133599802851677 0 -0.9935539960861206 
vn 0.1133599802851677 0 -0.9935539960861206 
vn 0.21673583984375 0 -0.976230263710022 
vn 0.21673583984375 0 -0.976230263710022 
vn 0.3218704164028168 0 -0.946783721446991 
vn 0.3218704164028168 0 -0.946783721446991 
vn 0.4271230399608612 0 -0.9041935205459595 
vn 0.4271230399608612 0 -0.9041935205459595 
vn 0.5044081807136536 0 -0.8634653687477112 
vn 0.5044081807136536 0 -0.8634653687477112 
vn 0.5706896185874939 0 -0.8211658596992493 
vn 0.5706896185874939 0 -0.8211658596992493 
vn 0.6401805877685547 0 -0.7682244777679443 
vn 0.6401805877685547 0 -0.7682244777679443 
vn 0.7047857642173767 0 -0.7094202041625977 
vn 0.7047857642173767 0 -0.7094202041625977 
vn 0.7640122175216675 0 -0.6452018022537231 
vn 0.7640122175216675 0 -0.6452018022537231 
vn 0.8148830533027649 0 -0.5796254277229309 
vn 0.8148830533027649 0 -0.5796254277229309 
vn 0.8579040765762329 0 -0.5138099193572998 
vn 0.8579040765762329 0 -0.5138099193572998 
vn 0.9013746976852417 0 -0.43303996324539185 
vn 0.9013746976852417 0 -0.43303996324539185 
vn 0.9432113766670227 0 -0.33219319581985474 
vn 0.9432113766670227 0 -0.33219319581985474 
vn 0.9738045930862427 0 -0.22738653421401978 
vn 0.9738045930862427 0 -0.22738653421401978 
vn 0.9922564625740051 0 -0.1242060661315918 
vn 0.9922564625740051 0 -0.1242060661315918 
vn 0.9993103742599487 0 -0.03713129088282585 
vn 0.9993103742599487 0 -0.03713129088282585 
vn 0.999997615814209 0 -0.002184694167226553 
vn 0.999997615814209 0 -0.002184694167226553 
vn 0.999997615814209 0 0.002184694167226553 
vn 0.999997615814209 0 0.002184694167226553 
vn 0.999997615814209 0 0.002184694167226553 
vn 0.999997615814209 0 0.002184694167226553 
vn 0.999997615814209 0 0.002184694167226553 
vn 0.999997615814209 0 0.002184694167226553 
vn 0.999997615814209 0 0.002184694167226553 
vn 0.999997615814209 0 0.002184694167226553 
vn 0.999997615814209 0 0.002184694167226553 
vn 0.999997615814209 0 0.002184694167226553 
vn 0.999997615814209 0 0.002184694167226553 
vn 0.999997615814209 0 0.002184694167226553 
vn 0.999997615814209 0 0.002184694167226553 
vn 0.999997615814209 0 0.002184694167226553 
vn 0.999997615814209 0 0.002184694167226553 
vn 0.999997615814209 0 0.002184694167226553 
vn 0.999997615814209 0 0.002184694167226553 
vn 3.097898456858039e-13 -0.999997615814209 0.002184694167226553 
vn 3.097898456858039e-13 -0.999997615814209 0.002184694167226553 
vn 3.097898456858039e-13 -0.999997615814209 0.002184694167226553 
vn -1.0341130485562108e-13 0.999997615814209 0.002184694167226553 
vn -1.0341130485562108e-13 0.999997615814209 0.002184694167226553 
vn -1.0341130485562108e-13 0.999997615814209 0.002184694167226553 
vn -1.0341130485562108e-13 0.999997615814209 0.002184694167226553 
vn -1.0341130485562108e-13 0.999997615814209 0.002184694167226553 
vn -1.0341130485562108e-13 0.999997615814209 0.002184694167226553 
vn -1.0341130485562108e-13 0.999997615814209 0.002184694167226553 
vn -1.0341130485562108e-13 0.999997615814209 0.002184694167226553 
vn -1.0341130485562108e-13 0.999997615814209 0.002184694167226553 
vn -1.0341130485562108e-13 0.999997615814209 0.002184694167226553 
vn -1.0341130485562108e-13 0.999997615814209 0.002184694167226553 
vn -1.0341130485562108e-13 0.999997615814209 0.002184694167226553 
vn -1.0341130485562108e-13 0.999997615814209 0.002184694167226553 
vn -1.0341130485562108e-13 0.999997615814209 0.002184694167226553 
vn -1.0341130485562108e-13 0.999997615814209 0.002184694167226553 
vn -1.0341130485562108e-13 0.999997615814209 0.002184694167226553 
vn -1.0341130485562108e-13 0.999997615814209 0.002184694167226553 
vn -1.0341130485562108e-13 0.999997615814209 0.002184694167226553 
vn -1.0341130485562108e-13 0.999997615814209 0.002184694167226553 
vn -1.0341130485562108e-13 0.999997615814209 0.002184694167226553 
vn -1.0341130485562108e-13 0.999997615814209 0.002184694167226553 
vn -1.0341130485562108e-13 0.999997615814209 0.002184694167226553 
vn -1.0341130485562108e-13 0.999997615814209 0.002184694167226553 
vn -1.0341130485562108e-13 0.999997615814209 0.002184694167226553 
vn -1.0341130485562108e-13 0.999997615814209 0.002184694167226553 
vn -1.0341130485562108e-13 0.999997615814209 0.002184694167226553 
vn -1.0341130485562108e-13 0.999997615814209 0.002184694167226553 
vn -1.0341130485562108e-13 0.999997615814209 0.002184694167226553 
vn -1.0341130485562108e-13 0.999997615814209 0.002184694167226553 
vn -1.0341130485562108e-13 0.999997615814209 0.002184694167226553 
vn -1.0341130485562108e-13 0.999997615814209 0.002184694167226553 
vn -1.0341130485562108e-13 0.999997615814209 0.002184694167226553 
vn -1.0341130485562108e-13 0.999997615814209 0.002184694167226553 
vn -1.0341130485562108e-13 0.999997615814209 0.002184694167226553 
vn -1.0341130485562108e-13 0.999997615814209 0.002184694167226553 
vn -1.0341130485562108e-13 0.999997615814209 0.002184694167226553 
vn -1.0341130485562108e-13 0.999997615814209 0.002184694167226553 
vn -1.0341130485562108e-13 0.999997615814209 0.002184694167226553 
vn -1.0341130485562108e-13 0.999997615814209 0.002184694167226553 
vn -1.0341130485562108e-13 0.999997615814209 0.002184694167226553 
vn -1.0341130485562108e-13 0.999997615814209 0.002184694167226553 
vn -1.0341130485562108e-13 0.999997615814209 0.002184694167226553 
vn -1.0341130485562108e-13 0.999997615814209 0.002184694167226553 
vn -1.0341130485562108e-13 0.999997615814209 0.002184694167226553 
vn -1.0341130485562108e-13 0.999997615814209 0.002184694167226553 
vn -1.0341130485562108e-13 0.999997615814209 0.002184694167226553 
vn -1.0341130485562108e-13 0.999997615814209 0.002184694167226553 
vn -1.0341130485562108e-13 0.999997615814209 0.002184694167226553 
vn -1.0341130485562108e-13 0.999997615814209 0.002184694167226553 
vn -1.0341130485562108e-13 0.999997615814209 0.002184694167226553 
vn -1.0341130485562108e-13 0.999997615814209 0.002184694167226553 
vn 0.999997615814209 0 0.002184694167226553 
vn 0.999997615814209 0 0.002184694167226553 
vn 0.999997615814209 0 0.002184694167226553 
vn 0.999997615814209 0 0.002184694167226553 
vn 0.999997615814209 0 0.002184694167226553 
vn 0.999997615814209 0 0.002184694167226553 
vn 0.999997615814209 0 0.002184694167226553 
vn 0.999997615814209 0 0.002184694167226553 
vn 0.999997615814209 0 0.002184694167226553 
vn 0.999997615814209 0 0.002184694167226553 
vn 0.9998830556869507 0 0.0152922747656703 
vn 0.9998830556869507 0 0.0152922747656703 
vn 0.9974023103713989 0 0.07203252613544464 
vn 0.9974023103713989 0 0.07203252613544464 
vn 0.9899342060089111 0 0.1415284425020218 
vn 0.9899342060089111 0 0.1415284425020218 
vn 0.97575443983078 0 0.21886809170246124 
vn 0.97575443983078 0 0.21886809170246124 
vn 0.9542446732521057 0 0.2990269064903259 
vn 0.9542446732521057 0 0.2990269064903259 
vn 0.9261619448661804 0 0.37712597846984863 
vn 0.9261619448661804 0 0.37712597846984863 
vn 0.8916997909545898 0 0.45262736082077026 
vn 0.8916997909545898 0 0.45262736082077026 
vn 0.8487933278083801 0 0.528724730014801 
vn 0.8487933278083801 0 0.528724730014801 
vn 0.7941284775733948 0 0.607749879360199 
vn 0.7941284775733948 0 0.607749879360199 
vn 0.7409969568252563 0 0.6715083718299866 
vn 0.7409969568252563 0 0.6715083718299866 
vn 0.6891201138496399 0 0.7246471047401428 
vn 0.6891201138496399 0 0.7246471047401428 
vn 0.6266567707061768 0 0.7792953848838806 
vn 0.6266567707061768 0 0.7792953848838806 
vn 0.5526149272918701 0 0.8334367275238037 
vn 0.5526149272918701 0 0.8334367275238037 
vn 0.4662105441093445 0 0.8846737742424011 
vn 0.4662105441093445 0 0.8846737742424011 
vn 0.3669867515563965 0 0.9302261471748352 
vn 0.3669867515563965 0 0.9302261471748352 
vn 0.2591707408428192 0 0.9658315181732178 
vn 0.2591707408428192 0 0.9658315181732178 
vn 0.1523333042860031 0 0.9883291721343994 
vn 0.1523333042860031 0 0.9883291721343994 
vn 0.0393143892288208 0 0.9992268681526184 
vn 0.0393143892288208 0 0.9992268681526184 
vn -0.06113334000110626 -1.264378785860703e-14 0.9981296062469482 
vn -0.06113334000110626 -1.264378785860703e-14 0.9981296062469482 
vn -0.1436423808336258 0.0037303080316632986 0.9896226525306702 
vn -0.1436423808336258 0.0037303080316632986 0.9896226525306702 
vn -0.21673583984375 -4.4729729631581144e-14 0.976230263710022 
vn -0.21673583984375 -4.4729729631581144e-14 0.976230263710022 
vn -0.29694145917892456 -6.14143542336347e-14 0.9548956751823425 
vn -0.29694145917892456 -6.14143542336347e-14 0.9548956751823425 
vn -0.38720187544822693 0.003766157664358616 0.9219872951507568 
vn -0.38720187544822693 0.003766157664358616 0.9219872951507568 
vn -0.4816005229949951 -9.96061143721666e-14 0.8763908743858337 
vn -0.4816005229949951 -9.96061143721666e-14 0.8763908743858337 
vn -0.5778437852859497 -1.1951144284275128e-13 0.8161473870277405 
vn -0.5778437852859497 -1.1951144284275128e-13 0.8161473870277405 
vn -0.6666374206542969 -1.3787602515854397e-13 0.7453821301460266 
vn -0.6666374206542969 -1.3787602515854397e-13 0.7453821301460266 
vn -0.7497258186340332 0.0037685649003833532 0.661737859249115 
vn -0.7497258186340332 0.0037685649003833532 0.661737859249115 
vn -0.8173992037773132 0.003770856885239482 0.5760593414306641 
vn -0.8173992037773132 0.003770856885239482 0.5760593414306641 
vn -0.8732074499130249 0.003773423843085766 0.48733407258987427 
vn -0.8732074499130249 0.003773423843085766 0.48733407258987427 
vn -0.9159502387046814 0.0037713744677603245 0.401274174451828 
vn -0.9159502387046814 0.0037713744677603245 0.401274174451828 
vn -0.9488729238510132 -1.96670235435778e-13 0.31565824151039124 
vn -0.9488729238510132 -1.96670235435778e-13 0.31565824151039124 
vn -0.9737972617149353 0.0037722436245530844 0.22738653421401978 
vn -0.9737972617149353 0.0037722436245530844 0.22738653421401978 
vn -0.9886524081230164 0.0037739467807114124 0.15017375349998474 
vn -0.9886524081230164 0.0037739467807114124 0.15017375349998474 
vn -0.9977074861526489 -2.0634896243966472e-13 0.06767380982637405 
vn -0.9977074861526489 -2.0634896243966472e-13 0.06767380982637405 
vn -0.9999403357505798 -2.0681076480250776e-13 0.010923261754214764 
vn -0.9999403357505798 -2.0681076480250776e-13 0.010923261754214764 
vn -0.999997615814209 -2.0682260971124217e-13 0.002184694167226553 
vn -0.999997615814209 -2.0682260971124217e-13 0.002184694167226553 
vn -0.999997615814209 -2.0682260971124217e-13 0.002184694167226553 
vn -0.999997615814209 -2.0682260971124217e-13 0.002184694167226553 
vn -0.999997615814209 -2.0682260971124217e-13 0.002184694167226553 
vn -0.999997615814209 -2.0682260971124217e-13 0.002184694167226553 
vn 3.097898456858039e-13 -0.999997615814209 0.002184694167226553 
vn 3.097898456858039e-13 -0.999997615814209 0.002184694167226553 
vn 3.097898456858039e-13 -0.999997615814209 0.002184694167226553 
vn 3.097898456858039e-13 -0.999997615814209 0.002184694167226553 
vn 3.097898456858039e-13 -0.999997615814209 0.002184694167226553 
vn 3.097898456858039e-13 -0.999997615814209 0.002184694167226553 
vn 3.097898456858039e-13 -0.999997615814209 0.002184694167226553 
vn 3.097898456858039e-13 -0.999997615814209 0.002184694167226553 
vn 3.097898456858039e-13 -0.999997615814209 0.002184694167226553 
vn 3.097898456858039e-13 -0.999997615814209 0.002184694167226553 
vn 3.097898456858039e-13 -0.999997615814209 0.002184694167226553 
vn 3.097898456858039e-13 -0.999997615814209 0.002184694167226553 
vn 3.097898456858039e-13 -0.999997615814209 0.002184694167226553 
vn 3.097898456858039e-13 -0.999997615814209 0.002184694167226553 
vn 3.097898456858039e-13 -0.999997615814209 0.002184694167226553 
vn 3.097898456858039e-13 -0.999997615814209 0.002184694167226553 
vn 3.097898456858039e-13 -0.999997615814209 0.002184694167226553 
vn 3.097898456858039e-13 -0.999997615814209 0.002184694167226553 
vn 3.097898456858039e-13 -0.999997615814209 0.002184694167226553 
vn 3.097898456858039e-13 -0.999997615814209 0.002184694167226553 
vn 3.097898456858039e-13 -0.999997615814209 0.002184694167226553 
vn 3.097898456858039e-13 -0.999997615814209 0.002184694167226553 
vn 3.097898456858039e-13 -0.999997615814209 0.002184694167226553 
vn 3.097898456858039e-13 -0.999997615814209 0.002184694167226553 
vn 3.097898456858039e-13 -0.999997615814209 0.002184694167226553 
vn 3.097898456858039e-13 -0.999997615814209 0.002184694167226553 
vn 3.097898456858039e-13 -0.999997615814209 0.002184694167226553 
vn 3.097898456858039e-13 -0.999997615814209 0.002184694167226553 
vn 3.097898456858039e-13 -0.999997615814209 0.002184694167226553 
vn 3.097898456858039e-13 -0.999997615814209 0.002184694167226553 
vn 3.097898456858039e-13 -0.999997615814209 0.002184694167226553 
vn 3.097898456858039e-13 -0.999997615814209 0.002184694167226553 
vn 3.097898456858039e-13 -0.999997615814209 0.002184694167226553 
vn 3.097898456858039e-13 -0.999997615814209 0.002184694167226553 
vn 3.097898456858039e-13 -0.999997615814209 0.002184694167226553 
vn 3.097898456858039e-13 -0.999997615814209 0.002184694167226553 
vn 3.097898456858039e-13 -0.999997615814209 0.002184694167226553 
vn 3.097898456858039e-13 -0.999997615814209 0.002184694167226553 
vn 3.097898456858039e-13 -0.999997615814209 0.002184694167226553 
vn 3.097898456858039e-13 -0.999997615814209 0.002184694167226553 
vn 3.097898456858039e-13 -0.999997615814209 0.002184694167226553 
vn 3.097898456858039e-13 -0.999997615814209 0.002184694167226553 
vn 3.097898456858039e-13 -0.999997615814209 0.002184694167226553 
vn 3.097898456858039e-13 -0.999997615814209 0.002184694167226553 
vn 3.097898456858039e-13 -0.999997615814209 0.002184694167226553 
vn 3.097898456858039e-13 -0.999997615814209 0.002184694167226553 
vn 3.097898456858039e-13 -0.999997615814209 0.002184694167226553 
vn 3.097898456858039e-13 -0.999997615814209 0.002184694167226553 
vn 3.097898456858039e-13 -0.999997615814209 0.002184694167226553 
vn 3.097898456858039e-13 -0.999997615814209 0.002184694167226553 
vn 3.097898456858039e-13 -0.999997615814209 0.002184694167226553 
vn 3.097898456858039e-13 -0.999997615814209 0.002184694167226553 
vn 3.097898456858039e-13 -0.999997615814209 0.002184694167226553 
vn -0.9747815132141113 0.00377605645917356 -0.22312943637371063 
vn -0.9747815132141113 0.00377605645917356 -0.22312943637371063 
vn -0.9747815132141113 0.00377605645917356 -0.22312943637371063 
vn -0.9747815132141113 0.00377605645917356 -0.22312943637371063 
vn 3.097898456858039e-13 -0.999997615814209 0.002184694167226553 
vn 3.097898456858039e-13 -0.999997615814209 0.002184694167226553 
vn 3.097898456858039e-13 -0.999997615814209 0.002184694167226553 
vn 3.097898456858039e-13 -0.999997615814209 0.002184694167226553 
vn 3.097898456858039e-13 -0.999997615814209 0.002184694167226553 
vn 3.097898456858039e-13 -0.999997615814209 0.002184694167226553 
vn 3.097898456858039e-13 -0.999997615814209 0.002184694167226553 
vn 3.097898456858039e-13 -0.999997615814209 0.002184694167226553 
vn 3.097898456858039e-13 -0.999997615814209 0.002184694167226553 
vn 3.097898456858039e-13 -0.999997615814209 0.002184694167226553 
vn 3.097898456858039e-13 -0.999997615814209 0.002184694167226553 
vn 3.097898456858039e-13 -0.999997615814209 0.002184694167226553 
vn 3.097898456858039e-13 -0.999997615814209 0.002184694167226553 
vn 3.097898456858039e-13 -0.999997615814209 0.002184694167226553 
vn 3.097898456858039e-13 -0.999997615814209 0.002184694167226553 
vn 3.097898456858039e-13 -0.999997615814209 0.002184694167226553 
vn 3.097898456858039e-13 -0.999997615814209 0.002184694167226553 
vn 3.097898456858039e-13 -0.999997615814209 0.002184694167226553 
vn 3.097898456858039e-13 -0.999997615814209 0.002184694167226553 
vn 3.097898456858039e-13 -0.999997615814209 0.002184694167226553 
vn 3.097898456858039e-13 -0.999997615814209 0.002184694167226553 
vn 3.097898456858039e-13 -0.999997615814209 0.002184694167226553 
vn 3.097898456858039e-13 -0.999997615814209 0.002184694167226553 
vn 3.097898456858039e-13 -0.999997615814209 0.002184694167226553 
vn 3.097898456858039e-13 -0.999997615814209 0.002184694167226553 
vn 3.097898456858039e-13 -0.999997615814209 0.002184694167226553 
vn 3.097898456858039e-13 -0.999997615814209 0.002184694167226553 
vn 3.097898456858039e-13 -0.999997615814209 0.002184694167226553 
vn 3.097898456858039e-13 -0.999997615814209 0.002184694167226553 
vn 3.097898456858039e-13 -0.999997615814209 0.002184694167226553 
vn 3.097898456858039e-13 -0.999997615814209 0.002184694167226553 
vn 3.097898456858039e-13 -0.999997615814209 0.002184694167226553 
vn 3.097898456858039e-13 -0.999997615814209 0.002184694167226553 
vn 3.097898456858039e-13 -0.999997615814209 0.002184694167226553 
vn 3.097898456858039e-13 -0.999997615814209 0.002184694167226553 
vn 3.097898456858039e-13 -0.999997615814209 0.002184694167226553 
vn 3.097898456858039e-13 -0.999997615814209 0.002184694167226553 
vn 3.097898456858039e-13 -0.999997615814209 0.002184694167226553 
vn 3.097898456858039e-13 -0.999997615814209 0.002184694167226553 
vn 3.097898456858039e-13 -0.999997615814209 0.002184694167226553 
vn 3.097898456858039e-13 -0.999997615814209 0.002184694167226553 
vn 3.097898456858039e-13 -0.999997615814209 0.002184694167226553 
vn 3.097898456858039e-13 -0.999997615814209 0.002184694167226553 
vn 3.097898456858039e-13 -0.999997615814209 0.002184694167226553 
vn 3.097898456858039e-13 -0.999997615814209 0.002184694167226553 
vn 3.097898456858039e-13 -0.999997615814209 0.002184694167226553 
vn 3.097898456858039e-13 -0.999997615814209 0.002184694167226553 
vn 3.097898456858039e-13 -0.999997615814209 0.002184694167226553 
vn 3.097898456858039e-13 -0.999997615814209 0.002184694167226553 
vn 3.097898456858039e-13 -0.999997615814209 0.002184694167226553 
vn 3.097898456858039e-13 -0.999997615814209 0.002184694167226553 
vn 3.097898456858039e-13 -0.999997615814209 0.002184694167226553 
vn 3.097898456858039e-13 -0.999997615814209 0.002184694167226553 
vn 3.097898456858039e-13 -0.999997615814209 0.002184694167226553 
vn 3.097898456858039e-13 -0.999997615814209 0.002184694167226553 
vn 3.097898456858039e-13 -0.999997615814209 0.002184694167226553 
vn 3.097898456858039e-13 -0.999997615814209 0.002184694167226553 
vn 3.097898456858039e-13 -0.999997615814209 0.002184694167226553 
vn 3.097898456858039e-13 -0.999997615814209 0.002184694167226553 
vn 3.097898456858039e-13 -0.999997615814209 0.002184694167226553 
vn 3.097898456858039e-13 -0.999997615814209 0.002184694167226553 
vn 3.097898456858039e-13 -0.999997615814209 0.002184694167226553 
vn 3.097898456858039e-13 -0.999997615814209 0.002184694167226553 
vn 3.097898456858039e-13 -0.999997615814209 0.002184694167226553 
vn 3.097898456858039e-13 -0.999997615814209 0.002184694167226553 
vn 3.097898456858039e-13 -0.999997615814209 0.002184694167226553 
vn 3.097898456858039e-13 -0.999997615814209 0.002184694167226553 
vn 3.097898456858039e-13 -0.999997615814209 0.002184694167226553 
vn 3.097898456858039e-13 -0.999997615814209 0.002184694167226553 
vn 3.097898456858039e-13 -0.999997615814209 0.002184694167226553 
vn 3.097898456858039e-13 -0.999997615814209 0.002184694167226553 
vn 3.097898456858039e-13 -0.999997615814209 0.002184694167226553 
vn 3.097898456858039e-13 -0.999997615814209 0.002184694167226553 
vn 3.097898456858039e-13 -0.999997615814209 0.002184694167226553 
vn 3.097898456858039e-13 -0.999997615814209 0.002184694167226553 
vn 3.097898456858039e-13 -0.999997615814209 0.002184694167226553 
vn 3.097898456858039e-13 -0.999997615814209 0.002184694167226553 
vn 3.097898456858039e-13 -0.999997615814209 0.002184694167226553 
vn 3.097898456858039e-13 -0.999997615814209 0.002184694167226553 
vn 3.097898456858039e-13 -0.999997615814209 0.002184694167226553 
vn 3.097898456858039e-13 -0.999997615814209 0.002184694167226553 
vn 3.097898456858039e-13 -0.999997615814209 0.002184694167226553 
vn 3.097898456858039e-13 -0.999997615814209 0.002184694167226553 
vn 3.097898456858039e-13 -0.999997615814209 0.002184694167226553 
vn -0.6731256246566772 -1.3921792863490212e-13 -0.7395281791687012 
vn -0.6731256246566772 -1.3921792863490212e-13 -0.7395281791687012 
vn -0.676350474357605 -1.398849027063609e-13 -0.736579954624176 
vn -0.676350474357605 -1.398849027063609e-13 -0.736579954624176 
vn -0.7047857642173767 -1.4576598120815548e-13 -0.7094202041625977 
vn -0.7047857642173767 -1.4576598120815548e-13 -0.7094202041625977 
vn -0.7321215867996216 0.003776762168854475 -0.681163489818573 
vn -0.7321215867996216 0.003776762168854475 -0.681163489818573 
vn -0.8394148945808411 0.003772699972614646 0.5434780716896057 
vn -0.8394148945808411 0.003772699972614646 0.5434780716896057 
vn -0.8394148945808411 0.003772699972614646 0.5434780716896057 
vn -0.8394148945808411 0.003772699972614646 0.5434780716896057 
vn 3.097898456858039e-13 -0.999997615814209 0.002184694167226553 
vn 3.097898456858039e-13 -0.999997615814209 0.002184694167226553 
vn 3.097898456858039e-13 -0.999997615814209 0.002184694167226553 
vn 3.097898456858039e-13 -0.999997615814209 0.002184694167226553 
vn 3.097898456858039e-13 -0.999997615814209 0.002184694167226553 
vn 3.097898456858039e-13 -0.999997615814209 0.002184694167226553 
vn 3.097898456858039e-13 -0.999997615814209 0.002184694167226553 
vn 3.097898456858039e-13 -0.999997615814209 0.002184694167226553 
vn 3.097898456858039e-13 -0.999997615814209 0.002184694167226553 
vn 3.097898456858039e-13 -0.999997615814209 0.002184694167226553 
vn 3.097898456858039e-13 -0.999997615814209 0.002184694167226553 
vn 3.097898456858039e-13 -0.999997615814209 0.002184694167226553 
vn 3.097898456858039e-13 -0.999997615814209 0.002184694167226553 
vn 3.097898456858039e-13 -0.999997615814209 0.002184694167226553 
vn 3.097898456858039e-13 -0.999997615814209 0.002184694167226553 
vn 3.097898456858039e-13 -0.999997615814209 0.002184694167226553 
vn 3.097898456858039e-13 -0.999997615814209 0.002184694167226553 
vn 3.097898456858039e-13 -0.999997615814209 0.002184694167226553 
vn 3.097898456858039e-13 -0.999997615814209 0.002184694167226553 
vn 3.097898456858039e-13 -0.999997615814209 0.002184694167226553 
vn 3.097898456858039e-13 -0.999997615814209 0.002184694167226553 
vn 3.097898456858039e-13 -0.999997615814209 0.002184694167226553 
vn 3.097898456858039e-13 -0.999997615814209 0.002184694167226553 
vn 3.097898456858039e-13 -0.999997615814209 0.002184694167226553 
vn 3.097898456858039e-13 -0.999997615814209 0.002184694167226553 
vn 3.097898456858039e-13 -0.999997615814209 0.002184694167226553 
vn 3.097898456858039e-13 -0.999997615814209 0.002184694167226553 
vn 3.097898456858039e-13 -0.999997615814209 0.002184694167226553 
vn 3.097898456858039e-13 -0.999997615814209 0.002184694167226553 
vn 3.097898456858039e-13 -0.999997615814209 0.002184694167226553 
vn 3.097898456858039e-13 -0.999997615814209 0.002184694167226553 
vn 3.097898456858039e-13 -0.999997615814209 0.002184694167226553 
vn 3.097898456858039e-13 -0.999997615814209 0.002184694167226553 
vn 3.097898456858039e-13 -0.999997615814209 0.002184694167226553 
vn 3.097898456858039e-13 -0.999997615814209 0.002184694167226553 
vn 3.097898456858039e-13 -0.999997615814209 0.002184694167226553 
vn 3.097898456858039e-13 -0.999997615814209 0.002184694167226553 
vn 3.097898456858039e-13 -0.999997615814209 0.002184694167226553 
vn 3.097898456858039e-13 -0.999997615814209 0.002184694167226553 
vn 3.097898456858039e-13 -0.999997615814209 0.002184694167226553 
vn 3.097898456858039e-13 -0.999997615814209 0.002184694167226553 
vn 3.097898456858039e-13 -0.999997615814209 0.002184694167226553 
vn 3.097898456858039e-13 -0.999997615814209 0.002184694167226553 
vn 3.097898456858039e-13 -0.999997615814209 0.002184694167226553 
vn -1.0341130485562108e-13 0.999997615814209 0.002184694167226553 
vn -1.0341130485562108e-13 0.999997615814209 0.002184694167226553 
vn -1.0341130485562108e-13 0.999997615814209 0.002184694167226553 
vn -1.0341130485562108e-13 0.999997615814209 0.002184694167226553 
vn -1.0341130485562108e-13 0.999997615814209 0.002184694167226553 
vn -1.0341130485562108e-13 0.999997615814209 0.002184694167226553 
vn -1.0341130485562108e-13 0.999997615814209 0.002184694167226553 
vn -1.0341130485562108e-13 0.999997615814209 0.002184694167226553 
vn -1.0341130485562108e-13 0.999997615814209 0.002184694167226553 
vn -1.0341130485562108e-13 0.999997615814209 0.002184694167226553 
vn -1.0341130485562108e-13 0.999997615814209 0.002184694167226553 
vn -1.0341130485562108e-13 0.999997615814209 0.002184694167226553 
vn -1.0341130485562108e-13 0.999997615814209 0.002184694167226553 
vn -1.0341130485562108e-13 0.999997615814209 0.002184694167226553 
vn -1.0341130485562108e-13 0.999997615814209 0.002184694167226553 
vn -1.0341130485562108e-13 0.999997615814209 0.002184694167226553 
vn -1.0341130485562108e-13 0.999997615814209 0.002184694167226553 
vn -1.0341130485562108e-13 0.999997615814209 0.002184694167226553 
vn -1.0341130485562108e-13 0.999997615814209 0.002184694167226553 
vn -1.0341130485562108e-13 0.999997615814209 0.002184694167226553 
vn -1.0341130485562108e-13 0.999997615814209 0.002184694167226553 
vn -1.0341130485562108e-13 0.999997615814209 0.002184694167226553 
vn -1.0341130485562108e-13 0.999997615814209 0.002184694167226553 
vn -1.0341130485562108e-13 0.999997615814209 0.002184694167226553 
vn -1.0341130485562108e-13 0.999997615814209 0.002184694167226553 
vn -1.0341130485562108e-13 0.999997615814209 0.002184694167226553 
vn -1.0341130485562108e-13 0.999997615814209 0.002184694167226553 
vn -1.0341130485562108e-13 0.999997615814209 0.002184694167226553 
vn -1.0341130485562108e-13 0.999997615814209 0.002184694167226553 
vn -1.0341130485562108e-13 0.999997615814209 0.002184694167226553 
vn -1.0341130485562108e-13 0.999997615814209 0.002184694167226553 
vn -1.0341130485562108e-13 0.999997615814209 0.002184694167226553 
vn -1.0341130485562108e-13 0.999997615814209 0.002184694167226553 
vn -1.0341130485562108e-13 0.999997615814209 0.002184694167226553 
vn -1.0341130485562108e-13 0.999997615814209 0.002184694167226553 
vn -1.0341130485562108e-13 0.999997615814209 0.002184694167226553 
vn 3.097898456858039e-13 -0.999997615814209 0.002184694167226553 
vn 3.097898456858039e-13 -0.999997615814209 0.002184694167226553 
vn 3.097898456858039e-13 -0.999997615814209 0.002184694167226553 
vn 3.097898456858039e-13 -0.999997615814209 0.002184694167226553 
vn 3.097898456858039e-13 -0.999997615814209 0.002184694167226553 
vn -1.0341130485562108e-13 0.999997615814209 0.002184694167226553 
vn -1.0341130485562108e-13 0.999997615814209 0.002184694167226553 
vn -1.0341130485562108e-13 0.999997615814209 0.002184694167226553 
vn -1.0341130485562108e-13 0.999997615814209 0.002184694167226553 
vn -1.0341130485562108e-13 0.999997615814209 0.002184694167226553 
vn 0.999997615814209 0 0.002184694167226553 
vn 0.999997615814209 0 0.002184694167226553 
vn 0.999997615814209 0 0.002184694167226553 
vn 0.999997615814209 0 0.002184694167226553 
vn 3.097898456858039e-13 -0.999997615814209 0.002184694167226553 
vn 3.097898456858039e-13 -0.999997615814209 0.002184694167226553 
vn 3.097898456858039e-13 -0.999997615814209 0.002184694167226553 
vn 3.097898456858039e-13 -0.999997615814209 0.002184694167226553 
vn 3.097898456858039e-13 -0.999997615814209 0.002184694167226553 
vn 3.097898456858039e-13 -0.999997615814209 0.002184694167226553 
vn 3.097898456858039e-13 -0.999997615814209 0.002184694167226553 
vn 3.097898456858039e-13 -0.999997615814209 0.002184694167226553 
vn 3.097898456858039e-13 -0.999997615814209 0.002184694167226553 
vn 3.097898456858039e-13 -0.999997615814209 0.002184694167226553 
vn 3.097898456858039e-13 -0.999997615814209 0.002184694167226553 
vn 3.097898456858039e-13 -0.999997615814209 0.002184694167226553 
vn 3.097898456858039e-13 -0.999997615814209 0.002184694167226553 
vn 3.097898456858039e-13 -0.999997615814209 0.002184694167226553 
vn 3.097898456858039e-13 -0.999997615814209 0.002184694167226553 
vn 3.097898456858039e-13 -0.999997615814209 0.002184694167226553 
vn 3.097898456858039e-13 -0.999997615814209 0.002184694167226553 
vn 3.097898456858039e-13 -0.999997615814209 0.002184694167226553 
vn 3.097898456858039e-13 -0.999997615814209 0.002184694167226553 
vn 3.097898456858039e-13 -0.999997615814209 0.002184694167226553 
vn 3.097898456858039e-13 -0.999997615814209 0.002184694167226553 
vn 3.097898456858039e-13 -0.999997615814209 0.002184694167226553 
vn 3.097898456858039e-13 -0.999997615814209 0.002184694167226553 
vn 3.097898456858039e-13 -0.999997615814209 0.002184694167226553 
vn 3.097898456858039e-13 -0.999997615814209 0.002184694167226553 
vn 3.097898456858039e-13 -0.999997615814209 0.002184694167226553 
vn 3.097898456858039e-13 -0.999997615814209 0.002184694167226553 
vn 3.097898456858039e-13 -0.999997615814209 0.002184694167226553 
vn 3.097898456858039e-13 -0.999997615814209 0.002184694167226553 
vn 3.097898456858039e-13 -0.999997615814209 0.002184694167226553 
vn 3.097898456858039e-13 -0.999997615814209 0.002184694167226553 
vn 3.097898456858039e-13 -0.999997615814209 0.002184694167226553 
vn 3.097898456858039e-13 -0.999997615814209 0.002184694167226553 
vn 3.097898456858039e-13 -0.999997615814209 0.002184694167226553 
vn 3.097898456858039e-13 -0.999997615814209 0.002184694167226553 
vn 3.097898456858039e-13 -0.999997615814209 0.002184694167226553 
vn 3.097898456858039e-13 -0.999997615814209 0.002184694167226553 
vn -1.0341130485562108e-13 0.999997615814209 0.002184694167226553 
vn -1.0341130485562108e-13 0.999997615814209 0.002184694167226553 
vn -1.0341130485562108e-13 0.999997615814209 0.002184694167226553 
vn 3.097898456858039e-13 -0.999997615814209 0.002184694167226553 
vn 3.097898456858039e-13 -0.999997615814209 0.002184694167226553 
vn 0.999997615814209 0 0.002184694167226553 
vn 0.999997615814209 0 0.002184694167226553 
vn 0.999997615814209 0 0.002184694167226553 
vn 0.999997615814209 0 0.002184694167226553 
vn 0.999997615814209 0 0.002184694167226553 
vn 0.999997615814209 0 0.002184694167226553 
vn 0.999997615814209 0 0.002184694167226553 
vn 0.999997615814209 0 0.002184694167226553 
vn 0.999997615814209 0 0.002184694167226553 
vn 0.999997615814209 0 0.002184694167226553 
vn 0.999997615814209 0 0.002184694167226553 
vn 0.999997615814209 0 0.002184694167226553 
vn 0.999997615814209 0 0.002184694167226553 
vn 0.999997615814209 0 0.002184694167226553 
vn 0.999997615814209 0 0.002184694167226553 
vn 0.999997615814209 0 0.002184694167226553 
vn 0.9998067021369934 0 -0.01966099627315998 
vn 0.9998067021369934 0 -0.01966099627315998 
vn 0.9947329759597778 0 -0.10250037163496017 
vn 0.9947329759597778 0 -0.10250037163496017 
vn 0.9785395264625549 0 -0.2060592919588089 
vn 0.9785395264625549 0 -0.2060592919588089 
vn 0.95159512758255 0 -0.30735430121421814 
vn 0.95159512758255 0 -0.30735430121421814 
vn 0.9141958951950073 0 -0.405272513628006 
vn 0.9141958951950073 0 -0.405272513628006 
vn 0.8795284628868103 0 -0.4758462607860565 
vn 0.8795284628868103 0 -0.4758462607860565 
vn 0.8394233584403992 0 -0.5434780716896057 
vn 0.8394233584403992 0 -0.5434780716896057 
vn 0.7887872457504272 0 -0.6146662831306458 
vn 0.7887872457504272 0 -0.6146662831306458 
vn 0.7261508703231812 0 -0.6875353455543518 
vn 0.7261508703231812 0 -0.6875353455543518 
vn 0.6568098068237305 0 -0.7540562748908997 
vn 0.6568098068237305 0 -0.7540562748908997 
vn 0.5814042687416077 0 -0.8136147856712341 
vn 0.5814042687416077 0 -0.8136147856712341 
vn 0.5006305575370789 0 -0.865661084651947 
vn 0.5006305575370789 0 -0.865661084651947 
vn 0.41523435711860657 0 -0.9097144603729248 
vn 0.41523435711860657 0 -0.9097144603729248 
vn 0.33013176918029785 0 -0.9439348578453064 
vn 0.33013176918029785 0 -0.9439348578453064 
vn 0.2507207691669464 0 -0.9680594801902771 
vn 0.2507207691669464 0 -0.9680594801902771 
vn 0.17818838357925415 0 -0.9839963912963867 
vn 0.17818838357925415 0 -0.9839963912963867 
vn 0.09162852168083191 0 -0.9957932829856873 
vn 0.09162852168083191 0 -0.9957932829856873 
vn -0.013107799924910069 -2.7109958632902213e-15 -0.9999141097068787 
vn -0.013107799924910069 -2.7109958632902213e-15 -0.9999141097068787 
vn -0.13070669770240784 -2.6975117763962907e-14 -0.991421103477478 
vn -0.13070669770240784 -2.6975117763962907e-14 -0.991421103477478 
vn -0.25914308428764343 0.0037868833169341087 -0.9658315181732178 
vn -0.25914308428764343 0.0037868833169341087 -0.9658315181732178 
vn -0.387220174074173 -8.008608424862895e-14 -0.9219872951507568 
vn -0.387220174074173 -8.008608424862895e-14 -0.9219872951507568 
vn -0.5119344592094421 -1.058798705720447e-13 -0.8590245246887207 
vn -0.5119344592094421 -1.058798705720447e-13 -0.8590245246887207 
vn -0.6198112964630127 0.003781007369980216 -0.7847417593002319 
vn -0.6198112964630127 0.003781007369980216 -0.7847417593002319 
vn -0.7140241861343384 -1.47676697801781e-13 -0.7001210451126099 
vn -0.7140241861343384 -1.47676697801781e-13 -0.7001210451126099 
vn -0.7967674732208252 0.003775471355766058 -0.6042742133140564 
vn -0.7967674732208252 0.003775471355766058 -0.6042742133140564 
vn -0.8601325750350952 0.0037793058436363935 -0.5100564956665039 
vn -0.8601325750350952 0.0037793058436363935 -0.5100564956665039 
vn -0.8877103328704834 -1.8359901272912982e-13 -0.46040233969688416 
vn -0.8877103328704834 -1.8359901272912982e-13 -0.46040233969688416 
vn -2.0682311115474694e-13 0 -1 
vn -2.0682311115474694e-13 0 -1 
vn -2.0682311115474694e-13 0 -1 
vn -2.0682311115474694e-13 0 -1 
vn -1.0341130485562108e-13 0.999997615814209 0.002184694167226553 
vn -1.0341130485562108e-13 0.999997615814209 0.002184694167226553 
vn -1.0341130485562108e-13 0.999997615814209 0.002184694167226553 
vn -1.0341130485562108e-13 0.999997615814209 0.002184694167226553 
vn -1.0341130485562108e-13 0.999997615814209 0.002184694167226553 
vn -1.0341130485562108e-13 0.999997615814209 0.002184694167226553 
vn -1.0341130485562108e-13 0.999997615814209 0.002184694167226553 
vn -1.0341130485562108e-13 0.999997615814209 0.002184694167226553 
vn -1.0341130485562108e-13 0.999997615814209 0.002184694167226553 
vn -1.0341130485562108e-13 0.999997615814209 0.002184694167226553 
vn -1.0341130485562108e-13 0.999997615814209 0.002184694167226553 
vn -1.0341130485562108e-13 0.999997615814209 0.002184694167226553 
vn -1.0341130485562108e-13 0.999997615814209 0.002184694167226553 
vn -1.0341130485562108e-13 0.999997615814209 0.002184694167226553 
vn -1.0341130485562108e-13 0.999997615814209 0.002184694167226553 
vn -1.0341130485562108e-13 0.999997615814209 0.002184694167226553 
vn -1.0341130485562108e-13 0.999997615814209 0.002184694167226553 
vn -1.0341130485562108e-13 0.999997615814209 0.002184694167226553 
vn -1.0341130485562108e-13 0.999997615814209 0.002184694167226553 
vn -1.0341130485562108e-13 0.999997615814209 0.002184694167226553 
vn -1.0341130485562108e-13 0.999997615814209 0.002184694167226553 
vn -1.0341130485562108e-13 0.999997615814209 0.002184694167226553 
vn -1.0341130485562108e-13 0.999997615814209 0.002184694167226553 
vn -1.0341130485562108e-13 0.999997615814209 0.002184694167226553 
vn -1.0341130485562108e-13 0.999997615814209 0.002184694167226553 
vn -1.0341130485562108e-13 0.999997615814209 0.002184694167226553 
vn -1.0341130485562108e-13 0.999997615814209 0.002184694167226553 
vn -1.0341130485562108e-13 0.999997615814209 0.002184694167226553 
vn -1.0341130485562108e-13 0.999997615814209 0.002184694167226553 
vn -1.0341130485562108e-13 0.999997615814209 0.002184694167226553 
vn -1.0341130485562108e-13 0.999997615814209 0.002184694167226553 
vn -1.0341130485562108e-13 0.999997615814209 0.002184694167226553 
vn -1.0341130485562108e-13 0.999997615814209 0.002184694167226553 
vn -1.0341130485562108e-13 0.999997615814209 0.002184694167226553 
vn -1.0341130485562108e-13 0.999997615814209 0.002184694167226553 
vn -1.0341130485562108e-13 0.999997615814209 0.002184694167226553 
vn -1.0341130485562108e-13 0.999997615814209 0.002184694167226553 
vn -1.0341130485562108e-13 0.999997615814209 0.002184694167226553 
vn -1.0341130485562108e-13 0.999997615814209 0.002184694167226553 
vn -1.0341130485562108e-13 0.999997615814209 0.002184694167226553 
vn -1.0341130485562108e-13 0.999997615814209 0.002184694167226553 
vn -1.0341130485562108e-13 0.999997615814209 0.002184694167226553 
vn -1.0341130485562108e-13 0.999997615814209 0.002184694167226553 
vn -1.0341130485562108e-13 0.999997615814209 0.002184694167226553 
vn -1.0341130485562108e-13 0.999997615814209 0.002184694167226553 
vn -1.0341130485562108e-13 0.999997615814209 0.002184694167226553 
vn -1.0341130485562108e-13 0.999997615814209 0.002184694167226553 
vn -1.0341130485562108e-13 0.999997615814209 0.002184694167226553 
vn -1.0341130485562108e-13 0.999997615814209 0.002184694167226553 
vn -1.0341130485562108e-13 0.999997615814209 0.002184694167226553 
vn -1.0341130485562108e-13 0.999997615814209 0.002184694167226553 
vn -1.0341130485562108e-13 0.999997615814209 0.002184694167226553 
vn -1.0341130485562108e-13 0.999997615814209 0.002184694167226553 
vn -1.0341130485562108e-13 0.999997615814209 0.002184694167226553 
vn -1.0341130485562108e-13 0.999997615814209 0.002184694167226553 
vn -1.0341130485562108e-13 0.999997615814209 0.002184694167226553 
vn -1.0341130485562108e-13 0.999997615814209 0.002184694167226553 
vn 3.097898456858039e-13 -0.999997615814209 0.002184694167226553 
vn 3.097898456858039e-13 -0.999997615814209 0.002184694167226553 
vn 3.097898456858039e-13 -0.999997615814209 0.002184694167226553 
vn 3.097898456858039e-13 -0.999997615814209 0.002184694167226553 
vn 3.097898456858039e-13 -0.999997615814209 0.002184694167226553 
vn 3.097898456858039e-13 -0.999997615814209 0.002184694167226553 
vn 3.097898456858039e-13 -0.999997615814209 0.002184694167226553 
vn 3.097898456858039e-13 -0.999997615814209 0.002184694167226553 
vn 3.097898456858039e-13 -0.999997615814209 0.002184694167226553 
vn 3.097898456858039e-13 -0.999997615814209 0.002184694167226553 
vn 3.097898456858039e-13 -0.999997615814209 0.002184694167226553 
vn 3.097898456858039e-13 -0.999997615814209 0.002184694167226553 
vn 3.097898456858039e-13 -0.999997615814209 0.002184694167226553 
vn 3.097898456858039e-13 -0.999997615814209 0.002184694167226553 
vn 3.097898456858039e-13 -0.999997615814209 0.002184694167226553 
vn 3.097898456858039e-13 -0.999997615814209 0.002184694167226553 
vn 3.097898456858039e-13 -0.999997615814209 0.002184694167226553 
vn 3.097898456858039e-13 -0.999997615814209 0.002184694167226553 
vn 3.097898456858039e-13 -0.999997615814209 0.002184694167226553 
vn 3.097898456858039e-13 -0.999997615814209 0.002184694167226553 
vn 3.097898456858039e-13 -0.999997615814209 0.002184694167226553 
vn 3.097898456858039e-13 -0.999997615814209 0.002184694167226553 
vn 3.097898456858039e-13 -0.999997615814209 0.002184694167226553 
vn 3.097898456858039e-13 -0.999997615814209 0.002184694167226553 
vn 3.097898456858039e-13 -0.999997615814209 0.002184694167226553 
vn 3.097898456858039e-13 -0.999997615814209 0.002184694167226553 
vn 3.097898456858039e-13 -0.999997615814209 0.002184694167226553 
vn 3.097898456858039e-13 -0.999997615814209 0.002184694167226553 
vn 3.097898456858039e-13 -0.999997615814209 0.002184694167226553 
vn 3.097898456858039e-13 -0.999997615814209 0.002184694167226553 
vn 3.097898456858039e-13 -0.999997615814209 0.002184694167226553 
vn 3.097898456858039e-13 -0.999997615814209 0.002184694167226553 
vn 3.097898456858039e-13 -0.999997615814209 0.002184694167226553 
vn 3.097898456858039e-13 -0.999997615814209 0.002184694167226553 
vn 3.097898456858039e-13 -0.999997615814209 0.002184694167226553 
vn 3.097898456858039e-13 -0.999997615814209 0.002184694167226553 
vn 3.097898456858039e-13 -0.999997615814209 0.002184694167226553 
vn 3.097898456858039e-13 -0.999997615814209 0.002184694167226553 
vn 3.097898456858039e-13 -0.999997615814209 0.002184694167226553 
vn 3.097898456858039e-13 -0.999997615814209 0.002184694167226553 
vn 3.097898456858039e-13 -0.999997615814209 0.002184694167226553 
vn 3.097898456858039e-13 -0.999997615814209 0.002184694167226553 
vn 3.097898456858039e-13 -0.999997615814209 0.002184694167226553 
vn 3.097898456858039e-13 -0.999997615814209 0.002184694167226553 
vn 3.097898456858039e-13 -0.999997615814209 0.002184694167226553 
vn 3.097898456858039e-13 -0.999997615814209 0.002184694167226553 
vn 3.097898456858039e-13 -0.999997615814209 0.002184694167226553 
vn -1.0341130485562108e-13 0.999997615814209 0.002184694167226553 
vn -1.0341130485562108e-13 0.999997615814209 0.002184694167226553 
vn 3.097898456858039e-13 -0.999997615814209 0.002184694167226553 
vn 3.097898456858039e-13 -0.999997615814209 0.002184694167226553 
vn 3.097898456858039e-13 -0.999997615814209 0.002184694167226553 
vn -1.0341130485562108e-13 0.999997615814209 0.002184694167226553 
vn -1.0341130485562108e-13 0.999997615814209 0.002184694167226553 
vn -1.0341130485562108e-13 0.999997615814209 0.002184694167226553 
vn -1.0341130485562108e-13 0.999997615814209 0.002184694167226553 
vn -1.0341130485562108e-13 0.999997615814209 0.002184694167226553 
vn -1.0341130485562108e-13 0.999997615814209 0.002184694167226553 
vn -1.0341130485562108e-13 0.999997615814209 0.002184694167226553 
vn -1.0341130485562108e-13 0.999997615814209 0.002184694167226553 
vn -1.0341130485562108e-13 0.999997615814209 0.002184694167226553 
vn -1.0341130485562108e-13 0.999997615814209 0.002184694167226553 
vn -1.0341130485562108e-13 0.999997615814209 0.002184694167226553 
vn -1.0341130485562108e-13 0.999997615814209 0.002184694167226553 
vn -1.0341130485562108e-13 0.999997615814209 0.002184694167226553 
vn -1.0341130485562108e-13 0.999997615814209 0.002184694167226553 
vn -1.0341130485562108e-13 0.999997615814209 0.002184694167226553 
vn -1.0341130485562108e-13 0.999997615814209 0.002184694167226553 
vn -1.0341130485562108e-13 0.999997615814209 0.002184694167226553 
vn -1.0341130485562108e-13 0.999997615814209 0.002184694167226553 
vn -1.0341130485562108e-13 0.999997615814209 0.002184694167226553 
vn -1.0341130485562108e-13 0.999997615814209 0.002184694167226553 
vn -1.0341130485562108e-13 0.999997615814209 0.002184694167226553 
vn -1.0341130485562108e-13 0.999997615814209 0.002184694167226553 
vn -1.0341130485562108e-13 0.999997615814209 0.002184694167226553 
vn 0.16958275437355042 0 0.9855159521102905 
vn 0.16958275437355042 0 0.9855159521102905 
vn 0.1263735443353653 0 0.9919826984405518 
vn 0.1263735443353653 0 0.9919826984405518 
vn 0.048044804483652115 0 0.9988451600074768 
vn 0.048044804483652115 0 0.9988451600074768 
vn -0.025969194248318672 0.003569383639842272 0.9996563792228699 
vn -0.025969194248318672 0.003569383639842272 0.9996563792228699 
vn -0.11764085292816162 0.003734381403774023 0.9930492043495178 
vn -0.11764085292816162 0.003734381403774023 0.9930492043495178 
vn -0.22951345145702362 -4.757061037403629e-14 0.9733054637908936 
vn -0.22951345145702362 -4.757061037403629e-14 0.9733054637908936 
vn -0.32184848189353943 0.00375896948389709 0.946783721446991 
vn -0.32184848189353943 0.00375896948389709 0.946783721446991 
vn -0.41123825311660767 0.003766703186556697 0.9115201234817505 
vn -0.41123825311660767 0.003766703186556697 0.9115201234817505 
vn -0.5194079279899597 0.003768583992496133 0.8545181155204773 
vn -0.5194079279899597 0.003768583992496133 0.8545181155204773 
vn -0.6163880825042725 -1.2748329681396692e-13 0.7874425053596497 
vn -0.6163880825042725 -1.2748329681396692e-13 0.7874425053596497 
vn -0.6859472990036011 -1.418697516235301e-13 0.7276512384414673 
vn -0.6859472990036011 -1.418697516235301e-13 0.7276512384414673 
vn -0.7439239621162415 -1.5386066173298657e-13 0.6682642698287964 
vn -0.7439239621162415 -1.5386066173298657e-13 0.6682642698287964 
vn -0.7967764139175415 -1.647917777713656e-13 0.6042742133140564 
vn -0.7967764139175415 -1.647917777713656e-13 0.6042742133140564 
vn -0.8510870933532715 0.003771207993850112 0.5250110030174255 
vn -0.8510870933532715 0.003771207993850112 0.5250110030174255 
vn -0.9087973237037659 0.0037715816870331764 0.417220801115036 
vn -0.9087973237037659 0.0037715816870331764 0.417220801115036 
vn -0.9529215097427368 0.0037751663476228714 0.30319350957870483 
vn -0.9529215097427368 0.0037751663476228714 0.30319350957870483 
vn -0.9811491966247559 0.0037728105671703815 0.19321508705615997 
vn -0.9811491966247559 0.0037728105671703815 0.19321508705615997 
vn -0.9967347383499146 -2.0614777517403288e-13 0.08074574917554855 
vn -0.9967347383499146 -2.0614777517403288e-13 0.08074574917554855 
vn -0.9999785423278809 -2.0681866592583975e-13 0.006554040592163801 
vn -0.9999785423278809 -2.0681866592583975e-13 0.006554040592163801 
vn -0.999997615814209 -2.0682260971124217e-13 0.002184694167226553 
vn -0.999997615814209 -2.0682260971124217e-13 0.002184694167226553 
vn -0.999997615814209 -2.0682260971124217e-13 0.002184694167226553 
vn -0.999997615814209 -2.0682260971124217e-13 0.002184694167226553 
vn -0.999997615814209 -2.0682260971124217e-13 0.002184694167226553 
vn -0.999997615814209 -2.0682260971124217e-13 0.002184694167226553 
vn -0.999997615814209 -2.0682260971124217e-13 0.002184694167226553 
vn -0.999997615814209 -2.0682260971124217e-13 0.002184694167226553 
vn -0.999997615814209 -2.0682260971124217e-13 0.002184694167226553 
vn -0.999997615814209 -2.0682260971124217e-13 0.002184694167226553 
vn -0.2252267301082611 0.0037841564044356346 -0.9742990136146545 
vn -0.2252267301082611 0.0037841564044356346 -0.9742990136146545 
vn -0.16091927886009216 0.0038017809856683016 -0.986960232257843 
vn -0.16091927886009216 0.0038017809856683016 -0.986960232257843 
vn -0.0393143892288208 -8.131124117386705e-15 -0.9992268681526184 
vn -0.0393143892288208 -8.131124117386705e-15 -0.9992268681526184 
vn 0.05240868031978607 0 -0.9986256957054138 
vn 0.05240868031978607 0 -0.9986256957054138 
vn 0.1523333042860031 0 -0.9883291721343994 
vn 0.1523333042860031 0 -0.9883291721343994 
vn 0.2676009237766266 0 -0.9635298252105713 
vn 0.2676009237766266 0 -0.9635298252105713 
vn 0.3831879794597626 0 -0.9236704111099243 
vn 0.3831879794597626 0 -0.9236704111099243 
vn 0.48542520403862 0 -0.87427818775177 
vn 0.48542520403862 0 -0.87427818775177 
vn 0.5742721557617188 0 -0.8186644315719604 
vn 0.5742721557617188 0 -0.8186644315719604 
vn 0.6568098068237305 0 -0.7540562748908997 
vn 0.6568098068237305 0 -0.7540562748908997 
vn 0.7409969568252563 0 -0.6715083718299866 
vn 0.7409969568252563 0 -0.6715083718299866 
vn 0.812342643737793 0 -0.5831804275512695 
vn 0.812342643737793 0 -0.5831804275512695 
vn 0.8667527437210083 0 -0.4987381398677826 
vn 0.8667527437210083 0 -0.4987381398677826 
vn 0.9088051319122314 0 -0.417220801115036 
vn 0.9088051319122314 0 -0.417220801115036 
vn 0.9417508840560913 0 -0.3363112509250641 
vn 0.9417508840560913 0 -0.3363112509250641 
vn 0.9686048626899719 0 -0.24860523641109467 
vn 0.9686048626899719 0 -0.24860523641109467 
vn 0.9886596202850342 0 -0.15017375349998474 
vn 0.9886596202850342 0 -0.15017375349998474 
vn 0.9987378120422363 0 -0.05022686347365379 
vn 0.9987378120422363 0 -0.05022686347365379 
vn 0.999997615814209 0 -0.002184694167226553 
vn 0.999997615814209 0 -0.002184694167226553 
vn 0.999997615814209 0 0.002184694167226553 
vn 0.999997615814209 0 0.002184694167226553 
vn 0.999997615814209 0 0.002184694167226553 
vn 0.999997615814209 0 0.002184694167226553 
vn 0.999997615814209 0 0.002184694167226553 
vn 0.999997615814209 0 0.002184694167226553 
vn 0.999997615814209 0 0.002184694167226553 
vn 0.999997615814209 0 0.002184694167226553 
vn 0.999997615814209 0 0.002184694167226553 
vn 0.999997615814209 0 0.002184694167226553 
vn 0.9989477396011353 0 0.04586252197623253 
vn 0.9989477396011353 0 0.04586252197623253 
vn 0.995991051197052 0 0.08945280313491821 
vn 0.995991051197052 0 0.08945280313491821 
vn 0.9836047291755676 0 0.18033768236637115 
vn 0.9836047291755676 0 0.18033768236637115 
vn 0.9652630090713501 0 0.2612801790237427 
vn 0.9652630090713501 0 0.2612801790237427 
vn 0.935729444026947 0 0.3527185618877411 
vn 0.935729444026947 0 0.3527185618877411 
vn 0.8897135257720947 0 0.456519216299057 
vn 0.8897135257720947 0 0.456519216299057 
vn 0.8370406627655029 0 0.5471406579017639 
vn 0.8370406627655029 0 0.5471406579017639 
vn 0.8097867965698242 0 0.5867242813110352 
vn 0.8097867965698242 0 0.5867242813110352 
vn 0.7806625962257385 0 0.6249527335166931 
vn 0.7806625962257385 0 0.6249527335166931 
vn 0.7047857642173767 0 0.7094202041625977 
vn 0.7047857642173767 0 0.7094202041625977 
vn 0.6094833612442017 0 0.7927988767623901 
vn 0.6094833612442017 0 0.7927988767623901 
vn 0.4968433678150177 0 0.8678402304649353 
vn 0.4968433678150177 0 0.8678402304649353 
vn 0.3791484534740448 0 0.9253358840942383 
vn 0.3791484534740448 0 0.9253358840942383 
vn 0.26338833570480347 0 0.9646899104118347 
vn 0.26338833570480347 0 0.9646899104118347 
vn 0.15665024518966675 0 0.9876541495323181 
vn 0.15665024518966675 0 0.9876541495323181 
vn 0.06113334000110626 0 0.9981296062469482 
vn 0.06113334000110626 0 0.9981296062469482 
vn -0.025969194248318672 0.003569383639842272 0.9996563792228699 
vn -0.025969194248318672 0.003569383639842272 0.9996563792228699 
vn -0.12198123335838318 0.003721691435202956 0.9925254583358765 
vn -0.12198123335838318 0.003721691435202956 0.9925254583358765 
vn -0.22951345145702362 -4.757061037403629e-14 0.9733054637908936 
vn -0.22951345145702362 -4.757061037403629e-14 0.9733054637908936 
vn -0.33423182368278503 0.003763672662898898 0.9424833655357361 
vn -0.33423182368278503 0.003763672662898898 0.9424833655357361 
vn -0.41123825311660767 0.003766703186556697 0.9115201234817505 
vn -0.41123825311660767 0.003766703186556697 0.9115201234817505 
vn -0.47775182127952576 0.0037617359776049852 0.8784868121147156 
vn -0.47775182127952576 0.0037617359776049852 0.8784868121147156 
vn -0.5416429042816162 -1.1202426790021813e-13 0.8406086564064026 
vn -0.5416429042816162 -1.1202426790021813e-13 0.8406086564064026 
vn -0.6025320887565613 -1.2461756073670754e-13 0.7980946898460388 
vn -0.6025320887565613 -1.2461756073670754e-13 0.7980946898460388 
vn -0.6600983142852783 -1.3652359136858555e-13 0.7511792182922363 
vn -0.6600983142852783 -1.3652359136858555e-13 0.7511792182922363 
vn -0.7231300473213196 0.003767496906220913 0.6907016038894653 
vn -0.7231300473213196 0.003767496906220913 0.6907016038894653 
vn -0.7914564609527588 0.003773069242015481 0.6112139225006104 
vn -0.7914564609527588 0.003773069242015481 0.6112139225006104 
vn -0.8417815566062927 0.003772542579099536 0.5398051738739014 
vn -0.8417815566062927 0.003772542579099536 0.5398051738739014 
vn -0.8774328231811523 0.003770934883505106 0.4796847105026245 
vn -0.8774328231811523 0.003770934883505106 0.4796847105026245 
vn -0.8936689496040344 -1.8483138468101262e-13 0.4487268626689911 
vn -0.8936689496040344 -1.8483138468101262e-13 0.4487268626689911 
vn -0.9087973237037659 0.0037715816870331764 0.417220801115036 
vn -0.9087973237037659 0.0037715816870331764 0.417220801115036 
vn -0.9417508840560913 -1.9477584963737554e-13 0.3363112509250641 
vn -0.9417508840560913 -1.9477584963737554e-13 0.3363112509250641 
vn -0.9737972617149353 0.0037722436245530844 0.22738653421401978 
vn -0.9737972617149353 0.0037722436245530844 0.22738653421401978 
vn -0.9942756295204163 -2.0563917593491993e-13 0.10684575140476227 
vn -0.9942756295204163 -2.0563917593491993e-13 0.10684575140476227 
vn -0.9987307190895081 0.003775716060772538 0.05022686347365379 
vn -1.0341130485562108e-13 0.999997615814209 0.002184694167226553 
vn -1.0341130485562108e-13 0.999997615814209 0.002184694167226553 
vn 0.999997615814209 0 0.002184694167226553 
vn 0.999997615814209 0 0.002184694167226553 
vn 0.999997615814209 0 0.002184694167226553 
vn 0.999997615814209 0 0.002184694167226553 
vn 3.097898456858039e-13 -0.999997615814209 0.002184694167226553 
vn 3.097898456858039e-13 -0.999997615814209 0.002184694167226553 
vn 3.097898456858039e-13 -0.999997615814209 0.002184694167226553 
vn 3.097898456858039e-13 -0.999997615814209 0.002184694167226553 
vn 3.097898456858039e-13 -0.999997615814209 0.002184694167226553 
vn 3.097898456858039e-13 -0.999997615814209 0.002184694167226553 
vn 3.097898456858039e-13 -0.999997615814209 0.002184694167226553 
vn 3.097898456858039e-13 -0.999997615814209 0.002184694167226553 
vn 3.097898456858039e-13 -0.999997615814209 0.002184694167226553 
vn 3.097898456858039e-13 -0.999997615814209 0.002184694167226553 
vn 3.097898456858039e-13 -0.999997615814209 0.002184694167226553 
vn 3.097898456858039e-13 -0.999997615814209 0.002184694167226553 
vn 3.097898456858039e-13 -0.999997615814209 0.002184694167226553 
vn 3.097898456858039e-13 -0.999997615814209 0.002184694167226553 
vn 3.097898456858039e-13 -0.999997615814209 0.002184694167226553 
vn 3.097898456858039e-13 -0.999997615814209 0.002184694167226553 
vn 3.097898456858039e-13 -0.999997615814209 0.002184694167226553 
vn 3.097898456858039e-13 -0.999997615814209 0.002184694167226553 
vn 3.097898456858039e-13 -0.999997615814209 0.002184694167226553 
vn 3.097898456858039e-13 -0.999997615814209 0.002184694167226553 
vn -0.3831879794597626 -7.925212949008026e-14 0.9236704111099243 
vn -0.3831879794597626 -7.925212949008026e-14 0.9236704111099243 
vn -0.3588438034057617 -7.421718946874767e-14 0.933397650718689 
vn -0.3588438034057617 -7.421718946874767e-14 0.933397650718689 
vn -0.30525144934654236 0.0037608793936669827 0.9522643685340881 
vn -0.30525144934654236 0.0037608793936669827 0.9522643685340881 
vn -0.2422226220369339 0.0037488944362848997 0.9702134728431702 
vn -0.2422226220369339 0.0037488944362848997 0.9702134728431702 
vn -0.15665024518966675 -3.2398888259732583e-14 0.9876541495323181 
vn -0.15665024518966675 -3.2398888259732583e-14 0.9876541495323181 
vn -0.0566549077630043 0.0036373657640069723 0.9983872175216675 
vn -0.0566549077630043 0.0036373657640069723 0.9983872175216675 
vn 0.030580973252654076 0 0.9995322823524475 
vn 0.030580973252654076 0 0.9995322823524475 
vn 0.11770011484622955 0 0.9930492043495178 
vn 0.11770011484622955 0 0.9930492043495178 
vn 0.2124682515859604 0 0.9771679639816284 
vn 0.2124682515859604 0 0.9771679639816284 
vn 0.31773048639297485 0 0.9481810927391052 
vn 0.31773048639297485 0 0.9481810927391052 
vn 0.4271230399608612 0 0.9041935205459595 
vn 0.4271230399608612 0 0.9041935205459595 
vn 0.5231503844261169 0 0.8522403836250305 
vn 0.5231503844261169 0 0.8522403836250305 
vn 0.5920190215110779 0 0.8059239983558655 
vn 0.5920190215110779 0 0.8059239983558655 
vn 0.6568098068237305 0 0.7540562748908997 
vn 0.6568098068237305 0 0.7540562748908997 
vn 0.7201150059700012 0 0.6938546895980835 
vn 0.7201150059700012 0 0.6938546895980835 
vn 0.7914654612541199 0 0.6112139225006104 
vn 0.7914654612541199 0 0.6112139225006104 
vn 0.8533812761306763 0 0.5212872624397278 
vn 0.8533812761306763 0 0.5212872624397278 
vn 0.8956210613250732 0 0.44481781125068665 
vn 0.8956210613250732 0 0.44481781125068665 
vn 0.924505352973938 0 0.3811691105365753 
vn 0.924505352973938 0 0.3811691105365753 
vn 0.95159512758255 0 0.30735430121421814 
vn 0.95159512758255 0 0.30735430121421814 
vn 0.9717803597450256 0 0.23588760197162628 
vn 0.9717803597450256 0 0.23588760197162628 
vn 0.986606240272522 0 0.16312000155448914 
vn 0.986606240272522 0 0.16312000155448914 
vn 0.9974023103713989 0 0.07203252613544464 
vn 0.9974023103713989 0 0.07203252613544464 
vn 0.9989477396011353 0 -0.04586252197623253 
vn 0.9989477396011353 0 -0.04586252197623253 
vn 0.9843833446502686 0 -0.1760382205247879 
vn 0.9843833446502686 0 -0.1760382205247879 
vn 0.9542446732521057 0 -0.2990269064903259 
vn 0.9542446732521057 0 -0.2990269064903259 
vn 0.9069734811782837 0 -0.42118772864341736 
vn 0.9069734811782837 0 -0.42118772864341736 
vn 0.8464750647544861 0 -0.5324283838272095 
vn 0.8464750647544861 0 -0.5324283838272095 
vn 0.7806625962257385 0 -0.6249527335166931 
vn 0.7806625962257385 0 -0.6249527335166931 
vn 0.7170764207839966 0 -0.6969945430755615 
vn 0.7170764207839966 0 -0.6969945430755615 
vn 0.6468693614006042 0 -0.762600839138031 
vn 0.6468693614006042 0 -0.762600839138031 
vn 0.5778437852859497 0 -0.8161473870277405 
vn 0.5778437852859497 0 -0.8161473870277405 
vn 0.5379648208618164 0 -0.8429672718048096 
vn 0.5379648208618164 0 -0.8429672718048096 
vn 0.5268691182136536 0 -0.8499464392662048 
vn 0.5268691182136536 0 -0.8499464392662048 
vn 3.097898456858039e-13 -0.999997615814209 0.002184694167226553 
vn 3.097898456858039e-13 -0.999997615814209 0.002184694167226553 
vn 3.097898456858039e-13 -0.999997615814209 0.002184694167226553 
vn -1.0341130485562108e-13 0.999997615814209 0.002184694167226553 
vn -1.0341130485562108e-13 0.999997615814209 0.002184694167226553 
vn -1.0341130485562108e-13 0.999997615814209 0.002184694167226553 
vn 3.097898456858039e-13 -0.999997615814209 0.002184694167226553 
vn 3.097898456858039e-13 -0.999997615814209 0.002184694167226553 
vn 3.097898456858039e-13 -0.999997615814209 0.002184694167226553 
vn 3.097898456858039e-13 -0.999997615814209 0.002184694167226553 
vn 3.097898456858039e-13 -0.999997615814209 0.002184694167226553 
vn 3.097898456858039e-13 -0.999997615814209 0.002184694167226553 
vn -1.0341130485562108e-13 0.999997615814209 0.002184694167226553 
vn -1.0341130485562108e-13 0.999997615814209 0.002184694167226553 
vn -1.0341130485562108e-13 0.999997615814209 0.002184694167226553 
vn -1.0341130485562108e-13 0.999997615814209 0.002184694167226553 
vn -1.0341130485562108e-13 0.999997615814209 0.002184694167226553 
vn -1.0341130485562108e-13 0.999997615814209 0.002184694167226553 
vn -1.0341130485562108e-13 0.999997615814209 0.002184694167226553 
vn -1.0341130485562108e-13 0.999997615814209 0.002184694167226553 
vn -1.0341130485562108e-13 0.999997615814209 0.002184694167226553 
vn -1.0341130485562108e-13 0.999997615814209 0.002184694167226553 
vn -1.0341130485562108e-13 0.999997615814209 0.002184694167226553 
vn -1.0341130485562108e-13 0.999997615814209 0.002184694167226553 
vn -1.0341130485562108e-13 0.999997615814209 0.002184694167226553 
vn -1.0341130485562108e-13 0.999997615814209 0.002184694167226553 
vn -1.0341130485562108e-13 0.999997615814209 0.002184694167226553 
vn -1.0341130485562108e-13 0.999997615814209 0.002184694167226553 
vn -1.0341130485562108e-13 0.999997615814209 0.002184694167226553 
vn -1.0341130485562108e-13 0.999997615814209 0.002184694167226553 
vn -1.0341130485562108e-13 0.999997615814209 0.002184694167226553 
vn -1.0341130485562108e-13 0.999997615814209 0.002184694167226553 
vn -1.0341130485562108e-13 0.999997615814209 0.002184694167226553 
vn -1.0341130485562108e-13 0.999997615814209 0.002184694167226553 
vn -1.0341130485562108e-13 0.999997615814209 0.002184694167226553 
vn -1.0341130485562108e-13 0.999997615814209 0.002184694167226553 
vn 3.097898456858039e-13 -0.999997615814209 0.002184694167226553 
vn 3.097898456858039e-13 -0.999997615814209 0.002184694167226553 
vn -1.0341130485562108e-13 0.999997615814209 0.002184694167226553 
vn -1.0341130485562108e-13 0.999997615814209 0.002184694167226553 
vn -1.0341130485562108e-13 0.999997615814209 0.002184694167226553 
vn -1.0341130485562108e-13 0.999997615814209 0.002184694167226553 
vn -1.0341130485562108e-13 0.999997615814209 0.002184694167226553 
vn -1.0341130485562108e-13 0.999997615814209 0.002184694167226553 
vn -1.0341130485562108e-13 0.999997615814209 0.002184694167226553 
vn -1.0341130485562108e-13 0.999997615814209 0.002184694167226553 
vn -1.0341130485562108e-13 0.999997615814209 0.002184694167226553 
vn -1.0341130485562108e-13 0.999997615814209 0.002184694167226553 
vn -1.0341130485562108e-13 0.999997615814209 0.002184694167226553 
vn -1.0341130485562108e-13 0.999997615814209 0.002184694167226553 
vn -1.0341130485562108e-13 0.999997615814209 0.002184694167226553 
vn -1.0341130485562108e-13 0.999997615814209 0.002184694167226553 
vn -1.0341130485562108e-13 0.999997615814209 0.002184694167226553 
vn -1.0341130485562108e-13 0.999997615814209 0.002184694167226553 
vn -1.0341130485562108e-13 0.999997615814209 0.002184694167226553 
vn -1.0341130485562108e-13 0.999997615814209 0.002184694167226553 
vn -1.0341130485562108e-13 0.999997615814209 0.002184694167226553 
vn -1.0341130485562108e-13 0.999997615814209 0.002184694167226553 
vn -1.0341130485562108e-13 0.999997615814209 0.002184694167226553 
vn -1.0341130485562108e-13 0.999997615814209 0.002184694167226553 
vn -1.0341130485562108e-13 0.999997615814209 0.002184694167226553 
vn -1.0341130485562108e-13 0.999997615814209 0.002184694167226553 
vn -1.0341130485562108e-13 0.999997615814209 0.002184694167226553 
vn -1.0341130485562108e-13 0.999997615814209 0.002184694167226553 
vn -1.0341130485562108e-13 0.999997615814209 0.002184694167226553 
vn -1.0341130485562108e-13 0.999997615814209 0.002184694167226553 
vn -1.0341130485562108e-13 0.999997615814209 0.002184694167226553 
vn -1.0341130485562108e-13 0.999997615814209 0.002184694167226553 
vn -1.0341130485562108e-13 0.999997615814209 0.002184694167226553 
vn -1.0341130485562108e-13 0.999997615814209 0.002184694167226553 
vn -1.0341130485562108e-13 0.999997615814209 0.002184694167226553 
vn -1.0341130485562108e-13 0.999997615814209 0.002184694167226553 
vn -1.0341130485562108e-13 0.999997615814209 0.002184694167226553 
vn -1.0341130485562108e-13 0.999997615814209 0.002184694167226553 
vn -1.0341130485562108e-13 0.999997615814209 0.002184694167226553 
vn -1.0341130485562108e-13 0.999997615814209 0.002184694167226553 
vn -1.0341130485562108e-13 0.999997615814209 0.002184694167226553 
vn -1.0341130485562108e-13 0.999997615814209 0.002184694167226553 
vn -1.0341130485562108e-13 0.999997615814209 0.002184694167226553 
vn -1.0341130485562108e-13 0.999997615814209 0.002184694167226553 
vn -1.0341130485562108e-13 0.999997615814209 0.002184694167226553 
vn -1.0341130485562108e-13 0.999997615814209 0.002184694167226553 
vn -1.0341130485562108e-13 0.999997615814209 0.002184694167226553 
vn -1.0341130485562108e-13 0.999997615814209 0.002184694167226553 
vn -1.0341130485562108e-13 0.999997615814209 0.002184694167226553 
vn -1.0341130485562108e-13 0.999997615814209 0.002184694167226553 
vn -1.0341130485562108e-13 0.999997615814209 0.002184694167226553 
vn 0 0 1 
vn 0 0 1 
vn 0 0 1 
vn 0 0 1 
vn -1.0341130485562108e-13 0.999997615814209 0.002184694167226553 
vn -1.0341130485562108e-13 0.999997615814209 0.002184694167226553 
vn -1.0341130485562108e-13 0.999997615814209 0.002184694167226553 
vn -1.0341130485562108e-13 0.999997615814209 0.002184694167226553 
vn -1.0341130485562108e-13 0.999997615814209 0.002184694167226553 
vn -1.0341130485562108e-13 0.999997615814209 0.002184694167226553 
vn -1.0341130485562108e-13 0.999997615814209 0.002184694167226553 
vn -1.0341130485562108e-13 0.999997615814209 0.002184694167226553 
vn -1.0341130485562108e-13 0.999997615814209 0.002184694167226553 
vn -1.0341130485562108e-13 0.999997615814209 0.002184694167226553 
vn -1.0341130485562108e-13 0.999997615814209 0.002184694167226553 
vn -1.0341130485562108e-13 0.999997615814209 0.002184694167226553 
vn -1.0341130485562108e-13 0.999997615814209 0.002184694167226553 
vn -1.0341130485562108e-13 0.999997615814209 0.002184694167226553 
vn -1.0341130485562108e-13 0.999997615814209 0.002184694167226553 
vn -1.0341130485562108e-13 0.999997615814209 0.002184694167226553 
vn -1.0341130485562108e-13 0.999997615814209 0.002184694167226553 
vn -1.0341130485562108e-13 0.999997615814209 0.002184694167226553 
vn -1.0341130485562108e-13 0.999997615814209 0.002184694167226553 
vn -1.0341130485562108e-13 0.999997615814209 0.002184694167226553 
vn -1.0341130485562108e-13 0.999997615814209 0.002184694167226553 
vn -1.0341130485562108e-13 0.999997615814209 0.002184694167226553 
vn -1.0341130485562108e-13 0.999997615814209 0.002184694167226553 
vn -1.0341130485562108e-13 0.999997615814209 0.002184694167226553 
vn -1.0341130485562108e-13 0.999997615814209 0.002184694167226553 
vn -1.0341130485562108e-13 0.999997615814209 0.002184694167226553 
vn -1.0341130485562108e-13 0.999997615814209 0.002184694167226553 
vn -1.0341130485562108e-13 0.999997615814209 0.002184694167226553 
vn -1.0341130485562108e-13 0.999997615814209 0.002184694167226553 
vn -1.0341130485562108e-13 0.999997615814209 0.002184694167226553 
vn -1.0341130485562108e-13 0.999997615814209 0.002184694167226553 
vn -1.0341130485562108e-13 0.999997615814209 0.002184694167226553 
vn -1.0341130485562108e-13 0.999997615814209 0.002184694167226553 
vn 3.097898456858039e-13 -0.999997615814209 0.002184694167226553 
vn 3.097898456858039e-13 -0.999997615814209 0.002184694167226553 
vn 3.097898456858039e-13 -0.999997615814209 0.002184694167226553 
vn -1.0341130485562108e-13 0.999997615814209 0.002184694167226553 
vn -1.0341130485562108e-13 0.999997615814209 0.002184694167226553 
vn 3.097898456858039e-13 -0.999997615814209 0.002184694167226553 
vn 3.097898456858039e-13 -0.999997615814209 0.002184694167226553 
vn 3.097898456858039e-13 -0.999997615814209 0.002184694167226553 
vn 3.097898456858039e-13 -0.999997615814209 0.002184694167226553 
vn 3.097898456858039e-13 -0.999997615814209 0.002184694167226553 
vn 3.097898456858039e-13 -0.999997615814209 0.002184694167226553 
vn 3.097898456858039e-13 -0.999997615814209 0.002184694167226553 
vn 3.097898456858039e-13 -0.999997615814209 0.002184694167226553 
vn 3.097898456858039e-13 -0.999997615814209 0.002184694167226553 
vn 3.097898456858039e-13 -0.999997615814209 0.002184694167226553 
vn 3.097898456858039e-13 -0.999997615814209 0.002184694167226553 
vn 3.097898456858039e-13 -0.999997615814209 0.002184694167226553 
vn 3.097898456858039e-13 -0.999997615814209 0.002184694167226553 
vn -0.8689236044883728 -1.79327608535243e-13 0.4949462115764618 
vn -0.8689236044883728 -1.79327608535243e-13 0.4949462115764618 
vn -0.8689236044883728 -1.79327608535243e-13 0.4949462115764618 
vn -0.8689236044883728 -1.79327608535243e-13 0.4949462115764618 
vn 0 0 1 
vn 0 0 1 
vn 0 0 1 
vn 0 0 1 
vn 3.097898456858039e-13 -0.999997615814209 0.002184694167226553 
vn 3.097898456858039e-13 -0.999997615814209 0.002184694167226553 
vn 3.097898456858039e-13 -0.999997615814209 0.002184694167226553 
vn 3.097898456858039e-13 -0.999997615814209 0.002184694167226553 
vn 3.097898456858039e-13 -0.999997615814209 0.002184694167226553 
vn 3.097898456858039e-13 -0.999997615814209 0.002184694167226553 
vn 3.097898456858039e-13 -0.999997615814209 0.002184694167226553 
vn 3.097898456858039e-13 -0.999997615814209 0.002184694167226553 
vn -1.0341130485562108e-13 0.999997615814209 0.002184694167226553 
vn -1.0341130485562108e-13 0.999997615814209 0.002184694167226553 
vn -1.0341130485562108e-13 0.999997615814209 0.002184694167226553 
vn 3.097898456858039e-13 -0.999997615814209 0.002184694167226553 
vn 3.097898456858039e-13 -0.999997615814209 0.002184694167226553 
vn 3.097898456858039e-13 -0.999997615814209 0.002184694167226553 
vn 3.097898456858039e-13 -0.999997615814209 0.002184694167226553 
vn -1.0341130485562108e-13 0.999997615814209 0.002184694167226553 
vn -1.0341130485562108e-13 0.999997615814209 0.002184694167226553 
vn -1.0341130485562108e-13 0.999997615814209 0.002184694167226553 
vn -0.19960615038871765 0.003755420446395874 0.97986900806427 
vn -0.19960615038871765 0.003755420446395874 0.97986900806427 
vn -0.1652328372001648 0.0037351271603256464 0.9862475395202637 
vn -0.1652328372001648 0.0037351271603256464 0.9862475395202637 
vn -0.0872766524553299 -1.805082775960254e-14 0.9961841106414795 
vn -0.0872766524553299 -1.805082775960254e-14 0.9961841106414795 
vn -0.013107799924910069 -2.7168168854619897e-15 0.9999141097068787 
vn -0.013107799924910069 -2.7168168854619897e-15 0.9999141097068787 
vn 0.07421137392520905 0 0.9972425103187561 
vn 0.07421137392520905 0 0.9972425103187561 
vn 0.1867803931236267 0 0.9824016690254211 
vn 0.1867803931236267 0 0.9824016690254211 
vn 0.2843993604183197 0 0.9587059020996094 
vn 0.2843993604183197 0 0.9587059020996094 
vn 0.3751016855239868 0 0.926983654499054 
vn 0.3751016855239868 0 0.926983654499054 
vn 0.4816005229949951 0 0.8763908743858337 
vn 0.4816005229949951 0 0.8763908743858337 
vn 0.5814042687416077 0 0.8136147856712341 
vn 0.5814042687416077 0 0.8136147856712341 
vn 0.6535087823867798 0 0.7569189071655273 
vn 0.6535087823867798 0 0.7569189071655273 
vn 0.7109582424163818 0 0.7032341957092285 
vn 0.7109582424163818 0 0.7032341957092285 
vn 0.7668240666389465 0 0.641857385635376 
vn 0.7668240666389465 0 0.641857385635376 
vn 0.8174078464508057 0 0.5760593414306641 
vn 0.8174078464508057 0 0.5760593414306641 
vn 0.8579040765762329 0 0.5138099193572998 
vn 0.8579040765762329 0 0.5138099193572998 
vn 0.8975561261177063 0 0.4409002661705017 
vn 0.8975561261177063 0 0.4409002661705017 
vn 0.9417508840560913 0 0.3363112509250641 
vn 0.9417508840560913 0 0.3363112509250641 
vn 0.9738045930862427 0 0.22738653421401978 
vn 0.9738045930862427 0 0.22738653421401978 
vn 0.9947329759597778 0 0.10250037163496017 
vn 0.9947329759597778 0 0.10250037163496017 
vn 0.9998830556869507 0 0.0152922747656703 
vn 0.9998830556869507 0 0.0152922747656703 
vn 0.999997615814209 0 0.002184694167226553 
vn 0.999997615814209 0 0.002184694167226553 
vn 0.999997615814209 0 0.002184694167226553 
vn 0.999997615814209 0 0.002184694167226553 
vn 0.999997615814209 0 0.002184694167226553 
vn 0.999997615814209 0 0.002184694167226553 
vn 0.999997615814209 0 0.002184694167226553 
vn 0.999997615814209 0 0.002184694167226553 
vn 0.999997615814209 0 0.002184694167226553 
vn 0.999997615814209 0 0.002184694167226553 
vn 3.097898456858039e-13 -0.999997615814209 0.002184694167226553 
vn 3.097898456858039e-13 -0.999997615814209 0.002184694167226553 
vn 3.097898456858039e-13 -0.999997615814209 0.002184694167226553 
vn -1.0341130485562108e-13 0.999997615814209 0.002184694167226553 
vn -1.0341130485562108e-13 0.999997615814209 0.002184694167226553 
vn -1.0341130485562108e-13 0.999997615814209 0.002184694167226553 
vn -1.0341130485562108e-13 0.999997615814209 0.002184694167226553 
vn -1.0341130485562108e-13 0.999997615814209 0.002184694167226553 
vn -1.0341130485562108e-13 0.999997615814209 0.002184694167226553 
vn -1.0341130485562108e-13 0.999997615814209 0.002184694167226553 
vn -1.0341130485562108e-13 0.999997615814209 0.002184694167226553 
vn 3.097898456858039e-13 -0.999997615814209 0.002184694167226553 
vn 3.097898456858039e-13 -0.999997615814209 0.002184694167226553 
vn 3.097898456858039e-13 -0.999997615814209 0.002184694167226553 
vn 3.097898456858039e-13 -0.999997615814209 0.002184694167226553 
vn 3.097898456858039e-13 -0.999997615814209 0.002184694167226553 
vn 3.097898456858039e-13 -0.999997615814209 0.002184694167226553 
vn 3.097898456858039e-13 -0.999997615814209 0.002184694167226553 
vn 3.097898456858039e-13 -0.999997615814209 0.002184694167226553 
vn 3.097898456858039e-13 -0.999997615814209 0.002184694167226553 
vn 3.097898456858039e-13 -0.999997615814209 0.002184694167226553 
vn 3.097898456858039e-13 -0.999997615814209 0.002184694167226553 
vn 3.097898456858039e-13 -0.999997615814209 0.002184694167226553 
vn 3.097898456858039e-13 -0.999997615814209 0.002184694167226553 
vn 3.097898456858039e-13 -0.999997615814209 0.002184694167226553 
vn 3.097898456858039e-13 -0.999997615814209 0.002184694167226553 
vn 3.097898456858039e-13 -0.999997615814209 0.002184694167226553 
vn 3.097898456858039e-13 -0.999997615814209 0.002184694167226553 
vn 3.097898456858039e-13 -0.999997615814209 0.002184694167226553 
vn 3.097898456858039e-13 -0.999997615814209 0.002184694167226553 
vn 3.097898456858039e-13 -0.999997615814209 0.002184694167226553 
vn 3.097898456858039e-13 -0.999997615814209 0.002184694167226553 
vn 3.097898456858039e-13 -0.999997615814209 0.002184694167226553 
vn 3.097898456858039e-13 -0.999997615814209 0.002184694167226553 
vn 3.097898456858039e-13 -0.999997615814209 0.002184694167226553 
vn 3.097898456858039e-13 -0.999997615814209 0.002184694167226553 
vn 3.097898456858039e-13 -0.999997615814209 0.002184694167226553 
vn 3.097898456858039e-13 -0.999997615814209 0.002184694167226553 
vn 3.097898456858039e-13 -0.999997615814209 0.002184694167226553 
vn 3.097898456858039e-13 -0.999997615814209 0.002184694167226553 
vn 3.097898456858039e-13 -0.999997615814209 0.002184694167226553 
vn 3.097898456858039e-13 -0.999997615814209 0.002184694167226553 
vn 3.097898456858039e-13 -0.999997615814209 0.002184694167226553 
vn 3.097898456858039e-13 -0.999997615814209 0.002184694167226553 
vn 3.097898456858039e-13 -0.999997615814209 0.002184694167226553 
vn 3.097898456858039e-13 -0.999997615814209 0.002184694167226553 
vn 3.097898456858039e-13 -0.999997615814209 0.002184694167226553 
vn 3.097898456858039e-13 -0.999997615814209 0.002184694167226553 
vn 3.097898456858039e-13 -0.999997615814209 0.002184694167226553 
vn -1.0341130485562108e-13 0.999997615814209 0.002184694167226553 
vn -1.0341130485562108e-13 0.999997615814209 0.002184694167226553 
vn -1.0341130485562108e-13 0.999997615814209 0.002184694167226553 
vn -0.8877023458480835 0.0037737698294222355 0.46040233969688416 
vn -0.8877023458480835 0.0037737698294222355 0.46040233969688416 
vn -0.8877023458480835 0.0037737698294222355 0.46040233969688416 
vn -0.8877023458480835 0.0037737698294222355 0.46040233969688416 
vn 3.097898456858039e-13 -0.999997615814209 0.002184694167226553 
vn 3.097898456858039e-13 -0.999997615814209 0.002184694167226553 
vn 3.097898456858039e-13 -0.999997615814209 0.002184694167226553 
vn 3.097898456858039e-13 -0.999997615814209 0.002184694167226553 
vn 3.097898456858039e-13 -0.999997615814209 0.002184694167226553 
vn 3.097898456858039e-13 -0.999997615814209 0.002184694167226553 
vn 3.097898456858039e-13 -0.999997615814209 0.002184694167226553 
vn 3.097898456858039e-13 -0.999997615814209 0.002184694167226553 
vn 3.097898456858039e-13 -0.999997615814209 0.002184694167226553 
vn 3.097898456858039e-13 -0.999997615814209 0.002184694167226553 
vn 3.097898456858039e-13 -0.999997615814209 0.002184694167226553 
vn 3.097898456858039e-13 -0.999997615814209 0.002184694167226553 
vn 3.097898456858039e-13 -0.999997615814209 0.002184694167226553 
vn 3.097898456858039e-13 -0.999997615814209 0.002184694167226553 
vn 3.097898456858039e-13 -0.999997615814209 0.002184694167226553 
vn 3.097898456858039e-13 -0.999997615814209 0.002184694167226553 
vn 3.097898456858039e-13 -0.999997615814209 0.002184694167226553 
vn 3.097898456858039e-13 -0.999997615814209 0.002184694167226553 
vn 3.097898456858039e-13 -0.999997615814209 0.002184694167226553 
vn 3.097898456858039e-13 -0.999997615814209 0.002184694167226553 
vn 3.097898456858039e-13 -0.999997615814209 0.002184694167226553 
vn 3.097898456858039e-13 -0.999997615814209 0.002184694167226553 
vn 3.097898456858039e-13 -0.999997615814209 0.002184694167226553 
vn 3.097898456858039e-13 -0.999997615814209 0.002184694167226553 
vn 3.097898456858039e-13 -0.999997615814209 0.002184694167226553 
vn 3.097898456858039e-13 -0.999997615814209 0.002184694167226553 
vn 3.097898456858039e-13 -0.999997615814209 0.002184694167226553 
vn 3.097898456858039e-13 -0.999997615814209 0.002184694167226553 
vn 3.097898456858039e-13 -0.999997615814209 0.002184694167226553 
vn 3.097898456858039e-13 -0.999997615814209 0.002184694167226553 
vn 3.097898456858039e-13 -0.999997615814209 0.002184694167226553 
vn 3.097898456858039e-13 -0.999997615814209 0.002184694167226553 
vn 3.097898456858039e-13 -0.999997615814209 0.002184694167226553 
vn 3.097898456858039e-13 -0.999997615814209 0.002184694167226553 
vn 3.097898456858039e-13 -0.999997615814209 0.002184694167226553 
vn 3.097898456858039e-13 -0.999997615814209 0.002184694167226553 
vn 3.097898456858039e-13 -0.999997615814209 0.002184694167226553 
vn 3.097898456858039e-13 -0.999997615814209 0.002184694167226553 
vn 3.097898456858039e-13 -0.999997615814209 0.002184694167226553 
vn 3.097898456858039e-13 -0.999997615814209 0.002184694167226553 
vn 3.097898456858039e-13 -0.999997615814209 0.002184694167226553 
vn 3.097898456858039e-13 -0.999997615814209 0.002184694167226553 
vn 3.097898456858039e-13 -0.999997615814209 0.002184694167226553 
vn 3.097898456858039e-13 -0.999997615814209 0.002184694167226553 
vn 3.097898456858039e-13 -0.999997615814209 0.002184694167226553 
vn 3.097898456858039e-13 -0.999997615814209 0.002184694167226553 
vn 3.097898456858039e-13 -0.999997615814209 0.002184694167226553 
vn 3.097898456858039e-13 -0.999997615814209 0.002184694167226553 
vn 3.097898456858039e-13 -0.999997615814209 0.002184694167226553 
vn 3.097898456858039e-13 -0.999997615814209 0.002184694167226553 
vn -2.0682311115474694e-13 0 -1 
vn -2.0682311115474694e-13 0 -1 
vn -2.0682311115474694e-13 0 -1 
vn -2.0682311115474694e-13 0 -1 
vn -1.0341130485562108e-13 0.999997615814209 0.002184694167226553 
vn -1.0341130485562108e-13 0.999997615814209 0.002184694167226553 
vn -1.0341130485562108e-13 0.999997615814209 0.002184694167226553 
vn -1.0341130485562108e-13 0.999997615814209 0.002184694167226553 
vn -1.0341130485562108e-13 0.999997615814209 0.002184694167226553 
vn -1.0341130485562108e-13 0.999997615814209 0.002184694167226553 
vn 3.097898456858039e-13 -0.999997615814209 0.002184694167226553 
vn 3.097898456858039e-13 -0.999997615814209 0.002184694167226553 
vn 3.097898456858039e-13 -0.999997615814209 0.002184694167226553 
vn -1.0341130485562108e-13 0.999997615814209 0.002184694167226553 
vn -1.0341130485562108e-13 0.999997615814209 0.002184694167226553 
vn -1.0341130485562108e-13 0.999997615814209 0.002184694167226553 
vn -1.0341130485562108e-13 0.999997615814209 0.002184694167226553 
vn -1.0341130485562108e-13 0.999997615814209 0.002184694167226553 
vn -1.0341130485562108e-13 0.999997615814209 0.002184694167226553 
vn -1.0341130485562108e-13 0.999997615814209 0.002184694167226553 
vn -1.0341130485562108e-13 0.999997615814209 0.002184694167226553 
vn -1.0341130485562108e-13 0.999997615814209 0.002184694167226553 
vn -1.0341130485562108e-13 0.999997615814209 0.002184694167226553 
vn -1.0341130485562108e-13 0.999997615814209 0.002184694167226553 
vn -1.0341130485562108e-13 0.999997615814209 0.002184694167226553 
vn -0.999997615814209 -2.0682260971124217e-13 0.002184694167226553 
vn -0.999997615814209 -2.0682260971124217e-13 0.002184694167226553 
vn -0.999997615814209 -2.0682260971124217e-13 0.002184694167226553 
vn -0.999997615814209 -2.0682260971124217e-13 0.002184694167226553 
vn -1.0341130485562108e-13 0.999997615814209 0.002184694167226553 
vn -1.0341130485562108e-13 0.999997615814209 0.002184694167226553 
vn -1.0341130485562108e-13 0.999997615814209 0.002184694167226553 
vn -1.0341130485562108e-13 0.999997615814209 0.002184694167226553 
vn -1.0341130485562108e-13 0.999997615814209 0.002184694167226553 
vn -1.0341130485562108e-13 0.999997615814209 0.002184694167226553 
vn -1.0341130485562108e-13 0.999997615814209 0.002184694167226553 
vn -1.0341130485562108e-13 0.999997615814209 0.002184694167226553 
vn -1.0341130485562108e-13 0.999997615814209 0.002184694167226553 
vn -1.0341130485562108e-13 0.999997615814209 0.002184694167226553 
vn -1.0341130485562108e-13 0.999997615814209 0.002184694167226553 
vn -1.0341130485562108e-13 0.999997615814209 0.002184694167226553 
vn -1.0341130485562108e-13 0.999997615814209 0.002184694167226553 
vn -1.0341130485562108e-13 0.999997615814209 0.002184694167226553 
vn -1.0341130485562108e-13 0.999997615814209 0.002184694167226553 
vn -1.0341130485562108e-13 0.999997615814209 0.002184694167226553 
vn -1.0341130485562108e-13 0.999997615814209 0.002184694167226553 
vn -1.0341130485562108e-13 0.999997615814209 0.002184694167226553 
vn -1.0341130485562108e-13 0.999997615814209 0.002184694167226553 
vn -1.0341130485562108e-13 0.999997615814209 0.002184694167226553 
vn -1.0341130485562108e-13 0.999997615814209 0.002184694167226553 
vn -1.0341130485562108e-13 0.999997615814209 0.002184694167226553 
vn -1.0341130485562108e-13 0.999997615814209 0.002184694167226553 
vn -1.0341130485562108e-13 0.999997615814209 0.002184694167226553 
vn -1.0341130485562108e-13 0.999997615814209 0.002184694167226553 
vn -1.0341130485562108e-13 0.999997615814209 0.002184694167226553 
vn 3.097898456858039e-13 -0.999997615814209 0.002184694167226553 
vn 3.097898456858039e-13 -0.999997615814209 0.002184694167226553 
vn 3.097898456858039e-13 -0.999997615814209 0.002184694167226553 
vn 3.097898456858039e-13 -0.999997615814209 0.002184694167226553 
vn 3.097898456858039e-13 -0.999997615814209 0.002184694167226553 
vn 3.097898456858039e-13 -0.999997615814209 0.002184694167226553 
vn 3.097898456858039e-13 -0.999997615814209 0.002184694167226553 
vn 3.097898456858039e-13 -0.999997615814209 0.002184694167226553 
vn 3.097898456858039e-13 -0.999997615814209 0.002184694167226553 
vn 3.097898456858039e-13 -0.999997615814209 0.002184694167226553 
vn 3.097898456858039e-13 -0.999997615814209 0.002184694167226553 
vn 3.097898456858039e-13 -0.999997615814209 0.002184694167226553 
vn 3.097898456858039e-13 -0.999997615814209 0.002184694167226553 
vn 3.097898456858039e-13 -0.999997615814209 0.002184694167226553 
vn 3.097898456858039e-13 -0.999997615814209 0.002184694167226553 
vn 3.097898456858039e-13 -0.999997615814209 0.002184694167226553 
vn 3.097898456858039e-13 -0.999997615814209 0.002184694167226553 
vn 3.097898456858039e-13 -0.999997615814209 0.002184694167226553 
vn -1.0341130485562108e-13 0.999997615814209 0.002184694167226553 
vn -1.0341130485562108e-13 0.999997615814209 0.002184694167226553 
vn 3.097898456858039e-13 -0.999997615814209 0.002184694167226553 
vn 3.097898456858039e-13 -0.999997615814209 0.002184694167226553 
vn 3.097898456858039e-13 -0.999997615814209 0.002184694167226553 
vn 3.097898456858039e-13 -0.999997615814209 0.002184694167226553 
vn 3.097898456858039e-13 -0.999997615814209 0.002184694167226553 
vn 3.097898456858039e-13 -0.999997615814209 0.002184694167226553 
vn 3.097898456858039e-13 -0.999997615814209 0.002184694167226553 
vn 3.097898456858039e-13 -0.999997615814209 0.002184694167226553 
vn -1.0341130485562108e-13 0.999997615814209 0.002184694167226553 
vn -1.0341130485562108e-13 0.999997615814209 0.002184694167226553 
vn 3.097898456858039e-13 -0.999997615814209 0.002184694167226553 
vn 3.097898456858039e-13 -0.999997615814209 0.002184694167226553 
vn 3.097898456858039e-13 -0.999997615814209 0.002184694167226553 
vn 3.097898456858039e-13 -0.999997615814209 0.002184694167226553 
vn -1.0341130485562108e-13 0.999997615814209 0.002184694167226553 
vn -1.0341130485562108e-13 0.999997615814209 0.002184694167226553 
vn -1.0341130485562108e-13 0.999997615814209 0.002184694167226553 
vn 3.097898456858039e-13 -0.999997615814209 0.002184694167226553 
vn 3.097898456858039e-13 -0.999997615814209 0.002184694167226553 
vn 3.097898456858039e-13 -0.999997615814209 0.002184694167226553 
vn 3.097898456858039e-13 -0.999997615814209 0.002184694167226553 
vn 3.097898456858039e-13 -0.999997615814209 0.002184694167226553 
vn 3.097898456858039e-13 -0.999997615814209 0.002184694167226553 
vn 3.097898456858039e-13 -0.999997615814209 0.002184694167226553 
vn 3.097898456858039e-13 -0.999997615814209 0.002184694167226553 
vn -2.0682311115474694e-13 0 -1 
vn -2.0682311115474694e-13 0 -1 
vn -2.0682311115474694e-13 0 -1 
vn -2.0682311115474694e-13 0 -1 
vn 3.097898456858039e-13 -0.999997615814209 0.002184694167226553 
vn 3.097898456858039e-13 -0.999997615814209 0.002184694167226553 
vn -1.0341130485562108e-13 0.999997615814209 0.002184694167226553 
vn -1.0341130485562108e-13 0.999997615814209 0.002184694167226553 
vn -1.0341130485562108e-13 0.999997615814209 0.002184694167226553 
vn -1.0341130485562108e-13 0.999997615814209 0.002184694167226553 
vn -1.0341130485562108e-13 0.999997615814209 0.002184694167226553 
vn -1.0341130485562108e-13 0.999997615814209 0.002184694167226553 
vn 3.097898456858039e-13 -0.999997615814209 0.002184694167226553 
vn 3.097898456858039e-13 -0.999997615814209 0.002184694167226553 
vn 3.097898456858039e-13 -0.999997615814209 0.002184694167226553 
vn -1.0341130485562108e-13 0.999997615814209 0.002184694167226553 
vn -1.0341130485562108e-13 0.999997615814209 0.002184694167226553 
vn 3.097898456858039e-13 -0.999997615814209 0.002184694167226553 
vn 3.097898456858039e-13 -0.999997615814209 0.002184694167226553 
vn 3.097898456858039e-13 -0.999997615814209 0.002184694167226553 
vn 3.097898456858039e-13 -0.999997615814209 0.002184694167226553 
vn 3.097898456858039e-13 -0.999997615814209 0.002184694167226553 
vn 3.097898456858039e-13 -0.999997615814209 0.002184694167226553 
vn 3.097898456858039e-13 -0.999997615814209 0.002184694167226553 
vn 3.097898456858039e-13 -0.999997615814209 0.002184694167226553 
vn -1.0341130485562108e-13 0.999997615814209 0.002184694167226553 
vn -1.0341130485562108e-13 0.999997615814209 0.002184694167226553 
vn -1.0341130485562108e-13 0.999997615814209 0.002184694167226553 
vn -1.0341130485562108e-13 0.999997615814209 0.002184694167226553 
vn -1.0341130485562108e-13 0.999997615814209 0.002184694167226553 
vn -1.0341130485562108e-13 0.999997615814209 0.002184694167226553 
vn -1.0341130485562108e-13 0.999997615814209 0.002184694167226553 
vn 3.097898456858039e-13 -0.999997615814209 0.002184694167226553 
vn 3.097898456858039e-13 -0.999997615814209 0.002184694167226553 
vn 3.097898456858039e-13 -0.999997615814209 0.002184694167226553 
vn -1.0341130485562108e-13 0.999997615814209 0.002184694167226553 
vn -1.0341130485562108e-13 0.999997615814209 0.002184694167226553 
vn -1.0341130485562108e-13 0.999997615814209 0.002184694167226553 
vn -1.0341130485562108e-13 0.999997615814209 0.002184694167226553 
vn 0.999997615814209 0 0.002184694167226553 
vn 0.999997615814209 0 0.002184694167226553 
vn 0.999997615814209 0 0.002184694167226553 
vn 0.999997615814209 0 0.002184694167226553 
vn -0.999997615814209 -2.0682260971124217e-13 0.002184694167226553 
vn -0.999997615814209 -2.0682260971124217e-13 0.002184694167226553 
vn -0.999997615814209 -2.0682260971124217e-13 0.002184694167226553 
vn -0.999997615814209 -2.0682260971124217e-13 0.002184694167226553 
vn -1.0341130485562108e-13 0.999997615814209 0.002184694167226553 
vn -1.0341130485562108e-13 0.999997615814209 0.002184694167226553 
vn -1.0341130485562108e-13 0.999997615814209 0.002184694167226553 
vn -1.0341130485562108e-13 0.999997615814209 0.002184694167226553 
vn -1.0341130485562108e-13 0.999997615814209 0.002184694167226553 
vn -1.0341130485562108e-13 0.999997615814209 0.002184694167226553 
vn -1.0341130485562108e-13 0.999997615814209 0.002184694167226553 
vn -1.0341130485562108e-13 0.999997615814209 0.002184694167226553 
vn -1.0341130485562108e-13 0.999997615814209 0.002184694167226553 
vn -1.0341130485562108e-13 0.999997615814209 0.002184694167226553 
vn -0.7941284775733948 -1.6424412014898887e-13 -0.607749879360199 
vn -0.7941284775733948 -1.6424412014898887e-13 -0.607749879360199 
vn -0.7724037170410156 -1.5975094240072013e-13 -0.6351318359375 
vn -0.7724037170410156 -1.5975094240072013e-13 -0.6351318359375 
vn -0.7140241861343384 -1.47676697801781e-13 -0.7001210451126099 
vn -0.7140241861343384 -1.47676697801781e-13 -0.7001210451126099 
vn -0.630055844783783 -1.3031011003323406e-13 -0.7765498161315918 
vn -0.630055844783783 -1.3031011003323406e-13 -0.7765498161315918 
vn -0.5231367349624634 0.0037781863939017057 -0.8522403836250305 
vn -0.5231367349624634 0.0037781863939017057 -0.8522403836250305 
vn -0.4231681823730469 -8.752095998886683e-14 -0.9060511589050293 
vn -0.4231681823730469 -8.752095998886683e-14 -0.9060511589050293 
vn -0.33013176918029785 -6.8278878644773e-14 -0.9439348578453064 
vn -0.33013176918029785 -6.8278878644773e-14 -0.9439348578453064 
vn -0.24645960330963135 0.0037772501818835735 -0.9691457152366638 
vn -0.24645960330963135 0.0037772501818835735 -0.9691457152366638 
vn -0.1695406585931778 0.0037781267892569304 -0.9855159521102905 
vn -0.1695406585931778 0.0037781267892569304 -0.9855159521102905 
vn -0.08283717930316925 0.003774212207645178 -0.9965559244155884 
vn -0.08283717930316925 0.003774212207645178 -0.9965559244155884 
vn 0.013107799924910069 0 -0.9999141097068787 
vn 0.013107799924910069 0 -0.9999141097068787 
vn 0.10901768505573273 0 -0.9940398335456848 
vn 0.10901768505573273 0 -0.9940398335456848 
vn 0.1867803931236267 0 -0.9824016690254211 
vn 0.1867803931236267 0 -0.9824016690254211 
vn 0.2676009237766266 0 -0.9635298252105713 
vn 0.2676009237766266 0 -0.9635298252105713 
vn 0.3629187345504761 0 -0.931820809841156 
vn 0.3629187345504761 0 -0.931820809841156 
vn 0.4506781995296478 0 -0.8926864862442017 
vn 0.4506781995296478 0 -0.8926864862442017 
vn 0.5268691182136536 0 -0.8499464392662048 
vn 0.5268691182136536 0 -0.8499464392662048 
vn 0.5990391373634338 0 -0.8007197380065918 
vn 0.5990391373634338 0 -0.8007197380065918 
vn 0.6633741855621338 0 -0.7482877969741821 
vn 0.6633741855621338 0 -0.7482877969741821 
vn 0.6954262852668762 0 -0.7185974717140198 
vn 0.6954262852668762 0 -0.7185974717140198 
vn 3.097898456858039e-13 -0.999997615814209 0.002184694167226553 
vn 3.097898456858039e-13 -0.999997615814209 0.002184694167226553 
vn 3.097898456858039e-13 -0.999997615814209 0.002184694167226553 
vn -1.0341130485562108e-13 0.999997615814209 0.002184694167226553 
vn -1.0341130485562108e-13 0.999997615814209 0.002184694167226553 
vn -1.0341130485562108e-13 0.999997615814209 0.002184694167226553 
vn -2.0682311115474694e-13 0 -1 
vn -2.0682311115474694e-13 0 -1 
vn -2.0682311115474694e-13 0 -1 
vn -2.0682311115474694e-13 0 -1 
vn -1.0341130485562108e-13 0.999997615814209 0.002184694167226553 
vn -1.0341130485562108e-13 0.999997615814209 0.002184694167226553 
vn -1.0341130485562108e-13 0.999997615814209 0.002184694167226553 
vn -1.0341130485562108e-13 0.999997615814209 0.002184694167226553 
vn -1.0341130485562108e-13 0.999997615814209 0.002184694167226553 
vn -1.0341130485562108e-13 0.999997615814209 0.002184694167226553 
vn 0 0 1 
vn 0 0 1 
vn 0 0 1 
vn 0 0 1 
vn -1.0341130485562108e-13 0.999997615814209 0.002184694167226553 
vn -1.0341130485562108e-13 0.999997615814209 0.002184694167226553 
vn 0.9987378120422363 0 0.05022686347365379 
vn 0.9987378120422363 0 0.05022686347365379 
vn 0.9942756295204163 0 0.10684575140476227 
vn 0.9942756295204163 0 0.10684575140476227 
vn 0.9738045930862427 0 0.22738653421401978 
vn 0.9738045930862427 0 0.22738653421401978 
vn 0.935729444026947 0 0.3527185618877411 
vn 0.935729444026947 0 0.3527185618877411 
vn 0.8795284628868103 0 0.4758462607860565 
vn 0.8795284628868103 0 0.4758462607860565 
vn 0.8072154521942139 0 0.590256929397583 
vn 0.8072154521942139 0 0.590256929397583 
vn 0.7291480898857117 0 0.6843559741973877 
vn 0.7291480898857117 0 0.6843559741973877 
vn 0.6568098068237305 0 0.7540562748908997 
vn 0.6568098068237305 0 0.7540562748908997 
vn 0.5884920358657837 0 0.8085030317306519 
vn 0.5884920358657837 0 0.8085030317306519 
vn 0.5194216370582581 0 0.8545181155204773 
vn 0.5194216370582581 0 0.8545181155204773 
vn 0.4506781995296478 0 0.8926864862442017 
vn 0.4506781995296478 0 0.8926864862442017 
vn 0.3791484534740448 0 0.9253358840942383 
vn 0.3791484534740448 0 0.9253358840942383 
vn 0.3011109232902527 0 0.953589141368866 
vn 0.3011109232902527 0 0.953589141368866 
vn 0.19964148104190826 0 0.97986900806427 
vn 0.19964148104190826 0 0.97986900806427 
vn 0.10032693296670914 0 0.994954526424408 
vn 0.10032693296670914 0 0.994954526424408 
vn 0.017476677894592285 0 0.9998472929000854 
vn 0.017476677894592285 0 0.9998472929000854 
vn -0.06975433230400085 0.003717746352776885 0.9975572824478149 
vn -0.06975433230400085 0.003717746352776885 0.9975572824478149 
vn -0.1738872230052948 -3.596389746879543e-14 0.9847655892372131 
vn -0.1738872230052948 -3.596389746879543e-14 0.9847655892372131 
vn -0.288561075925827 0.003761795349419117 0.9574540853500366 
vn -0.288561075925827 0.003761795349419117 0.9574540853500366 
vn -0.39526233077049255 -8.174938590649328e-14 0.9185682535171509 
vn -0.39526233077049255 -8.174938590649328e-14 0.9185682535171509 
vn -0.4739086329936981 0.003769264090806246 0.8805659413337708 
vn -0.4739086329936981 0.003769264090806246 0.8805659413337708 
vn -0.537951648235321 0.0037640368100255728 0.8429672718048096 
vn -0.537951648235321 0.0037640368100255728 0.8429672718048096 
vn -0.6060017943382263 0.003769970964640379 0.7954543828964233 
vn -0.6060017943382263 0.003769970964640379 0.7954543828964233 
vn -0.676350474357605 -1.398849027063609e-13 0.736579954624176 
vn -0.676350474357605 -1.398849027063609e-13 0.736579954624176 
vn -0.74683678150177 -1.5446309867012814e-13 0.6650074124336243 
vn -0.74683678150177 -1.5446309867012814e-13 0.6650074124336243 
vn -0.8046286702156067 -1.6641580420553165e-13 0.5937783122062683 
vn -0.8046286702156067 -1.6641580420553165e-13 0.5937783122062683 
vn -0.8510870933532715 0.003771207993850112 0.5250110030174255 
vn -0.8510870933532715 0.003771207993850112 0.5250110030174255 
vn -0.8936689496040344 -1.8483138468101262e-13 0.4487268626689911 
vn -0.8936689496040344 -1.8483138468101262e-13 0.4487268626689911 
vn -0.9357218146324158 0.003773649223148823 0.3527185618877411 
vn -0.9357218146324158 0.003773649223148823 0.3527185618877411 
vn -0.9652630090713501 -1.9963869966888037e-13 0.2612801790237427 
vn -0.9652630090713501 -1.9963869966888037e-13 0.2612801790237427 
vn -0.97575443983078 -2.0224189619007238e-13 0.21886809170246124 
vn -0.97575443983078 -2.0224189619007238e-13 0.21886809170246124 
vn -0.8394233584403992 -1.739849177272504e-13 -0.5434780716896057 
vn -0.8394233584403992 -1.739849177272504e-13 -0.5434780716896057 
vn -0.8601325750350952 0.0037793058436363935 -0.5100564956665039 
vn -0.8601325750350952 0.0037793058436363935 -0.5100564956665039 
vn -0.899474024772644 -1.8603200306176876e-13 -0.43697428703308105 
vn -0.899474024772644 -1.8603200306176876e-13 -0.43697428703308105 
vn -0.931018054485321 0.00377405877225101 -0.3649536371231079 
vn -0.931018054485321 0.00377405877225101 -0.3649536371231079 
vn -0.9555346965789795 0.003775995457544923 -0.2948545813560486 
vn -0.9555346965789795 0.003775995457544923 -0.2948545813560486 
vn -0.9738045930862427 -2.014052851362011e-13 -0.22738653421401978 
vn -0.9738045930862427 -2.014052851362011e-13 -0.22738653421401978 
vn -0.9892991185188293 0.0037764154840260744 -0.1458524912595749 
vn -0.9892991185188293 0.0037764154840260744 -0.1458524912595749 
vn -0.9993103742599487 -2.0668048435895647e-13 -0.03713129088282585 
vn -0.9993103742599487 -2.0668048435895647e-13 -0.03713129088282585 
vn -0.9977074861526489 -2.0634896243966472e-13 0.06767380982637405 
vn -0.9977074861526489 -2.0634896243966472e-13 0.06767380982637405 
vn -0.9873095750808716 -2.0419843387801256e-13 0.15880759060382843 
vn -0.9873095750808716 -2.0419843387801256e-13 0.15880759060382843 
vn -0.9707403779029846 -2.00771541861329e-13 0.2401314377784729 
vn -0.9707403779029846 -2.00771541861329e-13 0.2401314377784729 
vn -0.95159512758255 -1.9681185934455891e-13 0.30735430121421814 
vn -0.95159512758255 -1.9681185934455891e-13 0.30735430121421814 
vn -0.940264880657196 0.0037725989241153 0.34042292833328247 
vn -0.940264880657196 0.0037725989241153 0.34042292833328247 
vn 0.999997615814209 0 -0.002184694167226553 
vn 0.999997615814209 0 -0.002184694167226553 
vn 0.9993103742599487 0 -0.03713129088282585 
vn 0.9993103742599487 0 -0.03713129088282585 
vn 0.9917042851448059 0 -0.12854042649269104 
vn 0.9917042851448059 0 -0.12854042649269104 
vn 0.9717803597450256 0 -0.23588760197162628 
vn 0.9717803597450256 0 -0.23588760197162628 
vn 0.9593249559402466 0 -0.28230419754981995 
vn 0.9593249559402466 0 -0.28230419754981995 
vn 0.9474846720695496 0 -0.3198012113571167 
vn 0.9474846720695496 0 -0.3198012113571167 
vn 0.9177025556564331 0 -0.3972681760787964 
vn 0.9177025556564331 0 -0.3972681760787964 
vn 0.8815992474555969 0 -0.4719987213611603 
vn 0.8815992474555969 0 -0.4719987213611603 
vn 0.8346419930458069 0 -0.5507928133010864 
vn 0.8346419930458069 0 -0.5507928133010864 
vn 0.7779244780540466 0 -0.6283578276634216 
vn 0.7779244780540466 0 -0.6283578276634216 
vn 0.7109582424163818 0 -0.7032341957092285 
vn 0.7109582424163818 0 -0.7032341957092285 
vn 0.630055844783783 0 -0.7765498161315918 
vn 0.630055844783783 0 -0.7765498161315918 
vn 0.5416429042816162 0 -0.8406086564064026 
vn 0.5416429042816162 0 -0.8406086564064026 
vn 0.4467734098434448 0 -0.8946471214294434 
vn 0.4467734098434448 0 -0.8946471214294434 
vn 0.3547620177268982 0 -0.9349566102027893 
vn 0.3547620177268982 0 -0.9349566102027893 
vn 0.2676009237766266 0 -0.9635298252105713 
vn 0.2676009237766266 0 -0.9635298252105713 
vn 0.1824861317873001 0 -0.983208417892456 
vn 0.1824861317873001 0 -0.983208417892456 
vn 0.10901768505573273 0 -0.9940398335456848 
vn 0.10901768505573273 0 -0.9940398335456848 
vn 0.030580973252654076 0 -0.9995322823524475 
vn 0.030580973252654076 0 -0.9995322823524475 
vn -0.07847624272108078 0.0037958852481096983 -0.9969087839126587 
vn -0.07847624272108078 0.0037958852481096983 -0.9969087839126587 
vn -0.19535815715789795 -4.0404579503125135e-14 -0.9807319641113281 
vn -0.19535815715789795 -4.0404579503125135e-14 -0.9807319641113281 
vn -0.2885856032371521 -5.96861698520107e-14 -0.9574540853500366 
vn -0.2885856032371521 -5.96861698520107e-14 -0.9574540853500366 
vn -0.3669672906398773 0.0037800082936882973 -0.9302261471748352 
vn -0.3669672906398773 0.0037800082936882973 -0.9302261471748352 
vn -0.44286009669303894 -9.159369768717285e-14 -0.8965907096862793 
vn -0.44286009669303894 -9.159369768717285e-14 -0.8965907096862793 
vn -0.5231367349624634 0.0037781863939017057 -0.8522403836250305 
vn -0.5231367349624634 0.0037781863939017057 -0.8522403836250305 
vn -0.5955227613449097 0.003779626451432705 -0.8033295273780823 
vn -0.5955227613449097 0.003779626451432705 -0.8033295273780823 
vn -0.6666374206542969 -1.3787602515854397e-13 -0.7453821301460266 
vn -0.6666374206542969 -1.3787602515854397e-13 -0.7453821301460266 
vn -0.7350908517837524 0.003779666731134057 -0.677958071231842 
vn -0.7350908517837524 0.003779666731134057 -0.677958071231842 
vn -0.7941284775733948 -1.6424412014898887e-13 -0.607749879360199 
vn -0.7941284775733948 -1.6424412014898887e-13 -0.607749879360199 
vn -0.8441405892372131 -1.7421289833906978e-13 -0.5361219048500061 
vn -0.8441405892372131 -1.7421289833906978e-13 -0.5361219048500061 
vn -0.8877103328704834 -1.8359901272912982e-13 -0.46040233969688416 
vn -0.8877103328704834 -1.8359901272912982e-13 -0.46040233969688416 
vn -0.9194218516349792 0.003775771474465728 -0.3932546079158783 
vn -0.9194218516349792 0.003775771474465728 -0.3932546079158783 
vn -0.934171736240387 0.0037770953495055437 -0.3568037748336792 
vn -0.934171736240387 0.0037770953495055437 -0.3568037748336792 
vn -0.9502356052398682 0.0037740441039204597 -0.31150925159454346 
vn -0.9502356052398682 0.0037740441039204597 -0.31150925159454346 
vn -0.9776225090026855 0.0037777454126626253 -0.2103329300880432 
vn -0.9776225090026855 0.0037777454126626253 -0.2103329300880432 
vn -0.9932968020439148 0.0037733360659331083 -0.11553031951189041 
vn -0.9932968020439148 0.0037733360659331083 -0.11553031951189041 
vn -0.9993103742599487 -2.0668048435895647e-13 -0.03713129088282585 
vn -0.9993103742599487 -2.0668048435895647e-13 -0.03713129088282585 
vn -0.9995967149734497 -2.0673969535010134e-13 0.028397228568792343 
vn -0.9995967149734497 -2.0673969535010134e-13 0.028397228568792343 
vn -0.995983898639679 0.003774415934458375 0.08945280313491821 
vn -0.995983898639679 0.003774415934458375 0.08945280313491821 
vn -0.9865990281105042 0.003775282995775342 0.16312000155448914 
vn -0.9865990281105042 0.003775282995775342 0.16312000155448914 
vn -0.9686048626899719 -2.0032987855383988e-13 0.24860523641109467 
vn -0.9686048626899719 -2.0032987855383988e-13 0.24860523641109467 
vn -0.937261700630188 -1.9384737955444042e-13 0.34862664341926575 
vn -0.937261700630188 -1.9384737955444042e-13 0.34862664341926575 
vn -0.8956210613250732 -1.8483740200306992e-13 0.44481781125068665 
vn -0.8956210613250732 -1.8483740200306992e-13 0.44481781125068665 
vn -0.8533729314804077 0.0037706999573856592 0.5212872624397278 
vn -0.8533729314804077 0.0037706999573856592 0.5212872624397278 
vn -0.8123339414596558 0.0037696314975619316 0.5831804275512695 
vn -0.8123339414596558 0.0037696314975619316 0.5831804275512695 
vn -0.7668147683143616 0.0037700142711400986 0.641857385635376 
vn -0.7668147683143616 0.0037700142711400986 0.641857385635376 
vn -0.7109582424163818 -1.470425886086757e-13 0.7032341957092285 
vn -0.7109582424163818 -1.470425886086757e-13 0.7032341957092285 
vn -0.6534979343414307 0.0037670589517802 0.7569189071655273 
vn -0.6534979343414307 0.0037670589517802 0.7569189071655273 
vn -0.5884799361228943 0.0037653555627912283 0.8085030317306519 
vn -0.5884799361228943 0.0037653555627912283 0.8085030317306519 
vn -0.5231503844261169 -1.0819958888271322e-13 0.8522403836250305 
vn -0.5231503844261169 -1.0819958888271322e-13 0.8522403836250305 
vn -0.4506781995296478 -9.321066325469057e-14 0.8926864862442017 
vn -0.4506781995296478 -9.321066325469057e-14 0.8926864862442017 
vn -0.3831879794597626 -7.925212949008026e-14 0.9236704111099243 
vn -0.3831879794597626 -7.925212949008026e-14 0.9236704111099243 
vn -0.3011109232902527 -6.227669476031178e-14 0.953589141368866 
vn -0.3011109232902527 -6.227669476031178e-14 0.953589141368866 
vn -0.19960615038871765 0.003755420446395874 0.97986900806427 
vn -0.19960615038871765 0.003755420446395874 0.97986900806427 
vn -0.09162852168083191 -1.895089682781622e-14 0.9957932829856873 
vn -0.09162852168083191 -1.895089682781622e-14 0.9957932829856873 
vn -0.0035349009558558464 0.002568255877122283 0.9999904632568359 
vn -0.0035349009558558464 0.002568255877122283 0.9999904632568359 
vn 0.07421137392520905 0 0.9972425103187561 
vn 0.07421137392520905 0 0.9972425103187561 
vn 0.14801347255706787 0 0.9889853596687317 
vn 0.14801347255706787 0 0.9889853596687317 
vn 0.19107110798358917 0 0.9815762042999268 
vn 0.19107110798358917 0 0.9815762042999268 
vn 0.20392099022865295 0 0.9789873361587524 
vn 0.5044081807136536 0 -0.8634653687477112 
vn 0.5044081807136536 0 -0.8634653687477112 
vn 0.5044081807136536 0 -0.8634653687477112 
vn 0.5044081807136536 0 -0.8634653687477112 
vn 0.5231503844261169 0 -0.8522403836250305 
vn 0.5231503844261169 0 -0.8522403836250305 
vn 0.5670962333679199 0 -0.8236515522003174 
vn 0.5670962333679199 0 -0.8236515522003174 
vn 0.6232457756996155 0 -0.7820260524749756 
vn 0.6232457756996155 0 -0.7820260524749756 
vn 0.6954262852668762 0 -0.7185974717140198 
vn 0.6954262852668762 0 -0.7185974717140198 
vn 0.7779244780540466 0 -0.6283578276634216 
vn 0.7779244780540466 0 -0.6283578276634216 
vn 0.85109543800354 0 -0.5250110030174255 
vn 0.85109543800354 0 -0.5250110030174255 
vn 0.9088051319122314 0 -0.417220801115036 
vn 0.9088051319122314 0 -0.417220801115036 
vn 0.9542446732521057 0 -0.2990269064903259 
vn 0.9542446732521057 0 -0.2990269064903259 
vn 0.9836047291755676 0 -0.18033768236637115 
vn 0.9836047291755676 0 -0.18033768236637115 
vn 0.9974023103713989 0 -0.07203252613544464 
vn 0.9974023103713989 0 -0.07203252613544464 
vn 0.9998067021369934 0 0.01966099627315998 
vn 0.9998067021369934 0 0.01966099627315998 
vn 0.9947329759597778 0 0.10250037163496017 
vn 0.9947329759597778 0 0.10250037163496017 
vn 0.9811564087867737 0 0.19321508705615997 
vn 0.9811564087867737 0 0.19321508705615997 
vn 0.9555421471595764 0 0.2948545813560486 
vn 0.9555421471595764 0 0.2948545813560486 
vn 0.9141958951950073 0 0.405272513628006 
vn 0.9141958951950073 0 0.405272513628006 
vn 0.8556508421897888 0 0.5175535082817078 
vn 0.8556508421897888 0 0.5175535082817078 
vn 0.7806625962257385 0 0.6249527335166931 
vn 0.7806625962257385 0 0.6249527335166931 
vn 0.6922798156738281 0 0.7216291427612305 
vn 0.6922798156738281 0 0.7216291427612305 
vn 0.6025320887565613 0 0.7980946898460388 
vn 0.6025320887565613 0 0.7980946898460388 
vn 0.5156829357147217 0 0.8567795157432556 
vn 0.5156829357147217 0 0.8567795157432556 
vn 0.43500816822052 0 0.9004265069961548 
vn 0.43500816822052 0 0.9004265069961548 
vn 0.3547620177268982 0 0.9349566102027893 
vn 0.3547620177268982 0 0.9349566102027893 
vn 0.2676009237766266 0 0.9635298252105713 
vn 0.2676009237766266 0 0.9635298252105713 
vn 0.15665024518966675 0 0.9876541495323181 
vn 0.15665024518966675 0 0.9876541495323181 
vn 0.05677155405282974 0 0.9983872175216675 
vn 0.05677155405282974 0 0.9983872175216675 
vn -0.021845221519470215 -4.518096610544014e-15 0.9997613430023193 
vn -0.021845221519470215 -4.518096610544014e-15 0.9997613430023193 
vn -0.0872766524553299 -1.805082775960254e-14 0.9961841106414795 
vn -0.0872766524553299 -1.805082775960254e-14 0.9961841106414795 
vn -0.16092059016227722 0.0037454685661941767 0.986960232257843 
vn -0.16092059016227722 0.0037454685661941767 0.986960232257843 
vn -0.22951345145702362 -4.757061037403629e-14 0.9733054637908936 
vn -0.22951345145702362 -4.757061037403629e-14 0.9733054637908936 
vn -0.259143590927124 0.0037519836332648993 0.9658315181732178 
vn -0.259143590927124 0.0037519836332648993 0.9658315181732178 
vn -2.0682311115474694e-13 0 -1 
vn -2.0682311115474694e-13 0 -1 
vn -2.0682311115474694e-13 0 -1 
vn -2.0682311115474694e-13 0 -1 
vn -1.0341130485562108e-13 0.999997615814209 0.002184694167226553 
vn -1.0341130485562108e-13 0.999997615814209 0.002184694167226553 
vn -1.0341130485562108e-13 0.999997615814209 0.002184694167226553 
vn -1.0341130485562108e-13 0.999997615814209 0.002184694167226553 
vn -0.999997615814209 -2.0682260971124217e-13 0.002184694167226553 
vn -0.999997615814209 -2.0682260971124217e-13 0.002184694167226553 
vn -0.999997615814209 -2.0682260971124217e-13 0.002184694167226553 
vn -0.999997615814209 -2.0682260971124217e-13 0.002184694167226553 
vn -0.999997615814209 -2.0682260971124217e-13 0.002184694167226553 
vn -0.999997615814209 -2.0682260971124217e-13 0.002184694167226553 
vn -0.999997615814209 -2.0682260971124217e-13 0.002184694167226553 
vn -0.999997615814209 -2.0682260971124217e-13 0.002184694167226553 
vn 3.097898456858039e-13 -0.999997615814209 0.002184694167226553 
vn 3.097898456858039e-13 -0.999997615814209 0.002184694167226553 
vn -0.6827613711357117 -1.4121082775320204e-13 -0.7306414246559143 
vn -0.6827613711357117 -1.4121082775320204e-13 -0.7306414246559143 
vn -0.6731256246566772 -1.3921792863490212e-13 -0.7395281791687012 
vn -0.6731256246566772 -1.3921792863490212e-13 -0.7395281791687012 
vn -0.676350474357605 -1.398849027063609e-13 -0.736579954624176 
vn -0.676350474357605 -1.398849027063609e-13 -0.736579954624176 
vn -0.7170764207839966 -1.4830797451671068e-13 -0.6969945430755615 
vn -0.7170764207839966 -1.4830797451671068e-13 -0.6969945430755615 
vn -0.7468271851539612 0.003778175450861454 -0.6650074124336243 
vn -0.7468271851539612 0.003778175450861454 -0.6650074124336243 
vn 3.097898456858039e-13 -0.999997615814209 0.002184694167226553 
vn 3.097898456858039e-13 -0.999997615814209 0.002184694167226553 
vn 0.3669867515563965 0 0.9302261471748352 
vn 0.3669867515563965 0 0.9302261471748352 
vn 0.3669867515563965 0 0.9302261471748352 
vn 0.3669867515563965 0 0.9302261471748352 
vn 0.9474846720695496 0 -0.3198012113571167 
vn 0.9474846720695496 0 -0.3198012113571167 
vn 0.9652630090713501 0 -0.2612801790237427 
vn 0.9652630090713501 0 -0.2612801790237427 
vn 0.9893063306808472 0 -0.1458524912595749 
vn 0.9893063306808472 0 -0.1458524912595749 
vn 0.999138593673706 0 -0.04149730131030083 
vn 0.999138593673706 0 -0.04149730131030083 
vn 0.9982607960700989 0 0.058952588587999344 
vn 0.9982607960700989 0 0.058952588587999344 
vn 0.9858840703964233 0 0.16742929816246033 
vn 0.9858840703964233 0 0.16742929816246033 
vn 0.962942898273468 0 0.26970529556274414 
vn 0.962942898273468 0 0.26970529556274414 
vn 0.935729444026947 0 0.3527185618877411 
vn 0.935729444026947 0 0.3527185618877411 
vn 0.903258204460144 0 0.42909738421440125 
vn 0.903258204460144 0 0.42909738421440125 
vn 0.8667527437210083 0 0.4987381398677826 
vn 0.8667527437210083 0 0.4987381398677826 
vn 0.8148830533027649 0 0.5796254277229309 
vn 0.8148830533027649 0 0.5796254277229309 
vn 0.7439239621162415 0 0.6682642698287964 
vn 0.7439239621162415 0 0.6682642698287964 
vn 0.6568098068237305 0 0.7540562748908997 
vn 0.6568098068237305 0 0.7540562748908997 
vn 0.5562512278556824 0 0.8310141563415527 
vn 0.5562512278556824 0 0.8310141563415527 
vn 0.4545743763446808 0 0.8907088041305542 
vn 0.4545743763446808 0 0.8907088041305542 
vn 0.3547620177268982 0 0.9349566102027893 
vn 0.3547620177268982 0 0.9349566102027893 
vn 0.26338833570480347 0 0.9646899104118347 
vn 0.26338833570480347 0 0.9646899104118347 
vn 0.1867803931236267 0 0.9824016690254211 
vn 0.1867803931236267 0 0.9824016690254211 
vn 0.10032693296670914 0 0.994954526424408 
vn 0.10032693296670914 0 0.994954526424408 
vn 0 0 1 
vn 0 0 1 
vn -0.09590646624565125 0.003721607616171241 0.9953833818435669 
vn -0.09590646624565125 0.003721607616171241 0.9953833818435669 
vn -0.19107110798358917 -3.951791896646649e-14 0.9815762042999268 
vn -0.19107110798358917 -3.951791896646649e-14 0.9815762042999268 
vn -0.29694145917892456 -6.14143542336347e-14 0.9548956751823425 
vn -0.29694145917892456 -6.14143542336347e-14 0.9548956751823425 
vn -0.39122694730758667 0.003758756909519434 0.9202865362167358 
vn -0.39122694730758667 0.003758756909519434 0.9202865362167358 
vn -0.4739086329936981 0.003769264090806246 0.8805659413337708 
vn -0.4739086329936981 0.003769264090806246 0.8805659413337708 
vn -0.5416429042816162 -1.1202426790021813e-13 0.8406086564064026 
vn -0.5416429042816162 -1.1202426790021813e-13 0.8406086564064026 
vn -0.6060017943382263 0.003769970964640379 0.7954543828964233 
vn -0.6060017943382263 0.003769970964640379 0.7954543828964233 
vn -0.6666374206542969 -1.3787602515854397e-13 0.7453821301460266 
vn -0.6666374206542969 -1.3787602515854397e-13 0.7453821301460266 
vn -0.6985594630241394 -1.4447823363031298e-13 0.715552031993866 
vn -0.6985594630241394 -1.4447823363031298e-13 0.715552031993866 
vn 3.097898456858039e-13 -0.999997615814209 0.002184694167226553 
vn 3.097898456858039e-13 -0.999997615814209 0.002184694167226553 
vn 3.097898456858039e-13 -0.999997615814209 0.002184694167226553 
vn -1.0341130485562108e-13 0.999997615814209 0.002184694167226553 
vn 3.097898456858039e-13 -0.999997615814209 0.002184694167226553 
vn 3.097898456858039e-13 -0.999997615814209 0.002184694167226553 
vn 3.097898456858039e-13 -0.999997615814209 0.002184694167226553 
vn 3.097898456858039e-13 -0.999997615814209 0.002184694167226553 
vn -1.0341130485562108e-13 0.999997615814209 0.002184694167226553 
vn -1.0341130485562108e-13 0.999997615814209 0.002184694167226553 
vn -1.0341130485562108e-13 0.999997615814209 0.002184694167226553 
vn -1.0341130485562108e-13 0.999997615814209 0.002184694167226553 
vn -1.0341130485562108e-13 0.999997615814209 0.002184694167226553 
vn 3.097898456858039e-13 -0.999997615814209 0.002184694167226553 
vn 3.097898456858039e-13 -0.999997615814209 0.002184694167226553 
vn 3.097898456858039e-13 -0.999997615814209 0.002184694167226553 
vn 3.097898456858039e-13 -0.999997615814209 0.002184694167226553 
vn 3.097898456858039e-13 -0.999997615814209 0.002184694167226553 
vn -1.0341130485562108e-13 0.999997615814209 0.002184694167226553 
vn -1.0341130485562108e-13 0.999997615814209 0.002184694167226553 
vn -1.0341130485562108e-13 0.999997615814209 0.002184694167226553 
vn -1.0341130485562108e-13 0.999997615814209 0.002184694167226553 
vn -1.0341130485562108e-13 0.999997615814209 0.002184694167226553 
vn 3.097898456858039e-13 -0.999997615814209 0.002184694167226553 
vn 3.097898456858039e-13 -0.999997615814209 0.002184694167226553 
vn 3.097898456858039e-13 -0.999997615814209 0.002184694167226553 
vn 3.097898456858039e-13 -0.999997615814209 0.002184694167226553 
vn 3.097898456858039e-13 -0.999997615814209 0.002184694167226553 
vn 3.097898456858039e-13 -0.999997615814209 0.002184694167226553 
vn 3.097898456858039e-13 -0.999997615814209 0.002184694167226553 
vn 3.097898456858039e-13 -0.999997615814209 0.002184694167226553 
vn 3.097898456858039e-13 -0.999997615814209 0.002184694167226553 
vn 3.097898456858039e-13 -0.999997615814209 0.002184694167226553 
vn 3.097898456858039e-13 -0.999997615814209 0.002184694167226553 
vn 3.097898456858039e-13 -0.999997615814209 0.002184694167226553 
vn 3.097898456858039e-13 -0.999997615814209 0.002184694167226553 
vn 3.097898456858039e-13 -0.999997615814209 0.002184694167226553 
vn -1.0341130485562108e-13 0.999997615814209 0.002184694167226553 
vn -1.0341130485562108e-13 0.999997615814209 0.002184694167226553 
vn -1.0341130485562108e-13 0.999997615814209 0.002184694167226553 
vn -1.0341130485562108e-13 0.999997615814209 0.002184694167226553 
vn -1.0341130485562108e-13 0.999997615814209 0.002184694167226553 
vn -1.0341130485562108e-13 0.999997615814209 0.002184694167226553 
vn -1.0341130485562108e-13 0.999997615814209 0.002184694167226553 
vn -1.0341130485562108e-13 0.999997615814209 0.002184694167226553 
vn -1.0341130485562108e-13 0.999997615814209 0.002184694167226553 
vn -1.0341130485562108e-13 0.999997615814209 0.002184694167226553 
vn -1.0341130485562108e-13 0.999997615814209 0.002184694167226553 
vn -1.0341130485562108e-13 0.999997615814209 0.002184694167226553 
vn -1.0341130485562108e-13 0.999997615814209 0.002184694167226553 
vn -1.0341130485562108e-13 0.999997615814209 0.002184694167226553 
vn 3.097898456858039e-13 -0.999997615814209 0.002184694167226553 
vn 3.097898456858039e-13 -0.999997615814209 0.002184694167226553 
vn 3.097898456858039e-13 -0.999997615814209 0.002184694167226553 
vn 3.097898456858039e-13 -0.999997615814209 0.002184694167226553 
vn 3.097898456858039e-13 -0.999997615814209 0.002184694167226553 
vn 3.097898456858039e-13 -0.999997615814209 0.002184694167226553 
vn 3.097898456858039e-13 -0.999997615814209 0.002184694167226553 
vn 3.097898456858039e-13 -0.999997615814209 0.002184694167226553 
vn 3.097898456858039e-13 -0.999997615814209 0.002184694167226553 
vn 3.097898456858039e-13 -0.999997615814209 0.002184694167226553 
vn 3.097898456858039e-13 -0.999997615814209 0.002184694167226553 
vn -1.0341130485562108e-13 0.999997615814209 0.002184694167226553 
vn -1.0341130485562108e-13 0.999997615814209 0.002184694167226553 
vn -1.0341130485562108e-13 0.999997615814209 0.002184694167226553 
vn -1.0341130485562108e-13 0.999997615814209 0.002184694167226553 
vn -1.0341130485562108e-13 0.999997615814209 0.002184694167226553 
vn -1.0341130485562108e-13 0.999997615814209 0.002184694167226553 
vn -1.0341130485562108e-13 0.999997615814209 0.002184694167226553 
vn -1.0341130485562108e-13 0.999997615814209 0.002184694167226553 
vn -1.0341130485562108e-13 0.999997615814209 0.002184694167226553 
vn -1.0341130485562108e-13 0.999997615814209 0.002184694167226553 
vn -1.0341130485562108e-13 0.999997615814209 0.002184694167226553 
vn -1.0341130485562108e-13 0.999997615814209 0.002184694167226553 
vn -1.0341130485562108e-13 0.999997615814209 0.002184694167226553 
vn 3.097898456858039e-13 -0.999997615814209 0.002184694167226553 
vn 3.097898456858039e-13 -0.999997615814209 0.002184694167226553 
vn 3.097898456858039e-13 -0.999997615814209 0.002184694167226553 
vn 3.097898456858039e-13 -0.999997615814209 0.002184694167226553 
vn 3.097898456858039e-13 -0.999997615814209 0.002184694167226553 
vn 3.097898456858039e-13 -0.999997615814209 0.002184694167226553 
vn 3.097898456858039e-13 -0.999997615814209 0.002184694167226553 
vn -1.0341130485562108e-13 0.999997615814209 0.002184694167226553 
vn -1.0341130485562108e-13 0.999997615814209 0.002184694167226553 
vn -1.0341130485562108e-13 0.999997615814209 0.002184694167226553 
vn -1.0341130485562108e-13 0.999997615814209 0.002184694167226553 
vn -1.0341130485562108e-13 0.999997615814209 0.002184694167226553 
vn 3.097898456858039e-13 -0.999997615814209 0.002184694167226553 
vn 3.097898456858039e-13 -0.999997615814209 0.002184694167226553 
vn 3.097898456858039e-13 -0.999997615814209 0.002184694167226553 
vn 3.097898456858039e-13 -0.999997615814209 0.002184694167226553 
vn -1.0341130485562108e-13 0.999997615814209 0.002184694167226553 
vn -1.0341130485562108e-13 0.999997615814209 0.002184694167226553 
vn -1.0341130485562108e-13 0.999997615814209 0.002184694167226553 
vn -1.0341130485562108e-13 0.999997615814209 0.002184694167226553 
vn 3.097898456858039e-13 -0.999997615814209 0.002184694167226553 
vn 3.097898456858039e-13 -0.999997615814209 0.002184694167226553 
vn 3.097898456858039e-13 -0.999997615814209 0.002184694167226553 
vn 3.097898456858039e-13 -0.999997615814209 0.002184694167226553 
vn 3.097898456858039e-13 -0.999997615814209 0.002184694167226553 
vn 3.097898456858039e-13 -0.999997615814209 0.002184694167226553 
vn 3.097898456858039e-13 -0.999997615814209 0.002184694167226553 
vn -1.0341130485562108e-13 0.999997615814209 0.002184694167226553 
vn -1.0341130485562108e-13 0.999997615814209 0.002184694167226553 
vn -1.0341130485562108e-13 0.999997615814209 0.002184694167226553 
vn -1.0341130485562108e-13 0.999997615814209 0.002184694167226553 
vn -1.0341130485562108e-13 0.999997615814209 0.002184694167226553 
vn -1.0341130485562108e-13 0.999997615814209 0.002184694167226553 
vn 3.097898456858039e-13 -0.999997615814209 0.002184694167226553 
vn 3.097898456858039e-13 -0.999997615814209 0.002184694167226553 
vn 3.097898456858039e-13 -0.999997615814209 0.002184694167226553 
vn 3.097898456858039e-13 -0.999997615814209 0.002184694167226553 
vn 3.097898456858039e-13 -0.999997615814209 0.002184694167226553 
vn 3.097898456858039e-13 -0.999997615814209 0.002184694167226553 
vn 3.097898456858039e-13 -0.999997615814209 0.002184694167226553 
vn 3.097898456858039e-13 -0.999997615814209 0.002184694167226553 
vn 3.097898456858039e-13 -0.999997615814209 0.002184694167226553 
vn 3.097898456858039e-13 -0.999997615814209 0.002184694167226553 
vn 3.097898456858039e-13 -0.999997615814209 0.002184694167226553 
vn 3.097898456858039e-13 -0.999997615814209 0.002184694167226553 
vn -1.0341130485562108e-13 0.999997615814209 0.002184694167226553 
vn -1.0341130485562108e-13 0.999997615814209 0.002184694167226553 
vn -1.0341130485562108e-13 0.999997615814209 0.002184694167226553 
vn -1.0341130485562108e-13 0.999997615814209 0.002184694167226553 
vn -1.0341130485562108e-13 0.999997615814209 0.002184694167226553 
vn -1.0341130485562108e-13 0.999997615814209 0.002184694167226553 
vn -1.0341130485562108e-13 0.999997615814209 0.002184694167226553 
vn -1.0341130485562108e-13 0.999997615814209 0.002184694167226553 
vn -1.0341130485562108e-13 0.999997615814209 0.002184694167226553 
vn -1.0341130485562108e-13 0.999997615814209 0.002184694167226553 
vn -1.0341130485562108e-13 0.999997615814209 0.002184694167226553 
vn 3.097898456858039e-13 -0.999997615814209 0.002184694167226553 
vn 3.097898456858039e-13 -0.999997615814209 0.002184694167226553 
vn -1.0341130485562108e-13 0.999997615814209 0.002184694167226553 
vn -1.0341130485562108e-13 0.999997615814209 0.002184694167226553 
vn -1.0341130485562108e-13 0.999997615814209 0.002184694167226553 
vn -1.0341130485562108e-13 0.999997615814209 0.002184694167226553 
vn 3.097898456858039e-13 -0.999997615814209 0.002184694167226553 
vn 3.097898456858039e-13 -0.999997615814209 0.002184694167226553 
vn 3.097898456858039e-13 -0.999997615814209 0.002184694167226553 
vn 3.097898456858039e-13 -0.999997615814209 0.002184694167226553 
vn 3.097898456858039e-13 -0.999997615814209 0.002184694167226553 
vn 3.097898456858039e-13 -0.999997615814209 0.002184694167226553 
vn 3.097898456858039e-13 -0.999997615814209 0.002184694167226553 
vn 3.097898456858039e-13 -0.999997615814209 0.002184694167226553 
vn 3.097898456858039e-13 -0.999997615814209 0.002184694167226553 
vn 3.097898456858039e-13 -0.999997615814209 0.002184694167226553 
vn 3.097898456858039e-13 -0.999997615814209 0.002184694167226553 
vn 3.097898456858039e-13 -0.999997615814209 0.002184694167226553 
vn 3.097898456858039e-13 -0.999997615814209 0.002184694167226553 
vn 3.097898456858039e-13 -0.999997615814209 0.002184694167226553 
vn 3.097898456858039e-13 -0.999997615814209 0.002184694167226553 
vn 3.097898456858039e-13 -0.999997615814209 0.002184694167226553 
vn -1.0341130485562108e-13 0.999997615814209 0.002184694167226553 
vn -1.0341130485562108e-13 0.999997615814209 0.002184694167226553 
vn -1.0341130485562108e-13 0.999997615814209 0.002184694167226553 
vn -1.0341130485562108e-13 0.999997615814209 0.002184694167226553 
vn -1.0341130485562108e-13 0.999997615814209 0.002184694167226553 
vn -1.0341130485562108e-13 0.999997615814209 0.002184694167226553 
vn -1.0341130485562108e-13 0.999997615814209 0.002184694167226553 
vn -1.0341130485562108e-13 0.999997615814209 0.002184694167226553 
vn -1.0341130485562108e-13 0.999997615814209 0.002184694167226553 
vn -1.0341130485562108e-13 0.999997615814209 0.002184694167226553 
vn -1.0341130485562108e-13 0.999997615814209 0.002184694167226553 
vn -1.0341130485562108e-13 0.999997615814209 0.002184694167226553 
vn -1.0341130485562108e-13 0.999997615814209 0.002184694167226553 
vn -1.0341130485562108e-13 0.999997615814209 0.002184694167226553 
vn -1.0341130485562108e-13 0.999997615814209 0.002184694167226553 
vn -1.0341130485562108e-13 0.999997615814209 0.002184694167226553 
vn 3.097898456858039e-13 -0.999997615814209 0.002184694167226553 
vn 3.097898456858039e-13 -0.999997615814209 0.002184694167226553 
vn 3.097898456858039e-13 -0.999997615814209 0.002184694167226553 
vn 3.097898456858039e-13 -0.999997615814209 0.002184694167226553 
vn 3.097898456858039e-13 -0.999997615814209 0.002184694167226553 
vn 3.097898456858039e-13 -0.999997615814209 0.002184694167226553 
vn 3.097898456858039e-13 -0.999997615814209 0.002184694167226553 
vn 3.097898456858039e-13 -0.999997615814209 0.002184694167226553 
vn 3.097898456858039e-13 -0.999997615814209 0.002184694167226553 
vn 3.097898456858039e-13 -0.999997615814209 0.002184694167226553 
vn 3.097898456858039e-13 -0.999997615814209 0.002184694167226553 
vn 3.097898456858039e-13 -0.999997615814209 0.002184694167226553 
vn 3.097898456858039e-13 -0.999997615814209 0.002184694167226553 
vn -1.0341130485562108e-13 0.999997615814209 0.002184694167226553 
vn -1.0341130485562108e-13 0.999997615814209 0.002184694167226553 
vn -1.0341130485562108e-13 0.999997615814209 0.002184694167226553 
vn -1.0341130485562108e-13 0.999997615814209 0.002184694167226553 
vn -1.0341130485562108e-13 0.999997615814209 0.002184694167226553 
vn -1.0341130485562108e-13 0.999997615814209 0.002184694167226553 
vn -1.0341130485562108e-13 0.999997615814209 0.002184694167226553 
vn -1.0341130485562108e-13 0.999997615814209 0.002184694167226553 
vn -1.0341130485562108e-13 0.999997615814209 0.002184694167226553 
vn -1.0341130485562108e-13 0.999997615814209 0.002184694167226553 
vn -1.0341130485562108e-13 0.999997615814209 0.002184694167226553 
vn -1.0341130485562108e-13 0.999997615814209 0.002184694167226553 
vn -1.0341130485562108e-13 0.999997615814209 0.002184694167226553 
vn -1.0341130485562108e-13 0.999997615814209 0.002184694167226553 
vn -0.013107799924910069 -2.7109958632902213e-15 -0.9999141097068787 
vn 0.999997615814209 0 0.002184694167226553 
vn 0 0 1 
vn -0.999997615814209 -2.0682260971124217e-13 0.002184694167226553 
vn 0.20392099022865295 0 0.9789873361587524 
vn -0.9987307190895081 0.003775716060772538 0.05022686347365379 
vn 0.999997615814209 0 0.002184694167226553 
vn 0.903258204460144 0 0.42909738421440125 
vn 0.999711275100708 0 -0.024029340595006943 
vn 3.097898456858039e-13 -0.999997615814209 0.002184694167226553 
vn 3.097898456858039e-13 -0.999997615814209 0.002184694167226553 
vn 3.097898456858039e-13 -0.999997615814209 0.002184694167226553 
vn -1.0341130485562108e-13 0.999997615814209 0.002184694167226553 
vn -1.0341130485562108e-13 0.999997615814209 0.002184694167226553 
vn -1.0341130485562108e-13 0.999997615814209 0.002184694167226553 
vn 3.097898456858039e-13 -0.999997615814209 0.002184694167226553 
vn 3.097898456858039e-13 -0.999997615814209 0.002184694167226553 
vn 3.097898456858039e-13 -0.999997615814209 0.002184694167226553 
vn 3.097898456858039e-13 -0.999997615814209 0.002184694167226553 
vn -1.0341130485562108e-13 0.999997615814209 0.002184694167226553 
vn -1.0341130485562108e-13 0.999997615814209 0.002184694167226553 
vn -1.0341130485562108e-13 0.999997615814209 0.002184694167226553 
vn -1.0341130485562108e-13 0.999997615814209 0.002184694167226553 
vn 3.097898456858039e-13 -0.999997615814209 0.002184694167226553 
vn 3.097898456858039e-13 -0.999997615814209 0.002184694167226553 
vn 3.097898456858039e-13 -0.999997615814209 0.002184694167226553 
vn 3.097898456858039e-13 -0.999997615814209 0.002184694167226553 
vn -1.0341130485562108e-13 0.999997615814209 0.002184694167226553 
vn -1.0341130485562108e-13 0.999997615814209 0.002184694167226553 
vn -1.0341130485562108e-13 0.999997615814209 0.002184694167226553 
vn 3.097898456858039e-13 -0.999997615814209 0.002184694167226553 
vn 3.097898456858039e-13 -0.999997615814209 0.002184694167226553 
vn 3.097898456858039e-13 -0.999997615814209 0.002184694167226553 
vn 3.097898456858039e-13 -0.999997615814209 0.002184694167226553 
vn -1.0341130485562108e-13 0.999997615814209 0.002184694167226553 
vn -1.0341130485562108e-13 0.999997615814209 0.002184694167226553 
vn -1.0341130485562108e-13 0.999997615814209 0.002184694167226553 
vn -1.0341130485562108e-13 0.999997615814209 0.002184694167226553 
vn -1.0341130485562108e-13 0.999997615814209 0.002184694167226553 
vn 3.097898456858039e-13 -0.999997615814209 0.002184694167226553 
vn 3.097898456858039e-13 -0.999997615814209 0.002184694167226553 
vn 3.097898456858039e-13 -0.999997615814209 0.002184694167226553 
vn 3.097898456858039e-13 -0.999997615814209 0.002184694167226553 
vn 3.097898456858039e-13 -0.999997615814209 0.002184694167226553 
vn 3.097898456858039e-13 -0.999997615814209 0.002184694167226553 
vn -1.0341130485562108e-13 0.999997615814209 0.002184694167226553 
vn -1.0341130485562108e-13 0.999997615814209 0.002184694167226553 
vn -1.0341130485562108e-13 0.999997615814209 0.002184694167226553 
vn -1.0341130485562108e-13 0.999997615814209 0.002184694167226553 
vn 3.097898456858039e-13 -0.999997615814209 0.002184694167226553 
vn 3.097898456858039e-13 -0.999997615814209 0.002184694167226553 
vn -1.0341130485562108e-13 0.999997615814209 0.002184694167226553 
vn 0.999997615814209 0 0.002184694167226553 
s on 
f 1//1 2//2 3//3 
f 2//2 4//4 3//3 
f 3//3 4//4 5//5 
f 4//4 6//6 5//5 
f 5//5 6//6 7//7 
f 6//6 7//7 7//7 
f 7//7 7//7 6//6 
f 7//7 6//6 6//6 
f 6//6 6//6 6//6 
f 6//6 4//4 6//6 
f 6//6 4//4 8//8 
f 4//4 9//9 8//8 
f 8//8 9//9 10//10 
f 9//9 10//10 10//10 
f 10//10 10//10 4//4 
f 10//10 4//4 4//4 
f 4//4 4//4 4//4 
f 4//4 11//11 4//4 
f 4//4 11//11 9//9 
f 11//11 12//12 9//9 
f 9//9 12//12 13//13 
f 12//12 13//13 13//13 
f 13//13 13//13 13//13 
f 13//13 14//14 13//13 
f 13//13 14//14 9//9 
f 14//14 15//15 9//9 
f 9//9 15//15 16//16 
f 15//15 16//16 16//16 
f 16//16 16//16 16//16 
f 16//16 17//17 16//16 
f 16//16 17//17 9//9 
f 17//17 18//18 9//9 
f 9//9 18//18 19//19 
f 18//18 19//19 19//19 
f 19//19 19//19 19//19 
f 19//19 20//20 19//19 
f 19//19 20//20 9//9 
f 20//20 21//21 9//9 
f 9//9 21//21 22//22 
f 21//21 22//22 22//22 
f 22//22 22//22 22//22 
f 22//22 23//23 22//22 
f 22//22 23//23 9//9 
f 23//23 24//24 9//9 
f 9//9 24//24 25//25 
f 24//24 25//25 25//25 
f 25//25 25//25 25//25 
f 25//25 26//26 25//25 
f 25//25 26//26 9//9 
f 26//26 27//27 9//9 
f 9//9 27//27 28//28 
f 27//27 28//28 28//28 
f 28//28 28//28 9//9 
f 28//28 9//9 9//9 
f 9//9 9//9 9//9 
f 9//9 28//28 9//9 
f 9//9 28//28 29//29 
f 28//28 30//30 29//29 
f 29//29 30//30 31//31 
f 30//30 31//31 31//31 
f 31//31 31//31 32//32 
f 31//31 32//32 32//32 
f 32//32 32//32 32//32 
f 32//32 33//33 32//32 
f 32//32 33//33 34//34 
f 33//33 35//35 34//34 
f 34//34 35//35 36//36 
f 35//35 37//37 36//36 
f 36//36 37//37 38//38 
f 37//37 39//39 38//38 
f 38//38 39//39 40//40 
f 39//39 41//41 40//40 
f 40//40 41//41 42//42 
f 41//41 43//43 42//42 
f 42//42 43//43 43//43 
f 43//43 41//41 43//43 
f 43//43 41//41 44//44 
f 41//41 45//45 44//44 
f 44//44 45//45 45//45 
f 45//45 41//41 45//45 
f 45//45 41//41 46//46 
f 41//41 47//47 46//46 
f 46//46 47//47 48//48 
f 47//47 49//49 48//48 
f 48//48 49//49 49//49 
f 49//49 41//41 49//49 
f 49//49 41//41 41//41 
f 41//41 50//50 41//41 
f 41//41 50//50 47//47 
f 50//50 51//51 47//47 
f 47//47 51//51 52//52 
f 51//51 53//53 52//52 
f 52//52 53//53 53//53 
f 53//53 41//41 53//53 
f 53//53 41//41 41//41 
f 41//41 54//54 41//41 
f 41//41 54//54 50//50 
f 54//54 55//55 50//50 
f 50//50 55//55 56//56 
f 55//55 56//56 56//56 
f 56//56 56//56 41//41 
f 56//56 41//41 41//41 
f 41//41 41//41 41//41 
f 41//41 57//57 41//41 
f 41//41 57//57 54//54 
f 57//57 58//58 54//54 
f 54//54 58//58 58//58 
f 58//58 57//57 58//58 
f 58//58 57//57 57//57 
f 57//57 41//41 57//57 
f 57//57 41//41 59//59 
f 41//41 60//60 59//59 
f 59//59 60//60 60//60 
f 60//60 61//61 60//60 
f 60//60 61//61 61//61 
f 61//61 62//62 61//61 
f 61//61 62//62 63//63 
f 62//62 64//64 63//63 
f 63//63 64//64 65//65 
f 64//64 65//65 65//65 
f 65//65 65//65 62//62 
f 65//65 62//62 62//62 
f 62//62 62//62 62//62 
f 62//62 66//66 62//62 
f 62//62 66//66 64//64 
f 66//66 67//67 64//64 
f 64//64 67//67 68//68 
f 67//67 69//69 68//68 
f 68//68 69//69 69//69 
f 69//69 68//68 69//69 
f 69//69 68//68 68//68 
f 68//68 70//70 68//68 
f 68//68 70//70 64//64 
f 70//70 71//71 64//64 
f 64//64 71//71 72//72 
f 71//71 72//72 72//72 
f 72//72 72//72 72//72 
f 72//72 73//73 72//72 
f 72//72 73//73 64//64 
f 73//73 74//74 64//64 
f 64//64 74//74 75//75 
f 74//74 76//76 75//75 
f 75//75 76//76 76//76 
f 76//76 74//74 76//76 
f 76//76 74//74 74//74 
f 74//74 77//77 74//74 
f 74//74 77//77 76//76 
f 77//77 78//78 76//76 
f 76//76 78//78 79//79 
f 78//78 79//79 79//79 
f 79//79 79//79 77//77 
f 79//79 77//77 77//77 
f 77//77 77//77 77//77 
f 77//77 80//80 77//77 
f 77//77 80//80 78//78 
f 80//80 81//81 78//78 
f 78//78 81//81 82//82 
f 81//81 83//83 82//82 
f 82//82 83//83 84//84 
f 83//83 84//84 84//84 
f 84//84 84//84 80//80 
f 84//84 80//80 80//80 
f 80//80 80//80 80//80 
f 80//80 85//85 80//80 
f 80//80 85//85 81//81 
f 85//85 86//86 81//81 
f 81//81 86//86 87//87 
f 86//86 87//87 87//87 
f 87//87 87//87 87//87 
f 87//87 88//88 87//87 
f 87//87 88//88 81//81 
f 88//88 89//89 81//81 
f 81//81 89//89 90//90 
f 89//89 90//90 90//90 
f 90//90 90//90 90//90 
f 90//90 91//91 90//90 
f 90//90 91//91 81//81 
f 91//91 92//92 81//81 
f 81//81 92//92 93//93 
f 92//92 94//94 93//93 
f 93//93 94//94 95//95 
f 94//94 95//95 95//95 
f 95//95 95//95 91//91 
f 95//95 91//91 91//91 
f 91//91 91//91 91//91 
f 91//91 96//96 91//91 
f 91//91 96//96 92//92 
f 96//96 97//97 92//92 
f 92//92 97//97 98//98 
f 97//97 98//98 98//98 
f 98//98 98//98 98//98 
f 98//98 99//99 98//98 
f 98//98 99//99 92//92 
f 99//99 100//100 92//92 
f 92//92 100//100 101//101 
f 100//100 102//102 101//101 
f 101//101 102//102 103//103 
f 102//102 103//103 103//103 
f 103//103 103//103 103//103 
f 103//103 104//104 103//103 
f 103//103 104//104 101//101 
f 104//104 105//105 101//101 
f 101//101 105//105 106//106 
f 105//105 106//106 106//106 
f 106//106 106//106 106//106 
f 106//106 107//107 106//106 
f 106//106 107//107 101//101 
f 107//107 108//108 101//101 
f 101//101 108//108 109//109 
f 108//108 109//109 109//109 
f 109//109 109//109 107//107 
f 109//109 107//107 107//107 
f 107//107 107//107 107//107 
f 107//107 110//110 107//107 
f 107//107 110//110 108//108 
f 110//110 111//111 108//108 
f 108//108 111//111 111//111 
f 111//111 110//110 111//111 
f 111//111 110//110 110//110 
f 110//110 112//112 110//110 
f 110//110 112//112 111//111 
f 112//112 113//113 111//111 
f 111//111 113//113 113//113 
f 113//113 112//112 113//113 
f 113//113 112//112 114//114 
f 112//112 115//115 114//114 
f 114//114 115//115 116//116 
f 115//115 116//116 116//116 
f 116//116 116//116 116//116 
f 116//116 117//117 116//116 
f 116//116 117//117 114//114 
f 117//117 118//118 114//114 
f 114//114 118//118 67//67 
f 118//118 119//119 67//67 
f 67//67 119//119 120//120 
f 119//119 120//120 120//120 
f 120//120 120//120 114//114 
f 120//120 114//114 114//114 
f 114//114 114//114 114//114 
f 114//114 67//67 114//114 
f 114//114 67//67 121//121 
f 67//67 122//122 121//121 
f 121//121 122//122 123//123 
f 122//122 124//124 123//123 
f 123//123 124//124 124//124 
f 124//124 114//114 124//124 
f 124//124 114//114 114//114 
f 114//114 121//121 114//114 
f 114//114 121//121 125//125 
f 121//121 126//126 125//125 
f 125//125 126//126 126//126 
f 126//126 121//121 126//126 
f 126//126 121//121 127//127 
f 121//121 128//128 127//127 
f 127//127 128//128 128//128 
f 128//128 129//129 128//128 
f 128//128 129//129 129//129 
f 129//129 130//130 129//129 
f 129//129 130//130 131//131 
f 130//130 132//132 131//131 
f 131//131 132//132 133//133 
f 132//132 133//133 133//133 
f 133//133 133//133 132//132 
f 133//133 132//132 132//132 
f 132//132 132//132 132//132 
f 132//132 130//130 132//132 
f 132//132 130//130 134//134 
f 130//130 135//135 134//134 
f 134//134 135//135 136//136 
f 135//135 137//137 136//136 
f 136//136 137//137 138//138 
f 137//137 138//138 138//138 
f 138//138 138//138 130//130 
f 138//138 130//130 130//130 
f 130//130 130//130 130//130 
f 130//130 139//139 130//130 
f 130//130 139//139 135//135 
f 139//139 140//140 135//135 
f 135//135 140//140 141//141 
f 140//140 141//141 141//141 
f 141//141 141//141 141//141 
f 141//141 142//142 141//141 
f 141//141 142//142 135//135 
f 142//142 143//143 135//135 
f 135//135 143//143 144//144 
f 143//143 145//145 144//144 
f 144//144 145//145 146//146 
f 145//145 147//147 146//146 
f 146//146 147//147 148//148 
f 147//147 149//149 148//148 
f 148//148 149//149 150//150 
f 149//149 151//151 150//150 
f 150//150 151//151 152//152 
f 151//151 153//153 152//152 
f 152//152 153//153 153//153 
f 153//153 149//149 153//153 
f 153//153 149//149 149//149 
f 149//149 154//154 149//149 
f 149//149 154//154 151//151 
f 154//154 155//155 151//151 
f 151//151 155//155 156//156 
f 155//155 157//157 156//156 
f 156//156 157//157 158//158 
f 157//157 158//158 158//158 
f 158//158 158//158 156//156 
f 158//158 156//156 156//156 
f 156//156 156//156 156//156 
f 156//156 159//159 156//156 
f 156//156 159//159 151//151 
f 159//159 160//160 151//151 
f 151//151 160//160 160//160 
f 160//160 161//161 160//160 
f 160//160 161//161 161//161 
f 161//161 162//162 161//161 
f 161//161 162//162 163//163 
f 162//162 164//164 163//163 
f 163//163 164//164 165//165 
f 164//164 166//166 165//165 
f 165//165 166//166 167//167 
f 166//166 168//168 167//167 
f 167//167 168//168 169//169 
f 168//168 170//170 169//169 
f 169//169 170//170 171//171 
f 170//170 172//172 171//171 
f 171//171 172//172 173//173 
f 172//172 174//174 173//173 
f 173//173 174//174 175//175 
f 174//174 176//176 175//175 
f 175//175 176//176 177//177 
f 176//176 178//178 177//177 
f 177//177 178//178 179//179 
f 178//178 180//180 179//179 
f 179//179 180//180 181//181 
f 180//180 182//182 181//181 
f 181//181 182//182 183//183 
f 182//182 184//184 183//183 
f 183//183 184//184 185//185 
f 184//184 186//186 185//185 
f 185//185 186//186 187//187 
f 186//186 188//188 187//187 
f 187//187 188//188 189//189 
f 188//188 190//190 189//189 
f 189//189 190//190 191//191 
f 190//190 192//192 191//191 
f 191//191 192//192 193//193 
f 192//192 194//194 193//193 
f 193//193 194//194 195//195 
f 194//194 196//196 195//195 
f 195//195 196//196 197//197 
f 196//196 198//198 197//197 
f 197//197 198//198 199//199 
f 198//198 200//200 199//199 
f 199//199 200//200 201//201 
f 200//200 202//202 201//201 
f 201//201 202//202 203//203 
f 202//202 204//204 203//203 
f 203//203 204//204 205//205 
f 204//204 206//206 205//205 
f 205//205 206//206 207//207 
f 206//206 208//208 207//207 
f 207//207 208//208 209//209 
f 208//208 210//210 209//209 
f 209//209 210//210 210//210 
f 210//210 211//211 210//210 
f 210//210 211//211 211//211 
f 211//211 212//212 211//211 
f 211//211 212//212 213//213 
f 212//212 214//214 213//213 
f 213//213 214//214 215//215 
f 214//214 216//216 215//215 
f 215//215 216//216 216//216 
f 216//216 212//212 216//216 
f 216//216 212//212 212//212 
f 212//212 217//217 212//212 
f 212//212 217//217 214//214 
f 217//217 218//218 214//214 
f 214//214 218//218 219//219 
f 218//218 220//220 219//219 
f 219//219 220//220 221//221 
f 220//220 221//221 221//221 
f 221//221 221//221 214//214 
f 221//221 214//214 214//214 
f 214//214 214//214 214//214 
f 214//214 219//219 214//214 
f 214//214 219//219 222//222 
f 219//219 223//223 222//222 
f 222//222 223//223 223//223 
f 223//223 224//224 223//223 
f 223//223 224//224 224//224 
f 224//224 67//67 224//224 
f 224//224 67//67 225//225 
f 67//67 226//226 225//225 
f 225//225 226//226 227//227 
f 226//226 227//227 227//227 
f 227//227 227//227 67//67 
f 227//227 67//67 67//67 
f 67//67 67//67 67//67 
f 67//67 66//66 67//67 
f 67//67 66//66 226//226 
f 66//66 228//228 226//226 
f 226//226 228//228 229//229 
f 228//228 229//229 229//229 
f 229//229 229//229 230//230 
f 229//229 230//230 230//230 
f 230//230 230//230 230//230 
f 230//230 231//231 230//230 
f 230//230 231//231 67//67 
f 231//231 232//232 67//67 
f 67//67 232//232 122//122 
f 232//232 233//233 122//122 
f 122//122 233//233 234//234 
f 233//233 234//234 234//234 
f 234//234 234//234 144//144 
f 234//234 144//144 144//144 
f 144//144 144//144 144//144 
f 144//144 235//235 144//144 
f 144//144 235//235 135//135 
f 235//235 236//236 135//135 
f 135//135 236//236 237//237 
f 236//236 237//237 237//237 
f 237//237 237//237 237//237 
f 237//237 238//238 237//237 
f 237//237 238//238 135//135 
f 238//238 239//239 135//135 
f 135//135 239//239 240//240 
f 239//239 240//240 240//240 
f 240//240 240//240 237//237 
f 240//240 237//237 237//237 
f 237//237 237//237 237//237 
f 237//237 241//241 237//237 
f 237//237 241//241 238//238 
f 241//241 242//242 238//238 
f 238//238 242//242 242//242 
f 242//242 120//120 242//242 
f 242//242 120//120 120//120 
f 120//120 243//243 120//120 
f 120//120 243//243 67//67 
f 243//243 244//244 67//67 
f 67//67 244//244 245//245 
f 244//244 245//245 245//245 
f 245//245 245//245 245//245 
f 245//245 246//246 245//245 
f 245//245 246//246 67//67 
f 246//246 247//247 67//67 
f 67//67 247//247 248//248 
f 247//247 248//248 248//248 
f 248//248 248//248 248//248 
f 248//248 249//249 248//248 
f 248//248 249//249 67//67 
f 249//249 250//250 67//67 
f 67//67 250//250 251//251 
f 250//250 251//251 251//251 
f 251//251 251//251 251//251 
f 251//251 252//252 251//251 
f 251//251 252//252 67//67 
f 252//252 253//253 67//67 
f 67//67 253//253 254//254 
f 253//253 254//254 254//254 
f 254//254 254//254 254//254 
f 254//254 255//255 254//254 
f 254//254 255//255 67//67 
f 255//255 256//256 67//67 
f 67//67 256//256 257//257 
f 256//256 257//257 257//257 
f 257//257 257//257 257//257 
f 257//257 258//258 257//257 
f 257//257 258//258 67//67 
f 258//258 259//259 67//67 
f 67//67 259//259 260//260 
f 259//259 260//260 260//260 
f 260//260 260//260 261//261 
f 260//260 261//261 261//261 
f 261//261 261//261 261//261 
f 261//261 216//216 261//261 
f 261//261 216//216 262//262 
f 216//216 214//214 262//262 
f 262//262 214//214 263//263 
f 214//214 264//264 263//263 
f 263//263 264//264 265//265 
f 264//264 266//266 265//265 
f 265//265 266//266 267//267 
f 266//266 268//268 267//267 
f 267//267 268//268 268//268 
f 268//268 262//262 268//268 
f 268//268 262//262 262//262 
f 262//262 263//263 262//262 
f 262//262 263//263 269//269 
f 263//263 270//270 269//269 
f 269//269 270//270 270//270 
f 270//270 271//271 270//270 
f 270//270 271//271 271//271 
f 271//271 272//272 271//271 
f 271//271 272//272 273//273 
f 272//272 274//274 273//273 
f 273//273 274//274 275//275 
f 274//274 275//275 275//275 
f 275//275 275//275 275//275 
f 275//275 276//276 275//275 
f 275//275 276//276 273//273 
f 276//276 277//277 273//273 
f 273//273 277//277 278//278 
f 277//277 279//279 278//278 
f 278//278 279//279 280//280 
f 279//279 280//280 280//280 
f 280//280 280//280 280//280 
f 280//280 281//281 280//280 
f 280//280 281//281 278//278 
f 281//281 282//282 278//278 
f 278//278 282//282 283//283 
f 282//282 283//283 283//283 
f 283//283 283//283 283//283 
f 283//283 284//284 283//283 
f 283//283 284//284 278//278 
f 284//284 285//285 278//278 
f 278//278 285//285 286//286 
f 285//285 286//286 286//286 
f 286//286 286//286 286//286 
f 286//286 287//287 286//286 
f 286//286 287//287 278//278 
f 287//287 288//288 278//278 
f 278//278 288//288 289//289 
f 288//288 289//289 289//289 
f 289//289 289//289 289//289 
f 289//289 290//290 289//289 
f 289//289 290//290 278//278 
f 290//290 291//291 278//278 
f 278//278 291//291 292//292 
f 291//291 292//292 292//292 
f 292//292 292//292 292//292 
f 292//292 293//293 292//292 
f 292//292 293//293 278//278 
f 293//293 294//294 278//278 
f 278//278 294//294 295//295 
f 294//294 295//295 295//295 
f 295//295 295//295 295//295 
f 295//295 296//296 295//295 
f 295//295 296//296 278//278 
f 296//296 151//151 278//278 
f 278//278 151//151 297//297 
f 151//151 298//298 297//297 
f 297//297 298//298 299//299 
f 298//298 300//300 299//299 
f 299//299 300//300 300//300 
f 300//300 296//296 300//300 
f 300//300 296//296 296//296 
f 296//296 301//301 296//296 
f 296//296 301//301 151//151 
f 301//301 302//302 151//151 
f 151//151 302//302 303//303 
f 302//302 303//303 303//303 
f 303//303 303//303 303//303 
f 303//303 304//304 303//303 
f 303//303 304//304 151//151 
f 304//304 153//153 151//151 
f 151//151 153//153 153//153 
f 153//153 305//305 153//153 
f 153//153 305//305 305//305 
f 305//305 306//306 305//305 
f 305//305 306//306 278//278 
f 306//306 307//307 278//278 
f 278//278 307//307 273//273 
f 307//307 308//308 273//273 
f 273//273 308//308 309//309 
f 308//308 309//309 309//309 
f 309//309 309//309 310//310 
f 309//309 310//310 310//310 
f 310//310 310//310 310//310 
f 310//310 311//311 310//310 
f 310//310 311//311 312//312 
f 311//311 278//278 312//312 
f 312//312 278//278 297//297 
f 278//278 297//297 297//297 
f 297//297 297//297 297//297 
f 297//297 313//313 297//297 
f 297//297 313//313 312//312 
f 313//313 314//314 312//312 
f 312//312 314//314 314//314 
f 314//314 315//315 314//314 
f 314//314 315//315 315//315 
f 315//315 298//298 315//315 
f 315//315 298//298 316//316 
f 298//298 151//151 316//316 
f 316//316 151//151 317//317 
f 151//151 317//317 317//317 
f 317//317 317//317 318//318 
f 317//317 318//318 318//318 
f 318//318 318//318 318//318 
f 318//318 134//134 318//318 
f 318//318 134//134 319//319 
f 134//134 136//136 319//319 
f 319//319 136//136 320//320 
f 136//136 320//320 320//320 
f 320//320 320//320 321//321 
f 320//320 321//321 321//321 
f 321//321 321//321 321//321 
f 321//321 322//322 321//321 
f 321//321 322//322 323//323 
f 322//322 324//324 323//323 
f 323//323 324//324 325//325 
f 324//324 326//326 325//325 
f 325//325 326//326 326//326 
f 326//326 325//325 326//326 
f 326//326 325//325 325//325 
f 325//325 327//327 325//325 
f 325//325 327//327 323//323 
f 327//327 328//328 323//323 
f 323//323 328//328 329//329 
f 328//328 329//329 329//329 
f 329//329 329//329 329//329 
f 329//329 330//330 329//329 
f 329//329 330//330 323//323 
f 330//330 331//331 323//323 
f 323//323 331//331 332//332 
f 331//331 332//332 332//332 
f 332//332 332//332 333//333 
f 332//332 333//333 333//333 
f 333//333 333//333 333//333 
f 333//333 66//66 333//333 
f 333//333 66//66 334//334 
f 66//66 62//62 334//334 
f 334//334 62//62 335//335 
f 62//62 335//335 335//335 
f 335//335 335//335 336//336 
f 335//335 336//336 336//336 
f 336//336 336//336 336//336 
f 336//336 337//337 336//336 
f 336//336 337//337 325//325 
f 337//337 338//338 325//325 
f 325//325 338//338 339//339 
f 338//338 340//340 339//339 
f 339//339 340//340 341//341 
f 340//340 341//341 341//341 
f 341//341 341//341 339//339 
f 341//341 339//339 339//339 
f 339//339 339//339 339//339 
f 339//339 342//342 339//339 
f 339//339 342//342 325//325 
f 342//342 343//343 325//325 
f 325//325 343//343 344//344 
f 343//343 344//344 344//344 
f 344//344 344//344 344//344 
f 344//344 345//345 344//344 
f 344//344 345//345 325//325 
f 345//345 346//346 325//325 
f 325//325 346//346 347//347 
f 346//346 347//347 347//347 
f 347//347 347//347 347//347 
f 347//347 348//348 347//347 
f 347//347 348//348 325//325 
f 348//348 327//327 325//325 
f 325//325 327//327 327//327 
f 327//327 349//349 327//327 
f 327//327 349//349 349//349 
f 349//349 350//350 349//349 
f 349//349 350//350 351//351 
f 350//350 339//339 351//351 
f 351//351 339//339 352//352 
f 339//339 352//352 352//352 
f 352//352 352//352 339//339 
f 352//352 339//339 339//339 
f 339//339 339//339 339//339 
f 339//339 350//350 339//339 
f 339//339 350//350 353//353 
f 350//350 354//354 353//353 
f 353//353 354//354 355//355 
f 354//354 355//355 355//355 
f 355//355 355//355 339//339 
f 355//355 339//339 339//339 
f 339//339 339//339 339//339 
f 339//339 353//353 339//339 
f 339//339 353//353 356//356 
f 353//353 357//357 356//356 
f 356//356 357//357 358//358 
f 357//357 359//359 358//358 
f 358//358 359//359 359//359 
f 359//359 356//356 359//359 
f 359//359 356//356 356//356 
f 356//356 360//360 356//356 
f 356//356 360//360 339//339 
f 360//360 361//361 339//339 
f 339//339 361//361 362//362 
f 361//361 362//362 362//362 
f 362//362 362//362 362//362 
f 362//362 363//363 362//362 
f 362//362 363//363 339//339 
f 363//363 364//364 339//339 
f 339//339 364//364 365//365 
f 364//364 365//365 365//365 
f 365//365 365//365 365//365 
f 365//365 366//366 365//365 
f 365//365 366//366 339//339 
f 366//366 367//367 339//339 
f 339//339 367//367 368//368 
f 367//367 368//368 368//368 
f 368//368 368//368 368//368 
f 368//368 369//369 368//368 
f 368//368 369//369 339//339 
f 369//369 370//370 339//339 
f 339//339 370//370 371//371 
f 370//370 371//371 371//371 
f 371//371 371//371 371//371 
f 371//371 372//372 371//371 
f 371//371 372//372 339//339 
f 372//372 373//373 339//339 
f 339//339 373//373 374//374 
f 373//373 374//374 374//374 
f 374//374 374//374 374//374 
f 374//374 375//375 374//374 
f 374//374 375//375 339//339 
f 375//375 376//376 339//339 
f 339//339 376//376 377//377 
f 376//376 377//377 377//377 
f 377//377 377//377 377//377 
f 377//377 378//378 377//377 
f 377//377 378//378 339//339 
f 378//378 379//379 339//339 
f 339//339 379//379 380//380 
f 379//379 380//380 380//380 
f 380//380 380//380 380//380 
f 380//380 381//381 380//380 
f 380//380 381//381 339//339 
f 381//381 382//382 339//339 
f 339//339 382//382 383//383 
f 382//382 383//383 383//383 
f 383//383 383//383 383//383 
f 383//383 384//384 383//383 
f 383//383 384//384 339//339 
f 384//384 385//385 339//339 
f 339//339 385//385 386//386 
f 385//385 386//386 386//386 
f 386//386 386//386 386//386 
f 386//386 387//387 386//386 
f 386//386 387//387 339//339 
f 387//387 342//342 339//339 
f 339//339 342//342 342//342 
f 342//342 388//388 342//342 
f 342//342 388//388 388//388 
f 388//388 389//389 388//388 
f 388//388 389//389 390//390 
f 389//389 391//391 390//390 
f 390//390 391//391 392//392 
f 391//391 393//393 392//392 
f 392//392 393//393 394//394 
f 393//393 395//395 394//394 
f 394//394 395//395 396//396 
f 395//395 397//397 396//396 
f 396//396 397//397 398//398 
f 397//397 399//399 398//398 
f 398//398 399//399 400//400 
f 399//399 401//401 400//400 
f 400//400 401//401 402//402 
f 401//401 403//403 402//402 
f 402//402 403//403 404//404 
f 403//403 405//405 404//404 
f 404//404 405//405 406//406 
f 405//405 407//407 406//406 
f 406//406 407//407 408//408 
f 407//407 409//409 408//408 
f 408//408 409//409 410//410 
f 409//409 411//411 410//410 
f 410//410 411//411 412//412 
f 411//411 413//413 412//412 
f 412//412 413//413 414//414 
f 413//413 415//415 414//414 
f 414//414 415//415 416//416 
f 415//415 417//417 416//416 
f 416//416 417//417 418//418 
f 417//417 419//419 418//418 
f 418//418 419//419 420//420 
f 419//419 421//421 420//420 
f 420//420 421//421 422//422 
f 421//421 423//423 422//422 
f 422//422 423//423 424//424 
f 423//423 425//425 424//424 
f 424//424 425//425 426//426 
f 425//425 427//427 426//426 
f 426//426 427//427 428//428 
f 427//427 429//429 428//428 
f 428//428 429//429 430//430 
f 429//429 431//431 430//430 
f 430//430 431//431 432//432 
f 431//431 433//433 432//432 
f 432//432 433//433 434//434 
f 433//433 435//435 434//434 
f 434//434 435//435 436//436 
f 435//435 437//437 436//436 
f 436//436 437//437 438//438 
f 437//437 439//439 438//438 
f 438//438 439//439 440//440 
f 439//439 441//441 440//440 
f 440//440 441//441 442//442 
f 441//441 443//443 442//442 
f 442//442 443//443 444//444 
f 443//443 445//445 444//444 
f 444//444 445//445 446//446 
f 445//445 447//447 446//446 
f 446//446 447//447 448//448 
f 447//447 449//449 448//448 
f 448//448 449//449 450//450 
f 449//449 451//451 450//450 
f 450//450 451//451 452//452 
f 451//451 453//453 452//452 
f 452//452 453//453 454//454 
f 453//453 455//455 454//454 
f 454//454 455//455 456//456 
f 455//455 457//457 456//456 
f 456//456 457//457 458//458 
f 457//457 458//458 458//458 
f 458//458 458//458 456//456 
f 458//458 456//456 456//456 
f 456//456 456//456 456//456 
f 456//456 458//458 456//456 
f 456//456 458//458 459//459 
f 458//458 460//460 459//459 
f 459//459 460//460 460//460 
f 460//460 458//458 460//460 
f 460//460 458//458 458//458 
f 458//458 461//461 458//458 
f 458//458 461//461 460//460 
f 461//461 462//462 460//460 
f 460//460 462//462 462//462 
f 462//462 461//461 462//462 
f 462//462 461//461 461//461 
f 461//461 463//463 461//461 
f 461//461 463//463 462//462 
f 463//463 464//464 462//462 
f 462//462 464//464 464//464 
f 464//464 463//463 464//464 
f 464//464 463//463 463//463 
f 463//463 465//465 463//463 
f 463//463 465//465 464//464 
f 465//465 466//466 464//464 
f 464//464 466//466 466//466 
f 466//466 465//465 466//466 
f 466//466 465//465 465//465 
f 465//465 467//467 465//465 
f 465//465 467//467 466//466 
f 467//467 468//468 466//466 
f 466//466 468//468 468//468 
f 468//468 467//467 468//468 
f 468//468 467//467 467//467 
f 467//467 469//469 467//467 
f 467//467 469//469 468//468 
f 469//469 470//470 468//468 
f 468//468 470//470 470//470 
f 470//470 469//469 470//470 
f 470//470 469//469 469//469 
f 469//469 471//471 469//469 
f 469//469 471//471 470//470 
f 471//471 472//472 470//470 
f 470//470 472//472 472//472 
f 472//472 471//471 472//472 
f 472//472 471//471 471//471 
f 471//471 473//473 471//471 
f 471//471 473//473 472//472 
f 473//473 474//474 472//472 
f 472//472 474//474 474//474 
f 474//474 473//473 474//474 
f 474//474 473//473 473//473 
f 473//473 475//475 473//473 
f 473//473 475//475 474//474 
f 475//475 476//476 474//474 
f 474//474 476//476 476//476 
f 476//476 475//475 476//476 
f 476//476 475//475 475//475 
f 475//475 477//477 475//475 
f 475//475 477//477 476//476 
f 477//477 478//478 476//476 
f 476//476 478//478 478//478 
f 478//478 477//477 478//478 
f 478//478 477//477 477//477 
f 477//477 479//479 477//477 
f 477//477 479//479 478//478 
f 479//479 480//480 478//478 
f 478//478 480//480 480//480 
f 480//480 479//479 480//480 
f 480//480 479//479 479//479 
f 479//479 481//481 479//479 
f 479//479 481//481 480//480 
f 481//481 482//482 480//480 
f 480//480 482//482 482//482 
f 482//482 481//481 482//482 
f 482//482 481//481 481//481 
f 481//481 483//483 481//481 
f 481//481 483//483 482//482 
f 483//483 484//484 482//482 
f 482//482 484//484 484//484 
f 484//484 483//483 484//484 
f 484//484 483//483 483//483 
f 483//483 485//485 483//483 
f 483//483 485//485 484//484 
f 485//485 486//486 484//484 
f 484//484 486//486 486//486 
f 486//486 485//485 486//486 
f 486//486 485//485 485//485 
f 485//485 487//487 485//485 
f 485//485 487//487 486//486 
f 487//487 488//488 486//486 
f 486//486 488//488 488//488 
f 488//488 487//487 488//488 
f 488//488 487//487 487//487 
f 487//487 489//489 487//487 
f 487//487 489//489 488//488 
f 489//489 490//490 488//488 
f 488//488 490//490 490//490 
f 490//490 489//489 490//490 
f 490//490 489//489 489//489 
f 489//489 491//491 489//489 
f 489//489 491//491 490//490 
f 491//491 492//492 490//490 
f 490//490 492//492 492//492 
f 492//492 491//491 492//492 
f 492//492 491//491 491//491 
f 491//491 493//493 491//491 
f 491//491 493//493 492//492 
f 493//493 494//494 492//492 
f 492//492 494//494 494//494 
f 494//494 493//493 494//494 
f 494//494 493//493 493//493 
f 493//493 495//495 493//493 
f 493//493 495//495 494//494 
f 495//495 496//496 494//494 
f 494//494 496//496 496//496 
f 496//496 495//495 496//496 
f 496//496 495//495 495//495 
f 495//495 497//497 495//495 
f 495//495 497//497 496//496 
f 497//497 498//498 496//496 
f 496//496 498//498 498//498 
f 498//498 497//497 498//498 
f 498//498 497//497 497//497 
f 497//497 499//499 497//497 
f 497//497 499//499 498//498 
f 499//499 500//500 498//498 
f 498//498 500//500 500//500 
f 500//500 499//499 500//500 
f 500//500 499//499 499//499 
f 499//499 501//501 499//499 
f 499//499 501//501 500//500 
f 501//501 502//502 500//500 
f 500//500 502//502 502//502 
f 502//502 501//501 502//502 
f 502//502 501//501 501//501 
f 501//501 503//503 501//501 
f 501//501 503//503 502//502 
f 503//503 504//504 502//502 
f 502//502 504//504 504//504 
f 504//504 503//503 504//504 
f 504//504 503//503 503//503 
f 503//503 505//505 503//503 
f 503//503 505//505 504//504 
f 505//505 506//506 504//504 
f 504//504 506//506 506//506 
f 506//506 505//505 506//506 
f 506//506 505//505 505//505 
f 505//505 507//507 505//505 
f 505//505 507//507 506//506 
f 507//507 508//508 506//506 
f 506//506 508//508 508//508 
f 508//508 507//507 508//508 
f 508//508 507//507 507//507 
f 507//507 509//509 507//507 
f 507//507 509//509 508//508 
f 509//509 510//510 508//508 
f 508//508 510//510 510//510 
f 510//510 509//509 510//510 
f 510//510 509//509 509//509 
f 509//509 511//511 509//509 
f 509//509 511//511 510//510 
f 511//511 512//512 510//510 
f 510//510 512//512 512//512 
f 512//512 511//511 512//512 
f 512//512 511//511 511//511 
f 511//511 513//513 511//511 
f 511//511 513//513 512//512 
f 513//513 514//514 512//512 
f 512//512 514//514 514//514 
f 514//514 513//513 514//514 
f 514//514 513//513 513//513 
f 513//513 515//515 513//513 
f 513//513 515//515 514//514 
f 515//515 516//516 514//514 
f 514//514 516//516 516//516 
f 516//516 515//515 516//516 
f 516//516 515//515 515//515 
f 515//515 517//517 515//515 
f 515//515 517//517 516//516 
f 517//517 518//518 516//516 
f 516//516 518//518 518//518 
f 518//518 517//517 518//518 
f 518//518 517//517 517//517 
f 517//517 519//519 517//517 
f 517//517 519//519 518//518 
f 519//519 520//520 518//518 
f 518//518 520//520 520//520 
f 520//520 519//519 520//520 
f 520//520 519//519 519//519 
f 519//519 521//521 519//519 
f 519//519 521//521 520//520 
f 521//521 522//522 520//520 
f 520//520 522//522 522//522 
f 522//522 521//521 522//522 
f 522//522 521//521 521//521 
f 521//521 523//523 521//521 
f 521//521 523//523 522//522 
f 523//523 524//524 522//522 
f 522//522 524//524 524//524 
f 524//524 525//525 524//524 
f 524//524 525//525 525//525 
f 525//525 357//357 525//525 
f 525//525 357//357 526//526 
f 357//357 353//353 526//526 
f 526//526 353//353 527//527 
f 353//353 527//527 527//527 
f 527//527 527//527 528//528 
f 527//527 528//528 528//528 
f 528//528 528//528 528//528 
f 528//528 529//529 528//528 
f 528//528 529//529 134//134 
f 529//529 132//132 134//134 
f 134//134 132//132 132//132 
f 132//132 530//530 132//132 
f 132//132 530//530 530//530 
f 530//530 531//531 530//530 
f 530//530 531//531 532//532 
f 531//531 533//533 532//532 
f 532//532 533//533 534//534 
f 533//533 535//535 534//534 
f 534//534 535//535 536//536 
f 535//535 536//536 536//536 
f 536//536 536//536 536//536 
f 536//536 537//537 536//536 
f 536//536 537//537 534//534 
f 537//537 538//538 534//534 
f 534//534 538//538 539//539 
f 538//538 539//539 539//539 
f 539//539 539//539 539//539 
f 539//539 540//540 539//539 
f 539//539 540//540 534//534 
f 540//540 541//541 534//534 
f 534//534 541//541 542//542 
f 541//541 542//542 542//542 
f 542//542 542//542 542//542 
f 542//542 543//543 542//542 
f 542//542 543//543 534//534 
f 543//543 544//544 534//534 
f 534//534 544//544 545//545 
f 544//544 546//546 545//545 
f 545//545 546//546 546//546 
f 546//546 542//542 546//546 
f 546//546 542//542 542//542 
f 542//542 547//547 542//542 
f 542//542 547//547 543//543 
f 547//547 548//548 543//543 
f 543//543 548//548 549//549 
f 548//548 549//549 549//549 
f 549//549 549//549 549//549 
f 549//549 550//550 549//549 
f 549//549 550//550 543//543 
f 550//550 551//551 543//543 
f 543//543 551//551 552//552 
f 551//551 552//552 552//552 
f 552//552 552//552 552//552 
f 552//552 553//553 552//552 
f 552//552 553//553 543//543 
f 553//553 554//554 543//543 
f 543//543 554//554 555//555 
f 554//554 555//555 555//555 
f 555//555 555//555 555//555 
f 555//555 556//556 555//555 
f 555//555 556//556 543//543 
f 556//556 557//557 543//543 
f 543//543 557//557 558//558 
f 557//557 558//558 558//558 
f 558//558 558//558 555//555 
f 558//558 555//555 555//555 
f 555//555 555//555 555//555 
f 555//555 559//559 555//555 
f 555//555 559//559 556//556 
f 559//559 560//560 556//556 
f 556//556 560//560 561//561 
f 560//560 561//561 561//561 
f 561//561 561//561 561//561 
f 561//561 562//562 561//561 
f 561//561 562//562 556//556 
f 562//562 563//563 556//556 
f 556//556 563//563 564//564 
f 563//563 564//564 564//564 
f 564//564 564//564 561//561 
f 564//564 561//561 561//561 
f 561//561 561//561 561//561 
f 561//561 565//565 561//561 
f 561//561 565//565 562//562 
f 565//565 566//566 562//562 
f 562//562 566//566 567//567 
f 566//566 567//567 567//567 
f 567//567 567//567 567//567 
f 567//567 568//568 567//567 
f 567//567 568//568 562//562 
f 568//568 569//569 562//562 
f 562//562 569//569 570//570 
f 569//569 571//571 570//570 
f 570//570 571//571 572//572 
f 571//571 572//572 572//572 
f 572//572 572//572 570//570 
f 572//572 570//570 570//570 
f 570//570 570//570 570//570 
f 570//570 573//573 570//570 
f 570//570 573//573 562//562 
f 573//573 574//574 562//562 
f 562//562 574//574 574//574 
f 574//574 139//139 574//574 
f 574//574 139//139 139//139 
f 139//139 130//130 139//139 
f 139//139 130//130 575//575 
f 130//130 576//576 575//575 
f 575//575 576//576 576//576 
f 576//576 130//130 576//576 
f 576//576 130//130 577//577 
f 130//130 578//578 577//577 
f 577//577 578//578 578//578 
f 578//578 130//130 578//578 
f 578//578 130//130 579//579 
f 130//130 580//580 579//579 
f 579//579 580//580 580//580 
f 580//580 130//130 580//580 
f 580//580 130//130 581//581 
f 130//130 582//582 581//581 
f 581//581 582//582 582//582 
f 582//582 130//130 582//582 
f 582//582 130//130 583//583 
f 130//130 584//584 583//583 
f 583//583 584//584 584//584 
f 584//584 130//130 584//584 
f 584//584 130//130 585//585 
f 130//130 586//586 585//585 
f 585//585 586//586 586//586 
f 586//586 130//130 586//586 
f 586//586 130//130 587//587 
f 130//130 588//588 587//587 
f 587//587 588//588 588//588 
f 588//588 130//130 588//588 
f 588//588 130//130 589//589 
f 130//130 590//590 589//589 
f 589//589 590//590 590//590 
f 590//590 130//130 590//590 
f 590//590 130//130 591//591 
f 130//130 592//592 591//591 
f 591//591 592//592 592//592 
f 592//592 130//130 592//592 
f 592//592 130//130 593//593 
f 130//130 594//594 593//593 
f 593//593 594//594 594//594 
f 594//594 130//130 594//594 
f 594//594 130//130 595//595 
f 130//130 596//596 595//595 
f 595//595 596//596 597//597 
f 596//596 598//598 597//597 
f 597//597 598//598 598//598 
f 598//598 594//594 598//598 
f 598//598 594//594 594//594 
f 594//594 595//595 594//594 
f 594//594 595//595 599//599 
f 595//595 600//600 599//599 
f 599//599 600//600 600//600 
f 600//600 595//595 600//600 
f 600//600 595//595 601//601 
f 595//595 602//602 601//601 
f 601//601 602//602 602//602 
f 602//602 603//603 602//602 
f 602//602 603//603 603//603 
f 603//603 604//604 603//603 
f 603//603 604//604 605//605 
f 604//604 606//606 605//605 
f 605//605 606//606 607//607 
f 606//606 607//607 607//607 
f 607//607 607//607 606//606 
f 607//607 606//606 606//606 
f 606//606 606//606 606//606 
f 606//606 604//604 606//606 
f 606//606 604//604 608//608 
f 604//604 609//609 608//608 
f 608//608 609//609 609//609 
f 609//609 604//604 609//609 
f 609//609 604//604 610//610 
f 604//604 611//611 610//610 
f 610//610 611//611 612//612 
f 611//611 613//613 612//612 
f 612//612 613//613 613//613 
f 613//613 604//604 613//613 
f 613//613 604//604 604//604 
f 604//604 614//614 604//604 
f 604//604 614//614 611//611 
f 614//614 615//615 611//611 
f 611//611 615//615 616//616 
f 615//615 616//616 616//616 
f 616//616 616//616 604//604 
f 616//616 604//604 604//604 
f 604//604 604//604 604//604 
f 604//604 617//617 604//604 
f 604//604 617//617 614//614 
f 617//617 618//618 614//614 
f 614//614 618//618 618//618 
f 618//618 263//263 618//618 
f 618//618 263//263 263//263 
f 263//263 265//265 263//263 
f 263//263 265//265 619//619 
f 265//265 620//620 619//619 
f 619//619 620//620 620//620 
f 620//620 613//613 620//620 
f 620//620 613//613 613//613 
f 613//613 611//611 613//613 
f 613//613 611//611 621//621 
f 611//611 622//622 621//621 
f 621//621 622//622 622//622 
f 622//622 611//611 622//622 
f 622//622 611//611 623//623 
f 611//611 624//624 623//623 
f 623//623 624//624 624//624 
f 624//624 611//611 624//624 
f 624//624 611//611 625//625 
f 611//611 626//626 625//625 
f 625//625 626//626 626//626 
f 626//626 611//611 626//626 
f 626//626 611//611 627//627 
f 611//611 628//628 627//627 
f 627//627 628//628 628//628 
f 628//628 611//611 628//628 
f 628//628 611//611 629//629 
f 611//611 630//630 629//629 
f 629//629 630//630 630//630 
f 630//630 611//611 630//630 
f 630//630 611//611 631//631 
f 611//611 632//632 631//631 
f 631//631 632//632 632//632 
f 632//632 611//611 632//632 
f 632//632 611//611 633//633 
f 611//611 634//634 633//633 
f 633//633 634//634 634//634 
f 634//634 611//611 634//634 
f 634//634 611//611 635//635 
f 611//611 636//636 635//635 
f 635//635 636//636 636//636 
f 636//636 611//611 636//636 
f 636//636 611//611 637//637 
f 611//611 638//638 637//637 
f 637//637 638//638 638//638 
f 638//638 611//611 638//638 
f 638//638 611//611 639//639 
f 611//611 640//640 639//639 
f 639//639 640//640 640//640 
f 640//640 611//611 640//640 
f 640//640 611//611 641//641 
f 611//611 642//642 641//641 
f 641//641 642//642 643//643 
f 642//642 644//644 643//643 
f 643//643 644//644 645//645 
f 644//644 645//645 645//645 
f 645//645 645//645 643//643 
f 645//645 643//643 643//643 
f 643//643 643//643 643//643 
f 643//643 645//645 643//643 
f 643//643 645//645 646//646 
f 645//645 647//647 646//646 
f 646//646 647//647 648//648 
f 647//647 649//649 648//648 
f 648//648 649//649 650//650 
f 649//649 651//651 650//650 
f 650//650 651//651 652//652 
f 651//651 653//653 652//652 
f 652//652 653//653 654//654 
f 653//653 655//655 654//654 
f 654//654 655//655 656//656 
f 655//655 656//656 656//656 
f 656//656 656//656 652//652 
f 656//656 652//652 652//652 
f 652//652 652//652 652//652 
f 652//652 654//654 652//652 
f 652//652 654//654 657//657 
f 654//654 658//658 657//657 
f 657//657 658//658 658//658 
f 658//658 654//654 658//658 
f 658//658 654//654 654//654 
f 654//654 659//659 654//654 
f 654//654 659//659 658//658 
f 659//659 660//660 658//658 
f 658//658 660//660 661//661 
f 660//660 661//661 661//661 
f 661//661 661//661 654//654 
f 661//661 654//654 654//654 
f 654//654 654//654 654//654 
f 654//654 662//662 654//654 
f 654//654 662//662 659//659 
f 662//662 663//663 659//659 
f 659//659 663//663 663//663 
f 663//663 664//664 663//663 
f 663//663 664//664 664//664 
f 664//664 665//665 664//664 
f 664//664 665//665 611//611 
f 665//665 666//666 611//611 
f 611//611 666//666 667//667 
f 666//666 668//668 667//667 
f 667//667 668//668 669//669 
f 668//668 669//669 669//669 
f 669//669 669//669 667//667 
f 669//669 667//667 667//667 
f 667//667 667//667 667//667 
f 667//667 670//670 667//667 
f 667//667 670//670 611//611 
f 670//670 671//671 611//611 
f 611//611 671//671 642//642 
f 671//671 642//642 642//642 
f 642//642 642//642 667//667 
f 642//642 667//667 667//667 
f 667//667 667//667 667//667 
f 667//667 672//672 667//667 
f 667//667 672//672 670//670 
f 672//672 673//673 670//670 
f 670//670 673//673 674//674 
f 673//673 674//674 674//674 
f 674//674 674//674 667//667 
f 674//674 667//667 667//667 
f 667//667 667//667 667//667 
f 667//667 675//675 667//667 
f 667//667 675//675 672//672 
f 675//675 676//676 672//672 
f 672//672 676//676 676//676 
f 676//676 677//677 676//676 
f 676//676 677//677 677//677 
f 677//677 678//678 677//677 
f 677//677 678//678 679//679 
f 678//678 680//680 679//679 
f 679//679 680//680 681//681 
f 680//680 681//681 681//681 
f 681//681 681//681 679//679 
f 681//681 679//679 679//679 
f 679//679 679//679 679//679 
f 679//679 681//681 679//679 
f 679//679 681//681 682//682 
f 681//681 683//683 682//682 
f 682//682 683//683 683//683 
f 683//683 681//681 683//683 
f 683//683 681//681 681//681 
f 681//681 684//684 681//681 
f 681//681 684//684 683//683 
f 684//684 685//685 683//683 
f 683//683 685//685 685//685 
f 685//685 684//684 685//685 
f 685//685 684//684 684//684 
f 684//684 686//686 684//684 
f 684//684 686//686 685//685 
f 686//686 687//687 685//685 
f 685//685 687//687 687//687 
f 687//687 686//686 687//687 
f 687//687 686//686 686//686 
f 686//686 688//688 686//686 
f 686//686 688//688 687//687 
f 688//688 689//689 687//687 
f 687//687 689//689 689//689 
f 689//689 688//688 689//689 
f 689//689 688//688 688//688 
f 688//688 690//690 688//688 
f 688//688 690//690 689//689 
f 690//690 691//691 689//689 
f 689//689 691//691 691//691 
f 691//691 690//690 691//691 
f 691//691 690//690 690//690 
f 690//690 692//692 690//690 
f 690//690 692//692 691//691 
f 692//692 693//693 691//691 
f 691//691 693//693 693//693 
f 693//693 692//692 693//693 
f 693//693 692//692 692//692 
f 692//692 694//694 692//692 
f 692//692 694//694 693//693 
f 694//694 695//695 693//693 
f 693//693 695//695 695//695 
f 695//695 694//694 695//695 
f 695//695 694//694 694//694 
f 694//694 696//696 694//694 
f 694//694 696//696 695//695 
f 696//696 697//697 695//695 
f 695//695 697//697 697//697 
f 697//697 696//696 697//697 
f 697//697 696//696 696//696 
f 696//696 698//698 696//696 
f 696//696 698//698 697//697 
f 698//698 699//699 697//697 
f 697//697 699//699 699//699 
f 699//699 698//698 699//699 
f 699//699 698//698 698//698 
f 698//698 700//700 698//698 
f 698//698 700//700 699//699 
f 700//700 701//701 699//699 
f 699//699 701//701 701//701 
f 701//701 700//700 701//701 
f 701//701 700//700 700//700 
f 700//700 702//702 700//700 
f 700//700 702//702 701//701 
f 702//702 703//703 701//701 
f 701//701 703//703 703//703 
f 703//703 702//702 703//703 
f 703//703 702//702 702//702 
f 702//702 704//704 702//702 
f 702//702 704//704 703//703 
f 704//704 705//705 703//703 
f 703//703 705//705 705//705 
f 705//705 704//704 705//705 
f 705//705 704//704 704//704 
f 704//704 706//706 704//704 
f 704//704 706//706 705//705 
f 706//706 707//707 705//705 
f 705//705 707//707 707//707 
f 707//707 706//706 707//707 
f 707//707 706//706 706//706 
f 706//706 708//708 706//706 
f 706//706 708//708 707//707 
f 708//708 709//709 707//707 
f 707//707 709//709 709//709 
f 709//709 708//708 709//709 
f 709//709 708//708 708//708 
f 708//708 710//710 708//708 
f 708//708 710//710 709//709 
f 710//710 711//711 709//709 
f 709//709 711//711 711//711 
f 711//711 710//710 711//711 
f 711//711 710//710 710//710 
f 710//710 712//712 710//710 
f 710//710 712//712 711//711 
f 712//712 713//713 711//711 
f 711//711 713//713 713//713 
f 713//713 712//712 713//713 
f 713//713 712//712 712//712 
f 712//712 714//714 712//712 
f 712//712 714//714 713//713 
f 714//714 715//715 713//713 
f 713//713 715//715 715//715 
f 715//715 714//714 715//715 
f 715//715 714//714 714//714 
f 714//714 716//716 714//714 
f 714//714 716//716 715//715 
f 716//716 717//717 715//715 
f 715//715 717//717 717//717 
f 717//717 716//716 717//717 
f 717//717 716//716 716//716 
f 716//716 718//718 716//716 
f 716//716 718//718 717//717 
f 718//718 719//719 717//717 
f 717//717 719//719 719//719 
f 719//719 718//718 719//719 
f 719//719 718//718 718//718 
f 718//718 720//720 718//718 
f 718//718 720//720 719//719 
f 720//720 721//721 719//719 
f 719//719 721//721 721//721 
f 721//721 720//720 721//721 
f 721//721 720//720 720//720 
f 720//720 722//722 720//720 
f 720//720 722//722 721//721 
f 722//722 723//723 721//721 
f 721//721 723//723 723//723 
f 723//723 722//722 723//723 
f 723//723 722//722 722//722 
f 722//722 724//724 722//722 
f 722//722 724//724 723//723 
f 724//724 725//725 723//723 
f 723//723 725//725 725//725 
f 725//725 724//724 725//725 
f 725//725 724//724 724//724 
f 724//724 726//726 724//724 
f 724//724 726//726 725//725 
f 726//726 727//727 725//725 
f 725//725 727//727 727//727 
f 727//727 726//726 727//727 
f 727//727 726//726 726//726 
f 726//726 728//728 726//726 
f 726//726 728//728 727//727 
f 728//728 729//729 727//727 
f 727//727 729//729 729//729 
f 729//729 728//728 729//729 
f 729//729 728//728 728//728 
f 728//728 730//730 728//728 
f 728//728 730//730 729//729 
f 730//730 731//731 729//729 
f 729//729 731//731 731//731 
f 731//731 730//730 731//731 
f 731//731 730//730 730//730 
f 730//730 732//732 730//730 
f 730//730 732//732 731//731 
f 732//732 733//733 731//731 
f 731//731 733//733 733//733 
f 733//733 732//732 733//733 
f 733//733 732//732 732//732 
f 732//732 734//734 732//732 
f 732//732 734//734 733//733 
f 734//734 735//735 733//733 
f 733//733 735//735 735//735 
f 735//735 734//734 735//735 
f 735//735 734//734 734//734 
f 734//734 736//736 734//734 
f 734//734 736//736 735//735 
f 736//736 737//737 735//735 
f 735//735 737//737 737//737 
f 737//737 736//736 737//737 
f 737//737 736//736 736//736 
f 736//736 738//738 736//736 
f 736//736 738//738 737//737 
f 738//738 739//739 737//737 
f 737//737 739//739 739//739 
f 739//739 738//738 739//739 
f 739//739 738//738 738//738 
f 738//738 740//740 738//738 
f 738//738 740//740 739//739 
f 740//740 741//741 739//739 
f 739//739 741//741 741//741 
f 741//741 740//740 741//741 
f 741//741 740//740 740//740 
f 740//740 742//742 740//740 
f 740//740 742//742 741//741 
f 742//742 743//743 741//741 
f 741//741 743//743 743//743 
f 743//743 742//742 743//743 
f 743//743 742//742 742//742 
f 742//742 744//744 742//742 
f 742//742 744//744 743//743 
f 744//744 745//745 743//743 
f 743//743 745//745 745//745 
f 745//745 744//744 745//745 
f 745//745 744//744 744//744 
f 744//744 746//746 744//744 
f 744//744 746//746 745//745 
f 746//746 747//747 745//745 
f 745//745 747//747 747//747 
f 747//747 746//746 747//747 
f 747//747 746//746 746//746 
f 746//746 748//748 746//746 
f 746//746 748//748 747//747 
f 748//748 749//749 747//747 
f 747//747 749//749 749//749 
f 749//749 748//748 749//749 
f 749//749 748//748 748//748 
f 748//748 750//750 748//748 
f 748//748 750//750 749//749 
f 750//750 751//751 749//749 
f 749//749 751//751 751//751 
f 751//751 750//750 751//751 
f 751//751 750//750 750//750 
f 750//750 752//752 750//750 
f 750//750 752//752 751//751 
f 752//752 753//753 751//751 
f 751//751 753//753 753//753 
f 753//753 752//752 753//753 
f 753//753 752//752 752//752 
f 752//752 754//754 752//752 
f 752//752 754//754 753//753 
f 754//754 755//755 753//753 
f 753//753 755//755 756//756 
f 755//755 757//757 756//756 
f 756//756 757//757 757//757 
f 757//757 755//755 757//757 
f 757//757 755//755 755//755 
f 755//755 758//758 755//755 
f 755//755 758//758 757//757 
f 758//758 759//759 757//757 
f 757//757 759//759 759//759 
f 759//759 758//758 759//759 
f 759//759 758//758 758//758 
f 758//758 760//760 758//758 
f 758//758 760//760 759//759 
f 760//760 761//761 759//759 
f 759//759 761//761 761//761 
f 761//761 760//760 761//761 
f 761//761 760//760 760//760 
f 760//760 762//762 760//760 
f 760//760 762//762 761//761 
f 762//762 763//763 761//761 
f 761//761 763//763 763//763 
f 763//763 762//762 763//763 
f 763//763 762//762 762//762 
f 762//762 764//764 762//762 
f 762//762 764//764 763//763 
f 764//764 765//765 763//763 
f 763//763 765//765 765//765 
f 765//765 764//764 765//765 
f 765//765 764//764 764//764 
f 764//764 766//766 764//764 
f 764//764 766//766 765//765 
f 766//766 767//767 765//765 
f 765//765 767//767 767//767 
f 767//767 766//766 767//767 
f 767//767 766//766 766//766 
f 766//766 768//768 766//766 
f 766//766 768//768 767//767 
f 768//768 769//769 767//767 
f 767//767 769//769 769//769 
f 769//769 768//768 769//769 
f 769//769 768//768 768//768 
f 768//768 770//770 768//768 
f 768//768 770//770 769//769 
f 770//770 771//771 769//769 
f 769//769 771//771 771//771 
f 771//771 770//770 771//771 
f 771//771 770//770 770//770 
f 770//770 772//772 770//770 
f 770//770 772//772 771//771 
f 772//772 773//773 771//771 
f 771//771 773//773 773//773 
f 773//773 772//772 773//773 
f 773//773 772//772 772//772 
f 772//772 774//774 772//772 
f 772//772 774//774 773//773 
f 774//774 775//775 773//773 
f 773//773 775//775 775//775 
f 775//775 774//774 775//775 
f 775//775 774//774 774//774 
f 774//774 776//776 774//774 
f 774//774 776//776 775//775 
f 776//776 777//777 775//775 
f 775//775 777//777 777//777 
f 777//777 776//776 777//777 
f 777//777 776//776 776//776 
f 776//776 778//778 776//776 
f 776//776 778//778 777//777 
f 778//778 779//779 777//777 
f 777//777 779//779 779//779 
f 779//779 778//778 779//779 
f 779//779 778//778 778//778 
f 778//778 780//780 778//778 
f 778//778 780//780 779//779 
f 780//780 781//781 779//779 
f 779//779 781//781 781//781 
f 781//781 780//780 781//781 
f 781//781 780//780 780//780 
f 780//780 782//782 780//780 
f 780//780 782//782 781//781 
f 782//782 783//783 781//781 
f 781//781 783//783 783//783 
f 783//783 782//782 783//783 
f 783//783 782//782 782//782 
f 782//782 784//784 782//782 
f 782//782 784//784 783//783 
f 784//784 785//785 783//783 
f 783//783 785//785 785//785 
f 785//785 784//784 785//785 
f 785//785 784//784 784//784 
f 784//784 786//786 784//784 
f 784//784 786//786 785//785 
f 786//786 787//787 785//785 
f 785//785 787//787 787//787 
f 787//787 786//786 787//787 
f 787//787 786//786 786//786 
f 786//786 788//788 786//786 
f 786//786 788//788 787//787 
f 788//788 789//789 787//787 
f 787//787 789//789 789//789 
f 789//789 788//788 789//789 
f 789//789 788//788 788//788 
f 788//788 790//790 788//788 
f 788//788 790//790 789//789 
f 790//790 791//791 789//789 
f 789//789 791//791 791//791 
f 791//791 790//790 791//791 
f 791//791 790//790 790//790 
f 790//790 792//792 790//790 
f 790//790 792//792 791//791 
f 792//792 793//793 791//791 
f 791//791 793//793 793//793 
f 793//793 792//792 793//793 
f 793//793 792//792 792//792 
f 792//792 794//794 792//792 
f 792//792 794//794 793//793 
f 794//794 795//795 793//793 
f 793//793 795//795 795//795 
f 795//795 794//794 795//795 
f 795//795 794//794 794//794 
f 794//794 796//796 794//794 
f 794//794 796//796 795//795 
f 796//796 797//797 795//795 
f 795//795 797//797 797//797 
f 797//797 796//796 797//797 
f 797//797 796//796 796//796 
f 796//796 798//798 796//796 
f 796//796 798//798 797//797 
f 798//798 799//799 797//797 
f 797//797 799//799 799//799 
f 799//799 798//798 799//799 
f 799//799 798//798 798//798 
f 798//798 800//800 798//798 
f 798//798 800//800 799//799 
f 800//800 801//801 799//799 
f 799//799 801//801 801//801 
f 801//801 800//800 801//801 
f 801//801 800//800 800//800 
f 800//800 802//802 800//800 
f 800//800 802//802 801//801 
f 802//802 803//803 801//801 
f 801//801 803//803 803//803 
f 803//803 802//802 803//803 
f 803//803 802//802 802//802 
f 802//802 804//804 802//802 
f 802//802 804//804 803//803 
f 804//804 805//805 803//803 
f 803//803 805//805 805//805 
f 805//805 804//804 805//805 
f 805//805 804//804 804//804 
f 804//804 806//806 804//804 
f 804//804 806//806 805//805 
f 806//806 807//807 805//805 
f 805//805 807//807 807//807 
f 807//807 806//806 807//807 
f 807//807 806//806 806//806 
f 806//806 808//808 806//806 
f 806//806 808//808 807//807 
f 808//808 809//809 807//807 
f 807//807 809//809 809//809 
f 809//809 808//808 809//809 
f 809//809 808//808 808//808 
f 808//808 810//810 808//808 
f 808//808 810//810 809//809 
f 810//810 811//811 809//809 
f 809//809 811//811 811//811 
f 811//811 810//810 811//811 
f 811//811 810//810 810//810 
f 810//810 812//812 810//810 
f 810//810 812//812 811//811 
f 812//812 813//813 811//811 
f 811//811 813//813 813//813 
f 813//813 812//812 813//813 
f 813//813 812//812 812//812 
f 812//812 814//814 812//812 
f 812//812 814//814 813//813 
f 814//814 815//815 813//813 
f 813//813 815//815 815//815 
f 815//815 814//814 815//815 
f 815//815 814//814 814//814 
f 814//814 816//816 814//814 
f 814//814 816//816 815//815 
f 816//816 817//817 815//815 
f 815//815 817//817 817//817 
f 817//817 816//816 817//817 
f 817//817 816//816 816//816 
f 816//816 818//818 816//816 
f 816//816 818//818 817//817 
f 818//818 819//819 817//817 
f 817//817 819//819 819//819 
f 819//819 818//818 819//819 
f 819//819 818//818 818//818 
f 818//818 820//820 818//818 
f 818//818 820//820 819//819 
f 820//820 821//821 819//819 
f 819//819 821//821 821//821 
f 821//821 820//820 821//821 
f 821//821 820//820 820//820 
f 820//820 822//822 820//820 
f 820//820 822//822 821//821 
f 822//822 823//823 821//821 
f 821//821 823//823 823//823 
f 823//823 822//822 823//823 
f 823//823 822//822 822//822 
f 822//822 824//824 822//822 
f 822//822 824//824 823//823 
f 824//824 825//825 823//823 
f 823//823 825//825 825//825 
f 825//825 826//826 825//825 
f 825//825 826//826 826//826 
f 826//826 827//827 826//826 
f 826//826 827//827 47//47 
f 827//827 828//828 47//47 
f 47//47 828//828 829//829 
f 828//828 830//830 829//829 
f 829//829 830//830 831//831 
f 830//830 831//831 831//831 
f 831//831 831//831 829//829 
f 831//831 829//829 829//829 
f 829//829 829//829 829//829 
f 829//829 832//832 829//829 
f 829//829 832//832 47//47 
f 832//832 833//833 47//47 
f 47//47 833//833 834//834 
f 833//833 834//834 834//834 
f 834//834 834//834 834//834 
f 834//834 835//835 834//834 
f 834//834 835//835 47//47 
f 835//835 836//836 47//47 
f 47//47 836//836 837//837 
f 836//836 837//837 837//837 
f 837//837 837//837 837//837 
f 837//837 838//838 837//837 
f 837//837 838//838 47//47 
f 838//838 839//839 47//47 
f 47//47 839//839 840//840 
f 839//839 840//840 840//840 
f 840//840 840//840 840//840 
f 840//840 841//841 840//840 
f 840//840 841//841 47//47 
f 841//841 49//49 47//47 
f 47//47 49//49 49//49 
f 49//49 842//842 49//49 
f 49//49 842//842 842//842 
f 842//842 843//843 842//842 
f 842//842 843//843 363//363 
f 843//843 844//844 363//363 
f 363//363 844//844 845//845 
f 844//844 845//845 845//845 
f 845//845 845//845 846//846 
f 845//845 846//846 846//846 
f 846//846 846//846 846//846 
f 846//846 847//847 846//846 
f 846//846 847//847 848//848 
f 847//847 849//849 848//848 
f 848//848 849//849 849//849 
f 849//849 850//850 849//849 
f 849//849 850//850 850//850 
f 850//850 851//851 850//850 
f 850//850 851//851 852//852 
f 851//851 853//853 852//852 
f 852//852 853//853 854//854 
f 853//853 855//855 854//854 
f 854//854 855//855 856//856 
f 855//855 856//856 856//856 
f 856//856 856//856 856//856 
f 856//856 857//857 856//856 
f 856//856 857//857 854//854 
f 857//857 858//858 854//854 
f 854//854 858//858 859//859 
f 858//858 860//860 859//859 
f 859//859 860//860 860//860 
f 860//860 861//861 860//860 
f 860//860 861//861 861//861 
f 861//861 862//862 861//861 
f 861//861 862//862 853//853 
f 862//862 863//863 853//853 
f 853//853 863//863 864//864 
f 863//863 865//865 864//864 
f 864//864 865//865 866//866 
f 865//865 866//866 866//866 
f 866//866 866//866 864//864 
f 866//866 864//864 864//864 
f 864//864 864//864 864//864 
f 864//864 654//654 864//864 
f 864//864 654//654 853//853 
f 654//654 656//656 853//853 
f 853//853 656//656 867//867 
f 656//656 867//867 867//867 
f 867//867 867//867 867//867 
f 867//867 868//868 867//867 
f 867//867 868//868 853//853 
f 868//868 869//869 853//853 
f 853//853 869//869 870//870 
f 869//869 870//870 870//870 
f 870//870 870//870 870//870 
f 870//870 871//871 870//870 
f 870//870 871//871 853//853 
f 871//871 872//872 853//853 
f 853//853 872//872 873//873 
f 872//872 873//873 873//873 
f 873//873 873//873 873//873 
f 873//873 874//874 873//873 
f 873//873 874//874 853//853 
f 874//874 875//875 853//853 
f 853//853 875//875 876//876 
f 875//875 876//876 876//876 
f 876//876 876//876 876//876 
f 876//876 877//877 876//876 
f 876//876 877//877 853//853 
f 877//877 878//878 853//853 
f 853//853 878//878 879//879 
f 878//878 879//879 879//879 
f 879//879 879//879 879//879 
f 879//879 880//880 879//879 
f 879//879 880//880 853//853 
f 880//880 881//881 853//853 
f 853//853 881//881 882//882 
f 881//881 882//882 882//882 
f 882//882 882//882 882//882 
f 882//882 883//883 882//882 
f 882//882 883//883 853//853 
f 883//883 884//884 853//853 
f 853//853 884//884 885//885 
f 884//884 885//885 885//885 
f 885//885 885//885 885//885 
f 885//885 886//886 885//885 
f 885//885 886//886 853//853 
f 886//886 855//855 853//853 
f 853//853 855//855 855//855 
f 855//855 887//887 855//855 
f 855//855 887//887 887//887 
f 887//887 852//852 887//887 
f 887//887 852//852 888//888 
f 852//852 854//854 888//888 
f 888//888 854//854 889//889 
f 854//854 889//889 889//889 
f 889//889 889//889 890//890 
f 889//889 890//890 890//890 
f 890//890 890//890 890//890 
f 890//890 891//891 890//890 
f 890//890 891//891 892//892 
f 891//891 893//893 892//892 
f 892//892 893//893 894//894 
f 893//893 895//895 894//894 
f 894//894 895//895 896//896 
f 895//895 897//897 896//896 
f 896//896 897//897 898//898 
f 897//897 899//899 898//898 
f 898//898 899//899 900//900 
f 899//899 901//901 900//900 
f 900//900 901//901 902//902 
f 901//901 903//903 902//902 
f 902//902 903//903 904//904 
f 903//903 905//905 904//904 
f 904//904 905//905 906//906 
f 905//905 907//907 906//906 
f 906//906 907//907 908//908 
f 907//907 909//909 908//908 
f 908//908 909//909 910//910 
f 909//909 911//911 910//910 
f 910//910 911//911 912//912 
f 911//911 913//913 912//912 
f 912//912 913//913 914//914 
f 913//913 915//915 914//914 
f 914//914 915//915 916//916 
f 915//915 917//917 916//916 
f 916//916 917//917 918//918 
f 917//917 919//919 918//918 
f 918//918 919//919 920//920 
f 919//919 921//921 920//920 
f 920//920 921//921 922//922 
f 921//921 923//923 922//922 
f 922//922 923//923 924//924 
f 923//923 925//925 924//924 
f 924//924 925//925 926//926 
f 925//925 927//927 926//926 
f 926//926 927//927 928//928 
f 927//927 929//929 928//928 
f 928//928 929//929 930//930 
f 929//929 931//931 930//930 
f 930//930 931//931 932//932 
f 931//931 933//933 932//932 
f 932//932 933//933 934//934 
f 933//933 935//935 934//934 
f 934//934 935//935 936//936 
f 935//935 937//937 936//936 
f 936//936 937//937 938//938 
f 937//937 939//939 938//938 
f 938//938 939//939 940//940 
f 939//939 941//941 940//940 
f 940//940 941//941 942//942 
f 941//941 943//943 942//942 
f 942//942 943//943 944//944 
f 943//943 945//945 944//944 
f 944//944 945//945 946//946 
f 945//945 947//947 946//946 
f 946//946 947//947 948//948 
f 947//947 949//949 948//948 
f 948//948 949//949 950//950 
f 949//949 951//951 950//950 
f 950//950 951//951 952//952 
f 951//951 953//953 952//952 
f 952//952 953//953 954//954 
f 953//953 955//955 954//954 
f 954//954 955//955 956//956 
f 955//955 957//957 956//956 
f 956//956 957//957 957//957 
f 957//957 958//958 957//957 
f 957//957 958//958 958//958 
f 958//958 544//544 958//958 
f 958//958 544//544 959//959 
f 544//544 543//543 959//959 
f 959//959 543//543 960//960 
f 543//543 960//960 960//960 
f 960//960 960//960 961//961 
f 960//960 961//961 961//961 
f 961//961 961//961 961//961 
f 961//961 962//962 961//961 
f 961//961 962//962 963//963 
f 962//962 864//864 963//963 
f 963//963 864//864 964//964 
f 864//864 964//964 964//964 
f 964//964 964//964 864//864 
f 964//964 864//864 864//864 
f 864//864 864//864 864//864 
f 864//864 962//962 864//864 
f 864//864 962//962 654//654 
f 962//962 965//965 654//654 
f 654//654 965//965 966//966 
f 965//965 966//966 966//966 
f 966//966 966//966 967//967 
f 966//966 967//967 967//967 
f 967//967 967//967 967//967 
f 967//967 968//968 967//967 
f 967//967 968//968 969//969 
f 968//968 970//970 969//969 
f 969//969 970//970 971//971 
f 970//970 972//972 971//971 
f 971//971 972//972 973//973 
f 972//972 974//974 973//973 
f 973//973 974//974 975//975 
f 974//974 976//976 975//975 
f 975//975 976//976 977//977 
f 976//976 978//978 977//977 
f 977//977 978//978 979//979 
f 978//978 980//980 979//979 
f 979//979 980//980 981//981 
f 980//980 982//982 981//981 
f 981//981 982//982 983//983 
f 982//982 984//984 983//983 
f 983//983 984//984 985//985 
f 984//984 986//986 985//985 
f 985//985 986//986 987//987 
f 986//986 988//988 987//987 
f 987//987 988//988 989//989 
f 988//988 990//990 989//989 
f 989//989 990//990 991//991 
f 990//990 992//992 991//991 
f 991//991 992//992 993//993 
f 992//992 994//994 993//993 
f 993//993 994//994 995//995 
f 994//994 996//996 995//995 
f 995//995 996//996 997//997 
f 996//996 998//998 997//997 
f 997//997 998//998 999//999 
f 998//998 1000//1000 999//999 
f 999//999 1000//1000 1001//1001 
f 1000//1000 1002//1002 1001//1001 
f 1001//1001 1002//1002 1003//1003 
f 1002//1002 1004//1004 1003//1003 
f 1003//1003 1004//1004 1005//1005 
f 1004//1004 1006//1006 1005//1005 
f 1005//1005 1006//1006 1007//1007 
f 1006//1006 1008//1008 1007//1007 
f 1007//1007 1008//1008 1009//1009 
f 1008//1008 1010//1010 1009//1009 
f 1009//1009 1010//1010 1011//1011 
f 1010//1010 1012//1012 1011//1011 
f 1011//1011 1012//1012 1013//1013 
f 1012//1012 1014//1014 1013//1013 
f 1013//1013 1014//1014 1015//1015 
f 1014//1014 1016//1016 1015//1015 
f 1015//1015 1016//1016 1017//1017 
f 1016//1016 1018//1018 1017//1017 
f 1017//1017 1018//1018 1019//1019 
f 1018//1018 1020//1020 1019//1019 
f 1019//1019 1020//1020 1021//1021 
f 1020//1020 1022//1022 1021//1021 
f 1021//1021 1022//1022 1023//1023 
f 1022//1022 1024//1024 1023//1023 
f 1023//1023 1024//1024 1025//1025 
f 1024//1024 1026//1026 1025//1025 
f 1025//1025 1026//1026 1027//1027 
f 1026//1026 1028//1028 1027//1027 
f 1027//1027 1028//1028 1029//1029 
f 1028//1028 1030//1030 1029//1029 
f 1029//1029 1030//1030 1031//1031 
f 1030//1030 1032//1032 1031//1031 
f 1031//1031 1032//1032 1033//1033 
f 1032//1032 1034//1034 1033//1033 
f 1033//1033 1034//1034 1035//1035 
f 1034//1034 1036//1036 1035//1035 
f 1035//1035 1036//1036 1036//1036 
f 1036//1036 1037//1037 1036//1036 
f 1036//1036 1037//1037 1037//1037 
f 1037//1037 1038//1038 1037//1037 
f 1037//1037 1038//1038 1039//1039 
f 1038//1038 1040//1040 1039//1039 
f 1039//1039 1040//1040 1040//1040 
f 1040//1040 1041//1041 1040//1040 
f 1040//1040 1041//1041 1041//1041 
f 1041//1041 1042//1042 1041//1041 
f 1041//1041 1042//1042 1043//1043 
f 1042//1042 1044//1044 1043//1043 
f 1043//1043 1044//1044 1044//1044 
f 1044//1044 1045//1045 1044//1044 
f 1044//1044 1045//1045 1045//1045 
f 1045//1045 1046//1046 1045//1045 
f 1045//1045 1046//1046 1047//1047 
f 1046//1046 1048//1048 1047//1047 
f 1047//1047 1048//1048 1048//1048 
f 1048//1048 1049//1049 1048//1048 
f 1048//1048 1049//1049 1049//1049 
f 1049//1049 1050//1050 1049//1049 
f 1049//1049 1050//1050 1051//1051 
f 1050//1050 1052//1052 1051//1051 
f 1051//1051 1052//1052 1052//1052 
f 1052//1052 1053//1053 1052//1052 
f 1052//1052 1053//1053 1053//1053 
f 1053//1053 1054//1054 1053//1053 
f 1053//1053 1054//1054 1055//1055 
f 1054//1054 1056//1056 1055//1055 
f 1055//1055 1056//1056 1057//1057 
f 1056//1056 1058//1058 1057//1057 
f 1057//1057 1058//1058 1059//1059 
f 1058//1058 1060//1060 1059//1059 
f 1059//1059 1060//1060 1061//1061 
f 1060//1060 1062//1062 1061//1061 
f 1061//1061 1062//1062 1063//1063 
f 1062//1062 1064//1064 1063//1063 
f 1063//1063 1064//1064 1065//1065 
f 1064//1064 1066//1066 1065//1065 
f 1065//1065 1066//1066 1067//1067 
f 1066//1066 1068//1068 1067//1067 
f 1067//1067 1068//1068 1069//1069 
f 1068//1068 1070//1070 1069//1069 
f 1069//1069 1070//1070 1071//1071 
f 1070//1070 1072//1072 1071//1071 
f 1071//1071 1072//1072 1073//1073 
f 1072//1072 1074//1074 1073//1073 
f 1073//1073 1074//1074 1075//1075 
f 1074//1074 1076//1076 1075//1075 
f 1075//1075 1076//1076 1077//1077 
f 1076//1076 1078//1078 1077//1077 
f 1077//1077 1078//1078 1079//1079 
f 1078//1078 1080//1080 1079//1079 
f 1079//1079 1080//1080 1081//1081 
f 1080//1080 1082//1082 1081//1081 
f 1081//1081 1082//1082 1083//1083 
f 1082//1082 1084//1084 1083//1083 
f 1083//1083 1084//1084 1085//1085 
f 1084//1084 1086//1086 1085//1085 
f 1085//1085 1086//1086 1087//1087 
f 1086//1086 1088//1088 1087//1087 
f 1087//1087 1088//1088 1089//1089 
f 1088//1088 1090//1090 1089//1089 
f 1089//1089 1090//1090 1091//1091 
f 1090//1090 1092//1092 1091//1091 
f 1091//1091 1092//1092 1092//1092 
f 1092//1092 1093//1093 1092//1092 
f 1092//1092 1093//1093 1093//1093 
f 1093//1093 1094//1094 1093//1093 
f 1093//1093 1094//1094 1095//1095 
f 1094//1094 1096//1096 1095//1095 
f 1095//1095 1096//1096 1096//1096 
f 1096//1096 1097//1097 1096//1096 
f 1096//1096 1097//1097 1097//1097 
f 1097//1097 1098//1098 1097//1097 
f 1097//1097 1098//1098 1099//1099 
f 1098//1098 1100//1100 1099//1099 
f 1099//1099 1100//1100 1101//1101 
f 1100//1100 1102//1102 1101//1101 
f 1101//1101 1102//1102 1103//1103 
f 1102//1102 1103//1103 1103//1103 
f 1103//1103 1103//1103 1103//1103 
f 1103//1103 1104//1104 1103//1103 
f 1103//1103 1104//1104 1101//1101 
f 1104//1104 1105//1105 1101//1101 
f 1101//1101 1105//1105 1106//1106 
f 1105//1105 1107//1107 1106//1106 
f 1106//1106 1107//1107 1107//1107 
f 1107//1107 1105//1105 1107//1107 
f 1107//1107 1105//1105 1105//1105 
f 1105//1105 1108//1108 1105//1105 
f 1105//1105 1108//1108 1107//1107 
f 1108//1108 1109//1109 1107//1107 
f 1107//1107 1109//1109 1109//1109 
f 1109//1109 1108//1108 1109//1109 
f 1109//1109 1108//1108 1108//1108 
f 1108//1108 1110//1110 1108//1108 
f 1108//1108 1110//1110 1109//1109 
f 1110//1110 1111//1111 1109//1109 
f 1109//1109 1111//1111 1111//1111 
f 1111//1111 1112//1112 1111//1111 
f 1111//1111 1112//1112 1112//1112 
f 1112//1112 1113//1113 1112//1112 
f 1112//1112 1113//1113 1114//1114 
f 1113//1113 1115//1115 1114//1114 
f 1114//1114 1115//1115 1116//1116 
f 1115//1115 1117//1117 1116//1116 
f 1116//1116 1117//1117 1118//1118 
f 1117//1117 1119//1119 1118//1118 
f 1118//1118 1119//1119 1120//1120 
f 1119//1119 1121//1121 1120//1120 
f 1120//1120 1121//1121 1122//1122 
f 1121//1121 1123//1123 1122//1122 
f 1122//1122 1123//1123 1124//1124 
f 1123//1123 1125//1125 1124//1124 
f 1124//1124 1125//1125 1126//1126 
f 1125//1125 1127//1127 1126//1126 
f 1126//1126 1127//1127 1128//1128 
f 1127//1127 1129//1129 1128//1128 
f 1128//1128 1129//1129 1130//1130 
f 1129//1129 1131//1131 1130//1130 
f 1130//1130 1131//1131 1132//1132 
f 1131//1131 1133//1133 1132//1132 
f 1132//1132 1133//1133 1134//1134 
f 1133//1133 1135//1135 1134//1134 
f 1134//1134 1135//1135 1136//1136 
f 1135//1135 1137//1137 1136//1136 
f 1136//1136 1137//1137 1138//1138 
f 1137//1137 1139//1139 1138//1138 
f 1138//1138 1139//1139 1140//1140 
f 1139//1139 1141//1141 1140//1140 
f 1140//1140 1141//1141 1142//1142 
f 1141//1141 1143//1143 1142//1142 
f 1142//1142 1143//1143 1144//1144 
f 1143//1143 1145//1145 1144//1144 
f 1144//1144 1145//1145 1146//1146 
f 1145//1145 1147//1147 1146//1146 
f 1146//1146 1147//1147 1148//1148 
f 1147//1147 1149//1149 1148//1148 
f 1148//1148 1149//1149 1150//1150 
f 1149//1149 1151//1151 1150//1150 
f 1150//1150 1151//1151 1152//1152 
f 1151//1151 1153//1153 1152//1152 
f 1152//1152 1153//1153 1154//1154 
f 1153//1153 1155//1155 1154//1154 
f 1154//1154 1155//1155 1156//1156 
f 1155//1155 1157//1157 1156//1156 
f 1156//1156 1157//1157 1158//1158 
f 1157//1157 1159//1159 1158//1158 
f 1158//1158 1159//1159 1160//1160 
f 1159//1159 1161//1161 1160//1160 
f 1160//1160 1161//1161 1162//1162 
f 1161//1161 1163//1163 1162//1162 
f 1162//1162 1163//1163 1164//1164 
f 1163//1163 1165//1165 1164//1164 
f 1164//1164 1165//1165 1166//1166 
f 1165//1165 1167//1167 1166//1166 
f 1166//1166 1167//1167 1168//1168 
f 1167//1167 1169//1169 1168//1168 
f 1168//1168 1169//1169 1170//1170 
f 1169//1169 1171//1171 1170//1170 
f 1170//1170 1171//1171 1172//1172 
f 1171//1171 1173//1173 1172//1172 
f 1172//1172 1173//1173 1174//1174 
f 1173//1173 1175//1175 1174//1174 
f 1174//1174 1175//1175 1176//1176 
f 1175//1175 1177//1177 1176//1176 
f 1176//1176 1177//1177 1178//1178 
f 1177//1177 1179//1179 1178//1178 
f 1178//1178 1179//1179 1180//1180 
f 1179//1179 1181//1181 1180//1180 
f 1180//1180 1181//1181 1182//1182 
f 1181//1181 1183//1183 1182//1182 
f 1182//1182 1183//1183 1184//1184 
f 1183//1183 1185//1185 1184//1184 
f 1184//1184 1185//1185 1186//1186 
f 1185//1185 1187//1187 1186//1186 
f 1186//1186 1187//1187 1188//1188 
f 1187//1187 1189//1189 1188//1188 
f 1188//1188 1189//1189 1190//1190 
f 1189//1189 1191//1191 1190//1190 
f 1190//1190 1191//1191 1192//1192 
f 1191//1191 1193//1193 1192//1192 
f 1192//1192 1193//1193 1194//1194 
f 1193//1193 1195//1195 1194//1194 
f 1194//1194 1195//1195 1196//1196 
f 1195//1195 1197//1197 1196//1196 
f 1196//1196 1197//1197 1198//1198 
f 1197//1197 1199//1199 1198//1198 
f 1198//1198 1199//1199 1200//1200 
f 1199//1199 1201//1201 1200//1200 
f 1200//1200 1201//1201 1202//1202 
f 1201//1201 1203//1203 1202//1202 
f 1202//1202 1203//1203 1204//1204 
f 1203//1203 1205//1205 1204//1204 
f 1204//1204 1205//1205 1206//1206 
f 1205//1205 1207//1207 1206//1206 
f 1206//1206 1207//1207 1208//1208 
f 1207//1207 1209//1209 1208//1208 
f 1208//1208 1209//1209 1210//1210 
f 1209//1209 1211//1211 1210//1210 
f 1210//1210 1211//1211 1212//1212 
f 1211//1211 1213//1213 1212//1212 
f 1212//1212 1213//1213 1214//1214 
f 1213//1213 1215//1215 1214//1214 
f 1214//1214 1215//1215 1216//1216 
f 1215//1215 1217//1217 1216//1216 
f 1216//1216 1217//1217 1218//1218 
f 1217//1217 1219//1219 1218//1218 
f 1218//1218 1219//1219 1220//1220 
f 1219//1219 1221//1221 1220//1220 
f 1220//1220 1221//1221 1222//1222 
f 1221//1221 1223//1223 1222//1222 
f 1222//1222 1223//1223 1224//1224 
f 1223//1223 1225//1225 1224//1224 
f 1224//1224 1225//1225 1226//1226 
f 1225//1225 1227//1227 1226//1226 
f 1226//1226 1227//1227 1228//1228 
f 1227//1227 1229//1229 1228//1228 
f 1228//1228 1229//1229 1230//1230 
f 1229//1229 1231//1231 1230//1230 
f 1230//1230 1231//1231 1232//1232 
f 1231//1231 1233//1233 1232//1232 
f 1232//1232 1233//1233 1234//1234 
f 1233//1233 1235//1235 1234//1234 
f 1234//1234 1235//1235 1236//1236 
f 1235//1235 1237//1237 1236//1236 
f 1236//1236 1237//1237 1238//1238 
f 1237//1237 1239//1239 1238//1238 
f 1238//1238 1239//1239 1240//1240 
f 1239//1239 1241//1241 1240//1240 
f 1240//1240 1241//1241 1242//1242 
f 1241//1241 1243//1243 1242//1242 
f 1242//1242 1243//1243 1244//1244 
f 1243//1243 1245//1245 1244//1244 
f 1244//1244 1245//1245 1245//1245 
f 1245//1245 1246//1246 1245//1245 
f 1245//1245 1246//1246 1246//1246 
f 1246//1246 1247//1247 1246//1246 
f 1246//1246 1247//1247 1100//1100 
f 1247//1247 1248//1248 1100//1100 
f 1100//1100 1248//1248 1249//1249 
f 1248//1248 1250//1250 1249//1249 
f 1249//1249 1250//1250 1251//1251 
f 1250//1250 1251//1251 1251//1251 
f 1251//1251 1251//1251 1100//1100 
f 1251//1251 1100//1100 1100//1100 
f 1100//1100 1100//1100 1100//1100 
f 1100//1100 1249//1249 1100//1100 
f 1100//1100 1249//1249 1252//1252 
f 1249//1249 1253//1253 1252//1252 
f 1252//1252 1253//1253 1254//1254 
f 1253//1253 1255//1255 1254//1254 
f 1254//1254 1255//1255 1255//1255 
f 1255//1255 1252//1252 1255//1255 
f 1255//1255 1252//1252 1252//1252 
f 1252//1252 1256//1256 1252//1252 
f 1252//1252 1256//1256 1100//1100 
f 1256//1256 1257//1257 1100//1100 
f 1100//1100 1257//1257 1258//1258 
f 1257//1257 1258//1258 1258//1258 
f 1258//1258 1258//1258 1258//1258 
f 1258//1258 1259//1259 1258//1258 
f 1258//1258 1259//1259 1100//1100 
f 1259//1259 1260//1260 1100//1100 
f 1100//1100 1260//1260 1261//1261 
f 1260//1260 1261//1261 1261//1261 
f 1261//1261 1261//1261 1261//1261 
f 1261//1261 1262//1262 1261//1261 
f 1261//1261 1262//1262 1100//1100 
f 1262//1262 1263//1263 1100//1100 
f 1100//1100 1263//1263 1264//1264 
f 1263//1263 1264//1264 1264//1264 
f 1264//1264 1264//1264 1264//1264 
f 1264//1264 1265//1265 1264//1264 
f 1264//1264 1265//1265 1100//1100 
f 1265//1265 1266//1266 1100//1100 
f 1100//1100 1266//1266 1267//1267 
f 1266//1266 1267//1267 1267//1267 
f 1267//1267 1267//1267 1267//1267 
f 1267//1267 1268//1268 1267//1267 
f 1267//1267 1268//1268 1100//1100 
f 1268//1268 1269//1269 1100//1100 
f 1100//1100 1269//1269 1270//1270 
f 1269//1269 1270//1270 1270//1270 
f 1270//1270 1270//1270 1270//1270 
f 1270//1270 1271//1271 1270//1270 
f 1270//1270 1271//1271 1100//1100 
f 1271//1271 1102//1102 1100//1100 
f 1100//1100 1102//1102 1102//1102 
f 1102//1102 1272//1272 1102//1102 
f 1102//1102 1272//1272 1272//1272 
f 1272//1272 1253//1253 1272//1272 
f 1272//1272 1253//1253 1273//1273 
f 1253//1253 1249//1249 1273//1273 
f 1273//1273 1249//1249 1274//1274 
f 1249//1249 1274//1274 1274//1274 
f 1274//1274 1274//1274 1275//1275 
f 1274//1274 1275//1275 1275//1275 
f 1275//1275 1275//1275 1275//1275 
f 1275//1275 1276//1276 1275//1275 
f 1275//1275 1276//1276 50//50 
f 1276//1276 51//51 50//50 
f 50//50 51//51 51//51 
f 51//51 1277//1277 51//51 
f 51//51 1277//1277 1277//1277 
f 1277//1277 1278//1278 1277//1277 
f 1277//1277 1278//1278 1252//1252 
f 1278//1278 1279//1279 1252//1252 
f 1252//1252 1279//1279 1279//1279 
f 1279//1279 1278//1278 1279//1279 
f 1279//1279 1278//1278 1280//1280 
f 1278//1278 1281//1281 1280//1280 
f 1280//1280 1281//1281 1281//1281 
f 1281//1281 1282//1282 1281//1281 
f 1281//1281 1282//1282 1282//1282 
f 1282//1282 1283//1283 1282//1282 
f 1282//1282 1283//1283 1284//1284 
f 1283//1283 1285//1285 1284//1284 
f 1284//1284 1285//1285 1286//1286 
f 1285//1285 1287//1287 1286//1286 
f 1286//1286 1287//1287 1288//1288 
f 1287//1287 1289//1289 1288//1288 
f 1288//1288 1289//1289 1289//1289 
f 1289//1289 1290//1290 1289//1289 
f 1289//1289 1290//1290 1290//1290 
f 1290//1290 1252//1252 1290//1290 
f 1290//1290 1252//1252 1291//1291 
f 1252//1252 1254//1254 1291//1291 
f 1291//1291 1254//1254 1292//1292 
f 1254//1254 1292//1292 1292//1292 
f 1292//1292 1292//1292 1293//1293 
f 1292//1292 1293//1293 1293//1293 
f 1293//1293 1293//1293 1293//1293 
f 1293//1293 1294//1294 1293//1293 
f 1293//1293 1294//1294 1295//1295 
f 1294//1294 1296//1296 1295//1295 
f 1295//1295 1296//1296 1296//1296 
f 1296//1296 1297//1297 1296//1296 
f 1296//1296 1297//1297 1297//1297 
f 1297//1297 1298//1298 1297//1297 
f 1297//1297 1298//1298 1252//1252 
f 1298//1298 1299//1299 1252//1252 
f 1252//1252 1299//1299 1300//1300 
f 1299//1299 1300//1300 1300//1300 
f 1300//1300 1300//1300 1300//1300 
f 1300//1300 1301//1301 1300//1300 
f 1300//1300 1301//1301 1252//1252 
f 1301//1301 1302//1302 1252//1252 
f 1252//1252 1302//1302 1303//1303 
f 1302//1302 1303//1303 1303//1303 
f 1303//1303 1303//1303 1303//1303 
f 1303//1303 1304//1304 1303//1303 
f 1303//1303 1304//1304 1252//1252 
f 1304//1304 1305//1305 1252//1252 
f 1252//1252 1305//1305 1306//1306 
f 1305//1305 1306//1306 1306//1306 
f 1306//1306 1306//1306 1306//1306 
f 1306//1306 1307//1307 1306//1306 
f 1306//1306 1307//1307 1252//1252 
f 1307//1307 1308//1308 1252//1252 
f 1252//1252 1308//1308 1309//1309 
f 1308//1308 1309//1309 1309//1309 
f 1309//1309 1309//1309 1309//1309 
f 1309//1309 1310//1310 1309//1309 
f 1309//1309 1310//1310 1252//1252 
f 1310//1310 1256//1256 1252//1252 
f 1252//1252 1256//1256 1256//1256 
f 1256//1256 1311//1311 1256//1256 
f 1256//1256 1311//1311 1311//1311 
f 1311//1311 1312//1312 1311//1311 
f 1311//1311 1312//1312 1313//1313 
f 1312//1312 1314//1314 1313//1313 
f 1313//1313 1314//1314 1314//1314 
f 1314//1314 1315//1315 1314//1314 
f 1314//1314 1315//1315 1315//1315 
f 1315//1315 1316//1316 1315//1315 
f 1315//1315 1316//1316 1317//1317 
f 1316//1316 1318//1318 1317//1317 
f 1317//1317 1318//1318 1319//1319 
f 1318//1318 1319//1319 1319//1319 
f 1319//1319 1319//1319 1317//1317 
f 1319//1319 1317//1317 1317//1317 
f 1317//1317 1317//1317 1317//1317 
f 1317//1317 1319//1319 1317//1317 
f 1317//1317 1319//1319 1320//1320 
f 1319//1319 1321//1321 1320//1320 
f 1320//1320 1321//1321 1322//1322 
f 1321//1321 1322//1322 1322//1322 
f 1322//1322 1322//1322 1317//1317 
f 1322//1322 1317//1317 1317//1317 
f 1317//1317 1317//1317 1317//1317 
f 1317//1317 1320//1320 1317//1317 
f 1317//1317 1320//1320 1323//1323 
f 1320//1320 1324//1324 1323//1323 
f 1323//1323 1324//1324 1324//1324 
f 1324//1324 5//5 1324//1324 
f 1324//1324 5//5 5//5 
f 5//5 1325//1325 5//5 
f 5//5 1325//1325 3//3 
f 1325//1325 1326//1326 3//3 
f 3//3 1326//1326 1327//1327 
f 1326//1326 1327//1327 1327//1327 
f 1327//1327 1327//1327 1328//1328 
f 1327//1327 1328//1328 1328//1328 
f 1328//1328 1328//1328 1328//1328 
f 1328//1328 1329//1329 1328//1328 
f 1328//1328 1329//1329 1330//1330 
f 1329//1329 1331//1331 1330//1330 
f 1330//1330 1331//1331 1332//1332 
f 1331//1331 1333//1333 1332//1332 
f 1332//1332 1333//1333 1334//1334 
f 1333//1333 1334//1334 1334//1334 
f 1334//1334 1334//1334 1332//1332 
f 1334//1334 1332//1332 1332//1332 
f 1332//1332 1332//1332 1332//1332 
f 1332//1332 1335//1335 1332//1332 
f 1332//1332 1335//1335 1330//1330 
f 1335//1335 1336//1336 1330//1330 
f 1330//1330 1336//1336 1336//1336 
f 1336//1336 1337//1337 1336//1336 
f 1336//1336 1337//1337 1337//1337 
f 1337//1337 1338//1338 1337//1337 
f 1337//1337 1338//1338 1339//1339 
f 1338//1338 101//101 1339//1339 
f 1339//1339 101//101 1340//1340 
f 101//101 1340//1340 1340//1340 
f 1340//1340 1340//1340 1338//1338 
f 1340//1340 1338//1338 1338//1338 
f 1338//1338 1338//1338 1338//1338 
f 1338//1338 1341//1341 1338//1338 
f 1338//1338 1341//1341 101//101 
f 1341//1341 1342//1342 101//101 
f 101//101 1342//1342 1343//1343 
f 1342//1342 1344//1344 1343//1343 
f 1343//1343 1344//1344 1344//1344 
f 1344//1344 1343//1343 1344//1344 
f 1344//1344 1343//1343 1343//1343 
f 1343//1343 1345//1345 1343//1343 
f 1343//1343 1345//1345 101//101 
f 1345//1345 1346//1346 101//101 
f 101//101 1346//1346 1347//1347 
f 1346//1346 1347//1347 1347//1347 
f 1347//1347 1347//1347 1347//1347 
f 1347//1347 1348//1348 1347//1347 
f 1347//1347 1348//1348 101//101 
f 1348//1348 1349//1349 101//101 
f 101//101 1349//1349 1350//1350 
f 1349//1349 1350//1350 1350//1350 
f 1350//1350 1350//1350 1350//1350 
f 1350//1350 1351//1351 1350//1350 
f 1350//1350 1351//1351 101//101 
f 1351//1351 1352//1352 101//101 
f 101//101 1352//1352 1353//1353 
f 1352//1352 1353//1353 1353//1353 
f 1353//1353 1353//1353 1353//1353 
f 1353//1353 1354//1354 1353//1353 
f 1353//1353 1354//1354 101//101 
f 1354//1354 1355//1355 101//101 
f 101//101 1355//1355 92//92 
f 1355//1355 92//92 92//92 
f 92//92 92//92 1356//1356 
f 92//92 1356//1356 1356//1356 
f 1356//1356 1356//1356 1356//1356 
f 1356//1356 1357//1357 1356//1356 
f 1356//1356 1357//1357 1358//1358 
f 1357//1357 1359//1359 1358//1358 
f 1358//1358 1359//1359 1359//1359 
f 1359//1359 1360//1360 1359//1359 
f 1359//1359 1360//1360 1360//1360 
f 1360//1360 1361//1361 1360//1360 
f 1360//1360 1361//1361 1362//1362 
f 1361//1361 1363//1363 1362//1362 
f 1362//1362 1363//1363 1363//1363 
f 1363//1363 1364//1364 1363//1363 
f 1363//1363 1364//1364 1364//1364 
f 1364//1364 1365//1365 1364//1364 
f 1364//1364 1365//1365 1341//1341 
f 1365//1365 1366//1366 1341//1341 
f 1341//1341 1366//1366 1342//1342 
f 1366//1366 1367//1367 1342//1342 
f 1342//1342 1367//1367 1368//1368 
f 1367//1367 1368//1368 1368//1368 
f 1368//1368 1368//1368 1369//1369 
f 1368//1368 1369//1369 1369//1369 
f 1369//1369 1369//1369 1369//1369 
f 1369//1369 1370//1370 1369//1369 
f 1369//1369 1370//1370 1371//1371 
f 1370//1370 1372//1372 1371//1371 
f 1371//1371 1372//1372 1372//1372 
f 1372//1372 1373//1373 1372//1372 
f 1372//1372 1373//1373 1373//1373 
f 1373//1373 1374//1374 1373//1373 
f 1373//1373 1374//1374 1375//1375 
f 1374//1374 1376//1376 1375//1375 
f 1375//1375 1376//1376 1376//1376 
f 1376//1376 1377//1377 1376//1376 
f 1376//1376 1377//1377 1377//1377 
f 1377//1377 1378//1378 1377//1377 
f 1377//1377 1378//1378 1379//1379 
f 1378//1378 1380//1380 1379//1379 
f 1379//1379 1380//1380 1380//1380 
f 1380//1380 1381//1381 1380//1380 
f 1380//1380 1381//1381 1381//1381 
f 1381//1381 1382//1382 1381//1381 
f 1381//1381 1382//1382 1383//1383 
f 1382//1382 1384//1384 1383//1383 
f 1383//1383 1384//1384 1384//1384 
f 1384//1384 1385//1385 1384//1384 
f 1384//1384 1385//1385 1385//1385 
f 1385//1385 1386//1386 1385//1385 
f 1385//1385 1386//1386 1387//1387 
f 1386//1386 1388//1388 1387//1387 
f 1387//1387 1388//1388 1389//1389 
f 1388//1388 1390//1390 1389//1389 
f 1389//1389 1390//1390 1390//1390 
f 1390//1390 1391//1391 1390//1390 
f 1390//1390 1391//1391 1391//1391 
f 1391//1391 1392//1392 1391//1391 
f 1391//1391 1392//1392 1393//1393 
f 1392//1392 1394//1394 1393//1393 
f 1393//1393 1394//1394 1394//1394 
f 1394//1394 1395//1395 1394//1394 
f 1394//1394 1395//1395 1395//1395 
f 1395//1395 1396//1396 1395//1395 
f 1395//1395 1396//1396 1397//1397 
f 1396//1396 1398//1398 1397//1397 
f 1397//1397 1398//1398 1398//1398 
f 1398//1398 1399//1399 1398//1398 
f 1398//1398 1399//1399 1399//1399 
f 1399//1399 1400//1400 1399//1399 
f 1399//1399 1400//1400 1401//1401 
f 1400//1400 1402//1402 1401//1401 
f 1401//1401 1402//1402 1402//1402 
f 1402//1402 1403//1403 1402//1402 
f 1402//1402 1403//1403 1403//1403 
f 1403//1403 1404//1404 1403//1403 
f 1403//1403 1404//1404 1405//1405 
f 1404//1404 1406//1406 1405//1405 
f 1405//1405 1406//1406 1407//1407 
f 1406//1406 1408//1408 1407//1407 
f 1407//1407 1408//1408 1409//1409 
f 1408//1408 1410//1410 1409//1409 
f 1409//1409 1410//1410 1410//1410 
f 1410//1410 1411//1411 1410//1410 
f 1410//1410 1411//1411 1411//1411 
f 1411//1411 1412//1412 1411//1411 
f 1411//1411 1412//1412 1413//1413 
f 1412//1412 1414//1414 1413//1413 
f 1413//1413 1414//1414 1414//1414 
f 1414//1414 1415//1415 1414//1414 
f 1414//1414 1415//1415 1415//1415 
f 1415//1415 1416//1416 1415//1415 
f 1415//1415 1416//1416 1417//1417 
f 1416//1416 1418//1418 1417//1417 
f 1417//1417 1418//1418 1418//1418 
f 1418//1418 1419//1419 1418//1418 
f 1418//1418 1419//1419 1419//1419 
f 1419//1419 1420//1420 1419//1419 
f 1419//1419 1420//1420 1421//1421 
f 1420//1420 1422//1422 1421//1421 
f 1421//1421 1422//1422 1423//1423 
f 1422//1422 1424//1424 1423//1423 
f 1423//1423 1424//1424 1424//1424 
f 1424//1424 1425//1425 1424//1424 
f 1424//1424 1425//1425 1425//1425 
f 1425//1425 1426//1426 1425//1425 
f 1425//1425 1426//1426 1342//1342 
f 1426//1426 1427//1427 1342//1342 
f 1342//1342 1427//1427 1428//1428 
f 1427//1427 1429//1429 1428//1428 
f 1428//1428 1429//1429 1430//1430 
f 1429//1429 1430//1430 1430//1430 
f 1430//1430 1430//1430 1342//1342 
f 1430//1430 1342//1342 1342//1342 
f 1342//1342 1342//1342 1342//1342 
f 1342//1342 1428//1428 1342//1342 
f 1342//1342 1428//1428 1431//1431 
f 1428//1428 1432//1432 1431//1431 
f 1431//1431 1432//1432 1433//1433 
f 1432//1432 1434//1434 1433//1433 
f 1433//1433 1434//1434 1434//1434 
f 1434//1434 1431//1431 1434//1434 
f 1434//1434 1431//1431 1431//1431 
f 1431//1431 1435//1435 1431//1431 
f 1431//1431 1435//1435 1342//1342 
f 1435//1435 1436//1436 1342//1342 
f 1342//1342 1436//1436 1437//1437 
f 1436//1436 1437//1437 1437//1437 
f 1437//1437 1437//1437 1437//1437 
f 1437//1437 1438//1438 1437//1437 
f 1437//1437 1438//1438 1342//1342 
f 1438//1438 1439//1439 1342//1342 
f 1342//1342 1439//1439 1440//1440 
f 1439//1439 1440//1440 1440//1440 
f 1440//1440 1440//1440 1440//1440 
f 1440//1440 1441//1441 1440//1440 
f 1440//1440 1441//1441 1342//1342 
f 1441//1441 1442//1442 1342//1342 
f 1342//1342 1442//1442 1443//1443 
f 1442//1442 1443//1443 1443//1443 
f 1443//1443 1443//1443 1443//1443 
f 1443//1443 1444//1444 1443//1443 
f 1443//1443 1444//1444 1342//1342 
f 1444//1444 1445//1445 1342//1342 
f 1342//1342 1445//1445 1446//1446 
f 1445//1445 1446//1446 1446//1446 
f 1446//1446 1446//1446 1446//1446 
f 1446//1446 1447//1447 1446//1446 
f 1446//1446 1447//1447 1342//1342 
f 1447//1447 1448//1448 1342//1342 
f 1342//1342 1448//1448 1344//1344 
f 1448//1448 1344//1344 1344//1344 
f 1344//1344 1344//1344 1449//1449 
f 1344//1344 1449//1449 1449//1449 
f 1449//1449 1449//1449 1449//1449 
f 1449//1449 1450//1450 1449//1449 
f 1449//1449 1450//1450 1451//1451 
f 1450//1450 1452//1452 1451//1451 
f 1451//1451 1452//1452 1452//1452 
f 1452//1452 1453//1453 1452//1452 
f 1452//1452 1453//1453 1453//1453 
f 1453//1453 1454//1454 1453//1453 
f 1453//1453 1454//1454 1455//1455 
f 1454//1454 1456//1456 1455//1455 
f 1455//1455 1456//1456 1456//1456 
f 1456//1456 1457//1457 1456//1456 
f 1456//1456 1457//1457 1457//1457 
f 1457//1457 1458//1458 1457//1457 
f 1457//1457 1458//1458 1459//1459 
f 1458//1458 1460//1460 1459//1459 
f 1459//1459 1460//1460 1460//1460 
f 1460//1460 1461//1461 1460//1460 
f 1460//1460 1461//1461 1461//1461 
f 1461//1461 1462//1462 1461//1461 
f 1461//1461 1462//1462 1463//1463 
f 1462//1462 1464//1464 1463//1463 
f 1463//1463 1464//1464 1464//1464 
f 1464//1464 1465//1465 1464//1464 
f 1464//1464 1465//1465 1465//1465 
f 1465//1465 1466//1466 1465//1465 
f 1465//1465 1466//1466 1467//1467 
f 1466//1466 1468//1468 1467//1467 
f 1467//1467 1468//1468 1468//1468 
f 1468//1468 1469//1469 1468//1468 
f 1468//1468 1469//1469 1469//1469 
f 1469//1469 1470//1470 1469//1469 
f 1469//1469 1470//1470 1471//1471 
f 1470//1470 1472//1472 1471//1471 
f 1471//1471 1472//1472 1472//1472 
f 1472//1472 1473//1473 1472//1472 
f 1472//1472 1473//1473 1473//1473 
f 1473//1473 1474//1474 1473//1473 
f 1473//1473 1474//1474 1475//1475 
f 1474//1474 1476//1476 1475//1475 
f 1475//1475 1476//1476 1477//1477 
f 1476//1476 1478//1478 1477//1477 
f 1477//1477 1478//1478 1479//1479 
f 1478//1478 1480//1480 1479//1479 
f 1479//1479 1480//1480 1481//1481 
f 1480//1480 1482//1482 1481//1481 
f 1481//1481 1482//1482 1483//1483 
f 1482//1482 1484//1484 1483//1483 
f 1483//1483 1484//1484 1485//1485 
f 1484//1484 1486//1486 1485//1485 
f 1485//1485 1486//1486 1487//1487 
f 1486//1486 1488//1488 1487//1487 
f 1487//1487 1488//1488 1489//1489 
f 1488//1488 1490//1490 1489//1489 
f 1489//1489 1490//1490 1491//1491 
f 1490//1490 1492//1492 1491//1491 
f 1491//1491 1492//1492 1493//1493 
f 1492//1492 1494//1494 1493//1493 
f 1493//1493 1494//1494 1495//1495 
f 1494//1494 1496//1496 1495//1495 
f 1495//1495 1496//1496 1497//1497 
f 1496//1496 1498//1498 1497//1497 
f 1497//1497 1498//1498 1499//1499 
f 1498//1498 1500//1500 1499//1499 
f 1499//1499 1500//1500 1501//1501 
f 1500//1500 1502//1502 1501//1501 
f 1501//1501 1502//1502 1503//1503 
f 1502//1502 1504//1504 1503//1503 
f 1503//1503 1504//1504 1505//1505 
f 1504//1504 1506//1506 1505//1505 
f 1505//1505 1506//1506 1507//1507 
f 1506//1506 1508//1508 1507//1507 
f 1507//1507 1508//1508 1509//1509 
f 1508//1508 1510//1510 1509//1509 
f 1509//1509 1510//1510 1511//1511 
f 1510//1510 1512//1512 1511//1511 
f 1511//1511 1512//1512 1513//1513 
f 1512//1512 1514//1514 1513//1513 
f 1513//1513 1514//1514 1514//1514 
f 1514//1514 1515//1515 1514//1514 
f 1514//1514 1515//1515 1515//1515 
f 1515//1515 1516//1516 1515//1515 
f 1515//1515 1516//1516 1517//1517 
f 1516//1516 1518//1518 1517//1517 
f 1517//1517 1518//1518 832//832 
f 1518//1518 832//832 832//832 
f 832//832 832//832 1517//1517 
f 832//832 1517//1517 1517//1517 
f 1517//1517 1517//1517 1517//1517 
f 1517//1517 832//832 1517//1517 
f 1517//1517 832//832 1519//1519 
f 832//832 1520//1520 1519//1519 
f 1519//1519 1520//1520 1520//1520 
f 1520//1520 1521//1521 1520//1520 
f 1520//1520 1521//1521 1521//1521 
f 1521//1521 1522//1522 1521//1521 
f 1521//1521 1522//1522 1428//1428 
f 1522//1522 1432//1432 1428//1428 
f 1428//1428 1432//1432 1432//1432 
f 1432//1432 1523//1523 1432//1432 
f 1432//1432 1523//1523 1523//1523 
f 1523//1523 1524//1524 1523//1523 
f 1523//1523 1524//1524 1525//1525 
f 1524//1524 1526//1526 1525//1525 
f 1525//1525 1526//1526 1527//1527 
f 1526//1526 1528//1528 1527//1527 
f 1527//1527 1528//1528 1529//1529 
f 1528//1528 1529//1529 1529//1529 
f 1529//1529 1529//1529 1529//1529 
f 1529//1529 1530//1530 1529//1529 
f 1529//1529 1530//1530 1527//1527 
f 1530//1530 1531//1531 1527//1527 
f 1527//1527 1531//1531 1532//1532 
f 1531//1531 1533//1533 1532//1532 
f 1532//1532 1533//1533 1533//1533 
f 1533//1533 1530//1530 1533//1533 
f 1533//1533 1530//1530 1530//1530 
f 1530//1530 1534//1534 1530//1530 
f 1530//1530 1534//1534 1531//1531 
f 1534//1534 1535//1535 1531//1531 
f 1531//1531 1535//1535 1536//1536 
f 1535//1535 1536//1536 1536//1536 
f 1536//1536 1536//1536 1531//1531 
f 1536//1536 1531//1531 1531//1531 
f 1531//1531 1531//1531 1531//1531 
f 1531//1531 1536//1536 1531//1531 
f 1531//1531 1536//1536 1537//1537 
f 1536//1536 1538//1538 1537//1537 
f 1537//1537 1538//1538 1539//1539 
f 1538//1538 1539//1539 1539//1539 
f 1539//1539 1539//1539 1539//1539 
f 1539//1539 1540//1540 1539//1539 
f 1539//1539 1540//1540 1537//1537 
f 1540//1540 1541//1541 1537//1537 
f 1537//1537 1541//1541 1542//1542 
f 1541//1541 1542//1542 1542//1542 
f 1542//1542 1542//1542 1542//1542 
f 1542//1542 1543//1543 1542//1542 
f 1542//1542 1543//1543 1537//1537 
f 1543//1543 1544//1544 1537//1537 
f 1537//1537 1544//1544 1545//1545 
f 1544//1544 1546//1546 1545//1545 
f 1545//1545 1546//1546 1546//1546 
f 1546//1546 1542//1542 1546//1546 
f 1546//1546 1542//1542 1542//1542 
f 1542//1542 1547//1547 1542//1542 
f 1542//1542 1547//1547 1543//1543 
f 1547//1547 1548//1548 1543//1543 
f 1543//1543 1548//1548 1549//1549 
f 1548//1548 1549//1549 1549//1549 
f 1549//1549 1549//1549 1549//1549 
f 1549//1549 1550//1550 1549//1549 
f 1549//1549 1550//1550 1543//1543 
f 1550//1550 1551//1551 1543//1543 
f 1543//1543 1551//1551 1552//1552 
f 1551//1551 1552//1552 1552//1552 
f 1552//1552 1552//1552 1552//1552 
f 1552//1552 1553//1553 1552//1552 
f 1552//1552 1553//1553 1543//1543 
f 1553//1553 1554//1554 1543//1543 
f 1543//1543 1554//1554 1555//1555 
f 1554//1554 1555//1555 1555//1555 
f 1555//1555 1555//1555 1555//1555 
f 1555//1555 1556//1556 1555//1555 
f 1555//1555 1556//1556 1543//1543 
f 1556//1556 1557//1557 1543//1543 
f 1543//1543 1557//1557 1558//1558 
f 1557//1557 1559//1559 1558//1558 
f 1558//1558 1559//1559 1559//1559 
f 1559//1559 1555//1555 1559//1559 
f 1559//1559 1555//1555 1555//1555 
f 1555//1555 1560//1560 1555//1555 
f 1555//1555 1560//1560 1556//1556 
f 1560//1560 1561//1561 1556//1556 
f 1556//1556 1561//1561 1562//1562 
f 1561//1561 1562//1562 1562//1562 
f 1562//1562 1562//1562 1562//1562 
f 1562//1562 1563//1563 1562//1562 
f 1562//1562 1563//1563 1556//1556 
f 1563//1563 1564//1564 1556//1556 
f 1556//1556 1564//1564 1565//1565 
f 1564//1564 1566//1566 1565//1565 
f 1565//1565 1566//1566 1567//1567 
f 1566//1566 1567//1567 1567//1567 
f 1567//1567 1567//1567 1565//1565 
f 1567//1567 1565//1565 1565//1565 
f 1565//1565 1565//1565 1565//1565 
f 1565//1565 1568//1568 1565//1565 
f 1565//1565 1568//1568 1556//1556 
f 1568//1568 1569//1569 1556//1556 
f 1556//1556 1569//1569 1569//1569 
f 1569//1569 1570//1570 1569//1569 
f 1569//1569 1570//1570 1570//1570 
f 1570//1570 1531//1531 1570//1570 
f 1570//1570 1531//1531 1571//1571 
f 1531//1531 1537//1537 1571//1571 
f 1571//1571 1537//1537 1572//1572 
f 1537//1537 1572//1572 1572//1572 
f 1572//1572 1572//1572 1573//1573 
f 1572//1572 1573//1573 1573//1573 
f 1573//1573 1573//1573 1573//1573 
f 1573//1573 1574//1574 1573//1573 
f 1573//1573 1574//1574 1575//1575 
f 1574//1574 1576//1576 1575//1575 
f 1575//1575 1576//1576 1577//1577 
f 1576//1576 1578//1578 1577//1577 
f 1577//1577 1578//1578 1578//1578 
f 1578//1578 1579//1579 1578//1578 
f 1578//1578 1579//1579 1579//1579 
f 1579//1579 1580//1580 1579//1579 
f 1579//1579 1580//1580 1543//1543 
f 1580//1580 1544//1544 1543//1543 
f 1543//1543 1544//1544 1544//1544 
f 1544//1544 1581//1581 1544//1544 
f 1544//1544 1581//1581 1581//1581 
f 1581//1581 1582//1582 1581//1581 
f 1581//1581 1582//1582 1583//1583 
f 1582//1582 1584//1584 1583//1583 
f 1583//1583 1584//1584 1584//1584 
f 1584//1584 1585//1585 1584//1584 
f 1584//1584 1585//1585 1585//1585 
f 1585//1585 1586//1586 1585//1585 
f 1585//1585 1586//1586 1587//1587 
f 1586//1586 1588//1588 1587//1587 
f 1587//1587 1588//1588 1589//1589 
f 1588//1588 1590//1590 1589//1589 
f 1589//1589 1590//1590 1591//1591 
f 1590//1590 1592//1592 1591//1591 
f 1591//1591 1592//1592 1593//1593 
f 1592//1592 1594//1594 1593//1593 
f 1593//1593 1594//1594 1594//1594 
f 1594//1594 1595//1595 1594//1594 
f 1594//1594 1595//1595 1595//1595 
f 1595//1595 1596//1596 1595//1595 
f 1595//1595 1596//1596 1597//1597 
f 1596//1596 1598//1598 1597//1597 
f 1597//1597 1598//1598 1599//1599 
f 1598//1598 1600//1600 1599//1599 
f 1599//1599 1600//1600 1601//1601 
f 1600//1600 1602//1602 1601//1601 
f 1601//1601 1602//1602 1603//1603 
f 1602//1602 1604//1604 1603//1603 
f 1603//1603 1604//1604 1605//1605 
f 1604//1604 1606//1606 1605//1605 
f 1605//1605 1606//1606 1607//1607 
f 1606//1606 1608//1608 1607//1607 
f 1607//1607 1608//1608 1609//1609 
f 1608//1608 1610//1610 1609//1609 
f 1609//1609 1610//1610 1611//1611 
f 1610//1610 1612//1612 1611//1611 
f 1611//1611 1612//1612 1613//1613 
f 1612//1612 1614//1614 1613//1613 
f 1613//1613 1614//1614 1615//1615 
f 1614//1614 1616//1616 1615//1615 
f 1615//1615 1616//1616 1617//1617 
f 1616//1616 1618//1618 1617//1617 
f 1617//1617 1618//1618 1619//1619 
f 1618//1618 1620//1620 1619//1619 
f 1619//1619 1620//1620 1621//1621 
f 1620//1620 1622//1622 1621//1621 
f 1621//1621 1622//1622 1623//1623 
f 1622//1622 1624//1624 1623//1623 
f 1623//1623 1624//1624 1625//1625 
f 1624//1624 1626//1626 1625//1625 
f 1625//1625 1626//1626 1627//1627 
f 1626//1626 1628//1628 1627//1627 
f 1627//1627 1628//1628 1629//1629 
f 1628//1628 1630//1630 1629//1629 
f 1629//1629 1630//1630 1631//1631 
f 1630//1630 1632//1632 1631//1631 
f 1631//1631 1632//1632 1633//1633 
f 1632//1632 1634//1634 1633//1633 
f 1633//1633 1634//1634 1635//1635 
f 1634//1634 1636//1636 1635//1635 
f 1635//1635 1636//1636 1637//1637 
f 1636//1636 1638//1638 1637//1637 
f 1637//1637 1638//1638 1639//1639 
f 1638//1638 1640//1640 1639//1639 
f 1639//1639 1640//1640 1641//1641 
f 1640//1640 1642//1642 1641//1641 
f 1641//1641 1642//1642 1643//1643 
f 1642//1642 1644//1644 1643//1643 
f 1643//1643 1644//1644 1645//1645 
f 1644//1644 1646//1646 1645//1645 
f 1645//1645 1646//1646 1647//1647 
f 1646//1646 1648//1648 1647//1647 
f 1647//1647 1648//1648 1649//1649 
f 1648//1648 1650//1650 1649//1649 
f 1649//1649 1650//1650 1651//1651 
f 1650//1650 1652//1652 1651//1651 
f 1651//1651 1652//1652 1653//1653 
f 1652//1652 1654//1654 1653//1653 
f 1653//1653 1654//1654 1655//1655 
f 1654//1654 1656//1656 1655//1655 
f 1655//1655 1656//1656 1657//1657 
f 1656//1656 1658//1658 1657//1657 
f 1657//1657 1658//1658 1659//1659 
f 1658//1658 1660//1660 1659//1659 
f 1659//1659 1660//1660 1661//1661 
f 1660//1660 1662//1662 1661//1661 
f 1661//1661 1662//1662 1663//1663 
f 1662//1662 1664//1664 1663//1663 
f 1663//1663 1664//1664 1665//1665 
f 1664//1664 1666//1666 1665//1665 
f 1665//1665 1666//1666 1667//1667 
f 1666//1666 1668//1668 1667//1667 
f 1667//1667 1668//1668 1669//1669 
f 1668//1668 1670//1670 1669//1669 
f 1669//1669 1670//1670 1671//1671 
f 1670//1670 1672//1672 1671//1671 
f 1671//1671 1672//1672 1673//1673 
f 1672//1672 1674//1674 1673//1673 
f 1673//1673 1674//1674 1675//1675 
f 1674//1674 1676//1676 1675//1675 
f 1675//1675 1676//1676 1677//1677 
f 1676//1676 1678//1678 1677//1677 
f 1677//1677 1678//1678 1679//1679 
f 1678//1678 1680//1680 1679//1679 
f 1679//1679 1680//1680 1681//1681 
f 1680//1680 1682//1682 1681//1681 
f 1681//1681 1682//1682 1683//1683 
f 1682//1682 1684//1684 1683//1683 
f 1683//1683 1684//1684 1685//1685 
f 1684//1684 1686//1686 1685//1685 
f 1685//1685 1686//1686 1687//1687 
f 1686//1686 1688//1688 1687//1687 
f 1687//1687 1688//1688 1689//1689 
f 1688//1688 1690//1690 1689//1689 
f 1689//1689 1690//1690 1691//1691 
f 1690//1690 1692//1692 1691//1691 
f 1691//1691 1692//1692 1693//1693 
f 1692//1692 1694//1694 1693//1693 
f 1693//1693 1694//1694 1695//1695 
f 1694//1694 1696//1696 1695//1695 
f 1695//1695 1696//1696 1697//1697 
f 1696//1696 1698//1698 1697//1697 
f 1697//1697 1698//1698 1699//1699 
f 1698//1698 1700//1700 1699//1699 
f 1699//1699 1700//1700 1701//1701 
f 1700//1700 1702//1702 1701//1701 
f 1701//1701 1702//1702 1703//1703 
f 1702//1702 1704//1704 1703//1703 
f 1703//1703 1704//1704 1705//1705 
f 1704//1704 1706//1706 1705//1705 
f 1705//1705 1706//1706 1707//1707 
f 1706//1706 1708//1708 1707//1707 
f 1707//1707 1708//1708 1709//1709 
f 1708//1708 1710//1710 1709//1709 
f 1709//1709 1710//1710 1711//1711 
f 1710//1710 1712//1712 1711//1711 
f 1711//1711 1712//1712 1713//1713 
f 1712//1712 1714//1714 1713//1713 
f 1713//1713 1714//1714 1715//1715 
f 1714//1714 1716//1716 1715//1715 
f 1715//1715 1716//1716 1717//1717 
f 1716//1716 1718//1718 1717//1717 
f 1717//1717 1718//1718 1719//1719 
f 1718//1718 1720//1720 1719//1719 
f 1719//1719 1720//1720 1721//1721 
f 1720//1720 1722//1722 1721//1721 
f 1721//1721 1722//1722 1723//1723 
f 1722//1722 1724//1724 1723//1723 
f 1723//1723 1724//1724 1725//1725 
f 1724//1724 1726//1726 1725//1725 
f 1725//1725 1726//1726 1727//1727 
f 1726//1726 1728//1728 1727//1727 
f 1727//1727 1728//1728 1728//1728 
f 1728//1728 1729//1729 1728//1728 
f 1728//1728 1729//1729 1729//1729 
f 1729//1729 1730//1730 1729//1729 
f 1729//1729 1730//1730 1556//1556 
f 1730//1730 1557//1557 1556//1556 
f 1556//1556 1557//1557 1557//1557 
f 1557//1557 1731//1731 1557//1557 
f 1557//1557 1731//1731 1731//1731 
f 1731//1731 1732//1732 1731//1731 
f 1731//1731 1732//1732 1733//1733 
f 1732//1732 1734//1734 1733//1733 
f 1733//1733 1734//1734 1734//1734 
f 1734//1734 1735//1735 1734//1734 
f 1734//1734 1735//1735 1735//1735 
f 1735//1735 1736//1736 1735//1735 
f 1735//1735 1736//1736 1737//1737 
f 1736//1736 1738//1738 1737//1737 
f 1737//1737 1738//1738 1739//1739 
f 1738//1738 1740//1740 1739//1739 
f 1739//1739 1740//1740 1740//1740 
f 1740//1740 1741//1741 1740//1740 
f 1740//1740 1741//1741 1741//1741 
f 1741//1741 1742//1742 1741//1741 
f 1741//1741 1742//1742 1743//1743 
f 1742//1742 1744//1744 1743//1743 
f 1743//1743 1744//1744 1744//1744 
f 1744//1744 1745//1745 1744//1744 
f 1744//1744 1745//1745 1745//1745 
f 1745//1745 1746//1746 1745//1745 
f 1745//1745 1746//1746 1747//1747 
f 1746//1746 1748//1748 1747//1747 
f 1747//1747 1748//1748 1748//1748 
f 1748//1748 1749//1749 1748//1748 
f 1748//1748 1749//1749 1749//1749 
f 1749//1749 1750//1750 1749//1749 
f 1749//1749 1750//1750 1751//1751 
f 1750//1750 1752//1752 1751//1751 
f 1751//1751 1752//1752 1752//1752 
f 1752//1752 1753//1753 1752//1752 
f 1752//1752 1753//1753 1753//1753 
f 1753//1753 1754//1754 1753//1753 
f 1753//1753 1754//1754 832//832 
f 1754//1754 1755//1755 832//832 
f 832//832 1755//1755 1756//1756 
f 1755//1755 1756//1756 1756//1756 
f 1756//1756 1756//1756 1756//1756 
f 1756//1756 1757//1757 1756//1756 
f 1756//1756 1757//1757 832//832 
f 1757//1757 1758//1758 832//832 
f 832//832 1758//1758 1759//1759 
f 1758//1758 1759//1759 1759//1759 
f 1759//1759 1759//1759 1759//1759 
f 1759//1759 1760//1760 1759//1759 
f 1759//1759 1760//1760 832//832 
f 1760//1760 1761//1761 832//832 
f 832//832 1761//1761 1762//1762 
f 1761//1761 1762//1762 1762//1762 
f 1762//1762 1762//1762 1762//1762 
f 1762//1762 1763//1763 1762//1762 
f 1762//1762 1763//1763 832//832 
f 1763//1763 1764//1764 832//832 
f 832//832 1764//1764 1765//1765 
f 1764//1764 1765//1765 1765//1765 
f 1765//1765 1765//1765 1765//1765 
f 1765//1765 1766//1766 1765//1765 
f 1765//1765 1766//1766 832//832 
f 1766//1766 1767//1767 832//832 
f 832//832 1767//1767 1768//1768 
f 1767//1767 1768//1768 1768//1768 
f 1768//1768 1768//1768 1769//1769 
f 1768//1768 1769//1769 1769//1769 
f 1769//1769 1769//1769 1769//1769 
f 1769//1769 1770//1770 1769//1769 
f 1769//1769 1770//1770 1771//1771 
f 1770//1770 1772//1772 1771//1771 
f 1771//1771 1772//1772 1772//1772 
f 1772//1772 1773//1773 1772//1772 
f 1772//1772 1773//1773 1773//1773 
f 1773//1773 1774//1774 1773//1773 
f 1773//1773 1774//1774 1775//1775 
f 1774//1774 1776//1776 1775//1775 
f 1775//1775 1776//1776 1776//1776 
f 1776//1776 1777//1777 1776//1776 
f 1776//1776 1777//1777 1777//1777 
f 1777//1777 1778//1778 1777//1777 
f 1777//1777 1778//1778 1779//1779 
f 1778//1778 1780//1780 1779//1779 
f 1779//1779 1780//1780 1780//1780 
f 1780//1780 1781//1781 1780//1780 
f 1780//1780 1781//1781 1781//1781 
f 1781//1781 1782//1782 1781//1781 
f 1781//1781 1782//1782 1783//1783 
f 1782//1782 1784//1784 1783//1783 
f 1783//1783 1784//1784 1784//1784 
f 1784//1784 1785//1785 1784//1784 
f 1784//1784 1785//1785 1785//1785 
f 1785//1785 1786//1786 1785//1785 
f 1785//1785 1786//1786 1787//1787 
f 1786//1786 1788//1788 1787//1787 
f 1787//1787 1788//1788 1788//1788 
f 1788//1788 1789//1789 1788//1788 
f 1788//1788 1789//1789 1789//1789 
f 1789//1789 1790//1790 1789//1789 
f 1789//1789 1790//1790 1791//1791 
f 1790//1790 1792//1792 1791//1791 
f 1791//1791 1792//1792 1792//1792 
f 1792//1792 1793//1793 1792//1792 
f 1792//1792 1793//1793 1793//1793 
f 1793//1793 1794//1794 1793//1793 
f 1793//1793 1794//1794 1795//1795 
f 1794//1794 1796//1796 1795//1795 
f 1795//1795 1796//1796 1797//1797 
f 1796//1796 1798//1798 1797//1797 
f 1797//1797 1798//1798 1799//1799 
f 1798//1798 1800//1800 1799//1799 
f 1799//1799 1800//1800 1801//1801 
f 1800//1800 1802//1802 1801//1801 
f 1801//1801 1802//1802 1803//1803 
f 1802//1802 1804//1804 1803//1803 
f 1803//1803 1804//1804 1805//1805 
f 1804//1804 1806//1806 1805//1805 
f 1805//1805 1806//1806 1807//1807 
f 1806//1806 1808//1808 1807//1807 
f 1807//1807 1808//1808 1809//1809 
f 1808//1808 1810//1810 1809//1809 
f 1809//1809 1810//1810 1811//1811 
f 1810//1810 1812//1812 1811//1811 
f 1811//1811 1812//1812 1813//1813 
f 1812//1812 1814//1814 1813//1813 
f 1813//1813 1814//1814 1815//1815 
f 1814//1814 1816//1816 1815//1815 
f 1815//1815 1816//1816 1817//1817 
f 1816//1816 1818//1818 1817//1817 
f 1817//1817 1818//1818 1819//1819 
f 1818//1818 1820//1820 1819//1819 
f 1819//1819 1820//1820 1821//1821 
f 1820//1820 1822//1822 1821//1821 
f 1821//1821 1822//1822 1823//1823 
f 1822//1822 1824//1824 1823//1823 
f 1823//1823 1824//1824 1825//1825 
f 1824//1824 1826//1826 1825//1825 
f 1825//1825 1826//1826 1827//1827 
f 1826//1826 1828//1828 1827//1827 
f 1827//1827 1828//1828 1829//1829 
f 1828//1828 1830//1830 1829//1829 
f 1829//1829 1830//1830 1831//1831 
f 1830//1830 1832//1832 1831//1831 
f 1831//1831 1832//1832 1833//1833 
f 1832//1832 1834//1834 1833//1833 
f 1833//1833 1834//1834 1835//1835 
f 1834//1834 1836//1836 1835//1835 
f 1835//1835 1836//1836 1837//1837 
f 1836//1836 1838//1838 1837//1837 
f 1837//1837 1838//1838 1839//1839 
f 1838//1838 1840//1840 1839//1839 
f 1839//1839 1840//1840 1841//1841 
f 1840//1840 1842//1842 1841//1841 
f 1841//1841 1842//1842 1843//1843 
f 1842//1842 1844//1844 1843//1843 
f 1843//1843 1844//1844 1845//1845 
f 1844//1844 1846//1846 1845//1845 
f 1845//1845 1846//1846 1847//1847 
f 1846//1846 1848//1848 1847//1847 
f 1847//1847 1848//1848 1848//1848 
f 1848//1848 1849//1849 1848//1848 
f 1848//1848 1849//1849 1849//1849 
f 1849//1849 1850//1850 1849//1849 
f 1849//1849 1850//1850 1851//1851 
f 1850//1850 1852//1852 1851//1851 
f 1851//1851 1852//1852 1852//1852 
f 1852//1852 1853//1853 1852//1852 
f 1852//1852 1853//1853 1853//1853 
f 1853//1853 1854//1854 1853//1853 
f 1853//1853 1854//1854 1855//1855 
f 1854//1854 1856//1856 1855//1855 
f 1855//1855 1856//1856 1856//1856 
f 1856//1856 1854//1854 1856//1856 
f 1856//1856 1854//1854 1857//1857 
f 1854//1854 1858//1858 1857//1857 
f 1857//1857 1858//1858 1859//1859 
f 1858//1858 1860//1860 1859//1859 
f 1859//1859 1860//1860 1860//1860 
f 1860//1860 1858//1858 1860//1860 
f 1860//1860 1858//1858 1861//1861 
f 1858//1858 1862//1862 1861//1861 
f 1861//1861 1862//1862 1863//1863 
f 1862//1862 1864//1864 1863//1863 
f 1863//1863 1864//1864 1864//1864 
f 1864//1864 1862//1862 1864//1864 
f 1864//1864 1862//1862 1865//1865 
f 1862//1862 1866//1866 1865//1865 
f 1865//1865 1866//1866 1867//1867 
f 1866//1866 1868//1868 1867//1867 
f 1867//1867 1868//1868 1868//1868 
f 1868//1868 1866//1866 1868//1868 
f 1868//1868 1866//1866 1869//1869 
f 1866//1866 1870//1870 1869//1869 
f 1869//1869 1870//1870 1870//1870 
f 1870//1870 1866//1866 1870//1870 
f 1870//1870 1866//1866 1871//1871 
f 1866//1866 1872//1872 1871//1871 
f 1871//1871 1872//1872 1872//1872 
f 1872//1872 1866//1866 1872//1872 
f 1872//1872 1866//1866 1873//1873 
f 1866//1866 1874//1874 1873//1873 
f 1873//1873 1874//1874 1875//1875 
f 1874//1874 1876//1876 1875//1875 
f 1875//1875 1876//1876 1876//1876 
f 1876//1876 1872//1872 1876//1876 
f 1876//1876 1872//1872 1872//1872 
f 1872//1872 1873//1873 1872//1872 
f 1872//1872 1873//1873 1877//1877 
f 1873//1873 1878//1878 1877//1877 
f 1877//1877 1878//1878 1878//1878 
f 1878//1878 1873//1873 1878//1878 
f 1878//1878 1873//1873 1879//1879 
f 1873//1873 1880//1880 1879//1879 
f 1879//1879 1880//1880 1880//1880 
f 1880//1880 1873//1873 1880//1880 
f 1880//1880 1873//1873 1881//1881 
f 1873//1873 1882//1882 1881//1881 
f 1881//1881 1882//1882 1882//1882 
f 1882//1882 1873//1873 1882//1882 
f 1882//1882 1873//1873 1883//1883 
f 1873//1873 1884//1884 1883//1883 
f 1883//1883 1884//1884 1884//1884 
f 1884//1884 1873//1873 1884//1884 
f 1884//1884 1873//1873 1885//1885 
f 1873//1873 1886//1886 1885//1885 
f 1885//1885 1886//1886 1887//1887 
f 1886//1886 1888//1888 1887//1887 
f 1887//1887 1888//1888 1888//1888 
f 1888//1888 1886//1886 1888//1888 
f 1888//1888 1886//1886 1889//1889 
f 1886//1886 1890//1890 1889//1889 
f 1889//1889 1890//1890 1891//1891 
f 1890//1890 1892//1892 1891//1891 
f 1891//1891 1892//1892 1892//1892 
f 1892//1892 1886//1886 1892//1892 
f 1892//1892 1886//1886 1886//1886 
f 1886//1886 1893//1893 1886//1886 
f 1886//1886 1893//1893 1890//1890 
f 1893//1893 1894//1894 1890//1890 
f 1890//1890 1894//1894 1894//1894 
f 1894//1894 1895//1895 1894//1894 
f 1894//1894 1895//1895 1895//1895 
f 1895//1895 1896//1896 1895//1895 
f 1895//1895 1896//1896 1897//1897 
f 1896//1896 1898//1898 1897//1897 
f 1897//1897 1898//1898 1898//1898 
f 1898//1898 1899//1899 1898//1898 
f 1898//1898 1899//1899 1899//1899 
f 1899//1899 1866//1866 1899//1899 
f 1899//1899 1866//1866 1900//1900 
f 1866//1866 1862//1862 1900//1900 
f 1900//1900 1862//1862 1901//1901 
f 1862//1862 1901//1901 1901//1901 
f 1901//1901 1901//1901 1902//1902 
f 1901//1901 1902//1902 1902//1902 
f 1902//1902 1902//1902 1902//1902 
f 1902//1902 1862//1862 1902//1902 
f 1902//1902 1862//1862 1903//1903 
f 1862//1862 1858//1858 1903//1903 
f 1903//1903 1858//1858 1904//1904 
f 1858//1858 1904//1904 1904//1904 
f 1904//1904 1904//1904 1905//1905 
f 1904//1904 1905//1905 1905//1905 
f 1905//1905 1905//1905 1905//1905 
f 1905//1905 1906//1906 1905//1905 
f 1905//1905 1906//1906 1866//1866 
f 1906//1906 1874//1874 1866//1866 
f 1866//1866 1874//1874 1874//1874 
f 1874//1874 1907//1907 1874//1874 
f 1874//1874 1907//1907 1907//1907 
f 1907//1907 1908//1908 1907//1907 
f 1907//1907 1908//1908 82//82 
f 1908//1908 78//78 82//82 
f 82//82 78//78 78//78 
f 78//78 1909//1909 78//78 
f 78//78 1909//1909 1909//1909 
f 1909//1909 1910//1910 1909//1909 
f 1909//1909 1910//1910 1911//1911 
f 1910//1910 1912//1912 1911//1911 
f 1911//1911 1912//1912 1913//1913 
f 1912//1912 1914//1914 1913//1913 
f 1913//1913 1914//1914 1915//1915 
f 1914//1914 1916//1916 1915//1915 
f 1915//1915 1916//1916 1917//1917 
f 1916//1916 1918//1918 1917//1917 
f 1917//1917 1918//1918 1919//1919 
f 1918//1918 1920//1920 1919//1919 
f 1919//1919 1920//1920 1921//1921 
f 1920//1920 1922//1922 1921//1921 
f 1921//1921 1922//1922 1923//1923 
f 1922//1922 1924//1924 1923//1923 
f 1923//1923 1924//1924 1925//1925 
f 1924//1924 1926//1926 1925//1925 
f 1925//1925 1926//1926 1927//1927 
f 1926//1926 1928//1928 1927//1927 
f 1927//1927 1928//1928 1929//1929 
f 1928//1928 1930//1930 1929//1929 
f 1929//1929 1930//1930 1931//1931 
f 1930//1930 1932//1932 1931//1931 
f 1931//1931 1932//1932 1933//1933 
f 1932//1932 1934//1934 1933//1933 
f 1933//1933 1934//1934 1935//1935 
f 1934//1934 1936//1936 1935//1935 
f 1935//1935 1936//1936 1937//1937 
f 1936//1936 1938//1938 1937//1937 
f 1937//1937 1938//1938 1939//1939 
f 1938//1938 1940//1940 1939//1939 
f 1939//1939 1940//1940 1941//1941 
f 1940//1940 1942//1942 1941//1941 
f 1941//1941 1942//1942 1943//1943 
f 1942//1942 1944//1944 1943//1943 
f 1943//1943 1944//1944 1945//1945 
f 1944//1944 1946//1946 1945//1945 
f 1945//1945 1946//1946 1947//1947 
f 1946//1946 1948//1948 1947//1947 
f 1947//1947 1948//1948 1949//1949 
f 1948//1948 1950//1950 1949//1949 
f 1949//1949 1950//1950 1951//1951 
f 1950//1950 1952//1952 1951//1951 
f 1951//1951 1952//1952 1953//1953 
f 1952//1952 1954//1954 1953//1953 
f 1953//1953 1954//1954 1955//1955 
f 1954//1954 1956//1956 1955//1955 
f 1955//1955 1956//1956 1957//1957 
f 1956//1956 1958//1958 1957//1957 
f 1957//1957 1958//1958 1958//1958 
f 1958//1958 1959//1959 1958//1958 
f 1958//1958 1959//1959 1959//1959 
f 1959//1959 1960//1960 1959//1959 
f 1959//1959 1960//1960 1873//1873 
f 1960//1960 1961//1961 1873//1873 
f 1873//1873 1961//1961 1886//1886 
f 1961//1961 1962//1962 1886//1886 
f 1886//1886 1962//1962 1963//1963 
f 1962//1962 1963//1963 1963//1963 
f 1963//1963 1963//1963 671//671 
f 1963//1963 671//671 671//671 
f 671//671 671//671 671//671 
f 671//671 670//670 671//671 
f 671//671 670//670 1964//1964 
f 670//670 1965//1965 1964//1964 
f 1964//1964 1965//1965 1965//1965 
f 1965//1965 670//670 1965//1965 
f 1965//1965 670//670 1966//1966 
f 670//670 1967//1967 1966//1966 
f 1966//1966 1967//1967 1967//1967 
f 1967//1967 1968//1968 1967//1967 
f 1967//1967 1968//1968 1968//1968 
f 1968//1968 1969//1969 1968//1968 
f 1968//1968 1969//1969 1970//1970 
f 1969//1969 81//81 1970//1970 
f 1970//1970 81//81 93//93 
f 81//81 93//93 93//93 
f 93//93 93//93 93//93 
f 93//93 1971//1971 93//93 
f 93//93 1971//1971 1970//1970 
f 1971//1971 1972//1972 1970//1970 
f 1970//1970 1972//1972 1972//1972 
f 1972//1972 1973//1973 1972//1972 
f 1972//1972 1973//1973 1973//1973 
f 1973//1973 1974//1974 1973//1973 
f 1973//1973 1974//1974 130//130 
f 1974//1974 596//596 130//130 
f 130//130 596//596 596//596 
f 596//596 1975//1975 596//596 
f 596//596 1975//1975 1975//1975 
f 1975//1975 1976//1976 1975//1975 
f 1975//1975 1976//1976 1977//1977 
f 1976//1976 1978//1978 1977//1977 
f 1977//1977 1978//1978 1978//1978 
f 1978//1978 1979//1979 1978//1978 
f 1978//1978 1979//1979 1979//1979 
f 1979//1979 1980//1980 1979//1979 
f 1979//1979 1980//1980 1981//1981 
f 1980//1980 1982//1982 1981//1981 
f 1981//1981 1982//1982 1982//1982 
f 1982//1982 1983//1983 1982//1982 
f 1982//1982 1983//1983 1983//1983 
f 1983//1983 1984//1984 1983//1983 
f 1983//1983 1984//1984 1985//1985 
f 1984//1984 1986//1986 1985//1985 
f 1985//1985 1986//1986 1986//1986 
f 1986//1986 1987//1987 1986//1986 
f 1986//1986 1987//1987 1987//1987 
f 1987//1987 1988//1988 1987//1987 
f 1987//1987 1988//1988 1989//1989 
f 1988//1988 1990//1990 1989//1989 
f 1989//1989 1990//1990 1990//1990 
f 1990//1990 1991//1991 1990//1990 
f 1990//1990 1991//1991 1991//1991 
f 1991//1991 1992//1992 1991//1991 
f 1991//1991 1992//1992 1993//1993 
f 1992//1992 1994//1994 1993//1993 
f 1993//1993 1994//1994 1994//1994 
f 1994//1994 1995//1995 1994//1994 
f 1994//1994 1995//1995 1995//1995 
f 1995//1995 1996//1996 1995//1995 
f 1995//1995 1996//1996 1997//1997 
f 1996//1996 1998//1998 1997//1997 
f 1997//1997 1998//1998 1998//1998 
f 1998//1998 1999//1999 1998//1998 
f 1998//1998 1999//1999 1999//1999 
f 1999//1999 2000//2000 1999//1999 
f 1999//1999 2000//2000 2001//2001 
f 2000//2000 2002//2002 2001//2001 
f 2001//2001 2002//2002 2002//2002 
f 2002//2002 2003//2003 2002//2002 
f 2002//2002 2003//2003 2003//2003 
f 2003//2003 2004//2004 2003//2003 
f 2003//2003 2004//2004 2005//2005 
f 2004//2004 2006//2006 2005//2005 
f 2005//2005 2006//2006 2007//2007 
f 2006//2006 2008//2008 2007//2007 
f 2007//2007 2008//2008 2009//2009 
f 2008//2008 2010//2010 2009//2009 
f 2009//2009 2010//2010 2011//2011 
f 2010//2010 2012//2012 2011//2011 
f 2011//2011 2012//2012 2012//2012 
f 2012//2012 2011//2011 2012//2012 
f 2012//2012 2011//2011 2011//2011 
f 2011//2011 2013//2013 2011//2011 
f 2011//2011 2013//2013 2009//2009 
f 2013//2013 2014//2014 2009//2009 
f 2009//2009 2014//2014 2015//2015 
f 2014//2014 2015//2015 2015//2015 
f 2015//2015 2015//2015 2015//2015 
f 2015//2015 2016//2016 2015//2015 
f 2015//2015 2016//2016 2009//2009 
f 2016//2016 2017//2017 2009//2009 
f 2009//2009 2017//2017 2018//2018 
f 2017//2017 2018//2018 2018//2018 
f 2018//2018 2018//2018 2019//2019 
f 2018//2018 2019//2019 2019//2019 
f 2019//2019 2019//2019 2019//2019 
f 2019//2019 2020//2020 2019//2019 
f 2019//2019 2020//2020 2021//2021 
f 2020//2020 2022//2022 2021//2021 
f 2021//2021 2022//2022 2022//2022 
f 2022//2022 2023//2023 2022//2022 
f 2022//2022 2023//2023 2023//2023 
f 2023//2023 2024//2024 2023//2023 
f 2023//2023 2024//2024 2025//2025 
f 2024//2024 2026//2026 2025//2025 
f 2025//2025 2026//2026 2026//2026 
f 2026//2026 2027//2027 2026//2026 
f 2026//2026 2027//2027 2027//2027 
f 2027//2027 2028//2028 2027//2027 
f 2027//2027 2028//2028 2029//2029 
f 2028//2028 2030//2030 2029//2029 
f 2029//2029 2030//2030 2030//2030 
f 2030//2030 2031//2031 2030//2030 
f 2030//2030 2031//2031 2031//2031 
f 2031//2031 2032//2032 2031//2031 
f 2031//2031 2032//2032 2033//2033 
f 2032//2032 2034//2034 2033//2033 
f 2033//2033 2034//2034 2035//2035 
f 2034//2034 2036//2036 2035//2035 
f 2035//2035 2036//2036 2037//2037 
f 2036//2036 2038//2038 2037//2037 
f 2037//2037 2038//2038 2039//2039 
f 2038//2038 2040//2040 2039//2039 
f 2039//2039 2040//2040 2041//2041 
f 2040//2040 2042//2042 2041//2041 
f 2041//2041 2042//2042 2043//2043 
f 2042//2042 2044//2044 2043//2043 
f 2043//2043 2044//2044 2045//2045 
f 2044//2044 2046//2046 2045//2045 
f 2045//2045 2046//2046 2047//2047 
f 2046//2046 2048//2048 2047//2047 
f 2047//2047 2048//2048 2049//2049 
f 2048//2048 2050//2050 2049//2049 
f 2049//2049 2050//2050 2051//2051 
f 2050//2050 2052//2052 2051//2051 
f 2051//2051 2052//2052 2053//2053 
f 2052//2052 2054//2054 2053//2053 
f 2053//2053 2054//2054 2055//2055 
f 2054//2054 2056//2056 2055//2055 
f 2055//2055 2056//2056 2057//2057 
f 2056//2056 2058//2058 2057//2057 
f 2057//2057 2058//2058 2059//2059 
f 2058//2058 2060//2060 2059//2059 
f 2059//2059 2060//2060 2061//2061 
f 2060//2060 2062//2062 2061//2061 
f 2061//2061 2062//2062 2063//2063 
f 2062//2062 2064//2064 2063//2063 
f 2063//2063 2064//2064 2065//2065 
f 2064//2064 2066//2066 2065//2065 
f 2065//2065 2066//2066 2067//2067 
f 2066//2066 2068//2068 2067//2067 
f 2067//2067 2068//2068 2069//2069 
f 2068//2068 2070//2070 2069//2069 
f 2069//2069 2070//2070 2071//2071 
f 2070//2070 2072//2072 2071//2071 
f 2071//2071 2072//2072 2073//2073 
f 2072//2072 2074//2074 2073//2073 
f 2073//2073 2074//2074 2075//2075 
f 2074//2074 2076//2076 2075//2075 
f 2075//2075 2076//2076 2077//2077 
f 2076//2076 2078//2078 2077//2077 
f 2077//2077 2078//2078 2079//2079 
f 2078//2078 2080//2080 2079//2079 
f 2079//2079 2080//2080 2081//2081 
f 2080//2080 2082//2082 2081//2081 
f 2081//2081 2082//2082 2083//2083 
f 2082//2082 2084//2084 2083//2083 
f 2083//2083 2084//2084 2085//2085 
f 2084//2084 2086//2086 2085//2085 
f 2085//2085 2086//2086 2087//2087 
f 2086//2086 2088//2088 2087//2087 
f 2087//2087 2088//2088 2089//2089 
f 2088//2088 2090//2090 2089//2089 
f 2089//2089 2090//2090 2091//2091 
f 2090//2090 2092//2092 2091//2091 
f 2091//2091 2092//2092 2093//2093 
f 2092//2092 2094//2094 2093//2093 
f 2093//2093 2094//2094 2095//2095 
f 2094//2094 2096//2096 2095//2095 
f 2095//2095 2096//2096 2097//2097 
f 2096//2096 2098//2098 2097//2097 
f 2097//2097 2098//2098 2099//2099 
f 2098//2098 2100//2100 2099//2099 
f 2099//2099 2100//2100 2101//2101 
f 2100//2100 2102//2102 2101//2101 
f 2101//2101 2102//2102 2102//2102 
f 2102//2102 2103//2103 2102//2102 
f 2102//2102 2103//2103 2103//2103 
f 2103//2103 2104//2104 2103//2103 
f 2103//2103 2104//2104 2105//2105 
f 2104//2104 2106//2106 2105//2105 
f 2105//2105 2106//2106 2106//2106 
f 2106//2106 2107//2107 2106//2106 
f 2106//2106 2107//2107 2107//2107 
f 2107//2107 2108//2108 2107//2107 
f 2107//2107 2108//2108 2109//2109 
f 2108//2108 2110//2110 2109//2109 
f 2109//2109 2110//2110 2111//2111 
f 2110//2110 2112//2112 2111//2111 
f 2111//2111 2112//2112 2113//2113 
f 2112//2112 2113//2113 2113//2113 
f 2113//2113 2113//2113 2113//2113 
f 2113//2113 2114//2114 2113//2113 
f 2113//2113 2114//2114 2111//2111 
f 2114//2114 2115//2115 2111//2111 
f 2111//2111 2115//2115 2116//2116 
f 2115//2115 2117//2117 2116//2116 
f 2116//2116 2117//2117 2117//2117 
f 2117//2117 2114//2114 2117//2117 
f 2117//2117 2114//2114 2114//2114 
f 2114//2114 2118//2118 2114//2114 
f 2114//2114 2118//2118 2115//2115 
f 2118//2118 2119//2119 2115//2115 
f 2115//2115 2119//2119 2120//2120 
f 2119//2119 2120//2120 2120//2120 
f 2120//2120 2120//2120 2120//2120 
f 2120//2120 2121//2121 2120//2120 
f 2120//2120 2121//2121 2115//2115 
f 2121//2121 2122//2122 2115//2115 
f 2115//2115 2122//2122 2123//2123 
f 2122//2122 2123//2123 2123//2123 
f 2123//2123 2123//2123 2123//2123 
f 2123//2123 2124//2124 2123//2123 
f 2123//2123 2124//2124 2115//2115 
f 2124//2124 2125//2125 2115//2115 
f 2115//2115 2125//2125 2126//2126 
f 2125//2125 2127//2127 2126//2126 
f 2126//2126 2127//2127 2127//2127 
f 2127//2127 2123//2123 2127//2127 
f 2127//2127 2123//2123 2123//2123 
f 2123//2123 2128//2128 2123//2123 
f 2123//2123 2128//2128 2124//2124 
f 2128//2128 2129//2129 2124//2124 
f 2124//2124 2129//2129 2130//2130 
f 2129//2129 2130//2130 2130//2130 
f 2130//2130 2130//2130 2130//2130 
f 2130//2130 2131//2131 2130//2130 
f 2130//2130 2131//2131 2124//2124 
f 2131//2131 2132//2132 2124//2124 
f 2124//2124 2132//2132 2133//2133 
f 2132//2132 2133//2133 2133//2133 
f 2133//2133 2133//2133 2133//2133 
f 2133//2133 2134//2134 2133//2133 
f 2133//2133 2134//2134 2124//2124 
f 2134//2134 2135//2135 2124//2124 
f 2124//2124 2135//2135 2136//2136 
f 2135//2135 2136//2136 2136//2136 
f 2136//2136 2136//2136 2136//2136 
f 2136//2136 2137//2137 2136//2136 
f 2136//2136 2137//2137 2124//2124 
f 2137//2137 2138//2138 2124//2124 
f 2124//2124 2138//2138 2139//2139 
f 2138//2138 2139//2139 2139//2139 
f 2139//2139 2139//2139 2139//2139 
f 2139//2139 2140//2140 2139//2139 
f 2139//2139 2140//2140 2124//2124 
f 2140//2140 2141//2141 2124//2124 
f 2124//2124 2141//2141 2142//2142 
f 2141//2141 2143//2143 2142//2142 
f 2142//2142 2143//2143 2143//2143 
f 2143//2143 2139//2139 2143//2143 
f 2143//2143 2139//2139 2139//2139 
f 2139//2139 2144//2144 2139//2139 
f 2139//2139 2144//2144 2140//2140 
f 2144//2144 2145//2145 2140//2140 
f 2140//2140 2145//2145 2146//2146 
f 2145//2145 2146//2146 2146//2146 
f 2146//2146 2146//2146 2146//2146 
f 2146//2146 2147//2147 2146//2146 
f 2146//2146 2147//2147 2140//2140 
f 2147//2147 2148//2148 2140//2140 
f 2140//2140 2148//2148 2149//2149 
f 2148//2148 2149//2149 2149//2149 
f 2149//2149 2149//2149 2150//2150 
f 2149//2149 2150//2150 2150//2150 
f 2150//2150 2150//2150 2150//2150 
f 2150//2150 2151//2151 2150//2150 
f 2150//2150 2151//2151 2152//2152 
f 2151//2151 2153//2153 2152//2152 
f 2152//2152 2153//2153 2154//2154 
f 2153//2153 2155//2155 2154//2154 
f 2154//2154 2155//2155 2156//2156 
f 2155//2155 2156//2156 2156//2156 
f 2156//2156 2156//2156 2154//2154 
f 2156//2156 2154//2154 2154//2154 
f 2154//2154 2154//2154 2154//2154 
f 2154//2154 2157//2157 2154//2154 
f 2154//2154 2157//2157 2152//2152 
f 2157//2157 2158//2158 2152//2152 
f 2152//2152 2158//2158 2159//2159 
f 2158//2158 2159//2159 2159//2159 
f 2159//2159 2159//2159 2157//2157 
f 2159//2159 2157//2157 2157//2157 
f 2157//2157 2157//2157 2157//2157 
f 2157//2157 2154//2154 2157//2157 
f 2157//2157 2154//2154 2160//2160 
f 2154//2154 2161//2161 2160//2160 
f 2160//2160 2161//2161 2161//2161 
f 2161//2161 2154//2154 2161//2161 
f 2161//2161 2154//2154 2162//2162 
f 2154//2154 2163//2163 2162//2162 
f 2162//2162 2163//2163 2164//2164 
f 2163//2163 2165//2165 2164//2164 
f 2164//2164 2165//2165 2165//2165 
f 2165//2165 2163//2163 2165//2165 
f 2165//2165 2163//2163 2166//2166 
f 2163//2163 2167//2167 2166//2166 
f 2166//2166 2167//2167 2167//2167 
f 2167//2167 2163//2163 2167//2167 
f 2167//2167 2163//2163 2168//2168 
f 2163//2163 2169//2169 2168//2168 
f 2168//2168 2169//2169 2170//2170 
f 2169//2169 2170//2170 2170//2170 
f 2170//2170 2170//2170 2167//2167 
f 2170//2170 2167//2167 2167//2167 
f 2167//2167 2167//2167 2167//2167 
f 2167//2167 2168//2168 2167//2167 
f 2167//2167 2168//2168 2171//2171 
f 2168//2168 2172//2172 2171//2171 
f 2171//2171 2172//2172 2172//2172 
f 2172//2172 2168//2168 2172//2172 
f 2172//2172 2168//2168 2173//2173 
f 2168//2168 2174//2174 2173//2173 
f 2173//2173 2174//2174 2175//2175 
f 2174//2174 2176//2176 2175//2175 
f 2175//2175 2176//2176 2176//2176 
f 2176//2176 2168//2168 2176//2176 
f 2176//2176 2168//2168 2168//2168 
f 2168//2168 2177//2177 2168//2168 
f 2168//2168 2177//2177 2174//2174 
f 2177//2177 2178//2178 2174//2174 
f 2174//2174 2178//2178 2179//2179 
f 2178//2178 2180//2180 2179//2179 
f 2179//2179 2180//2180 2180//2180 
f 2180//2180 2168//2168 2180//2180 
f 2180//2180 2168//2168 2168//2168 
f 2168//2168 2181//2181 2168//2168 
f 2168//2168 2181//2181 2177//2177 
f 2181//2181 2182//2182 2177//2177 
f 2177//2177 2182//2182 2183//2183 
f 2182//2182 2183//2183 2183//2183 
f 2183//2183 2183//2183 2168//2168 
f 2183//2183 2168//2168 2168//2168 
f 2168//2168 2168//2168 2168//2168 
f 2168//2168 2184//2184 2168//2168 
f 2168//2168 2184//2184 2181//2181 
f 2184//2184 2185//2185 2181//2181 
f 2181//2181 2185//2185 2185//2185 
f 2185//2185 2186//2186 2185//2185 
f 2185//2185 2186//2186 2186//2186 
f 2186//2186 2187//2187 2186//2186 
f 2186//2186 2187//2187 2188//2188 
f 2187//2187 2189//2189 2188//2188 
f 2188//2188 2189//2189 2190//2190 
f 2189//2189 2190//2190 2190//2190 
f 2190//2190 2190//2190 2187//2187 
f 2190//2190 2187//2187 2187//2187 
f 2187//2187 2187//2187 2187//2187 
f 2187//2187 2152//2152 2187//2187 
f 2187//2187 2152//2152 2189//2189 
f 2152//2152 2191//2191 2189//2189 
f 2189//2189 2191//2191 2192//2192 
f 2191//2191 2193//2193 2192//2192 
f 2192//2192 2193//2193 2194//2194 
f 2193//2193 2194//2194 2194//2194 
f 2194//2194 2194//2194 2152//2152 
f 2194//2194 2152//2152 2152//2152 
f 2152//2152 2152//2152 2152//2152 
f 2152//2152 2195//2195 2152//2152 
f 2152//2152 2195//2195 2191//2191 
f 2195//2195 2196//2196 2191//2191 
f 2191//2191 2196//2196 2197//2197 
f 2196//2196 2197//2197 2197//2197 
f 2197//2197 2197//2197 2197//2197 
f 2197//2197 2198//2198 2197//2197 
f 2197//2197 2198//2198 2191//2191 
f 2198//2198 2199//2199 2191//2191 
f 2191//2191 2199//2199 2200//2200 
f 2199//2199 2200//2200 2200//2200 
f 2200//2200 2200//2200 2201//2201 
f 2200//2200 2201//2201 2201//2201 
f 2201//2201 2201//2201 2201//2201 
f 2201//2201 2189//2189 2201//2201 
f 2201//2201 2189//2189 2202//2202 
f 2189//2189 2192//2192 2202//2202 
f 2202//2202 2192//2192 2203//2203 
f 2192//2192 2203//2203 2203//2203 
f 2203//2203 2203//2203 2204//2204 
f 2203//2203 2204//2204 2204//2204 
f 2204//2204 2204//2204 2204//2204 
f 2204//2204 2205//2205 2204//2204 
f 2204//2204 2205//2205 2206//2206 
f 2205//2205 2207//2207 2206//2206 
f 2206//2206 2207//2207 2208//2208 
f 2207//2207 2208//2208 2208//2208 
f 2208//2208 2208//2208 2208//2208 
f 2208//2208 2209//2209 2208//2208 
f 2208//2208 2209//2209 2206//2206 
f 2209//2209 2210//2210 2206//2206 
f 2206//2206 2210//2210 2211//2211 
f 2210//2210 2212//2212 2211//2211 
f 2211//2211 2212//2212 2213//2213 
f 2212//2212 2213//2213 2213//2213 
f 2213//2213 2213//2213 2211//2211 
f 2213//2213 2211//2211 2211//2211 
f 2211//2211 2211//2211 2211//2211 
f 2211//2211 2214//2214 2211//2211 
f 2211//2211 2214//2214 2206//2206 
f 2214//2214 2215//2215 2206//2206 
f 2206//2206 2215//2215 2216//2216 
f 2215//2215 2217//2217 2216//2216 
f 2216//2216 2217//2217 2217//2217 
f 2217//2217 2211//2211 2217//2217 
f 2217//2217 2211//2211 2211//2211 
f 2211//2211 2218//2218 2211//2211 
f 2211//2211 2218//2218 2214//2214 
f 2218//2218 2219//2219 2214//2214 
f 2214//2214 2219//2219 2220//2220 
f 2219//2219 2220//2220 2220//2220 
f 2220//2220 2220//2220 2211//2211 
f 2220//2220 2211//2211 2211//2211 
f 2211//2211 2211//2211 2211//2211 
f 2211//2211 2221//2221 2211//2211 
f 2211//2211 2221//2221 2218//2218 
f 2221//2221 2222//2222 2218//2218 
f 2218//2218 2222//2222 2222//2222 
f 2222//2222 2223//2223 2222//2222 
f 2222//2222 2223//2223 2223//2223 
f 2223//2223 2224//2224 2223//2223 
f 2223//2223 2224//2224 2225//2225 
f 2224//2224 2226//2226 2225//2225 
f 2225//2225 2226//2226 2226//2226 
f 2226//2226 2195//2195 2226//2226 
f 2226//2226 2195//2195 2195//2195 
f 2195//2195 2152//2152 2195//2195 
f 2195//2195 2152//2152 2227//2227 
f 2152//2152 2228//2228 2227//2227 
f 2227//2227 2228//2228 2228//2228 
f 2228//2228 2152//2152 2228//2228 
f 2228//2228 2152//2152 2229//2229 
f 2152//2152 2230//2230 2229//2229 
f 2229//2229 2230//2230 2230//2230 
f 2230//2230 2152//2152 2230//2230 
f 2230//2230 2152//2152 2231//2231 
f 2152//2152 2232//2232 2231//2231 
f 2231//2231 2232//2232 2232//2232 
f 2232//2232 2152//2152 2232//2232 
f 2232//2232 2152//2152 2233//2233 
f 2152//2152 2234//2234 2233//2233 
f 2233//2233 2234//2234 2234//2234 
f 2234//2234 2152//2152 2234//2234 
f 2234//2234 2152//2152 2235//2235 
f 2152//2152 2236//2236 2235//2235 
f 2235//2235 2236//2236 2236//2236 
f 2236//2236 2152//2152 2236//2236 
f 2236//2236 2152//2152 2237//2237 
f 2152//2152 2238//2238 2237//2237 
f 2237//2237 2238//2238 2238//2238 
f 2238//2238 2152//2152 2238//2238 
f 2238//2238 2152//2152 2239//2239 
f 2152//2152 2240//2240 2239//2239 
f 2239//2239 2240//2240 2240//2240 
f 2240//2240 2152//2152 2240//2240 
f 2240//2240 2152//2152 2152//2152 
f 2152//2152 2159//2159 2152//2152 
f 2152//2152 2159//2159 2240//2240 
f 2159//2159 2241//2241 2240//2240 
f 2240//2240 2241//2241 2242//2242 
f 2241//2241 2243//2243 2242//2242 
f 2242//2242 2243//2243 2244//2244 
f 2243//2243 2244//2244 2244//2244 
f 2244//2244 2244//2244 2244//2244 
f 2244//2244 2245//2245 2244//2244 
f 2244//2244 2245//2245 2242//2242 
f 2245//2245 2246//2246 2242//2242 
f 2242//2242 2246//2246 2247//2247 
f 2246//2246 2248//2248 2247//2247 
f 2247//2247 2248//2248 2249//2249 
f 2248//2248 2249//2249 2249//2249 
f 2249//2249 2249//2249 2249//2249 
f 2249//2249 2250//2250 2249//2249 
f 2249//2249 2250//2250 2247//2247 
f 2250//2250 2251//2251 2247//2247 
f 2247//2247 2251//2251 2252//2252 
f 2251//2251 2252//2252 2252//2252 
f 2252//2252 2252//2252 2252//2252 
f 2252//2252 2174//2174 2252//2252 
f 2252//2252 2174//2174 2247//2247 
f 2174//2174 2253//2253 2247//2247 
f 2247//2247 2253//2253 2254//2254 
f 2253//2253 2255//2255 2254//2254 
f 2254//2254 2255//2255 2255//2255 
f 2255//2255 2252//2252 2255//2255 
f 2255//2255 2252//2252 2252//2252 
f 2252//2252 2256//2256 2252//2252 
f 2252//2252 2256//2256 2174//2174 
f 2256//2256 2257//2257 2174//2174 
f 2174//2174 2257//2257 2258//2258 
f 2257//2257 2258//2258 2258//2258 
f 2258//2258 2258//2258 2258//2258 
f 2258//2258 2259//2259 2258//2258 
f 2258//2258 2259//2259 2174//2174 
f 2259//2259 2260//2260 2174//2174 
f 2174//2174 2260//2260 2261//2261 
f 2260//2260 2261//2261 2261//2261 
f 2261//2261 2261//2261 2261//2261 
f 2261//2261 2262//2262 2261//2261 
f 2261//2261 2262//2262 2174//2174 
f 2262//2262 2263//2263 2174//2174 
f 2174//2174 2263//2263 2264//2264 
f 2263//2263 2264//2264 2264//2264 
f 2264//2264 2264//2264 2264//2264 
f 2264//2264 2265//2265 2264//2264 
f 2264//2264 2265//2265 2174//2174 
f 2265//2265 2176//2176 2174//2174 
f 2174//2174 2176//2176 2176//2176 
f 2176//2176 2266//2266 2176//2176 
f 2176//2176 2266//2266 2266//2266 
f 2266//2266 2267//2267 2266//2266 
f 2266//2266 2267//2267 2268//2268 
f 2267//2267 2269//2269 2268//2268 
f 2268//2268 2269//2269 2269//2269 
f 2269//2269 2270//2270 2269//2269 
f 2269//2269 2270//2270 2270//2270 
f 2270//2270 2271//2271 2270//2270 
f 2270//2270 2271//2271 2272//2272 
f 2271//2271 2273//2273 2272//2272 
f 2272//2272 2273//2273 2274//2274 
f 2273//2273 2275//2275 2274//2274 
f 2274//2274 2275//2275 2276//2276 
f 2275//2275 2277//2277 2276//2276 
f 2276//2276 2277//2277 2278//2278 
f 2277//2277 2279//2279 2278//2278 
f 2278//2278 2279//2279 2280//2280 
f 2279//2279 2281//2281 2280//2280 
f 2280//2280 2281//2281 2282//2282 
f 2281//2281 2283//2283 2282//2282 
f 2282//2282 2283//2283 2284//2284 
f 2283//2283 2285//2285 2284//2284 
f 2284//2284 2285//2285 2286//2286 
f 2285//2285 2287//2287 2286//2286 
f 2286//2286 2287//2287 2288//2288 
f 2287//2287 2289//2289 2288//2288 
f 2288//2288 2289//2289 2290//2290 
f 2289//2289 2291//2291 2290//2290 
f 2290//2290 2291//2291 2292//2292 
f 2291//2291 2293//2293 2292//2292 
f 2292//2292 2293//2293 2294//2294 
f 2293//2293 2295//2295 2294//2294 
f 2294//2294 2295//2295 2296//2296 
f 2295//2295 2297//2297 2296//2296 
f 2296//2296 2297//2297 2298//2298 
f 2297//2297 2299//2299 2298//2298 
f 2298//2298 2299//2299 2300//2300 
f 2299//2299 2301//2301 2300//2300 
f 2300//2300 2301//2301 2302//2302 
f 2301//2301 2303//2303 2302//2302 
f 2302//2302 2303//2303 2304//2304 
f 2303//2303 2305//2305 2304//2304 
f 2304//2304 2305//2305 2306//2306 
f 2305//2305 2307//2307 2306//2306 
f 2306//2306 2307//2307 2308//2308 
f 2307//2307 2309//2309 2308//2308 
f 2308//2308 2309//2309 2310//2310 
f 2309//2309 2311//2311 2310//2310 
f 2310//2310 2311//2311 2312//2312 
f 2311//2311 2313//2313 2312//2312 
f 2312//2312 2313//2313 2314//2314 
f 2313//2313 2315//2315 2314//2314 
f 2314//2314 2315//2315 2316//2316 
f 2315//2315 2317//2317 2316//2316 
f 2316//2316 2317//2317 2318//2318 
f 2317//2317 2319//2319 2318//2318 
f 2318//2318 2319//2319 2320//2320 
f 2319//2319 2321//2321 2320//2320 
f 2320//2320 2321//2321 2322//2322 
f 2321//2321 2323//2323 2322//2322 
f 2322//2322 2323//2323 2324//2324 
f 2323//2323 2325//2325 2324//2324 
f 2324//2324 2325//2325 2326//2326 
f 2325//2325 2327//2327 2326//2326 
f 2326//2326 2327//2327 2328//2328 
f 2327//2327 2329//2329 2328//2328 
f 2328//2328 2329//2329 2330//2330 
f 2329//2329 2331//2331 2330//2330 
f 2330//2330 2331//2331 2332//2332 
f 2331//2331 2333//2333 2332//2332 
f 2332//2332 2333//2333 2334//2334 
f 2333//2333 2335//2335 2334//2334 
f 2334//2334 2335//2335 2336//2336 
f 2335//2335 2337//2337 2336//2336 
f 2336//2336 2337//2337 2338//2338 
f 2337//2337 2339//2339 2338//2338 
f 2338//2338 2339//2339 2340//2340 
f 2339//2339 2341//2341 2340//2340 
f 2340//2340 2341//2341 2342//2342 
f 2341//2341 2343//2343 2342//2342 
f 2342//2342 2343//2343 2344//2344 
f 2343//2343 2345//2345 2344//2344 
f 2344//2344 2345//2345 2346//2346 
f 2345//2345 2347//2347 2346//2346 
f 2346//2346 2347//2347 2348//2348 
f 2347//2347 2349//2349 2348//2348 
f 2348//2348 2349//2349 2350//2350 
f 2349//2349 2351//2351 2350//2350 
f 2350//2350 2351//2351 2351//2351 
f 2351//2351 2240//2240 2351//2351 
f 2351//2351 2240//2240 2240//2240 
f 2240//2240 2242//2242 2240//2240 
f 2240//2240 2242//2242 2352//2352 
f 2242//2242 2353//2353 2352//2352 
f 2352//2352 2353//2353 2353//2353 
f 2353//2353 2354//2354 2353//2353 
f 2353//2353 2354//2354 2354//2354 
f 2354//2354 2215//2215 2354//2354 
f 2354//2354 2215//2215 2355//2355 
f 2215//2215 2214//2214 2355//2355 
f 2355//2355 2214//2214 2356//2356 
f 2214//2214 2356//2356 2356//2356 
f 2356//2356 2356//2356 2357//2357 
f 2356//2356 2357//2357 2357//2357 
f 2357//2357 2357//2357 2357//2357 
f 2357//2357 2358//2358 2357//2357 
f 2357//2357 2358//2358 2359//2359 
f 2358//2358 2360//2360 2359//2359 
f 2359//2359 2360//2360 2360//2360 
f 2360//2360 2361//2361 2360//2360 
f 2360//2360 2361//2361 2361//2361 
f 2361//2361 2362//2362 2361//2361 
f 2361//2361 2362//2362 2363//2363 
f 2362//2362 2364//2364 2363//2363 
f 2363//2363 2364//2364 2365//2365 
f 2364//2364 2366//2366 2365//2365 
f 2365//2365 2366//2366 2366//2366 
f 2366//2366 2367//2367 2366//2366 
f 2366//2366 2367//2367 2367//2367 
f 2367//2367 2368//2368 2367//2367 
f 2367//2367 2368//2368 2369//2369 
f 2368//2368 2370//2370 2369//2369 
f 2369//2369 2370//2370 2370//2370 
f 2370//2370 2371//2371 2370//2370 
f 2370//2370 2371//2371 2371//2371 
f 2371//2371 2372//2372 2371//2371 
f 2371//2371 2372//2372 2373//2373 
f 2372//2372 2374//2374 2373//2373 
f 2373//2373 2374//2374 2375//2375 
f 2374//2374 2376//2376 2375//2375 
f 2375//2375 2376//2376 2377//2377 
f 2376//2376 2378//2378 2377//2377 
f 2377//2377 2378//2378 2379//2379 
f 2378//2378 2380//2380 2379//2379 
f 2379//2379 2380//2380 2381//2381 
f 2380//2380 2382//2382 2381//2381 
f 2381//2381 2382//2382 2383//2383 
f 2382//2382 2384//2384 2383//2383 
f 2383//2383 2384//2384 2385//2385 
f 2384//2384 2386//2386 2385//2385 
f 2385//2385 2386//2386 2387//2387 
f 2386//2386 2388//2388 2387//2387 
f 2387//2387 2388//2388 2389//2389 
f 2388//2388 2390//2390 2389//2389 
f 2389//2389 2390//2390 2391//2391 
f 2390//2390 2392//2392 2391//2391 
f 2391//2391 2392//2392 2393//2393 
f 2392//2392 2394//2394 2393//2393 
f 2393//2393 2394//2394 2395//2395 
f 2394//2394 2396//2396 2395//2395 
f 2395//2395 2396//2396 2397//2397 
f 2396//2396 2398//2398 2397//2397 
f 2397//2397 2398//2398 2399//2399 
f 2398//2398 2400//2400 2399//2399 
f 2399//2399 2400//2400 2401//2401 
f 2400//2400 2402//2402 2401//2401 
f 2401//2401 2402//2402 2403//2403 
f 2402//2402 2404//2404 2403//2403 
f 2403//2403 2404//2404 2405//2405 
f 2404//2404 2406//2406 2405//2405 
f 2405//2405 2406//2406 2407//2407 
f 2406//2406 2408//2408 2407//2407 
f 2407//2407 2408//2408 2409//2409 
f 2408//2408 2410//2410 2409//2409 
f 2409//2409 2410//2410 2411//2411 
f 2410//2410 2412//2412 2411//2411 
f 2411//2411 2412//2412 2413//2413 
f 2412//2412 2414//2414 2413//2413 
f 2413//2413 2414//2414 2415//2415 
f 2414//2414 2416//2416 2415//2415 
f 2415//2415 2416//2416 2417//2417 
f 2416//2416 2418//2418 2417//2417 
f 2417//2417 2418//2418 2419//2419 
f 2418//2418 2420//2420 2419//2419 
f 2419//2419 2420//2420 2421//2421 
f 2420//2420 2422//2422 2421//2421 
f 2421//2421 2422//2422 2423//2423 
f 2422//2422 2424//2424 2423//2423 
f 2423//2423 2424//2424 2425//2425 
f 2424//2424 2426//2426 2425//2425 
f 2425//2425 2426//2426 2427//2427 
f 2426//2426 2428//2428 2427//2427 
f 2427//2427 2428//2428 2429//2429 
f 2428//2428 2430//2430 2429//2429 
f 2429//2429 2430//2430 2431//2431 
f 2430//2430 2431//2431 2431//2431 
f 2431//2431 2431//2431 2429//2429 
f 2431//2431 2429//2429 2429//2429 
f 2429//2429 2429//2429 2429//2429 
f 2429//2429 2431//2431 2429//2429 
f 2429//2429 2431//2431 2432//2432 
f 2431//2431 2433//2433 2432//2432 
f 2432//2432 2433//2433 2433//2433 
f 2433//2433 2431//2431 2433//2433 
f 2433//2433 2431//2431 2431//2431 
f 2431//2431 2434//2434 2431//2431 
f 2431//2431 2434//2434 2433//2433 
f 2434//2434 2435//2435 2433//2433 
f 2433//2433 2435//2435 2435//2435 
f 2435//2435 2434//2434 2435//2435 
f 2435//2435 2434//2434 2434//2434 
f 2434//2434 2436//2436 2434//2434 
f 2434//2434 2436//2436 2435//2435 
f 2436//2436 2437//2437 2435//2435 
f 2435//2435 2437//2437 2437//2437 
f 2437//2437 2436//2436 2437//2437 
f 2437//2437 2436//2436 2436//2436 
f 2436//2436 2438//2438 2436//2436 
f 2436//2436 2438//2438 2437//2437 
f 2438//2438 2439//2439 2437//2437 
f 2437//2437 2439//2439 2439//2439 
f 2439//2439 2438//2438 2439//2439 
f 2439//2439 2438//2438 2438//2438 
f 2438//2438 2440//2440 2438//2438 
f 2438//2438 2440//2440 2439//2439 
f 2440//2440 2441//2441 2439//2439 
f 2439//2439 2441//2441 2441//2441 
f 2441//2441 2440//2440 2441//2441 
f 2441//2441 2440//2440 2440//2440 
f 2440//2440 2442//2442 2440//2440 
f 2440//2440 2442//2442 2441//2441 
f 2442//2442 2443//2443 2441//2441 
f 2441//2441 2443//2443 2443//2443 
f 2443//2443 2442//2442 2443//2443 
f 2443//2443 2442//2442 2442//2442 
f 2442//2442 2444//2444 2442//2442 
f 2442//2442 2444//2444 2443//2443 
f 2444//2444 2445//2445 2443//2443 
f 2443//2443 2445//2445 2445//2445 
f 2445//2445 2444//2444 2445//2445 
f 2445//2445 2444//2444 2444//2444 
f 2444//2444 2446//2446 2444//2444 
f 2444//2444 2446//2446 2445//2445 
f 2446//2446 2447//2447 2445//2445 
f 2445//2445 2447//2447 2447//2447 
f 2447//2447 2446//2446 2447//2447 
f 2447//2447 2446//2446 2446//2446 
f 2446//2446 2448//2448 2446//2446 
f 2446//2446 2448//2448 2447//2447 
f 2448//2448 2449//2449 2447//2447 
f 2447//2447 2449//2449 2449//2449 
f 2449//2449 2448//2448 2449//2449 
f 2449//2449 2448//2448 2448//2448 
f 2448//2448 2450//2450 2448//2448 
f 2448//2448 2450//2450 2449//2449 
f 2450//2450 2451//2451 2449//2449 
f 2449//2449 2451//2451 2451//2451 
f 2451//2451 2450//2450 2451//2451 
f 2451//2451 2450//2450 2450//2450 
f 2450//2450 2452//2452 2450//2450 
f 2450//2450 2452//2452 2451//2451 
f 2452//2452 2453//2453 2451//2451 
f 2451//2451 2453//2453 2453//2453 
f 2453//2453 2452//2452 2453//2453 
f 2453//2453 2452//2452 2452//2452 
f 2452//2452 2454//2454 2452//2452 
f 2452//2452 2454//2454 2453//2453 
f 2454//2454 2455//2455 2453//2453 
f 2453//2453 2455//2455 2455//2455 
f 2455//2455 2454//2454 2455//2455 
f 2455//2455 2454//2454 2454//2454 
f 2454//2454 2456//2456 2454//2454 
f 2454//2454 2456//2456 2455//2455 
f 2456//2456 2457//2457 2455//2455 
f 2455//2455 2457//2457 2457//2457 
f 2457//2457 2456//2456 2457//2457 
f 2457//2457 2456//2456 2456//2456 
f 2456//2456 2458//2458 2456//2456 
f 2456//2456 2458//2458 2457//2457 
f 2458//2458 2459//2459 2457//2457 
f 2457//2457 2459//2459 2459//2459 
f 2459//2459 2458//2458 2459//2459 
f 2459//2459 2458//2458 2458//2458 
f 2458//2458 2460//2460 2458//2458 
f 2458//2458 2460//2460 2459//2459 
f 2460//2460 2461//2461 2459//2459 
f 2459//2459 2461//2461 2461//2461 
f 2461//2461 2460//2460 2461//2461 
f 2461//2461 2460//2460 2460//2460 
f 2460//2460 2462//2462 2460//2460 
f 2460//2460 2462//2462 2461//2461 
f 2462//2462 2463//2463 2461//2461 
f 2461//2461 2463//2463 2463//2463 
f 2463//2463 2462//2462 2463//2463 
f 2463//2463 2462//2462 2462//2462 
f 2462//2462 2464//2464 2462//2462 
f 2462//2462 2464//2464 2463//2463 
f 2464//2464 2465//2465 2463//2463 
f 2463//2463 2465//2465 2465//2465 
f 2465//2465 2464//2464 2465//2465 
f 2465//2465 2464//2464 2464//2464 
f 2464//2464 2466//2466 2464//2464 
f 2464//2464 2466//2466 2465//2465 
f 2466//2466 2467//2467 2465//2465 
f 2465//2465 2467//2467 2467//2467 
f 2467//2467 2466//2466 2467//2467 
f 2467//2467 2466//2466 2466//2466 
f 2466//2466 2468//2468 2466//2466 
f 2466//2466 2468//2468 2467//2467 
f 2468//2468 2469//2469 2467//2467 
f 2467//2467 2469//2469 2469//2469 
f 2469//2469 2468//2468 2469//2469 
f 2469//2469 2468//2468 2468//2468 
f 2468//2468 2470//2470 2468//2468 
f 2468//2468 2470//2470 2469//2469 
f 2470//2470 2471//2471 2469//2469 
f 2469//2469 2471//2471 2471//2471 
f 2471//2471 2470//2470 2471//2471 
f 2471//2471 2470//2470 2470//2470 
f 2470//2470 2472//2472 2470//2470 
f 2470//2470 2472//2472 2471//2471 
f 2472//2472 2473//2473 2471//2471 
f 2471//2471 2473//2473 2473//2473 
f 2473//2473 2474//2474 2473//2473 
f 2473//2473 2474//2474 2474//2474 
f 2474//2474 2475//2475 2474//2474 
f 2474//2474 2475//2475 2476//2476 
f 2475//2475 2477//2477 2476//2476 
f 2476//2476 2477//2477 2478//2478 
f 2477//2477 2479//2479 2478//2478 
f 2478//2478 2479//2479 2480//2480 
f 2479//2479 2481//2481 2480//2480 
f 2480//2480 2481//2481 2482//2482 
f 2481//2481 2483//2483 2482//2482 
f 2482//2482 2483//2483 2484//2484 
f 2483//2483 2485//2485 2484//2484 
f 2484//2484 2485//2485 2486//2486 
f 2485//2485 2487//2487 2486//2486 
f 2486//2486 2487//2487 2488//2488 
f 2487//2487 2489//2489 2488//2488 
f 2488//2488 2489//2489 2490//2490 
f 2489//2489 2491//2491 2490//2490 
f 2490//2490 2491//2491 2492//2492 
f 2491//2491 2493//2493 2492//2492 
f 2492//2492 2493//2493 2494//2494 
f 2493//2493 2495//2495 2494//2494 
f 2494//2494 2495//2495 2496//2496 
f 2495//2495 2497//2497 2496//2496 
f 2496//2496 2497//2497 2498//2498 
f 2497//2497 2499//2499 2498//2498 
f 2498//2498 2499//2499 2500//2500 
f 2499//2499 2501//2501 2500//2500 
f 2500//2500 2501//2501 2502//2502 
f 2501//2501 2503//2503 2502//2502 
f 2502//2502 2503//2503 2504//2504 
f 2503//2503 2505//2505 2504//2504 
f 2504//2504 2505//2505 2506//2506 
f 2505//2505 2507//2507 2506//2506 
f 2506//2506 2507//2507 2508//2508 
f 2507//2507 2509//2509 2508//2508 
f 2508//2508 2509//2509 2510//2510 
f 2509//2509 2511//2511 2510//2510 
f 2510//2510 2511//2511 2512//2512 
f 2511//2511 2513//2513 2512//2512 
f 2512//2512 2513//2513 2514//2514 
f 2513//2513 2515//2515 2514//2514 
f 2514//2514 2515//2515 2516//2516 
f 2515//2515 2517//2517 2516//2516 
f 2516//2516 2517//2517 2518//2518 
f 2517//2517 2519//2519 2518//2518 
f 2518//2518 2519//2519 2520//2520 
f 2519//2519 2521//2521 2520//2520 
f 2520//2520 2521//2521 2522//2522 
f 2521//2521 2523//2523 2522//2522 
f 2522//2522 2523//2523 2523//2523 
f 2523//2523 2524//2524 2523//2523 
f 2523//2523 2524//2524 2524//2524 
f 2524//2524 2525//2525 2524//2524 
f 2524//2524 2525//2525 2174//2174 
f 2525//2525 2253//2253 2174//2174 
f 2174//2174 2253//2253 2253//2253 
f 2253//2253 2526//2526 2253//2253 
f 2253//2253 2526//2526 2526//2526 
f 2526//2526 2527//2527 2526//2526 
f 2526//2526 2527//2527 2528//2528 
f 2527//2527 2529//2529 2528//2528 
f 2528//2528 2529//2529 2211//2211 
f 2529//2529 2530//2530 2211//2211 
f 2211//2211 2530//2530 2531//2531 
f 2530//2530 2531//2531 2531//2531 
f 2531//2531 2531//2531 2528//2528 
f 2531//2531 2528//2528 2528//2528 
f 2528//2528 2528//2528 2528//2528 
f 2528//2528 2211//2211 2528//2528 
f 2528//2528 2211//2211 2532//2532 
f 2211//2211 2533//2533 2532//2532 
f 2532//2532 2533//2533 2534//2534 
f 2533//2533 2534//2534 2534//2534 
f 2534//2534 2534//2534 2211//2211 
f 2534//2534 2211//2211 2211//2211 
f 2211//2211 2211//2211 2211//2211 
f 2211//2211 2535//2535 2211//2211 
f 2211//2211 2535//2535 2533//2533 
f 2535//2535 2536//2536 2533//2533 
f 2533//2533 2536//2536 2537//2537 
f 2536//2536 2537//2537 2537//2537 
f 2537//2537 2537//2537 2537//2537 
f 2537//2537 2538//2538 2537//2537 
f 2537//2537 2538//2538 2533//2533 
f 2538//2538 2539//2539 2533//2533 
f 2533//2533 2539//2539 2540//2540 
f 2539//2539 2540//2540 2540//2540 
f 2540//2540 2540//2540 2533//2533 
f 2540//2540 2533//2533 2533//2533 
f 2533//2533 2533//2533 2533//2533 
f 2533//2533 2540//2540 2533//2533 
f 2533//2533 2540//2540 2541//2541 
f 2540//2540 2542//2542 2541//2541 
f 2541//2541 2542//2542 2543//2543 
f 2542//2542 2543//2543 2543//2543 
f 2543//2543 2543//2543 2541//2541 
f 2543//2543 2541//2541 2541//2541 
f 2541//2541 2541//2541 2541//2541 
f 2541//2541 2543//2543 2541//2541 
f 2541//2541 2543//2543 2544//2544 
f 2543//2543 2545//2545 2544//2544 
f 2544//2544 2545//2545 2546//2546 
f 2545//2545 2547//2547 2546//2546 
f 2546//2546 2547//2547 2548//2548 
f 2547//2547 2549//2549 2548//2548 
f 2548//2548 2549//2549 2550//2550 
f 2549//2549 2550//2550 2550//2550 
f 2550//2550 2550//2550 2550//2550 
f 2550//2550 2551//2551 2550//2550 
f 2550//2550 2551//2551 2548//2548 
f 2551//2551 2552//2552 2548//2548 
f 2548//2548 2552//2552 2553//2553 
f 2552//2552 2553//2553 2553//2553 
f 2553//2553 2553//2553 2553//2553 
f 2553//2553 2554//2554 2553//2553 
f 2553//2553 2554//2554 2548//2548 
f 2554//2554 2555//2555 2548//2548 
f 2548//2548 2555//2555 2556//2556 
f 2555//2555 2556//2556 2556//2556 
f 2556//2556 2556//2556 2556//2556 
f 2556//2556 2557//2557 2556//2556 
f 2556//2556 2557//2557 2548//2548 
f 2557//2557 2558//2558 2548//2548 
f 2548//2548 2558//2558 2559//2559 
f 2558//2558 2559//2559 2559//2559 
f 2559//2559 2559//2559 2557//2557 
f 2559//2559 2557//2557 2557//2557 
f 2557//2557 2557//2557 2557//2557 
f 2557//2557 2560//2560 2557//2557 
f 2557//2557 2560//2560 2558//2558 
f 2560//2560 2561//2561 2558//2558 
f 2558//2558 2561//2561 2562//2562 
f 2561//2561 2563//2563 2562//2562 
f 2562//2562 2563//2563 2563//2563 
f 2563//2563 2557//2557 2563//2563 
f 2563//2563 2557//2557 2557//2557 
f 2557//2557 2564//2564 2557//2557 
f 2557//2557 2564//2564 2560//2560 
f 2564//2564 2565//2565 2560//2560 
f 2560//2560 2565//2565 2566//2566 
f 2565//2565 2566//2566 2566//2566 
f 2566//2566 2566//2566 2566//2566 
f 2566//2566 2567//2567 2566//2566 
f 2566//2566 2567//2567 2560//2560 
f 2567//2567 2568//2568 2560//2560 
f 2560//2560 2568//2568 2569//2569 
f 2568//2568 2569//2569 2569//2569 
f 2569//2569 2569//2569 2569//2569 
f 2569//2569 2570//2570 2569//2569 
f 2569//2569 2570//2570 2560//2560 
f 2570//2570 2571//2571 2560//2560 
f 2560//2560 2571//2571 2572//2572 
f 2571//2571 2573//2573 2572//2572 
f 2572//2572 2573//2573 2574//2574 
f 2573//2573 2574//2574 2574//2574 
f 2574//2574 2574//2574 2570//2570 
f 2574//2574 2570//2570 2570//2570 
f 2570//2570 2570//2570 2570//2570 
f 2570//2570 2575//2575 2570//2570 
f 2570//2570 2575//2575 2571//2571 
f 2575//2575 2205//2205 2571//2571 
f 2571//2571 2205//2205 2576//2576 
f 2205//2205 2576//2576 2576//2576 
f 2576//2576 2576//2576 2575//2575 
f 2576//2576 2575//2575 2575//2575 
f 2575//2575 2575//2575 2575//2575 
f 2575//2575 2577//2577 2575//2575 
f 2575//2575 2577//2577 2205//2205 
f 2577//2577 2578//2578 2205//2205 
f 2205//2205 2578//2578 2207//2207 
f 2578//2578 2207//2207 2207//2207 
f 2207//2207 2207//2207 2579//2579 
f 2207//2207 2579//2579 2579//2579 
f 2579//2579 2579//2579 2579//2579 
f 2579//2579 2178//2178 2579//2579 
f 2579//2579 2178//2178 2580//2580 
f 2178//2178 2177//2177 2580//2580 
f 2580//2580 2177//2177 2581//2581 
f 2177//2177 2581//2581 2581//2581 
f 2581//2581 2581//2581 2582//2582 
f 2581//2581 2582//2582 2582//2582 
f 2582//2582 2582//2582 2582//2582 
f 2582//2582 2528//2528 2582//2582 
f 2582//2582 2528//2528 2583//2583 
f 2528//2528 2532//2532 2583//2583 
f 2583//2583 2532//2532 2584//2584 
f 2532//2532 2584//2584 2584//2584 
f 2584//2584 2584//2584 2585//2585 
f 2584//2584 2585//2585 2585//2585 
f 2585//2585 2585//2585 2585//2585 
f 2585//2585 2586//2586 2585//2585 
f 2585//2585 2586//2586 2587//2587 
f 2586//2586 2588//2588 2587//2587 
f 2587//2587 2588//2588 2588//2588 
f 2588//2588 2589//2589 2588//2588 
f 2588//2588 2589//2589 2589//2589 
f 2589//2589 2152//2152 2589//2589 
f 2589//2589 2152//2152 2590//2590 
f 2152//2152 2187//2187 2590//2590 
f 2590//2590 2187//2187 2591//2591 
f 2187//2187 2591//2591 2591//2591 
f 2591//2591 2591//2591 2592//2592 
f 2591//2591 2592//2592 2592//2592 
f 2592//2592 2592//2592 2592//2592 
f 2592//2592 2593//2593 2592//2592 
f 2592//2592 2593//2593 2594//2594 
f 2593//2593 2595//2595 2594//2594 
f 2594//2594 2595//2595 2596//2596 
f 2595//2595 2596//2596 2596//2596 
f 2596//2596 2596//2596 2594//2594 
f 2596//2596 2594//2594 2594//2594 
f 2594//2594 2594//2594 2594//2594 
f 2594//2594 2596//2596 2594//2594 
f 2594//2594 2596//2596 2597//2597 
f 2596//2596 2598//2598 2597//2597 
f 2597//2597 2598//2598 2599//2599 
f 2598//2598 2600//2600 2599//2599 
f 2599//2599 2600//2600 2601//2601 
f 2600//2600 2602//2602 2601//2601 
f 2601//2601 2602//2602 2603//2603 
f 2602//2602 2604//2604 2603//2603 
f 2603//2603 2604//2604 2605//2605 
f 2604//2604 2606//2606 2605//2605 
f 2605//2605 2606//2606 2607//2607 
f 2606//2606 2608//2608 2607//2607 
f 2607//2607 2608//2608 2609//2609 
f 2608//2608 2610//2610 2609//2609 
f 2609//2609 2610//2610 2611//2611 
f 2610//2610 2612//2612 2611//2611 
f 2611//2611 2612//2612 2613//2613 
f 2612//2612 2614//2614 2613//2613 
f 2613//2613 2614//2614 2615//2615 
f 2614//2614 2616//2616 2615//2615 
f 2615//2615 2616//2616 2617//2617 
f 2616//2616 2618//2618 2617//2617 
f 2617//2617 2618//2618 2619//2619 
f 2618//2618 2620//2620 2619//2619 
f 2619//2619 2620//2620 2621//2621 
f 2620//2620 2622//2622 2621//2621 
f 2621//2621 2622//2622 2623//2623 
f 2622//2622 2624//2624 2623//2623 
f 2623//2623 2624//2624 2625//2625 
f 2624//2624 2626//2626 2625//2625 
f 2625//2625 2626//2626 2627//2627 
f 2626//2626 2628//2628 2627//2627 
f 2627//2627 2628//2628 2629//2629 
f 2628//2628 2630//2630 2629//2629 
f 2629//2629 2630//2630 2631//2631 
f 2630//2630 2632//2632 2631//2631 
f 2631//2631 2632//2632 2633//2633 
f 2632//2632 2634//2634 2633//2633 
f 2633//2633 2634//2634 2635//2635 
f 2634//2634 2636//2636 2635//2635 
f 2635//2635 2636//2636 2637//2637 
f 2636//2636 2638//2638 2637//2637 
f 2637//2637 2638//2638 2639//2639 
f 2638//2638 2640//2640 2639//2639 
f 2639//2639 2640//2640 2641//2641 
f 2640//2640 2642//2642 2641//2641 
f 2641//2641 2642//2642 2643//2643 
f 2642//2642 2644//2644 2643//2643 
f 2643//2643 2644//2644 2645//2645 
f 2644//2644 2646//2646 2645//2645 
f 2645//2645 2646//2646 2647//2647 
f 2646//2646 2648//2648 2647//2647 
f 2647//2647 2648//2648 2649//2649 
f 2648//2648 2650//2650 2649//2649 
f 2649//2649 2650//2650 2651//2651 
f 2650//2650 2652//2652 2651//2651 
f 2651//2651 2652//2652 2653//2653 
f 2652//2652 2654//2654 2653//2653 
f 2653//2653 2654//2654 2655//2655 
f 2654//2654 2655//2655 2655//2655 
f 2655//2655 2655//2655 2653//2653 
f 2655//2655 2653//2653 2653//2653 
f 2653//2653 2653//2653 2653//2653 
f 2653//2653 2655//2655 2653//2653 
f 2653//2653 2655//2655 2656//2656 
f 2655//2655 2657//2657 2656//2656 
f 2656//2656 2657//2657 2657//2657 
f 2657//2657 2655//2655 2657//2657 
f 2657//2657 2655//2655 2655//2655 
f 2655//2655 2658//2658 2655//2655 
f 2655//2655 2658//2658 2657//2657 
f 2658//2658 2659//2659 2657//2657 
f 2657//2657 2659//2659 2659//2659 
f 2659//2659 2658//2658 2659//2659 
f 2659//2659 2658//2658 2658//2658 
f 2658//2658 2660//2660 2658//2658 
f 2658//2658 2660//2660 2659//2659 
f 2660//2660 2661//2661 2659//2659 
f 2659//2659 2661//2661 2661//2661 
f 2661//2661 2660//2660 2661//2661 
f 2661//2661 2660//2660 2660//2660 
f 2660//2660 2662//2662 2660//2660 
f 2660//2660 2662//2662 2661//2661 
f 2662//2662 2663//2663 2661//2661 
f 2661//2661 2663//2663 2663//2663 
f 2663//2663 2662//2662 2663//2663 
f 2663//2663 2662//2662 2662//2662 
f 2662//2662 2664//2664 2662//2662 
f 2662//2662 2664//2664 2663//2663 
f 2664//2664 2665//2665 2663//2663 
f 2663//2663 2665//2665 2665//2665 
f 2665//2665 2666//2666 2665//2665 
f 2665//2665 2666//2666 2666//2666 
f 2666//2666 2532//2532 2666//2666 
f 2666//2666 2532//2532 2667//2667 
f 2532//2532 2534//2534 2667//2667 
f 2667//2667 2534//2534 2534//2534 
f 2534//2534 2668//2668 2534//2534 
f 2534//2534 2668//2668 2668//2668 
f 2668//2668 2669//2669 2668//2668 
f 2668//2668 2669//2669 2670//2670 
f 2669//2669 2671//2671 2670//2670 
f 2670//2670 2671//2671 2672//2672 
f 2671//2671 2672//2672 2672//2672 
f 2672//2672 2672//2672 2672//2672 
f 2672//2672 2673//2673 2672//2672 
f 2672//2672 2673//2673 2670//2670 
f 2673//2673 2674//2674 2670//2670 
f 2670//2670 2674//2674 2675//2675 
f 2674//2674 2676//2676 2675//2675 
f 2675//2675 2676//2676 2677//2677 
f 2676//2676 2677//2677 2677//2677 
f 2677//2677 2677//2677 2673//2673 
f 2677//2677 2673//2673 2673//2673 
f 2673//2673 2673//2673 2673//2673 
f 2673//2673 2678//2678 2673//2673 
f 2673//2673 2678//2678 2674//2674 
f 2678//2678 2679//2679 2674//2674 
f 2674//2674 2679//2679 2680//2680 
f 2679//2679 2680//2680 2680//2680 
f 2680//2680 2680//2680 2680//2680 
f 2680//2680 2681//2681 2680//2680 
f 2680//2680 2681//2681 2674//2674 
f 2681//2681 2682//2682 2674//2674 
f 2674//2674 2682//2682 2683//2683 
f 2682//2682 2683//2683 2683//2683 
f 2683//2683 2683//2683 2683//2683 
f 2683//2683 2684//2684 2683//2683 
f 2683//2683 2684//2684 2674//2674 
f 2684//2684 2685//2685 2674//2674 
f 2674//2674 2685//2685 2686//2686 
f 2685//2685 2686//2686 2686//2686 
f 2686//2686 2686//2686 2686//2686 
f 2686//2686 2687//2687 2686//2686 
f 2686//2686 2687//2687 2674//2674 
f 2687//2687 2688//2688 2674//2674 
f 2674//2674 2688//2688 2689//2689 
f 2688//2688 2689//2689 2689//2689 
f 2689//2689 2689//2689 2689//2689 
f 2689//2689 2690//2690 2689//2689 
f 2689//2689 2690//2690 2674//2674 
f 2690//2690 2691//2691 2674//2674 
f 2674//2674 2691//2691 2692//2692 
f 2691//2691 2692//2692 2692//2692 
f 2692//2692 2692//2692 2692//2692 
f 2692//2692 2693//2693 2692//2692 
f 2692//2692 2693//2693 2674//2674 
f 2693//2693 2694//2694 2674//2674 
f 2674//2674 2694//2694 2695//2695 
f 2694//2694 2695//2695 2695//2695 
f 2695//2695 2695//2695 2695//2695 
f 2695//2695 2696//2696 2695//2695 
f 2695//2695 2696//2696 2674//2674 
f 2696//2696 2697//2697 2674//2674 
f 2674//2674 2697//2697 2698//2698 
f 2697//2697 2699//2699 2698//2698 
f 2698//2698 2699//2699 2700//2700 
f 2699//2699 2701//2701 2700//2700 
f 2700//2700 2701//2701 2701//2701 
f 2701//2701 2696//2696 2701//2701 
f 2701//2701 2696//2696 2696//2696 
f 2696//2696 2702//2702 2696//2696 
f 2696//2696 2702//2702 2697//2697 
f 2702//2702 2703//2703 2697//2697 
f 2697//2697 2703//2703 2704//2704 
f 2703//2703 2704//2704 2704//2704 
f 2704//2704 2704//2704 2704//2704 
f 2704//2704 2705//2705 2704//2704 
f 2704//2704 2705//2705 2697//2697 
f 2705//2705 2706//2706 2697//2697 
f 2697//2697 2706//2706 2707//2707 
f 2706//2706 2707//2707 2707//2707 
f 2707//2707 2707//2707 2707//2707 
f 2707//2707 2708//2708 2707//2707 
f 2707//2707 2708//2708 2697//2697 
f 2708//2708 2709//2709 2697//2697 
f 2697//2697 2709//2709 2710//2710 
f 2709//2709 2711//2711 2710//2710 
f 2710//2710 2711//2711 2712//2712 
f 2711//2711 2712//2712 2712//2712 
f 2712//2712 2712//2712 2710//2710 
f 2712//2712 2710//2710 2710//2710 
f 2710//2710 2710//2710 2710//2710 
f 2710//2710 2713//2713 2710//2710 
f 2710//2710 2713//2713 2697//2697 
f 2713//2713 2714//2714 2697//2697 
f 2697//2697 2714//2714 2714//2714 
f 2714//2714 2595//2595 2714//2714 
f 2714//2714 2595//2595 2595//2595 
f 2595//2595 2593//2593 2595//2595 
f 2595//2595 2593//2593 2715//2715 
f 2593//2593 2716//2716 2715//2715 
f 2715//2715 2716//2716 2716//2716 
f 2716//2716 2593//2593 2716//2716 
f 2716//2716 2593//2593 2593//2593 
f 2593//2593 2717//2717 2593//2593 
f 2593//2593 2717//2717 2716//2716 
f 2717//2717 2718//2718 2716//2716 
f 2716//2716 2718//2718 2718//2718 
f 2718//2718 2717//2717 2718//2718 
f 2718//2718 2717//2717 2717//2717 
f 2717//2717 2719//2719 2717//2717 
f 2717//2717 2719//2719 2718//2718 
f 2719//2719 2720//2720 2718//2718 
f 2718//2718 2720//2720 2720//2720 
f 2720//2720 2719//2719 2720//2720 
f 2720//2720 2719//2719 2719//2719 
f 2719//2719 2721//2721 2719//2719 
f 2719//2719 2721//2721 2720//2720 
f 2721//2721 2722//2722 2720//2720 
f 2720//2720 2722//2722 2722//2722 
f 2722//2722 2721//2721 2722//2722 
f 2722//2722 2721//2721 2721//2721 
f 2721//2721 2723//2723 2721//2721 
f 2721//2721 2723//2723 2722//2722 
f 2723//2723 2724//2724 2722//2722 
f 2722//2722 2724//2724 2724//2724 
f 2724//2724 2723//2723 2724//2724 
f 2724//2724 2723//2723 2723//2723 
f 2723//2723 2725//2725 2723//2723 
f 2723//2723 2725//2725 2724//2724 
f 2725//2725 2726//2726 2724//2724 
f 2724//2724 2726//2726 2726//2726 
f 2726//2726 2725//2725 2726//2726 
f 2726//2726 2725//2725 2725//2725 
f 2725//2725 2727//2727 2725//2725 
f 2725//2725 2727//2727 2726//2726 
f 2727//2727 2728//2728 2726//2726 
f 2726//2726 2728//2728 2728//2728 
f 2728//2728 2727//2727 2728//2728 
f 2728//2728 2727//2727 2727//2727 
f 2727//2727 2729//2729 2727//2727 
f 2727//2727 2729//2729 2728//2728 
f 2729//2729 2730//2730 2728//2728 
f 2728//2728 2730//2730 2730//2730 
f 2730//2730 2729//2729 2730//2730 
f 2730//2730 2729//2729 2729//2729 
f 2729//2729 2731//2731 2729//2729 
f 2729//2729 2731//2731 2730//2730 
f 2731//2731 2732//2732 2730//2730 
f 2730//2730 2732//2732 2732//2732 
f 2732//2732 2731//2731 2732//2732 
f 2732//2732 2731//2731 2731//2731 
f 2731//2731 2733//2733 2731//2731 
f 2731//2731 2733//2733 2732//2732 
f 2733//2733 2734//2734 2732//2732 
f 2732//2732 2734//2734 2734//2734 
f 2734//2734 2733//2733 2734//2734 
f 2734//2734 2733//2733 2733//2733 
f 2733//2733 2735//2735 2733//2733 
f 2733//2733 2735//2735 2734//2734 
f 2735//2735 2736//2736 2734//2734 
f 2734//2734 2736//2736 2736//2736 
f 2736//2736 2735//2735 2736//2736 
f 2736//2736 2735//2735 2735//2735 
f 2735//2735 2737//2737 2735//2735 
f 2735//2735 2737//2737 2736//2736 
f 2737//2737 2738//2738 2736//2736 
f 2736//2736 2738//2738 2738//2738 
f 2738//2738 2737//2737 2738//2738 
f 2738//2738 2737//2737 2737//2737 
f 2737//2737 2739//2739 2737//2737 
f 2737//2737 2739//2739 2738//2738 
f 2739//2739 2740//2740 2738//2738 
f 2738//2738 2740//2740 2740//2740 
f 2740//2740 2739//2739 2740//2740 
f 2740//2740 2739//2739 2739//2739 
f 2739//2739 2741//2741 2739//2739 
f 2739//2739 2741//2741 2740//2740 
f 2741//2741 2742//2742 2740//2740 
f 2740//2740 2742//2742 2742//2742 
f 2742//2742 2741//2741 2742//2742 
f 2742//2742 2741//2741 2741//2741 
f 2741//2741 2743//2743 2741//2741 
f 2741//2741 2743//2743 2742//2742 
f 2743//2743 2744//2744 2742//2742 
f 2742//2742 2744//2744 2744//2744 
f 2744//2744 2743//2743 2744//2744 
f 2744//2744 2743//2743 2743//2743 
f 2743//2743 2745//2745 2743//2743 
f 2743//2743 2745//2745 2744//2744 
f 2745//2745 2746//2746 2744//2744 
f 2744//2744 2746//2746 2746//2746 
f 2746//2746 2747//2747 2746//2746 
f 2746//2746 2747//2747 2747//2747 
f 2747//2747 2748//2748 2747//2747 
f 2747//2747 2748//2748 2749//2749 
f 2748//2748 2750//2750 2749//2749 
f 2749//2749 2750//2750 2750//2750 
f 2750//2750 2751//2751 2750//2750 
f 2750//2750 2751//2751 2751//2751 
f 2751//2751 2752//2752 2751//2751 
f 2751//2751 2752//2752 2753//2753 
f 2752//2752 264//264 2753//2753 
f 2753//2753 264//264 2754//2754 
f 264//264 214//214 2754//2754 
f 2754//2754 214//214 2755//2755 
f 214//214 2756//2756 2755//2755 
f 2755//2755 2756//2756 2757//2757 
f 2756//2756 2757//2757 2757//2757 
f 2757//2757 2757//2757 2756//2756 
f 2757//2757 2756//2756 2756//2756 
f 2756//2756 2756//2756 2756//2756 
f 2756//2756 214//214 2756//2756 
f 2756//2756 214//214 2758//2758 
f 214//214 2759//2759 2758//2758 
f 2758//2758 2759//2759 2759//2759 
f 2759//2759 2760//2760 2759//2759 
f 2759//2759 2760//2760 2760//2760 
f 2760//2760 2761//2761 2760//2760 
f 2760//2760 2761//2761 2762//2762 
f 2761//2761 2698//2698 2762//2762 
f 2762//2762 2698//2698 2763//2763 
f 2698//2698 2763//2763 2763//2763 
f 2763//2763 2763//2763 2698//2698 
f 2763//2763 2698//2698 2698//2698 
f 2698//2698 2698//2698 2698//2698 
f 2698//2698 2761//2761 2698//2698 
f 2698//2698 2761//2761 2674//2674 
f 2761//2761 2764//2764 2674//2674 
f 2674//2674 2764//2764 2765//2765 
f 2764//2764 2765//2765 2765//2765 
f 2765//2765 2765//2765 2766//2766 
f 2765//2765 2766//2766 2766//2766 
f 2766//2766 2766//2766 2766//2766 
f 2766//2766 2767//2767 2766//2766 
f 2766//2766 2767//2767 2768//2768 
f 2767//2767 2769//2769 2768//2768 
f 2768//2768 2769//2769 2769//2769 
f 2769//2769 2770//2770 2769//2769 
f 2769//2769 2770//2770 2770//2770 
f 2770//2770 2771//2771 2770//2770 
f 2770//2770 2771//2771 2772//2772 
f 2771//2771 2773//2773 2772//2772 
f 2772//2772 2773//2773 2773//2773 
f 2773//2773 2774//2774 2773//2773 
f 2773//2773 2774//2774 2774//2774 
f 2774//2774 2775//2775 2774//2774 
f 2774//2774 2775//2775 2776//2776 
f 2775//2775 2777//2777 2776//2776 
f 2776//2776 2777//2777 2777//2777 
f 2777//2777 2778//2778 2777//2777 
f 2777//2777 2778//2778 2778//2778 
f 2778//2778 2779//2779 2778//2778 
f 2778//2778 2779//2779 2780//2780 
f 2779//2779 2781//2781 2780//2780 
f 2780//2780 2781//2781 2781//2781 
f 2781//2781 2782//2782 2781//2781 
f 2781//2781 2782//2782 2782//2782 
f 2782//2782 2783//2783 2782//2782 
f 2782//2782 2783//2783 2784//2784 
f 2783//2783 2785//2785 2784//2784 
f 2784//2784 2785//2785 2786//2786 
f 2785//2785 2787//2787 2786//2786 
f 2786//2786 2787//2787 2788//2788 
f 2787//2787 2788//2788 2788//2788 
f 2788//2788 2788//2788 2786//2786 
f 2788//2788 2786//2786 2786//2786 
f 2786//2786 2786//2786 2786//2786 
f 2786//2786 2789//2789 2786//2786 
f 2786//2786 2789//2789 2784//2784 
f 2789//2789 2790//2790 2784//2784 
f 2784//2784 2790//2790 2791//2791 
f 2790//2790 2791//2791 2791//2791 
f 2791//2791 2791//2791 2791//2791 
f 2791//2791 2792//2792 2791//2791 
f 2791//2791 2792//2792 2784//2784 
f 2792//2792 2793//2793 2784//2784 
f 2784//2784 2793//2793 2794//2794 
f 2793//2793 2794//2794 2794//2794 
f 2794//2794 2794//2794 2794//2794 
f 2794//2794 2795//2795 2794//2794 
f 2794//2794 2795//2795 2784//2784 
f 2795//2795 2796//2796 2784//2784 
f 2784//2784 2796//2796 2796//2796 
f 2796//2796 2795//2795 2796//2796 
f 2796//2796 2795//2795 2795//2795 
f 2795//2795 2794//2794 2795//2795 
f 2795//2795 2794//2794 2797//2797 
f 2794//2794 2798//2798 2797//2797 
f 2797//2797 2798//2798 2798//2798 
f 2798//2798 2794//2794 2798//2798 
f 2798//2798 2794//2794 2794//2794 
f 2794//2794 2799//2799 2794//2794 
f 2794//2794 2799//2799 2798//2798 
f 2799//2799 2800//2800 2798//2798 
f 2798//2798 2800//2800 2801//2801 
f 2800//2800 2801//2801 2801//2801 
f 2801//2801 2801//2801 2801//2801 
f 2801//2801 2802//2802 2801//2801 
f 2801//2801 2802//2802 2798//2798 
f 2802//2802 2803//2803 2798//2798 
f 2798//2798 2803//2803 2804//2804 
f 2803//2803 2805//2805 2804//2804 
f 2804//2804 2805//2805 2806//2806 
f 2805//2805 2806//2806 2806//2806 
f 2806//2806 2806//2806 2801//2801 
f 2806//2806 2801//2801 2801//2801 
f 2801//2801 2801//2801 2801//2801 
f 2801//2801 2807//2807 2801//2801 
f 2801//2801 2807//2807 2802//2802 
f 2807//2807 2808//2808 2802//2802 
f 2802//2802 2808//2808 2809//2809 
f 2808//2808 2809//2809 2809//2809 
f 2809//2809 2809//2809 2809//2809 
f 2809//2809 2810//2810 2809//2809 
f 2809//2809 2810//2810 2802//2802 
f 2810//2810 2811//2811 2802//2802 
f 2802//2802 2811//2811 2812//2812 
f 2811//2811 2812//2812 2812//2812 
f 2812//2812 2812//2812 2812//2812 
f 2812//2812 2813//2813 2812//2812 
f 2812//2812 2813//2813 2802//2802 
f 2813//2813 2814//2814 2802//2802 
f 2802//2802 2814//2814 2815//2815 
f 2814//2814 2815//2815 2815//2815 
f 2815//2815 2815//2815 2815//2815 
f 2815//2815 2816//2816 2815//2815 
f 2815//2815 2816//2816 2802//2802 
f 2816//2816 2817//2817 2802//2802 
f 2802//2802 2817//2817 2818//2818 
f 2817//2817 2818//2818 2818//2818 
f 2818//2818 2818//2818 2818//2818 
f 2818//2818 2819//2819 2818//2818 
f 2818//2818 2819//2819 2802//2802 
f 2819//2819 2820//2820 2802//2802 
f 2802//2802 2820//2820 2821//2821 
f 2820//2820 2821//2821 2821//2821 
f 2821//2821 2821//2821 2821//2821 
f 2821//2821 2822//2822 2821//2821 
f 2821//2821 2822//2822 2802//2802 
f 2822//2822 2823//2823 2802//2802 
f 2802//2802 2823//2823 2824//2824 
f 2823//2823 2824//2824 2824//2824 
f 2824//2824 2824//2824 2824//2824 
f 2824//2824 2825//2825 2824//2824 
f 2824//2824 2825//2825 2802//2802 
f 2825//2825 2826//2826 2802//2802 
f 2802//2802 2826//2826 2827//2827 
f 2826//2826 2828//2828 2827//2827 
f 2827//2827 2828//2828 2828//2828 
f 2828//2828 2824//2824 2828//2828 
f 2828//2828 2824//2824 2824//2824 
f 2824//2824 2829//2829 2824//2824 
f 2824//2824 2829//2829 2825//2825 
f 2829//2829 2830//2830 2825//2825 
f 2825//2825 2830//2830 2831//2831 
f 2830//2830 2831//2831 2831//2831 
f 2831//2831 2831//2831 2830//2830 
f 2831//2831 2830//2830 2830//2830 
f 2830//2830 2830//2830 2830//2830 
f 2830//2830 2829//2829 2830//2830 
f 2830//2830 2829//2829 2832//2832 
f 2829//2829 2833//2833 2832//2832 
f 2832//2832 2833//2833 2834//2834 
f 2833//2833 2835//2835 2834//2834 
f 2834//2834 2835//2835 2836//2836 
f 2835//2835 2836//2836 2836//2836 
f 2836//2836 2836//2836 2836//2836 
f 2836//2836 2837//2837 2836//2836 
f 2836//2836 2837//2837 2834//2834 
f 2837//2837 2838//2838 2834//2834 
f 2834//2834 2838//2838 2839//2839 
f 2838//2838 2840//2840 2839//2839 
f 2839//2839 2840//2840 2786//2786 
f 2840//2840 2841//2841 2786//2786 
f 2786//2786 2841//2841 2789//2789 
f 2841//2841 2789//2789 2789//2789 
f 2789//2789 2789//2789 2839//2839 
f 2789//2789 2839//2839 2839//2839 
f 2839//2839 2839//2839 2839//2839 
f 2839//2839 2786//2786 2839//2839 
f 2839//2839 2786//2786 2842//2842 
f 2786//2786 2843//2843 2842//2842 
f 2842//2842 2843//2843 2843//2843 
f 2843//2843 2786//2786 2843//2843 
f 2843//2843 2786//2786 2844//2844 
f 2786//2786 2845//2845 2844//2844 
f 2844//2844 2845//2845 2845//2845 
f 2845//2845 2786//2786 2845//2845 
f 2845//2845 2786//2786 2846//2846 
f 2786//2786 2847//2847 2846//2846 
f 2846//2846 2847//2847 2847//2847 
f 2847//2847 2786//2786 2847//2847 
f 2847//2847 2786//2786 2848//2848 
f 2786//2786 2849//2849 2848//2848 
f 2848//2848 2849//2849 2849//2849 
f 2849//2849 2786//2786 2849//2849 
f 2849//2849 2786//2786 2850//2850 
f 2786//2786 2851//2851 2850//2850 
f 2850//2850 2851//2851 2851//2851 
f 2851//2851 2786//2786 2851//2851 
f 2851//2851 2786//2786 2852//2852 
f 2786//2786 2853//2853 2852//2852 
f 2852//2852 2853//2853 2853//2853 
f 2853//2853 2786//2786 2853//2853 
f 2853//2853 2786//2786 2854//2854 
f 2786//2786 2855//2855 2854//2854 
f 2854//2854 2855//2855 2855//2855 
f 2855//2855 2786//2786 2855//2855 
f 2855//2855 2786//2786 2856//2856 
f 2786//2786 2857//2857 2856//2856 
f 2856//2856 2857//2857 2858//2858 
f 2857//2857 2859//2859 2858//2858 
f 2858//2858 2859//2859 2859//2859 
f 2859//2859 2786//2786 2859//2859 
f 2859//2859 2786//2786 2786//2786 
f 2786//2786 2860//2860 2786//2786 
f 2786//2786 2860//2860 2857//2857 
f 2860//2860 2861//2861 2857//2857 
f 2857//2857 2861//2861 2862//2862 
f 2861//2861 2863//2863 2862//2862 
f 2862//2862 2863//2863 2863//2863 
f 2863//2863 2786//2786 2863//2863 
f 2863//2863 2786//2786 2786//2786 
f 2786//2786 2864//2864 2786//2786 
f 2786//2786 2864//2864 2860//2860 
f 2864//2864 2865//2865 2860//2860 
f 2860//2860 2865//2865 2866//2866 
f 2865//2865 2866//2866 2866//2866 
f 2866//2866 2866//2866 2786//2786 
f 2866//2866 2786//2786 2786//2786 
f 2786//2786 2786//2786 2786//2786 
f 2786//2786 2867//2867 2786//2786 
f 2786//2786 2867//2867 2864//2864 
f 2867//2867 2868//2868 2864//2864 
f 2864//2864 2868//2868 2868//2868 
f 2868//2868 2859//2859 2868//2868 
f 2868//2868 2859//2859 2859//2859 
f 2859//2859 2857//2857 2859//2859 
f 2859//2859 2857//2857 2869//2869 
f 2857//2857 2870//2870 2869//2869 
f 2869//2869 2870//2870 2870//2870 
f 2870//2870 2871//2871 2870//2870 
f 2870//2870 2871//2871 2871//2871 
f 2871//2871 2872//2872 2871//2871 
f 2871//2871 2872//2872 2697//2697 
f 2872//2872 2699//2699 2697//2697 
f 2697//2697 2699//2699 2699//2699 
f 2699//2699 2873//2873 2699//2699 
f 2699//2699 2873//2873 2873//2873 
f 2873//2873 2861//2861 2873//2873 
f 2873//2873 2861//2861 2874//2874 
f 2861//2861 2860//2860 2874//2874 
f 2874//2874 2860//2860 2875//2875 
f 2860//2860 2875//2875 2875//2875 
f 2875//2875 2875//2875 2876//2876 
f 2875//2875 2876//2876 2876//2876 
f 2876//2876 2876//2876 2876//2876 
f 2876//2876 2670//2670 2876//2876 
f 2876//2876 2670//2670 2877//2877 
f 2670//2670 2675//2675 2877//2877 
f 2877//2877 2675//2675 2878//2878 
f 2675//2675 2878//2878 2878//2878 
f 2878//2878 2878//2878 2879//2879 
f 2878//2878 2879//2879 2879//2879 
f 2879//2879 2879//2879 2879//2879 
f 2879//2879 2880//2880 2879//2879 
f 2879//2879 2880//2880 2881//2881 
f 2880//2880 2882//2882 2881//2881 
f 2881//2881 2882//2882 2882//2882 
f 2882//2882 2883//2883 2882//2882 
f 2882//2882 2883//2883 2883//2883 
f 2883//2883 2884//2884 2883//2883 
f 2883//2883 2884//2884 2885//2885 
f 2884//2884 2886//2886 2885//2885 
f 2885//2885 2886//2886 2887//2887 
f 2886//2886 2888//2888 2887//2887 
f 2887//2887 2888//2888 2889//2889 
f 2888//2888 2890//2890 2889//2889 
f 2889//2889 2890//2890 2891//2891 
f 2890//2890 2892//2892 2891//2891 
f 2891//2891 2892//2892 2893//2893 
f 2892//2892 2894//2894 2893//2893 
f 2893//2893 2894//2894 2895//2895 
f 2894//2894 2896//2896 2895//2895 
f 2895//2895 2896//2896 2897//2897 
f 2896//2896 2898//2898 2897//2897 
f 2897//2897 2898//2898 2899//2899 
f 2898//2898 2900//2900 2899//2899 
f 2899//2899 2900//2900 2901//2901 
f 2900//2900 2902//2902 2901//2901 
f 2901//2901 2902//2902 2903//2903 
f 2902//2902 2904//2904 2903//2903 
f 2903//2903 2904//2904 2905//2905 
f 2904//2904 2906//2906 2905//2905 
f 2905//2905 2906//2906 2907//2907 
f 2906//2906 2908//2908 2907//2907 
f 2907//2907 2908//2908 2909//2909 
f 2908//2908 2910//2910 2909//2909 
f 2909//2909 2910//2910 2911//2911 
f 2910//2910 2912//2912 2911//2911 
f 2911//2911 2912//2912 2913//2913 
f 2912//2912 2914//2914 2913//2913 
f 2913//2913 2914//2914 2915//2915 
f 2914//2914 2916//2916 2915//2915 
f 2915//2915 2916//2916 2917//2917 
f 2916//2916 2918//2918 2917//2917 
f 2917//2917 2918//2918 2919//2919 
f 2918//2918 2920//2920 2919//2919 
f 2919//2919 2920//2920 2921//2921 
f 2920//2920 2922//2922 2921//2921 
f 2921//2921 2922//2922 2923//2923 
f 2922//2922 2924//2924 2923//2923 
f 2923//2923 2924//2924 2925//2925 
f 2924//2924 2926//2926 2925//2925 
f 2925//2925 2926//2926 2927//2927 
f 2926//2926 2928//2928 2927//2927 
f 2927//2927 2928//2928 2929//2929 
f 2928//2928 2930//2930 2929//2929 
f 2929//2929 2930//2930 2931//2931 
f 2930//2930 2932//2932 2931//2931 
f 2931//2931 2932//2932 2933//2933 
f 2932//2932 2934//2934 2933//2933 
f 2933//2933 2934//2934 2935//2935 
f 2934//2934 2936//2936 2935//2935 
f 2935//2935 2936//2936 2937//2937 
f 2936//2936 2938//2938 2937//2937 
f 2937//2937 2938//2938 2939//2939 
f 2938//2938 2940//2940 2939//2939 
f 2939//2939 2940//2940 2941//2941 
f 2940//2940 2942//2942 2941//2941 
f 2941//2941 2942//2942 2943//2943 
f 2942//2942 2944//2944 2943//2943 
f 2943//2943 2944//2944 2945//2945 
f 2944//2944 2946//2946 2945//2945 
f 2945//2945 2946//2946 2947//2947 
f 2946//2946 2948//2948 2947//2947 
f 2947//2947 2948//2948 2949//2949 
f 2948//2948 2950//2950 2949//2949 
f 2949//2949 2950//2950 2951//2951 
f 2950//2950 2952//2952 2951//2951 
f 2951//2951 2952//2952 2953//2953 
f 2952//2952 2954//2954 2953//2953 
f 2953//2953 2954//2954 2955//2955 
f 2954//2954 2956//2956 2955//2955 
f 2955//2955 2956//2956 2957//2957 
f 2956//2956 2958//2958 2957//2957 
f 2957//2957 2958//2958 2959//2959 
f 2958//2958 2960//2960 2959//2959 
f 2959//2959 2960//2960 2961//2961 
f 2960//2960 2961//2961 2961//2961 
f 2961//2961 2961//2961 2959//2959 
f 2961//2961 2959//2959 2959//2959 
f 2959//2959 2959//2959 2959//2959 
f 2959//2959 2961//2961 2959//2959 
f 2959//2959 2961//2961 2962//2962 
f 2961//2961 2963//2963 2962//2962 
f 2962//2962 2963//2963 2963//2963 
f 2963//2963 2961//2961 2963//2963 
f 2963//2963 2961//2961 2961//2961 
f 2961//2961 2964//2964 2961//2961 
f 2961//2961 2964//2964 2963//2963 
f 2964//2964 2965//2965 2963//2963 
f 2963//2963 2965//2965 2965//2965 
f 2965//2965 2964//2964 2965//2965 
f 2965//2965 2964//2964 2964//2964 
f 2964//2964 2966//2966 2964//2964 
f 2964//2964 2966//2966 2965//2965 
f 2966//2966 2967//2967 2965//2965 
f 2965//2965 2967//2967 2967//2967 
f 2967//2967 2966//2966 2967//2967 
f 2967//2967 2966//2966 2966//2966 
f 2966//2966 2968//2968 2966//2966 
f 2966//2966 2968//2968 2967//2967 
f 2968//2968 2969//2969 2967//2967 
f 2967//2967 2969//2969 2969//2969 
f 2969//2969 2970//2970 2969//2969 
f 2969//2969 2970//2970 2970//2970 
f 2970//2970 2125//2125 2970//2970 
f 2970//2970 2125//2125 2971//2971 
f 2125//2125 2124//2124 2971//2971 
f 2971//2971 2124//2124 2972//2972 
f 2124//2124 2972//2972 2972//2972 
f 2972//2972 2972//2972 2973//2973 
f 2972//2972 2973//2973 2973//2973 
f 2973//2973 2973//2973 2973//2973 
f 2973//2973 2974//2974 2973//2973 
f 2973//2973 2974//2974 2975//2975 
f 2974//2974 2976//2976 2975//2975 
f 2975//2975 2976//2976 2977//2977 
f 2976//2976 2977//2977 2977//2977 
f 2977//2977 2977//2977 2974//2974 
f 2977//2977 2974//2974 2974//2974 
f 2974//2974 2974//2974 2974//2974 
f 2974//2974 2978//2978 2974//2974 
f 2974//2974 2978//2978 2976//2976 
f 2978//2978 2979//2979 2976//2976 
f 2976//2976 2979//2979 2980//2980 
f 2979//2979 2981//2981 2980//2980 
f 2980//2980 2981//2981 2981//2981 
f 2981//2981 2980//2980 2981//2981 
f 2981//2981 2980//2980 2980//2980 
f 2980//2980 2982//2982 2980//2980 
f 2980//2980 2982//2982 2976//2976 
f 2982//2982 2983//2983 2976//2976 
f 2976//2976 2983//2983 2984//2984 
f 2983//2983 2984//2984 2984//2984 
f 2984//2984 2984//2984 2984//2984 
f 2984//2984 2985//2985 2984//2984 
f 2984//2984 2985//2985 2976//2976 
f 2985//2985 2986//2986 2976//2976 
f 2976//2976 2986//2986 2987//2987 
f 2986//2986 2987//2987 2987//2987 
f 2987//2987 2987//2987 2987//2987 
f 2987//2987 2988//2988 2987//2987 
f 2987//2987 2988//2988 2976//2976 
f 2988//2988 2989//2989 2976//2976 
f 2976//2976 2989//2989 2990//2990 
f 2989//2989 2991//2991 2990//2990 
f 2990//2990 2991//2991 2992//2992 
f 2991//2991 2992//2992 2992//2992 
f 2992//2992 2992//2992 2990//2990 
f 2992//2992 2990//2990 2990//2990 
f 2990//2990 2990//2990 2990//2990 
f 2990//2990 2993//2993 2990//2990 
f 2990//2990 2993//2993 2976//2976 
f 2993//2993 2994//2994 2976//2976 
f 2976//2976 2994//2994 2995//2995 
f 2994//2994 2996//2996 2995//2995 
f 2995//2995 2996//2996 2996//2996 
f 2996//2996 2990//2990 2996//2996 
f 2996//2996 2990//2990 2990//2990 
f 2990//2990 2997//2997 2990//2990 
f 2990//2990 2997//2997 2993//2993 
f 2997//2997 2998//2998 2993//2993 
f 2993//2993 2998//2998 2999//2999 
f 2998//2998 2999//2999 2999//2999 
f 2999//2999 2999//2999 2990//2990 
f 2999//2999 2990//2990 2990//2990 
f 2990//2990 2990//2990 2990//2990 
f 2990//2990 3000//3000 2990//2990 
f 2990//2990 3000//3000 2997//2997 
f 3000//3000 3001//3001 2997//2997 
f 2997//2997 3001//3001 3001//3001 
f 3001//3001 3002//3002 3001//3001 
f 3001//3001 3002//3002 3002//3002 
f 3002//3002 2834//2834 3002//3002 
f 3002//3002 2834//2834 3003//3003 
f 2834//2834 2839//2839 3003//3003 
f 3003//3003 2839//2839 2839//2839 
f 2839//2839 3004//3004 2839//2839 
f 2839//2839 3004//3004 3004//3004 
f 3004//3004 3005//3005 3004//3004 
f 3004//3004 3005//3005 3006//3006 
f 3005//3005 3007//3007 3006//3006 
f 3006//3006 3007//3007 3008//3008 
f 3007//3007 3009//3009 3008//3008 
f 3008//3008 3009//3009 3010//3010 
f 3009//3009 3011//3011 3010//3010 
f 3010//3010 3011//3011 3011//3011 
f 3011//3011 3010//3010 3011//3011 
f 3011//3011 3010//3010 3010//3010 
f 3010//3010 3012//3012 3010//3010 
f 3010//3010 3012//3012 3008//3008 
f 3012//3012 3013//3013 3008//3008 
f 3008//3008 3013//3013 3014//3014 
f 3013//3013 3014//3014 3014//3014 
f 3014//3014 3014//3014 3014//3014 
f 3014//3014 3015//3015 3014//3014 
f 3014//3014 3015//3015 3008//3008 
f 3015//3015 3016//3016 3008//3008 
f 3008//3008 3016//3016 3017//3017 
f 3016//3016 3017//3017 3017//3017 
f 3017//3017 3017//3017 3017//3017 
f 3017//3017 3018//3018 3017//3017 
f 3017//3017 3018//3018 3008//3008 
f 3018//3018 3019//3019 3008//3008 
f 3008//3008 3019//3019 3020//3020 
f 3019//3019 3020//3020 3020//3020 
f 3020//3020 3020//3020 3020//3020 
f 3020//3020 3021//3021 3020//3020 
f 3020//3020 3021//3021 3008//3008 
f 3021//3021 3022//3022 3008//3008 
f 3008//3008 3022//3022 3023//3023 
f 3022//3022 3023//3023 3023//3023 
f 3023//3023 3023//3023 3024//3024 
f 3023//3023 3024//3024 3024//3024 
f 3024//3024 3024//3024 3024//3024 
f 3024//3024 3025//3025 3024//3024 
f 3024//3024 3025//3025 3026//3026 
f 3025//3025 3027//3027 3026//3026 
f 3026//3026 3027//3027 3027//3027 
f 3027//3027 3028//3028 3027//3027 
f 3027//3027 3028//3028 3028//3028 
f 3028//3028 3029//3029 3028//3028 
f 3028//3028 3029//3029 3030//3030 
f 3029//3029 3031//3031 3030//3030 
f 3030//3030 3031//3031 3032//3032 
f 3031//3031 3033//3033 3032//3032 
f 3032//3032 3033//3033 3034//3034 
f 3033//3033 3035//3035 3034//3034 
f 3034//3034 3035//3035 3036//3036 
f 3035//3035 3037//3037 3036//3036 
f 3036//3036 3037//3037 3038//3038 
f 3037//3037 3039//3039 3038//3038 
f 3038//3038 3039//3039 3040//3040 
f 3039//3039 3041//3041 3040//3040 
f 3040//3040 3041//3041 3042//3042 
f 3041//3041 3043//3043 3042//3042 
f 3042//3042 3043//3043 3044//3044 
f 3043//3043 3045//3045 3044//3044 
f 3044//3044 3045//3045 3046//3046 
f 3045//3045 3047//3047 3046//3046 
f 3046//3046 3047//3047 3048//3048 
f 3047//3047 3049//3049 3048//3048 
f 3048//3048 3049//3049 3050//3050 
f 3049//3049 3051//3051 3050//3050 
f 3050//3050 3051//3051 3052//3052 
f 3051//3051 3053//3053 3052//3052 
f 3052//3052 3053//3053 3054//3054 
f 3053//3053 3055//3055 3054//3054 
f 3054//3054 3055//3055 3056//3056 
f 3055//3055 3057//3057 3056//3056 
f 3056//3056 3057//3057 3058//3058 
f 3057//3057 3059//3059 3058//3058 
f 3058//3058 3059//3059 3060//3060 
f 3059//3059 3061//3061 3060//3060 
f 3060//3060 3061//3061 3062//3062 
f 3061//3061 3063//3063 3062//3062 
f 3062//3062 3063//3063 3064//3064 
f 3063//3063 3065//3065 3064//3064 
f 3064//3064 3065//3065 3066//3066 
f 3065//3065 3067//3067 3066//3066 
f 3066//3066 3067//3067 3068//3068 
f 3067//3067 3069//3069 3068//3068 
f 3068//3068 3069//3069 3070//3070 
f 3069//3069 3071//3071 3070//3070 
f 3070//3070 3071//3071 3072//3072 
f 3071//3071 3073//3073 3072//3072 
f 3072//3072 3073//3073 3074//3074 
f 3073//3073 3075//3075 3074//3074 
f 3074//3074 3075//3075 3076//3076 
f 3075//3075 3077//3077 3076//3076 
f 3076//3076 3077//3077 3078//3078 
f 3077//3077 3079//3079 3078//3078 
f 3078//3078 3079//3079 3080//3080 
f 3079//3079 3081//3081 3080//3080 
f 3080//3080 3081//3081 3082//3082 
f 3081//3081 3083//3083 3082//3082 
f 3082//3082 3083//3083 3084//3084 
f 3083//3083 3085//3085 3084//3084 
f 3084//3084 3085//3085 3086//3086 
f 3085//3085 3087//3087 3086//3086 
f 3086//3086 3087//3087 3088//3088 
f 3087//3087 3089//3089 3088//3088 
f 3088//3088 3089//3089 3090//3090 
f 3089//3089 3091//3091 3090//3090 
f 3090//3090 3091//3091 3092//3092 
f 3091//3091 3093//3093 3092//3092 
f 3092//3092 3093//3093 3094//3094 
f 3093//3093 3095//3095 3094//3094 
f 3094//3094 3095//3095 3096//3096 
f 3095//3095 3097//3097 3096//3096 
f 3096//3096 3097//3097 3098//3098 
f 3097//3097 3099//3099 3098//3098 
f 3098//3098 3099//3099 3100//3100 
f 3099//3099 3101//3101 3100//3100 
f 3100//3100 3101//3101 3102//3102 
f 3101//3101 3103//3103 3102//3102 
f 3102//3102 3103//3103 3104//3104 
f 3103//3103 3105//3105 3104//3104 
f 3104//3104 3105//3105 3106//3106 
f 3105//3105 3107//3107 3106//3106 
f 3106//3106 3107//3107 3108//3108 
f 3107//3107 3109//3109 3108//3108 
f 3108//3108 3109//3109 3109//3109 
f 3109//3109 3110//3110 3109//3109 
f 3109//3109 3110//3110 3110//3110 
f 3110//3110 3111//3111 3110//3110 
f 3110//3110 3111//3111 3112//3112 
f 3111//3111 3113//3113 3112//3112 
f 3112//3112 3113//3113 3114//3114 
f 3113//3113 3114//3114 3114//3114 
f 3114//3114 3114//3114 3114//3114 
f 3114//3114 3115//3115 3114//3114 
f 3114//3114 3115//3115 3112//3112 
f 3115//3115 3116//3116 3112//3112 
f 3112//3112 3116//3116 3117//3117 
f 3116//3116 3118//3118 3117//3117 
f 3117//3117 3118//3118 3118//3118 
f 3118//3118 3114//3114 3118//3118 
f 3118//3118 3114//3114 3114//3114 
f 3114//3114 3119//3119 3114//3114 
f 3114//3114 3119//3119 3115//3115 
f 3119//3119 3120//3120 3115//3115 
f 3115//3115 3120//3120 3121//3121 
f 3120//3120 3121//3121 3121//3121 
f 3121//3121 3121//3121 3121//3121 
f 3121//3121 3122//3122 3121//3121 
f 3121//3121 3122//3122 3115//3115 
f 3122//3122 3123//3123 3115//3115 
f 3115//3115 3123//3123 3124//3124 
f 3123//3123 3124//3124 3124//3124 
f 3124//3124 3124//3124 3124//3124 
f 3124//3124 3125//3125 3124//3124 
f 3124//3124 3125//3125 3115//3115 
f 3125//3125 3126//3126 3115//3115 
f 3115//3115 3126//3126 3127//3127 
f 3126//3126 3127//3127 3127//3127 
f 3127//3127 3127//3127 3127//3127 
f 3127//3127 3128//3128 3127//3127 
f 3127//3127 3128//3128 3115//3115 
f 3128//3128 3129//3129 3115//3115 
f 3115//3115 3129//3129 3130//3130 
f 3129//3129 3130//3130 3130//3130 
f 3130//3130 3130//3130 3130//3130 
f 3130//3130 3131//3131 3130//3130 
f 3130//3130 3131//3131 3115//3115 
f 3131//3131 3132//3132 3115//3115 
f 3115//3115 3132//3132 3133//3133 
f 3132//3132 3133//3133 3133//3133 
f 3133//3133 3133//3133 3133//3133 
f 3133//3133 3134//3134 3133//3133 
f 3133//3133 3134//3134 3115//3115 
f 3134//3134 3135//3135 3115//3115 
f 3115//3115 3135//3135 3136//3136 
f 3135//3135 3136//3136 3136//3136 
f 3136//3136 3136//3136 3136//3136 
f 3136//3136 3137//3137 3136//3136 
f 3136//3136 3137//3137 3115//3115 
f 3137//3137 3138//3138 3115//3115 
f 3115//3115 3138//3138 3139//3139 
f 3138//3138 3140//3140 3139//3139 
f 3139//3139 3140//3140 3141//3141 
f 3140//3140 3142//3142 3141//3141 
f 3141//3141 3142//3142 3142//3142 
f 3142//3142 3137//3137 3142//3142 
f 3142//3142 3137//3137 3137//3137 
f 3137//3137 3143//3143 3137//3137 
f 3137//3137 3143//3143 3138//3138 
f 3143//3143 3144//3144 3138//3138 
f 3138//3138 3144//3144 3145//3145 
f 3144//3144 3145//3145 3145//3145 
f 3145//3145 3145//3145 3145//3145 
f 3145//3145 3146//3146 3145//3145 
f 3145//3145 3146//3146 3138//3138 
f 3146//3146 3147//3147 3138//3138 
f 3138//3138 3147//3147 3148//3148 
f 3147//3147 3148//3148 3148//3148 
f 3148//3148 3148//3148 3138//3138 
f 3148//3148 3138//3138 3138//3138 
f 3138//3138 3138//3138 3138//3138 
f 3138//3138 3148//3148 3138//3138 
f 3138//3138 3148//3148 3149//3149 
f 3148//3148 3150//3150 3149//3149 
f 3149//3149 3150//3150 3151//3151 
f 3150//3150 3152//3152 3151//3151 
f 3151//3151 3152//3152 3153//3153 
f 3152//3152 3154//3154 3153//3153 
f 3153//3153 3154//3154 3155//3155 
f 3154//3154 2706//2706 3155//3155 
f 3155//3155 2706//2706 2705//2705 
f 2706//2706 2705//2705 2705//2705 
f 2705//2705 2705//2705 3149//3149 
f 2705//2705 3149//3149 3149//3149 
f 3149//3149 3149//3149 3149//3149 
f 3149//3149 3156//3156 3149//3149 
f 3149//3149 3156//3156 3138//3138 
f 3156//3156 3157//3157 3138//3138 
f 3138//3138 3157//3157 3158//3158 
f 3157//3157 3159//3159 3158//3158 
f 3158//3158 3159//3159 3160//3160 
f 3159//3159 3160//3160 3160//3160 
f 3160//3160 3160//3160 3158//3158 
f 3160//3160 3158//3158 3158//3158 
f 3158//3158 3158//3158 3158//3158 
f 3158//3158 3161//3161 3158//3158 
f 3158//3158 3161//3161 3138//3138 
f 3161//3161 3162//3162 3138//3138 
f 3138//3138 3162//3162 3162//3162 
f 3162//3162 3163//3163 3162//3162 
f 3162//3162 3163//3163 3163//3163 
f 3163//3163 3164//3164 3163//3163 
f 3163//3163 3164//3164 3165//3165 
f 3164//3164 3166//3166 3165//3165 
f 3165//3165 3166//3166 3166//3166 
f 3166//3166 3167//3167 3166//3166 
f 3166//3166 3167//3167 3167//3167 
f 3167//3167 3168//3168 3167//3167 
f 3167//3167 3168//3168 3169//3169 
f 3168//3168 3170//3170 3169//3169 
f 3169//3169 3170//3170 3171//3171 
f 3170//3170 3172//3172 3171//3171 
f 3171//3171 3172//3172 3173//3173 
f 3172//3172 3173//3173 3173//3173 
f 3173//3173 3173//3173 3169//3169 
f 3173//3173 3169//3169 3169//3169 
f 3169//3169 3169//3169 3169//3169 
f 3169//3169 3171//3171 3169//3169 
f 3169//3169 3171//3171 3174//3174 
f 3171//3171 3175//3175 3174//3174 
f 3174//3174 3175//3175 3176//3176 
f 3175//3175 3177//3177 3176//3176 
f 3176//3176 3177//3177 3177//3177 
f 3177//3177 3174//3174 3177//3177 
f 3177//3177 3174//3174 3174//3174 
f 3174//3174 3178//3178 3174//3174 
f 3174//3174 3178//3178 3169//3169 
f 3178//3178 3179//3179 3169//3169 
f 3169//3169 3179//3179 3180//3180 
f 3179//3179 3180//3180 3180//3180 
f 3180//3180 3180//3180 3180//3180 
f 3180//3180 3181//3181 3180//3180 
f 3180//3180 3181//3181 3169//3169 
f 3181//3181 3182//3182 3169//3169 
f 3169//3169 3182//3182 3183//3183 
f 3182//3182 3183//3183 3183//3183 
f 3183//3183 3183//3183 3183//3183 
f 3183//3183 3184//3184 3183//3183 
f 3183//3183 3184//3184 3169//3169 
f 3184//3184 3185//3185 3169//3169 
f 3169//3169 3185//3185 3186//3186 
f 3185//3185 3186//3186 3186//3186 
f 3186//3186 3186//3186 3186//3186 
f 3186//3186 3187//3187 3186//3186 
f 3186//3186 3187//3187 3169//3169 
f 3187//3187 3188//3188 3169//3169 
f 3169//3169 3188//3188 3189//3189 
f 3188//3188 3190//3190 3189//3189 
f 3189//3189 3190//3190 3191//3191 
f 3190//3190 3191//3191 3191//3191 
f 3191//3191 3191//3191 3189//3189 
f 3191//3191 3189//3189 3189//3189 
f 3189//3189 3189//3189 3189//3189 
f 3189//3189 3192//3192 3189//3189 
f 3189//3189 3192//3192 3169//3169 
f 3192//3192 3193//3193 3169//3169 
f 3169//3169 3193//3193 3194//3194 
f 3193//3193 3195//3195 3194//3194 
f 3194//3194 3195//3195 3195//3195 
f 3195//3195 3189//3189 3195//3195 
f 3195//3195 3189//3189 3189//3189 
f 3189//3189 3196//3196 3189//3189 
f 3189//3189 3196//3196 3192//3192 
f 3196//3196 3197//3197 3192//3192 
f 3192//3192 3197//3197 3198//3198 
f 3197//3197 3198//3198 3198//3198 
f 3198//3198 3198//3198 3189//3189 
f 3198//3198 3189//3189 3189//3189 
f 3189//3189 3189//3189 3189//3189 
f 3189//3189 3199//3199 3189//3189 
f 3189//3189 3199//3199 3196//3196 
f 3199//3199 3200//3200 3196//3196 
f 3196//3196 3200//3200 3200//3200 
f 3200//3200 3178//3178 3200//3200 
f 3200//3200 3178//3178 3178//3178 
f 3178//3178 3174//3174 3178//3178 
f 3178//3178 3174//3174 3201//3201 
f 3174//3174 3202//3202 3201//3201 
f 3201//3201 3202//3202 3202//3202 
f 3202//3202 3174//3174 3202//3202 
f 3202//3202 3174//3174 3203//3203 
f 3174//3174 3204//3204 3203//3203 
f 3203//3203 3204//3204 3204//3204 
f 3204//3204 3174//3174 3204//3204 
f 3204//3204 3174//3174 3205//3205 
f 3174//3174 3206//3206 3205//3205 
f 3205//3205 3206//3206 3206//3206 
f 3206//3206 3174//3174 3206//3206 
f 3206//3206 3174//3174 3207//3207 
f 3174//3174 3208//3208 3207//3207 
f 3207//3207 3208//3208 3208//3208 
f 3208//3208 3174//3174 3208//3208 
f 3208//3208 3174//3174 3209//3209 
f 3174//3174 3210//3210 3209//3209 
f 3209//3209 3210//3210 3211//3211 
f 3210//3210 3212//3212 3211//3211 
f 3211//3211 3212//3212 3212//3212 
f 3212//3212 3210//3210 3212//3212 
f 3212//3212 3210//3210 3213//3213 
f 3210//3210 3214//3214 3213//3213 
f 3213//3213 3214//3214 3214//3214 
f 3214//3214 3210//3210 3214//3214 
f 3214//3214 3210//3210 3215//3215 
f 3210//3210 3216//3216 3215//3215 
f 3215//3215 3216//3216 3216//3216 
f 3216//3216 3210//3210 3216//3216 
f 3216//3216 3210//3210 3217//3217 
f 3210//3210 3218//3218 3217//3217 
f 3217//3217 3218//3218 3219//3219 
f 3218//3218 3220//3220 3219//3219 
f 3219//3219 3220//3220 3221//3221 
f 3220//3220 3221//3221 3221//3221 
f 3221//3221 3221//3221 3216//3216 
f 3221//3221 3216//3216 3216//3216 
f 3216//3216 3216//3216 3216//3216 
f 3216//3216 3217//3217 3216//3216 
f 3216//3216 3217//3217 3222//3222 
f 3217//3217 3223//3223 3222//3222 
f 3222//3222 3223//3223 3223//3223 
f 3223//3223 3217//3217 3223//3223 
f 3223//3223 3217//3217 3224//3224 
f 3217//3217 3225//3225 3224//3224 
f 3224//3224 3225//3225 3225//3225 
f 3225//3225 3217//3217 3225//3225 
f 3225//3225 3217//3217 3226//3226 
f 3217//3217 3227//3227 3226//3226 
f 3226//3226 3227//3227 3227//3227 
f 3227//3227 3217//3217 3227//3227 
f 3227//3227 3217//3217 3228//3228 
f 3217//3217 3229//3229 3228//3228 
f 3228//3228 3229//3229 3229//3229 
f 3229//3229 3217//3217 3229//3229 
f 3229//3229 3217//3217 3230//3230 
f 3217//3217 3231//3231 3230//3230 
f 3230//3230 3231//3231 3231//3231 
f 3231//3231 3217//3217 3231//3231 
f 3231//3231 3217//3217 3232//3232 
f 3217//3217 3233//3233 3232//3232 
f 3232//3232 3233//3233 3233//3233 
f 3233//3233 3217//3217 3233//3233 
f 3233//3233 3217//3217 3234//3234 
f 3217//3217 3235//3235 3234//3234 
f 3234//3234 3235//3235 3235//3235 
f 3235//3235 3217//3217 3235//3235 
f 3235//3235 3217//3217 3236//3236 
f 3217//3217 3237//3237 3236//3236 
f 3236//3236 3237//3237 3237//3237 
f 3237//3237 3217//3217 3237//3237 
f 3237//3237 3217//3217 3238//3238 
f 3217//3217 3239//3239 3238//3238 
f 3238//3238 3239//3239 3239//3239 
f 3239//3239 3217//3217 3239//3239 
f 3239//3239 3217//3217 3240//3240 
f 3217//3217 3241//3241 3240//3240 
f 3240//3240 3241//3241 3242//3242 
f 3241//3241 3243//3243 3242//3242 
f 3242//3242 3243//3243 3243//3243 
f 3243//3243 3217//3217 3243//3243 
f 3243//3243 3217//3217 3217//3217 
f 3217//3217 3244//3244 3217//3217 
f 3217//3217 3244//3244 3241//3241 
f 3244//3244 3245//3245 3241//3241 
f 3241//3241 3245//3245 3246//3246 
f 3245//3245 3247//3247 3246//3246 
f 3246//3246 3247//3247 3247//3247 
f 3247//3247 3246//3246 3247//3247 
f 3247//3247 3246//3246 3246//3246 
f 3246//3246 3248//3248 3246//3246 
f 3246//3246 3248//3248 3241//3241 
f 3248//3248 3249//3249 3241//3241 
f 3241//3241 3249//3249 3250//3250 
f 3249//3249 3250//3250 3250//3250 
f 3250//3250 3250//3250 3251//3251 
f 3250//3250 3251//3251 3251//3251 
f 3251//3251 3251//3251 3251//3251 
f 3251//3251 3252//3252 3251//3251 
f 3251//3251 3252//3252 3253//3253 
f 3252//3252 3254//3254 3253//3253 
f 3253//3253 3254//3254 3255//3255 
f 3254//3254 3256//3256 3255//3255 
f 3255//3255 3256//3256 3257//3257 
f 3256//3256 3258//3258 3257//3257 
f 3257//3257 3258//3258 3258//3258 
f 3258//3258 3259//3259 3258//3258 
f 3258//3258 3259//3259 3259//3259 
f 3259//3259 3260//3260 3259//3259 
f 3259//3259 3260//3260 3261//3261 
f 3260//3260 3262//3262 3261//3261 
f 3261//3261 3262//3262 3262//3262 
f 3262//3262 3263//3263 3262//3262 
f 3262//3262 3263//3263 3263//3263 
f 3263//3263 3175//3175 3263//3263 
f 3263//3263 3175//3175 3264//3264 
f 3175//3175 3171//3171 3264//3264 
f 3264//3264 3171//3171 3265//3265 
f 3171//3171 3265//3265 3265//3265 
f 3265//3265 3265//3265 2559//2559 
f 3265//3265 2559//2559 2559//2559 
f 2559//2559 2559//2559 2559//2559 
f 2559//2559 3266//3266 2559//2559 
f 2559//2559 3266//3266 2548//2548 
f 3266//3266 3267//3267 2548//2548 
f 2548//2548 3267//3267 3268//3268 
f 3267//3267 3268//3268 3268//3268 
f 3268//3268 3268//3268 3268//3268 
f 3268//3268 3269//3269 3268//3268 
f 3268//3268 3269//3269 2548//2548 
f 3269//3269 3270//3270 2548//2548 
f 2548//2548 3270//3270 3271//3271 
f 3270//3270 3272//3272 3271//3271 
f 3271//3271 3272//3272 3273//3273 
f 3272//3272 3274//3274 3273//3273 
f 3273//3273 3274//3274 3274//3274 
f 3274//3274 3269//3269 3274//3274 
f 3274//3274 3269//3269 3269//3269 
f 3269//3269 3275//3275 3269//3269 
f 3269//3269 3275//3275 3270//3270 
f 3275//3275 3276//3276 3270//3270 
f 3270//3270 3276//3276 3277//3277 
f 3276//3276 3277//3277 3277//3277 
f 3277//3277 3277//3277 3277//3277 
f 3277//3277 3278//3278 3277//3277 
f 3277//3277 3278//3278 3270//3270 
f 3278//3278 3279//3279 3270//3270 
f 3270//3270 3279//3279 3280//3280 
f 3279//3279 3280//3280 3280//3280 
f 3280//3280 3280//3280 3280//3280 
f 3280//3280 3281//3281 3280//3280 
f 3280//3280 3281//3281 3270//3270 
f 3281//3281 3282//3282 3270//3270 
f 3270//3270 3282//3282 3283//3283 
f 3282//3282 3283//3283 3283//3283 
f 3283//3283 3283//3283 3283//3283 
f 3283//3283 3284//3284 3283//3283 
f 3283//3283 3284//3284 3270//3270 
f 3284//3284 3285//3285 3270//3270 
f 3270//3270 3285//3285 3286//3286 
f 3285//3285 3286//3286 3286//3286 
f 3286//3286 3286//3286 3286//3286 
f 3286//3286 3287//3287 3286//3286 
f 3286//3286 3287//3287 3270//3270 
f 3287//3287 3288//3288 3270//3270 
f 3270//3270 3288//3288 3289//3289 
f 3288//3288 3289//3289 3289//3289 
f 3289//3289 3289//3289 3289//3289 
f 3289//3289 3290//3290 3289//3289 
f 3289//3289 3290//3290 3270//3270 
f 3290//3290 3291//3291 3270//3270 
f 3270//3270 3291//3291 3292//3292 
f 3291//3291 3292//3292 3292//3292 
f 3292//3292 3292//3292 3292//3292 
f 3292//3292 3293//3293 3292//3292 
f 3292//3292 3293//3293 3270//3270 
f 3293//3293 3294//3294 3270//3270 
f 3270//3270 3294//3294 3295//3295 
f 3294//3294 3295//3295 3295//3295 
f 3295//3295 3295//3295 3295//3295 
f 3295//3295 3296//3296 3295//3295 
f 3295//3295 3296//3296 3270//3270 
f 3296//3296 3297//3297 3270//3270 
f 3270//3270 3297//3297 3298//3298 
f 3297//3297 3299//3299 3298//3298 
f 3298//3298 3299//3299 3300//3300 
f 3299//3299 3300//3300 3300//3300 
f 3300//3300 3300//3300 3295//3295 
f 3300//3300 3295//3295 3295//3295 
f 3295//3295 3295//3295 3295//3295 
f 3295//3295 3301//3301 3295//3295 
f 3295//3295 3301//3301 3296//3296 
f 3301//3301 3302//3302 3296//3296 
f 3296//3296 3302//3302 3303//3303 
f 3302//3302 3303//3303 3303//3303 
f 3303//3303 3303//3303 3303//3303 
f 3303//3303 3304//3304 3303//3303 
f 3303//3303 3304//3304 3296//3296 
f 3304//3304 3305//3305 3296//3296 
f 3296//3296 3305//3305 3306//3306 
f 3305//3305 3306//3306 3306//3306 
f 3306//3306 3306//3306 3307//3307 
f 3306//3306 3307//3307 3307//3307 
f 3307//3307 3307//3307 3307//3307 
f 3307//3307 3308//3308 3307//3307 
f 3307//3307 3308//3308 3309//3309 
f 3308//3308 3310//3310 3309//3309 
f 3309//3309 3310//3310 3311//3311 
f 3310//3310 3312//3312 3311//3311 
f 3311//3311 3312//3312 3313//3313 
f 3312//3312 3314//3314 3313//3313 
f 3313//3313 3314//3314 3315//3315 
f 3314//3314 3315//3315 3315//3315 
f 3315//3315 3315//3315 3310//3310 
f 3315//3315 3310//3310 3310//3310 
f 3310//3310 3310//3310 3310//3310 
f 3310//3310 3316//3316 3310//3310 
f 3310//3310 3316//3316 3312//3312 
f 3316//3316 3317//3317 3312//3312 
f 3312//3312 3317//3317 3318//3318 
f 3317//3317 3318//3318 3318//3318 
f 3318//3318 3318//3318 3318//3318 
f 3318//3318 3319//3319 3318//3318 
f 3318//3318 3319//3319 3312//3312 
f 3319//3319 3320//3320 3312//3312 
f 3312//3312 3320//3320 3321//3321 
f 3320//3320 3321//3321 3321//3321 
f 3321//3321 3321//3321 3321//3321 
f 3321//3321 3322//3322 3321//3321 
f 3321//3321 3322//3322 3312//3312 
f 3322//3322 3323//3323 3312//3312 
f 3312//3312 3323//3323 3324//3324 
f 3323//3323 3324//3324 3324//3324 
f 3324//3324 3324//3324 3324//3324 
f 3324//3324 3325//3325 3324//3324 
f 3324//3324 3325//3325 3312//3312 
f 3325//3325 3326//3326 3312//3312 
f 3312//3312 3326//3326 3327//3327 
f 3326//3326 3328//3328 3327//3327 
f 3327//3327 3328//3328 3329//3329 
f 3328//3328 3330//3330 3329//3329 
f 3329//3329 3330//3330 3331//3331 
f 3330//3330 3332//3332 3331//3331 
f 3331//3331 3332//3332 3333//3333 
f 3332//3332 3334//3334 3333//3333 
f 3333//3333 3334//3334 3335//3335 
f 3334//3334 3336//3336 3335//3335 
f 3335//3335 3336//3336 3337//3337 
f 3336//3336 3338//3338 3337//3337 
f 3337//3337 3338//3338 3339//3339 
f 3338//3338 3340//3340 3339//3339 
f 3339//3339 3340//3340 3340//3340 
f 3340//3340 3333//3333 3340//3340 
f 3340//3340 3333//3333 3333//3333 
f 3333//3333 3335//3335 3333//3333 
f 3333//3333 3335//3335 3341//3341 
f 3335//3335 3342//3342 3341//3341 
f 3341//3341 3342//3342 3342//3342 
f 3342//3342 3343//3343 3342//3342 
f 3342//3342 3343//3343 3343//3343 
f 3343//3343 3344//3344 3343//3343 
f 3343//3343 3344//3344 3139//3139 
f 3344//3344 3345//3345 3139//3139 
f 3139//3139 3345//3345 3115//3115 
f 3345//3345 3346//3346 3115//3115 
f 3115//3115 3346//3346 3347//3347 
f 3346//3346 3347//3347 3347//3347 
f 3347//3347 3347//3347 3348//3348 
f 3347//3347 3348//3348 3348//3348 
f 3348//3348 3348//3348 3348//3348 
f 3348//3348 3349//3349 3348//3348 
f 3348//3348 3349//3349 3350//3350 
f 3349//3349 2803//2803 3350//3350 
f 3350//3350 2803//2803 2802//2802 
f 2803//2803 2802//2802 2802//2802 
f 2802//2802 2802//2802 2802//2802 
f 2802//2802 3351//3351 2802//2802 
f 2802//2802 3351//3351 3350//3350 
f 3351//3351 3352//3352 3350//3350 
f 3350//3350 3352//3352 3352//3352 
f 3352//3352 3353//3353 3352//3352 
f 3352//3352 3353//3353 3353//3353 
f 3353//3353 3354//3354 3353//3353 
f 3353//3353 3354//3354 3355//3355 
f 3354//3354 3356//3356 3355//3355 
f 3355//3355 3356//3356 3356//3356 
f 3356//3356 3357//3357 3356//3356 
f 3356//3356 3357//3357 3357//3357 
f 3357//3357 3358//3358 3357//3357 
f 3357//3357 3358//3358 3359//3359 
f 3358//3358 3217//3217 3359//3359 
f 3359//3359 3217//3217 3360//3360 
f 3217//3217 3360//3360 3360//3360 
f 3360//3360 3360//3360 3217//3217 
f 3360//3360 3217//3217 3217//3217 
f 3217//3217 3217//3217 3217//3217 
f 3217//3217 3358//3358 3217//3217 
f 3217//3217 3358//3358 3244//3244 
f 3358//3358 3361//3361 3244//3244 
f 3244//3244 3361//3361 3362//3362 
f 3361//3361 3362//3362 3362//3362 
f 3362//3362 3362//3362 3363//3363 
f 3362//3362 3363//3363 3363//3363 
f 3363//3363 3363//3363 3363//3363 
f 3363//3363 3364//3364 3363//3363 
f 3363//3363 3364//3364 3365//3365 
f 3364//3364 3366//3366 3365//3365 
f 3365//3365 3366//3366 3366//3366 
f 3366//3366 3364//3364 3366//3366 
f 3366//3366 3364//3364 3367//3367 
f 3364//3364 3368//3368 3367//3367 
f 3367//3367 3368//3368 3368//3368 
f 3368//3368 3364//3364 3368//3368 
f 3368//3368 3364//3364 3369//3369 
f 3364//3364 3370//3370 3369//3369 
f 3369//3369 3370//3370 3371//3371 
f 3370//3370 3372//3372 3371//3371 
f 3371//3371 3372//3372 3372//3372 
f 3372//3372 3370//3370 3372//3372 
f 3372//3372 3370//3370 3373//3373 
f 3370//3370 3374//3374 3373//3373 
f 3373//3373 3374//3374 3374//3374 
f 3374//3374 3370//3370 3374//3374 
f 3374//3374 3370//3370 3375//3375 
f 3370//3370 3376//3376 3375//3375 
f 3375//3375 3376//3376 3376//3376 
f 3376//3376 3370//3370 3376//3376 
f 3376//3376 3370//3370 3377//3377 
f 3370//3370 3378//3378 3377//3377 
f 3377//3377 3378//3378 3378//3378 
f 3378//3378 3370//3370 3378//3378 
f 3378//3378 3370//3370 3379//3379 
f 3370//3370 3380//3380 3379//3379 
f 3379//3379 3380//3380 3380//3380 
f 3380//3380 3370//3370 3380//3380 
f 3380//3380 3370//3370 3381//3381 
f 3370//3370 3382//3382 3381//3381 
f 3381//3381 3382//3382 3383//3383 
f 3382//3382 3384//3384 3383//3383 
f 3383//3383 3384//3384 3384//3384 
f 3384//3384 3370//3370 3384//3384 
f 3384//3384 3370//3370 3370//3370 
f 3370//3370 3385//3385 3370//3370 
f 3370//3370 3385//3385 3382//3382 
f 3385//3385 3386//3386 3382//3382 
f 3382//3382 3386//3386 3387//3387 
f 3386//3386 3388//3388 3387//3387 
f 3387//3387 3388//3388 3388//3388 
f 3388//3388 3370//3370 3388//3388 
f 3388//3388 3370//3370 3370//3370 
f 3370//3370 3389//3389 3370//3370 
f 3370//3370 3389//3389 3385//3385 
f 3389//3389 3390//3390 3385//3385 
f 3385//3385 3390//3390 3391//3391 
f 3390//3390 3391//3391 3391//3391 
f 3391//3391 3391//3391 3370//3370 
f 3391//3391 3370//3370 3370//3370 
f 3370//3370 3370//3370 3370//3370 
f 3370//3370 3392//3392 3370//3370 
f 3370//3370 3392//3392 3389//3389 
f 3392//3392 3393//3393 3389//3389 
f 3389//3389 3393//3393 3393//3393 
f 3393//3393 3394//3394 3393//3393 
f 3393//3393 3394//3394 3394//3394 
f 3394//3394 2753//2753 3394//3394 
f 3394//3394 2753//2753 3395//3395 
f 2753//2753 2754//2754 3395//3395 
f 3395//3395 2754//2754 3396//3396 
f 2754//2754 3396//3396 3396//3396 
f 3396//3396 3396//3396 3397//3397 
f 3396//3396 3397//3397 3397//3397 
f 3397//3397 3397//3397 3397//3397 
f 3397//3397 3398//3398 3397//3397 
f 3397//3397 3398//3398 3115//3115 
f 3398//3398 3116//3116 3115//3115 
f 3115//3115 3116//3116 3116//3116 
f 3116//3116 3399//3399 3116//3116 
f 3116//3116 3399//3399 3399//3399 
f 3399//3399 3400//3400 3399//3399 
f 3399//3399 3400//3400 3401//3401 
f 3400//3400 3402//3402 3401//3401 
f 3401//3401 3402//3402 3403//3403 
f 3402//3402 3404//3404 3403//3403 
f 3403//3403 3404//3404 3405//3405 
f 3404//3404 3406//3406 3405//3405 
f 3405//3405 3406//3406 3407//3407 
f 3406//3406 3408//3408 3407//3407 
f 3407//3407 3408//3408 3409//3409 
f 3408//3408 3410//3410 3409//3409 
f 3409//3409 3410//3410 3411//3411 
f 3410//3410 3412//3412 3411//3411 
f 3411//3411 3412//3412 3413//3413 
f 3412//3412 3414//3414 3413//3413 
f 3413//3413 3414//3414 3415//3415 
f 3414//3414 3416//3416 3415//3415 
f 3415//3415 3416//3416 3417//3417 
f 3416//3416 3418//3418 3417//3417 
f 3417//3417 3418//3418 3419//3419 
f 3418//3418 3420//3420 3419//3419 
f 3419//3419 3420//3420 3421//3421 
f 3420//3420 3422//3422 3421//3421 
f 3421//3421 3422//3422 3423//3423 
f 3422//3422 3424//3424 3423//3423 
f 3423//3423 3424//3424 3425//3425 
f 3424//3424 3426//3426 3425//3425 
f 3425//3425 3426//3426 3427//3427 
f 3426//3426 3428//3428 3427//3427 
f 3427//3427 3428//3428 3429//3429 
f 3428//3428 3430//3430 3429//3429 
f 3429//3429 3430//3430 3431//3431 
f 3430//3430 3432//3432 3431//3431 
f 3431//3431 3432//3432 3433//3433 
f 3432//3432 3434//3434 3433//3433 
f 3433//3433 3434//3434 3435//3435 
f 3434//3434 3436//3436 3435//3435 
f 3435//3435 3436//3436 3437//3437 
f 3436//3436 3438//3438 3437//3437 
f 3437//3437 3438//3438 3439//3439 
f 3438//3438 3440//3440 3439//3439 
f 3439//3439 3440//3440 3441//3441 
f 3440//3440 3442//3442 3441//3441 
f 3441//3441 3442//3442 3443//3443 
f 3442//3442 3444//3444 3443//3443 
f 3443//3443 3444//3444 3445//3445 
f 3444//3444 3446//3446 3445//3445 
f 3445//3445 3446//3446 3447//3447 
f 3446//3446 3448//3448 3447//3447 
f 3447//3447 3448//3448 3449//3449 
f 3448//3448 3450//3450 3449//3449 
f 3449//3449 3450//3450 3451//3451 
f 3450//3450 3452//3452 3451//3451 
f 3451//3451 3452//3452 3453//3453 
f 3452//3452 3454//3454 3453//3453 
f 3453//3453 3454//3454 3455//3455 
f 3454//3454 3456//3456 3455//3455 
f 3455//3455 3456//3456 3457//3457 
f 3456//3456 3458//3458 3457//3457 
f 3457//3457 3458//3458 3459//3459 
f 3458//3458 3460//3460 3459//3459 
f 3459//3459 3460//3460 3461//3461 
f 3460//3460 3462//3462 3461//3461 
f 3461//3461 3462//3462 3463//3463 
f 3462//3462 3464//3464 3463//3463 
f 3463//3463 3464//3464 3465//3465 
f 3464//3464 3466//3466 3465//3465 
f 3465//3465 3466//3466 3467//3467 
f 3466//3466 3468//3468 3467//3467 
f 3467//3467 3468//3468 3468//3468 
f 3468//3468 3469//3469 3468//3468 
f 3468//3468 3469//3469 3469//3469 
f 3469//3469 3470//3470 3469//3469 
f 3469//3469 3470//3470 3471//3471 
f 3470//3470 3472//3472 3471//3471 
f 3471//3471 3472//3472 3472//3472 
f 3472//3472 2992//2992 3472//3472 
f 3472//3472 2992//2992 2992//2992 
f 2992//2992 3473//3473 2992//2992 
f 2992//2992 3473//3473 2990//2990 
f 3473//3473 3474//3474 2990//2990 
f 2990//2990 3474//3474 3475//3475 
f 3474//3474 3475//3475 3475//3475 
f 3475//3475 3475//3475 3475//3475 
f 3475//3475 3476//3476 3475//3475 
f 3475//3475 3476//3476 2990//2990 
f 3476//3476 3477//3477 2990//2990 
f 2990//2990 3477//3477 3478//3478 
f 3477//3477 3478//3478 3478//3478 
f 3478//3478 3478//3478 3478//3478 
f 3478//3478 3479//3479 3478//3478 
f 3478//3478 3479//3479 2990//2990 
f 3479//3479 3480//3480 2990//2990 
f 2990//2990 3480//3480 3481//3481 
f 3480//3480 3481//3481 3481//3481 
f 3481//3481 3481//3481 3481//3481 
f 3481//3481 3482//3482 3481//3481 
f 3481//3481 3482//3482 2990//2990 
f 3482//3482 3483//3483 2990//2990 
f 2990//2990 3483//3483 3484//3484 
f 3483//3483 3484//3484 3484//3484 
f 3484//3484 3484//3484 3483//3483 
f 3484//3484 3483//3483 3483//3483 
f 3483//3483 3483//3483 3483//3483 
f 3483//3483 3482//3482 3483//3483 
f 3483//3483 3482//3482 3485//3485 
f 3482//3482 3486//3486 3485//3485 
f 3485//3485 3486//3486 3487//3487 
f 3486//3486 3487//3487 3487//3487 
f 3487//3487 3487//3487 3485//3485 
f 3487//3487 3485//3485 3485//3485 
f 3485//3485 3485//3485 3485//3485 
f 3485//3485 3487//3487 3485//3485 
f 3485//3485 3487//3487 3488//3488 
f 3487//3487 3489//3489 3488//3488 
f 3488//3488 3489//3489 3490//3490 
f 3489//3489 3490//3490 3490//3490 
f 3490//3490 3490//3490 3490//3490 
f 3490//3490 3491//3491 3490//3490 
f 3490//3490 3491//3491 3488//3488 
f 3491//3491 3492//3492 3488//3488 
f 3488//3488 3492//3492 3493//3493 
f 3492//3492 3494//3494 3493//3493 
f 3493//3493 3494//3494 3495//3495 
f 3494//3494 3496//3496 3495//3495 
f 3495//3495 3496//3496 3496//3496 
f 3496//3496 3491//3491 3496//3496 
f 3496//3496 3491//3491 3491//3491 
f 3491//3491 3497//3497 3491//3491 
f 3491//3491 3497//3497 3492//3492 
f 3497//3497 3498//3498 3492//3492 
f 3492//3492 3498//3498 3499//3499 
f 3498//3498 3499//3499 3499//3499 
f 3499//3499 3499//3499 3499//3499 
f 3499//3499 3500//3500 3499//3499 
f 3499//3499 3500//3500 3492//3492 
f 3500//3500 3501//3501 3492//3492 
f 3492//3492 3501//3501 3502//3502 
f 3501//3501 3502//3502 3502//3502 
f 3502//3502 3502//3502 3502//3502 
f 3502//3502 3503//3503 3502//3502 
f 3502//3502 3503//3503 3492//3492 
f 3503//3503 3504//3504 3492//3492 
f 3492//3492 3504//3504 3505//3505 
f 3504//3504 3505//3505 3505//3505 
f 3505//3505 3505//3505 3505//3505 
f 3505//3505 3506//3506 3505//3505 
f 3505//3505 3506//3506 3492//3492 
f 3506//3506 3507//3507 3492//3492 
f 3492//3492 3507//3507 3508//3508 
f 3507//3507 3508//3508 3508//3508 
f 3508//3508 3508//3508 3508//3508 
f 3508//3508 3509//3509 3508//3508 
f 3508//3508 3509//3509 3492//3492 
f 3509//3509 3510//3510 3492//3492 
f 3492//3492 3510//3510 3511//3511 
f 3510//3510 3511//3511 3511//3511 
f 3511//3511 3511//3511 3511//3511 
f 3511//3511 3512//3512 3511//3511 
f 3511//3511 3512//3512 3492//3492 
f 3512//3512 3513//3513 3492//3492 
f 3492//3492 3513//3513 3514//3514 
f 3513//3513 3514//3514 3514//3514 
f 3514//3514 3514//3514 3514//3514 
f 3514//3514 3515//3515 3514//3514 
f 3514//3514 3515//3515 3492//3492 
f 3515//3515 3516//3516 3492//3492 
f 3492//3492 3516//3516 3517//3517 
f 3516//3516 3517//3517 3517//3517 
f 3517//3517 3517//3517 3517//3517 
f 3517//3517 3518//3518 3517//3517 
f 3517//3517 3518//3518 3492//3492 
f 3518//3518 3519//3519 3492//3492 
f 3492//3492 3519//3519 3520//3520 
f 3519//3519 3521//3521 3520//3520 
f 3520//3520 3521//3521 3522//3522 
f 3521//3521 3522//3522 3522//3522 
f 3522//3522 3522//3522 3520//3520 
f 3522//3522 3520//3520 3520//3520 
f 3520//3520 3520//3520 3520//3520 
f 3520//3520 3523//3523 3520//3520 
f 3520//3520 3523//3523 3492//3492 
f 3523//3523 3524//3524 3492//3492 
f 3492//3492 3524//3524 3525//3525 
f 3524//3524 3526//3526 3525//3525 
f 3525//3525 3526//3526 3526//3526 
f 3526//3526 3520//3520 3526//3526 
f 3526//3526 3520//3520 3520//3520 
f 3520//3520 3527//3527 3520//3520 
f 3520//3520 3527//3527 3523//3523 
f 3527//3527 3528//3528 3523//3523 
f 3523//3523 3528//3528 3529//3529 
f 3528//3528 3529//3529 3529//3529 
f 3529//3529 3529//3529 3530//3530 
f 3529//3529 3530//3530 3530//3530 
f 3530//3530 3530//3530 3530//3530 
f 3530//3530 3531//3531 3530//3530 
f 3530//3530 3531//3531 3532//3532 
f 3531//3531 3533//3533 3532//3532 
f 3532//3532 3533//3533 3534//3534 
f 3533//3533 3534//3534 3534//3534 
f 3534//3534 3534//3534 3533//3533 
f 3534//3534 3533//3533 3533//3533 
f 3533//3533 3533//3533 3533//3533 
f 3533//3533 3531//3531 3533//3533 
f 3533//3533 3531//3531 3535//3535 
f 3531//3531 3536//3536 3535//3535 
f 3535//3535 3536//3536 3537//3537 
f 3536//3536 3538//3538 3537//3537 
f 3537//3537 3538//3538 3539//3539 
f 3538//3538 3539//3539 3539//3539 
f 3539//3539 3539//3539 3531//3531 
f 3539//3539 3531//3531 3531//3531 
f 3531//3531 3531//3531 3531//3531 
f 3531//3531 3540//3540 3531//3531 
f 3531//3531 3540//3540 3536//3536 
f 3540//3540 3541//3541 3536//3536 
f 3536//3536 3541//3541 3542//3542 
f 3541//3541 3542//3542 3542//3542 
f 3542//3542 3542//3542 3542//3542 
f 3542//3542 3543//3543 3542//3542 
f 3542//3542 3543//3543 3536//3536 
f 3543//3543 3544//3544 3536//3536 
f 3536//3536 3544//3544 3545//3545 
f 3544//3544 3545//3545 3545//3545 
f 3545//3545 3545//3545 3545//3545 
f 3545//3545 3546//3546 3545//3545 
f 3545//3545 3546//3546 3536//3536 
f 3546//3546 3547//3547 3536//3536 
f 3536//3536 3547//3547 3548//3548 
f 3547//3547 3548//3548 3548//3548 
f 3548//3548 3548//3548 3548//3548 
f 3548//3548 3549//3549 3548//3548 
f 3548//3548 3549//3549 3536//3536 
f 3549//3549 3550//3550 3536//3536 
f 3536//3536 3550//3550 3551//3551 
f 3550//3550 3551//3551 3551//3551 
f 3551//3551 3551//3551 3551//3551 
f 3551//3551 3189//3189 3551//3551 
f 3551//3551 3189//3189 3536//3536 
f 3189//3189 3552//3552 3536//3536 
f 3536//3536 3552//3552 3553//3553 
f 3552//3552 3553//3553 3553//3553 
f 3553//3553 3553//3553 3553//3553 
f 3553//3553 3554//3554 3553//3553 
f 3553//3553 3554//3554 3536//3536 
f 3554//3554 3555//3555 3536//3536 
f 3536//3536 3555//3555 3556//3556 
f 3555//3555 3556//3556 3556//3556 
f 3556//3556 3556//3556 3556//3556 
f 3556//3556 3557//3557 3556//3556 
f 3556//3556 3557//3557 3536//3536 
f 3557//3557 3558//3558 3536//3536 
f 3536//3536 3558//3558 3559//3559 
f 3558//3558 3559//3559 3559//3559 
f 3559//3559 3559//3559 3558//3558 
f 3559//3559 3558//3558 3558//3558 
f 3558//3558 3558//3558 3558//3558 
f 3558//3558 3557//3557 3558//3558 
f 3558//3558 3557//3557 3560//3560 
f 3557//3557 3561//3561 3560//3560 
f 3560//3560 3561//3561 3562//3562 
f 3561//3561 3562//3562 3562//3562 
f 3562//3562 3562//3562 3560//3560 
f 3562//3562 3560//3560 3560//3560 
f 3560//3560 3560//3560 3560//3560 
f 3560//3560 3562//3562 3560//3560 
f 3560//3560 3562//3562 3563//3563 
f 3562//3562 3564//3564 3563//3563 
f 3563//3563 3564//3564 3565//3565 
f 3564//3564 3565//3565 3565//3565 
f 3565//3565 3565//3565 3565//3565 
f 3565//3565 3566//3566 3565//3565 
f 3565//3565 3566//3566 3563//3563 
f 3566//3566 3241//3241 3563//3563 
f 3563//3563 3241//3241 3567//3567 
f 3241//3241 3567//3567 3567//3567 
f 3567//3567 3567//3567 3566//3566 
f 3567//3567 3566//3566 3566//3566 
f 3566//3566 3566//3566 3566//3566 
f 3566//3566 3568//3568 3566//3566 
f 3566//3566 3568//3568 3241//3241 
f 3568//3568 3569//3569 3241//3241 
f 3241//3241 3569//3569 3570//3570 
f 3569//3569 3570//3570 3570//3570 
f 3570//3570 3570//3570 3570//3570 
f 3570//3570 3571//3571 3570//3570 
f 3570//3570 3571//3571 3241//3241 
f 3571//3571 3572//3572 3241//3241 
f 3241//3241 3572//3572 3573//3573 
f 3572//3572 3573//3573 3573//3573 
f 3573//3573 3573//3573 3574//3574 
f 3573//3573 3574//3574 3574//3574 
f 3574//3574 3574//3574 3574//3574 
f 3574//3574 3140//3140 3574//3574 
f 3574//3574 3140//3140 3575//3575 
f 3140//3140 3138//3138 3575//3575 
f 3575//3575 3138//3138 3576//3576 
f 3138//3138 3576//3576 3576//3576 
f 3576//3576 3576//3576 3577//3577 
f 3576//3576 3577//3577 3577//3577 
f 3577//3577 3577//3577 3577//3577 
f 3577//3577 3578//3578 3577//3577 
f 3577//3577 3578//3578 2804//2804 
f 3578//3578 2798//2798 2804//2804 
f 2804//2804 2798//2798 2798//2798 
f 2798//2798 3579//3579 2798//2798 
f 2798//2798 3579//3579 3579//3579 
f 3579//3579 2141//2141 3579//3579 
f 3579//3579 2141//2141 3580//3580 
f 2141//2141 2140//2140 3580//3580 
f 3580//3580 2140//2140 3581//3581 
f 2140//2140 3581//3581 3581//3581 
f 3581//3581 3581//3581 2981//2981 
f 3581//3581 2981//2981 2981//2981 
f 2981//2981 2981//2981 2981//2981 
f 2981//2981 2979//2979 2981//2981 
f 2981//2981 2979//2979 3582//3582 
f 2979//2979 3583//3583 3582//3582 
f 3582//3582 3583//3583 3583//3583 
f 3583//3583 2979//2979 3583//3583 
f 3583//3583 2979//2979 3584//3584 
f 2979//2979 3585//3585 3584//3584 
f 3584//3584 3585//3585 3585//3585 
f 3585//3585 2979//2979 3585//3585 
f 3585//3585 2979//2979 3586//3586 
f 2979//2979 3587//3587 3586//3586 
f 3586//3586 3587//3587 3587//3587 
f 3587//3587 2979//2979 3587//3587 
f 3587//3587 2979//2979 3588//3588 
f 2979//2979 3589//3589 3588//3588 
f 3588//3588 3589//3589 3589//3589 
f 3589//3589 2979//2979 3589//3589 
f 3589//3589 2979//2979 3590//3590 
f 2979//2979 3591//3591 3590//3590 
f 3590//3590 3591//3591 3591//3591 
f 3591//3591 2979//2979 3591//3591 
f 3591//3591 2979//2979 3592//3592 
f 2979//2979 3009//3009 3592//3592 
f 3592//3592 3009//3009 3593//3593 
f 3009//3009 3594//3594 3593//3593 
f 3593//3593 3594//3594 3594//3594 
f 3594//3594 2979//2979 3594//3594 
f 3594//3594 2979//2979 2979//2979 
f 2979//2979 3595//3595 2979//2979 
f 2979//2979 3595//3595 3009//3009 
f 3595//3595 3596//3596 3009//3009 
f 3009//3009 3596//3596 3597//3597 
f 3596//3596 3597//3597 3597//3597 
f 3597//3597 3597//3597 3597//3597 
f 3597//3597 3598//3598 3597//3597 
f 3597//3597 3598//3598 3009//3009 
f 3598//3598 3599//3599 3009//3009 
f 3009//3009 3599//3599 3600//3600 
f 3599//3599 3600//3600 3600//3600 
f 3600//3600 3600//3600 3600//3600 
f 3600//3600 3601//3601 3600//3600 
f 3600//3600 3601//3601 3009//3009 
f 3601//3601 3602//3602 3009//3009 
f 3009//3009 3602//3602 3603//3603 
f 3602//3602 3603//3603 3603//3603 
f 3603//3603 3603//3603 3603//3603 
f 3603//3603 3604//3604 3603//3603 
f 3603//3603 3604//3604 3009//3009 
f 3604//3604 3011//3011 3009//3009 
f 3009//3009 3011//3011 3011//3011 
f 3011//3011 3605//3605 3011//3011 
f 3011//3011 3605//3605 3605//3605 
f 3605//3605 3606//3606 3605//3605 
f 3605//3605 3606//3606 3607//3607 
f 3606//3606 3608//3608 3607//3607 
f 3607//3607 3608//3608 3609//3609 
f 3608//3608 3610//3610 3609//3609 
f 3609//3609 3610//3610 3611//3611 
f 3610//3610 3612//3612 3611//3611 
f 3611//3611 3612//3612 3613//3613 
f 3612//3612 3614//3614 3613//3613 
f 3613//3613 3614//3614 3615//3615 
f 3614//3614 3616//3616 3615//3615 
f 3615//3615 3616//3616 3617//3617 
f 3616//3616 3618//3618 3617//3617 
f 3617//3617 3618//3618 3619//3619 
f 3618//3618 3620//3620 3619//3619 
f 3619//3619 3620//3620 3621//3621 
f 3620//3620 3622//3622 3621//3621 
f 3621//3621 3622//3622 3623//3623 
f 3622//3622 3624//3624 3623//3623 
f 3623//3623 3624//3624 3625//3625 
f 3624//3624 3626//3626 3625//3625 
f 3625//3625 3626//3626 3627//3627 
f 3626//3626 3628//3628 3627//3627 
f 3627//3627 3628//3628 3629//3629 
f 3628//3628 3630//3630 3629//3629 
f 3629//3629 3630//3630 3631//3631 
f 3630//3630 3632//3632 3631//3631 
f 3631//3631 3632//3632 3633//3633 
f 3632//3632 3634//3634 3633//3633 
f 3633//3633 3634//3634 3635//3635 
f 3634//3634 3636//3636 3635//3635 
f 3635//3635 3636//3636 3637//3637 
f 3636//3636 3638//3638 3637//3637 
f 3637//3637 3638//3638 3639//3639 
f 3638//3638 3640//3640 3639//3639 
f 3639//3639 3640//3640 3641//3641 
f 3640//3640 3642//3642 3641//3641 
f 3641//3641 3642//3642 3643//3643 
f 3642//3642 3644//3644 3643//3643 
f 3643//3643 3644//3644 3645//3645 
f 3644//3644 3646//3646 3645//3645 
f 3645//3645 3646//3646 3647//3647 
f 3646//3646 3648//3648 3647//3647 
f 3647//3647 3648//3648 3649//3649 
f 3648//3648 3650//3650 3649//3649 
f 3649//3649 3650//3650 3651//3651 
f 3650//3650 3652//3652 3651//3651 
f 3651//3651 3652//3652 3652//3652 
f 3652//3652 3653//3653 3652//3652 
f 3652//3652 3653//3653 3653//3653 
f 3653//3653 3654//3654 3653//3653 
f 3653//3653 3654//3654 3655//3655 
f 3654//3654 3656//3656 3655//3655 
f 3655//3655 3656//3656 3657//3657 
f 3656//3656 3658//3658 3657//3657 
f 3657//3657 3658//3658 3659//3659 
f 3658//3658 3660//3660 3659//3659 
f 3659//3659 3660//3660 3661//3661 
f 3660//3660 3662//3662 3661//3661 
f 3661//3661 3662//3662 3663//3663 
f 3662//3662 3664//3664 3663//3663 
f 3663//3663 3664//3664 3665//3665 
f 3664//3664 3666//3666 3665//3665 
f 3665//3665 3666//3666 3667//3667 
f 3666//3666 3668//3668 3667//3667 
f 3667//3667 3668//3668 3669//3669 
f 3668//3668 3670//3670 3669//3669 
f 3669//3669 3670//3670 3671//3671 
f 3670//3670 3672//3672 3671//3671 
f 3671//3671 3672//3672 3673//3673 
f 3672//3672 3674//3674 3673//3673 
f 3673//3673 3674//3674 3675//3675 
f 3674//3674 3676//3676 3675//3675 
f 3675//3675 3676//3676 3677//3677 
f 3676//3676 3678//3678 3677//3677 
f 3677//3677 3678//3678 3679//3679 
f 3678//3678 3680//3680 3679//3679 
f 3679//3679 3680//3680 3681//3681 
f 3680//3680 3682//3682 3681//3681 
f 3681//3681 3682//3682 3683//3683 
f 3682//3682 3684//3684 3683//3683 
f 3683//3683 3684//3684 3685//3685 
f 3684//3684 3686//3686 3685//3685 
f 3685//3685 3686//3686 3687//3687 
f 3686//3686 3688//3688 3687//3687 
f 3687//3687 3688//3688 3689//3689 
f 3688//3688 3690//3690 3689//3689 
f 3689//3689 3690//3690 3691//3691 
f 3690//3690 3692//3692 3691//3691 
f 3691//3691 3692//3692 3693//3693 
f 3692//3692 3694//3694 3693//3693 
f 3693//3693 3694//3694 3695//3695 
f 3694//3694 3696//3696 3695//3695 
f 3695//3695 3696//3696 3697//3697 
f 3696//3696 3698//3698 3697//3697 
f 3697//3697 3698//3698 3699//3699 
f 3698//3698 3700//3700 3699//3699 
f 3699//3699 3700//3700 3700//3700 
f 3700//3700 3701//3701 3700//3700 
f 3700//3700 3701//3701 3701//3701 
f 3701//3701 3702//3702 3701//3701 
f 3701//3701 3702//3702 3703//3703 
f 3702//3702 3704//3704 3703//3703 
f 3703//3703 3704//3704 3705//3705 
f 3704//3704 3706//3706 3705//3705 
f 3705//3705 3706//3706 3707//3707 
f 3706//3706 3708//3708 3707//3707 
f 3707//3707 3708//3708 3709//3709 
f 3708//3708 3710//3710 3709//3709 
f 3709//3709 3710//3710 3711//3711 
f 3710//3710 3712//3712 3711//3711 
f 3711//3711 3712//3712 3713//3713 
f 3712//3712 3714//3714 3713//3713 
f 3713//3713 3714//3714 3715//3715 
f 3714//3714 3716//3716 3715//3715 
f 3715//3715 3716//3716 3717//3717 
f 3716//3716 3717//3717 3717//3717 
f 3717//3717 3717//3717 3715//3715 
f 3717//3717 3715//3715 3715//3715 
f 3715//3715 3715//3715 3715//3715 
f 3715//3715 3717//3717 3715//3715 
f 3715//3715 3717//3717 3718//3718 
f 3717//3717 3719//3719 3718//3718 
f 3718//3718 3719//3719 3719//3719 
f 3719//3719 3717//3717 3719//3719 
f 3719//3719 3717//3717 3717//3717 
f 3717//3717 3720//3720 3717//3717 
f 3717//3717 3720//3720 3719//3719 
f 3720//3720 3721//3721 3719//3719 
f 3719//3719 3721//3721 3721//3721 
f 3721//3721 3720//3720 3721//3721 
f 3721//3721 3720//3720 3720//3720 
f 3720//3720 3722//3722 3720//3720 
f 3720//3720 3722//3722 3721//3721 
f 3722//3722 3723//3723 3721//3721 
f 3721//3721 3723//3723 3723//3723 
f 3723//3723 3722//3722 3723//3723 
f 3723//3723 3722//3722 3722//3722 
f 3722//3722 3724//3724 3722//3722 
f 3722//3722 3724//3724 3723//3723 
f 3724//3724 3725//3725 3723//3723 
f 3723//3723 3725//3725 3725//3725 
f 3725//3725 3724//3724 3725//3725 
f 3725//3725 3724//3724 3724//3724 
f 3724//3724 3726//3726 3724//3724 
f 3724//3724 3726//3726 3725//3725 
f 3726//3726 3727//3727 3725//3725 
f 3725//3725 3727//3727 3727//3727 
f 3727//3727 3726//3726 3727//3727 
f 3727//3727 3726//3726 3726//3726 
f 3726//3726 3728//3728 3726//3726 
f 3726//3726 3728//3728 3727//3727 
f 3728//3728 3729//3729 3727//3727 
f 3727//3727 3729//3729 3729//3729 
f 3729//3729 3728//3728 3729//3729 
f 3729//3729 3728//3728 3728//3728 
f 3728//3728 3730//3730 3728//3728 
f 3728//3728 3730//3730 3729//3729 
f 3730//3730 3731//3731 3729//3729 
f 3729//3729 3731//3731 3731//3731 
f 3731//3731 3730//3730 3731//3731 
f 3731//3731 3730//3730 3730//3730 
f 3730//3730 3732//3732 3730//3730 
f 3730//3730 3732//3732 3731//3731 
f 3732//3732 3733//3733 3731//3731 
f 3731//3731 3733//3733 3733//3733 
f 3733//3733 3732//3732 3733//3733 
f 3733//3733 3732//3732 3732//3732 
f 3732//3732 3734//3734 3732//3732 
f 3732//3732 3734//3734 3733//3733 
f 3734//3734 3735//3735 3733//3733 
f 3733//3733 3735//3735 3735//3735 
f 3735//3735 3734//3734 3735//3735 
f 3735//3735 3734//3734 3734//3734 
f 3734//3734 3736//3736 3734//3734 
f 3734//3734 3736//3736 3735//3735 
f 3736//3736 3737//3737 3735//3735 
f 3735//3735 3737//3737 3737//3737 
f 3737//3737 3736//3736 3737//3737 
f 3737//3737 3736//3736 3736//3736 
f 3736//3736 3738//3738 3736//3736 
f 3736//3736 3738//3738 3737//3737 
f 3738//3738 3739//3739 3737//3737 
f 3737//3737 3739//3739 3739//3739 
f 3739//3739 3738//3738 3739//3739 
f 3739//3739 3738//3738 3738//3738 
f 3738//3738 3740//3740 3738//3738 
f 3738//3738 3740//3740 3739//3739 
f 3740//3740 3741//3741 3739//3739 
f 3739//3739 3741//3741 3741//3741 
f 3741//3741 3740//3740 3741//3741 
f 3741//3741 3740//3740 3740//3740 
f 3740//3740 3742//3742 3740//3740 
f 3740//3740 3742//3742 3741//3741 
f 3742//3742 3743//3743 3741//3741 
f 3741//3741 3743//3743 3743//3743 
f 3743//3743 3742//3742 3743//3743 
f 3743//3743 3742//3742 3742//3742 
f 3742//3742 3744//3744 3742//3742 
f 3742//3742 3744//3744 3743//3743 
f 3744//3744 3745//3745 3743//3743 
f 3743//3743 3745//3745 3745//3745 
f 3745//3745 3744//3744 3745//3745 
f 3745//3745 3744//3744 3744//3744 
f 3744//3744 3746//3746 3744//3744 
f 3744//3744 3746//3746 3745//3745 
f 3746//3746 3747//3747 3745//3745 
f 3745//3745 3747//3747 3747//3747 
f 3747//3747 3746//3746 3747//3747 
f 3747//3747 3746//3746 3746//3746 
f 3746//3746 3748//3748 3746//3746 
f 3746//3746 3748//3748 3747//3747 
f 3748//3748 3749//3749 3747//3747 
f 3747//3747 3749//3749 3749//3749 
f 3749//3749 3748//3748 3749//3749 
f 3749//3749 3748//3748 3748//3748 
f 3748//3748 3750//3750 3748//3748 
f 3748//3748 3750//3750 3749//3749 
f 3750//3750 3751//3751 3749//3749 
f 3749//3749 3751//3751 3751//3751 
f 3751//3751 3750//3750 3751//3751 
f 3751//3751 3750//3750 3750//3750 
f 3750//3750 3752//3752 3750//3750 
f 3750//3750 3752//3752 3751//3751 
f 3752//3752 3753//3753 3751//3751 
f 3751//3751 3753//3753 3753//3753 
f 3753//3753 3752//3752 3753//3753 
f 3753//3753 3752//3752 3752//3752 
f 3752//3752 3754//3754 3752//3752 
f 3752//3752 3754//3754 3753//3753 
f 3754//3754 3755//3755 3753//3753 
f 3753//3753 3755//3755 3755//3755 
f 3755//3755 3754//3754 3755//3755 
f 3755//3755 3754//3754 3754//3754 
f 3754//3754 3756//3756 3754//3754 
f 3754//3754 3756//3756 3755//3755 
f 3756//3756 3757//3757 3755//3755 
f 3755//3755 3757//3757 3757//3757 
f 3757//3757 3756//3756 3757//3757 
f 3757//3757 3756//3756 3756//3756 
f 3756//3756 3758//3758 3756//3756 
f 3756//3756 3758//3758 3757//3757 
f 3758//3758 3759//3759 3757//3757 
f 3757//3757 3759//3759 3759//3759 
f 3759//3759 3758//3758 3759//3759 
f 3759//3759 3758//3758 3758//3758 
f 3758//3758 3760//3760 3758//3758 
f 3758//3758 3760//3760 3759//3759 
f 3760//3760 3761//3761 3759//3759 
f 3759//3759 3761//3761 3762//3762 
f 3761//3761 3763//3763 3762//3762 
f 3762//3762 3763//3763 3763//3763 
f 3763//3763 3761//3761 3763//3763 
f 3763//3763 3761//3761 3761//3761 
f 3761//3761 3764//3764 3761//3761 
f 3761//3761 3764//3764 3763//3763 
f 3764//3764 3765//3765 3763//3763 
f 3763//3763 3765//3765 3765//3765 
f 3765//3765 3764//3764 3765//3765 
f 3765//3765 3764//3764 3764//3764 
f 3764//3764 3766//3766 3764//3764 
f 3764//3764 3766//3766 3765//3765 
f 3766//3766 3767//3767 3765//3765 
f 3765//3765 3767//3767 3767//3767 
f 3767//3767 3766//3766 3767//3767 
f 3767//3767 3766//3766 3766//3766 
f 3766//3766 3768//3768 3766//3766 
f 3766//3766 3768//3768 3767//3767 
f 3768//3768 3769//3769 3767//3767 
f 3767//3767 3769//3769 3769//3769 
f 3769//3769 3770//3770 3769//3769 
f 3769//3769 3770//3770 3770//3770 
f 3770//3770 3771//3771 3770//3770 
f 3770//3770 3771//3771 3523//3523 
f 3771//3771 3524//3524 3523//3523 
f 3523//3523 3524//3524 3524//3524 
f 3524//3524 3772//3772 3524//3524 
f 3524//3524 3772//3772 3772//3772 
f 3772//3772 3773//3773 3772//3772 
f 3772//3772 3773//3773 3774//3774 
f 3773//3773 3775//3775 3774//3774 
f 3774//3774 3775//3775 3775//3775 
f 3775//3775 3776//3776 3775//3775 
f 3775//3775 3776//3776 3776//3776 
f 3776//3776 3777//3777 3776//3776 
f 3776//3776 3777//3777 3778//3778 
f 3777//3777 3779//3779 3778//3778 
f 3778//3778 3779//3779 3780//3780 
f 3779//3779 3780//3780 3780//3780 
f 3780//3780 3780//3780 3778//3778 
f 3780//3780 3778//3778 3778//3778 
f 3778//3778 3778//3778 3778//3778 
f 3778//3778 3780//3780 3778//3778 
f 3778//3778 3780//3780 3781//3781 
f 3780//3780 3782//3782 3781//3781 
f 3781//3781 3782//3782 3783//3783 
f 3782//3782 3784//3784 3783//3783 
f 3783//3783 3784//3784 3785//3785 
f 3784//3784 3786//3786 3785//3785 
f 3785//3785 3786//3786 3786//3786 
f 3786//3786 3783//3783 3786//3786 
f 3786//3786 3783//3783 3783//3783 
f 3783//3783 3787//3787 3783//3783 
f 3783//3783 3787//3787 3781//3781 
f 3787//3787 3788//3788 3781//3781 
f 3781//3781 3788//3788 3789//3789 
f 3788//3788 3790//3790 3789//3789 
f 3789//3789 3790//3790 3790//3790 
f 3790//3790 3783//3783 3790//3790 
f 3790//3790 3783//3783 3783//3783 
f 3783//3783 3791//3791 3783//3783 
f 3783//3783 3791//3791 3787//3787 
f 3791//3791 3792//3792 3787//3787 
f 3787//3787 3792//3792 3793//3793 
f 3792//3792 3793//3793 3793//3793 
f 3793//3793 3793//3793 3783//3783 
f 3793//3793 3783//3783 3783//3783 
f 3783//3783 3783//3783 3783//3783 
f 3783//3783 3794//3794 3783//3783 
f 3783//3783 3794//3794 3791//3791 
f 3794//3794 3795//3795 3791//3791 
f 3791//3791 3795//3795 3795//3795 
f 3795//3795 3796//3796 3795//3795 
f 3795//3795 3796//3796 3796//3796 
f 3796//3796 3797//3797 3796//3796 
f 3796//3796 3797//3797 3798//3798 
f 3797//3797 3799//3799 3798//3798 
f 3798//3798 3799//3799 3800//3800 
f 3799//3799 3801//3801 3800//3800 
f 3800//3800 3801//3801 3802//3802 
f 3801//3801 3803//3803 3802//3802 
f 3802//3802 3803//3803 3804//3804 
f 3803//3803 3805//3805 3804//3804 
f 3804//3804 3805//3805 3806//3806 
f 3805//3805 3807//3807 3806//3806 
f 3806//3806 3807//3807 3808//3808 
f 3807//3807 3809//3809 3808//3808 
f 3808//3808 3809//3809 3810//3810 
f 3809//3809 3811//3811 3810//3810 
f 3810//3810 3811//3811 3812//3812 
f 3811//3811 3813//3813 3812//3812 
f 3812//3812 3813//3813 3814//3814 
f 3813//3813 3815//3815 3814//3814 
f 3814//3814 3815//3815 3816//3816 
f 3815//3815 3817//3817 3816//3816 
f 3816//3816 3817//3817 3818//3818 
f 3817//3817 3819//3819 3818//3818 
f 3818//3818 3819//3819 3820//3820 
f 3819//3819 3821//3821 3820//3820 
f 3820//3820 3821//3821 3822//3822 
f 3821//3821 3823//3823 3822//3822 
f 3822//3822 3823//3823 3824//3824 
f 3823//3823 3825//3825 3824//3824 
f 3824//3824 3825//3825 3826//3826 
f 3825//3825 3827//3827 3826//3826 
f 3826//3826 3827//3827 3828//3828 
f 3827//3827 3829//3829 3828//3828 
f 3828//3828 3829//3829 3830//3830 
f 3829//3829 3831//3831 3830//3830 
f 3830//3830 3831//3831 3832//3832 
f 3831//3831 3833//3833 3832//3832 
f 3832//3832 3833//3833 3834//3834 
f 3833//3833 3835//3835 3834//3834 
f 3834//3834 3835//3835 3836//3836 
f 3835//3835 3837//3837 3836//3836 
f 3836//3836 3837//3837 3838//3838 
f 3837//3837 3839//3839 3838//3838 
f 3838//3838 3839//3839 3840//3840 
f 3839//3839 3841//3841 3840//3840 
f 3840//3840 3841//3841 3842//3842 
f 3841//3841 3843//3843 3842//3842 
f 3842//3842 3843//3843 3844//3844 
f 3843//3843 3845//3845 3844//3844 
f 3844//3844 3845//3845 3846//3846 
f 3845//3845 3847//3847 3846//3846 
f 3846//3846 3847//3847 3848//3848 
f 3847//3847 3849//3849 3848//3848 
f 3848//3848 3849//3849 3850//3850 
f 3849//3849 3851//3851 3850//3850 
f 3850//3850 3851//3851 3852//3852 
f 3851//3851 3853//3853 3852//3852 
f 3852//3852 3853//3853 3854//3854 
f 3853//3853 3855//3855 3854//3854 
f 3854//3854 3855//3855 3856//3856 
f 3855//3855 3857//3857 3856//3856 
f 3856//3856 3857//3857 3858//3858 
f 3857//3857 3859//3859 3858//3858 
f 3858//3858 3859//3859 3860//3860 
f 3859//3859 3861//3861 3860//3860 
f 3860//3860 3861//3861 3862//3862 
f 3861//3861 3863//3863 3862//3862 
f 3862//3862 3863//3863 3863//3863 
f 3863//3863 3864//3864 3863//3863 
f 3863//3863 3864//3864 3864//3864 
f 3864//3864 3788//3788 3864//3864 
f 3864//3864 3788//3788 3865//3865 
f 3788//3788 3787//3787 3865//3865 
f 3865//3865 3787//3787 3866//3866 
f 3787//3787 3866//3866 3866//3866 
f 3866//3866 3866//3866 3867//3867 
f 3866//3866 3867//3867 3867//3867 
f 3867//3867 3867//3867 3867//3867 
f 3867//3867 3006//3006 3867//3867 
f 3867//3867 3006//3006 3868//3868 
f 3006//3006 3008//3008 3868//3868 
f 3868//3868 3008//3008 3869//3869 
f 3008//3008 3869//3869 3869//3869 
f 3869//3869 3869//3869 3870//3870 
f 3869//3869 3870//3870 3870//3870 
f 3870//3870 3870//3870 3870//3870 
f 3870//3870 2561//2561 3870//3870 
f 3870//3870 2561//2561 3871//3871 
f 2561//2561 3872//3872 3871//3871 
f 3871//3871 3872//3872 3873//3873 
f 3872//3872 3873//3873 3873//3873 
f 3873//3873 3873//3873 2561//2561 
f 3873//3873 2561//2561 2561//2561 
f 2561//2561 2561//2561 2561//2561 
f 2561//2561 2560//2560 2561//2561 
f 2561//2561 2560//2560 3872//3872 
f 2560//2560 3874//3874 3872//3872 
f 3872//3872 3874//3874 3875//3875 
f 3874//3874 3875//3875 3875//3875 
f 3875//3875 3875//3875 3876//3876 
f 3875//3875 3876//3876 3876//3876 
f 3876//3876 3876//3876 3876//3876 
f 3876//3876 3877//3877 3876//3876 
f 3876//3876 3877//3877 3878//3878 
f 3877//3877 3879//3879 3878//3878 
f 3878//3878 3879//3879 2014//2014 
f 3879//3879 3880//3880 2014//2014 
f 2014//2014 3880//3880 3881//3881 
f 3880//3880 3881//3881 3881//3881 
f 3881//3881 3881//3881 3879//3879 
f 3881//3881 3879//3879 3879//3879 
f 3879//3879 3879//3879 3879//3879 
f 3879//3879 3877//3877 3879//3879 
f 3879//3879 3877//3877 3882//3882 
f 3877//3877 3883//3883 3882//3882 
f 3882//3882 3883//3883 3884//3884 
f 3883//3883 3885//3885 3884//3884 
f 3884//3884 3885//3885 3885//3885 
f 3885//3885 3883//3883 3885//3885 
f 3885//3885 3883//3883 3886//3886 
f 3883//3883 3887//3887 3886//3886 
f 3886//3886 3887//3887 3887//3887 
f 3887//3887 3883//3883 3887//3887 
f 3887//3887 3883//3883 3888//3888 
f 3883//3883 3889//3889 3888//3888 
f 3888//3888 3889//3889 3889//3889 
f 3889//3889 3883//3883 3889//3889 
f 3889//3889 3883//3883 3890//3890 
f 3883//3883 3891//3891 3890//3890 
f 3890//3890 3891//3891 3891//3891 
f 3891//3891 3883//3883 3891//3891 
f 3891//3891 3883//3883 3892//3892 
f 3883//3883 3893//3893 3892//3892 
f 3892//3892 3893//3893 3893//3893 
f 3893//3893 3883//3883 3893//3893 
f 3893//3893 3883//3883 3894//3894 
f 3883//3883 3895//3895 3894//3894 
f 3894//3894 3895//3895 3895//3895 
f 3895//3895 3883//3883 3895//3895 
f 3895//3895 3883//3883 3896//3896 
f 3883//3883 3897//3897 3896//3896 
f 3896//3896 3897//3897 3897//3897 
f 3897//3897 3883//3883 3897//3897 
f 3897//3897 3883//3883 3898//3898 
f 3883//3883 3899//3899 3898//3898 
f 3898//3898 3899//3899 3899//3899 
f 3899//3899 3900//3900 3899//3899 
f 3899//3899 3900//3900 3900//3900 
f 3900//3900 3901//3901 3900//3900 
f 3900//3900 3901//3901 3244//3244 
f 3901//3901 3245//3245 3244//3244 
f 3244//3244 3245//3245 3245//3245 
f 3245//3245 3883//3883 3245//3245 
f 3245//3245 3883//3883 3883//3883 
f 3883//3883 3877//3877 3883//3883 
f 3883//3883 3877//3877 3902//3902 
f 3877//3877 3903//3903 3902//3902 
f 3902//3902 3903//3903 3903//3903 
f 3903//3903 3904//3904 3903//3903 
f 3903//3903 3904//3904 3904//3904 
f 3904//3904 3905//3905 3904//3904 
f 3904//3904 3905//3905 3906//3906 
f 3905//3905 3907//3907 3906//3906 
f 3906//3906 3907//3907 3908//3908 
f 3907//3907 3909//3909 3908//3908 
f 3908//3908 3909//3909 3910//3910 
f 3909//3909 3910//3910 3910//3910 
f 3910//3910 3910//3910 3906//3906 
f 3910//3910 3906//3906 3906//3906 
f 3906//3906 3906//3906 3906//3906 
f 3906//3906 3908//3908 3906//3906 
f 3906//3906 3908//3908 3911//3911 
f 3908//3908 3912//3912 3911//3911 
f 3911//3911 3912//3912 3913//3913 
f 3912//3912 3914//3914 3913//3913 
f 3913//3913 3914//3914 3914//3914 
f 3914//3914 3911//3911 3914//3914 
f 3914//3914 3911//3911 3911//3911 
f 3911//3911 3915//3915 3911//3911 
f 3911//3911 3915//3915 3906//3906 
f 3915//3915 3916//3916 3906//3906 
f 3906//3906 3916//3916 3917//3917 
f 3916//3916 3917//3917 3917//3917 
f 3917//3917 3917//3917 3917//3917 
f 3917//3917 3918//3918 3917//3917 
f 3917//3917 3918//3918 3906//3906 
f 3918//3918 3919//3919 3906//3906 
f 3906//3906 3919//3919 3920//3920 
f 3919//3919 3920//3920 3920//3920 
f 3920//3920 3920//3920 3920//3920 
f 3920//3920 3921//3921 3920//3920 
f 3920//3920 3921//3921 3906//3906 
f 3921//3921 3922//3922 3906//3906 
f 3906//3906 3922//3922 3923//3923 
f 3922//3922 3923//3923 3923//3923 
f 3923//3923 3923//3923 3923//3923 
f 3923//3923 3924//3924 3923//3923 
f 3923//3923 3924//3924 3906//3906 
f 3924//3924 3925//3925 3906//3906 
f 3906//3906 3925//3925 3926//3926 
f 3925//3925 3926//3926 3926//3926 
f 3926//3926 3926//3926 3926//3926 
f 3926//3926 3927//3927 3926//3926 
f 3926//3926 3927//3927 3906//3906 
f 3927//3927 3928//3928 3906//3906 
f 3906//3906 3928//3928 3929//3929 
f 3928//3928 3929//3929 3929//3929 
f 3929//3929 3929//3929 3929//3929 
f 3929//3929 3930//3930 3929//3929 
f 3929//3929 3930//3930 3906//3906 
f 3930//3930 3931//3931 3906//3906 
f 3906//3906 3931//3931 3932//3932 
f 3931//3931 3932//3932 3932//3932 
f 3932//3932 3932//3932 3932//3932 
f 3932//3932 3933//3933 3932//3932 
f 3932//3932 3933//3933 3906//3906 
f 3933//3933 3934//3934 3906//3906 
f 3906//3906 3934//3934 3935//3935 
f 3934//3934 3936//3936 3935//3935 
f 3935//3935 3936//3936 3937//3937 
f 3936//3936 3937//3937 3937//3937 
f 3937//3937 3937//3937 3935//3935 
f 3937//3937 3935//3935 3935//3935 
f 3935//3935 3935//3935 3935//3935 
f 3935//3935 3938//3938 3935//3935 
f 3935//3935 3938//3938 3906//3906 
f 3938//3938 3939//3939 3906//3906 
f 3906//3906 3939//3939 3940//3940 
f 3939//3939 3940//3940 3940//3940 
f 3940//3940 3940//3940 3935//3935 
f 3940//3940 3935//3935 3935//3935 
f 3935//3935 3935//3935 3935//3935 
f 3935//3935 3941//3941 3935//3935 
f 3935//3935 3941//3941 3938//3938 
f 3941//3941 3942//3942 3938//3938 
f 3938//3938 3942//3942 3942//3942 
f 3942//3942 3943//3943 3942//3942 
f 3942//3942 3943//3943 3943//3943 
f 3943//3943 3944//3944 3943//3943 
f 3943//3943 3944//3944 3009//3009 
f 3944//3944 3945//3945 3009//3009 
f 3009//3009 3945//3945 3946//3946 
f 3945//3945 3947//3947 3946//3946 
f 3946//3946 3947//3947 3948//3948 
f 3947//3947 3948//3948 3948//3948 
f 3948//3948 3948//3948 3946//3946 
f 3948//3948 3946//3946 3946//3946 
f 3946//3946 3946//3946 3946//3946 
f 3946//3946 3949//3949 3946//3946 
f 3946//3946 3949//3949 3009//3009 
f 3949//3949 3950//3950 3009//3009 
f 3009//3009 3950//3950 3594//3594 
f 3950//3950 3594//3594 3594//3594 
f 3594//3594 3594//3594 3951//3951 
f 3594//3594 3951//3951 3951//3951 
f 3951//3951 3951//3951 3951//3951 
f 3951//3951 3952//3952 3951//3951 
f 3951//3951 3952//3952 3953//3953 
f 3952//3952 3954//3954 3953//3953 
f 3953//3953 3954//3954 3954//3954 
f 3954//3954 3955//3955 3954//3954 
f 3954//3954 3955//3955 3955//3955 
f 3955//3955 3956//3956 3955//3955 
f 3955//3955 3956//3956 3310//3310 
f 3956//3956 3957//3957 3310//3310 
f 3310//3310 3957//3957 3958//3958 
f 3957//3957 3958//3958 3958//3958 
f 3958//3958 3958//3958 3959//3959 
f 3958//3958 3959//3959 3959//3959 
f 3959//3959 3959//3959 3959//3959 
f 3959//3959 3960//3960 3959//3959 
f 3959//3959 3960//3960 3961//3961 
f 3960//3960 3962//3962 3961//3961 
f 3961//3961 3962//3962 3963//3963 
f 3962//3962 3963//3963 3963//3963 
f 3963//3963 3963//3963 3963//3963 
f 3963//3963 3964//3964 3963//3963 
f 3963//3963 3964//3964 3961//3961 
f 3964//3964 3965//3965 3961//3961 
f 3961//3961 3965//3965 3966//3966 
f 3965//3965 3967//3967 3966//3966 
f 3966//3966 3967//3967 3968//3968 
f 3967//3967 3969//3969 3968//3968 
f 3968//3968 3969//3969 3969//3969 
f 3969//3969 3964//3964 3969//3969 
f 3969//3969 3964//3964 3964//3964 
f 3964//3964 3970//3970 3964//3964 
f 3964//3964 3970//3970 3965//3965 
f 3970//3970 3971//3971 3965//3965 
f 3965//3965 3971//3971 3972//3972 
f 3971//3971 3972//3972 3972//3972 
f 3972//3972 3972//3972 3971//3971 
f 3972//3972 3971//3971 3971//3971 
f 3971//3971 3971//3971 3971//3971 
f 3971//3971 3970//3970 3971//3971 
f 3971//3971 3970//3970 3973//3973 
f 3970//3970 3974//3974 3973//3973 
f 3973//3973 3974//3974 3975//3975 
f 3974//3974 3976//3976 3975//3975 
f 3975//3975 3976//3976 3977//3977 
f 3976//3976 3978//3978 3977//3977 
f 3977//3977 3978//3978 3979//3979 
f 3978//3978 3980//3980 3979//3979 
f 3979//3979 3980//3980 3981//3981 
f 3980//3980 3982//3982 3981//3981 
f 3981//3981 3982//3982 3911//3911 
f 3982//3982 3983//3983 3911//3911 
f 3911//3911 3983//3983 3984//3984 
f 3983//3983 3984//3984 3984//3984 
f 3984//3984 3984//3984 3984//3984 
f 3984//3984 3985//3985 3984//3984 
f 3984//3984 3985//3985 3911//3911 
f 3985//3985 3986//3986 3911//3911 
f 3911//3911 3986//3986 3987//3987 
f 3986//3986 3987//3987 3987//3987 
f 3987//3987 3987//3987 3988//3988 
f 3987//3987 3988//3988 3988//3988 
f 3988//3988 3988//3988 3988//3988 
f 3988//3988 3535//3535 3988//3988 
f 3988//3988 3535//3535 3989//3989 
f 3535//3535 3537//3537 3989//3989 
f 3989//3989 3537//3537 3990//3990 
f 3537//3537 3990//3990 3990//3990 
f 3990//3990 3990//3990 3991//3991 
f 3990//3990 3991//3991 3991//3991 
f 3991//3991 3991//3991 3991//3991 
f 3991//3991 3992//3992 3991//3991 
f 3991//3991 3992//3992 3965//3965 
f 3992//3992 3967//3967 3965//3965 
f 3965//3965 3967//3967 3967//3967 
f 3967//3967 3993//3993 3967//3967 
f 3967//3967 3993//3993 3993//3993 
f 3993//3993 3994//3994 3993//3993 
f 3993//3993 3994//3994 3995//3995 
f 3994//3994 3531//3531 3995//3995 
f 3995//3995 3531//3531 3996//3996 
f 3531//3531 3996//3996 3996//3996 
f 3996//3996 3996//3996 3994//3994 
f 3996//3996 3994//3994 3994//3994 
f 3994//3994 3994//3994 3994//3994 
f 3994//3994 3997//3997 3994//3994 
f 3994//3994 3997//3997 3531//3531 
f 3997//3997 3998//3998 3531//3531 
f 3531//3531 3998//3998 3999//3999 
f 3998//3998 3999//3999 3999//3999 
f 3999//3999 3999//3999 3999//3999 
f 3999//3999 4000//4000 3999//3999 
f 3999//3999 4000//4000 3531//3531 
f 4000//4000 4001//4001 3531//3531 
f 3531//3531 4001//4001 4002//4002 
f 4001//4001 4002//4002 4002//4002 
f 4002//4002 4002//4002 4002//4002 
f 4002//4002 4003//4003 4002//4002 
f 4002//4002 4003//4003 3531//3531 
f 4003//4003 4004//4004 3531//3531 
f 3531//3531 4004//4004 4005//4005 
f 4004//4004 4005//4005 4005//4005 
f 4005//4005 4005//4005 4006//4006 
f 4005//4005 4006//4006 4006//4006 
f 4006//4006 4006//4006 4006//4006 
f 4006//4006 4007//4007 4006//4006 
f 4006//4006 4007//4007 4008//4008 
f 4007//4007 4009//4009 4008//4008 
f 4008//4008 4009//4009 4009//4009 
f 4009//4009 4010//4010 4009//4009 
f 4009//4009 4010//4010 4010//4010 
f 4010//4010 4011//4011 4010//4010 
f 4010//4010 4011//4011 4012//4012 
f 4011//4011 4013//4013 4012//4012 
f 4012//4012 4013//4013 4013//4013 
f 4013//4013 4014//4014 4013//4013 
f 4013//4013 4014//4014 4014//4014 
f 4014//4014 4015//4015 4014//4014 
f 4014//4014 4015//4015 4016//4016 
f 4015//4015 3210//3210 4016//4016 
f 4016//4016 3210//3210 4017//4017 
f 3210//3210 4017//4017 4017//4017 
f 4017//4017 4017//4017 3210//3210 
f 4017//4017 3210//3210 3210//3210 
f 3210//3210 3210//3210 3210//3210 
f 3210//3210 4015//4015 3210//3210 
f 3210//3210 4015//4015 3218//3218 
f 4015//4015 4018//4018 3218//3218 
f 3218//3218 4018//4018 4019//4019 
f 4018//4018 4019//4019 4019//4019 
f 4019//4019 4019//4019 4020//4020 
f 4019//4019 4020//4020 4020//4020 
f 4020//4020 4020//4020 4020//4020 
f 4020//4020 4021//4021 4020//4020 
f 4020//4020 4021//4021 3535//3535 
f 4021//4021 3533//3533 3535//3535 
f 3535//3535 3533//3533 3533//3533 
f 3533//3533 4022//4022 3533//3533 
f 3533//3533 4022//4022 4022//4022 
f 4022//4022 3311//3311 4022//4022 
f 4022//4022 3311//3311 4023//4023 
f 3311//3311 3313//3313 4023//4023 
f 4023//4023 3313//3313 4024//4024 
f 3313//3313 4024//4024 4024//4024 
f 4024//4024 4024//4024 11//11 
f 4024//4024 11//11 11//11 
f 11//11 11//11 11//11 
f 11//11 4//4 11//11 
f 11//11 4//4 4025//4025 
f 4//4 4026//4026 4025//4025 
f 4025//4025 4026//4026 4026//4026 
f 4026//4026 4//4 4026//4026 
f 4026//4026 4//4 4027//4027 
f 4//4 4028//4028 4027//4027 
f 4027//4027 4028//4028 4028//4028 
f 4028//4028 4029//4029 4028//4028 
f 4028//4028 4029//4029 4029//4029 
f 4029//4029 1341//1341 4029//4029 
f 4029//4029 1341//1341 4030//4030 
f 1341//1341 1338//1338 4030//4030 
f 4030//4030 1338//1338 4031//4031 
f 1338//1338 4031//4031 4031//4031 
f 4031//4031 4031//4031 4032//4032 
f 4031//4031 4032//4032 4032//4032 
f 4032//4032 4032//4032 4032//4032 
f 4032//4032 4033//4033 4032//4032 
f 4032//4032 4033//4033 4034//4034 
f 4033//4033 4035//4035 4034//4034 
f 4034//4034 4035//4035 4036//4036 
f 4035//4035 4037//4037 4036//4036 
f 4036//4036 4037//4037 4038//4038 
f 4037//4037 4039//4039 4038//4038 
f 4038//4038 4039//4039 4040//4040 
f 4039//4039 4041//4041 4040//4040 
f 4040//4040 4041//4041 4042//4042 
f 4041//4041 4043//4043 4042//4042 
f 4042//4042 4043//4043 4044//4044 
f 4043//4043 4045//4045 4044//4044 
f 4044//4044 4045//4045 4046//4046 
f 4045//4045 4047//4047 4046//4046 
f 4046//4046 4047//4047 4048//4048 
f 4047//4047 4049//4049 4048//4048 
f 4048//4048 4049//4049 4050//4050 
f 4049//4049 4051//4051 4050//4050 
f 4050//4050 4051//4051 4052//4052 
f 4051//4051 4053//4053 4052//4052 
f 4052//4052 4053//4053 4054//4054 
f 4053//4053 4055//4055 4054//4054 
f 4054//4054 4055//4055 4056//4056 
f 4055//4055 4057//4057 4056//4056 
f 4056//4056 4057//4057 4058//4058 
f 4057//4057 4059//4059 4058//4058 
f 4058//4058 4059//4059 4060//4060 
f 4059//4059 4061//4061 4060//4060 
f 4060//4060 4061//4061 4062//4062 
f 4061//4061 4063//4063 4062//4062 
f 4062//4062 4063//4063 4064//4064 
f 4063//4063 4065//4065 4064//4064 
f 4064//4064 4065//4065 4066//4066 
f 4065//4065 4067//4067 4066//4066 
f 4066//4066 4067//4067 4068//4068 
f 4067//4067 4069//4069 4068//4068 
f 4068//4068 4069//4069 4070//4070 
f 4069//4069 4071//4071 4070//4070 
f 4070//4070 4071//4071 4072//4072 
f 4071//4071 4073//4073 4072//4072 
f 4072//4072 4073//4073 4074//4074 
f 4073//4073 4075//4075 4074//4074 
f 4074//4074 4075//4075 4076//4076 
f 4075//4075 4077//4077 4076//4076 
f 4076//4076 4077//4077 4078//4078 
f 4077//4077 4079//4079 4078//4078 
f 4078//4078 4079//4079 4079//4079 
f 4079//4079 4077//4077 4079//4079 
f 4079//4079 4077//4077 4077//4077 
f 4077//4077 4080//4080 4077//4077 
f 4077//4077 4080//4080 4079//4079 
f 4080//4080 4081//4081 4079//4079 
f 4079//4079 4081//4081 4081//4081 
f 4081//4081 4082//4082 4081//4081 
f 4081//4081 4082//4082 4082//4082 
f 4082//4082 3270//3270 4082//4082 
f 4082//4082 3270//3270 4083//4083 
f 3270//3270 3298//3298 4083//4083 
f 4083//4083 3298//3298 4084//4084 
f 3298//3298 4084//4084 4084//4084 
f 4084//4084 4084//4084 3948//3948 
f 4084//4084 3948//3948 3948//3948 
f 3948//3948 3948//3948 3948//3948 
f 3948//3948 4085//4085 3948//3948 
f 3948//3948 4085//4085 3946//3946 
f 4085//4085 4086//4086 3946//3946 
f 3946//3946 4086//4086 4086//4086 
f 4086//4086 4085//4085 4086//4086 
f 4086//4086 4085//4085 3520//3520 
f 4085//4085 4087//4087 3520//3520 
f 3520//3520 4087//4087 4087//4087 
f 4087//4087 4086//4086 4087//4087 
f 4087//4087 4086//4086 4086//4086 
f 4086//4086 3520//3520 4086//4086 
f 4086//4086 3520//3520 4088//4088 
f 3520//3520 4089//4089 4088//4088 
f 4088//4088 4089//4089 4089//4089 
f 4089//4089 3520//3520 4089//4089 
f 4089//4089 3520//3520 4090//4090 
f 3520//3520 4091//4091 4090//4090 
f 4090//4090 4091//4091 4091//4091 
f 4091//4091 3520//3520 4091//4091 
f 4091//4091 3520//3520 4092//4092 
f 3520//3520 3522//3522 4092//4092 
f 4092//4092 3522//3522 3522//3522 
f 3522//3522 4093//4093 3522//3522 
f 3522//3522 4093//4093 4093//4093 
f 4093//4093 4094//4094 4093//4093 
f 4093//4093 4094//4094 4095//4095 
f 4094//4094 3382//3382 4095//4095 
f 4095//4095 3382//3382 4096//4096 
f 3382//3382 4096//4096 4096//4096 
f 4096//4096 4096//4096 3382//3382 
f 4096//4096 3382//3382 3382//3382 
f 3382//3382 3382//3382 3382//3382 
f 3382//3382 4094//4094 3382//3382 
f 3382//3382 4094//4094 4097//4097 
f 4094//4094 4098//4098 4097//4097 
f 4097//4097 4098//4098 4099//4099 
f 4098//4098 4099//4099 4099//4099 
f 4099//4099 4099//4099 4097//4097 
f 4099//4099 4097//4097 4097//4097 
f 4097//4097 4097//4097 4097//4097 
f 4097//4097 4100//4100 4097//4097 
f 4097//4097 4100//4100 3382//3382 
f 4100//4100 4101//4101 3382//3382 
f 3382//3382 4101//4101 4102//4102 
f 4101//4101 4103//4103 4102//4102 
f 4102//4102 4103//4103 4103//4103 
f 4103//4103 4102//4102 4103//4103 
f 4103//4103 4102//4102 4102//4102 
f 4102//4102 4104//4104 4102//4102 
f 4102//4102 4104//4104 3382//3382 
f 4104//4104 4105//4105 3382//3382 
f 3382//3382 4105//4105 4106//4106 
f 4105//4105 4106//4106 4106//4106 
f 4106//4106 4106//4106 4106//4106 
f 4106//4106 4107//4107 4106//4106 
f 4106//4106 4107//4107 3382//3382 
f 4107//4107 4108//4108 3382//3382 
f 3382//3382 4108//4108 4109//4109 
f 4108//4108 4109//4109 4109//4109 
f 4109//4109 4109//4109 4109//4109 
f 4109//4109 4110//4110 4109//4109 
f 4109//4109 4110//4110 3382//3382 
f 4110//4110 4111//4111 3382//3382 
f 3382//3382 4111//4111 4112//4112 
f 4111//4111 4112//4112 4112//4112 
f 4112//4112 4112//4112 4112//4112 
f 4112//4112 4113//4113 4112//4112 
f 4112//4112 4113//4113 3382//3382 
f 4113//4113 4114//4114 3382//3382 
f 3382//3382 4114//4114 4115//4115 
f 4114//4114 4115//4115 4115//4115 
f 4115//4115 4115//4115 4115//4115 
f 4115//4115 4116//4116 4115//4115 
f 4115//4115 4116//4116 3382//3382 
f 4116//4116 4117//4117 3382//3382 
f 3382//3382 4117//4117 4118//4118 
f 4117//4117 4118//4118 4118//4118 
f 4118//4118 4118//4118 4118//4118 
f 4118//4118 4119//4119 4118//4118 
f 4118//4118 4119//4119 3382//3382 
f 4119//4119 4120//4120 3382//3382 
f 3382//3382 4120//4120 4121//4121 
f 4120//4120 4121//4121 4121//4121 
f 4121//4121 4121//4121 4100//4100 
f 4121//4121 4100//4100 4100//4100 
f 4100//4100 4100//4100 4100//4100 
f 4100//4100 4097//4097 4100//4100 
f 4100//4100 4097//4097 4122//4122 
f 4097//4097 4123//4123 4122//4122 
f 4122//4122 4123//4123 4123//4123 
f 4123//4123 4103//4103 4123//4123 
f 4123//4123 4103//4103 4103//4103 
f 4103//4103 4101//4101 4103//4103 
f 4103//4103 4101//4101 4124//4124 
f 4101//4101 4125//4125 4124//4124 
f 4124//4124 4125//4125 4125//4125 
f 4125//4125 4126//4126 4125//4125 
f 4125//4125 4126//4126 4126//4126 
f 4126//4126 4127//4127 4126//4126 
f 4126//4126 4127//4127 3271//3271 
f 4127//4127 4128//4128 3271//3271 
f 3271//3271 4128//4128 2548//2548 
f 4128//4128 4129//4129 2548//2548 
f 2548//2548 4129//4129 4130//4130 
f 4129//4129 4130//4130 4130//4130 
f 4130//4130 4130//4130 4131//4131 
f 4130//4130 4131//4131 4131//4131 
f 4131//4131 4131//4131 4131//4131 
f 4131//4131 2978//2978 4131//4131 
f 4131//4131 2978//2978 4132//4132 
f 2978//2978 2974//2974 4132//4132 
f 4132//4132 2974//2974 4133//4133 
f 2974//2974 4133//4133 4133//4133 
f 4133//4133 4133//4133 4134//4134 
f 4133//4133 4134//4134 4134//4134 
f 4134//4134 4134//4134 4134//4134 
f 4134//4134 4135//4135 4134//4134 
f 4134//4134 4135//4135 4136//4136 
f 4135//4135 4137//4137 4136//4136 
f 4136//4136 4137//4137 4137//4137 
f 4137//4137 4138//4138 4137//4137 
f 4137//4137 4138//4138 4138//4138 
f 4138//4138 4139//4139 4138//4138 
f 4138//4138 4139//4139 4140//4140 
f 4139//4139 4141//4141 4140//4140 
f 4140//4140 4141//4141 4142//4142 
f 4141//4141 4143//4143 4142//4142 
f 4142//4142 4143//4143 4144//4144 
f 4143//4143 4145//4145 4144//4144 
f 4144//4144 4145//4145 4146//4146 
f 4145//4145 4146//4146 4146//4146 
f 4146//4146 4146//4146 4141//4141 
f 4146//4146 4141//4141 4141//4141 
f 4141//4141 4141//4141 4141//4141 
f 4141//4141 4147//4147 4141//4141 
f 4141//4141 4147//4147 4143//4143 
f 4147//4147 4148//4148 4143//4143 
f 4143//4143 4148//4148 4149//4149 
f 4148//4148 4149//4149 4149//4149 
f 4149//4149 4149//4149 4149//4149 
f 4149//4149 4150//4150 4149//4149 
f 4149//4149 4150//4150 4143//4143 
f 4150//4150 4151//4151 4143//4143 
f 4143//4143 4151//4151 4151//4151 
f 4151//4151 4147//4147 4151//4151 
f 4151//4151 4147//4147 4147//4147 
f 4147//4147 4141//4141 4147//4147 
f 4147//4147 4141//4141 4152//4152 
f 4141//4141 4153//4153 4152//4152 
f 4152//4152 4153//4153 4153//4153 
f 4153//4153 4141//4141 4153//4153 
f 4153//4153 4141//4141 4154//4154 
f 4141//4141 4155//4155 4154//4154 
f 4154//4154 4155//4155 4155//4155 
f 4155//4155 4141//4141 4155//4155 
f 4155//4155 4141//4141 4156//4156 
f 4141//4141 4157//4157 4156//4156 
f 4156//4156 4157//4157 4157//4157 
f 4157//4157 4141//4141 4157//4157 
f 4157//4157 4141//4141 4158//4158 
f 4141//4141 4159//4159 4158//4158 
f 4158//4158 4159//4159 4159//4159 
f 4159//4159 4141//4141 4159//4159 
f 4159//4159 4141//4141 4160//4160 
f 4141//4141 4161//4161 4160//4160 
f 4160//4160 4161//4161 4161//4161 
f 4161//4161 4141//4141 4161//4161 
f 4161//4161 4141//4141 4162//4162 
f 4141//4141 4163//4163 4162//4162 
f 4162//4162 4163//4163 4163//4163 
f 4163//4163 4141//4141 4163//4163 
f 4163//4163 4141//4141 4164//4164 
f 4141//4141 4165//4165 4164//4164 
f 4164//4164 4165//4165 4166//4166 
f 4165//4165 4166//4166 4166//4166 
f 4166//4166 4166//4166 4163//4163 
f 4166//4166 4163//4163 4163//4163 
f 4163//4163 4163//4163 4163//4163 
f 4163//4163 4164//4164 4163//4163 
f 4163//4163 4164//4164 4167//4167 
f 4164//4164 4168//4168 4167//4167 
f 4167//4167 4168//4168 4169//4169 
f 4168//4168 4170//4170 4169//4169 
f 4169//4169 4170//4170 4171//4171 
f 4170//4170 4172//4172 4171//4171 
f 4171//4171 4172//4172 4173//4173 
f 4172//4172 4173//4173 4173//4173 
f 4173//4173 4173//4173 4169//4169 
f 4173//4173 4169//4169 4169//4169 
f 4169//4169 4169//4169 4169//4169 
f 4169//4169 4171//4171 4169//4169 
f 4169//4169 4171//4171 4174//4174 
f 4171//4171 4175//4175 4174//4174 
f 4174//4174 4175//4175 4176//4176 
f 4175//4175 4176//4176 4176//4176 
f 4176//4176 4176//4176 4177//4177 
f 4176//4176 4177//4177 4177//4177 
f 4177//4177 4177//4177 4177//4177 
f 4177//4177 3272//3272 4177//4177 
f 4177//4177 3272//3272 4178//4178 
f 3272//3272 3270//3270 4178//4178 
f 4178//4178 3270//3270 4179//4179 
f 3270//3270 4179//4179 4179//4179 
f 4179//4179 4179//4179 4180//4180 
f 4179//4179 4180//4180 4180//4180 
f 4180//4180 4180//4180 4180//4180 
f 4180//4180 4181//4181 4180//4180 
f 4180//4180 4181//4181 3296//3296 
f 4181//4181 4182//4182 3296//3296 
f 3296//3296 4182//4182 3297//3297 
f 4182//4182 4183//4183 3297//3297 
f 3297//3297 4183//4183 4184//4184 
f 4183//4183 4184//4184 4184//4184 
f 4184//4184 4184//4184 4185//4185 
f 4184//4184 4185//4185 4185//4185 
f 4185//4185 4185//4185 4185//4185 
f 4185//4185 3193//3193 4185//4185 
f 4185//4185 3193//3193 4186//4186 
f 3193//3193 3192//3192 4186//4186 
f 4186//4186 3192//3192 4187//4187 
f 3192//3192 4187//4187 4187//4187 
f 4187//4187 4187//4187 4188//4188 
f 4187//4187 4188//4188 4188//4188 
f 4188//4188 4188//4188 4188//4188 
f 4188//4188 4189//4189 4188//4188 
f 4188//4188 4189//4189 4190//4190 
f 4189//4189 4191//4191 4190//4190 
f 4190//4190 4191//4191 4191//4191 
f 4191//4191 4192//4192 4191//4191 
f 4191//4191 4192//4192 4192//4192 
f 4192//4192 3961//3961 4192//4192 
f 4192//4192 3961//3961 4193//4193 
f 3961//3961 4194//4194 4193//4193 
f 4193//4193 4194//4194 4195//4195 
f 4194//4194 4195//4195 4195//4195 
f 4195//4195 4195//4195 3961//3961 
f 4195//4195 3961//3961 3961//3961 
f 3961//3961 3961//3961 3961//3961 
f 3961//3961 3966//3966 3961//3961 
f 3961//3961 3966//3966 4194//4194 
f 3966//3966 4196//4196 4194//4194 
f 4194//4194 4196//4196 4197//4197 
f 4196//4196 4197//4197 4197//4197 
f 4197//4197 4197//4197 4198//4198 
f 4197//4197 4198//4198 4198//4198 
f 4198//4198 4198//4198 4198//4198 
f 4198//4198 4140//4140 4198//4198 
f 4198//4198 4140//4140 4199//4199 
f 4140//4140 4142//4142 4199//4199 
f 4199//4199 4142//4142 4200//4200 
f 4142//4142 4200//4200 4200//4200 
f 4200//4200 4200//4200 4201//4201 
f 4200//4200 4201//4201 4201//4201 
f 4201//4201 4201//4201 4201//4201 
f 4201//4201 4202//4202 4201//4201 
f 4201//4201 4202//4202 4203//4203 
f 4202//4202 4204//4204 4203//4203 
f 4203//4203 4204//4204 3965//3965 
f 4204//4204 4205//4205 3965//3965 
f 3965//3965 4205//4205 4206//4206 
f 4205//4205 4206//4206 4206//4206 
f 4206//4206 4206//4206 3965//3965 
f 4206//4206 3965//3965 3965//3965 
f 3965//3965 3965//3965 3965//3965 
f 3965//3965 4207//4207 3965//3965 
f 3965//3965 4207//4207 4203//4203 
f 4207//4207 4208//4208 4203//4203 
f 4203//4203 4208//4208 4209//4209 
f 4208//4208 4209//4209 4209//4209 
f 4209//4209 4209//4209 4209//4209 
f 4209//4209 4210//4210 4209//4209 
f 4209//4209 4210//4210 4203//4203 
f 4210//4210 4211//4211 4203//4203 
f 4203//4203 4211//4211 4212//4212 
f 4211//4211 4212//4212 4212//4212 
f 4212//4212 4212//4212 4213//4213 
f 4212//4212 4213//4213 4213//4213 
f 4213//4213 4213//4213 4213//4213 
f 4213//4213 4214//4214 4213//4213 
f 4213//4213 4214//4214 4215//4215 
f 4214//4214 4216//4216 4215//4215 
f 4215//4215 4216//4216 4216//4216 
f 4216//4216 4217//4217 4216//4216 
f 4216//4216 4217//4217 4217//4217 
f 4217//4217 3309//3309 4217//4217 
f 4217//4217 3309//3309 4218//4218 
f 3309//3309 3311//3311 4218//4218 
f 4218//4218 3311//3311 4219//4219 
f 3311//3311 4219//4219 4219//4219 
f 4219//4219 4219//4219 4207//4207 
f 4219//4219 4207//4207 4207//4207 
f 4207//4207 4207//4207 4207//4207 
f 4207//4207 3965//3965 4207//4207 
f 4207//4207 3965//3965 4220//4220 
f 3965//3965 4221//4221 4220//4220 
f 4220//4220 4221//4221 4221//4221 
f 4221//4221 3965//3965 4221//4221 
f 4221//4221 3965//3965 4222//4222 
f 3965//3965 4223//4223 4222//4222 
f 4222//4222 4223//4223 4223//4223 
f 4223//4223 3965//3965 4223//4223 
f 4223//4223 3965//3965 4224//4224 
f 3965//3965 4225//4225 4224//4224 
f 4224//4224 4225//4225 4225//4225 
f 4225//4225 3965//3965 4225//4225 
f 4225//4225 3965//3965 4226//4226 
f 3965//3965 4227//4227 4226//4226 
f 4226//4226 4227//4227 4227//4227 
f 4227//4227 3965//3965 4227//4227 
f 4227//4227 3965//3965 4228//4228 
f 3965//3965 4229//4229 4228//4228 
f 4228//4228 4229//4229 4229//4229 
f 4229//4229 3965//3965 4229//4229 
f 4229//4229 3965//3965 4230//4230 
f 3965//3965 4231//4231 4230//4230 
f 4230//4230 4231//4231 4231//4231 
f 4231//4231 3965//3965 4231//4231 
f 4231//4231 3965//3965 4232//4232 
f 3965//3965 4233//4233 4232//4232 
f 4232//4232 4233//4233 4233//4233 
f 4233//4233 3965//3965 4233//4233 
f 4233//4233 3965//3965 4234//4234 
f 3965//3965 4235//4235 4234//4234 
f 4234//4234 4235//4235 4235//4235 
f 4235//4235 3965//3965 4235//4235 
f 4235//4235 3965//3965 4236//4236 
f 3965//3965 4237//4237 4236//4236 
f 4236//4236 4237//4237 4237//4237 
f 4237//4237 3965//3965 4237//4237 
f 4237//4237 3965//3965 4238//4238 
f 3965//3965 4239//4239 4238//4238 
f 4238//4238 4239//4239 4239//4239 
f 4239//4239 3965//3965 4239//4239 
f 4239//4239 3965//3965 4240//4240 
f 3965//3965 3972//3972 4240//4240 
f 4240//4240 3972//3972 3972//3972 
f 3972//3972 3312//3312 3972//3972 
f 3972//3972 3312//3312 3312//3312 
f 3312//3312 3327//3327 3312//3312 
f 3312//3312 3327//3327 4241//4241 
f 3327//3327 4242//4242 4241//4241 
f 4241//4241 4242//4242 4242//4242 
f 4242//4242 2535//2535 4242//4242 
f 4242//4242 2535//2535 2535//2535 
f 2535//2535 2211//2211 2535//2535 
f 2535//2535 2211//2211 4243//4243 
f 2211//2211 4244//4244 4243//4243 
f 4243//4243 4244//4244 4244//4244 
f 4244//4244 2211//2211 4244//4244 
f 4244//4244 2211//2211 4245//4245 
f 2211//2211 4246//4246 4245//4245 
f 4245//4245 4246//4246 4246//4246 
f 4246//4246 2211//2211 4246//4246 
f 4246//4246 2211//2211 4247//4247 
f 2211//2211 4248//4248 4247//4247 
f 4247//4247 4248//4248 4248//4248 
f 4248//4248 2211//2211 4248//4248 
f 4248//4248 2211//2211 4249//4249 
f 2211//2211 4250//4250 4249//4249 
f 4249//4249 4250//4250 4250//4250 
f 4250//4250 2211//2211 4250//4250 
f 4250//4250 2211//2211 4251//4251 
f 2211//2211 4252//4252 4251//4251 
f 4251//4251 4252//4252 4252//4252 
f 4252//4252 2211//2211 4252//4252 
f 4252//4252 2211//2211 4253//4253 
f 2211//2211 4254//4254 4253//4253 
f 4253//4253 4254//4254 4254//4254 
f 4254//4254 2211//2211 4254//4254 
f 4254//4254 2211//2211 4255//4255 
f 2211//2211 4256//4256 4255//4255 
f 4255//4255 4256//4256 4256//4256 
f 4256//4256 2211//2211 4256//4256 
f 4256//4256 2211//2211 4257//4257 
f 2211//2211 4258//4258 4257//4257 
f 4257//4257 4258//4258 4258//4258 
f 4258//4258 2211//2211 4258//4258 
f 4258//4258 2211//2211 4259//4259 
f 2211//2211 4260//4260 4259//4259 
f 4259//4259 4260//4260 4260//4260 
f 4260//4260 4261//4261 4260//4260 
f 4260//4260 4261//4261 4261//4261 
f 4261//4261 4262//4262 4261//4261 
f 4261//4261 4262//4262 264//264 
f 4262//4262 266//266 264//264 
f 264//264 266//266 266//266 
f 266//266 4263//4263 266//266 
f 266//266 4263//4263 4263//4263 
f 4263//4263 4264//4264 4263//4263 
f 4263//4263 4264//4264 3364//3364 
f 4264//4264 4265//4265 3364//3364 
f 3364//3364 4265//4265 3370//3370 
f 4265//4265 4266//4266 3370//3370 
f 3370//3370 4266//4266 4266//4266 
f 4266//4266 4267//4267 4266//4266 
f 4266//4266 4267//4267 4267//4267 
f 4267//4267 4268//4268 4267//4267 
f 4267//4267 4268//4268 3781//3781 
f 4268//4268 3778//3778 3781//3781 
f 3781//3781 3778//3778 3778//3778 
f 3778//3778 4268//4268 3778//3778 
f 3778//3778 4268//4268 4268//4268 
f 4268//4268 4269//4269 4268//4268 
f 4268//4268 4269//4269 3778//3778 
f 4269//4269 4270//4270 3778//3778 
f 3778//3778 4270//4270 4270//4270 
f 4270//4270 832//832 4270//4270 
f 4270//4270 832//832 832//832 
f 832//832 829//829 832//832 
f 832//832 829//829 4271//4271 
f 829//829 4272//4272 4271//4271 
f 4271//4271 4272//4272 4272//4272 
f 4272//4272 4273//4273 4272//4272 
f 4272//4272 4273//4273 4273//4273 
f 4273//4273 4274//4274 4273//4273 
f 4273//4273 4274//4274 3785//3785 
f 4274//4274 3783//3783 3785//3785 
f 3785//3785 3783//3783 3783//3783 
f 3783//3783 12//12 3783//3783 
f 3783//3783 12//12 12//12 
f 12//12 11//11 12//12 
f 12//12 11//11 4275//4275 
f 11//11 4276//4276 4275//4275 
f 4275//4275 4276//4276 4276//4276 
f 4276//4276 4277//4277 4276//4276 
f 4276//4276 4277//4277 4277//4277 
f 4277//4277 2826//2826 4277//4277 
f 4277//4277 2826//2826 4278//4278 
f 2826//2826 2825//2825 4278//4278 
f 4278//4278 2825//2825 4279//4279 
f 2825//2825 4279//4279 4279//4279 
f 4279//4279 4279//4279 4280//4280 
f 4279//4279 4280//4280 4280//4280 
f 4280//4280 4280//4280 4280//4280 
f 4280//4280 4281//4281 4280//4280 
f 4280//4280 4281//4281 3782//3782 
f 4281//4281 4282//4282 3782//3782 
f 3782//3782 4282//4282 4283//4283 
f 4282//4282 4283//4283 4283//4283 
f 4283//4283 4283//4283 3782//3782 
f 4283//4283 3782//3782 3782//3782 
f 3782//3782 3782//3782 3782//3782 
f 3782//3782 4283//4283 3782//3782 
f 3782//3782 4283//4283 3784//3784 
f 4283//4283 4284//4284 3784//3784 
f 3784//3784 4284//4284 4285//4285 
f 4284//4284 4285//4285 4285//4285 
f 4285//4285 4285//4285 4284//4284 
f 4285//4285 4284//4284 4284//4284 
f 4284//4284 4284//4284 4284//4284 
f 4284//4284 4283//4283 4284//4284 
f 4284//4284 4283//4283 4286//4286 
f 4283//4283 4287//4287 4286//4286 
f 4286//4286 4287//4287 4287//4287 
f 4287//4287 4288//4288 4287//4287 
f 4287//4287 4288//4288 4288//4288 
f 4288//4288 4289//4289 4288//4288 
f 4288//4288 4289//4289 4290//4290 
f 4289//4289 4291//4291 4290//4290 
f 4290//4290 4291//4291 4291//4291 
f 4291//4291 4292//4292 4291//4291 
f 4291//4291 4292//4292 4292//4292 
f 4292//4292 4293//4293 4292//4292 
f 4292//4292 4293//4293 3219//3219 
f 4293//4293 3217//3217 3219//3219 
f 3219//3219 3217//3217 3217//3217 
f 3217//3217 4294//4294 3217//3217 
f 3217//3217 4294//4294 4294//4294 
f 4294//4294 3009//3009 4294//4294 
f 4294//4294 3009//3009 4295//4295 
f 3009//3009 4296//4296 4295//4295 
f 4295//4295 4296//4296 4297//4297 
f 4296//4296 4297//4297 4297//4297 
f 4297//4297 4297//4297 3009//3009 
f 4297//4297 3009//3009 3009//3009 
f 3009//3009 3009//3009 3009//3009 
f 3009//3009 3007//3007 3009//3009 
f 3009//3009 3007//3007 4296//4296 
f 3007//3007 4298//4298 4296//4296 
f 4296//4296 4298//4298 4299//4299 
f 4298//4298 4299//4299 4299//4299 
f 4299//4299 4299//4299 4300//4300 
f 4299//4299 4300//4300 4300//4300 
f 4300//4300 4300//4300 4300//4300 
f 4300//4300 4142//4142 4300//4300 
f 4300//4300 4142//4142 4301//4301 
f 4142//4142 4144//4144 4301//4301 
f 4301//4301 4144//4144 4302//4302 
f 4144//4144 4302//4302 4302//4302 
f 4302//4302 4302//4302 4303//4303 
f 4302//4302 4303//4303 4303//4303 
f 4303//4303 4303//4303 4303//4303 
f 4303//4303 4304//4304 4303//4303 
f 4303//4303 4304//4304 2755//2755 
f 4304//4304 2754//2754 2755//2755 
f 2755//2755 2754//2754 2754//2754 
f 2754//2754 3552//3552 2754//2754 
f 2754//2754 3552//3552 3552//3552 
f 3552//3552 3189//3189 3552//3552 
f 3552//3552 3189//3189 4305//4305 
f 3189//3189 4306//4306 4305//4305 
f 4305//4305 4306//4306 4306//4306 
f 4306//4306 3189//3189 4306//4306 
f 4306//4306 3189//3189 4307//4307 
f 3189//3189 4308//4308 4307//4307 
f 4307//4307 4308//4308 4308//4308 
f 4308//4308 3189//3189 4308//4308 
f 4308//4308 3189//3189 4309//4309 
f 3189//3189 4310//4310 4309//4309 
f 4309//4309 4310//4310 4310//4310 
f 4310//4310 3189//3189 4310//4310 
f 4310//4310 3189//3189 4311//4311 
f 3189//3189 4312//4312 4311//4311 
f 4311//4311 4312//4312 4312//4312 
f 4312//4312 4313//4313 4312//4312 
f 4312//4312 4313//4313 4313//4313 
f 4313//4313 4314//4314 4313//4313 
f 4313//4313 4314//4314 4315//4315 
f 4314//4314 2979//2979 4315//4315 
f 4315//4315 2979//2979 2978//2978 
f 2979//2979 2978//2978 2978//2978 
f 2978//2978 2978//2978 2978//2978 
f 2978//2978 4316//4316 2978//2978 
f 2978//2978 4316//4316 4315//4315 
f 4316//4316 4317//4317 4315//4315 
f 4315//4315 4317//4317 4317//4317 
f 4317//4317 4318//4318 4317//4317 
f 4317//4317 4318//4318 4318//4318 
f 4318//4318 4319//4319 4318//4318 
f 4318//4318 4319//4319 2993//2993 
f 4319//4319 2994//2994 2993//2993 
f 2993//2993 2994//2994 2994//2994 
f 2994//2994 4174//4174 2994//2994 
f 2994//2994 4174//4174 4174//4174 
f 4174//4174 4320//4320 4174//4174 
f 4174//4174 4320//4320 4321//4321 
f 4320//4320 4322//4322 4321//4321 
f 4321//4321 4322//4322 4322//4322 
f 4322//4322 4323//4323 4322//4322 
f 4322//4322 4323//4323 4323//4323 
f 4323//4323 1099//1099 4323//4323 
f 4323//4323 1099//1099 4324//4324 
f 1099//1099 1101//1101 4324//4324 
f 4324//4324 1101//1101 4325//4325 
f 1101//1101 4326//4326 4325//4325 
f 4325//4325 4326//4326 4326//4326 
f 4326//4326 4327//4327 4326//4326 
f 4326//4326 4327//4327 4327//4327 
f 4327//4327 4328//4328 4327//4327 
f 4327//4327 4328//4328 4329//4329 
f 4328//4328 4330//4330 4329//4329 
f 4329//4329 4330//4330 4330//4330 
f 4330//4330 4331//4331 4330//4330 
f 4330//4330 4331//4331 4331//4331 
f 4331//4331 4332//4332 4331//4331 
f 4331//4331 4332//4332 4333//4333 
f 4332//4332 4334//4334 4333//4333 
f 4333//4333 4334//4334 4334//4334 
f 4334//4334 4335//4335 4334//4334 
f 4334//4334 4335//4335 4335//4335 
f 4335//4335 4336//4336 4335//4335 
f 4335//4335 4336//4336 4337//4337 
f 4336//4336 4338//4338 4337//4337 
f 4337//4337 4338//4338 3911//3911 
f 4338//4338 4339//4339 3911//3911 
f 3911//3911 4339//4339 3981//3981 
f 4339//4339 3981//3981 3981//3981 
f 3981//3981 3981//3981 3911//3911 
f 3981//3981 3911//3911 3911//3911 
f 3911//3911 3911//3911 3911//3911 
f 3911//3911 4340//4340 3911//3911 
f 3911//3911 4340//4340 4337//4337 
f 4340//4340 4341//4341 4337//4337 
f 4337//4337 4341//4341 4341//4341 
f 4341//4341 4342//4342 4341//4341 
f 4341//4341 4342//4342 4342//4342 
f 4342//4342 3485//3485 4342//4342 
f 4342//4342 3485//3485 4343//4343 
f 3485//3485 3488//3488 4343//4343 
f 4343//4343 3488//3488 4344//4344 
f 3488//3488 4344//4344 4344//4344 
f 4344//4344 4344//4344 4345//4345 
f 4344//4344 4345//4345 4345//4345 
f 4345//4345 4345//4345 4345//4345 
f 4345//4345 4346//4346 4345//4345 
f 4345//4345 4346//4346 4347//4347 
f 4346//4346 4348//4348 4347//4347 
f 4347//4347 4348//4348 4349//4349 
f 4348//4348 4350//4350 4349//4349 
f 4349//4349 4350//4350 4351//4351 
f 4350//4350 4352//4352 4351//4351 
f 4351//4351 4352//4352 4353//4353 
f 4352//4352 4354//4354 4353//4353 
f 4353//4353 4354//4354 4355//4355 
f 4354//4354 4356//4356 4355//4355 
f 4355//4355 4356//4356 4357//4357 
f 4356//4356 4358//4358 4357//4357 
f 4357//4357 4358//4358 4359//4359 
f 4358//4358 4360//4360 4359//4359 
f 4359//4359 4360//4360 4361//4361 
f 4360//4360 4362//4362 4361//4361 
f 4361//4361 4362//4362 4363//4363 
f 4362//4362 4364//4364 4363//4363 
f 4363//4363 4364//4364 4365//4365 
f 4364//4364 4366//4366 4365//4365 
f 4365//4365 4366//4366 4367//4367 
f 4366//4366 4368//4368 4367//4367 
f 4367//4367 4368//4368 4369//4369 
f 4368//4368 4370//4370 4369//4369 
f 4369//4369 4370//4370 4371//4371 
f 4370//4370 4372//4372 4371//4371 
f 4371//4371 4372//4372 4373//4373 
f 4372//4372 4374//4374 4373//4373 
f 4373//4373 4374//4374 4375//4375 
f 4374//4374 4376//4376 4375//4375 
f 4375//4375 4376//4376 4377//4377 
f 4376//4376 4378//4378 4377//4377 
f 4377//4377 4378//4378 4379//4379 
f 4378//4378 4380//4380 4379//4379 
f 4379//4379 4380//4380 4381//4381 
f 4380//4380 4382//4382 4381//4381 
f 4381//4381 4382//4382 4383//4383 
f 4382//4382 4384//4384 4383//4383 
f 4383//4383 4384//4384 4384//4384 
f 4384//4384 4385//4385 4384//4384 
f 4384//4384 4385//4385 4385//4385 
f 4385//4385 3386//3386 4385//4385 
f 4385//4385 3386//3386 4386//4386 
f 3386//3386 3385//3385 4386//4386 
f 4386//4386 3385//3385 4387//4387 
f 3385//3385 4387//4387 4387//4387 
f 4387//4387 4387//4387 4388//4388 
f 4387//4387 4388//4388 4388//4388 
f 4388//4388 4388//4388 4388//4388 
f 4388//4388 3912//3912 4388//4388 
f 4388//4388 3912//3912 4389//4389 
f 3912//3912 3908//3908 4389//4389 
f 4389//4389 3908//3908 4390//4390 
f 3908//3908 4390//4390 4390//4390 
f 4390//4390 4390//4390 4391//4391 
f 4390//4390 4391//4391 4391//4391 
f 4391//4391 4391//4391 4391//4391 
f 4391//4391 4392//4392 4391//4391 
f 4391//4391 4392//4392 4393//4393 
f 4392//4392 4394//4394 4393//4393 
f 4393//4393 4394//4394 4394//4394 
f 4394//4394 4395//4395 4394//4394 
f 4394//4394 4395//4395 4395//4395 
f 4395//4395 4396//4396 4395//4395 
f 4395//4395 4396//4396 4397//4397 
f 4396//4396 3493//3493 4397//4397 
f 4397//4397 3493//3493 4398//4398 
f 3493//3493 4398//4398 4398//4398 
f 4398//4398 4398//4398 3493//3493 
f 4398//4398 3493//3493 3493//3493 
f 3493//3493 3493//3493 3493//3493 
f 3493//3493 4396//4396 3493//3493 
f 3493//3493 4396//4396 3488//3488 
f 4396//4396 4399//4399 3488//3488 
f 3488//3488 4399//4399 4400//4400 
f 4399//4399 4400//4400 4400//4400 
f 4400//4400 4400//4400 4401//4401 
f 4400//4400 4401//4401 4401//4401 
f 4401//4401 4401//4401 4401//4401 
f 4401//4401 4402//4402 4401//4401 
f 4401//4401 4402//4402 4403//4403 
f 4402//4402 4404//4404 4403//4403 
f 4403//4403 4404//4404 4404//4404 
f 4404//4404 4405//4405 4404//4404 
f 4404//4404 4405//4405 4405//4405 
f 4405//4405 4406//4406 4405//4405 
f 4405//4405 4406//4406 3492//3492 
f 4406//4406 3494//3494 3492//3492 
f 3492//3492 3494//3494 3494//3494 
f 3494//3494 4407//4407 3494//3494 
f 3494//3494 4407//4407 4407//4407 
f 4407//4407 4408//4408 4407//4407 
f 4407//4407 4408//4408 4409//4409 
f 4408//4408 4410//4410 4409//4409 
f 4409//4409 4410//4410 4411//4411 
f 4410//4410 4412//4412 4411//4411 
f 4411//4411 4412//4412 4413//4413 
f 4412//4412 4414//4414 4413//4413 
f 4413//4413 4414//4414 4415//4415 
f 4414//4414 4416//4416 4415//4415 
f 4415//4415 4416//4416 4417//4417 
f 4416//4416 4418//4418 4417//4417 
f 4417//4417 4418//4418 4419//4419 
f 4418//4418 4420//4420 4419//4419 
f 4419//4419 4420//4420 4421//4421 
f 4420//4420 4422//4422 4421//4421 
f 4421//4421 4422//4422 4423//4423 
f 4422//4422 4424//4424 4423//4423 
f 4423//4423 4424//4424 4425//4425 
f 4424//4424 4426//4426 4425//4425 
f 4425//4425 4426//4426 4427//4427 
f 4426//4426 4428//4428 4427//4427 
f 4427//4427 4428//4428 4429//4429 
f 4428//4428 4430//4430 4429//4429 
f 4429//4429 4430//4430 4431//4431 
f 4430//4430 4432//4432 4431//4431 
f 4431//4431 4432//4432 4433//4433 
f 4432//4432 4434//4434 4433//4433 
f 4433//4433 4434//4434 4435//4435 
f 4434//4434 4436//4436 4435//4435 
f 4435//4435 4436//4436 4437//4437 
f 4436//4436 4438//4438 4437//4437 
f 4437//4437 4438//4438 4439//4439 
f 4438//4438 4440//4440 4439//4439 
f 4439//4439 4440//4440 4441//4441 
f 4440//4440 4442//4442 4441//4441 
f 4441//4441 4442//4442 4443//4443 
f 4442//4442 4444//4444 4443//4443 
f 4443//4443 4444//4444 4445//4445 
f 4444//4444 4446//4446 4445//4445 
f 4445//4445 4446//4446 4447//4447 
f 4446//4446 4448//4448 4447//4447 
f 4447//4447 4448//4448 4449//4449 
f 4448//4448 4450//4450 4449//4449 
f 4449//4449 4450//4450 4451//4451 
f 4450//4450 4452//4452 4451//4451 
f 4451//4451 4452//4452 4453//4453 
f 4452//4452 4454//4454 4453//4453 
f 4453//4453 4454//4454 4455//4455 
f 4454//4454 4456//4456 4455//4455 
f 4455//4455 4456//4456 4457//4457 
f 4456//4456 4458//4458 4457//4457 
f 4457//4457 4458//4458 4459//4459 
f 4458//4458 4460//4460 4459//4459 
f 4459//4459 4460//4460 4461//4461 
f 4460//4460 4462//4462 4461//4461 
f 4461//4461 4462//4462 4463//4463 
f 4462//4462 4464//4464 4463//4463 
f 4463//4463 4464//4464 4465//4465 
f 4464//4464 4466//4466 4465//4465 
f 4465//4465 4466//4466 4467//4467 
f 4466//4466 4468//4468 4467//4467 
f 4467//4467 4468//4468 4468//4468 
f 4468//4468 4469//4469 4468//4468 
f 4468//4468 4469//4469 4469//4469 
f 4469//4469 4470//4470 4469//4469 
f 4469//4469 4470//4470 4471//4471 
f 4470//4470 4472//4472 4471//4471 
f 4471//4471 4472//4472 4473//4473 
f 4472//4472 4474//4474 4473//4473 
f 4473//4473 4474//4474 4475//4475 
f 4474//4474 4476//4476 4475//4475 
f 4475//4475 4476//4476 4477//4477 
f 4476//4476 4478//4478 4477//4477 
f 4477//4477 4478//4478 4479//4479 
f 4478//4478 4480//4480 4479//4479 
f 4479//4479 4480//4480 4481//4481 
f 4480//4480 4482//4482 4481//4481 
f 4481//4481 4482//4482 4483//4483 
f 4482//4482 4484//4484 4483//4483 
f 4483//4483 4484//4484 4485//4485 
f 4484//4484 4486//4486 4485//4485 
f 4485//4485 4486//4486 4487//4487 
f 4486//4486 4488//4488 4487//4487 
f 4487//4487 4488//4488 4489//4489 
f 4488//4488 4490//4490 4489//4489 
f 4489//4489 4490//4490 4491//4491 
f 4490//4490 4492//4492 4491//4491 
f 4491//4491 4492//4492 4493//4493 
f 4492//4492 4494//4494 4493//4493 
f 4493//4493 4494//4494 4494//4494 
f 4494//4494 4495//4495 4494//4494 
f 4494//4494 4495//4495 4495//4495 
f 4495//4495 4496//4496 4495//4495 
f 4495//4495 4496//4496 4497//4497 
f 4496//4496 4498//4498 4497//4497 
f 4497//4497 4498//4498 4499//4499 
f 4498//4498 4500//4500 4499//4499 
f 4499//4499 4500//4500 4501//4501 
f 4500//4500 4502//4502 4501//4501 
f 4501//4501 4502//4502 4503//4503 
f 4502//4502 4504//4504 4503//4503 
f 4503//4503 4504//4504 4505//4505 
f 4504//4504 4505//4505 4505//4505 
f 4505//4505 4505//4505 4503//4503 
f 4505//4505 4503//4503 4503//4503 
f 4503//4503 4503//4503 4503//4503 
f 4503//4503 4505//4505 4503//4503 
f 4503//4503 4505//4505 4506//4506 
f 4505//4505 4507//4507 4506//4506 
f 4506//4506 4507//4507 4507//4507 
f 4507//4507 4505//4505 4507//4507 
f 4507//4507 4505//4505 4505//4505 
f 4505//4505 4508//4508 4505//4505 
f 4505//4505 4508//4508 4507//4507 
f 4508//4508 4509//4509 4507//4507 
f 4507//4507 4509//4509 4509//4509 
f 4509//4509 4508//4508 4509//4509 
f 4509//4509 4508//4508 4508//4508 
f 4508//4508 4510//4510 4508//4508 
f 4508//4508 4510//4510 4509//4509 
f 4510//4510 4511//4511 4509//4509 
f 4509//4509 4511//4511 4511//4511 
f 4511//4511 4510//4510 4511//4511 
f 4511//4511 4510//4510 4510//4510 
f 4510//4510 4512//4512 4510//4510 
f 4510//4510 4512//4512 4511//4511 
f 4512//4512 4513//4513 4511//4511 
f 4511//4511 4513//4513 4513//4513 
f 4513//4513 4512//4512 4513//4513 
f 4513//4513 4512//4512 4512//4512 
f 4512//4512 4514//4514 4512//4512 
f 4512//4512 4514//4514 4513//4513 
f 4514//4514 4515//4515 4513//4513 
f 4513//4513 4515//4515 4515//4515 
f 4515//4515 4514//4514 4515//4515 
f 4515//4515 4514//4514 4514//4514 
f 4514//4514 4516//4516 4514//4514 
f 4514//4514 4516//4516 4515//4515 
f 4516//4516 4517//4517 4515//4515 
f 4515//4515 4517//4517 4517//4517 
f 4517//4517 4516//4516 4517//4517 
f 4517//4517 4516//4516 4516//4516 
f 4516//4516 4518//4518 4516//4516 
f 4516//4516 4518//4518 4517//4517 
f 4518//4518 4519//4519 4517//4517 
f 4517//4517 4519//4519 4519//4519 
f 4519//4519 4518//4518 4519//4519 
f 4519//4519 4518//4518 4518//4518 
f 4518//4518 4520//4520 4518//4518 
f 4518//4518 4520//4520 4519//4519 
f 4520//4520 4521//4521 4519//4519 
f 4519//4519 4521//4521 4521//4521 
f 4521//4521 4520//4520 4521//4521 
f 4521//4521 4520//4520 4520//4520 
f 4520//4520 4522//4522 4520//4520 
f 4520//4520 4522//4522 4521//4521 
f 4522//4522 4523//4523 4521//4521 
f 4521//4521 4523//4523 4523//4523 
f 4523//4523 4522//4522 4523//4523 
f 4523//4523 4522//4522 4522//4522 
f 4522//4522 4524//4524 4522//4522 
f 4522//4522 4524//4524 4523//4523 
f 4524//4524 4525//4525 4523//4523 
f 4523//4523 4525//4525 4525//4525 
f 4525//4525 4524//4524 4525//4525 
f 4525//4525 4524//4524 4524//4524 
f 4524//4524 4526//4526 4524//4524 
f 4524//4524 4526//4526 4525//4525 
f 4526//4526 4527//4527 4525//4525 
f 4525//4525 4527//4527 4527//4527 
f 4527//4527 4526//4526 4527//4527 
f 4527//4527 4526//4526 4526//4526 
f 4526//4526 4528//4528 4526//4526 
f 4526//4526 4528//4528 4527//4527 
f 4528//4528 4529//4529 4527//4527 
f 4527//4527 4529//4529 4529//4529 
f 4529//4529 4528//4528 4529//4529 
f 4529//4529 4528//4528 4528//4528 
f 4528//4528 4530//4530 4528//4528 
f 4528//4528 4530//4530 4529//4529 
f 4530//4530 4531//4531 4529//4529 
f 4529//4529 4531//4531 4531//4531 
f 4531//4531 4530//4530 4531//4531 
f 4531//4531 4530//4530 4530//4530 
f 4530//4530 4532//4532 4530//4530 
f 4530//4530 4532//4532 4531//4531 
f 4532//4532 4533//4533 4531//4531 
f 4531//4531 4533//4533 4533//4533 
f 4533//4533 4532//4532 4533//4533 
f 4533//4533 4532//4532 4532//4532 
f 4532//4532 4534//4534 4532//4532 
f 4532//4532 4534//4534 4533//4533 
f 4534//4534 4535//4535 4533//4533 
f 4533//4533 4535//4535 4535//4535 
f 4535//4535 4534//4534 4535//4535 
f 4535//4535 4534//4534 4534//4534 
f 4534//4534 4536//4536 4534//4534 
f 4534//4534 4536//4536 4535//4535 
f 4536//4536 4537//4537 4535//4535 
f 4535//4535 4537//4537 4537//4537 
f 4537//4537 4536//4536 4537//4537 
f 4537//4537 4536//4536 4536//4536 
f 4536//4536 4538//4538 4536//4536 
f 4536//4536 4538//4538 4537//4537 
f 4538//4538 4539//4539 4537//4537 
f 4537//4537 4539//4539 4539//4539 
f 4539//4539 4538//4538 4539//4539 
f 4539//4539 4538//4538 4538//4538 
f 4538//4538 4540//4540 4538//4538 
f 4538//4538 4540//4540 4539//4539 
f 4540//4540 4541//4541 4539//4539 
f 4539//4539 4541//4541 4541//4541 
f 4541//4541 4540//4540 4541//4541 
f 4541//4541 4540//4540 4540//4540 
f 4540//4540 4542//4542 4540//4540 
f 4540//4540 4542//4542 4541//4541 
f 4542//4542 4543//4543 4541//4541 
f 4541//4541 4543//4543 4543//4543 
f 4543//4543 4542//4542 4543//4543 
f 4543//4543 4542//4542 4542//4542 
f 4542//4542 4544//4544 4542//4542 
f 4542//4542 4544//4544 4543//4543 
f 4544//4544 4545//4545 4543//4543 
f 4543//4543 4545//4545 4545//4545 
f 4545//4545 4544//4544 4545//4545 
f 4545//4545 4544//4544 4544//4544 
f 4544//4544 4546//4546 4544//4544 
f 4544//4544 4546//4546 4545//4545 
f 4546//4546 4547//4547 4545//4545 
f 4545//4545 4547//4547 4547//4547 
f 4547//4547 4546//4546 4547//4547 
f 4547//4547 4546//4546 4546//4546 
f 4546//4546 4548//4548 4546//4546 
f 4546//4546 4548//4548 4547//4547 
f 4548//4548 4549//4549 4547//4547 
f 4547//4547 4549//4549 4549//4549 
f 4549//4549 4548//4548 4549//4549 
f 4549//4549 4548//4548 4548//4548 
f 4548//4548 4550//4550 4548//4548 
f 4548//4548 4550//4550 4549//4549 
f 4550//4550 4551//4551 4549//4549 
f 4549//4549 4551//4551 4551//4551 
f 4551//4551 4550//4550 4551//4551 
f 4551//4551 4550//4550 4550//4550 
f 4550//4550 4552//4552 4550//4550 
f 4550//4550 4552//4552 4551//4551 
f 4552//4552 4553//4553 4551//4551 
f 4551//4551 4553//4553 4553//4553 
f 4553//4553 4552//4552 4553//4553 
f 4553//4553 4552//4552 4552//4552 
f 4552//4552 4554//4554 4552//4552 
f 4552//4552 4554//4554 4553//4553 
f 4554//4554 4555//4555 4553//4553 
f 4553//4553 4555//4555 4555//4555 
f 4555//4555 4554//4554 4555//4555 
f 4555//4555 4554//4554 4554//4554 
f 4554//4554 4556//4556 4554//4554 
f 4554//4554 4556//4556 4555//4555 
f 4556//4556 4557//4557 4555//4555 
f 4555//4555 4557//4557 4557//4557 
f 4557//4557 4556//4556 4557//4557 
f 4557//4557 4556//4556 4556//4556 
f 4556//4556 4558//4558 4556//4556 
f 4556//4556 4558//4558 4557//4557 
f 4558//4558 4559//4559 4557//4557 
f 4557//4557 4559//4559 4559//4559 
f 4559//4559 4558//4558 4559//4559 
f 4559//4559 4558//4558 4558//4558 
f 4558//4558 4560//4560 4558//4558 
f 4558//4558 4560//4560 4559//4559 
f 4560//4560 4561//4561 4559//4559 
f 4559//4559 4561//4561 4562//4562 
f 4561//4561 4563//4563 4562//4562 
f 4562//4562 4563//4563 4563//4563 
f 4563//4563 4561//4561 4563//4563 
f 4563//4563 4561//4561 4561//4561 
f 4561//4561 4564//4564 4561//4561 
f 4561//4561 4564//4564 4563//4563 
f 4564//4564 4565//4565 4563//4563 
f 4563//4563 4565//4565 4565//4565 
f 4565//4565 4564//4564 4565//4565 
f 4565//4565 4564//4564 4564//4564 
f 4564//4564 4566//4566 4564//4564 
f 4564//4564 4566//4566 4565//4565 
f 4566//4566 4567//4567 4565//4565 
f 4565//4565 4567//4567 4567//4567 
f 4567//4567 4566//4566 4567//4567 
f 4567//4567 4566//4566 4566//4566 
f 4566//4566 4568//4568 4566//4566 
f 4566//4566 4568//4568 4567//4567 
f 4568//4568 4569//4569 4567//4567 
f 4567//4567 4569//4569 4569//4569 
f 4569//4569 4568//4568 4569//4569 
f 4569//4569 4568//4568 4568//4568 
f 4568//4568 4570//4570 4568//4568 
f 4568//4568 4570//4570 4569//4569 
f 4570//4570 4571//4571 4569//4569 
f 4569//4569 4571//4571 4571//4571 
f 4571//4571 4570//4570 4571//4571 
f 4571//4571 4570//4570 4570//4570 
f 4570//4570 4572//4572 4570//4570 
f 4570//4570 4572//4572 4571//4571 
f 4572//4572 4573//4573 4571//4571 
f 4571//4571 4573//4573 4573//4573 
f 4573//4573 4572//4572 4573//4573 
f 4573//4573 4572//4572 4572//4572 
f 4572//4572 4574//4574 4572//4572 
f 4572//4572 4574//4574 4573//4573 
f 4574//4574 4575//4575 4573//4573 
f 4573//4573 4575//4575 4575//4575 
f 4575//4575 4574//4574 4575//4575 
f 4575//4575 4574//4574 4574//4574 
f 4574//4574 4576//4576 4574//4574 
f 4574//4574 4576//4576 4575//4575 
f 4576//4576 4577//4577 4575//4575 
f 4575//4575 4577//4577 4577//4577 
f 4577//4577 4576//4576 4577//4577 
f 4577//4577 4576//4576 4576//4576 
f 4576//4576 4578//4578 4576//4576 
f 4576//4576 4578//4578 4577//4577 
f 4578//4578 4579//4579 4577//4577 
f 4577//4577 4579//4579 4579//4579 
f 4579//4579 4578//4578 4579//4579 
f 4579//4579 4578//4578 4578//4578 
f 4578//4578 4580//4580 4578//4578 
f 4578//4578 4580//4580 4579//4579 
f 4580//4580 4581//4581 4579//4579 
f 4579//4579 4581//4581 4581//4581 
f 4581//4581 4580//4580 4581//4581 
f 4581//4581 4580//4580 4580//4580 
f 4580//4580 4582//4582 4580//4580 
f 4580//4580 4582//4582 4581//4581 
f 4582//4582 4583//4583 4581//4581 
f 4581//4581 4583//4583 4583//4583 
f 4583//4583 4582//4582 4583//4583 
f 4583//4583 4582//4582 4582//4582 
f 4582//4582 4584//4584 4582//4582 
f 4582//4582 4584//4584 4583//4583 
f 4584//4584 4585//4585 4583//4583 
f 4583//4583 4585//4585 4585//4585 
f 4585//4585 4584//4584 4585//4585 
f 4585//4585 4584//4584 4584//4584 
f 4584//4584 4586//4586 4584//4584 
f 4584//4584 4586//4586 4585//4585 
f 4586//4586 4587//4587 4585//4585 
f 4585//4585 4587//4587 4587//4587 
f 4587//4587 4586//4586 4587//4587 
f 4587//4587 4586//4586 4586//4586 
f 4586//4586 4588//4588 4586//4586 
f 4586//4586 4588//4588 4587//4587 
f 4588//4588 4589//4589 4587//4587 
f 4587//4587 4589//4589 4589//4589 
f 4589//4589 4588//4588 4589//4589 
f 4589//4589 4588//4588 4588//4588 
f 4588//4588 4590//4590 4588//4588 
f 4588//4588 4590//4590 4589//4589 
f 4590//4590 4591//4591 4589//4589 
f 4589//4589 4591//4591 4591//4591 
f 4591//4591 4590//4590 4591//4591 
f 4591//4591 4590//4590 4590//4590 
f 4590//4590 4592//4592 4590//4590 
f 4590//4590 4592//4592 4591//4591 
f 4592//4592 4593//4593 4591//4591 
f 4591//4591 4593//4593 4593//4593 
f 4593//4593 4592//4592 4593//4593 
f 4593//4593 4592//4592 4592//4592 
f 4592//4592 4594//4594 4592//4592 
f 4592//4592 4594//4594 4593//4593 
f 4594//4594 4595//4595 4593//4593 
f 4593//4593 4595//4595 4595//4595 
f 4595//4595 4594//4594 4595//4595 
f 4595//4595 4594//4594 4594//4594 
f 4594//4594 4596//4596 4594//4594 
f 4594//4594 4596//4596 4595//4595 
f 4596//4596 4597//4597 4595//4595 
f 4595//4595 4597//4597 4597//4597 
f 4597//4597 4596//4596 4597//4597 
f 4597//4597 4596//4596 4596//4596 
f 4596//4596 4598//4598 4596//4596 
f 4596//4596 4598//4598 4597//4597 
f 4598//4598 4599//4599 4597//4597 
f 4597//4597 4599//4599 4599//4599 
f 4599//4599 4598//4598 4599//4599 
f 4599//4599 4598//4598 4598//4598 
f 4598//4598 4600//4600 4598//4598 
f 4598//4598 4600//4600 4599//4599 
f 4600//4600 4601//4601 4599//4599 
f 4599//4599 4601//4601 4601//4601 
f 4601//4601 4600//4600 4601//4601 
f 4601//4601 4600//4600 4600//4600 
f 4600//4600 4602//4602 4600//4600 
f 4600//4600 4602//4602 4601//4601 
f 4602//4602 4603//4603 4601//4601 
f 4601//4601 4603//4603 4603//4603 
f 4603//4603 4602//4602 4603//4603 
f 4603//4603 4602//4602 4602//4602 
f 4602//4602 4604//4604 4602//4602 
f 4602//4602 4604//4604 4603//4603 
f 4604//4604 4605//4605 4603//4603 
f 4603//4603 4605//4605 4605//4605 
f 4605//4605 4604//4604 4605//4605 
f 4605//4605 4604//4604 4604//4604 
f 4604//4604 4606//4606 4604//4604 
f 4604//4604 4606//4606 4605//4605 
f 4606//4606 4607//4607 4605//4605 
f 4605//4605 4607//4607 4607//4607 
f 4607//4607 4606//4606 4607//4607 
f 4607//4607 4606//4606 4606//4606 
f 4606//4606 4608//4608 4606//4606 
f 4606//4606 4608//4608 4607//4607 
f 4608//4608 4609//4609 4607//4607 
f 4607//4607 4609//4609 4609//4609 
f 4609//4609 4608//4608 4609//4609 
f 4609//4609 4608//4608 4608//4608 
f 4608//4608 4610//4610 4608//4608 
f 4608//4608 4610//4610 4609//4609 
f 4610//4610 4611//4611 4609//4609 
f 4609//4609 4611//4611 4611//4611 
f 4611//4611 4610//4610 4611//4611 
f 4611//4611 4610//4610 4610//4610 
f 4610//4610 4612//4612 4610//4610 
f 4610//4610 4612//4612 4611//4611 
f 4612//4612 4613//4613 4611//4611 
f 4611//4611 4613//4613 4613//4613 
f 4613//4613 4614//4614 4613//4613 
f 4613//4613 4614//4614 4614//4614 
f 4614//4614 4615//4615 4614//4614 
f 4614//4614 4615//4615 4616//4616 
f 4615//4615 4617//4617 4616//4616 
f 4616//4616 4617//4617 4618//4618 
f 4617//4617 4619//4619 4618//4618 
f 4618//4618 4619//4619 4620//4620 
f 4619//4619 4621//4621 4620//4620 
f 4620//4620 4621//4621 4622//4622 
f 4621//4621 4623//4623 4622//4622 
f 4622//4622 4623//4623 4624//4624 
f 4623//4623 4625//4625 4624//4624 
f 4624//4624 4625//4625 4626//4626 
f 4625//4625 4627//4627 4626//4626 
f 4626//4626 4627//4627 4628//4628 
f 4627//4627 4629//4629 4628//4628 
f 4628//4628 4629//4629 4630//4630 
f 4629//4629 4631//4631 4630//4630 
f 4630//4630 4631//4631 4632//4632 
f 4631//4631 4633//4633 4632//4632 
f 4632//4632 4633//4633 4634//4634 
f 4633//4633 4635//4635 4634//4634 
f 4634//4634 4635//4635 4636//4636 
f 4635//4635 4637//4637 4636//4636 
f 4636//4636 4637//4637 4638//4638 
f 4637//4637 4639//4639 4638//4638 
f 4638//4638 4639//4639 4640//4640 
f 4639//4639 4641//4641 4640//4640 
f 4640//4640 4641//4641 4642//4642 
f 4641//4641 4643//4643 4642//4642 
f 4642//4642 4643//4643 4644//4644 
f 4643//4643 4645//4645 4644//4644 
f 4644//4644 4645//4645 4646//4646 
f 4645//4645 4647//4647 4646//4646 
f 4646//4646 4647//4647 4648//4648 
f 4647//4647 4649//4649 4648//4648 
f 4648//4648 4649//4649 4650//4650 
f 4649//4649 4651//4651 4650//4650 
f 4650//4650 4651//4651 4652//4652 
f 4651//4651 4653//4653 4652//4652 
f 4652//4652 4653//4653 4654//4654 
f 4653//4653 4655//4655 4654//4654 
f 4654//4654 4655//4655 4656//4656 
f 4655//4655 4657//4657 4656//4656 
f 4656//4656 4657//4657 4658//4658 
f 4657//4657 4659//4659 4658//4658 
f 4658//4658 4659//4659 4660//4660 
f 4659//4659 4661//4661 4660//4660 
f 4660//4660 4661//4661 4662//4662 
f 4661//4661 4663//4663 4662//4662 
f 4662//4662 4663//4663 4664//4664 
f 4663//4663 4665//4665 4664//4664 
f 4664//4664 4665//4665 4666//4666 
f 4665//4665 4667//4667 4666//4666 
f 4666//4666 4667//4667 4668//4668 
f 4667//4667 4669//4669 4668//4668 
f 4668//4668 4669//4669 4670//4670 
f 4669//4669 4671//4671 4670//4670 
f 4670//4670 4671//4671 4672//4672 
f 4671//4671 4673//4673 4672//4672 
f 4672//4672 4673//4673 4674//4674 
f 4673//4673 4675//4675 4674//4674 
f 4674//4674 4675//4675 4676//4676 
f 4675//4675 4677//4677 4676//4676 
f 4676//4676 4677//4677 4677//4677 
f 4677//4677 4678//4678 4677//4677 
f 4677//4677 4678//4678 4678//4678 
f 4678//4678 4679//4679 4678//4678 
f 4678//4678 4679//4679 4680//4680 
f 4679//4679 4681//4681 4680//4680 
f 4680//4680 4681//4681 4681//4681 
f 4681//4681 4682//4682 4681//4681 
f 4681//4681 4682//4682 4682//4682 
f 4682//4682 4683//4683 4682//4682 
f 4682//4682 4683//4683 1431//1431 
f 4683//4683 4684//4684 1431//1431 
f 1431//1431 4684//4684 4685//4685 
f 4684//4684 4685//4685 4685//4685 
f 4685//4685 4685//4685 4686//4686 
f 4685//4685 4686//4686 4686//4686 
f 4686//4686 4686//4686 4686//4686 
f 4686//4686 4687//4687 4686//4686 
f 4686//4686 4687//4687 4688//4688 
f 4687//4687 4689//4689 4688//4688 
f 4688//4688 4689//4689 4689//4689 
f 4689//4689 4690//4690 4689//4689 
f 4689//4689 4690//4690 4690//4690 
f 4690//4690 4691//4691 4690//4690 
f 4690//4690 4691//4691 4692//4692 
f 4691//4691 4693//4693 4692//4692 
f 4692//4692 4693//4693 4693//4693 
f 4693//4693 4694//4694 4693//4693 
f 4693//4693 4694//4694 4694//4694 
f 4694//4694 4695//4695 4694//4694 
f 4694//4694 4695//4695 3777//3777 
f 4695//4695 3779//3779 3777//3777 
f 3777//3777 3779//3779 3779//3779 
f 3779//3779 4696//4696 3779//3779 
f 3779//3779 4696//4696 4696//4696 
f 4696//4696 4697//4697 4696//4696 
f 4696//4696 4697//4697 4698//4698 
f 4697//4697 4699//4699 4698//4698 
f 4698//4698 4699//4699 4700//4700 
f 4699//4699 4701//4701 4700//4700 
f 4700//4700 4701//4701 4702//4702 
f 4701//4701 4703//4703 4702//4702 
f 4702//4702 4703//4703 4704//4704 
f 4703//4703 4705//4705 4704//4704 
f 4704//4704 4705//4705 4705//4705 
f 4705//4705 4706//4706 4705//4705 
f 4705//4705 4706//4706 4706//4706 
f 4706//4706 4707//4707 4706//4706 
f 4706//4706 4707//4707 2572//2572 
f 4707//4707 2560//2560 2572//2572 
f 2572//2572 2560//2560 2560//2560 
f 2560//2560 4708//4708 2560//2560 
f 2560//2560 4708//4708 4708//4708 
f 4708//4708 4709//4709 4708//4708 
f 4708//4708 4709//4709 4710//4710 
f 4709//4709 4711//4711 4710//4710 
f 4710//4710 4711//4711 4711//4711 
f 4711//4711 4712//4712 4711//4711 
f 4711//4711 4712//4712 4712//4712 
f 4712//4712 4713//4713 4712//4712 
f 4712//4712 4713//4713 4714//4714 
f 4713//4713 4715//4715 4714//4714 
f 4714//4714 4715//4715 4716//4716 
f 4715//4715 4717//4717 4716//4716 
f 4716//4716 4717//4717 4718//4718 
f 4717//4717 4719//4719 4718//4718 
f 4718//4718 4719//4719 4720//4720 
f 4719//4719 4721//4721 4720//4720 
f 4720//4720 4721//4721 4722//4722 
f 4721//4721 4723//4723 4722//4722 
f 4722//4722 4723//4723 4724//4724 
f 4723//4723 4725//4725 4724//4724 
f 4724//4724 4725//4725 4726//4726 
f 4725//4725 4727//4727 4726//4726 
f 4726//4726 4727//4727 4728//4728 
f 4727//4727 4729//4729 4728//4728 
f 4728//4728 4729//4729 4730//4730 
f 4729//4729 4731//4731 4730//4730 
f 4730//4730 4731//4731 4732//4732 
f 4731//4731 4733//4733 4732//4732 
f 4732//4732 4733//4733 4734//4734 
f 4733//4733 4735//4735 4734//4734 
f 4734//4734 4735//4735 4736//4736 
f 4735//4735 4737//4737 4736//4736 
f 4736//4736 4737//4737 4738//4738 
f 4737//4737 4739//4739 4738//4738 
f 4738//4738 4739//4739 4740//4740 
f 4739//4739 4741//4741 4740//4740 
f 4740//4740 4741//4741 4742//4742 
f 4741//4741 4743//4743 4742//4742 
f 4742//4742 4743//4743 4744//4744 
f 4743//4743 4745//4745 4744//4744 
f 4744//4744 4745//4745 4746//4746 
f 4745//4745 4747//4747 4746//4746 
f 4746//4746 4747//4747 4748//4748 
f 4747//4747 4749//4749 4748//4748 
f 4748//4748 4749//4749 4750//4750 
f 4749//4749 4751//4751 4750//4750 
f 4750//4750 4751//4751 4752//4752 
f 4751//4751 4753//4753 4752//4752 
f 4752//4752 4753//4753 4754//4754 
f 4753//4753 4755//4755 4754//4754 
f 4754//4754 4755//4755 4756//4756 
f 4755//4755 4757//4757 4756//4756 
f 4756//4756 4757//4757 4758//4758 
f 4757//4757 4759//4759 4758//4758 
f 4758//4758 4759//4759 4760//4760 
f 4759//4759 4761//4761 4760//4760 
f 4760//4760 4761//4761 4762//4762 
f 4761//4761 4763//4763 4762//4762 
f 4762//4762 4763//4763 4764//4764 
f 4763//4763 4765//4765 4764//4764 
f 4764//4764 4765//4765 4766//4766 
f 4765//4765 4767//4767 4766//4766 
f 4766//4766 4767//4767 4768//4768 
f 4767//4767 4769//4769 4768//4768 
f 1325//1325 4770//4770 1326//1326 
f 7//7 4771//4771 5//5 
f 29//29 4772//4772 9//9 
f 2006//2006 4773//4773 2008//2008 
f 2014//2014 2013//2013 3878//3878 
f 2111//2111 4774//4774 2109//2109 
f 2116//2116 4775//4775 2111//2111 
f 2126//2126 4776//4776 2115//2115 
f 2142//2142 4777//4777 2124//2124 
f 534//534 4778//4778 532//532 
f 545//545 4779//4779 534//534 
f 556//556 4780//4780 557//557 
f 562//562 4781//4781 563//563 
f 570//570 4782//4782 573//573 
f 3370//3370 4783//4783 3392//3392 
f 3389//3389 4784//4784 3390//3390 
f 3387//3387 4785//4785 3382//3382 
f 4094//4094 4786//4786 4098//4098 
f 4097//4097 4787//4787 4123//4123 
f 4121//4121 3384//3384 3382//3382 
f 54//54 4788//4788 55//55 
f 1276//1276 4789//4789 51//51 
f 52//52 4790//4790 47//47 
f 827//827 4791//4791 828//828 
f 828//828 4792//4792 830//830 
f 1768//1768 833//833 832//832 
f 2216//2216 4793//4793 2206//2206 
f 2218//2218 4794//4794 2219//2219 
f 2211//2211 4795//4795 2221//2221 
f 2529//2529 4796//4796 2530//2530 
f 2527//2527 4797//4797 2529//2529 
f 2211//2211 2213//2213 4260//4260 
f 4128//4128 4798//4798 4129//4129 
f 4127//4127 4799//4799 4128//4128 
f 3273//3273 4800//4800 3271//3271 
f 3297//3297 4801//4801 3299//3299 
f 4182//4182 4802//4802 4183//4183 
f 4181//4181 4803//4803 4182//4182 
f 2571//2571 4804//4804 2573//2573 
f 4707//4707 4805//4805 2560//2560 
f 2560//2560 4806//4806 3874//3874 
f 75//75 4807//4807 64//64 
f 66//66 4808//4808 228//228 
f 231//231 4809//4809 232//232 
f 232//232 4810//4810 233//233 
f 260//260 69//69 67//67 
f 1365//1365 4811//4811 1366//1366 
f 1366//1366 4812//4812 1367//1367 
f 1426//1426 4813//4813 1427//1427 
f 1427//1427 4814//4814 1429//1429 
f 1522//1522 4815//4815 1432//1432 
f 1433//1433 4816//4816 1431//1431 
f 1431//1431 4685//4685 1435//1435 
f 1908//1908 4817//4817 78//78 
f 81//81 4818//4818 83//83 
f 1969//1969 4819//4819 81//81 
f 93//93 4820//4820 1971//1971 
f 2674//2674 4821//4821 2676//2676 
f 2761//2761 4822//4822 2764//2764 
f 2700//2700 4823//4823 2698//2698 
f 2872//2872 4824//4824 2699//2699 
f 2710//2710 4825//4825 2713//2713 
f 3117//3117 4826//4826 3112//3112 
f 3398//3398 4827//4827 3116//3116 
f 3345//3345 4828//4828 3346//3346 
f 3344//3344 4829//4829 3345//3345 
f 3141//3141 4830//4830 3139//3139 
f 3158//3158 4831//4831 3161//3161 
f 4210//4210 4832//4832 4211//4211 
f 4202//4202 4833//4833 4204//4204 
f 4204//4204 4834//4834 4205//4205 
f 3992//3992 4835//4835 3967//3967 
f 3968//3968 4836//4836 3966//3966 
f 3966//3966 4837//4837 4196//4196 
f 3937//3937 4838//4838 3935//3935 
f 3935//3935 4839//4839 3941//3941 
f 3938//3938 4840//4840 3939//3939 
f 3905//3905 4841//4841 3907//3907 
f 3907//3907 4842//4842 3909//3909 
f 3913//3913 4843//4843 3911//3911 
f 3911//3911 4844//4844 4340//4340 
f 3987//3987 3915//3915 3911//3911 
f 4283//4283 4845//4845 4287//4287 
f 4274//4274 4846//4846 3783//3783 
f 3783//3783 4847//4847 3794//3794 
f 3791//3791 4848//4848 3792//3792 
f 3789//3789 4849//4849 3781//3781 
f 4268//4268 4850//4850 4269//4269 
f 4695//4695 4851//4851 3779//3779 
f 4304//4304 4852//4852 2754//2754 
f 2752//2752 4853//4853 264//264 
f 4262//4262 4854//4854 266//266 
f 267//267 4855//4855 265//265 
f 263//263 4856//4856 270//270 
f 337//337 4857//4857 338//338 
f 338//338 4858//4858 340//340 
f 350//350 4859//4859 354//354 
f 358//358 4860//4860 356//356 
f 363//363 845//845 364//364 
f 1110//1110 4861//4861 1111//1111 
f 1098//1098 4862//4862 1100//1100 
f 1247//1247 4863//4863 1248//1248 
f 1248//1248 4864//4864 1250//1250 
f 1527//1527 4865//4865 1525//1525 
f 1532//1532 4866//4866 1527//1527 
f 1545//1545 4867//4867 1537//1537 
f 1580//1580 4868//4868 1544//1544 
f 1558//1558 4869//4869 1543//1543 
f 1730//1730 4870//4870 1557//1557 
f 1565//1565 4871//4871 1568//1568 
f 1854//1854 4872//4872 1858//1858 
f 1906//1906 4873//4873 1874//1874 
f 1875//1875 4874//4874 1873//1873 
f 1960//1960 4875//4875 1961//1961 
f 1961//1961 4876//4876 1962//1962 
f 1886//1886 4877//4877 1893//1893 
f 2154//2154 4878//4878 2163//2163 
f 2153//2153 4879//4879 2155//2155 
f 2151//2151 4880//4880 2153//2153 
f 2191//2191 4881//4881 2193//2193 
f 2200//2200 4882//4882 2191//2191 
f 2247//2247 4883//4883 2242//2242 
f 2254//2254 4884//4884 2247//2247 
f 2525//2525 4885//4885 2253//2253 
f 2179//2179 4886//4886 2174//2174 
f 2181//2181 4887//4887 2182//2182 
f 2168//2168 4888//4888 2184//2184 
f 2163//2163 4889//4889 2169//2169 
f 2783//2783 4890//4890 2785//2785 
f 2785//2785 4891//4891 2787//2787 
f 2786//2786 4892//4892 2867//2867 
f 2864//2864 4893//4893 2865//2865 
f 2862//2862 4894//4894 2857//2857 
f 2834//2834 4895//4895 2832//2832 
f 2827//2827 4896//4896 2802//2802 
f 2802//2802 4897//4897 3351//3351 
f 3349//3349 4898//4898 2803//2803 
f 2803//2803 4899//4899 2805//2805 
f 3578//3578 4900//4900 2798//2798 
f 4139//4139 4901//4901 4141//4141 
f 4143//4143 4902//4902 4145//4145 
f 3338//3338 4903//4903 3340//3340 
f 3339//3339 4904//4904 3337//3337 
f 3312//3312 4905//4905 3314//3314 
f 3308//3308 4906//4906 3310//3310 
f 3310//3310 3958//3958 3316//3316 
f 3174//3174 4907//4907 3210//3210 
f 3176//3176 4908//4908 3174//3174 
f 3170//3170 4909//4909 3172//3172 
f 3168//3168 4910//4910 3170//3170 
f 3194//3194 4911//4911 3169//3169 
f 3196//3196 4912//4912 3197//3197 
f 3189//3189 4913//4913 3199//3199 
f 4021//4021 4914//4914 3533//3533 
f 3536//3536 4915//4915 3538//3538 
f 3559//3559 4916//4916 3536//3536 
f 3531//3531 4005//4005 3540//3540 
f 3189//3189 3191//3191 4312//4312 
f 3567//3567 4917//4917 3563//3563 
f 3901//3901 4918//4918 3245//3245 
f 3358//3358 4919//4919 3361//3361 
f 4293//4293 4920//4920 3217//3217 
f 3218//3218 4921//4921 3220//3220 
f 4015//4015 4922//4922 4018//4018 
f 3241//3241 3573//3573 3243//3243 
f 2990//2990 4923//4923 3000//3000 
f 2997//2997 4924//4924 2998//2998 
f 4319//4319 4925//4925 2994//2994 
f 2995//2995 4926//4926 2976//2976 
f 2978//2978 4927//4927 4316//4316 
f 3021//3021 4928//4928 3022//3022 
f 3005//3005 4929//4929 3007//3007 
f 3007//3007 4930//4930 4298//4298 
f 4085//4085 4931//4931 4087//4087 
f 3520//3520 4932//4932 3527//3527 
f 3527//3527 4933//4933 3528//3528 
f 3771//3771 4934//4934 3524//3524 
f 3525//3525 4935//4935 3492//3492 
f 4406//4406 4936//4936 3494//3494 
f 3495//3495 4937//4937 3493//3493 
f 4396//4396 4938//4938 4399//4399 
f 597//597 4939//4939 595//595 
f 1974//1974 4940//4940 596//596 
f 529//529 4941//4941 132//132 
f 135//135 4942//4942 137//137 
f 238//238 4943//4943 239//239 
f 272//272 4944//4944 274//274 
f 307//307 4945//4945 308//308 
f 306//306 4946//4946 307//307 
f 311//311 4947//4947 278//278 
f 297//297 4948//4948 313//313 
f 299//299 4949//4949 297//297 
f 156//156 4950//4950 159//159 
f 155//155 4951//4951 157//157 
f 604//604 4952//4952 617//617 
f 614//614 4953//4953 615//615 
f 665//665 4954//4954 666//666 
f 666//666 4955//4955 668//668 
f 667//667 4956//4956 675//675 
f 672//672 4957//4957 673//673 
f 859//859 4958//4958 854//854 
f 851//851 4959//4959 853//853 
f 862//862 4960//4960 863//863 
f 863//863 4961//4961 865//865 
f 962//962 4962//4962 965//965 
f 654//654 4963//4963 662//662 
f 659//659 4964//4964 660//660 
f 1334//1334 4965//4965 1332//1332 
f 2472//2472 4966//4966 2473//2473 
f 2968//2968 4967//4967 2969//2969 
f 2745//2745 4968//4968 2746//2746 
f 2664//2664 4969//4969 2665//2665 
f 4612//4612 4970//4970 4613//4613 
f 3768//3768 4971//4971 3769//3769 
f 4080//4080 4972//4972 4081//4081 
f 523//523 4973//4973 524//524 
f 824//824 4974//4974 825//825 

