mtllib model_24.mtl
o model_24
v 7.175591945648193 33.18765640258789 25.11110496520996 
v 7.175591945648193 33.6096076965332 25.11110496520996 
v 1.042108178138733 33.26908874511719 25.11110496520996 
v 1.042108178138733 33.691036224365234 25.11110496520996 
v -3.491415500640869 33.18765640258789 25.11110496520996 
v -3.491415500640869 33.6096076965332 25.11110496520996 
v -3.491415500640869 33.6096076965332 25.06119155883789 
v 1.042108178138733 33.691036224365234 25.06119155883789 
v -3.491415500640869 33.18765640258789 25.06119155883789 
v 1.042108178138733 33.26908874511719 25.06119155883789 
v 7.175591945648193 33.6096076965332 25.06119155883789 
v 7.175591945648193 33.18765640258789 25.06119155883789 
v -3.491415500640869 33.18765640258789 25.11110496520996 
v -3.491415500640869 33.18765640258789 25.06119155883789 
v 1.042108178138733 33.26908874511719 25.11110496520996 
v 1.042108178138733 33.26908874511719 25.06119155883789 
v 7.175591945648193 33.18765640258789 25.11110496520996 
v 7.175591945648193 33.18765640258789 25.06119155883789 
v 7.175591945648193 33.6096076965332 25.11110496520996 
v 7.175591945648193 33.6096076965332 25.06119155883789 
v 1.042108178138733 33.691036224365234 25.11110496520996 
v 1.042108178138733 33.691036224365234 25.06119155883789 
v -3.491415500640869 33.6096076965332 25.11110496520996 
v -3.491415500640869 33.6096076965332 25.06119155883789 
v 7.175591945648193 33.18765640258789 25.11110496520996 
v 7.175591945648193 33.18765640258789 25.06119155883789 
v 7.175591945648193 33.6096076965332 25.11110496520996 
v 7.175591945648193 33.6096076965332 25.06119155883789 
v -3.491415500640869 33.6096076965332 25.11110496520996 
v -3.491415500640869 33.6096076965332 25.06119155883789 
v -3.491415500640869 33.18765640258789 25.11110496520996 
v -3.491415500640869 33.18765640258789 25.06119155883789 
v -6.737677097320557 9.08890151977539 25.342485427856445 
v -6.738852024078369 9.104344367980957 25.244094848632812 
v -6.755423069000244 6.809698104858398 25.209186553955078 
v -6.758383274078369 6.813331604003906 25.109996795654297 
v -6.661917209625244 6.1774444580078125 25.207895278930664 
v -6.662512302398682 6.176535606384277 25.10869026184082 
v -4.743826389312744 9.085268020629883 25.31429100036621 
v -4.737310886383057 9.073458671569824 25.412696838378906 
v -5.209585666656494 8.862707138061523 25.30559539794922 
v -5.209585666656494 8.848172187805176 25.403789520263672 
v -6.107382297515869 8.87814998626709 25.261388778686523 
v -6.113897800445557 8.862707138061523 25.35928726196289 
v -6.500936985015869 8.871790885925293 25.226591110229492 
v -6.499166965484619 8.856348037719727 25.32509422302246 
v -8.629125595092773 28.081050872802734 25.42559242248535 
v -8.637411117553711 28.079235076904297 25.326793670654297 
v -8.610189437866211 28.097400665283203 25.423484802246094 
v -8.619070053100586 28.094676971435547 25.324687957763672 
v -8.588293075561523 28.109210968017578 25.421194076538086 
v -8.597768783569336 28.106487274169922 25.32249641418457 
v -8.558111190795898 28.119205474853516 25.417991638183594 
v -8.568181991577148 28.116477966308594 25.319292068481445 
v -6.760168552398682 28.510730743408203 25.229795455932617 
v -6.764898777008057 28.5089111328125 25.130590438842773 
v -6.653036594390869 28.53162384033203 25.229795455932617 
v -6.653036594390869 28.530715942382812 25.130590438842773 
v -6.537634372711182 28.555240631103516 25.229795455932617 
v -6.538824558258057 28.554332733154297 25.130590438842773 
v -6.738852024078369 9.104344367980957 25.244094848632812 
v -6.737677097320557 9.08890151977539 25.342485427856445 
v -6.109747409820557 9.11524486541748 25.2974910736084 
v -6.116262912750244 9.10071086883545 25.395389556884766 
v -5.262854099273682 9.10071086883545 25.33869171142578 
v -5.262854099273682 9.086175918579102 25.436885833740234 
v -4.924337863922119 9.262408256530762 25.343692779541016 
v -4.918417453765869 9.251506805419922 25.44209861755371 
v -8.808446884155273 28.248199462890625 25.337596893310547 
v -8.800161361694336 28.25092315673828 25.43639373779297 
v -8.755193710327148 28.293621063232422 25.33179473876953 
v -8.746313095092773 28.296344757080078 25.430593490600586 
v -8.693044662475586 28.328140258789062 25.325193405151367 
v -8.684179306030273 28.33086395263672 25.423891067504883 
v -8.630315780639648 28.348125457763672 25.31859016418457 
v -8.620840072631836 28.350849151611328 25.417190551757812 
v -6.813421726226807 28.744190216064453 25.128692626953125 
v -6.808691501617432 28.746009826660156 25.22788429260254 
v -6.699789524078369 28.7659912109375 25.128692626953125 
v -6.699789524078369 28.766902923583984 25.22788429260254 
v -6.699789524078369 28.7659912109375 25.128692626953125 
v -6.699789524078369 28.766902923583984 25.22788429260254 
v -6.758383274078369 28.75418472290039 25.128692626953125 
v -6.757208347320557 28.756000518798828 25.22788429260254 
v -6.537634372711182 28.555240631103516 25.229795455932617 
v -6.538824558258057 28.554332733154297 25.130590438842773 
v -6.443533420562744 29.445484161376953 25.205787658691406 
v -6.444128513336182 29.444576263427734 25.106595993041992 
v -6.441168308258057 29.462745666503906 25.205787658691406 
v -6.441763401031494 29.463653564453125 25.106595993041992 
v -6.194967746734619 31.116962432861328 25.205787658691406 
v -6.195562839508057 31.117870330810547 25.106595993041992 
v -5.959433078765869 31.83279037475586 25.205787658691406 
v -5.960012912750244 31.833698272705078 25.106595993041992 
v -5.321447849273682 32.88200378417969 25.205787658691406 
v -5.321447849273682 32.882911682128906 25.106595993041992 
v -4.737310886383057 9.073458671569824 25.412696838378906 
v -4.743826389312744 9.085268020629883 25.31429100036621 
v -4.563910007476807 9.446815490722656 25.43498992919922 
v -4.573385715484619 9.451356887817383 25.33629035949707 
v -4.443777561187744 13.610970497131348 25.416488647460938 
v -4.453238010406494 13.610970497131348 25.31778907775879 
v -4.443777561187744 13.925280570983887 25.416488647460938 
v -4.453238010406494 13.92346477508545 25.31778907775879 
v -4.639074802398682 14.586604118347168 25.416488647460938 
v -4.647360324859619 14.579337120056152 25.31778907775879 
v -6.653036594390869 28.53162384033203 25.229795455932617 
v -6.537634372711182 28.555240631103516 25.229795455932617 
v -6.757208347320557 28.756000518798828 25.22788429260254 
v -6.681448459625244 29.473644256591797 25.20758628845215 
v -6.443533420562744 29.445484161376953 25.205787658691406 
v -6.679083347320557 29.496356964111328 25.20758628845215 
v -6.441168308258057 29.462745666503906 25.205787658691406 
v -6.429327487945557 31.173282623291016 25.20758628845215 
v -6.194967746734619 31.116962432861328 25.205787658691406 
v -6.178991794586182 31.934532165527344 25.20758628845215 
v -5.959433078765869 31.83279037475586 25.205787658691406 
v -5.488928318023682 33.0682258605957 25.20758628845215 
v -5.321447849273682 32.88200378417969 25.205787658691406 
v -5.391867160797119 33.11455535888672 25.20758628845215 
v -5.304876804351807 32.89017868041992 25.205787658691406 
v -4.360922336578369 33.42977523803711 25.20758628845215 
v -4.320669651031494 33.19086456298828 25.205787658691406 
v -3.530600070953369 33.45975112915039 25.20758628845215 
v -3.5258545875549316 33.219932556152344 25.205787658691406 
v -2.7405152320861816 33.45975112915039 25.20758628845215 
v -2.7405152320861816 33.219932556152344 25.205787658691406 
v 8.263208389282227 33.475196838378906 25.20758628845215 
v 8.214090347290039 33.235374450683594 25.205787658691406 
v 9.373468399047852 32.99918746948242 25.20758628845215 
v 9.207162857055664 32.809329986572266 25.205787658691406 
v 9.690683364868164 32.464134216308594 25.20758628845215 
v 9.473489761352539 32.35966873168945 25.205787658691406 
v 9.929788589477539 31.836421966552734 25.20758628845215 
v 9.701333999633789 31.761932373046875 25.205787658691406 
v 10.113245010375977 31.167831420898438 25.207487106323242 
v 9.877695083618164 31.120594024658203 25.20588493347168 
v 10.327493667602539 29.459110260009766 25.131587982177734 
v 10.086618423461914 29.44729995727539 25.13109588623047 
v 10.286645889282227 27.83487319946289 25.131685256958008 
v 10.046365737915039 27.83032989501953 25.13109588623047 
v 10.289606094360352 27.787635803222656 25.131391525268555 
v 10.049325942993164 27.78036880493164 25.131391525268555 
v 10.289606094360352 27.33706283569336 25.131391525268555 
v 10.049325942993164 27.33615493774414 25.131391525268555 
v 10.328668594360352 21.070842742919922 25.140592575073242 
v 10.088388442993164 21.066301345825195 25.140592575073242 
v 10.330438613891602 20.99907875061035 25.140592575073242 
v 10.090158462524414 20.995445251464844 25.140592575073242 
v 10.375421524047852 11.864096641540527 25.14569091796875 
v 10.135736465454102 11.863188743591309 25.14569091796875 
v 10.377191543579102 11.349028587341309 25.141082763671875 
v 10.136926651000977 11.350844383239746 25.141082763671875 
v 10.294931411743164 6.181985855102539 25.20769691467285 
v 10.058801651000977 6.421806335449219 25.2056884765625 
v 7.600381374359131 6.181985855102539 25.20758628845215 
v 7.527581691741943 6.421806335449219 25.20588493347168 
v 6.744607448577881 5.612412452697754 25.20758628845215 
v 6.603158473968506 5.805904388427734 25.20588493347168 
v 6.090646266937256 5.093709945678711 25.20758628845215 
v 5.956887722015381 5.294468879699707 25.20588493347168 
v 5.360330104827881 4.688558578491211 25.20758628845215 
v 5.245522975921631 4.899310111999512 25.20588493347168 
v 4.066018581390381 3.999075174331665 25.20758628845215 
v 3.986123561859131 4.228902816772461 25.20588493347168 
v 2.6202025413513184 3.737452745437622 25.20758628845215 
v 2.5888304710388184 3.9763643741607666 25.20588493347168 
v 2.5675292015075684 3.733818292617798 25.20758628845215 
v 2.5556883811950684 3.9736387729644775 25.20588493347168 
v 1.1069122552871704 3.711108446121216 25.20758628845215 
v 1.125848412513733 3.9509289264678955 25.20588493347168 
v 0.351754754781723 3.841919183731079 25.20758628845215 
v 0.3996826112270355 4.077198028564453 25.205787658691406 
v -0.3300231993198395 4.002708435058594 25.22709846496582 
v -0.24895325303077698 4.230719566345215 25.224597930908203 
v -0.9733337163925171 4.316109657287598 25.22709846496582 
v -0.8715423345565796 4.533220291137695 25.224597930908203 
v -1.0579742193222046 4.3542633056640625 25.22709846496582 
v -0.9549926519393921 4.571372985839844 25.224597930908203 
v -2.441641330718994 5.0437469482421875 25.207796096801758 
v -2.307302951812744 5.245414733886719 25.205591201782227 
v -3.063650608062744 5.58243465423584 25.207895278930664 
v -2.926352024078369 5.781376838684082 25.205591201782227 
v -4.151419162750244 6.1774444580078125 25.207895278930664 
v -4.090460300445557 6.417264938354492 25.205591201782227 
v -4.211187839508057 6.1774444580078125 25.207895278930664 
v -4.211187839508057 6.417264938354492 25.205591201782227 
v -6.661917209625244 6.1774444580078125 25.207895278930664 
v -6.455374240875244 6.417264938354492 25.205591201782227 
v -6.755423069000244 6.809698104858398 25.209186553955078 
v -6.515738010406494 6.826957702636719 25.20428466796875 
v -6.737677097320557 9.08890151977539 25.342485427856445 
v -6.499166965484619 8.856348037719727 25.32509422302246 
v -6.116262912750244 9.10071086883545 25.395389556884766 
v -6.113897800445557 8.862707138061523 25.35928726196289 
v -5.262854099273682 9.086175918579102 25.436885833740234 
v -5.209585666656494 8.848172187805176 25.403789520263672 
v -4.918417453765869 9.251506805419922 25.44209861755371 
v -4.737310886383057 9.073458671569824 25.412696838378906 
v -4.801229953765869 9.502228736877441 25.458492279052734 
v -4.563910007476807 9.446815490722656 25.43498992919922 
v -4.682272434234619 13.614603996276855 25.440088272094727 
v -4.443777561187744 13.610970497131348 25.416488647460938 
v -4.682272434234619 13.890761375427246 25.440088272094727 
v -4.443777561187744 13.925280570983887 25.416488647460938 
v -4.839117527008057 14.41945743560791 25.440088272094727 
v -4.639074802398682 14.586604118347168 25.416488647460938 
v -5.232077121734619 14.616581916809082 25.440088272094727 
v -5.170538425445557 14.852768898010254 25.416488647460938 
v -5.288305759429932 14.619307518005371 25.440088272094727 
v -5.285345554351807 14.858220100402832 25.416488647460938 
v -5.802008152008057 14.610222816467285 25.440088272094727 
v -5.806143283843994 14.849135398864746 25.416488647460938 
v -6.630560398101807 14.594780921936035 25.4302978515625 
v -6.456564426422119 14.836417198181152 25.408397674560547 
v -6.836508274078369 15.237027168273926 25.342288970947266 
v -6.758383274078369 28.75418472290039 25.128692626953125 
v -6.757208347320557 28.756000518798828 25.22788429260254 
v -6.682638645172119 29.472736358642578 25.108394622802734 
v -6.681448459625244 29.473644256591797 25.20758628845215 
v -6.679678440093994 29.496356964111328 25.108394622802734 
v -6.679083347320557 29.496356964111328 25.20758628845215 
v -6.429922580718994 31.173282623291016 25.108394622802734 
v -6.429327487945557 31.173282623291016 25.20758628845215 
v -6.179586887359619 31.934532165527344 25.108394622802734 
v -6.178991794586182 31.934532165527344 25.20758628845215 
v -5.489523410797119 33.06913757324219 25.108394622802734 
v -5.488928318023682 33.0682258605957 25.20758628845215 
v -6.691504001617432 15.424159049987793 25.22889518737793 
v -6.636465549468994 15.39509105682373 25.228797912597656 
v -6.834738254547119 15.22976016998291 25.243196487426758 
v -6.627005100250244 14.58478832244873 25.331697463989258 
v -6.452414035797119 14.8273344039917 25.30968475341797 
v -5.801413059234619 14.60023021697998 25.34139060974121 
v -5.805548191070557 14.839142799377441 25.31778907775879 
v -5.288305759429932 14.609314918518066 25.34139060974121 
v -5.285345554351807 14.848227500915527 25.31778907775879 
v -5.234442234039307 14.606589317321777 25.34139060974121 
v -5.172903537750244 14.84277629852295 25.31778907775879 
v -4.846807956695557 14.412190437316895 25.34139060974121 
v -4.647360324859619 14.579337120056152 25.31778907775879 
v -4.692343235015869 13.888945579528809 25.34139060974121 
v -4.453238010406494 13.92346477508545 25.31778907775879 
v -4.692343235015869 13.614603996276855 25.34139060974121 
v -4.453238010406494 13.610970497131348 25.31778907775879 
v -4.810705661773682 9.506770133972168 25.359792709350586 
v -4.573385715484619 9.451356887817383 25.33629035949707 
v -4.924337863922119 9.262408256530762 25.343692779541016 
v -4.743826389312744 9.085268020629883 25.31429100036621 
v -5.262854099273682 9.10071086883545 25.33869171142578 
v -5.209585666656494 8.862707138061523 25.30559539794922 
v -6.109747409820557 9.11524486541748 25.2974910736084 
v -6.107382297515869 8.87814998626709 25.261388778686523 
v -6.738852024078369 9.104344367980957 25.244094848632812 
v -6.500936985015869 8.871790885925293 25.226591110229492 
v -6.758383274078369 6.813331604003906 25.109996795654297 
v -6.518103122711182 6.829683303833008 25.105093002319336 
v -6.662512302398682 6.176535606384277 25.10869026184082 
v -6.455969333648682 6.416356086730957 25.106386184692383 
v -4.211187839508057 6.176535606384277 25.10869026184082 
v -4.211187839508057 6.416356086730957 25.106386184692383 
v -4.152014255523682 6.176535606384277 25.10869026184082 
v -4.090460300445557 6.416356086730957 25.106386184692383 
v -3.0642457008361816 5.58243465423584 25.10869026184082 
v -2.926352024078369 5.780468940734863 25.106386184692383 
v -2.441641330718994 5.042839050292969 25.108591079711914 
v -2.307302951812744 5.244505882263184 25.106386184692383 
v -1.0579742193222046 4.353354454040527 25.127893447875977 
v -0.9549926519393921 4.570465087890625 25.12539291381836 
v -0.9739288091659546 4.315201759338379 25.127893447875977 
v -0.8715423345565796 4.53231143951416 25.125490188598633 
v -0.331808477640152 4.002708435058594 25.12799072265625 
v -0.250723272562027 4.22981071472168 25.12539291381836 
v 0.3499694764614105 3.841919183731079 25.108394622802734 
v 0.398507684469223 4.077198028564453 25.106595993041992 
v 1.1069122552871704 3.7101995944976807 25.108394622802734 
v 1.125268578529358 3.9509289264678955 25.1066951751709 
v 2.5675292015075684 3.732910394668579 25.108394622802734 
v 2.5556883811950684 3.972730875015259 25.1066951751709 
v 2.6202025413513184 3.737452745437622 25.108394622802734 
v 2.5888304710388184 3.975456476211548 25.1066951751709 
v 4.066018581390381 3.99816632270813 25.108394622802734 
v 3.9867186546325684 4.227993965148926 25.1066951751709 
v 5.360330104827881 4.688558578491211 25.108394622802734 
v 5.246118068695068 4.899310111999512 25.1066951751709 
v 6.091226100921631 5.093709945678711 25.108394622802734 
v 5.957482814788818 5.293560028076172 25.1066951751709 
v 6.745187282562256 5.611503601074219 25.108394622802734 
v 6.603753566741943 5.805904388427734 25.1066951751709 
v 7.600381374359131 6.18107795715332 25.108394622802734 
v 7.528176784515381 6.4208984375 25.1066951751709 
v 10.294351577758789 6.18107795715332 25.10849380493164 
v 10.058206558227539 6.4208984375 25.10649871826172 
v 10.377191543579102 11.349028587341309 25.041893005371094 
v 10.136926651000977 11.349936485290527 25.041893005371094 
v 10.375421524047852 11.865004539489746 25.046485900878906 
v 10.135736465454102 11.863188743591309 25.046485900878906 
v 10.330438613891602 20.99907875061035 25.0413875579834 
v 10.090158462524414 20.995445251464844 25.0413875579834 
v 10.328668594360352 21.070842742919922 25.0413875579834 
v 10.088388442993164 21.066301345825195 25.0413875579834 
v 10.289606094360352 27.33706283569336 25.03218650817871 
v 10.049325942993164 27.33615493774414 25.03218650817871 
v 10.289606094360352 27.787635803222656 25.03218650817871 
v 10.049325942993164 27.78036880493164 25.03218650817871 
v 10.286645889282227 27.83487319946289 25.032495498657227 
v 10.046365737915039 27.83032989501953 25.031890869140625 
v 10.327493667602539 29.460926055908203 25.03239631652832 
v 10.087213516235352 29.449119567871094 25.031890869140625 
v 10.113840103149414 31.169647216796875 25.108295440673828 
v 9.877695083618164 31.12331771850586 25.1066951751709 
v 9.930368423461914 31.837329864501953 25.108394622802734 
v 9.701929092407227 31.761932373046875 25.1066951751709 
v 9.691278457641602 32.464134216308594 25.108394622802734 
v 9.474084854125977 32.35966873168945 25.1066951751709 
v 9.374063491821289 33.00009536743164 25.108394622802734 
v 9.207757949829102 32.810237884521484 25.1066951751709 
v 8.263208389282227 33.476104736328125 25.108394622802734 
v 8.214090347290039 33.23628234863281 25.1066951751709 
v -2.7405152320861816 33.460662841796875 25.108394622802734 
v -2.7405152320861816 33.22084045410156 25.106595993041992 
v -3.530600070953369 33.460662841796875 25.108394622802734 
v -3.526449680328369 33.22084045410156 25.106595993041992 
v -4.360922336578369 33.43068313598633 25.108394622802734 
v -4.320669651031494 33.1917724609375 25.106595993041992 
v -5.391867160797119 33.11455535888672 25.108394622802734 
v -5.304876804351807 32.89108657836914 25.106595993041992 
v -5.489523410797119 33.06913757324219 25.108394622802734 
v -5.321447849273682 32.882911682128906 25.106595993041992 
v -6.179586887359619 31.934532165527344 25.108394622802734 
v -5.960012912750244 31.833698272705078 25.106595993041992 
v -6.429922580718994 31.173282623291016 25.108394622802734 
v -6.195562839508057 31.117870330810547 25.106595993041992 
v -6.679678440093994 29.496356964111328 25.108394622802734 
v -6.441763401031494 29.463653564453125 25.106595993041992 
v -6.682638645172119 29.472736358642578 25.108394622802734 
v -6.444128513336182 29.444576263427734 25.106595993041992 
v -6.758383274078369 28.75418472290039 25.128692626953125 
v -4.924337863922119 9.262408256530762 25.343692779541016 
v -4.918417453765869 9.251506805419922 25.44209861755371 
v -4.810705661773682 9.506770133972168 25.359792709350586 
v -4.801229953765869 9.502228736877441 25.458492279052734 
v -4.692343235015869 13.614603996276855 25.34139060974121 
v -4.682272434234619 13.614603996276855 25.440088272094727 
v -4.692343235015869 13.888945579528809 25.34139060974121 
v -4.682272434234619 13.890761375427246 25.440088272094727 
v -4.846807956695557 14.412190437316895 25.34139060974121 
v -4.839117527008057 14.41945743560791 25.440088272094727 
v -5.321447849273682 32.88200378417969 25.205787658691406 
v -5.321447849273682 32.882911682128906 25.106595993041992 
v -5.304876804351807 32.89017868041992 25.205787658691406 
v -5.304876804351807 32.89108657836914 25.106595993041992 
v -4.320669651031494 33.19086456298828 25.205787658691406 
v -4.320669651031494 33.1917724609375 25.106595993041992 
v -3.5258545875549316 33.219932556152344 25.205787658691406 
v -3.526449680328369 33.22084045410156 25.106595993041992 
v -2.7405152320861816 33.219932556152344 25.205787658691406 
v -2.7405152320861816 33.22084045410156 25.106595993041992 
v 8.214090347290039 33.235374450683594 25.205787658691406 
v 8.214090347290039 33.23628234863281 25.1066951751709 
v 9.207162857055664 32.809329986572266 25.205787658691406 
v 9.207757949829102 32.810237884521484 25.1066951751709 
v -5.489523410797119 33.06913757324219 25.108394622802734 
v -5.488928318023682 33.0682258605957 25.20758628845215 
v -5.391867160797119 33.11455535888672 25.108394622802734 
v -5.391867160797119 33.11455535888672 25.20758628845215 
v -4.360922336578369 33.43068313598633 25.108394622802734 
v -4.360922336578369 33.42977523803711 25.20758628845215 
v -3.530600070953369 33.460662841796875 25.108394622802734 
v -3.530600070953369 33.45975112915039 25.20758628845215 
v -2.7405152320861816 33.460662841796875 25.108394622802734 
v -2.7405152320861816 33.45975112915039 25.20758628845215 
v 8.263208389282227 33.476104736328125 25.108394622802734 
v 8.263208389282227 33.475196838378906 25.20758628845215 
v 9.374063491821289 33.00009536743164 25.108394622802734 
v 9.373468399047852 32.99918746948242 25.20758628845215 
v -4.639074802398682 14.586604118347168 25.416488647460938 
v -4.647360324859619 14.579337120056152 25.31778907775879 
v -5.170538425445557 14.852768898010254 25.416488647460938 
v -5.172903537750244 14.84277629852295 25.31778907775879 
v -5.285345554351807 14.858220100402832 25.416488647460938 
v -5.285345554351807 14.848227500915527 25.31778907775879 
v -5.806143283843994 14.849135398864746 25.416488647460938 
v -5.805548191070557 14.839142799377441 25.31778907775879 
v -6.456564426422119 14.836417198181152 25.408397674560547 
v -6.452414035797119 14.8273344039917 25.30968475341797 
v -6.836508274078369 15.237027168273926 25.342288970947266 
v -6.834738254547119 15.22976016998291 25.243196487426758 
v -6.630560398101807 14.594780921936035 25.4302978515625 
v -6.627005100250244 14.58478832244873 25.331697463989258 
v -4.846807956695557 14.412190437316895 25.34139060974121 
v -4.839117527008057 14.41945743560791 25.440088272094727 
v -5.234442234039307 14.606589317321777 25.34139060974121 
v -5.232077121734619 14.616581916809082 25.440088272094727 
v -5.288305759429932 14.609314918518066 25.34139060974121 
v -5.288305759429932 14.619307518005371 25.440088272094727 
v -5.801413059234619 14.60023021697998 25.34139060974121 
v -5.802008152008057 14.610222816467285 25.440088272094727 
v -6.627005100250244 14.58478832244873 25.331697463989258 
v -6.630560398101807 14.594780921936035 25.4302978515625 
v -6.455969333648682 6.416356086730957 25.106386184692383 
v -6.455374240875244 6.417264938354492 25.205591201782227 
v -4.211187839508057 6.416356086730957 25.106386184692383 
v -4.211187839508057 6.417264938354492 25.205591201782227 
v -4.090460300445557 6.416356086730957 25.106386184692383 
v -4.090460300445557 6.417264938354492 25.205591201782227 
v -2.926352024078369 5.780468940734863 25.106386184692383 
v -2.926352024078369 5.781376838684082 25.205591201782227 
v -2.307302951812744 5.244505882263184 25.106386184692383 
v -2.307302951812744 5.245414733886719 25.205591201782227 
v -0.9549926519393921 4.570465087890625 25.12539291381836 
v -0.9549926519393921 4.571372985839844 25.224597930908203 
v -0.8715423345565796 4.53231143951416 25.125490188598633 
v -0.8715423345565796 4.533220291137695 25.224597930908203 
v -0.250723272562027 4.22981071472168 25.12539291381836 
v -0.24895325303077698 4.230719566345215 25.224597930908203 
v 0.398507684469223 4.077198028564453 25.106595993041992 
v 0.3996826112270355 4.077198028564453 25.205787658691406 
v 1.125268578529358 3.9509289264678955 25.1066951751709 
v 1.125848412513733 3.9509289264678955 25.20588493347168 
v 2.5556883811950684 3.972730875015259 25.1066951751709 
v 2.5556883811950684 3.9736387729644775 25.20588493347168 
v 2.5888304710388184 3.975456476211548 25.1066951751709 
v 2.5888304710388184 3.9763643741607666 25.20588493347168 
v 3.9867186546325684 4.227993965148926 25.1066951751709 
v 3.986123561859131 4.228902816772461 25.20588493347168 
v 5.246118068695068 4.899310111999512 25.1066951751709 
v 5.245522975921631 4.899310111999512 25.20588493347168 
v 5.957482814788818 5.293560028076172 25.1066951751709 
v 5.956887722015381 5.294468879699707 25.20588493347168 
v 6.603753566741943 5.805904388427734 25.1066951751709 
v 6.603158473968506 5.805904388427734 25.20588493347168 
v 7.528176784515381 6.4208984375 25.1066951751709 
v 7.527581691741943 6.421806335449219 25.20588493347168 
v 10.058206558227539 6.4208984375 25.10649871826172 
v 10.058801651000977 6.421806335449219 25.2056884765625 
v -6.456564426422119 14.836417198181152 25.408397674560547 
v -6.452414035797119 14.8273344039917 25.30968475341797 
v -6.638250827789307 15.402358055114746 25.327791213989258 
v -6.636465549468994 15.39509105682373 25.228797912597656 
v 10.294351577758789 6.18107795715332 25.10849380493164 
v 10.294931411743164 6.181985855102539 25.20769691467285 
v 7.600381374359131 6.18107795715332 25.108394622802734 
v 7.600381374359131 6.181985855102539 25.20758628845215 
v 6.745187282562256 5.611503601074219 25.108394622802734 
v 6.744607448577881 5.612412452697754 25.20758628845215 
v 6.091226100921631 5.093709945678711 25.108394622802734 
v 6.090646266937256 5.093709945678711 25.20758628845215 
v 5.360330104827881 4.688558578491211 25.108394622802734 
v 5.360330104827881 4.688558578491211 25.20758628845215 
v 4.066018581390381 3.99816632270813 25.108394622802734 
v 4.066018581390381 3.999075174331665 25.20758628845215 
v 2.6202025413513184 3.737452745437622 25.108394622802734 
v 2.6202025413513184 3.737452745437622 25.20758628845215 
v 2.5675292015075684 3.732910394668579 25.108394622802734 
v 2.5675292015075684 3.733818292617798 25.20758628845215 
v 1.1069122552871704 3.7101995944976807 25.108394622802734 
v 1.1069122552871704 3.711108446121216 25.20758628845215 
v 0.3499694764614105 3.841919183731079 25.108394622802734 
v 0.351754754781723 3.841919183731079 25.20758628845215 
v -0.331808477640152 4.002708435058594 25.12799072265625 
v -0.3300231993198395 4.002708435058594 25.22709846496582 
v -0.9739288091659546 4.315201759338379 25.127893447875977 
v -0.9733337163925171 4.316109657287598 25.22709846496582 
v -1.0579742193222046 4.353354454040527 25.127893447875977 
v -1.0579742193222046 4.3542633056640625 25.22709846496582 
v -2.441641330718994 5.042839050292969 25.108591079711914 
v -2.441641330718994 5.0437469482421875 25.207796096801758 
v -3.0642457008361816 5.58243465423584 25.10869026184082 
v -3.063650608062744 5.58243465423584 25.207895278930664 
v -4.152014255523682 6.176535606384277 25.10869026184082 
v -4.151419162750244 6.1774444580078125 25.207895278930664 
v -4.211187839508057 6.176535606384277 25.10869026184082 
v -4.211187839508057 6.1774444580078125 25.207895278930664 
v -6.662512302398682 6.176535606384277 25.10869026184082 
v -6.661917209625244 6.1774444580078125 25.207895278930664 
v 10.058206558227539 6.4208984375 25.10649871826172 
v 10.058801651000977 6.421806335449219 25.2056884765625 
v 10.136926651000977 11.349936485290527 25.041893005371094 
v 10.136926651000977 11.350844383239746 25.141082763671875 
v 10.135736465454102 11.863188743591309 25.046485900878906 
v 10.135736465454102 11.863188743591309 25.14569091796875 
v 10.090158462524414 20.995445251464844 25.0413875579834 
v 10.090158462524414 20.995445251464844 25.140592575073242 
v 10.088388442993164 21.066301345825195 25.0413875579834 
v 10.088388442993164 21.066301345825195 25.140592575073242 
v 10.049325942993164 27.33615493774414 25.03218650817871 
v 10.049325942993164 27.33615493774414 25.131391525268555 
v 10.049325942993164 27.78036880493164 25.03218650817871 
v 10.049325942993164 27.78036880493164 25.131391525268555 
v 10.046365737915039 27.83032989501953 25.031890869140625 
v 10.046365737915039 27.83032989501953 25.13109588623047 
v 10.087213516235352 29.449119567871094 25.031890869140625 
v 10.086618423461914 29.44729995727539 25.13109588623047 
v 9.877695083618164 31.12331771850586 25.1066951751709 
v 9.877695083618164 31.120594024658203 25.20588493347168 
v 9.701929092407227 31.761932373046875 25.1066951751709 
v 9.701333999633789 31.761932373046875 25.205787658691406 
v 9.474084854125977 32.35966873168945 25.1066951751709 
v 9.473489761352539 32.35966873168945 25.205787658691406 
v 9.207757949829102 32.810237884521484 25.1066951751709 
v 9.207162857055664 32.809329986572266 25.205787658691406 
v -7.942022800445557 16.407970428466797 25.259885787963867 
v -7.935522556304932 16.409786224365234 25.358795166015625 
v -7.547277927398682 16.017353057861328 25.260095596313477 
v -7.541952610015869 16.020986557006836 25.35909080505371 
v -6.700979709625244 15.43051815032959 25.228797912597656 
v -6.696249485015869 15.434151649475098 25.327890396118164 
v -6.691504001617432 15.424159049987793 25.22889518737793 
v -6.688559055328369 15.429610252380371 25.327890396118164 
v -6.636465549468994 15.39509105682373 25.228797912597656 
v -6.638250827789307 15.402358055114746 25.327791213989258 
v -8.800161361694336 28.25092315673828 25.43639373779297 
v -8.808446884155273 28.248199462890625 25.337596893310547 
v -8.844549179077148 28.19732666015625 25.44129753112793 
v -8.852254867553711 28.194602966308594 25.342485427856445 
v -8.877691268920898 28.135555267333984 25.445188522338867 
v -8.885976791381836 28.133739471435547 25.34629249572754 
v -8.899587631225586 28.067424774169922 25.447786331176758 
v -8.907293319702148 28.066516876220703 25.348989486694336 
v -8.907293319702148 28.001110076904297 25.449092864990234 
v -8.914983749389648 28.000202178955078 25.350196838378906 
v -9.005529403686523 22.91673469543457 25.492191314697266 
v -9.013814926147461 22.91673469543457 25.393295288085938 
v -9.007299423217773 22.65692901611328 25.492191314697266 
v -9.015005111694336 22.65692901611328 25.393295288085938 
v -8.977712631225586 19.67643165588379 25.46968650817871 
v -8.985403060913086 19.67643165588379 25.370792388916016 
v -8.974157333374023 19.319427490234375 25.46968650817871 
v -8.982442855834961 19.322153091430664 25.370792388916016 
v -8.927404403686523 18.735319137573242 25.431997299194336 
v -8.935689926147461 18.73713493347168 25.332988739013672 
v -8.774129867553711 17.81509780883789 25.44389533996582 
v -8.781225204467773 17.814189910888672 25.344886779785156 
v -8.137914657592773 16.27352523803711 25.374387741088867 
v -8.145025253295898 16.27170753479004 25.275394439697266 
v -6.834738254547119 15.22976016998291 25.243196487426758 
v -6.836508274078369 15.237027168273926 25.342288970947266 
v -6.808691501617432 15.215224266052246 25.24309730529785 
v -6.805731296539307 15.220675468444824 25.34218978881836 
v -6.691504001617432 15.424159049987793 25.22889518737793 
v -6.808691501617432 15.215224266052246 25.24309730529785 
v -6.700979709625244 15.43051815032959 25.228797912597656 
v -6.829992771148682 15.22794246673584 25.243196487426758 
v -7.547277927398682 16.017353057861328 25.260095596313477 
v -7.700567722320557 15.8329439163208 25.27508544921875 
v -7.942022800445557 16.407970428466797 25.259885787963867 
v -8.145025253295898 16.27170753479004 25.275394439697266 
v -8.549230575561523 17.881412506103516 25.327089309692383 
v -8.781225204467773 17.814189910888672 25.344886779785156 
v -8.697790145874023 18.766204833984375 25.31499481201172 
v -8.935689926147461 18.73713493347168 25.332988739013672 
v -8.743352890014648 19.333053588867188 25.351898193359375 
v -8.982442855834961 19.322153091430664 25.370792388916016 
v -8.745718002319336 19.679157257080078 25.351898193359375 
v -8.985403060913086 19.67643165588379 25.370792388916016 
v -8.775899887084961 22.6578369140625 25.374387741088867 
v -9.015005111694336 22.65692901611328 25.393295288085938 
v -8.774129867553711 22.91400909423828 25.374387741088867 
v -9.013814926147461 22.91673469543457 25.393295288085938 
v -8.675893783569336 27.98385238647461 25.331388473510742 
v -8.914983749389648 28.000202178955078 25.350196838378906 
v -8.672338485717773 28.01473617553711 25.33079719543457 
v -8.907293319702148 28.066516876220703 25.348989486694336 
v -8.665227890014648 28.03835678100586 25.329885482788086 
v -8.885976791381836 28.133739471435547 25.34629249572754 
v -8.653402328491211 28.060157775878906 25.328493118286133 
v -8.852254867553711 28.194602966308594 25.342485427856445 
v -8.637411117553711 28.079235076904297 25.326793670654297 
v -8.808446884155273 28.248199462890625 25.337596893310547 
v -8.619070053100586 28.094676971435547 25.324687957763672 
v -8.755193710327148 28.293621063232422 25.33179473876953 
v -8.597768783569336 28.106487274169922 25.32249641418457 
v -8.693044662475586 28.328140258789062 25.325193405151367 
v -8.568181991577148 28.116477966308594 25.319292068481445 
v -8.630315780639648 28.348125457763672 25.31859016418457 
v -6.764898777008057 28.5089111328125 25.130590438842773 
v -6.813421726226807 28.744190216064453 25.128692626953125 
v -6.653036594390869 28.530715942382812 25.130590438842773 
v -6.699789524078369 28.7659912109375 25.128692626953125 
v -6.538824558258057 28.554332733154297 25.130590438842773 
v -8.637411117553711 28.079235076904297 25.326793670654297 
v -8.629125595092773 28.081050872802734 25.42559242248535 
v -8.653402328491211 28.060157775878906 25.328493118286133 
v -8.645116806030273 28.061973571777344 25.427291870117188 
v -8.665227890014648 28.03835678100586 25.329885482788086 
v -8.656942367553711 28.040172576904297 25.428695678710938 
v -8.672338485717773 28.01473617553711 25.33079719543457 
v -8.664648056030273 28.015644073486328 25.4296932220459 
v -8.675893783569336 27.98385238647461 25.331388473510742 
v -8.668188095092773 27.984760284423828 25.4302978515625 
v -8.774129867553711 22.91400909423828 25.374387741088867 
v -8.766439437866211 22.91400909423828 25.473297119140625 
v -8.775899887084961 22.6578369140625 25.374387741088867 
v -8.768209457397461 22.65692901611328 25.473297119140625 
v -8.745718002319336 19.679157257080078 25.351898193359375 
v -8.738027572631836 19.67824935913086 25.450794219970703 
v -8.743352890014648 19.333053588867188 25.351898193359375 
v -8.735067367553711 19.3303279876709 25.450794219970703 
v -8.697790145874023 18.766204833984375 25.31499481201172 
v -8.690084457397461 18.765296936035156 25.41398811340332 
v -8.549230575561523 17.881412506103516 25.327089309692383 
v -8.542135238647461 17.881412506103516 25.426097869873047 
v -7.942022800445557 16.407970428466797 25.259885787963867 
v -7.935522556304932 16.409786224365234 25.358795166015625 
v 10.294931411743164 6.181985855102539 25.20769691467285 
v 10.294351577758789 6.18107795715332 25.10849380493164 
v 10.377191543579102 11.349028587341309 25.141082763671875 
v 10.377191543579102 11.349028587341309 25.041893005371094 
v 10.375421524047852 11.864096641540527 25.14569091796875 
v 10.375421524047852 11.865004539489746 25.046485900878906 
v 10.330438613891602 20.99907875061035 25.140592575073242 
v 10.330438613891602 20.99907875061035 25.0413875579834 
v 10.328668594360352 21.070842742919922 25.140592575073242 
v 10.328668594360352 21.070842742919922 25.0413875579834 
v 10.289606094360352 27.33706283569336 25.131391525268555 
v 10.289606094360352 27.33706283569336 25.03218650817871 
v 10.289606094360352 27.787635803222656 25.131391525268555 
v 10.289606094360352 27.787635803222656 25.03218650817871 
v 10.286645889282227 27.83487319946289 25.131685256958008 
v 10.286645889282227 27.83487319946289 25.032495498657227 
v 10.327493667602539 29.459110260009766 25.131587982177734 
v 10.327493667602539 29.460926055908203 25.03239631652832 
v 10.113245010375977 31.167831420898438 25.207487106323242 
v 10.113840103149414 31.169647216796875 25.108295440673828 
v 9.929788589477539 31.836421966552734 25.20758628845215 
v 9.930368423461914 31.837329864501953 25.108394622802734 
v 9.690683364868164 32.464134216308594 25.20758628845215 
v 9.691278457641602 32.464134216308594 25.108394622802734 
v 9.373468399047852 32.99918746948242 25.20758628845215 
v 9.374063491821289 33.00009536743164 25.108394622802734 
v -6.653036594390869 28.53162384033203 25.229795455932617 
v -6.699789524078369 28.766902923583984 25.22788429260254 
v -6.760168552398682 28.510730743408203 25.229795455932617 
v -6.808691501617432 28.746009826660156 25.22788429260254 
v -8.558111190795898 28.119205474853516 25.417991638183594 
v -8.620840072631836 28.350849151611328 25.417190551757812 
v -8.588293075561523 28.109210968017578 25.421194076538086 
v -8.684179306030273 28.33086395263672 25.423891067504883 
v -8.610189437866211 28.097400665283203 25.423484802246094 
v -8.746313095092773 28.296344757080078 25.430593490600586 
v -8.629125595092773 28.081050872802734 25.42559242248535 
v -8.800161361694336 28.25092315673828 25.43639373779297 
v -8.645116806030273 28.061973571777344 25.427291870117188 
v -8.844549179077148 28.19732666015625 25.44129753112793 
v -8.656942367553711 28.040172576904297 25.428695678710938 
v -8.877691268920898 28.135555267333984 25.445188522338867 
v -8.664648056030273 28.015644073486328 25.4296932220459 
v -8.899587631225586 28.067424774169922 25.447786331176758 
v -8.668188095092773 27.984760284423828 25.4302978515625 
v -8.907293319702148 28.001110076904297 25.449092864990234 
v -8.766439437866211 22.91400909423828 25.473297119140625 
v -9.005529403686523 22.91673469543457 25.492191314697266 
v -8.768209457397461 22.65692901611328 25.473297119140625 
v -9.007299423217773 22.65692901611328 25.492191314697266 
v -8.738027572631836 19.67824935913086 25.450794219970703 
v -8.977712631225586 19.67643165588379 25.46968650817871 
v -8.735067367553711 19.3303279876709 25.450794219970703 
v -8.974157333374023 19.319427490234375 25.46968650817871 
v -8.690084457397461 18.765296936035156 25.41398811340332 
v -8.927404403686523 18.735319137573242 25.431997299194336 
v -8.542135238647461 17.881412506103516 25.426097869873047 
v -8.774129867553711 17.81509780883789 25.44389533996582 
v -7.935522556304932 16.409786224365234 25.358795166015625 
v -8.137914657592773 16.27352523803711 25.374387741088867 
v -7.541952610015869 16.020986557006836 25.35909080505371 
v -7.695837497711182 15.836577415466309 25.37409210205078 
v -6.696249485015869 15.434151649475098 25.327890396118164 
v -6.825857639312744 15.2324857711792 25.34218978881836 
v -6.688559055328369 15.429610252380371 25.327890396118164 
v -6.805731296539307 15.220675468444824 25.34218978881836 
v -6.638250827789307 15.402358055114746 25.327791213989258 
v -6.455374240875244 6.417264938354492 25.205591201782227 
v -6.455969333648682 6.416356086730957 25.106386184692383 
v -6.515738010406494 6.826957702636719 25.20428466796875 
v -6.518103122711182 6.829683303833008 25.105093002319336 
v -6.499166965484619 8.856348037719727 25.32509422302246 
v -6.500936985015869 8.871790885925293 25.226591110229492 
v -8.137914657592773 16.27352523803711 25.374387741088867 
v -8.145025253295898 16.27170753479004 25.275394439697266 
v -7.695837497711182 15.836577415466309 25.37409210205078 
v -7.700567722320557 15.8329439163208 25.27508544921875 
v -6.825857639312744 15.2324857711792 25.34218978881836 
v -6.829992771148682 15.22794246673584 25.243196487426758 
v -6.805731296539307 15.220675468444824 25.34218978881836 
v -6.808691501617432 15.215224266052246 25.24309730529785 
v -6.808691501617432 15.215224266052246 25.24309730529785 
v -6.691504001617432 15.424159049987793 25.22889518737793 
v -6.834738254547119 15.22976016998291 25.243196487426758 
v -6.836508274078369 15.237027168273926 25.342288970947266 
v -6.638250827789307 15.402358055114746 25.327791213989258 
v -6.805731296539307 15.220675468444824 25.34218978881836 
v -6.758383274078369 28.75418472290039 25.128692626953125 
v -6.538824558258057 28.554332733154297 25.130590438842773 
v -6.699789524078369 28.7659912109375 25.128692626953125 
v -6.699789524078369 28.766902923583984 25.22788429260254 
v -6.653036594390869 28.53162384033203 25.229795455932617 
v -6.757208347320557 28.756000518798828 25.22788429260254 
v -6.638250827789307 15.402358055114746 25.327791213989258 
v -6.538824558258057 28.554332733154297 25.130590438842773 
vn 0 0 1 
vn 0 0 1 
vn 0 0 1 
vn 0 0 1 
vn 0 0 1 
vn 0 0 1 
vn 2.0682311115474694e-13 4.2775797696334704e-26 -1 
vn -2.0682311115474694e-13 0 -1 
vn 2.0682311115474694e-13 4.2775797696334704e-26 -1 
vn -2.0682311115474694e-13 0 -1 
vn -2.0682311115474694e-13 0 -1 
vn -2.0682311115474694e-13 0 -1 
vn 0.015103200450539589 -0.9998835325241089 0.002184694167226553 
vn 0.015103200450539589 -0.9998835325241089 0.002184694167226553 
vn 3.097898456858039e-13 -0.999997615814209 0.002184694167226553 
vn 3.097898456858039e-13 -0.999997615814209 0.002184694167226553 
vn -0.015103200450539589 -0.9998835325241089 0.002184694167226553 
vn -0.015103200450539589 -0.9998835325241089 0.002184694167226553 
vn 0.015103200450539589 0.9998835325241089 0.002184694167226553 
vn 0.015103200450539589 0.9998835325241089 0.002184694167226553 
vn -1.0341130485562108e-13 0.999997615814209 0.002184694167226553 
vn -1.0341130485562108e-13 0.999997615814209 0.002184694167226553 
vn -0.015103200450539589 0.9998835325241089 0.002184694167226553 
vn -0.015103200450539589 0.9998835325241089 0.002184694167226553 
vn 0.999997615814209 0 0.002184694167226553 
vn 0.999997615814209 0 0.002184694167226553 
vn 0.999997615814209 0 0.002184694167226553 
vn 0.999997615814209 0 0.002184694167226553 
vn -0.999997615814209 -2.0682260971124217e-13 0.002184694167226553 
vn -0.999997615814209 -2.0682260971124217e-13 0.002184694167226553 
vn -0.999997615814209 -2.0682260971124217e-13 0.002184694167226553 
vn -0.999997615814209 -2.0682260971124217e-13 0.002184694167226553 
vn -0.999854564666748 0.007550950627774 0.0152922747656703 
vn -0.9997782111167908 0.007550373673439026 0.01966099627315998 
vn -0.9987804889678955 -0.04528717324137688 0.01966099627315998 
vn -0.9949923753738403 -0.09799819439649582 0.01966099627315998 
vn -0.9884998202323914 -0.15044690668582916 0.0152922747656703 
vn -0.988556444644928 -0.1504555195569992 0.010923261754214764 
vn 0.7878245115280151 -0.6041224002838135 -0.11986933648586273 
vn 0.6174735426902771 -0.7760179042816162 -0.12854042649269104 
vn 0.2900703251361847 -0.9464823603630066 -0.1415284425020218 
vn 0.14104051887989044 -0.9785476326942444 -0.15017375349998474 
vn 0.005660903174430132 -0.9886434078216553 -0.15017375349998474 
vn 0.018878867849707603 -0.9878136515617371 -0.15449213981628418 
vn 0.03397732973098755 -0.9874095916748047 -0.15449213981628418 
vn 0.03397732973098755 -0.9874095916748047 -0.15449213981628418 
vn 0.7056947946548462 -0.7070299983024597 -0.04586252197623253 
vn 0.7056947946548462 -0.7070299983024597 -0.04586252197623253 
vn 0.5616069436073303 -0.8269166946411133 -0.028397228568792343 
vn 0.5616069436073303 -0.8269166946411133 -0.028397228568792343 
vn 0.4240890443325043 -0.9054913520812988 -0.0152922747656703 
vn 0.3686783015727997 -0.9295339584350586 -0.006554040592163801 
vn 0.2612491250038147 -0.9652689099311829 0.002184694167226553 
vn 0.2612491250038147 -0.9652689099311829 0.002184694167226553 
vn 0.20248714089393616 -0.9792630076408386 0.006554040592163801 
vn 0.20248714089393616 -0.9792630076408386 0.006554040592163801 
vn 0.19508613646030426 -0.9807642102241516 0.006554040592163801 
vn 0.19508613646030426 -0.9807642102241516 0.006554040592163801 
vn 0.19508613646030426 -0.9807642102241516 0.006554040592163801 
vn 0.19508613646030426 -0.9807642102241516 0.006554040592163801 
vn -0.026428870856761932 0.9876404404640198 0.15449213981628418 
vn -0.03397732973098755 0.9874095916748047 0.15449213981628418 
vn -0.018878867849707603 0.9878136515617371 0.15449213981628418 
vn -0.001886976882815361 0.9886578321456909 0.15017375349998474 
vn -0.1373041421175003 0.9790788888931274 0.15017375349998474 
vn -0.2900703251361847 0.9464823603630066 0.1415284425020218 
vn -0.6204241514205933 0.7736609578132629 0.12854042649269104 
vn -0.7878245115280151 0.6041224002838135 0.11986933648586273 
vn -0.7083626985549927 0.7043570876121521 0.04586252197623253 
vn -0.7083626985549927 0.7043570876121521 0.04586252197623253 
vn -0.5616069436073303 0.8269166946411133 0.028397228568792343 
vn -0.5616069436073303 0.8269166946411133 0.028397228568792343 
vn -0.4240890443325043 0.9054913520812988 0.0152922747656703 
vn -0.3686783015727997 0.9295339584350586 0.006554040592163801 
vn -0.2757980227470398 0.9612131118774414 -0.002184694167226553 
vn -0.2466406375169754 0.969104528427124 -0.002184694167226553 
vn -0.20987659692764282 0.9777058959007263 -0.006554040592163801 
vn -0.20248714089393616 0.9792630076408386 -0.006554040592163801 
vn -0.19508613646030426 0.9807642102241516 -0.006554040592163801 
vn -0.13712261617183685 0.6881505846977234 -0.7124928832054138 
vn 0.19508613646030426 -0.9807642102241516 0.006554040592163801 
vn 0.19508613646030426 -0.9807642102241516 0.006554040592163801 
vn 0.19508613646030426 -0.9807642102241516 0.006554040592163801 
vn 0.19508613646030426 -0.9807642102241516 0.006554040592163801 
vn 0.9943568110466003 -0.10552351921796799 -0.010923261754214764 
vn 0.9943568110466003 -0.10552351921796799 -0.010923261754214764 
vn 0.9935315847396851 -0.11302972584962845 -0.010923261754214764 
vn 0.9926875233650208 -0.12053409218788147 -0.006554040592163801 
vn 0.9907538890838623 -0.13551314175128937 -0.006554040592163801 
vn 0.9897022247314453 -0.14299128949642181 -0.006554040592163801 
vn 0.9727005362510681 -0.23197147250175476 -0.006554040592163801 
vn 0.9727005362510681 -0.23197147250175476 -0.006554040592163801 
vn 0.9087549448013306 -0.4172786474227905 -0.006554040592163801 
vn 0.9087549448013306 -0.4172786474227905 -0.006554040592163801 
vn 0.7383942008018494 -0.6743374466896057 -0.006554040592163801 
vn 0.5926494598388672 -0.8054338097572327 -0.006554040592163801 
vn 0.6174735426902771 -0.7760179042816162 -0.12854042649269104 
vn 0.7878245115280151 -0.6041224002838135 -0.11986933648586273 
vn 0.9509469866752625 -0.29031676054000854 -0.10684575140476227 
vn 0.9821293354034424 -0.15784676373004913 -0.10250037163496017 
vn 0.9950567483901978 -0.015102912671864033 -0.0981530249118805 
vn 0.9950567483901978 -0.015102912671864033 -0.0981530249118805 
vn 0.9848455786705017 0.14298658072948456 -0.0981530249118805 
vn 0.9848455786705017 0.14298658072948456 -0.0981530249118805 
vn 0.9540826082229614 0.283005952835083 -0.0981530249118805 
vn 0.9540826082229614 0.283005952835083 -0.0981530249118805 
vn -0.9055951237678528 -0.4241376221179962 0.002184694167226553 
vn 0.006750544533133507 0.020776038989424706 0.9997613430023193 
vn 0.01826169155538082 0.024529708549380302 0.9995322823524475 
vn 0.012840298935770988 0.017673155292868614 0.9997613430023193 
vn 0.011351687833666801 0.006553899962455034 0.9999141097068787 
vn 0.008738672360777855 0 0.999961793422699 
vn 0.008738672360777855 0 0.999961793422699 
vn 0.008738672360777855 0 0.999961793422699 
vn 0.008738672360777855 0 0.999961793422699 
vn 0.006694211158901453 -0.005617110058665276 0.999961793422699 
vn 0.006694211158901453 -0.005617110058665276 0.999961793422699 
vn 0.006694211158901453 -0.005617110058665276 0.999961793422699 
vn 0.006694211158901453 -0.005617110058665276 0.999961793422699 
vn 0.0015174545114859939 -0.008605912327766418 0.999961793422699 
vn 0.0015174545114859939 -0.008605912327766418 0.999961793422699 
vn 0.0015174545114859939 -0.008605912327766418 0.999961793422699 
vn 0.0015174545114859939 -0.008605912327766418 0.999961793422699 
vn 0.0015174545114859939 -0.008605912327766418 0.999961793422699 
vn 0.0015174545114859939 -0.008605912327766418 0.999961793422699 
vn 0.0015174545114859939 -0.008605912327766418 0.999961793422699 
vn 0.0015174545114859939 -0.008605912327766418 0.999961793422699 
vn -0.0043693361803889275 -0.007567912340164185 0.999961793422699 
vn -0.0043693361803889275 -0.007567912340164185 0.999961793422699 
vn -0.0043693361803889275 -0.007567912340164185 0.999961793422699 
vn -0.0043693361803889275 -0.007567912340164185 0.999961793422699 
vn -0.008211665786802769 -0.0029888020362704992 0.999961793422699 
vn -0.008211665786802769 -0.0029888020362704992 0.999961793422699 
vn -0.008211665786802769 -0.0029888020362704992 0.999961793422699 
vn -0.008211665786802769 -0.0029888020362704992 0.999961793422699 
vn 6.767443423954644e-15 -0.021845221519470215 0.9997613430023193 
vn 6.767443423954644e-15 -0.021845221519470215 0.9997613430023193 
vn -0.0017781255301088095 -0.030529234558343887 0.9995322823524475 
vn 4.0606729845218004e-15 -0.013107799924910069 0.9999141097068787 
vn -0.0035349009558558464 -0.002568255877122283 0.9999904632568359 
vn 0 0 1 
vn 0 0 1 
vn 0 0 1 
vn 0 0 1 
vn 0 0 1 
vn 0 0 1 
vn 0 0 1 
vn 0 0 1 
vn 0 0 1 
vn 0.0013502120273187757 -0.0041555254720151424 0.9999904632568359 
vn 0.0013502120273187757 -0.0041555254720151424 0.9999904632568359 
vn 0 0 1 
vn 0.0013502120273187757 0.0041555254720151424 0.9999904632568359 
vn -1.3584084427309948e-15 0.013107799924910069 0.9999141097068787 
vn 0.0015174545114859939 0.008605912327766418 0.999961793422699 
vn -0.0043693361803889275 0.007567912340164185 0.999961793422699 
vn -0.0043693361803889275 0.007567912340164185 0.999961793422699 
vn -0.0043693361803889275 0.007567912340164185 0.999961793422699 
vn -0.0043693361803889275 0.007567912340164185 0.999961793422699 
vn -0.0043693361803889275 0.007567912340164185 0.999961793422699 
vn -0.0043693361803889275 0.007567912340164185 0.999961793422699 
vn -0.0043693361803889275 0.007567912340164185 0.999961793422699 
vn -0.0043693361803889275 0.007567912340164185 0.999961793422699 
vn -0.0043693361803889275 0.007567912340164185 0.999961793422699 
vn -0.0043693361803889275 0.007567912340164185 0.999961793422699 
vn 0.0015174545114859939 0.008605912327766418 0.999961793422699 
vn 0.0015174545114859939 0.008605912327766418 0.999961793422699 
vn 0.0015174545114859939 0.008605912327766418 0.999961793422699 
vn 0.0015174545114859939 0.008605912327766418 0.999961793422699 
vn 0.0015174545114859939 0.008605912327766418 0.999961793422699 
vn 0.0015174545114859939 0.008605912327766418 0.999961793422699 
vn 0.016146345064044 0.006688034627586603 0.9998472929000854 
vn 0.016146345064044 0.006688034627586603 0.9998472929000854 
vn 0.020776038989424706 0.006750544533133507 0.9997613430023193 
vn 0.011351687833666801 0.006553899962455034 0.9999141097068787 
vn 0.0015174545114859939 0.008605912327766418 0.999961793422699 
vn 0.0015174545114859939 0.008605912327766418 0.999961793422699 
vn -1.3584084427309948e-15 0.013107799924910069 0.9999141097068787 
vn -1.3584084427309948e-15 0.013107799924910069 0.9999141097068787 
vn -1.3584084427309948e-15 0.013107799924910069 0.9999141097068787 
vn 0.0015174545114859939 0.008605912327766418 0.999961793422699 
vn 0.006694211158901453 0.005617110058665276 0.999961793422699 
vn 0.006694211158901453 0.005617110058665276 0.999961793422699 
vn 0.0015174545114859939 0.008605912327766418 0.999961793422699 
vn 0.0015174545114859939 0.008605912327766418 0.999961793422699 
vn 0.0015174545114859939 0.008605912327766418 0.999961793422699 
vn 0.0015174545114859939 0.008605912327766418 0.999961793422699 
vn 0.006694211158901453 0.005617110058665276 0.999961793422699 
vn 0.011351687833666801 0.006553899962455034 0.9999141097068787 
vn 0.017892003059387207 -0.019157657399773598 0.9996563792228699 
vn 0.017546063289046288 -0.04000099375844002 0.9990455508232117 
vn -0.011044598184525967 -0.09096045047044754 0.9957932829856873 
vn -0.047421395778656006 -0.12180086225271225 0.991421103477478 
vn -0.0692039430141449 -0.15481965243816376 0.9855159521102905 
vn -0.060298241674900055 -0.14924338459968567 0.986960232257843 
vn -0.020449334755539894 -0.14222824573516846 0.9896226525306702 
vn 0.011151295155286789 -0.13457611203193665 0.990840494632721 
vn 0.04878923296928406 -0.11657565832138062 0.9919826984405518 
vn 0.062090352177619934 -0.10506217181682587 0.9925254583358765 
vn 0.08379530161619186 -0.06272837519645691 0.9945066571235657 
vn 0.09139546006917953 -0.029304776340723038 0.9953833818435669 
vn 0.10032693296670914 0 0.994954526424408 
vn 0.10032693296670914 0 0.994954526424408 
vn 0.09482593089342117 0.014830504544079304 0.9953833818435669 
vn 0.09482593089342117 0.014830504544079304 0.9953833818435669 
vn 0.06858493387699127 0.060760948807001114 0.9957932829856873 
vn 0.06858493387699127 0.060760948807001114 0.9957932829856873 
vn 0.023941023275256157 0.09294475615024567 0.9953833818435669 
vn 0.023941023275256157 0.09294475615024567 0.9953833818435669 
vn 0.0018539319280534983 0.10030980408191681 0.994954526424408 
vn 0.0018539319280534983 0.10030980408191681 0.994954526424408 
vn -0.005559263285249472 0.10017279535531998 0.994954526424408 
vn -0.012942096218466759 0.09948867559432983 0.994954526424408 
vn -0.022180303931236267 0.10673747956752777 0.9940398335456848 
vn -0.03128603473305702 0.11795955151319504 0.9925254583358765 
vn -0.04039058834314346 0.12430945038795471 0.991421103477478 
vn -0.9943568110466003 0.10552351921796799 0.010923261754214764 
vn -0.9943568110466003 0.10552351921796799 0.010923261754214764 
vn -0.9935315847396851 0.11302972584962845 0.010923261754214764 
vn -0.9926875233650208 0.12053409218788147 0.006554040592163801 
vn -0.9907538890838623 0.13551314175128937 0.006554040592163801 
vn -0.9897022247314453 0.14299128949642181 0.006554040592163801 
vn -0.9727005362510681 0.23197147250175476 0.006554040592163801 
vn -0.9727005362510681 0.23197147250175476 0.006554040592163801 
vn -0.9087549448013306 0.4172786474227905 0.006554040592163801 
vn -0.9087549448013306 0.4172786474227905 0.006554040592163801 
vn -0.6687420010566711 0.7434656620025635 0.006554040592163801 
vn -0.6687420010566711 0.7434656620025635 0.006554040592163801 
vn 0.8054338097572327 -0.5926494598388672 0.006554040592163801 
vn 0.02073531225323677 -0.09816078841686249 -0.994954526424408 
vn 0.037487100809812546 -0.12521563470363617 -0.991421103477478 
vn 0.03189120441675186 -0.1177973821759224 -0.9925254583358765 
vn 0.026373766362667084 -0.10577939450740814 -0.9940398335456848 
vn 0.01325214933604002 -0.09944784641265869 -0.994954526424408 
vn 0.005693079438060522 -0.10016527771949768 -0.994954526424408 
vn -0.0018985996721312404 -0.10030896961688995 -0.994954526424408 
vn -0.0018985996721312404 -0.10030896961688995 -0.994954526424408 
vn -0.02453373745083809 -0.09279006719589233 -0.9953833818435669 
vn -0.02453373745083809 -0.09279006719589233 -0.9953833818435669 
vn -0.0723077803850174 -0.05627940595149994 -0.9957932829856873 
vn -0.0723077803850174 -0.05627940595149994 -0.9957932829856873 
vn -0.094087615609169 -0.01895841211080551 -0.9953833818435669 
vn -0.09529643505811691 -0.011423205025494099 -0.9953833818435669 
vn -0.1002550795674324 -0.0037965194787830114 -0.994954526424408 
vn -0.1002550795674324 -0.0037965194787830114 -0.994954526424408 
vn -0.08989681303501129 0.03362236171960831 -0.9953833818435669 
vn -0.08098844438791275 0.06631269305944443 -0.9945066571235657 
vn -0.06319732964038849 0.10440004616975784 -0.9925254583358765 
vn -0.04966796934604645 0.11620398610830307 -0.9919826984405518 
vn -0.015119384974241257 0.13418824970722198 -0.990840494632721 
vn 0.020790621638298035 0.1421787589788437 -0.9896226525306702 
vn 0.06115896627306938 0.14889274537563324 -0.986960232257843 
vn 0.07479266077280045 0.1521984487771988 -0.9855159521102905 
vn 0.05167655274271965 0.12475822865962982 -0.990840494632721 
vn 0.013315648771822453 0.09505048394203186 -0.9953833818435669 
vn -0.021840007975697517 0.037828002125024796 -0.9990455508232117 
vn -0.019215743988752365 0.01782960444688797 -0.9996563792228699 
vn -0.007873271591961384 -0.0037915678694844246 -0.999961793422699 
vn -0.0019445375073701143 -0.00851957593113184 -0.999961793422699 
vn -0.0019445375073701143 -0.00851957593113184 -0.999961793422699 
vn -0.0019445375073701143 -0.00851957593113184 -0.999961793422699 
vn -0.0019445375073701143 -0.00851957593113184 -0.999961793422699 
vn -0.0019445375073701143 -0.00851957593113184 -0.999961793422699 
vn -0.0019445375073701143 -0.00851957593113184 -0.999961793422699 
vn -0.0019445375073701143 -0.00851957593113184 -0.999961793422699 
vn 0.0040505328215658665 -0.012466258369386196 -0.9999141097068787 
vn 0.0040505328215658665 -0.012466258369386196 -0.9999141097068787 
vn 0.0040505328215658665 -0.012466258369386196 -0.9999141097068787 
vn 0.0040505328215658665 -0.012466258369386196 -0.9999141097068787 
vn -0.0019445375073701143 -0.00851957593113184 -0.999961793422699 
vn -0.0019445375073701143 -0.00851957593113184 -0.999961793422699 
vn -0.0106044327840209 -0.007704571355134249 -0.9999141097068787 
vn -0.0205277930945158 -0.007471505552530289 -0.9997613430023193 
vn -0.015745941549539566 -0.007582846097648144 -0.9998472929000854 
vn -0.015745941549539566 -0.007582846097648144 -0.9998472929000854 
vn -0.0019445375073701143 -0.00851957593113184 -0.999961793422699 
vn -0.0019445375073701143 -0.00851957593113184 -0.999961793422699 
vn -0.0019445375073701143 -0.00851957593113184 -0.999961793422699 
vn -0.0019445375073701143 -0.00851957593113184 -0.999961793422699 
vn -0.0019445375073701143 -0.00851957593113184 -0.999961793422699 
vn -0.0019445375073701143 -0.00851957593113184 -0.999961793422699 
vn 0.005448473151773214 -0.0068321689032018185 -0.999961793422699 
vn 0.005448473151773214 -0.0068321689032018185 -0.999961793422699 
vn 0.005448473151773214 -0.0068321689032018185 -0.999961793422699 
vn 0.005448473151773214 -0.0068321689032018185 -0.999961793422699 
vn 0.005448473151773214 -0.0068321689032018185 -0.999961793422699 
vn 0.005448473151773214 -0.0068321689032018185 -0.999961793422699 
vn 0.005448473151773214 -0.0068321689032018185 -0.999961793422699 
vn 0.005448473151773214 -0.0068321689032018185 -0.999961793422699 
vn 0.005448473151773214 -0.0068321689032018185 -0.999961793422699 
vn 0.005448473151773214 -0.0068321689032018185 -0.999961793422699 
vn -0.0019445375073701143 -0.00851957593113184 -0.999961793422699 
vn -0.0040505328215658665 -0.012466258369386196 -0.9999141097068787 
vn -0.002184688812121749 -0.0037839922588318586 -0.9999904632568359 
vn 2.0682311115474694e-13 4.2775797696334704e-26 -1 
vn -0.002184688812121749 0.0037839922588318586 -0.9999904632568359 
vn -0.002184688812121749 0.0037839922588318586 -0.9999904632568359 
vn -2.0682311115474694e-13 0 -1 
vn -2.0682311115474694e-13 0 -1 
vn -2.0682311115474694e-13 0 -1 
vn -2.0682311115474694e-13 0 -1 
vn -2.0682311115474694e-13 0 -1 
vn -2.0682311115474694e-13 0 -1 
vn 2.0682311115474694e-13 4.2775797696334704e-26 -1 
vn -2.0682311115474694e-13 0 -1 
vn -2.0682311115474694e-13 0 -1 
vn 0.004369377624243498 0 -0.9999904632568359 
vn 0.0040505328215658665 0.012466258369386196 -0.9999141097068787 
vn 0.001920195179991424 0.03052062913775444 -0.9995322823524475 
vn 0.0037933827843517065 0.02151334285736084 -0.9997613430023193 
vn 0.0037933827843517065 0.02151334285736084 -0.9997613430023193 
vn 0.008738672360777855 0 -0.999961793422699 
vn 0.008738672360777855 0 -0.999961793422699 
vn 0.005448473151773214 0.0068321689032018185 -0.999961793422699 
vn 0.005448473151773214 0.0068321689032018185 -0.999961793422699 
vn 0.005448473151773214 0.0068321689032018185 -0.999961793422699 
vn 0.005448473151773214 0.0068321689032018185 -0.999961793422699 
vn -0.0019445375073701143 0.00851957593113184 -0.999961793422699 
vn -0.0019445375073701143 0.00851957593113184 -0.999961793422699 
vn -0.0019445375073701143 0.00851957593113184 -0.999961793422699 
vn -0.0019445375073701143 0.00851957593113184 -0.999961793422699 
vn -0.0019445375073701143 0.00851957593113184 -0.999961793422699 
vn -0.0019445375073701143 0.00851957593113184 -0.999961793422699 
vn -0.0019445375073701143 0.00851957593113184 -0.999961793422699 
vn -0.0019445375073701143 0.00851957593113184 -0.999961793422699 
vn -0.0019445375073701143 0.00851957593113184 -0.999961793422699 
vn -0.0019445375073701143 0.00851957593113184 -0.999961793422699 
vn -0.007873271591961384 0.0037915678694844246 -0.999961793422699 
vn -0.007873271591961384 0.0037915678694844246 -0.999961793422699 
vn -0.007873271591961384 0.0037915678694844246 -0.999961793422699 
vn -0.007873271591961384 0.0037915678694844246 -0.999961793422699 
vn -0.007873271591961384 0.0037915678694844246 -0.999961793422699 
vn -0.007873271591961384 0.0037915678694844246 -0.999961793422699 
vn -0.007873271591961384 0.0037915678694844246 -0.999961793422699 
vn -0.007873271591961384 0.0037915678694844246 -0.999961793422699 
vn -0.0106044327840209 -0.007704571355134249 -0.9999141097068787 
vn -0.010922610759735107 -0.018918516114354134 -0.9997613430023193 
vn -0.013020745478570461 -0.027670491486787796 -0.9995322823524475 
vn -0.6204241514205933 0.7736609578132629 0.12854042649269104 
vn -0.7878245115280151 0.6041224002838135 0.11986933648586273 
vn -0.9510508179664612 0.28997644782066345 0.10684575140476227 
vn -0.9821293354034424 0.15784676373004913 0.10250037163496017 
vn -0.9950567483901978 0.015102912671864033 0.0981530249118805 
vn -0.9950567483901978 0.015102912671864033 0.0981530249118805 
vn -0.9848455786705017 -0.14298658072948456 0.0981530249118805 
vn -0.9848455786705017 -0.14298658072948456 0.0981530249118805 
vn -0.9540826082229614 -0.283005952835083 0.0981530249118805 
vn -0.9540826082229614 -0.283005952835083 0.0981530249118805 
vn 0.7383942008018494 -0.6743374466896057 -0.006554040592163801 
vn 0.5926494598388672 -0.8054338097572327 -0.006554040592163801 
vn 0.3826752007007599 -0.923859715461731 -0.006554040592163801 
vn 0.34043535590171814 -0.9402450919151306 -0.006554040592163801 
vn 0.16537508368492126 -0.986208975315094 -0.006554040592163801 
vn 0.16537508368492126 -0.986208975315094 -0.006554040592163801 
vn 0.015102911740541458 -0.9998644590377808 -0.006554040592163801 
vn 0.015102911740541458 -0.9998644590377808 -0.006554040592163801 
vn 3.0978390967890956e-13 -0.9999785423278809 -0.006554040592163801 
vn 3.0978390967890956e-13 -0.9999785423278809 -0.006554040592163801 
vn -0.20248714089393616 -0.9792630076408386 -0.006554040592163801 
vn -0.20248714089393616 -0.9792630076408386 -0.006554040592163801 
vn -0.5742512345314026 -0.818652868270874 -0.006554040592163801 
vn -0.7383942008018494 -0.6743374466896057 -0.006554040592163801 
vn -0.6687420010566711 0.7434656620025635 0.006554040592163801 
vn -0.6687420010566711 0.7434656620025635 0.006554040592163801 
vn -0.3616480827331543 0.9322916269302368 0.006554040592163801 
vn -0.3616480827331543 0.9322916269302368 0.006554040592163801 
vn -0.16537508368492126 0.986208975315094 0.006554040592163801 
vn -0.16537508368492126 0.986208975315094 0.006554040592163801 
vn -0.015102911740541458 0.9998644590377808 0.006554040592163801 
vn -0.015102911740541458 0.9998644590377808 0.006554040592163801 
vn -1.0340933296291988e-13 0.9999785423278809 0.006554040592163801 
vn -1.0340933296291988e-13 0.9999785423278809 0.006554040592163801 
vn 0.20248714089393616 0.9792630076408386 0.006554040592163801 
vn 0.20248714089393616 0.9792630076408386 0.006554040592163801 
vn 0.5742512345314026 0.818652868270874 0.006554040592163801 
vn 0.7383942008018494 0.6743374466896057 0.006554040592163801 
vn 0.44438114762306213 0.8904444575309753 -0.0981530249118805 
vn 0.44438114762306213 0.8904444575309753 -0.0981530249118805 
vn 0.25392022728919983 0.9622320532798767 -0.0981530249118805 
vn 0.25392022728919983 0.9622320532798767 -0.0981530249118805 
vn 0.015102912671864033 0.9950567483901978 -0.0981530249118805 
vn 0.015102912671864033 0.9950567483901978 -0.0981530249118805 
vn -0.015102912671864033 0.9950567483901978 -0.0981530249118805 
vn -0.015102912671864033 0.9950567483901978 -0.0981530249118805 
vn -0.015102912671864033 0.9950567483901978 -0.0981530249118805 
vn -0.015096260234713554 0.9946184158325195 -0.10250037163496017 
vn -0.9524264931678772 -0.3046979308128357 0.006554040592163801 
vn -0.9524446725845337 -0.3047037422657013 0.002184694167226553 
vn -0.9524446725845337 -0.3047037422657013 0.002184694167226553 
vn -0.9524264931678772 -0.3046979308128357 -0.006554040592163801 
vn -0.44438114762306213 -0.8904444575309753 0.0981530249118805 
vn -0.44438114762306213 -0.8904444575309753 0.0981530249118805 
vn -0.31899333000183105 -0.9426607489585876 0.0981530249118805 
vn -0.180241659283638 -0.9787129163742065 0.0981530249118805 
vn -0.015102912671864033 -0.9950567483901978 0.0981530249118805 
vn -0.015102912671864033 -0.9950567483901978 0.0981530249118805 
vn 0.015102912671864033 -0.9950567483901978 0.0981530249118805 
vn 0.015102912671864033 -0.9950567483901978 0.0981530249118805 
vn 0.015102912671864033 -0.9950567483901978 0.0981530249118805 
vn 0.015096260234713554 -0.9946184158325195 0.10250037163496017 
vn -1.0340538240125388e-13 0.9999403357505798 -0.010923261754214764 
vn -1.0340538240125388e-13 0.9999403357505798 -0.010923261754214764 
vn -1.0340538240125388e-13 0.9999403357505798 -0.010923261754214764 
vn -1.0340538240125388e-13 0.9999403357505798 -0.010923261754214764 
vn 0.24662651121616364 0.9690490365028381 -0.010923261754214764 
vn 0.24662651121616364 0.9690490365028381 -0.010923261754214764 
vn 0.568030834197998 0.8229347467422485 -0.010923261754214764 
vn 0.568030834197998 0.8229347467422485 -0.010923261754214764 
vn 0.5555371046066284 0.8314200043678284 -0.010923261754214764 
vn 0.5555371046066284 0.8314200043678284 -0.010923261754214764 
vn 0.4309397339820862 0.9023146033287048 -0.010923261754214764 
vn 0.4309397339820862 0.9023146033287048 -0.010923261754214764 
vn 0.4172627329826355 0.9087202548980713 -0.010923261754214764 
vn 0.4309397339820862 0.9023146033287048 -0.010923261754214764 
vn 0.3686642050743103 0.9294984340667725 -0.010923261754214764 
vn 0.2974966764450073 0.9547003507614136 -0.006554040592163801 
vn 0.20248714089393616 0.9792630076408386 -0.006554040592163801 
vn 0.20248714089393616 0.9792630076408386 -0.006554040592163801 
vn 0.07544567435979843 0.9971283674240112 -0.006554040592163801 
vn 0.07544567435979843 0.9971283674240112 -0.006554040592163801 
vn -0.05283758416771889 0.99858158826828 -0.006554040592163801 
vn -0.05283758416771889 0.99858158826828 -0.006554040592163801 
vn -0.12053409218788147 0.9926875233650208 -0.006554040592163801 
vn -0.15046127140522003 0.9885941743850708 -0.006554040592163801 
vn -0.32619577646255493 0.9452795386314392 -0.006554040592163801 
vn -0.32619577646255493 0.9452795386314392 -0.006554040592163801 
vn -0.4780331552028656 0.8783173561096191 -0.006554040592163801 
vn -0.4780331552028656 0.8783173561096191 -0.006554040592163801 
vn -0.5555583238601685 0.8314517736434937 -0.006554040592163801 
vn -0.5555583238601685 0.8314517736434937 -0.006554040592163801 
vn -0.5865500569343567 0.8098864555358887 -0.006554040592163801 
vn -0.5865500569343567 0.8098864555358887 -0.006554040592163801 
vn -0.3826752007007599 0.923859715461731 -0.006554040592163801 
vn -0.19508613646030426 0.9807642102241516 -0.006554040592163801 
vn -1.0340933296291988e-13 0.9999785423278809 -0.006554040592163801 
vn -1.0340933296291988e-13 0.9999785423278809 -0.006554040592163801 
vn 0.9524264931678772 0.3046979308128357 0.006554040592163801 
vn 0.9524446725845337 0.3047037422657013 0.002184694167226553 
vn 0.9524446725845337 0.3047037422657013 0.002184694167226553 
vn 0.9524264931678772 0.3046979308128357 -0.006554040592163801 
vn 3.0978390967890956e-13 -0.9999785423278809 0.006554040592163801 
vn 3.0978390967890956e-13 -0.9999785423278809 0.006554040592163801 
vn 0.29027843475341797 -0.95691978931427 0.006554040592163801 
vn 0.29027843475341797 -0.95691978931427 0.006554040592163801 
vn 0.5865500569343567 -0.8098864555358887 0.006554040592163801 
vn 0.5865500569343567 -0.8098864555358887 0.006554040592163801 
vn 0.5555583238601685 -0.8314517736434937 0.006554040592163801 
vn 0.5555583238601685 -0.8314517736434937 0.006554040592163801 
vn 0.4780331552028656 -0.8783173561096191 0.006554040592163801 
vn 0.4780331552028656 -0.8783173561096191 0.006554040592163801 
vn 0.32619577646255493 -0.9452795386314392 0.006554040592163801 
vn 0.32619577646255493 -0.9452795386314392 0.006554040592163801 
vn 0.15046127140522003 -0.9885941743850708 0.006554040592163801 
vn 0.11303403973579407 -0.9935694932937622 0.006554040592163801 
vn 0.05283758416771889 -0.99858158826828 0.006554040592163801 
vn 0.05283758416771889 -0.99858158826828 0.006554040592163801 
vn -0.07544567435979843 -0.9971283674240112 0.006554040592163801 
vn -0.07544567435979843 -0.9971283674240112 0.006554040592163801 
vn -0.20248714089393616 -0.9792630076408386 0.006554040592163801 
vn -0.20248714089393616 -0.9792630076408386 0.006554040592163801 
vn -0.3333250880241394 -0.9427891969680786 0.006554040592163801 
vn -0.3333250880241394 -0.9427891969680786 0.006554040592163801 
vn -0.4309397339820862 -0.9023146033287048 0.010923261754214764 
vn -0.4172627329826355 -0.9087202548980713 0.010923261754214764 
vn -0.4309397339820862 -0.9023146033287048 0.010923261754214764 
vn -0.4309397339820862 -0.9023146033287048 0.010923261754214764 
vn -0.5555371046066284 -0.8314200043678284 0.010923261754214764 
vn -0.5555371046066284 -0.8314200043678284 0.010923261754214764 
vn -0.568030834197998 -0.8229347467422485 0.010923261754214764 
vn -0.568030834197998 -0.8229347467422485 0.010923261754214764 
vn -0.24662651121616364 -0.9690490365028381 0.010923261754214764 
vn -0.24662651121616364 -0.9690490365028381 0.010923261754214764 
vn 3.0977209187522947e-13 -0.9999403357505798 0.010923261754214764 
vn 3.0977209187522947e-13 -0.9999403357505798 0.010923261754214764 
vn 3.0977209187522947e-13 -0.9999403357505798 0.010923261754214764 
vn 3.0977209187522947e-13 -0.9999403357505798 0.010923261754214764 
vn -0.9998835325241089 0.015103200450539589 0.002184694167226553 
vn -0.9998835325241089 0.015103200450539589 0.002184694167226553 
vn -0.9999691247940063 0.007551815826445818 0.002184694167226553 
vn -0.999997615814209 -2.0682260971124217e-13 -0.002184694167226553 
vn -0.9999691247940063 -0.007551815826445818 -0.002184694167226553 
vn -0.9999691247940063 -0.007551815826445818 -0.002184694167226553 
vn -0.9998835325241089 -0.015103200450539589 0.002184694167226553 
vn -0.9998835325241089 -0.015103200450539589 0.002184694167226553 
vn -0.9998835325241089 -0.015103200450539589 0.002184694167226553 
vn -0.9998835325241089 -0.015103200450539589 0.002184694167226553 
vn -0.999997615814209 -2.0682260971124217e-13 0.002184694167226553 
vn -0.999997615814209 -2.0682260971124217e-13 0.002184694167226553 
vn -0.9997409582138062 -0.022653724998235703 0.002184694167226553 
vn -0.9992848038673401 -0.03775046393275261 -0.002184694167226553 
vn -0.9995414018630981 -0.0302029550075531 -0.002184694167226553 
vn -0.9999691247940063 -0.007551815826445818 -0.002184694167226553 
vn -0.9997409582138062 -0.022653724998235703 -0.002184694167226553 
vn -0.9971474409103394 -0.07544711232185364 -0.002184694167226553 
vn -0.9807642102241516 -0.19508613646030426 -0.006554040592163801 
vn -0.9807642102241516 -0.19508613646030426 -0.006554040592163801 
vn -0.9500982761383057 -0.31188181042671204 -0.006554040592163801 
vn -0.9500982761383057 -0.31188181042671204 -0.006554040592163801 
vn -0.8990688323974609 -0.43775829672813416 -0.006554040592163801 
vn -0.8990688323974609 -0.43775829672813416 -0.006554040592163801 
vn -0.7383942008018494 -0.6743374466896057 -0.006554040592163801 
vn -0.5742512345314026 -0.818652868270874 -0.006554040592163801 
vn 0.8287758827209473 0.5554735064506531 -0.06767380982637405 
vn 0.8287758827209473 0.5554735064506531 -0.06767380982637405 
vn 0.6610315442085266 0.7476822137832642 -0.0633138045668602 
vn 0.6146244406700134 0.7862748503684998 -0.0633138045668602 
vn 0.5473265051841736 0.8348402976989746 -0.058952588587999344 
vn 0.5282506346702576 0.8470394611358643 -0.058952588587999344 
vn 0.4958585202693939 0.8664000034332275 -0.058952588587999344 
vn 0.4827006459236145 0.8737990260124207 -0.058952588587999344 
vn 0.46943238377571106 0.8809981942176819 -0.058952588587999344 
vn 0.46943238377571106 0.8809981942176819 -0.058952588587999344 
vn -0.7083626985549927 0.7043570876121521 0.04586252197623253 
vn -0.7083626985549927 0.7043570876121521 0.04586252197623253 
vn -0.8275253176689148 0.5583246350288391 0.058952588587999344 
vn -0.8275253176689148 0.5583246350288391 0.058952588587999344 
vn -0.9030740857124329 0.4241196811199188 0.06767380982637405 
vn -0.9270878434181213 0.36868467926979065 0.06767380982637405 
vn -0.9661272764205933 0.24650077521800995 0.0763898640871048 
vn -0.980667233467102 0.1801566481590271 0.0763898640871048 
vn -0.9947648048400879 0.06787930428981781 0.0763898640871048 
vn -0.9947648048400879 0.06787930428981781 0.0763898640871048 
vn -0.9966204762458801 0.01509019173681736 0.08074574917554855 
vn -0.9966204762458801 0.01509019173681736 0.08074574917554855 
vn -0.9967347383499146 -2.0614777517403288e-13 0.08074574917554855 
vn -0.9967347383499146 -2.0614777517403288e-13 0.08074574917554855 
vn -0.9970494508743286 -0.0075479112565517426 0.0763898640871048 
vn -0.9970494508743286 -0.0075479112565517426 0.0763898640871048 
vn -0.9963638782501221 -0.037730906158685684 0.0763898640871048 
vn -0.9952501654624939 -0.06034696102142334 0.0763898640871048 
vn -0.9906567931175232 -0.11297659575939178 0.0763898640871048 
vn -0.9878358244895935 -0.13544364273548126 0.0763898640871048 
vn -0.9585330486297607 -0.27572765946388245 0.07203252613544464 
vn -0.9585330486297607 -0.27572765946388245 0.07203252613544464 
vn -0.8287758827209473 -0.5554735064506531 0.06767380982637405 
vn -0.8287758827209473 -0.5554735064506531 0.06767380982637405 
vn 0.46943238377571106 0.8809981942176819 -0.058952588587999344 
vn 0.46943238377571106 0.8809981942176819 -0.058952588587999344 
vn 0.46943238377571106 0.8809981942176819 -0.058952588587999344 
vn 0.46943238377571106 0.8809981942176819 -0.058952588587999344 
vn -0.0260293111205101 -0.05531509965658188 -0.9981296062469482 
vn -0.0260293111205101 -0.05531509965658188 -0.9981296062469482 
vn -0.038967858999967575 -0.04710404947400093 -0.9981296062469482 
vn -0.05017128586769104 -0.04209870845079422 -0.9978529810905457 
vn -0.054719407111406326 -0.03598951920866966 -0.9978529810905457 
vn -0.05017128586769104 -0.04209870845079422 -0.9978529810905457 
vn -0.058527544140815735 -0.0293936375528574 -0.9978529810905457 
vn -0.06944385170936584 -0.007552473805844784 -0.9975572824478149 
vn -0.07847624272108078 -0.0037958852481096983 -0.9969087839126587 
vn -0.07332735508680344 -0.01142043061554432 -0.9972425103187561 
vn -0.07628495246171951 0.018802551552653313 -0.9969087839126587 
vn -0.07628495246171951 0.018802551552653313 -0.9969087839126587 
vn -0.08391095697879791 0.03680675849318504 -0.9957932829856873 
vn -0.08078362047672272 0.01871494948863983 -0.9965559244155884 
vn -0.07847624272108078 0.0037958852481096983 -0.9969087839126587 
vn -0.07847624272108078 0.0037958852481096983 -0.9969087839126587 
vn -0.07847624272108078 0.0037958852481096983 -0.9969087839126587 
vn -0.07847624272108078 0.0037958852481096983 -0.9969087839126587 
vn -0.07847624272108078 -0.0037958852481096983 -0.9969087839126587 
vn -0.07847624272108078 -0.0037958852481096983 -0.9969087839126587 
vn -0.0777435302734375 -0.011352214962244034 -0.9969087839126587 
vn -0.0777435302734375 -0.011352214962244034 -0.9969087839126587 
vn -0.0777435302734375 -0.011352214962244034 -0.9969087839126587 
vn -0.0777435302734375 -0.011352214962244034 -0.9969087839126587 
vn -0.08078362047672272 -0.01871494948863983 -0.9965559244155884 
vn -0.08078362047672272 -0.01871494948863983 -0.9965559244155884 
vn -0.08078362047672272 -0.01871494948863983 -0.9965559244155884 
vn -0.08430277556180954 -0.022588860243558884 -0.9961841106414795 
vn -0.08430277556180954 -0.022588860243558884 -0.9961841106414795 
vn -0.08882471174001694 -0.022493472322821617 -0.9957932829856873 
vn -0.08882471174001694 -0.022493472322821617 -0.9957932829856873 
vn -0.08882471174001694 -0.022493472322821617 -0.9957932829856873 
vn -0.0922839418053627 -0.026373758912086487 -0.9953833818435669 
vn -0.0922839418053627 -0.026373758912086487 -0.9953833818435669 
vn -0.0968259945511818 -0.026272062212228775 -0.994954526424408 
vn -0.0968259945511818 -0.026272062212228775 -0.994954526424408 
vn -0.0661967322230339 -0.022304276004433632 -0.9975572824478149 
vn -0.0331185981631279 -0.011158955283463001 -0.999389111995697 
vn -0.0019445375073701143 -0.00851957593113184 -0.999961793422699 
vn -0.0019445375073701143 -0.00851957593113184 -0.999961793422699 
vn 0.7964062690734863 0.604758083820343 0.002184694167226553 
vn 0.7056947946548462 -0.7070299983024597 -0.04586252197623253 
vn 0.7056947946548462 -0.7070299983024597 -0.04586252197623253 
vn 0.8082541227340698 -0.5862978100776672 -0.05459024757146835 
vn 0.8420090675354004 -0.5362324714660645 -0.058952588587999344 
vn 0.9030740857124329 -0.4241196811199188 -0.06767380982637405 
vn 0.9270878434181213 -0.36868467926979065 -0.06767380982637405 
vn 0.9747632741928101 -0.2097645252943039 -0.0763898640871048 
vn 0.9747632741928101 -0.2097645252943039 -0.0763898640871048 
vn 0.9947648048400879 -0.06787930428981781 -0.0763898640871048 
vn 0.9947648048400879 -0.06787930428981781 -0.0763898640871048 
vn 0.996620237827301 -0.015108393505215645 -0.08074574917554855 
vn 0.996620237827301 -0.015108393505215645 -0.08074574917554855 
vn 0.9967347383499146 0 -0.08074574917554855 
vn 0.9967347383499146 0 -0.08074574917554855 
vn 0.9967061281204224 0.007554413750767708 -0.08074574917554855 
vn 0.9967061281204224 0.007554413750767708 -0.08074574917554855 
vn 0.9966209530830383 0.030187318101525307 -0.0763898640871048 
vn 0.9952501654624939 0.06034696102142334 -0.0763898640871048 
vn 0.9906567931175232 0.11297659575939178 -0.0763898640871048 
vn 0.9878358244895935 0.13544364273548126 -0.0763898640871048 
vn 0.9682804346084595 0.23925787210464478 -0.07203252613544464 
vn 0.9474125504493713 0.311802476644516 -0.07203252613544464 
vn 0.8287758827209473 0.5554735064506531 -0.06767380982637405 
vn 0.8287758827209473 0.5554735064506531 -0.06767380982637405 
vn 0.9998835325241089 -0.015103200450539589 -0.002184694167226553 
vn 0.9998835325241089 -0.015103200450539589 -0.002184694167226553 
vn 0.9999691247940063 -0.007551815826445818 -0.002184694167226553 
vn 0.999997615814209 0 0.002184694167226553 
vn 0.9999691247940063 0.007551815826445818 0.002184694167226553 
vn 0.9999691247940063 0.007551815826445818 0.002184694167226553 
vn 0.9998835325241089 0.015103200450539589 0.002184694167226553 
vn 0.9998835325241089 0.015103200450539589 0.002184694167226553 
vn 0.9998835325241089 0.015103200450539589 -0.002184694167226553 
vn 0.9998835325241089 0.015103200450539589 -0.002184694167226553 
vn 0.999997615814209 0 0.002184694167226553 
vn 0.999997615814209 0 0.002184694167226553 
vn 0.9997409582138062 0.022653724998235703 0.002184694167226553 
vn 0.9992848038673401 0.03775046393275261 0.002184694167226553 
vn 0.9995414018630981 0.0302029550075531 0.002184694167226553 
vn 0.999997615814209 0 0.002184694167226553 
vn 0.9997409582138062 0.022653724998235703 0.002184694167226553 
vn 0.9971474409103394 0.07544711232185364 0.002184694167226553 
vn 0.9807642102241516 0.19508613646030426 0.006554040592163801 
vn 0.9807642102241516 0.19508613646030426 0.006554040592163801 
vn 0.9500982761383057 0.31188181042671204 0.006554040592163801 
vn 0.9500982761383057 0.31188181042671204 0.006554040592163801 
vn 0.8990688323974609 0.43775829672813416 0.006554040592163801 
vn 0.8990688323974609 0.43775829672813416 0.006554040592163801 
vn 0.7383942008018494 0.6743374466896057 0.006554040592163801 
vn 0.5742512345314026 0.818652868270874 0.006554040592163801 
vn -0.0043693361803889275 0.007567912340164185 0.999961793422699 
vn -0.0043693361803889275 0.007567912340164185 0.999961793422699 
vn 0.03192660212516785 0.014214638620615005 0.999389111995697 
vn 0.0663185864686966 0.02193930558860302 0.9975572824478149 
vn 0.0959731936454773 0.02923423983156681 0.994954526424408 
vn 0.0959731936454773 0.02923423983156681 0.994954526424408 
vn 0.09139546006917953 0.029304776340723038 0.9953833818435669 
vn 0.09139546006917953 0.029304776340723038 0.9953833818435669 
vn 0.09139546006917953 0.029304776340723038 0.9953833818435669 
vn 0.08896596729755402 0.02192814089357853 0.9957932829856873 
vn 0.08446048945188522 0.021991802379488945 0.9961841106414795 
vn 0.08446048945188522 0.021991802379488945 0.9961841106414795 
vn 0.08446048945188522 0.021991802379488945 0.9961841106414795 
vn 0.08446048945188522 0.021991802379488945 0.9961841106414795 
vn 0.08159050345420837 0.014806494116783142 0.9965559244155884 
vn 0.08159050345420837 0.014806494116783142 0.9965559244155884 
vn 0.08159050345420837 0.014806494116783142 0.9965559244155884 
vn 0.07822276651859283 0.007357223890721798 0.9969087839126587 
vn 0.07822276651859283 0.007357223890721798 0.9969087839126587 
vn 0.07822276651859283 0.007357223890721798 0.9969087839126587 
vn 0.0785679966211319 0 0.9969087839126587 
vn 0.0785679966211319 0 0.9969087839126587 
vn 0.0785679966211319 0 0.9969087839126587 
vn 0.0785679966211319 0 0.9969087839126587 
vn 0.0785679966211319 0 0.9969087839126587 
vn 0.0785679966211319 0 0.9969087839126587 
vn 0.07993480563163757 -0.02206060290336609 0.9965559244155884 
vn 0.08113303035497665 -0.04258189722895622 0.9957932829856873 
vn 0.0776355117559433 -0.02913709543645382 0.9965559244155884 
vn 0.07421137392520905 0 0.9972425103187561 
vn 0.07273994386196136 0.014704696834087372 0.9972425103187561 
vn 0.0785679966211319 0 0.9969087839126587 
vn 0.06945759803056717 0.007424954324960709 0.9975572824478149 
vn 0.05900802090764046 0.028416765853762627 0.9978529810905457 
vn 0.05120524391531944 0.04083481803536415 0.9978529810905457 
vn 0.055455323308706284 0.03484489023685455 0.9978529810905457 
vn 0.050311751663684845 0.03472769632935524 0.9981296062469482 
vn 0.04053890332579613 0.045758962631225586 0.9981296062469482 
vn 0.028410080820322037 0.05413088575005531 0.9981296062469482 
vn 0.028410080820322037 0.05413088575005531 0.9981296062469482 
vn -0.7332527041435242 0.6798685193061829 -0.010923261754214764 
vn 0.9896644353866577 0.14298582077026367 -0.010923261754214764 
vn 0.9884998202323914 0.15044690668582916 -0.0152922747656703 
vn 0.9949923753738403 0.09799819439649582 -0.01966099627315998 
vn 0.9987804889678955 0.04528717324137688 -0.01966099627315998 
vn 0.9997782111167908 -0.007550373673439026 -0.01966099627315998 
vn 0.999854564666748 -0.007550950627774 -0.0152922747656703 
vn -0.8287758827209473 -0.5554735064506531 0.06767380982637405 
vn -0.8287758827209473 -0.5554735064506531 0.06767380982637405 
vn -0.658200204372406 -0.7501758933067322 0.0633138045668602 
vn -0.6118112802505493 -0.7888038754463196 0.058952588587999344 
vn -0.5504786968231201 -0.8327651619911194 0.058952588587999344 
vn -0.5250446200370789 -0.8490304350852966 0.058952588587999344 
vn -0.505652666091919 -0.8607205748558044 0.058952588587999344 
vn -0.33602917194366455 -0.5719700455665588 0.7482877969741821 
vn -0.33602917194366455 -0.5719700455665588 0.7482877969741821 
vn 0.8054338097572327 -0.5926494598388672 0.006554040592163801 
vn 0.037487100809812546 -0.12521563470363617 -0.991421103477478 
vn -0.03275688365101814 -0.05161658674478531 -0.9981296062469482 
vn -0.7332527041435242 0.6798685193061829 -0.010923261754214764 
vn 0.028410080820322037 0.05413088575005531 0.9981296062469482 
vn -0.0043693361803889275 0.007567912340164185 0.999961793422699 
vn 0.7964062690734863 0.604758083820343 0.002184694167226553 
vn -0.0019445375073701143 -0.00851957593113184 -0.999961793422699 
vn -0.13712261617183685 0.6881505846977234 -0.7124928832054138 
vn -0.9055951237678528 -0.4241376221179962 0.002184694167226553 
vn 0.01826169155538082 0.024529708549380302 0.9995322823524475 
vn -0.033149708062410355 0.13090522587299347 0.990840494632721 
vn -0.013020745478570461 -0.027670491486787796 -0.9995322823524475 
vt 0.5062001347541809 0.3827712833881378 
vt 0.5062001347541809 0.3705929219722748 
vt 0.3296065032482147 0.3803938329219818 
vt 0.3296065032482147 0.3682154715061188 
vt 0.19906558096408844 0.3827712833881378 
vt 0.19906558096408844 0.3705929219722748 
vt 0.5035834908485413 0.4000926613807678 
vt 0.37304261326789856 0.40242159366607666 
vt 0.5035834908485413 0.3879143297672272 
vt 0.37304261326789856 0.3902432322502136 
vt 0.19644895195960999 0.4000926613807678 
vt 0.19644895195960999 0.3879143297672272 
vt 0.17429479956626892 0.035179004073143005 
vt 0.17284110188484192 0.035179004073143005 
vt 0.17429479956626892 0.165695920586586 
vt 0.17284110188484192 0.165695920586586 
vt 0.17429479956626892 0.3423061668872833 
vt 0.17284110188484192 0.3423061668872833 
vt 0.1820283979177475 0.029938919469714165 
vt 0.1834820806980133 0.029938919469714165 
vt 0.1820283979177475 0.20650064945220947 
vt 0.1834820806980133 0.20650064945220947 
vt 0.1820283979177475 0.33706608414649963 
vt 0.1834820806980133 0.33706608414649963 
vt 0.04206760600209236 0.006455578841269016 
vt 0.04206760600209236 0.004999999888241291 
vt 0.029914800077676773 0.006455578841269016 
vt 0.029914800077676773 0.004999999888241291 
vt 0.059162940829992294 0.004999999888241291 
vt 0.059162940829992294 0.006455578841269016 
vt 0.046951986849308014 0.004999999888241291 
vt 0.046951986849308014 0.006455578841269016 
vt 0.09806527942419052 0.02987627126276493 
vt 0.09842786937952042 0.03273814544081688 
vt 0.032436128705739975 0.033728793263435364 
vt 0.03255699202418327 0.03659066557884216 
vt 0.014185664243996143 0.03383886441588402 
vt 0.014185664243996143 0.03670073673129082 
vt 0.0560046061873436 0.1395079791545868 
vt 0.05890534445643425 0.1397281289100647 
vt 0.055762879550457 0.12607920169830322 
vt 0.05866361781954765 0.12607920169830322 
vt 0.05455423891544342 0.10021228343248367 
vt 0.057334110140800476 0.10010220855474472 
vt 0.05346646532416344 0.08887486159801483 
vt 0.05636719986796379 0.08898493647575378 
vt 0.11051426827907562 0.07731730490922928 
vt 0.10773439705371857 0.07709716260433197 
vt 0.11051426827907562 0.07786766439676285 
vt 0.10761353373527527 0.07764752209186554 
vt 0.11039340496063232 0.07852809876203537 
vt 0.10761353373527527 0.07830794900655746 
vt 0.11027254164218903 0.0794086754322052 
vt 0.10749267041683197 0.07907845824956894 
vt 0.10483366250991821 0.1311425119638443 
vt 0.10205379128456116 0.13103243708610535 
vt 0.10483366250991821 0.134224534034729 
vt 0.10205379128456116 0.134224534034729 
vt 0.10483366250991821 0.13763676583766937 
vt 0.10205379128456116 0.13752669095993042 
vt 0.05008227378129959 0.1413792073726654 
vt 0.04718153551220894 0.14126913249492645 
vt 0.04851103946566582 0.12321732938289642 
vt 0.04573116824030876 0.12343747168779373 
vt 0.04730239883065224 0.09889141470193863 
vt 0.04452252760529518 0.09889141470193863 
vt 0.04718153551220894 0.08909501135349274 
vt 0.044280800968408585 0.08887486159801483 
vt 0.0931098535656929 0.1456720232963562 
vt 0.09020911902189255 0.1454518735408783 
vt 0.0932307168841362 0.14413100481033325 
vt 0.09045084565877914 0.14391086995601654 
vt 0.0934724509716034 0.1423698514699936 
vt 0.09057170897722244 0.14214971661567688 
vt 0.09359331429004669 0.14060869812965393 
vt 0.09081344306468964 0.14027848839759827 
vt 0.0991530567407608 0.0882144346833229 
vt 0.09625232219696045 0.08810435980558395 
vt 0.0991530567407608 0.08502234518527985 
vt 0.09625232219696045 0.08502234518527985 
vt 0.011526656337082386 0.006651080213487148 
vt 0.014427391812205315 0.006651080213487148 
vt 0.011526656337082386 0.004999999888241291 
vt 0.014427391812205315 0.004999999888241291 
vt 0.12961077690124512 0.015126624144613743 
vt 0.12961077690124512 0.012264751829206944 
vt 0.10398761928081512 0.01446619164198637 
vt 0.10398761928081512 0.011604320257902145 
vt 0.10350415855646133 0.01446619164198637 
vt 0.10350415855646133 0.011604320257902145 
vt 0.0558837428689003 0.01446619164198637 
vt 0.0558837428689003 0.011604320257902145 
vt 0.03521599993109703 0.01446619164198637 
vt 0.03521599993109703 0.011604320257902145 
vt 0.004999999888241291 0.01446619164198637 
vt 0.004999999888241291 0.011604320257902145 
vt 0.3472868502140045 0.04715757444500923 
vt 0.3470451235771179 0.04429570585489273 
vt 0.336529940366745 0.047818008810281754 
vt 0.3364090919494629 0.044956136494874954 
vt 0.21663285791873932 0.047267649322748184 
vt 0.21663285791873932 0.044405777007341385 
vt 0.20756806433200836 0.047267649322748184 
vt 0.20768892765045166 0.044405777007341385 
vt 0.18859241902828217 0.047267649322748184 
vt 0.18883414566516876 0.044405777007341385 
vt 0.5046517848968506 0.1919022500514984 
vt 0.5079150795936584 0.19124183058738708 
vt 0.5016301870346069 0.1855180859565735 
vt 0.5038057565689087 0.16482454538345337 
vt 0.5106949806213379 0.16559505462646484 
vt 0.5039265751838684 0.16416411101818085 
vt 0.5106949806213379 0.16515475511550903 
vt 0.5110575556755066 0.11584250628948212 
vt 0.5178259611129761 0.11749358475208282 
vt 0.5183094143867493 0.0939381793141365 
vt 0.5245943069458008 0.09691011905670166 
vt 0.5381311178207397 0.061356864869594574 
vt 0.5429656505584717 0.06664031744003296 
vt 0.5409109592437744 0.06003599986433983 
vt 0.5434491038322449 0.06642017513513565 
vt 0.5706435441970825 0.05090002343058586 
vt 0.5718521475791931 0.0577244870364666 
vt 0.5945745706558228 0.05001944676041603 
vt 0.5946954488754272 0.05695398524403572 
vt 0.6172970533370972 0.05001944676041603 
vt 0.6172970533370972 0.05695398524403572 
vt 0.9340815544128418 0.049579158425331116 
vt 0.9327520728111267 0.056513696908950806 
vt 0.9661105275154114 0.06333816051483154 
vt 0.9612759947776794 0.06873168796300888 
vt 0.9751753211021423 0.07874824106693268 
vt 0.9690112471580505 0.08172018080949783 
vt 0.9820646047592163 0.0968000516295433 
vt 0.975537896156311 0.09889141470193863 
vt 0.9873825907707214 0.11606264859437943 
vt 0.980614185333252 0.11738350987434387 
vt 0.9935466647148132 0.16526482999324799 
vt 0.9866573810577393 0.16559505462646484 
vt 0.9923380017280579 0.21204543113708496 
vt 0.9854487776756287 0.2121555060148239 
vt 0.9924588799476624 0.21336629986763 
vt 0.9855696558952332 0.21358643472194672 
vt 0.9924588799476624 0.22635479271411896 
vt 0.9855696558952332 0.22635479271411896 
vt 0.9935466647148132 0.4067628085613251 
vt 0.9866573810577393 0.40687286853790283 
vt 0.9936675429344177 0.4088541567325592 
vt 0.9867782592773438 0.40896424651145935 
vt 0.9949970245361328 0.6718161702156067 
vt 0.9879869222640991 0.6718161702156067 
vt 0.9949970245361328 0.6866759061813354 
vt 0.9881078004837036 0.6866759061813354 
vt 0.9925797581672668 0.835493266582489 
vt 0.9858113527297974 0.8285586833953857 
vt 0.9149850606918335 0.835493266582489 
vt 0.9129303693771362 0.8285586833953857 
vt 0.8904496431350708 0.851893961429596 
vt 0.8863402605056763 0.8462802767753601 
vt 0.8715949058532715 0.8667536973953247 
vt 0.8677272200584412 0.8610299229621887 
vt 0.8505645394325256 0.8784213066101074 
vt 0.8473012447357178 0.8723673820495605 
vt 0.8133384585380554 0.8983443379402161 
vt 0.8110420107841492 0.8917400240898132 
vt 0.7716403603553772 0.9058292508125305 
vt 0.7707943320274353 0.8990047574043274 
vt 0.7701900005340576 0.9059393405914307 
vt 0.7698273658752441 0.8990047574043274 
vt 0.7281293272972107 0.906599760055542 
vt 0.7286127805709839 0.8996652364730835 
vt 0.7063738107681274 0.9028573036193848 
vt 0.7077032923698425 0.8960328102111816 
vt 0.6866729855537415 0.8982343077659607 
vt 0.6890902519226074 0.8916299343109131 
vt 0.6681807637214661 0.8892083764076233 
vt 0.6710814833641052 0.8829342722892761 
vt 0.6657634973526001 0.8881076574325562 
vt 0.6686642169952393 0.881833553314209 
vt 0.6258783936500549 0.8681846261024475 
vt 0.6297460198402405 0.8624608516693115 
vt 0.6079905033111572 0.8526644706726074 
vt 0.6119790077209473 0.8469407558441162 
vt 0.5766867399215698 0.8356032967567444 
vt 0.5783787965774536 0.8286687731742859 
vt 0.5749946236610413 0.8356032967567444 
vt 0.5749946236610413 0.8286687731742859 
vt 0.5044100284576416 0.8356032967567444 
vt 0.5103324055671692 0.8286687731742859 
vt 0.5016301870346069 0.8173313736915588 
vt 0.5086402893066406 0.816891074180603 
vt 0.5022345185279846 0.7517284750938416 
vt 0.5091237425804138 0.7584428191184998 
vt 0.5201223492622375 0.7513982057571411 
vt 0.5201223492622375 0.7582226991653442 
vt 0.5446577668190002 0.7518385052680969 
vt 0.5462290048599243 0.7586629986763 
vt 0.5545685887336731 0.7471054196357727 
vt 0.5597657561302185 0.7521687150001526 
vt 0.5579528212547302 0.7398406863212585 
vt 0.5648420453071594 0.7414917349815369 
vt 0.5613369941711426 0.6214032173156738 
vt 0.5682262182235718 0.6215132474899292 
vt 0.5613369941711426 0.6134780049324036 
vt 0.5682262182235718 0.6124873757362366 
vt 0.5568650364875793 0.5982880592346191 
vt 0.5626664757728577 0.5934448838233948 
vt 0.5455037951469421 0.5925643444061279 
vt 0.5473167896270752 0.5857398509979248 
vt 0.5439325571060181 0.5925643444061279 
vt 0.5440534353256226 0.5856298208236694 
vt 0.5291871428489685 0.5927844643592834 
vt 0.5290663242340088 0.585849940776825 
vt 0.5052561163902283 0.5932247638702393 
vt 0.5103324055671692 0.5862902402877808 
vt 0.49933376908302307 0.5747326612472534 
vt 0.004999999888241291 0.023602167144417763 
vt 0.004999999888241291 0.020740296691656113 
vt 0.025667743757367134 0.02415252849459648 
vt 0.025667743757367134 0.021290656179189682 
vt 0.026392927393317223 0.02415252849459648 
vt 0.026392927393317223 0.021290656179189682 
vt 0.0746176615357399 0.02415252849459648 
vt 0.0746176615357399 0.021290656179189682 
vt 0.09661491215229034 0.02415252849459648 
vt 0.09661491215229034 0.021290656179189682 
vt 0.12924818694591522 0.02415252849459648 
vt 0.12924818694591522 0.021290656179189682 
vt 0.4964330196380615 0.34226059913635254 
vt 0.49486178159713745 0.34149008989334106 
vt 0.500542402267456 0.3366469442844391 
vt 0.49462005496025085 0.31815484166145325 
vt 0.48954376578330994 0.32508936524391174 
vt 0.47080984711647034 0.31859514117240906 
vt 0.47093072533607483 0.3254196047782898 
vt 0.45606446266174316 0.3188152611255646 
vt 0.45594358444213867 0.32574981451034546 
vt 0.4544932246208191 0.3187052011489868 
vt 0.4526802599430084 0.32552966475486755 
vt 0.44337373971939087 0.3132016062736511 
vt 0.43757227063179016 0.31793469190597534 
vt 0.43890175223350525 0.29812175035476685 
vt 0.43201249837875366 0.29911237955093384 
vt 0.43890175223350525 0.2901965379714966 
vt 0.43201249837875366 0.2900864779949188 
vt 0.44228595495224 0.171869158744812 
vt 0.4355175793170929 0.17032814025878906 
vt 0.44554927945137024 0.16482454538345337 
vt 0.4403521418571472 0.1597612351179123 
vt 0.455339252948761 0.1602015197277069 
vt 0.4537680447101593 0.15337705612182617 
vt 0.4797537922859192 0.16064180433750153 
vt 0.4796329140663147 0.1538173407316208 
vt 0.4978833794593811 0.16031159460544586 
vt 0.4909941554069519 0.15359720587730408 
vt 0.4983668625354767 0.09437846392393112 
vt 0.4914776086807251 0.09481874853372574 
vt 0.49558696150779724 0.07599644362926483 
vt 0.48966464400291443 0.08293097466230392 
vt 0.42500239610671997 0.07599644362926483 
vt 0.42500239610671997 0.08293097466230392 
vt 0.4233103096485138 0.07599644362926483 
vt 0.42161819338798523 0.08293097466230392 
vt 0.392006516456604 0.05893528088927269 
vt 0.38801801204681396 0.06465902179479599 
vt 0.3741186559200287 0.0434151291847229 
vt 0.37025099992752075 0.0491388738155365 
vt 0.33423352241516113 0.02349209599196911 
vt 0.331332802772522 0.029766200110316277 
vt 0.33181625604629517 0.02239137515425682 
vt 0.3289155066013336 0.02866547927260399 
vt 0.31332406401634216 0.013475543819367886 
vt 0.3110276460647583 0.019969791173934937 
vt 0.2937440872192383 0.008742447942495346 
vt 0.2922937273979187 0.015566911548376083 
vt 0.2718677222728729 0.004999999888241291 
vt 0.27138426899909973 0.011934535577893257 
vt 0.2298070341348648 0.0056604319252073765 
vt 0.2301696389913559 0.01259496808052063 
vt 0.22835667431354523 0.005770504008978605 
vt 0.22920271754264832 0.01259496808052063 
vt 0.1866585910320282 0.013255399651825428 
vt 0.18895500898361206 0.019859720021486282 
vt 0.1494324803352356 0.033178433775901794 
vt 0.15269580483436584 0.039232391864061356 
vt 0.12840214371681213 0.0448460653424263 
vt 0.13226978480815887 0.0505698062479496 
vt 0.10954736173152924 0.05970578268170357 
vt 0.11365673691034317 0.06531945616006851 
vt 0.08489110320806503 0.07610651105642319 
vt 0.0870666578412056 0.08304104954004288 
vt 0.007417280226945877 0.07610651105642319 
vt 0.014185664243996143 0.08304104954004288 
vt 0.004999999888241291 0.22492384910583496 
vt 0.01188924815505743 0.2250339239835739 
vt 0.004999999888241291 0.23978357017040253 
vt 0.012010112404823303 0.23978357017040253 
vt 0.00632950384169817 0.502855658531189 
vt 0.013218752108514309 0.5027455687522888 
vt 0.006450368091464043 0.5048369765281677 
vt 0.013339616358280182 0.5047268867492676 
vt 0.007538144011050463 0.6852449774742126 
vt 0.014427391812205315 0.6852449774742126 
vt 0.007538144011050463 0.6982334852218628 
vt 0.014427391812205315 0.6980133056640625 
vt 0.007659007795155048 0.6996644139289856 
vt 0.014548256061971188 0.6994442343711853 
vt 0.006450368091464043 0.7464450001716614 
vt 0.013339616358280182 0.7461147904396057 
vt 0.012614431791007519 0.7956472039222717 
vt 0.019382815808057785 0.7943263053894043 
vt 0.01781158335506916 0.8149097561836243 
vt 0.024459103122353554 0.81270831823349 
vt 0.0247008316218853 0.8329615592956543 
vt 0.03098575957119465 0.8298795819282532 
vt 0.03388649597764015 0.848371684551239 
vt 0.038721054792404175 0.8428680896759033 
vt 0.06591545790433884 0.8620206117630005 
vt 0.06724496185779572 0.8551961183547974 
vt 0.38269999623298645 0.8615803122520447 
vt 0.38269999623298645 0.8546457886695862 
vt 0.4054224193096161 0.8615803122520447 
vt 0.405301570892334 0.8546457886695862 
vt 0.4293535053730011 0.8606997132301331 
vt 0.4281448721885681 0.8538752794265747 
vt 0.4590860605239868 0.8516738414764404 
vt 0.45654791593551636 0.845179557800293 
vt 0.46186593174934387 0.850352942943573 
vt 0.45703136920928955 0.8449594378471375 
vt 0.48168760538101196 0.8176615834236145 
vt 0.47540268301963806 0.8147997260093689 
vt 0.48893946409225464 0.7957572340965271 
vt 0.48217105865478516 0.7941061854362488 
vt 0.4960704445838928 0.7474356293678284 
vt 0.48930203914642334 0.7465550899505615 
vt 0.4961912930011749 0.746775209903717 
vt 0.48930203914642334 0.7460047006607056 
vt 0.4983668625354767 0.7260816693305969 
vt 0.01841590367257595 0.1538173407316208 
vt 0.018053311854600906 0.15106554329395294 
vt 0.025426015257835388 0.15337705612182617 
vt 0.02530515193939209 0.15051518380641937 
vt 0.14375187456607819 0.15392741560935974 
vt 0.14375187456607819 0.15106554329395294 
vt 0.15160803496837616 0.15392741560935974 
vt 0.15172889828681946 0.15106554329395294 
vt 0.16671603918075562 0.15392741560935974 
vt 0.1669577658176422 0.15106554329395294 
vt 0.1809779852628708 0.36823761463165283 
vt 0.17807725071907043 0.36823761463165283 
vt 0.1809779852628708 0.36867788434028625 
vt 0.17807725071907043 0.36867788434028625 
vt 0.1809779852628708 0.39707645773887634 
vt 0.17807725071907043 0.39707645773887634 
vt 0.1809779852628708 0.41997143626213074 
vt 0.17807725071907043 0.41997143626213074 
vt 0.1809779852628708 0.44253620505332947 
vt 0.17807725071907043 0.44253620505332947 
vt 0.1809779852628708 0.7580025792121887 
vt 0.17807725071907043 0.7580025792121887 
vt 0.1809779852628708 0.7865111827850342 
vt 0.17807725071907043 0.7866212725639343 
vt 0.19149315357208252 0.7961975336074829 
vt 0.18859241902828217 0.7961975336074829 
vt 0.19149315357208252 0.7934457063674927 
vt 0.18859241902828217 0.7934457063674927 
vt 0.19149315357208252 0.7637262940406799 
vt 0.18859241902828217 0.7637262940406799 
vt 0.19149315357208252 0.7398406863212585 
vt 0.18859241902828217 0.7398406863212585 
vt 0.19149315357208252 0.7170557975769043 
vt 0.18859241902828217 0.7170557975769043 
vt 0.19149315357208252 0.4002685546875 
vt 0.18859241902828217 0.4002685546875 
vt 0.19149315357208252 0.36823761463165283 
vt 0.18859241902828217 0.36823761463165283 
vt 0.019382815808057785 0.08887486159801483 
vt 0.02228355221450329 0.08920507878065109 
vt 0.019382815808057785 0.10417487472295761 
vt 0.02228355221450329 0.10428494215011597 
vt 0.019382815808057785 0.10747703164815903 
vt 0.02228355221450329 0.10747703164815903 
vt 0.019382815808057785 0.1225568950176239 
vt 0.02228355221450329 0.1225568950176239 
vt 0.01962454430758953 0.14126913249492645 
vt 0.022525280714035034 0.1411590576171875 
vt 0.0434347502887249 0.06520938128232956 
vt 0.0431930236518383 0.06807125359773636 
vt 0.024942560121417046 0.06267772614955902 
vt 0.0247008316218853 0.06553959846496582 
vt 0.027601568028330803 0.14027848839759827 
vt 0.03038143925368786 0.14049863815307617 
vt 0.027601568028330803 0.12916120886802673 
vt 0.03038143925368786 0.12916120886802673 
vt 0.027601568028330803 0.12762020528316498 
vt 0.03038143925368786 0.12762020528316498 
vt 0.027601568028330803 0.11276049166917801 
vt 0.03038143925368786 0.11276049166917801 
vt 0.02723897621035576 0.08898493647575378 
vt 0.030139712616801262 0.08887486159801483 
vt 0.17227578163146973 0.8437486290931702 
vt 0.16949591040611267 0.8437486290931702 
vt 0.17227578163146973 0.7791363596916199 
vt 0.16949591040611267 0.7791363596916199 
vt 0.17227578163146973 0.7756140828132629 
vt 0.16949591040611267 0.7756140828132629 
vt 0.17227578163146973 0.7421521544456482 
vt 0.16949591040611267 0.7421521544456482 
vt 0.17227578163146973 0.7243205308914185 
vt 0.16949591040611267 0.7243205308914185 
vt 0.17179231345653534 0.685355007648468 
vt 0.16889157891273499 0.685355007648468 
vt 0.17179231345653534 0.6829334497451782 
vt 0.16889157891273499 0.6829334497451782 
vt 0.17179231345653534 0.6651017665863037 
vt 0.16889157891273499 0.6649917364120483 
vt 0.17227578163146973 0.6463895440101624 
vt 0.16949591040611267 0.6463895440101624 
vt 0.17227578163146973 0.6254758834838867 
vt 0.16949591040611267 0.6254758834838867 
vt 0.17227578163146973 0.584308922290802 
vt 0.16949591040611267 0.584308922290802 
vt 0.17227578163146973 0.583318293094635 
vt 0.16949591040611267 0.583318293094635 
vt 0.17227578163146973 0.5430319309234619 
vt 0.16949591040611267 0.5430319309234619 
vt 0.17227578163146973 0.5068182349205017 
vt 0.16949591040611267 0.5068182349205017 
vt 0.17227578163146973 0.4863448441028595 
vt 0.16949591040611267 0.4863448441028595 
vt 0.17227578163146973 0.4677426815032959 
vt 0.16949591040611267 0.4677426815032959 
vt 0.17227578163146973 0.44110527634620667 
vt 0.16949591040611267 0.44110527634620667 
vt 0.17227578163146973 0.36823761463165283 
vt 0.16949591040611267 0.36823761463165283 
vt 0.06724496185779572 0.06267772614955902 
vt 0.06748668849468231 0.05981585755944252 
vt 0.05092832073569298 0.06025614216923714 
vt 0.051170047372579575 0.05750434473156929 
vt 0.6331301927566528 0.8565170168876648 
vt 0.6360309720039368 0.8565170168876648 
vt 0.6331301927566528 0.7789162397384644 
vt 0.6359100937843323 0.7789162397384644 
vt 0.6331301927566528 0.7542601227760315 
vt 0.6359100937843323 0.7542601227760315 
vt 0.6331301927566528 0.73543781042099 
vt 0.6359100937843323 0.73543781042099 
vt 0.6331301927566528 0.7144140601158142 
vt 0.6359100937843323 0.7144140601158142 
vt 0.6331301927566528 0.6772096753120422 
vt 0.6359100937843323 0.6770996451377869 
vt 0.6331301927566528 0.6354924440383911 
vt 0.6359100937843323 0.6354924440383911 
vt 0.6331301927566528 0.6340614557266235 
vt 0.6359100937843323 0.6340614557266235 
vt 0.6331301927566528 0.5919039249420166 
vt 0.6359100937843323 0.5919039249420166 
vt 0.6331301927566528 0.5701096653938293 
vt 0.6359100937843323 0.5702196955680847 
vt 0.6337345242500305 0.5505168437957764 
vt 0.63651442527771 0.5505168437957764 
vt 0.6337345242500305 0.5320247411727905 
vt 0.63651442527771 0.5320247411727905 
vt 0.6337345242500305 0.529603123664856 
vt 0.63651442527771 0.529603123664856 
vt 0.6331301927566528 0.48975709080696106 
vt 0.6360309720039368 0.48975709080696106 
vt 0.6331301927566528 0.4718153476715088 
vt 0.6360309720039368 0.4718153476715088 
vt 0.6331301927566528 0.4405549168586731 
vt 0.6360309720039368 0.4405549168586731 
vt 0.6331301927566528 0.43879374861717224 
vt 0.6360309720039368 0.43879374861717224 
vt 0.6331301927566528 0.36823761463165283 
vt 0.6360309720039368 0.36823761463165283 
vt 0.018053311854600906 0.3606426417827606 
vt 0.018174175173044205 0.3577807545661926 
vt 0.16006851196289062 0.36251387000083923 
vt 0.16006851196289062 0.35965198278427124 
vt 0.17481392621994019 0.36229372024536133 
vt 0.17481392621994019 0.35943183302879333 
vt 0.43781399726867676 0.36251387000083923 
vt 0.43781399726867676 0.35965198278427124 
vt 0.43974781036376953 0.36251387000083923 
vt 0.43974781036376953 0.35965198278427124 
vt 0.6203186511993408 0.36273398995399475 
vt 0.6203186511993408 0.35987213253974915 
vt 0.6331301927566528 0.36273398995399475 
vt 0.6331301927566528 0.35987213253974915 
vt 0.6345805525779724 0.36273398995399475 
vt 0.6345805525779724 0.35987213253974915 
vt 0.6811132431030273 0.36273398995399475 
vt 0.6811132431030273 0.35987213253974915 
vt 0.7293379306793213 0.3606426417827606 
vt 0.7293379306793213 0.3577807545661926 
vt 0.7477092742919922 0.3606426417827606 
vt 0.7477092742919922 0.3577807545661926 
vt 0.7649928331375122 0.3606426417827606 
vt 0.7649928331375122 0.3577807545661926 
vt 0.7779252529144287 0.3606426417827606 
vt 0.7779252529144287 0.3577807545661926 
vt 0.037995871156454086 0.12651948630809784 
vt 0.03521599993109703 0.12629933655261993 
vt 0.037995871156454086 0.1151820719242096 
vt 0.03521599993109703 0.11496192961931229 
vt 0.03896278515458107 0.09074608981609344 
vt 0.03606204688549042 0.09063601493835449 
vt 0.03896278515458107 0.09052594751119614 
vt 0.03606204688549042 0.09041587263345718 
vt 0.03896278515458107 0.08887486159801483 
vt 0.03606204688549042 0.08898493647575378 
vt 0.5413944125175476 0.4196412265300751 
vt 0.5412735939025879 0.4225030839443207 
vt 0.5398231744766235 0.4195311665534973 
vt 0.5398231744766235 0.4223930239677429 
vt 0.5380102396011353 0.41942107677459717 
vt 0.5380102396011353 0.42228296399116516 
vt 0.5360764265060425 0.4193110167980194 
vt 0.5360764265060425 0.422172874212265 
vt 0.5341426134109497 0.4193110167980194 
vt 0.5341426134109497 0.422172874212265 
vt 0.38777628540992737 0.4181002080440521 
vt 0.38777628540992737 0.4209620952606201 
vt 0.3802827298641205 0.4181002080440521 
vt 0.3802827298641205 0.4209620952606201 
vt 0.29446926712989807 0.41876065731048584 
vt 0.29446926712989807 0.4215124547481537 
vt 0.28419584035873413 0.41876065731048584 
vt 0.2843167185783386 0.4215124547481537 
vt 0.2673957347869873 0.41975128650665283 
vt 0.2673957347869873 0.4226131737232208 
vt 0.24092653393745422 0.41942107677459717 
vt 0.24092653393745422 0.42228296399116516 
vt 0.19656944274902344 0.42140236496925354 
vt 0.19644857943058014 0.42426425218582153 
vt 0.023613056167960167 0.005880576092749834 
vt 0.020712319761514664 0.005880576092749834 
vt 0.023613056167960167 0.00511007197201252 
vt 0.020712319761514664 0.004999999888241291 
vt 0.023854784667491913 0.371649831533432 
vt 0.02723897621035576 0.36559587717056274 
vt 0.02409651130437851 0.37175989151000977 
vt 0.02784329652786255 0.3659260869026184 
vt 0.04851103946566582 0.38871100544929504 
vt 0.05286214500665665 0.3833174705505371 
vt 0.059872254729270935 0.39993834495544434 
vt 0.06567373126745224 0.3959757387638092 
vt 0.07727666944265366 0.44231605529785156 
vt 0.08404505252838135 0.44044482707977295 
vt 0.08162777870893478 0.46785277128219604 
vt 0.08839616179466248 0.4669721722602844 
vt 0.08283641934394836 0.4841434061527252 
vt 0.08972566574811935 0.48381319642066956 
vt 0.08295728266239166 0.4941599667072296 
vt 0.08984652906656265 0.49404990673065186 
vt 0.08380332589149475 0.5799060463905334 
vt 0.09069257229566574 0.5799060463905334 
vt 0.08380332589149475 0.5872808694839478 
vt 0.09069257229566574 0.5873909592628479 
vt 0.0810234546661377 0.7332363724708557 
vt 0.08779183775186539 0.7336766123771667 
vt 0.0809025913476944 0.7341169118881226 
vt 0.08767097443342209 0.7356579303741455 
vt 0.0806608647108078 0.7347773313522339 
vt 0.0869457945227623 0.7375291585922241 
vt 0.0802982747554779 0.73543781042099 
vt 0.08609974384307861 0.7392902970314026 
vt 0.07981481403112411 0.7359881401062012 
vt 0.08477023988962173 0.7408313155174255 
vt 0.07933136075735092 0.736428439617157 
vt 0.08319900929927826 0.7421521544456482 
vt 0.07872703671455383 0.7367586493492126 
vt 0.08150691539049149 0.74314284324646 
vt 0.07788099348545074 0.7370888590812683 
vt 0.07969395071268082 0.7436931729316711 
vt 0.02590947225689888 0.74831622838974 
vt 0.027359839528799057 0.7551406621932983 
vt 0.02276700735092163 0.7489766478538513 
vt 0.02409651130437851 0.7558011412620544 
vt 0.019382815808057785 0.7496370673179626 
vt 0.19656944274902344 0.4081937372684479 
vt 0.19644857943058014 0.4110555946826935 
vt 0.19705289602279663 0.4081937372684479 
vt 0.19705289602279663 0.4110555946826935 
vt 0.19765721261501312 0.40830379724502563 
vt 0.19765721261501312 0.41116568446159363 
vt 0.1983824074268341 0.40830379724502563 
vt 0.1983824074268341 0.41116568446159363 
vt 0.1992284506559372 0.40830379724502563 
vt 0.1992284506559372 0.41116568446159363 
vt 0.34523215889930725 0.4095146059989929 
vt 0.34523215889930725 0.4123764634132385 
vt 0.35260486602783203 0.4095146059989929 
vt 0.35260486602783203 0.4123764634132385 
vt 0.43841829895973206 0.4088541567325592 
vt 0.43841829895973206 0.4117160439491272 
vt 0.4483291506767273 0.4088541567325592 
vt 0.4484500288963318 0.4117160439491272 
vt 0.4646458029747009 0.4078635275363922 
vt 0.4646458029747009 0.4107253849506378 
vt 0.4901480972766876 0.4081937372684479 
vt 0.4901480972766876 0.4110555946826935 
vt 0.5325713753700256 0.4062124490737915 
vt 0.5324504971504211 0.4090743064880371 
vt 0.7902534008026123 0.35227715969085693 
vt 0.7902534008026123 0.34941530227661133 
vt 0.6414698362350464 0.3504059314727783 
vt 0.6414698362350464 0.3475440740585327 
vt 0.6267244219779968 0.35051602125167847 
vt 0.6266035437583923 0.3476541340351105 
vt 0.36360350251197815 0.3504059314727783 
vt 0.36360350251197815 0.3475440740585327 
vt 0.3615488111972809 0.3504059314727783 
vt 0.3615488111972809 0.3475440740585327 
vt 0.18121971189975739 0.35007572174072266 
vt 0.18121971189975739 0.34721383452415466 
vt 0.1681663990020752 0.35007572174072266 
vt 0.1681663990020752 0.34721383452415466 
vt 0.1668369024991989 0.35007572174072266 
vt 0.1668369024991989 0.34721383452415466 
vt 0.12006253004074097 0.35007572174072266 
vt 0.12006253004074097 0.34721383452415466 
vt 0.07087087631225586 0.35227715969085693 
vt 0.07075001299381256 0.34941530227661133 
vt 0.051653504371643066 0.35227715969085693 
vt 0.051653504371643066 0.34941530227661133 
vt 0.03352390229701996 0.35227715969085693 
vt 0.03352390229701996 0.34941530227661133 
vt 0.018174175173044205 0.35227715969085693 
vt 0.018053311854600906 0.34941530227661133 
vt 0.16321097314357758 0.37506207823753357 
vt 0.1618814766407013 0.36823761463165283 
vt 0.16018937528133392 0.37561243772506714 
vt 0.15873900055885315 0.36889803409576416 
vt 0.10845958441495895 0.3869498372077942 
vt 0.10664662718772888 0.3802354335784912 
vt 0.10749267041683197 0.3871699869632721 
vt 0.10483366250991821 0.38078582286834717 
vt 0.10688835382461548 0.38750019669532776 
vt 0.10302070528268814 0.38177645206451416 
vt 0.10640489310026169 0.38794049620628357 
vt 0.10144947469234467 0.3830973207950592 
vt 0.1059214398264885 0.38849085569381714 
vt 0.10011997073888779 0.38463833928108215 
vt 0.1055588498711586 0.38915127515792847 
vt 0.0991530567407608 0.3863994777202606 
vt 0.105317123234272 0.3898117244243622 
vt 0.09854873269796371 0.388380765914917 
vt 0.10519625246524811 0.3908023536205292 
vt 0.09830700606107712 0.3902519941329956 
vt 0.10241638123989105 0.5367578268051147 
vt 0.09552713483572006 0.5366477370262146 
vt 0.10241638123989105 0.544132649898529 
vt 0.09552713483572006 0.544132649898529 
vt 0.10326243191957474 0.6298787593841553 
vt 0.09637318551540375 0.6299887895584106 
vt 0.10326243191957474 0.6398953199386597 
vt 0.09637318551540375 0.6402255296707153 
vt 0.10459193587303162 0.6561859250068665 
vt 0.09782355278730392 0.6570665240287781 
vt 0.10882217437028885 0.6816126108169556 
vt 0.10217465460300446 0.6835938692092896 
vt 0.12634745240211487 0.7239903211593628 
vt 0.12054598331451416 0.7279528975486755 
vt 0.13770867884159088 0.7352176308631897 
vt 0.13323670625686646 0.7405011057853699 
vt 0.1620023399591446 0.7521687150001526 
vt 0.15825554728507996 0.7578924894332886 
vt 0.1622440665960312 0.7522788047790527 
vt 0.15885987877845764 0.7582226991653442 
vt 0.16369442641735077 0.7530493140220642 
vt 0.08489110320806503 0.04462591931223869 
vt 0.08489110320806503 0.041764046996831894 
vt 0.07304643094539642 0.04462591931223869 
vt 0.07292556762695312 0.041764046996831894 
vt 0.01466912031173706 0.04803815111517906 
vt 0.014185664243996143 0.04517627879977226 
vt 0.008746784180402756 0.028775552287697792 
vt 0.0059669120237231255 0.028555408120155334 
vt 0.008746784180402756 0.041543904691934586 
vt 0.0059669120237231255 0.04143383353948593 
vt 0.007900736294686794 0.06664031744003296 
vt 0.004999999888241291 0.06642017513513565 
vt 0.007900736294686794 0.06719067692756653 
vt 0.004999999888241291 0.06708060950040817 
vt 0.02022886462509632 0.05827484652400017 
vt 0.014185664243996143 0.0548626147210598 
vt 0.01974540762603283 0.05893528088927269 
vt 0.017690720036625862 0.06399859488010406 
vt 0.012856160290539265 0.06972233951091766 
vt 0.018053311854600906 0.0648791715502739 
vt 0.0433138869702816 0.05717412754893303 
vt 0.04911535978317261 0.05090002343058586 
vt 0.043072160333395004 0.05552304908633232 
vt 0.0247008316218853 0.053871966898441315 
vt 0.03146921470761299 0.05519283190369606 
vt 0.025063423439860344 0.05222088843584061 
vt 0.5051352381706238 0.5699995756149292 
vt 0.4920819103717804 0.7203579545021057 
s on 
f 1/1/1 2/2/2 3/3/3 
f 2/2/2 4/4/4 3/3/3 
f 3/3/3 4/4/4 5/5/5 
f 4/4/4 6/6/6 5/5/5 
f 5/5/5 6/6/6 6/6/6 
f 6/6/6 7/7/7 6/6/6 
f 6/6/6 7/7/7 7/7/7 
f 7/7/7 8/8/8 7/7/7 
f 7/7/7 8/8/8 9/9/9 
f 8/8/8 10/10/10 9/9/9 
f 9/9/9 10/10/10 10/10/10 
f 10/10/10 8/8/8 10/10/10 
f 10/10/10 8/8/8 8/8/8 
f 8/8/8 11/11/11 8/8/8 
f 8/8/8 11/11/11 10/10/10 
f 11/11/11 12/12/12 10/10/10 
f 10/10/10 12/12/12 12/12/12 
f 12/12/12 13/13/13 12/12/12 
f 12/12/12 13/13/13 13/13/13 
f 13/13/13 14/14/14 13/13/13 
f 13/13/13 14/14/14 15/15/15 
f 14/14/14 16/16/16 15/15/15 
f 15/15/15 16/16/16 17/17/17 
f 16/16/16 18/18/18 17/17/17 
f 17/17/17 18/18/18 18/18/18 
f 18/18/18 19/19/19 18/18/18 
f 18/18/18 19/19/19 19/19/19 
f 19/19/19 20/20/20 19/19/19 
f 19/19/19 20/20/20 21/21/21 
f 20/20/20 22/22/22 21/21/21 
f 21/21/21 22/22/22 23/23/23 
f 22/22/22 24/24/24 23/23/23 
f 23/23/23 24/24/24 24/24/24 
f 24/24/24 25/25/25 24/24/24 
f 24/24/24 25/25/25 25/25/25 
f 25/25/25 26/26/26 25/25/25 
f 25/25/25 26/26/26 27/27/27 
f 26/26/26 28/28/28 27/27/27 
f 27/27/27 28/28/28 28/28/28 
f 28/28/28 29/29/29 28/28/28 
f 28/28/28 29/29/29 29/29/29 
f 29/29/29 30/30/30 29/29/29 
f 29/29/29 30/30/30 31/31/31 
f 30/30/30 32/32/32 31/31/31 
f 31/31/31 32/32/32 32/32/32 
f 32/32/32 33/33/33 32/32/32 
f 32/32/32 33/33/33 33/33/33 
f 33/33/33 34/34/34 33/33/33 
f 33/33/33 34/34/34 35/35/35 
f 34/34/34 36/36/36 35/35/35 
f 35/35/35 36/36/36 37/37/37 
f 36/36/36 38/38/38 37/37/37 
f 37/37/37 38/38/38 38/38/38 
f 38/38/38 39/39/39 38/38/38 
f 38/38/38 39/39/39 39/39/39 
f 39/39/39 40/40/40 39/39/39 
f 39/39/39 40/40/40 41/41/41 
f 40/40/40 42/42/42 41/41/41 
f 41/41/41 42/42/42 43/43/43 
f 42/42/42 44/44/44 43/43/43 
f 43/43/43 44/44/44 45/45/45 
f 44/44/44 46/46/46 45/45/45 
f 45/45/45 46/46/46 46/46/46 
f 46/46/46 47/47/47 46/46/46 
f 46/46/46 47/47/47 47/47/47 
f 47/47/47 48/48/48 47/47/47 
f 47/47/47 48/48/48 49/49/49 
f 48/48/48 50/50/50 49/49/49 
f 49/49/49 50/50/50 51/51/51 
f 50/50/50 52/52/52 51/51/51 
f 51/51/51 52/52/52 53/53/53 
f 52/52/52 54/54/54 53/53/53 
f 53/53/53 54/54/54 55/55/55 
f 54/54/54 56/56/56 55/55/55 
f 55/55/55 56/56/56 57/57/57 
f 56/56/56 58/58/58 57/57/57 
f 57/57/57 58/58/58 59/59/59 
f 58/58/58 60/60/60 59/59/59 
f 59/59/59 60/60/60 60/60/60 
f 60/60/60 61/61/61 60/60/60 
f 60/60/60 61/61/61 61/61/61 
f 61/61/61 62/62/62 61/61/61 
f 61/61/61 62/62/62 63/63/63 
f 62/62/62 64/64/64 63/63/63 
f 63/63/63 64/64/64 65/65/65 
f 64/64/64 66/66/66 65/65/65 
f 65/65/65 66/66/66 67/67/67 
f 66/66/66 68/68/68 67/67/67 
f 67/67/67 68/68/68 68/68/68 
f 68/68/68 69/69/69 68/68/68 
f 68/68/68 69/69/69 69/69/69 
f 69/69/69 70/70/70 69/69/69 
f 69/69/69 70/70/70 71/71/71 
f 70/70/70 72/72/72 71/71/71 
f 71/71/71 72/72/72 73/73/73 
f 72/72/72 74/74/74 73/73/73 
f 73/73/73 74/74/74 75/75/75 
f 74/74/74 76/76/76 75/75/75 
f 75/75/75 76/76/76 77/77/77 
f 76/76/76 78/78/78 77/77/77 
f 77/77/77 78/78/78 79/79/79 
f 78/78/78 80/80/80 79/79/79 
f 79/79/79 80/80/80 80/80/80 
f 80/80/80 81/81/81 80/80/80 
f 80/80/80 81/81/81 81/81/81 
f 81/81/81 82/82/82 81/81/81 
f 81/81/81 82/82/82 83/83/83 
f 82/82/82 84/84/84 83/83/83 
f 83/83/83 84/84/84 84/84/84 
f 84/84/84 85/85/85 84/84/84 
f 84/84/84 85/85/85 85/85/85 
f 85/85/85 86/86/86 85/85/85 
f 85/85/85 86/86/86 87/87/87 
f 86/86/86 88/88/88 87/87/87 
f 87/87/87 88/88/88 89/89/89 
f 88/88/88 90/90/90 89/89/89 
f 89/89/89 90/90/90 91/91/91 
f 90/90/90 92/92/92 91/91/91 
f 91/91/91 92/92/92 93/93/93 
f 92/92/92 94/94/94 93/93/93 
f 93/93/93 94/94/94 95/95/95 
f 94/94/94 96/96/96 95/95/95 
f 95/95/95 96/96/96 96/96/96 
f 96/96/96 97/97/97 96/96/96 
f 96/96/96 97/97/97 97/97/97 
f 97/97/97 98/98/98 97/97/97 
f 97/97/97 98/98/98 99/99/99 
f 98/98/98 100/100/100 99/99/99 
f 99/99/99 100/100/100 101/101/101 
f 100/100/100 102/102/102 101/101/101 
f 101/101/101 102/102/102 103/103/103 
f 102/102/102 104/104/104 103/103/103 
f 103/103/103 104/104/104 105/105/105 
f 104/104/104 106/106/106 105/105/105 
f 105/105/105 106/106/106 106/106/106 
f 106/106/106 107/107/107 106/106/106 
f 106/106/106 107/107/107 107/107/107 
f 107/107/107 108/108/108 107/107/107 
f 107/107/107 108/108/108 109/109/109 
f 108/108/108 110/110/110 109/109/109 
f 109/109/109 110/110/110 110/110/110 
f 110/110/110 108/108/108 110/110/110 
f 110/110/110 108/108/108 108/108/108 
f 108/108/108 111/111/111 108/108/108 
f 108/108/108 111/111/111 110/110/110 
f 111/111/111 112/112/112 110/110/110 
f 110/110/110 112/112/112 112/112/112 
f 112/112/112 111/111/111 112/112/112 
f 112/112/112 111/111/111 111/111/111 
f 111/111/111 113/113/113 111/111/111 
f 111/111/111 113/113/113 112/112/112 
f 113/113/113 114/114/114 112/112/112 
f 112/112/112 114/114/114 114/114/114 
f 114/114/114 113/113/113 114/114/114 
f 114/114/114 113/113/113 113/113/113 
f 113/113/113 115/115/115 113/113/113 
f 113/113/113 115/115/115 114/114/114 
f 115/115/115 116/116/116 114/114/114 
f 114/114/114 116/116/116 116/116/116 
f 116/116/116 115/115/115 116/116/116 
f 116/116/116 115/115/115 115/115/115 
f 115/115/115 117/117/117 115/115/115 
f 115/115/115 117/117/117 116/116/116 
f 117/117/117 118/118/118 116/116/116 
f 116/116/116 118/118/118 118/118/118 
f 118/118/118 117/117/117 118/118/118 
f 118/118/118 117/117/117 117/117/117 
f 117/117/117 119/119/119 117/117/117 
f 117/117/117 119/119/119 118/118/118 
f 119/119/119 120/120/120 118/118/118 
f 118/118/118 120/120/120 120/120/120 
f 120/120/120 119/119/119 120/120/120 
f 120/120/120 119/119/119 119/119/119 
f 119/119/119 121/121/121 119/119/119 
f 119/119/119 121/121/121 120/120/120 
f 121/121/121 122/122/122 120/120/120 
f 120/120/120 122/122/122 122/122/122 
f 122/122/122 121/121/121 122/122/122 
f 122/122/122 121/121/121 121/121/121 
f 121/121/121 123/123/123 121/121/121 
f 121/121/121 123/123/123 122/122/122 
f 123/123/123 124/124/124 122/122/122 
f 122/122/122 124/124/124 124/124/124 
f 124/124/124 123/123/123 124/124/124 
f 124/124/124 123/123/123 123/123/123 
f 123/123/123 125/125/125 123/123/123 
f 123/123/123 125/125/125 124/124/124 
f 125/125/125 126/126/126 124/124/124 
f 124/124/124 126/126/126 126/126/126 
f 126/126/126 125/125/125 126/126/126 
f 126/126/126 125/125/125 125/125/125 
f 125/125/125 127/127/127 125/125/125 
f 125/125/125 127/127/127 126/126/126 
f 127/127/127 128/128/128 126/126/126 
f 126/126/126 128/128/128 128/128/128 
f 128/128/128 127/127/127 128/128/128 
f 128/128/128 127/127/127 127/127/127 
f 127/127/127 129/129/129 127/127/127 
f 127/127/127 129/129/129 128/128/128 
f 129/129/129 130/130/130 128/128/128 
f 128/128/128 130/130/130 130/130/130 
f 130/130/130 129/129/129 130/130/130 
f 130/130/130 129/129/129 129/129/129 
f 129/129/129 131/131/131 129/129/129 
f 129/129/129 131/131/131 130/130/130 
f 131/131/131 132/132/132 130/130/130 
f 130/130/130 132/132/132 132/132/132 
f 132/132/132 131/131/131 132/132/132 
f 132/132/132 131/131/131 131/131/131 
f 131/131/131 133/133/133 131/131/131 
f 131/131/131 133/133/133 132/132/132 
f 133/133/133 134/134/134 132/132/132 
f 132/132/132 134/134/134 134/134/134 
f 134/134/134 133/133/133 134/134/134 
f 134/134/134 133/133/133 133/133/133 
f 133/133/133 135/135/135 133/133/133 
f 133/133/133 135/135/135 134/134/134 
f 135/135/135 136/136/136 134/134/134 
f 134/134/134 136/136/136 136/136/136 
f 136/136/136 135/135/135 136/136/136 
f 136/136/136 135/135/135 135/135/135 
f 135/135/135 137/137/137 135/135/135 
f 135/135/135 137/137/137 136/136/136 
f 137/137/137 138/138/138 136/136/136 
f 136/136/136 138/138/138 138/138/138 
f 138/138/138 137/137/137 138/138/138 
f 138/138/138 137/137/137 137/137/137 
f 137/137/137 139/139/139 137/137/137 
f 137/137/137 139/139/139 138/138/138 
f 139/139/139 140/140/140 138/138/138 
f 138/138/138 140/140/140 140/140/140 
f 140/140/140 139/139/139 140/140/140 
f 140/140/140 139/139/139 139/139/139 
f 139/139/139 141/141/141 139/139/139 
f 139/139/139 141/141/141 140/140/140 
f 141/141/141 142/142/142 140/140/140 
f 140/140/140 142/142/142 142/142/142 
f 142/142/142 141/141/141 142/142/142 
f 142/142/142 141/141/141 141/141/141 
f 141/141/141 143/143/143 141/141/141 
f 141/141/141 143/143/143 142/142/142 
f 143/143/143 144/144/144 142/142/142 
f 142/142/142 144/144/144 144/144/144 
f 144/144/144 143/143/143 144/144/144 
f 144/144/144 143/143/143 143/143/143 
f 143/143/143 145/145/145 143/143/143 
f 143/143/143 145/145/145 144/144/144 
f 145/145/145 146/146/146 144/144/144 
f 144/144/144 146/146/146 146/146/146 
f 146/146/146 145/145/145 146/146/146 
f 146/146/146 145/145/145 145/145/145 
f 145/145/145 147/147/147 145/145/145 
f 145/145/145 147/147/147 146/146/146 
f 147/147/147 148/148/148 146/146/146 
f 146/146/146 148/148/148 148/148/148 
f 148/148/148 147/147/147 148/148/148 
f 148/148/148 147/147/147 147/147/147 
f 147/147/147 149/149/149 147/147/147 
f 147/147/147 149/149/149 148/148/148 
f 149/149/149 150/150/150 148/148/148 
f 148/148/148 150/150/150 150/150/150 
f 150/150/150 149/149/149 150/150/150 
f 150/150/150 149/149/149 149/149/149 
f 149/149/149 151/151/151 149/149/149 
f 149/149/149 151/151/151 150/150/150 
f 151/151/151 152/152/152 150/150/150 
f 150/150/150 152/152/152 152/152/152 
f 152/152/152 151/151/151 152/152/152 
f 152/152/152 151/151/151 151/151/151 
f 151/151/151 153/153/153 151/151/151 
f 151/151/151 153/153/153 152/152/152 
f 153/153/153 154/154/154 152/152/152 
f 152/152/152 154/154/154 154/154/154 
f 154/154/154 153/153/153 154/154/154 
f 154/154/154 153/153/153 153/153/153 
f 153/153/153 155/155/155 153/153/153 
f 153/153/153 155/155/155 154/154/154 
f 155/155/155 156/156/156 154/154/154 
f 154/154/154 156/156/156 156/156/156 
f 156/156/156 155/155/155 156/156/156 
f 156/156/156 155/155/155 155/155/155 
f 155/155/155 157/157/157 155/155/155 
f 155/155/155 157/157/157 156/156/156 
f 157/157/157 158/158/158 156/156/156 
f 156/156/156 158/158/158 158/158/158 
f 158/158/158 157/157/157 158/158/158 
f 158/158/158 157/157/157 157/157/157 
f 157/157/157 159/159/159 157/157/157 
f 157/157/157 159/159/159 158/158/158 
f 159/159/159 160/160/160 158/158/158 
f 158/158/158 160/160/160 160/160/160 
f 160/160/160 159/159/159 160/160/160 
f 160/160/160 159/159/159 159/159/159 
f 159/159/159 161/161/161 159/159/159 
f 159/159/159 161/161/161 160/160/160 
f 161/161/161 162/162/162 160/160/160 
f 160/160/160 162/162/162 162/162/162 
f 162/162/162 161/161/161 162/162/162 
f 162/162/162 161/161/161 161/161/161 
f 161/161/161 163/163/163 161/161/161 
f 161/161/161 163/163/163 162/162/162 
f 163/163/163 164/164/164 162/162/162 
f 162/162/162 164/164/164 164/164/164 
f 164/164/164 163/163/163 164/164/164 
f 164/164/164 163/163/163 163/163/163 
f 163/163/163 165/165/165 163/163/163 
f 163/163/163 165/165/165 164/164/164 
f 165/165/165 166/166/166 164/164/164 
f 164/164/164 166/166/166 166/166/166 
f 166/166/166 165/165/165 166/166/166 
f 166/166/166 165/165/165 165/165/165 
f 165/165/165 167/167/167 165/165/165 
f 165/165/165 167/167/167 166/166/166 
f 167/167/167 168/168/168 166/166/166 
f 166/166/166 168/168/168 168/168/168 
f 168/168/168 167/167/167 168/168/168 
f 168/168/168 167/167/167 167/167/167 
f 167/167/167 169/169/169 167/167/167 
f 167/167/167 169/169/169 168/168/168 
f 169/169/169 170/170/170 168/168/168 
f 168/168/168 170/170/170 170/170/170 
f 170/170/170 169/169/169 170/170/170 
f 170/170/170 169/169/169 169/169/169 
f 169/169/169 171/171/171 169/169/169 
f 169/169/169 171/171/171 170/170/170 
f 171/171/171 172/172/172 170/170/170 
f 170/170/170 172/172/172 172/172/172 
f 172/172/172 171/171/171 172/172/172 
f 172/172/172 171/171/171 171/171/171 
f 171/171/171 173/173/173 171/171/171 
f 171/171/171 173/173/173 172/172/172 
f 173/173/173 174/174/174 172/172/172 
f 172/172/172 174/174/174 174/174/174 
f 174/174/174 173/173/173 174/174/174 
f 174/174/174 173/173/173 173/173/173 
f 173/173/173 175/175/175 173/173/173 
f 173/173/173 175/175/175 174/174/174 
f 175/175/175 176/176/176 174/174/174 
f 174/174/174 176/176/176 176/176/176 
f 176/176/176 175/175/175 176/176/176 
f 176/176/176 175/175/175 175/175/175 
f 175/175/175 177/177/177 175/175/175 
f 175/175/175 177/177/177 176/176/176 
f 177/177/177 178/178/178 176/176/176 
f 176/176/176 178/178/178 178/178/178 
f 178/178/178 177/177/177 178/178/178 
f 178/178/178 177/177/177 177/177/177 
f 177/177/177 179/179/179 177/177/177 
f 177/177/177 179/179/179 178/178/178 
f 179/179/179 180/180/180 178/178/178 
f 178/178/178 180/180/180 180/180/180 
f 180/180/180 179/179/179 180/180/180 
f 180/180/180 179/179/179 179/179/179 
f 179/179/179 181/181/181 179/179/179 
f 179/179/179 181/181/181 180/180/180 
f 181/181/181 182/182/182 180/180/180 
f 180/180/180 182/182/182 182/182/182 
f 182/182/182 181/181/181 182/182/182 
f 182/182/182 181/181/181 181/181/181 
f 181/181/181 183/183/183 181/181/181 
f 181/181/181 183/183/183 182/182/182 
f 183/183/183 184/184/184 182/182/182 
f 182/182/182 184/184/184 184/184/184 
f 184/184/184 183/183/183 184/184/184 
f 184/184/184 183/183/183 183/183/183 
f 183/183/183 185/185/185 183/183/183 
f 183/183/183 185/185/185 184/184/184 
f 185/185/185 186/186/186 184/184/184 
f 184/184/184 186/186/186 186/186/186 
f 186/186/186 185/185/185 186/186/186 
f 186/186/186 185/185/185 185/185/185 
f 185/185/185 187/187/187 185/185/185 
f 185/185/185 187/187/187 186/186/186 
f 187/187/187 188/188/188 186/186/186 
f 186/186/186 188/188/188 188/188/188 
f 188/188/188 187/187/187 188/188/188 
f 188/188/188 187/187/187 187/187/187 
f 187/187/187 189/189/189 187/187/187 
f 187/187/187 189/189/189 188/188/188 
f 189/189/189 190/190/190 188/188/188 
f 188/188/188 190/190/190 190/190/190 
f 190/190/190 189/189/189 190/190/190 
f 190/190/190 189/189/189 189/189/189 
f 189/189/189 191/191/191 189/189/189 
f 189/189/189 191/191/191 190/190/190 
f 191/191/191 192/192/192 190/190/190 
f 190/190/190 192/192/192 192/192/192 
f 192/192/192 191/191/191 192/192/192 
f 192/192/192 191/191/191 191/191/191 
f 191/191/191 193/193/193 191/191/191 
f 191/191/191 193/193/193 192/192/192 
f 193/193/193 194/194/194 192/192/192 
f 192/192/192 194/194/194 194/194/194 
f 194/194/194 193/193/193 194/194/194 
f 194/194/194 193/193/193 193/193/193 
f 193/193/193 195/195/195 193/193/193 
f 193/193/193 195/195/195 194/194/194 
f 195/195/195 196/196/196 194/194/194 
f 194/194/194 196/196/196 196/196/196 
f 196/196/196 195/195/195 196/196/196 
f 196/196/196 195/195/195 195/195/195 
f 195/195/195 197/197/197 195/195/195 
f 195/195/195 197/197/197 196/196/196 
f 197/197/197 198/198/198 196/196/196 
f 196/196/196 198/198/198 198/198/198 
f 198/198/198 197/197/197 198/198/198 
f 198/198/198 197/197/197 197/197/197 
f 197/197/197 199/199/199 197/197/197 
f 197/197/197 199/199/199 198/198/198 
f 199/199/199 200/200/200 198/198/198 
f 198/198/198 200/200/200 200/200/200 
f 200/200/200 199/199/199 200/200/200 
f 200/200/200 199/199/199 199/199/199 
f 199/199/199 201/201/201 199/199/199 
f 199/199/199 201/201/201 200/200/200 
f 201/201/201 202/202/202 200/200/200 
f 200/200/200 202/202/202 202/202/202 
f 202/202/202 201/201/201 202/202/202 
f 202/202/202 201/201/201 201/201/201 
f 201/201/201 203/203/203 201/201/201 
f 201/201/201 203/203/203 202/202/202 
f 203/203/203 204/204/204 202/202/202 
f 202/202/202 204/204/204 204/204/204 
f 204/204/204 203/203/203 204/204/204 
f 204/204/204 203/203/203 203/203/203 
f 203/203/203 205/205/205 203/203/203 
f 203/203/203 205/205/205 204/204/204 
f 205/205/205 206/206/206 204/204/204 
f 204/204/204 206/206/206 206/206/206 
f 206/206/206 205/205/205 206/206/206 
f 206/206/206 205/205/205 205/205/205 
f 205/205/205 207/207/207 205/205/205 
f 205/205/205 207/207/207 206/206/206 
f 207/207/207 208/208/208 206/206/206 
f 206/206/206 208/208/208 208/208/208 
f 208/208/208 207/207/207 208/208/208 
f 208/208/208 207/207/207 207/207/207 
f 207/207/207 209/209/209 207/207/207 
f 207/207/207 209/209/209 208/208/208 
f 209/209/209 210/210/210 208/208/208 
f 208/208/208 210/210/210 210/210/210 
f 210/210/210 209/209/209 210/210/210 
f 210/210/210 209/209/209 209/209/209 
f 209/209/209 211/211/211 209/209/209 
f 209/209/209 211/211/211 210/210/210 
f 211/211/211 212/212/212 210/210/210 
f 210/210/210 212/212/212 212/212/212 
f 212/212/212 211/211/211 212/212/212 
f 212/212/212 211/211/211 211/211/211 
f 211/211/211 213/213/213 211/211/211 
f 211/211/211 213/213/213 212/212/212 
f 213/213/213 214/214/214 212/212/212 
f 212/212/212 214/214/214 214/214/214 
f 214/214/214 213/213/213 214/214/214 
f 214/214/214 213/213/213 213/213/213 
f 213/213/213 215/215/215 213/213/213 
f 213/213/213 215/215/215 214/214/214 
f 215/215/215 216/216/216 214/214/214 
f 214/214/214 216/216/216 216/216/216 
f 216/216/216 217/217/217 216/216/216 
f 216/216/216 217/217/217 217/217/217 
f 217/217/217 218/218/218 217/217/217 
f 217/217/217 218/218/218 219/219/219 
f 218/218/218 220/220/220 219/219/219 
f 219/219/219 220/220/220 221/221/221 
f 220/220/220 222/222/222 221/221/221 
f 221/221/221 222/222/222 223/223/223 
f 222/222/222 224/224/224 223/223/223 
f 223/223/223 224/224/224 225/225/225 
f 224/224/224 226/226/226 225/225/225 
f 225/225/225 226/226/226 227/227/227 
f 226/226/226 228/228/228 227/227/227 
f 227/227/227 228/228/228 228/228/228 
f 228/228/228 229/229/229 228/228/228 
f 228/228/228 229/229/229 229/229/229 
f 229/229/229 230/230/230 229/229/229 
f 229/229/229 230/230/230 231/231/231 
f 230/230/230 232/232/232 231/231/231 
f 231/231/231 232/232/232 232/232/232 
f 232/232/232 230/230/230 232/232/232 
f 232/232/232 230/230/230 230/230/230 
f 230/230/230 233/233/233 230/230/230 
f 230/230/230 233/233/233 232/232/232 
f 233/233/233 234/234/234 232/232/232 
f 232/232/232 234/234/234 234/234/234 
f 234/234/234 233/233/233 234/234/234 
f 234/234/234 233/233/233 233/233/233 
f 233/233/233 235/235/235 233/233/233 
f 233/233/233 235/235/235 234/234/234 
f 235/235/235 236/236/236 234/234/234 
f 234/234/234 236/236/236 236/236/236 
f 236/236/236 235/235/235 236/236/236 
f 236/236/236 235/235/235 235/235/235 
f 235/235/235 237/237/237 235/235/235 
f 235/235/235 237/237/237 236/236/236 
f 237/237/237 238/238/238 236/236/236 
f 236/236/236 238/238/238 238/238/238 
f 238/238/238 237/237/237 238/238/238 
f 238/238/238 237/237/237 237/237/237 
f 237/237/237 239/239/239 237/237/237 
f 237/237/237 239/239/239 238/238/238 
f 239/239/239 240/240/240 238/238/238 
f 238/238/238 240/240/240 240/240/240 
f 240/240/240 239/239/239 240/240/240 
f 240/240/240 239/239/239 239/239/239 
f 239/239/239 241/241/241 239/239/239 
f 239/239/239 241/241/241 240/240/240 
f 241/241/241 242/242/242 240/240/240 
f 240/240/240 242/242/242 242/242/242 
f 242/242/242 241/241/241 242/242/242 
f 242/242/242 241/241/241 241/241/241 
f 241/241/241 243/243/243 241/241/241 
f 241/241/241 243/243/243 242/242/242 
f 243/243/243 244/244/244 242/242/242 
f 242/242/242 244/244/244 244/244/244 
f 244/244/244 243/243/243 244/244/244 
f 244/244/244 243/243/243 243/243/243 
f 243/243/243 245/245/245 243/243/243 
f 243/243/243 245/245/245 244/244/244 
f 245/245/245 246/246/246 244/244/244 
f 244/244/244 246/246/246 246/246/246 
f 246/246/246 245/245/245 246/246/246 
f 246/246/246 245/245/245 245/245/245 
f 245/245/245 247/247/247 245/245/245 
f 245/245/245 247/247/247 246/246/246 
f 247/247/247 248/248/248 246/246/246 
f 246/246/246 248/248/248 248/248/248 
f 248/248/248 247/247/247 248/248/248 
f 248/248/248 247/247/247 247/247/247 
f 247/247/247 249/249/249 247/247/247 
f 247/247/247 249/249/249 248/248/248 
f 249/249/249 250/250/250 248/248/248 
f 248/248/248 250/250/250 250/250/250 
f 250/250/250 249/249/249 250/250/250 
f 250/250/250 249/249/249 249/249/249 
f 249/249/249 251/251/251 249/249/249 
f 249/249/249 251/251/251 250/250/250 
f 251/251/251 252/252/252 250/250/250 
f 250/250/250 252/252/252 252/252/252 
f 252/252/252 251/251/251 252/252/252 
f 252/252/252 251/251/251 251/251/251 
f 251/251/251 253/253/253 251/251/251 
f 251/251/251 253/253/253 252/252/252 
f 253/253/253 254/254/254 252/252/252 
f 252/252/252 254/254/254 254/254/254 
f 254/254/254 253/253/253 254/254/254 
f 254/254/254 253/253/253 253/253/253 
f 253/253/253 255/255/255 253/253/253 
f 253/253/253 255/255/255 254/254/254 
f 255/255/255 256/256/256 254/254/254 
f 254/254/254 256/256/256 256/256/256 
f 256/256/256 255/255/255 256/256/256 
f 256/256/256 255/255/255 255/255/255 
f 255/255/255 257/257/257 255/255/255 
f 255/255/255 257/257/257 256/256/256 
f 257/257/257 258/258/258 256/256/256 
f 256/256/256 258/258/258 258/258/258 
f 258/258/258 257/257/257 258/258/258 
f 258/258/258 257/257/257 257/257/257 
f 257/257/257 259/259/259 257/257/257 
f 257/257/257 259/259/259 258/258/258 
f 259/259/259 260/260/260 258/258/258 
f 258/258/258 260/260/260 260/260/260 
f 260/260/260 259/259/259 260/260/260 
f 260/260/260 259/259/259 259/259/259 
f 259/259/259 261/261/261 259/259/259 
f 259/259/259 261/261/261 260/260/260 
f 261/261/261 262/262/262 260/260/260 
f 260/260/260 262/262/262 262/262/262 
f 262/262/262 261/261/261 262/262/262 
f 262/262/262 261/261/261 261/261/261 
f 261/261/261 263/263/263 261/261/261 
f 261/261/261 263/263/263 262/262/262 
f 263/263/263 264/264/264 262/262/262 
f 262/262/262 264/264/264 264/264/264 
f 264/264/264 263/263/263 264/264/264 
f 264/264/264 263/263/263 263/263/263 
f 263/263/263 265/265/265 263/263/263 
f 263/263/263 265/265/265 264/264/264 
f 265/265/265 266/266/266 264/264/264 
f 264/264/264 266/266/266 266/266/266 
f 266/266/266 265/265/265 266/266/266 
f 266/266/266 265/265/265 265/265/265 
f 265/265/265 267/267/267 265/265/265 
f 265/265/265 267/267/267 266/266/266 
f 267/267/267 268/268/268 266/266/266 
f 266/266/266 268/268/268 268/268/268 
f 268/268/268 267/267/267 268/268/268 
f 268/268/268 267/267/267 267/267/267 
f 267/267/267 269/269/269 267/267/267 
f 267/267/267 269/269/269 268/268/268 
f 269/269/269 270/270/270 268/268/268 
f 268/268/268 270/270/270 270/270/270 
f 270/270/270 269/269/269 270/270/270 
f 270/270/270 269/269/269 269/269/269 
f 269/269/269 271/271/271 269/269/269 
f 269/269/269 271/271/271 270/270/270 
f 271/271/271 272/272/272 270/270/270 
f 270/270/270 272/272/272 272/272/272 
f 272/272/272 271/271/271 272/272/272 
f 272/272/272 271/271/271 271/271/271 
f 271/271/271 273/273/273 271/271/271 
f 271/271/271 273/273/273 272/272/272 
f 273/273/273 274/274/274 272/272/272 
f 272/272/272 274/274/274 274/274/274 
f 274/274/274 273/273/273 274/274/274 
f 274/274/274 273/273/273 273/273/273 
f 273/273/273 275/275/275 273/273/273 
f 273/273/273 275/275/275 274/274/274 
f 275/275/275 276/276/276 274/274/274 
f 274/274/274 276/276/276 276/276/276 
f 276/276/276 275/275/275 276/276/276 
f 276/276/276 275/275/275 275/275/275 
f 275/275/275 277/277/277 275/275/275 
f 275/275/275 277/277/277 276/276/276 
f 277/277/277 278/278/278 276/276/276 
f 276/276/276 278/278/278 278/278/278 
f 278/278/278 277/277/277 278/278/278 
f 278/278/278 277/277/277 277/277/277 
f 277/277/277 279/279/279 277/277/277 
f 277/277/277 279/279/279 278/278/278 
f 279/279/279 280/280/280 278/278/278 
f 278/278/278 280/280/280 280/280/280 
f 280/280/280 279/279/279 280/280/280 
f 280/280/280 279/279/279 279/279/279 
f 279/279/279 281/281/281 279/279/279 
f 279/279/279 281/281/281 280/280/280 
f 281/281/281 282/282/282 280/280/280 
f 280/280/280 282/282/282 282/282/282 
f 282/282/282 281/281/281 282/282/282 
f 282/282/282 281/281/281 281/281/281 
f 281/281/281 283/283/283 281/281/281 
f 281/281/281 283/283/283 282/282/282 
f 283/283/283 284/284/284 282/282/282 
f 282/282/282 284/284/284 284/284/284 
f 284/284/284 283/283/283 284/284/284 
f 284/284/284 283/283/283 283/283/283 
f 283/283/283 285/285/285 283/283/283 
f 283/283/283 285/285/285 284/284/284 
f 285/285/285 286/286/286 284/284/284 
f 284/284/284 286/286/286 286/286/286 
f 286/286/286 285/285/285 286/286/286 
f 286/286/286 285/285/285 285/285/285 
f 285/285/285 287/287/287 285/285/285 
f 285/285/285 287/287/287 286/286/286 
f 287/287/287 288/288/288 286/286/286 
f 286/286/286 288/288/288 288/288/288 
f 288/288/288 287/287/287 288/288/288 
f 288/288/288 287/287/287 287/287/287 
f 287/287/287 289/289/289 287/287/287 
f 287/287/287 289/289/289 288/288/288 
f 289/289/289 290/290/290 288/288/288 
f 288/288/288 290/290/290 290/290/290 
f 290/290/290 289/289/289 290/290/290 
f 290/290/290 289/289/289 289/289/289 
f 289/289/289 291/291/291 289/289/289 
f 289/289/289 291/291/291 290/290/290 
f 291/291/291 292/292/292 290/290/290 
f 290/290/290 292/292/292 292/292/292 
f 292/292/292 291/291/291 292/292/292 
f 292/292/292 291/291/291 291/291/291 
f 291/291/291 293/293/293 291/291/291 
f 291/291/291 293/293/293 292/292/292 
f 293/293/293 294/294/294 292/292/292 
f 292/292/292 294/294/294 294/294/294 
f 294/294/294 293/293/293 294/294/294 
f 294/294/294 293/293/293 293/293/293 
f 293/293/293 295/295/295 293/293/293 
f 293/293/293 295/295/295 294/294/294 
f 295/295/295 296/296/296 294/294/294 
f 294/294/294 296/296/296 296/296/296 
f 296/296/296 295/295/295 296/296/296 
f 296/296/296 295/295/295 295/295/295 
f 295/295/295 297/297/297 295/295/295 
f 295/295/295 297/297/297 296/296/296 
f 297/297/297 298/298/298 296/296/296 
f 296/296/296 298/298/298 298/298/298 
f 298/298/298 297/297/297 298/298/298 
f 298/298/298 297/297/297 297/297/297 
f 297/297/297 299/299/299 297/297/297 
f 297/297/297 299/299/299 298/298/298 
f 299/299/299 300/300/300 298/298/298 
f 298/298/298 300/300/300 300/300/300 
f 300/300/300 299/299/299 300/300/300 
f 300/300/300 299/299/299 299/299/299 
f 299/299/299 301/301/301 299/299/299 
f 299/299/299 301/301/301 300/300/300 
f 301/301/301 302/302/302 300/300/300 
f 300/300/300 302/302/302 302/302/302 
f 302/302/302 301/301/301 302/302/302 
f 302/302/302 301/301/301 301/301/301 
f 301/301/301 303/303/303 301/301/301 
f 301/301/301 303/303/303 302/302/302 
f 303/303/303 304/304/304 302/302/302 
f 302/302/302 304/304/304 304/304/304 
f 304/304/304 303/303/303 304/304/304 
f 304/304/304 303/303/303 303/303/303 
f 303/303/303 305/305/305 303/303/303 
f 303/303/303 305/305/305 304/304/304 
f 305/305/305 306/306/306 304/304/304 
f 304/304/304 306/306/306 306/306/306 
f 306/306/306 305/305/305 306/306/306 
f 306/306/306 305/305/305 305/305/305 
f 305/305/305 307/307/307 305/305/305 
f 305/305/305 307/307/307 306/306/306 
f 307/307/307 308/308/308 306/306/306 
f 306/306/306 308/308/308 308/308/308 
f 308/308/308 307/307/307 308/308/308 
f 308/308/308 307/307/307 307/307/307 
f 307/307/307 309/309/309 307/307/307 
f 307/307/307 309/309/309 308/308/308 
f 309/309/309 310/310/310 308/308/308 
f 308/308/308 310/310/310 310/310/310 
f 310/310/310 309/309/309 310/310/310 
f 310/310/310 309/309/309 309/309/309 
f 309/309/309 311/311/311 309/309/309 
f 309/309/309 311/311/311 310/310/310 
f 311/311/311 312/312/312 310/310/310 
f 310/310/310 312/312/312 312/312/312 
f 312/312/312 311/311/311 312/312/312 
f 312/312/312 311/311/311 311/311/311 
f 311/311/311 313/313/313 311/311/311 
f 311/311/311 313/313/313 312/312/312 
f 313/313/313 314/314/314 312/312/312 
f 312/312/312 314/314/314 314/314/314 
f 314/314/314 313/313/313 314/314/314 
f 314/314/314 313/313/313 313/313/313 
f 313/313/313 315/315/315 313/313/313 
f 313/313/313 315/315/315 314/314/314 
f 315/315/315 316/316/316 314/314/314 
f 314/314/314 316/316/316 316/316/316 
f 316/316/316 315/315/315 316/316/316 
f 316/316/316 315/315/315 315/315/315 
f 315/315/315 317/317/317 315/315/315 
f 315/315/315 317/317/317 316/316/316 
f 317/317/317 318/318/318 316/316/316 
f 316/316/316 318/318/318 318/318/318 
f 318/318/318 317/317/317 318/318/318 
f 318/318/318 317/317/317 317/317/317 
f 317/317/317 319/319/319 317/317/317 
f 317/317/317 319/319/319 318/318/318 
f 319/319/319 320/320/320 318/318/318 
f 318/318/318 320/320/320 320/320/320 
f 320/320/320 319/319/319 320/320/320 
f 320/320/320 319/319/319 319/319/319 
f 319/319/319 321/321/321 319/319/319 
f 319/319/319 321/321/321 320/320/320 
f 321/321/321 322/322/322 320/320/320 
f 320/320/320 322/322/322 322/322/322 
f 322/322/322 321/321/321 322/322/322 
f 322/322/322 321/321/321 321/321/321 
f 321/321/321 323/323/323 321/321/321 
f 321/321/321 323/323/323 322/322/322 
f 323/323/323 324/324/324 322/322/322 
f 322/322/322 324/324/324 324/324/324 
f 324/324/324 323/323/323 324/324/324 
f 324/324/324 323/323/323 323/323/323 
f 323/323/323 325/325/325 323/323/323 
f 323/323/323 325/325/325 324/324/324 
f 325/325/325 326/326/326 324/324/324 
f 324/324/324 326/326/326 326/326/326 
f 326/326/326 325/325/325 326/326/326 
f 326/326/326 325/325/325 325/325/325 
f 325/325/325 327/327/327 325/325/325 
f 325/325/325 327/327/327 326/326/326 
f 327/327/327 328/328/328 326/326/326 
f 326/326/326 328/328/328 328/328/328 
f 328/328/328 327/327/327 328/328/328 
f 328/328/328 327/327/327 327/327/327 
f 327/327/327 329/329/329 327/327/327 
f 327/327/327 329/329/329 328/328/328 
f 329/329/329 330/330/330 328/328/328 
f 328/328/328 330/330/330 330/330/330 
f 330/330/330 329/329/329 330/330/330 
f 330/330/330 329/329/329 329/329/329 
f 329/329/329 331/331/331 329/329/329 
f 329/329/329 331/331/331 330/330/330 
f 331/331/331 332/332/332 330/330/330 
f 330/330/330 332/332/332 332/332/332 
f 332/332/332 331/331/331 332/332/332 
f 332/332/332 331/331/331 331/331/331 
f 331/331/331 333/333/333 331/331/331 
f 331/331/331 333/333/333 332/332/332 
f 333/333/333 334/334/334 332/332/332 
f 332/332/332 334/334/334 334/334/334 
f 334/334/334 333/333/333 334/334/334 
f 334/334/334 333/333/333 333/333/333 
f 333/333/333 335/335/335 333/333/333 
f 333/333/333 335/335/335 334/334/334 
f 335/335/335 336/336/336 334/334/334 
f 334/334/334 336/336/336 336/336/336 
f 336/336/336 335/335/335 336/336/336 
f 336/336/336 335/335/335 335/335/335 
f 335/335/335 337/337/337 335/335/335 
f 335/335/335 337/337/337 336/336/336 
f 337/337/337 338/338/338 336/336/336 
f 336/336/336 338/338/338 338/338/338 
f 338/338/338 339/339/339 338/338/338 
f 338/338/338 339/339/339 339/339/339 
f 339/339/339 340/340/340 339/339/339 
f 339/339/339 340/340/340 341/341/341 
f 340/340/340 342/342/342 341/341/341 
f 341/341/341 342/342/342 343/343/343 
f 342/342/342 344/344/344 343/343/343 
f 343/343/343 344/344/344 345/345/345 
f 344/344/344 346/346/346 345/345/345 
f 345/345/345 346/346/346 347/347/347 
f 346/346/346 348/348/348 347/347/347 
f 347/347/347 348/348/348 348/348/348 
f 348/348/348 349/349/349 348/348/348 
f 348/348/348 349/349/349 349/349/349 
f 349/349/349 350/350/350 349/349/349 
f 349/349/349 350/350/350 351/351/351 
f 350/350/350 352/352/352 351/351/351 
f 351/351/351 352/352/352 353/353/353 
f 352/352/352 354/354/354 353/353/353 
f 353/353/353 354/354/354 355/355/355 
f 354/354/354 356/356/356 355/355/355 
f 355/355/355 356/356/356 357/357/357 
f 356/356/356 358/358/358 357/357/357 
f 357/357/357 358/358/358 359/359/359 
f 358/358/358 360/360/360 359/359/359 
f 359/359/359 360/360/360 361/361/361 
f 360/360/360 362/362/362 361/361/361 
f 361/361/361 362/362/362 362/362/362 
f 362/362/362 363/363/363 362/362/362 
f 362/362/362 363/363/363 363/363/363 
f 363/363/363 364/364/364 363/363/363 
f 363/363/363 364/364/364 365/365/365 
f 364/364/364 366/366/366 365/365/365 
f 365/365/365 366/366/366 367/367/367 
f 366/366/366 368/368/368 367/367/367 
f 367/367/367 368/368/368 369/369/369 
f 368/368/368 370/370/370 369/369/369 
f 369/369/369 370/370/370 371/371/371 
f 370/370/370 372/372/372 371/371/371 
f 371/371/371 372/372/372 373/373/373 
f 372/372/372 374/374/374 373/373/373 
f 373/373/373 374/374/374 375/375/375 
f 374/374/374 376/376/376 375/375/375 
f 375/375/375 376/376/376 376/376/376 
f 376/376/376 377/377/377 376/376/376 
f 376/376/376 377/377/377 377/377/377 
f 377/377/377 378/378/378 377/377/377 
f 377/377/377 378/378/378 379/379/379 
f 378/378/378 380/380/380 379/379/379 
f 379/379/379 380/380/380 381/381/381 
f 380/380/380 382/382/382 381/381/381 
f 381/381/381 382/382/382 383/383/383 
f 382/382/382 384/384/384 383/383/383 
f 383/383/383 384/384/384 385/385/385 
f 384/384/384 386/386/386 385/385/385 
f 385/385/385 386/386/386 386/386/386 
f 386/386/386 387/387/387 386/386/386 
f 386/386/386 387/387/387 387/387/387 
f 387/387/387 388/388/388 387/387/387 
f 387/387/387 388/388/388 389/389/389 
f 388/388/388 390/390/390 389/389/389 
f 389/389/389 390/390/390 390/390/390 
f 390/390/390 391/391/391 390/390/390 
f 390/390/390 391/391/391 391/391/391 
f 391/391/391 392/392/392 391/391/391 
f 391/391/391 392/392/392 393/393/393 
f 392/392/392 394/394/394 393/393/393 
f 393/393/393 394/394/394 395/395/395 
f 394/394/394 396/396/396 395/395/395 
f 395/395/395 396/396/396 397/397/397 
f 396/396/396 398/398/398 397/397/397 
f 397/397/397 398/398/398 399/399/399 
f 398/398/398 400/400/400 399/399/399 
f 399/399/399 400/400/400 400/400/400 
f 400/400/400 401/401/401 400/400/400 
f 400/400/400 401/401/401 401/401/401 
f 401/401/401 402/402/402 401/401/401 
f 401/401/401 402/402/402 403/403/403 
f 402/402/402 404/404/404 403/403/403 
f 403/403/403 404/404/404 405/405/405 
f 404/404/404 406/406/406 405/405/405 
f 405/405/405 406/406/406 407/407/407 
f 406/406/406 408/408/408 407/407/407 
f 407/407/407 408/408/408 409/409/409 
f 408/408/408 410/410/410 409/409/409 
f 409/409/409 410/410/410 411/411/411 
f 410/410/410 412/412/412 411/411/411 
f 411/411/411 412/412/412 413/413/413 
f 412/412/412 414/414/414 413/413/413 
f 413/413/413 414/414/414 415/415/415 
f 414/414/414 416/416/416 415/415/415 
f 415/415/415 416/416/416 417/417/417 
f 416/416/416 418/418/418 417/417/417 
f 417/417/417 418/418/418 419/419/419 
f 418/418/418 420/420/420 419/419/419 
f 419/419/419 420/420/420 421/421/421 
f 420/420/420 422/422/422 421/421/421 
f 421/421/421 422/422/422 423/423/423 
f 422/422/422 424/424/424 423/423/423 
f 423/423/423 424/424/424 425/425/425 
f 424/424/424 426/426/426 425/425/425 
f 425/425/425 426/426/426 427/427/427 
f 426/426/426 428/428/428 427/427/427 
f 427/427/427 428/428/428 429/429/429 
f 428/428/428 430/430/430 429/429/429 
f 429/429/429 430/430/430 431/431/431 
f 430/430/430 432/432/432 431/431/431 
f 431/431/431 432/432/432 433/433/433 
f 432/432/432 434/434/434 433/433/433 
f 433/433/433 434/434/434 435/435/435 
f 434/434/434 436/436/436 435/435/435 
f 435/435/435 436/436/436 436/436/436 
f 436/436/436 437/437/437 436/436/436 
f 436/436/436 437/437/437 437/437/437 
f 437/437/437 438/438/438 437/437/437 
f 437/437/437 438/438/438 439/439/439 
f 438/438/438 440/440/440 439/439/439 
f 439/439/439 440/440/440 440/440/440 
f 440/440/440 441/441/441 440/440/440 
f 440/440/440 441/441/441 441/441/441 
f 441/441/441 442/442/442 441/441/441 
f 441/441/441 442/442/442 443/443/443 
f 442/442/442 444/444/444 443/443/443 
f 443/443/443 444/444/444 445/445/445 
f 444/444/444 446/446/446 445/445/445 
f 445/445/445 446/446/446 447/447/447 
f 446/446/446 448/448/448 447/447/447 
f 447/447/447 448/448/448 449/449/449 
f 448/448/448 450/450/450 449/449/449 
f 449/449/449 450/450/450 451/451/451 
f 450/450/450 452/452/452 451/451/451 
f 451/451/451 452/452/452 453/453/453 
f 452/452/452 454/454/454 453/453/453 
f 453/453/453 454/454/454 455/455/455 
f 454/454/454 456/456/456 455/455/455 
f 455/455/455 456/456/456 457/457/457 
f 456/456/456 458/458/458 457/457/457 
f 457/457/457 458/458/458 459/459/459 
f 458/458/458 460/460/460 459/459/459 
f 459/459/459 460/460/460 461/461/461 
f 460/460/460 462/462/462 461/461/461 
f 461/461/461 462/462/462 463/463/463 
f 462/462/462 464/464/464 463/463/463 
f 463/463/463 464/464/464 465/465/465 
f 464/464/464 466/466/466 465/465/465 
f 465/465/465 466/466/466 467/467/467 
f 466/466/466 468/468/468 467/467/467 
f 467/467/467 468/468/468 469/469/469 
f 468/468/468 470/470/470 469/469/469 
f 469/469/469 470/470/470 471/471/471 
f 470/470/470 472/472/472 471/471/471 
f 471/471/471 472/472/472 473/473/473 
f 472/472/472 474/474/474 473/473/473 
f 473/473/473 474/474/474 475/475/475 
f 474/474/474 476/476/476 475/475/475 
f 475/475/475 476/476/476 476/476/476 
f 476/476/476 477/477/477 476/476/476 
f 476/476/476 477/477/477 477/477/477 
f 477/477/477 478/478/478 477/477/477 
f 477/477/477 478/478/478 479/479/479 
f 478/478/478 480/480/480 479/479/479 
f 479/479/479 480/480/480 481/481/481 
f 480/480/480 482/482/482 481/481/481 
f 481/481/481 482/482/482 483/483/483 
f 482/482/482 484/484/484 483/483/483 
f 483/483/483 484/484/484 485/485/485 
f 484/484/484 486/486/486 485/485/485 
f 485/485/485 486/486/486 487/487/487 
f 486/486/486 488/488/488 487/487/487 
f 487/487/487 488/488/488 489/489/489 
f 488/488/488 490/490/490 489/489/489 
f 489/489/489 490/490/490 491/491/491 
f 490/490/490 492/492/492 491/491/491 
f 491/491/491 492/492/492 493/493/493 
f 492/492/492 494/494/494 493/493/493 
f 493/493/493 494/494/494 495/495/495 
f 494/494/494 496/496/496 495/495/495 
f 495/495/495 496/496/496 497/497/497 
f 496/496/496 498/498/498 497/497/497 
f 497/497/497 498/498/498 499/499/499 
f 498/498/498 500/500/500 499/499/499 
f 499/499/499 500/500/500 501/501/501 
f 500/500/500 502/502/502 501/501/501 
f 501/501/501 502/502/502 502/502/502 
f 502/502/502 503/503/503 502/502/502 
f 502/502/502 503/503/503 503/503/503 
f 503/503/503 504/504/504 503/503/503 
f 503/503/503 504/504/504 505/505/505 
f 504/504/504 506/506/506 505/505/505 
f 505/505/505 506/506/506 507/507/507 
f 506/506/506 508/508/508 507/507/507 
f 507/507/507 508/508/508 509/509/509 
f 508/508/508 510/510/510 509/509/509 
f 509/509/509 510/510/510 511/511/511 
f 510/510/510 512/512/512 511/511/511 
f 511/511/511 512/512/512 512/512/512 
f 512/512/512 513/513/513 512/512/512 
f 512/512/512 513/513/513 513/513/513 
f 513/513/513 514/514/514 513/513/513 
f 513/513/513 514/514/514 515/515/515 
f 514/514/514 516/516/516 515/515/515 
f 515/515/515 516/516/516 517/517/517 
f 516/516/516 518/518/518 517/517/517 
f 517/517/517 518/518/518 519/519/519 
f 518/518/518 520/520/520 519/519/519 
f 519/519/519 520/520/520 521/521/521 
f 520/520/520 522/522/522 521/521/521 
f 521/521/521 522/522/522 523/523/523 
f 522/522/522 524/524/524 523/523/523 
f 523/523/523 524/524/524 525/525/525 
f 524/524/524 526/526/526 525/525/525 
f 525/525/525 526/526/526 527/527/527 
f 526/526/526 528/528/528 527/527/527 
f 527/527/527 528/528/528 529/529/529 
f 528/528/528 530/530/530 529/529/529 
f 529/529/529 530/530/530 531/531/531 
f 530/530/530 532/532/532 531/531/531 
f 531/531/531 532/532/532 533/533/533 
f 532/532/532 534/534/534 533/533/533 
f 533/533/533 534/534/534 535/535/535 
f 534/534/534 536/536/536 535/535/535 
f 535/535/535 536/536/536 536/536/536 
f 536/536/536 537/537/537 536/536/536 
f 536/536/536 537/537/537 537/537/537 
f 537/537/537 538/538/538 537/537/537 
f 537/537/537 538/538/538 539/539/539 
f 538/538/538 540/540/540 539/539/539 
f 539/539/539 540/540/540 540/540/540 
f 540/540/540 541/541/541 540/540/540 
f 540/540/540 541/541/541 541/541/541 
f 541/541/541 542/542/542 541/541/541 
f 541/541/541 542/542/542 543/543/543 
f 542/542/542 544/544/544 543/543/543 
f 543/543/543 544/544/544 545/545/545 
f 544/544/544 546/546/546 545/545/545 
f 545/545/545 546/546/546 547/547/547 
f 546/546/546 548/548/548 547/547/547 
f 547/547/547 548/548/548 549/549/549 
f 548/548/548 550/550/550 549/549/549 
f 549/549/549 550/550/550 551/551/551 
f 550/550/550 552/552/552 551/551/551 
f 551/551/551 552/552/552 553/553/553 
f 552/552/552 554/554/554 553/553/553 
f 553/553/553 554/554/554 555/555/555 
f 554/554/554 556/556/556 555/555/555 
f 555/555/555 556/556/556 557/557/557 
f 556/556/556 558/558/558 557/557/557 
f 557/557/557 558/558/558 559/559/559 
f 558/558/558 560/560/560 559/559/559 
f 559/559/559 560/560/560 561/561/561 
f 560/560/560 562/562/562 561/561/561 
f 561/561/561 562/562/562 563/563/563 
f 562/562/562 564/564/564 563/563/563 
f 563/563/563 564/564/564 565/565/565 
f 564/564/564 566/566/566 565/565/565 
f 565/565/565 566/566/566 567/567/567 
f 566/566/566 568/568/568 567/567/567 
f 567/567/567 568/568/568 569/569/569 
f 568/568/568 570/570/570 569/569/569 
f 569/569/569 570/570/570 571/571/571 
f 570/570/570 572/572/572 571/571/571 
f 571/571/571 572/572/572 573/573/573 
f 572/572/572 574/574/574 573/573/573 
f 573/573/573 574/574/574 575/575/575 
f 574/574/574 576/576/576 575/575/575 
f 575/575/575 576/576/576 577/577/577 
f 576/576/576 578/578/578 577/577/577 
f 577/577/577 578/578/578 579/579/579 
f 578/578/578 580/580/580 579/579/579 
f 579/579/579 580/580/580 581/581/581 
f 580/580/580 581/581/581 581/581/581 
f 581/581/581 581/581/581 582/582/582 
f 581/581/581 582/582/582 582/582/582 
f 582/582/582 582/582/582 582/582/582 
f 582/582/582 583/583/583 582/582/582 
f 582/582/582 583/583/583 584/584/584 
f 583/583/583 585/585/585 584/584/584 
f 584/584/584 585/585/585 586/586/586 
f 585/585/585 587/587/587 586/586/586 
f 586/586/586 587/587/587 588/588/588 
f 587/587/587 589/589/589 588/588/588 
f 588/588/588 589/589/589 590/590/590 
f 589/589/589 591/591/591 590/590/590 
f 590/590/590 591/591/591 592/592/592 
f 591/591/591 593/593/593 592/592/592 
f 592/592/592 593/593/593 594/594/594 
f 593/593/593 595/595/595 594/594/594 
f 594/594/594 595/595/595 596/596/596 
f 595/595/595 597/597/597 596/596/596 
f 596/596/596 597/597/597 598/598/598 
f 597/597/597 599/599/599 598/598/598 
f 598/598/598 599/599/599 600/600/600 
f 599/599/599 601/601/601 600/600/600 
f 600/600/600 601/601/601 602/602/602 
f 601/601/601 603/603/603 602/602/602 
f 602/602/602 603/603/603 604/604/604 
f 603/603/603 605/605/605 604/604/604 
f 604/604/604 605/605/605 605/605/605 
f 605/605/605 606/606/606 605/605/605 
f 605/605/605 606/606/606 606/606/606 
f 606/606/606 607/607/607 606/606/606 
f 606/606/606 607/607/607 608/608/608 
f 607/607/607 609/609/609 608/608/608 
f 608/608/608 609/609/609 610/610/610 
f 609/609/609 611/611/611 610/610/610 
f 610/610/610 611/611/611 612/612/612 
f 611/611/611 613/613/613 612/612/612 
f 612/612/612 613/613/613 614/614/614 
f 613/613/613 615/615/615 614/614/614 
f 614/614/614 615/615/615 616/616/616 
f 615/615/615 617/617/617 616/616/616 
f 616/616/616 617/617/617 618/618/618 
f 617/617/617 619/619/619 618/618/618 
f 618/618/618 619/619/619 620/620/620 
f 619/619/619 621/621/621 620/620/620 
f 620/620/620 621/621/621 622/622/622 
f 621/621/621 623/623/623 622/622/622 
f 622/622/622 623/623/623 624/624/624 
f 623/623/623 625/625/625 624/624/624 
f 624/624/624 625/625/625 626/626/626 
f 625/625/625 627/627/627 626/626/626 
f 626/626/626 627/627/627 628/628/628 
f 627/627/627 629/629/629 628/628/628 
f 628/628/628 629/629/629 630/630/630 
f 629/629/629 631/631/631 630/630/630 
f 630/630/630 631/631/631 631/631/631 
f 631/631/631 632/632/632 631/631/631 
f 631/631/631 632/632/632 632/632/632 
f 632/632/632 633/633/633 632/632/632 
f 632/632/632 633/633/633 634/634/634 
f 633/633/633 635/635/635 634/634/634 
f 634/634/634 635/635/635 636/636/636 
f 635/635/635 637/637/637 636/636/636 
f 636/636/636 637/637/637 638/638/638 
f 637/637/637 639/639/639 638/638/638 
f 638/638/638 639/639/639 640/640/640 
f 639/639/639 641/641/641 640/640/640 
f 640/640/640 641/641/641 642/642/642 
f 641/641/641 643/643/643 642/642/642 
f 642/642/642 643/643/643 644/644/644 
f 643/643/643 645/645/645 644/644/644 
f 644/644/644 645/645/645 646/646/646 
f 645/645/645 647/647/647 646/646/646 
f 646/646/646 647/647/647 648/648/648 
f 647/647/647 649/649/649 648/648/648 
f 648/648/648 649/649/649 650/650/650 
f 649/649/649 651/651/651 650/650/650 
f 650/650/650 651/651/651 652/652/652 
f 651/651/651 653/653/653 652/652/652 
f 652/652/652 653/653/653 654/654/654 
f 653/653/653 655/655/655 654/654/654 
f 654/654/654 655/655/655 656/656/656 
f 655/655/655 657/657/657 656/656/656 
f 656/656/656 657/657/657 658/658/658 
f 657/657/657 659/659/659 658/658/658 
f 658/658/658 659/659/659 660/660/660 
f 659/659/659 661/661/661 660/660/660 
f 660/660/660 661/661/661 662/662/662 
f 661/661/661 663/663/663 662/662/662 
f 662/662/662 663/663/663 664/664/664 
f 663/663/663 665/665/665 664/664/664 
f 664/664/664 665/665/665 666/666/666 
f 665/665/665 667/667/667 666/666/666 
f 666/666/666 667/667/667 668/668/668 
f 667/667/667 669/669/669 668/668/668 
f 668/668/668 669/669/669 670/670/670 
f 669/669/669 671/671/671 670/670/670 
f 670/670/670 671/671/671 672/672/672 
f 671/671/671 672/672/672 672/672/672 
f 672/672/672 672/672/672 673/673/673 
f 672/672/672 673/673/673 673/673/673 
f 673/673/673 673/673/673 673/673/673 
f 673/673/673 674/674/674 673/673/673 
f 673/673/673 674/674/674 675/675/675 
f 674/674/674 676/676/676 675/675/675 
f 675/675/675 676/676/676 677/677/677 
f 676/676/676 678/678/678 677/677/677 
f 677/677/677 678/678/678 678/678/678 
f 678/678/678 679/679/679 678/678/678 
f 678/678/678 679/679/679 679/679/679 
f 679/679/679 680/680/680 679/679/679 
f 679/679/679 680/680/680 681/681/681 
f 680/680/680 682/682/682 681/681/681 
f 681/681/681 682/682/682 683/683/683 
f 682/682/682 684/684/684 683/683/683 
f 683/683/683 684/684/684 685/685/685 
f 684/684/684 686/686/686 685/685/685 
f 687/687/687 688/688/688 689/689/689 
f 690/690/690 691/691/691 692/692/692 
f 693/693/693 694/694/694 695/695/695 
f 696/696/696 697/697/697 698/698/698 
f 699/699/699 216/216/216 215/215/215 
f 700/700/700 338/338/338 337/337/337 

