mtllib model_5.mtl
o model_5
v -10.387929916381836 32.53962326049805 23.923669815063477 
v -10.427801132202148 32.587703704833984 23.923669815063477 
v -10.387929916381836 32.53962326049805 -24.320287704467773 
v -10.427801132202148 32.587703704833984 -24.320287704467773 
v -8.547185897827148 34.18119430541992 25.26013946533203 
v -8.593709945678711 34.229270935058594 25.26013946533203 
v -21.977224349975586 20.27250099182129 25.26013946533203 
v -22.023733139038086 20.320579528808594 25.26013946533203 
v -22.149999618530273 20.4442138671875 -28.382110595703125 
v -22.10347557067871 20.396133422851562 -28.382110595703125 
v -22.023733139038086 20.320579528808594 25.26013946533203 
v -21.977224349975586 20.27250099182129 25.26013946533203 
v -9.391134262084961 33.65918731689453 -28.093849182128906 
v -9.344625473022461 33.617977142333984 -28.093849182128906 
v -9.617071151733398 33.43252944946289 -28.251083374023438 
v -9.570562362670898 33.38444900512695 -28.251083374023438 
v -9.231649398803711 33.83089828491211 -27.858001708984375 
v -9.185140609741211 33.78282165527344 -27.858001708984375 
v -9.391134262084961 33.65918731689453 -28.093849182128906 
v -9.344625473022461 33.617977142333984 -28.093849182128906 
v -8.693395614624023 34.28422164916992 -26.128454208374023 
v -8.739904403686523 34.332298278808594 -26.128454208374023 
v -8.547185897827148 34.18119430541992 25.26013946533203 
v -8.593709945678711 34.229270935058594 25.26013946533203 
v -9.065526962280273 33.99574279785156 -27.543540954589844 
v -9.025655746459961 33.94766616821289 -27.543540954589844 
v -9.231649398803711 33.83089828491211 -27.858001708984375 
v -9.185140609741211 33.78282165527344 -27.858001708984375 
v -8.739904403686523 34.332298278808594 -26.128454208374023 
v -8.693395614624023 34.28422164916992 -26.128454208374023 
v -8.813009262084961 34.25674819946289 -26.67876434326172 
v -8.766485214233398 34.21553421020508 -26.67876434326172 
v -8.813009262084961 34.25674819946289 -26.67876434326172 
v -8.766485214233398 34.21553421020508 -26.67876434326172 
v -8.919332504272461 34.1468505859375 -27.15045928955078 
v -8.879461288452148 34.09877014160156 -27.15045928955078 
v -10.427801132202148 32.587703704833984 23.923669815063477 
v -10.387929916381836 32.53962326049805 23.923669815063477 
v -21.31270408630371 21.316511154174805 23.923669815063477 
v -21.26618003845215 21.2684326171875 23.923669815063477 
v -21.139928817749023 21.137929916381836 -27.045639038085938 
v -21.186437606811523 21.186010360717773 -27.045639038085938 
v -21.26618003845215 21.2684326171875 23.923669815063477 
v -21.31270408630371 21.316511154174805 23.923669815063477 
v -10.381277084350586 32.381649017333984 -25.447114944458008 
v -10.334768295288086 32.33356857299805 -25.447114944458008 
v -10.427801132202148 32.587703704833984 -24.320287704467773 
v -10.387929916381836 32.53962326049805 -24.320287704467773 
v -9.617071151733398 33.43252944946289 -28.251083374023438 
v -9.570562362670898 33.38444900512695 -28.251083374023438 
v -22.149999618530273 20.4442138671875 -28.382110595703125 
v -22.10347557067871 20.396133422851562 -28.382110595703125 
v -10.932836532592773 31.97640609741211 -26.783586502075195 
v -10.972707748413086 32.02448654174805 -26.783586502075195 
v -21.139928817749023 21.137929916381836 -27.045639038085938 
v -21.186437606811523 21.186010360717773 -27.045639038085938 
v -10.972707748413086 32.02448654174805 -26.783586502075195 
v -10.932836532592773 31.97640609741211 -26.783586502075195 
v -10.587285995483398 32.168724060058594 -26.233274459838867 
v -10.540761947631836 32.12064743041992 -26.259479522705078 
v -9.065526962280273 33.99574279785156 -27.543540954589844 
v -9.231649398803711 33.83089828491211 -27.858001708984375 
v -8.919332504272461 34.1468505859375 -27.15045928955078 
v -10.587285995483398 32.168724060058594 -26.233274459838867 
v -8.813009262084961 34.25674819946289 -26.67876434326172 
v -8.739904403686523 34.332298278808594 -26.128454208374023 
v -10.381277084350586 32.381649017333984 -25.447114944458008 
v -10.427801132202148 32.587703704833984 -24.320287704467773 
v -10.427801132202148 32.587703704833984 23.923669815063477 
v -8.593709945678711 34.229270935058594 25.26013946533203 
v -21.31270408630371 21.316511154174805 23.923669815063477 
v -22.023733139038086 20.320579528808594 25.26013946533203 
v -22.149999618530273 20.4442138671875 -28.382110595703125 
v -21.186437606811523 21.186010360717773 -27.045639038085938 
v -9.617071151733398 33.43252944946289 -28.251083374023438 
v -10.972707748413086 32.02448654174805 -26.783586502075195 
v -9.391134262084961 33.65918731689453 -28.093849182128906 
v -10.587285995483398 32.168724060058594 -26.233274459838867 
v -10.540761947631836 32.12064743041992 -26.259479522705078 
v -10.381277084350586 32.381649017333984 -25.447114944458008 
v -10.334768295288086 32.33356857299805 -25.447114944458008 
v -9.025655746459961 33.94766616821289 -27.543540954589844 
v -9.065526962280273 33.99574279785156 -27.543540954589844 
v -8.879461288452148 34.09877014160156 -27.15045928955078 
v -8.919332504272461 34.1468505859375 -27.15045928955078 
v -8.879461288452148 34.09877014160156 -27.15045928955078 
v -9.065526962280273 33.99574279785156 -27.543540954589844 
v 9.042329788208008 32.48143768310547 24.986631393432617 
v 9.042329788208008 32.48143768310547 25.28145980834961 
v 1.842810869216919 33.002540588378906 24.986631393432617 
v 1.842810869216919 33.002540588378906 25.28145980834961 
v 0.30767637491226196 33.002540588378906 25.28145980834961 
v 0.30767637491226196 33.002540588378906 24.986631393432617 
v 1.842810869216919 33.002540588378906 25.28145980834961 
v 1.842810869216919 33.002540588378906 24.986631393432617 
v -4.330563068389893 9.350361824035645 25.28145980834961 
v -4.330563068389893 9.350361824035645 24.986631393432617 
v -4.338775634765625 14.156067848205566 25.28145980834961 
v -4.338775634765625 14.156067848205566 24.986631393432617 
v 2.5652236938476562 3.6616806983947754 25.28145980834961 
v 2.5652236938476562 3.6616806983947754 24.986631393432617 
v 4.675003528594971 4.21173095703125 25.28145980834961 
v 4.675003528594971 4.21173095703125 24.986631393432617 
v 2.5652236938476562 3.6616806983947754 24.986631393432617 
v 2.5652236938476562 3.6616806983947754 25.28145980834961 
v 0.406183123588562 3.763004779815674 24.986631393432617 
v 0.406183123588562 3.763004779815674 25.28145980834961 
v 3.230177879333496 4.038030624389648 24.986631393432617 
v 3.230177879333496 4.038030624389648 25.28145980834961 
v 7.16241455078125 5.905308246612549 24.986631393432617 
v 7.16241455078125 5.905308246612549 25.28145980834961 
v 0.406183123588562 3.763004779815674 24.986631393432617 
v 0.406183123588562 3.763004779815674 25.28145980834961 
v -0.29981932044029236 3.9511806964874268 24.986631393432617 
v -0.29981932044029236 3.9511806964874268 25.28145980834961 
v -4.330563068389893 9.350361824035645 24.986631393432617 
v -4.330563068389893 9.350361824035645 25.28145980834961 
v -4.511166095733643 8.9595365524292 24.986631393432617 
v -4.511166095733643 8.9595365524292 25.28145980834961 
v -0.29981932044029236 3.9511806964874268 24.986631393432617 
v -0.29981932044029236 3.9511806964874268 25.28145980834961 
v -0.9893964529037476 4.21173095703125 24.986631393432617 
v -0.9893964529037476 4.21173095703125 25.28145980834961 
v 7.16241455078125 5.905308246612549 24.986631393432617 
v 7.16241455078125 5.905308246612549 25.28145980834961 
v 7.6631760597229 6.296133518218994 24.98634147644043 
v 7.6631760597229 6.296133518218994 25.281171798706055 
v -0.9893964529037476 4.21173095703125 24.986631393432617 
v -0.9893964529037476 4.21173095703125 25.28145980834961 
v -1.662548303604126 4.559131145477295 24.986631393432617 
v -1.662548303604126 4.559131145477295 25.28145980834961 
v -6.333622932434082 22.797651290893555 24.986631393432617 
v -6.333622932434082 22.797651290893555 25.28145980834961 
v -6.415719509124756 14.706117630004883 24.986631393432617 
v -6.415719509124756 14.706117630004883 25.28145980834961 
v -1.662548303604126 4.559131145477295 24.986631393432617 
v -1.662548303604126 4.559131145477295 25.28145980834961 
v -2.302879571914673 4.993381500244141 24.986631393432617 
v -2.302879571914673 4.993381500244141 25.28145980834961 
v -2.302879571914673 4.993381500244141 24.986631393432617 
v -2.302879571914673 4.993381500244141 25.28145980834961 
v -3.4850053787231445 5.963207721710205 24.986631393432617 
v -3.4850053787231445 5.963207721710205 25.28145980834961 
v -4.511166095733643 8.9595365524292 24.986631393432617 
v -4.511166095733643 8.9595365524292 25.28145980834961 
v -4.790276050567627 8.742411613464355 24.986631393432617 
v -4.790276050567627 8.742411613464355 25.28145980834961 
v 10.002820014953613 6.31060791015625 25.28102684020996 
v 10.002820014953613 6.31060791015625 24.986196517944336 
v 7.6631760597229 6.296133518218994 25.281171798706055 
v 7.6631760597229 6.296133518218994 24.98634147644043 
v 10.002820014953613 6.31060791015625 24.986196517944336 
v 10.002820014953613 6.31060791015625 25.28102684020996 
v 10.011017799377441 23.65167808532715 24.986631393432617 
v 10.011017799377441 23.65167808532715 25.28145980834961 
v -4.018617153167725 6.1079583168029785 24.987064361572266 
v -4.018617153167725 6.1079583168029785 25.281892776489258 
v -6.464980602264404 6.1079583168029785 24.986631393432617 
v -6.464980602264404 6.1079583168029785 25.28145980834961 
v -4.018617153167725 6.1079583168029785 25.281892776489258 
v -4.018617153167725 6.1079583168029785 24.987064361572266 
v -3.4850053787231445 5.963207721710205 25.28145980834961 
v -3.4850053787231445 5.963207721710205 24.986631393432617 
v 0.30767637491226196 33.002540588378906 24.986631393432617 
v 0.30767637491226196 33.002540588378906 25.28145980834961 
v -5.356723308563232 32.48143768310547 24.986631393432617 
v -5.356723308563232 32.48143768310547 25.28145980834961 
v 10.011017799377441 23.65167808532715 24.986631393432617 
v 10.011017799377441 23.65167808532715 25.28145980834961 
v 9.042329788208008 32.48143768310547 24.986631393432617 
v 9.042329788208008 32.48143768310547 25.28145980834961 
v -6.547061920166016 8.974011421203613 25.28145980834961 
v -6.547061920166016 8.974011421203613 24.986631393432617 
v -6.464980602264404 6.1079583168029785 25.28145980834961 
v -6.464980602264404 6.1079583168029785 24.986631393432617 
v -4.790276050567627 8.742411613464355 24.986631393432617 
v -4.790276050567627 8.742411613464355 25.28145980834961 
v -6.341835975646973 8.698987007141113 24.986631393432617 
v -6.341835975646973 8.698987007141113 25.28145980834961 
v -6.32541036605835 8.988487243652344 25.28145980834961 
v -6.32541036605835 8.988487243652344 24.986631393432617 
v -6.547061920166016 8.974011421203613 25.28145980834961 
v -6.547061920166016 8.974011421203613 24.986631393432617 
v -5.118646621704102 8.9595365524292 25.28145980834961 
v -5.118646621704102 8.9595365524292 24.986631393432617 
v -6.32541036605835 8.988487243652344 25.28145980834961 
v -6.32541036605835 8.988487243652344 24.986631393432617 
v 8.730384826660156 33.045963287353516 24.986631393432617 
v 8.730384826660156 33.045963287353516 25.28145980834961 
v 9.214720726013184 32.69856643676758 24.986631393432617 
v 9.214720726013184 32.69856643676758 25.28145980834961 
v -6.415719509124756 14.706117630004883 24.986631393432617 
v -6.415719509124756 14.706117630004883 25.28145980834961 
v -4.527591228485107 14.445568084716797 24.986631393432617 
v -4.527591228485107 14.445568084716797 25.28145980834961 
v -4.897010326385498 9.017436027526855 24.986631393432617 
v -4.897010326385498 9.017436027526855 25.28145980834961 
v -4.708194255828857 9.162186622619629 24.986631393432617 
v -4.708194255828857 9.162186622619629 25.28145980834961 
v 9.214720726013184 32.69856643676758 24.986631393432617 
v 9.214720726013184 32.69856643676758 25.28145980834961 
v 9.60877799987793 32.134037017822266 24.986631393432617 
v 9.60877799987793 32.134037017822266 25.28145980834961 
v -4.708194255828857 9.162186622619629 24.986631393432617 
v -4.708194255828857 9.162186622619629 25.28145980834961 
v -4.568639755249023 9.466161727905273 24.986631393432617 
v -4.568639755249023 9.466161727905273 25.28145980834961 
v -6.341835975646973 8.698987007141113 24.986631393432617 
v -6.341835975646973 8.698987007141113 25.28145980834961 
v -6.309000015258789 6.281657695770264 24.986631393432617 
v -6.309000015258789 6.281657695770264 25.28145980834961 
v 9.60877799987793 32.134037017822266 24.986631393432617 
v 9.60877799987793 32.134037017822266 25.28145980834961 
v 9.887887954711914 31.439237594604492 24.986631393432617 
v 9.887887954711914 31.439237594604492 25.28145980834961 
v -4.527591228485107 9.943838119506836 24.986631393432617 
v -4.527591228485107 9.943838119506836 25.28145980834961 
v -4.527591228485107 13.837616920471191 24.986631393432617 
v -4.527591228485107 13.837616920471191 25.28145980834961 
v -4.527591228485107 9.943838119506836 25.28145980834961 
v -4.527591228485107 9.943838119506836 24.986631393432617 
v -4.568639755249023 9.466161727905273 25.28145980834961 
v -4.568639755249023 9.466161727905273 24.986631393432617 
v -4.897010326385498 9.017436027526855 25.28145980834961 
v -4.897010326385498 9.017436027526855 24.986631393432617 
v -5.118646621704102 8.9595365524292 25.28145980834961 
v -5.118646621704102 8.9595365524292 24.986631393432617 
v 8.730384826660156 33.045963287353516 25.28145980834961 
v 8.730384826660156 33.045963287353516 24.986631393432617 
v 8.196772575378418 33.2341423034668 25.28145980834961 
v 8.196772575378418 33.2341423034668 24.986631393432617 
v -4.527591228485107 13.837616920471191 24.986631393432617 
v -4.527591228485107 13.837616920471191 25.28145980834961 
v -4.568639755249023 14.112642288208008 24.986631393432617 
v -4.568639755249023 14.112642288208008 25.28145980834961 
v -4.568639755249023 14.112642288208008 24.986631393432617 
v -4.568639755249023 14.112642288208008 25.28145980834961 
v -4.708194255828857 14.329767227172852 24.986631393432617 
v -4.708194255828857 14.329767227172852 25.28145980834961 
v -6.309000015258789 6.281657695770264 24.986631393432617 
v -6.309000015258789 6.281657695770264 25.28145980834961 
v -3.985781669616699 6.296133518218994 24.98634147644043 
v -3.985781669616699 6.296133518218994 25.281171798706055 
v 10.21625804901123 29.181135177612305 25.28145980834961 
v 10.21625804901123 29.181135177612305 24.986631393432617 
v 9.887887954711914 31.439237594604492 25.28145980834961 
v 9.887887954711914 31.439237594604492 24.986631393432617 
v -4.708194255828857 14.329767227172852 24.986631393432617 
v -4.708194255828857 14.329767227172852 25.28145980834961 
v -5.118646621704102 14.445568084716797 24.986631393432617 
v -5.118646621704102 14.445568084716797 25.28145980834961 
v -5.118646621704102 14.445568084716797 24.986631393432617 
v -5.118646621704102 14.445568084716797 25.28145980834961 
v -6.1612324714660645 14.50346851348877 24.986631393432617 
v -6.1612324714660645 14.50346851348877 25.28145980834961 
v -4.527591228485107 14.445568084716797 24.986631393432617 
v -4.527591228485107 14.445568084716797 25.28145980834961 
v -4.338775634765625 14.156067848205566 24.986631393432617 
v -4.338775634765625 14.156067848205566 25.28145980834961 
v -6.1612324714660645 14.50346851348877 24.986631393432617 
v -6.1612324714660645 14.50346851348877 25.28145980834961 
v -6.32541036605835 14.50346851348877 24.986631393432617 
v -6.32541036605835 14.50346851348877 25.28145980834961 
v -6.32541036605835 14.50346851348877 24.986631393432617 
v -6.32541036605835 14.50346851348877 25.28145980834961 
v -6.547061920166016 14.546893119812012 24.986631393432617 
v -6.547061920166016 14.546893119812012 25.28145980834961 
v 10.23266887664795 6.3250837326049805 25.28145980834961 
v 10.23266887664795 6.3250837326049805 24.986631393432617 
v 10.257307052612305 25.779504776000977 25.28145980834961 
v 10.257307052612305 25.779504776000977 24.986631393432617 
v 10.21625804901123 29.181135177612305 25.28145980834961 
v 10.21625804901123 29.181135177612305 24.986631393432617 
v -6.547061920166016 14.546893119812012 24.986631393432617 
v -6.547061920166016 14.546893119812012 25.28145980834961 
v -6.481390953063965 29.933834075927734 24.986631393432617 
v -6.481390953063965 29.933834075927734 25.28145980834961 
v -6.481390953063965 29.933834075927734 24.986631393432617 
v -6.481390953063965 29.933834075927734 25.28145980834961 
v -6.3828840255737305 30.686538696289062 24.986631393432617 
v -6.3828840255737305 30.686538696289062 25.28145980834961 
v 10.23266887664795 6.3250837326049805 24.986631393432617 
v 10.23266887664795 6.3250837326049805 25.28145980834961 
v 10.142374992370605 6.1079583168029785 24.986631393432617 
v 10.142374992370605 6.1079583168029785 25.28145980834961 
v -3.985781669616699 6.296133518218994 24.98634147644043 
v -3.985781669616699 6.296133518218994 25.281171798706055 
v -3.378286123275757 6.136907577514648 24.986631393432617 
v -3.378286123275757 6.136907577514648 25.28145980834961 
v -6.3828840255737305 30.686538696289062 24.986631393432617 
v -6.3828840255737305 30.686538696289062 25.28145980834961 
v -6.2022809982299805 31.439237594604492 24.986631393432617 
v -6.2022809982299805 31.439237594604492 25.28145980834961 
v 10.142374992370605 6.1079583168029785 24.986631393432617 
v 10.142374992370605 6.1079583168029785 25.28145980834961 
v 7.696011543273926 6.1079583168029785 24.987064361572266 
v 7.696011543273926 6.1079583168029785 25.281892776489258 
v -6.2022809982299805 31.439237594604492 24.986631393432617 
v -6.2022809982299805 31.439237594604492 25.28145980834961 
v -5.923155784606934 32.134037017822266 24.986631393432617 
v -5.923155784606934 32.134037017822266 25.28145980834961 
v -3.378286123275757 6.136907577514648 24.986631393432617 
v -3.378286123275757 6.136907577514648 25.28145980834961 
v 0.44723135232925415 3.9511806964874268 24.986631393432617 
v 0.44723135232925415 3.9511806964874268 25.28145980834961 
v -5.923155784606934 32.134037017822266 24.986631393432617 
v -5.923155784606934 32.134037017822266 25.28145980834961 
v -5.537326812744141 32.69856643676758 24.986631393432617 
v -5.537326812744141 32.69856643676758 25.28145980834961 
v 7.696011543273926 6.1079583168029785 24.987064361572266 
v 7.696011543273926 6.1079583168029785 25.281892776489258 
v 7.16241455078125 5.615808010101318 24.986631393432617 
v 7.16241455078125 5.615808010101318 25.28145980834961 
v -5.537326812744141 32.69856643676758 24.986631393432617 
v -5.537326812744141 32.69856643676758 25.28145980834961 
v -5.044763088226318 33.045963287353516 24.986631393432617 
v -5.044763088226318 33.045963287353516 25.28145980834961 
v 3.230177879333496 4.038030624389648 25.28145980834961 
v 3.230177879333496 4.038030624389648 24.986631393432617 
v 0.44723135232925415 3.9511806964874268 25.28145980834961 
v 0.44723135232925415 3.9511806964874268 24.986631393432617 
v -5.044763088226318 33.045963287353516 24.986631393432617 
v -5.044763088226318 33.045963287353516 25.28145980834961 
v -4.511166095733643 33.2341423034668 24.986631393432617 
v -4.511166095733643 33.2341423034668 25.28145980834961 
v 7.16241455078125 5.615808010101318 24.986631393432617 
v 7.16241455078125 5.615808010101318 25.28145980834961 
v 4.675003528594971 4.21173095703125 24.986631393432617 
v 4.675003528594971 4.21173095703125 25.28145980834961 
v -4.511166095733643 33.2341423034668 24.986631393432617 
v -4.511166095733643 33.2341423034668 25.28145980834961 
v -3.985781669616699 33.29203796386719 24.986631393432617 
v -3.985781669616699 33.29203796386719 25.28145980834961 
v -3.985781669616699 33.29203796386719 24.986631393432617 
v -3.985781669616699 33.29203796386719 25.28145980834961 
v 8.196772575378418 33.2341423034668 24.986631393432617 
v 8.196772575378418 33.2341423034668 25.28145980834961 
v -6.333622932434082 22.797651290893555 25.28145980834961 
v -6.333622932434082 22.797651290893555 24.986631393432617 
v -5.356723308563232 32.48143768310547 25.28145980834961 
v -5.356723308563232 32.48143768310547 24.986631393432617 
v 10.21625804901123 29.181135177612305 24.986631393432617 
v 10.257307052612305 25.779504776000977 24.986631393432617 
v 10.011017799377441 23.65167808532715 24.986631393432617 
v 10.23266887664795 6.3250837326049805 24.986631393432617 
v 10.002820014953613 6.31060791015625 24.986196517944336 
v 10.142374992370605 6.1079583168029785 24.986631393432617 
v 7.696011543273926 6.1079583168029785 24.987064361572266 
v 7.6631760597229 6.296133518218994 24.98634147644043 
v 7.16241455078125 5.905308246612549 24.986631393432617 
v 7.16241455078125 5.615808010101318 24.986631393432617 
v 3.230177879333496 4.038030624389648 24.986631393432617 
v 4.675003528594971 4.21173095703125 24.986631393432617 
v 2.5652236938476562 3.6616806983947754 24.986631393432617 
v 0.44723135232925415 3.9511806964874268 24.986631393432617 
v 0.406183123588562 3.763004779815674 24.986631393432617 
v -0.29981932044029236 3.9511806964874268 24.986631393432617 
v -3.378286123275757 6.136907577514648 24.986631393432617 
v -0.9893964529037476 4.21173095703125 24.986631393432617 
v -1.662548303604126 4.559131145477295 24.986631393432617 
v -2.302879571914673 4.993381500244141 24.986631393432617 
v -3.4850053787231445 5.963207721710205 24.986631393432617 
v -3.985781669616699 6.296133518218994 24.98634147644043 
v -4.018617153167725 6.1079583168029785 24.987064361572266 
v -6.309000015258789 6.281657695770264 24.986631393432617 
v -6.464980602264404 6.1079583168029785 24.986631393432617 
v -6.547061920166016 8.974011421203613 24.986631393432617 
v -6.341835975646973 8.698987007141113 24.986631393432617 
v -6.32541036605835 8.988487243652344 24.986631393432617 
v -4.790276050567627 8.742411613464355 24.986631393432617 
v -5.118646621704102 8.9595365524292 24.986631393432617 
v -4.897010326385498 9.017436027526855 24.986631393432617 
v -4.511166095733643 8.9595365524292 24.986631393432617 
v -4.708194255828857 9.162186622619629 24.986631393432617 
v -4.330563068389893 9.350361824035645 24.986631393432617 
v -4.568639755249023 9.466161727905273 24.986631393432617 
v -4.527591228485107 9.943838119506836 24.986631393432617 
v -4.338775634765625 14.156067848205566 24.986631393432617 
v -4.527591228485107 13.837616920471191 24.986631393432617 
v -4.568639755249023 14.112642288208008 24.986631393432617 
v -4.527591228485107 14.445568084716797 24.986631393432617 
v -4.708194255828857 14.329767227172852 24.986631393432617 
v -5.118646621704102 14.445568084716797 24.986631393432617 
v -6.1612324714660645 14.50346851348877 24.986631393432617 
v -6.415719509124756 14.706117630004883 24.986631393432617 
v -6.32541036605835 14.50346851348877 24.986631393432617 
v -6.547061920166016 14.546893119812012 24.986631393432617 
v -6.333622932434082 22.797651290893555 24.986631393432617 
v -6.481390953063965 29.933834075927734 24.986631393432617 
v -6.3828840255737305 30.686538696289062 24.986631393432617 
v -6.2022809982299805 31.439237594604492 24.986631393432617 
v -5.923155784606934 32.134037017822266 24.986631393432617 
v -5.356723308563232 32.48143768310547 24.986631393432617 
v -5.537326812744141 32.69856643676758 24.986631393432617 
v -5.044763088226318 33.045963287353516 24.986631393432617 
v -4.511166095733643 33.2341423034668 24.986631393432617 
v -3.985781669616699 33.29203796386719 24.986631393432617 
v 0.30767637491226196 33.002540588378906 24.986631393432617 
v 1.842810869216919 33.002540588378906 24.986631393432617 
v 8.196772575378418 33.2341423034668 24.986631393432617 
v 8.730384826660156 33.045963287353516 24.986631393432617 
v 9.042329788208008 32.48143768310547 24.986631393432617 
v 9.214720726013184 32.69856643676758 24.986631393432617 
v 9.60877799987793 32.134037017822266 24.986631393432617 
v 9.887887954711914 31.439237594604492 24.986631393432617 
v -0.9893964529037476 4.21173095703125 25.28145980834961 
v -0.29981932044029236 3.9511806964874268 25.28145980834961 
v -3.378286123275757 6.136907577514648 25.28145980834961 
v 0.44723135232925415 3.9511806964874268 25.28145980834961 
v 0.406183123588562 3.763004779815674 25.28145980834961 
v 2.5652236938476562 3.6616806983947754 25.28145980834961 
v 3.230177879333496 4.038030624389648 25.28145980834961 
v 4.675003528594971 4.21173095703125 25.28145980834961 
v 7.16241455078125 5.615808010101318 25.28145980834961 
v 7.16241455078125 5.905308246612549 25.28145980834961 
v 7.696011543273926 6.1079583168029785 25.281892776489258 
v 7.6631760597229 6.296133518218994 25.281171798706055 
v 10.002820014953613 6.31060791015625 25.28102684020996 
v 10.142374992370605 6.1079583168029785 25.28145980834961 
v 10.23266887664795 6.3250837326049805 25.28145980834961 
v 10.011017799377441 23.65167808532715 25.28145980834961 
v 10.257307052612305 25.779504776000977 25.28145980834961 
v 10.21625804901123 29.181135177612305 25.28145980834961 
v 9.887887954711914 31.439237594604492 25.28145980834961 
v 9.60877799987793 32.134037017822266 25.28145980834961 
v 9.042329788208008 32.48143768310547 25.28145980834961 
v 9.214720726013184 32.69856643676758 25.28145980834961 
v 8.730384826660156 33.045963287353516 25.28145980834961 
v 1.842810869216919 33.002540588378906 25.28145980834961 
v 8.196772575378418 33.2341423034668 25.28145980834961 
v -3.985781669616699 33.29203796386719 25.28145980834961 
v 0.30767637491226196 33.002540588378906 25.28145980834961 
v -5.356723308563232 32.48143768310547 25.28145980834961 
v -4.511166095733643 33.2341423034668 25.28145980834961 
v -5.044763088226318 33.045963287353516 25.28145980834961 
v -5.537326812744141 32.69856643676758 25.28145980834961 
v -5.923155784606934 32.134037017822266 25.28145980834961 
v -6.333622932434082 22.797651290893555 25.28145980834961 
v -6.2022809982299805 31.439237594604492 25.28145980834961 
v -6.3828840255737305 30.686538696289062 25.28145980834961 
v -6.481390953063965 29.933834075927734 25.28145980834961 
v -6.547061920166016 14.546893119812012 25.28145980834961 
v -6.415719509124756 14.706117630004883 25.28145980834961 
v -6.32541036605835 14.50346851348877 25.28145980834961 
v -6.1612324714660645 14.50346851348877 25.28145980834961 
v -4.527591228485107 14.445568084716797 25.28145980834961 
v -5.118646621704102 14.445568084716797 25.28145980834961 
v -4.708194255828857 14.329767227172852 25.28145980834961 
v -4.568639755249023 14.112642288208008 25.28145980834961 
v -4.338775634765625 14.156067848205566 25.28145980834961 
v -4.527591228485107 13.837616920471191 25.28145980834961 
v -4.527591228485107 9.943838119506836 25.28145980834961 
v -4.330563068389893 9.350361824035645 25.28145980834961 
v -4.568639755249023 9.466161727905273 25.28145980834961 
v -4.708194255828857 9.162186622619629 25.28145980834961 
v -4.511166095733643 8.9595365524292 25.28145980834961 
v -4.897010326385498 9.017436027526855 25.28145980834961 
v -4.790276050567627 8.742411613464355 25.28145980834961 
v -5.118646621704102 8.9595365524292 25.28145980834961 
v -6.32541036605835 8.988487243652344 25.28145980834961 
v -6.341835975646973 8.698987007141113 25.28145980834961 
v -6.547061920166016 8.974011421203613 25.28145980834961 
v -6.309000015258789 6.281657695770264 25.28145980834961 
v -6.464980602264404 6.1079583168029785 25.28145980834961 
v -4.018617153167725 6.1079583168029785 25.281892776489258 
v -3.985781669616699 6.296133518218994 25.281171798706055 
v -3.4850053787231445 5.963207721710205 25.28145980834961 
v -2.302879571914673 4.993381500244141 25.28145980834961 
v -1.662548303604126 4.559131145477295 25.28145980834961 
v -24.9585018157959 20.58527183532715 -5.254016876220703 
v -25.034887313842773 20.467514038085938 -5.254016876220703 
v -25.302221298217773 20.843761444091797 -5.684630393981934 
v -25.382421493530273 20.7288761138916 -5.684630393981934 
v -25.7452449798584 21.174053192138672 -6.052227973937988 
v -25.821630477905273 21.056297302246094 -6.052227973937988 
v -26.29901695251465 21.587636947631836 -6.472339630126953 
v -26.37921714782715 21.469881057739258 -6.472339630126953 
v -26.9062557220459 22.038558959960938 -6.808427810668945 
v -26.98262596130371 21.92080307006836 -6.808427810668945 
v -27.490575790405273 22.469375610351562 -6.9292097091674805 
v -27.56696128845215 22.35161781311035 -6.9292097091674805 
v -28.132177352905273 22.943273544311523 -6.9292097091674805 
v -28.20856285095215 22.828388214111328 -6.9292097091674805 
v -28.9227352142334 23.53205680847168 -6.923958778381348 
v -28.999120712280273 23.41429901123047 -6.923958778381348 
v -29.728567123413086 24.12945556640625 -6.808427810668945 
v -29.80495262145996 24.01169776916504 -6.808427810668945 
v -30.4045467376709 24.629201889038086 -6.472339630126953 
v -30.480932235717773 24.51431655883789 -6.472339630126953 
v -30.95448875427246 25.039913177490234 -6.052227973937988 
v -31.030874252319336 24.925029754638672 -6.052227973937988 
v -31.39369773864746 25.367334365844727 -5.684630393981934 
v -31.470067977905273 25.25244903564453 -5.684630393981934 
v -31.737417221069336 25.62869644165039 -5.254016876220703 
v -31.81378746032715 25.510940551757812 -5.254016876220703 
v -25.034887313842773 20.467514038085938 2.1451919078826904 
v -24.9585018157959 20.58527183532715 2.1451919078826904 
v -25.382421493530273 20.7288761138916 2.575805902481079 
v -25.302221298217773 20.843761444091797 2.575805902481079 
v -25.821630477905273 21.05916976928711 2.9434032440185547 
v -25.7452449798584 21.174053192138672 2.9434032440185547 
v -26.37921714782715 21.469881057739258 3.3635144233703613 
v -26.29901695251465 21.587636947631836 3.3635144233703613 
v -26.98262596130371 21.92080307006836 3.699603319168091 
v -26.9062557220459 22.038558959960938 3.699603319168091 
v -27.56696128845215 22.35161781311035 3.820385217666626 
v -27.490575790405273 22.469375610351562 3.820385217666626 
v -28.20856285095215 22.828388214111328 3.820385217666626 
v -28.132177352905273 22.943273544311523 3.820385217666626 
v -28.999120712280273 23.41429901123047 3.815134048461914 
v -28.9227352142334 23.53205680847168 3.815134048461914 
v -29.80495262145996 24.01169776916504 3.699603319168091 
v -29.728567123413086 24.12945556640625 3.699603319168091 
v -30.480932235717773 24.51431655883789 3.3635144233703613 
v -30.4045467376709 24.629201889038086 3.3635144233703613 
v -31.030874252319336 24.925029754638672 2.9434032440185547 
v -30.95448875427246 25.039913177490234 2.9434032440185547 
v -31.470067977905273 25.25244903564453 2.575805902481079 
v -31.39369773864746 25.370206832885742 2.575805902481079 
v -31.81378746032715 25.510940551757812 2.1451919078826904 
v -31.737417221069336 25.62869644165039 2.1451919078826904 
v -31.81378746032715 25.510940551757812 2.1451919078826904 
v -31.737417221069336 25.62869644165039 2.1451919078826904 
v -32.077308654785156 25.70624351501465 1.557036280632019 
v -31.997106552124023 25.823999404907227 1.557036280632019 
v -32.241539001464844 25.829744338989258 0.900612473487854 
v -32.161338806152344 25.947500228881836 0.900612473487854 
v -32.295005798339844 25.872825622558594 0.27044591307640076 
v -32.214805603027344 25.987709045410156 0.27044591307640076 
v -32.295005798339844 25.872825622558594 -0.33871546387672424 
v -32.214805603027344 25.987709045410156 -0.33871546387672424 
v -32.295005798339844 25.872825622558594 -0.9478768110275269 
v -32.214805603027344 25.987709045410156 -0.9478768110275269 
v -32.295005798339844 25.872825622558594 -1.5570381879806519 
v -32.214805603027344 25.987709045410156 -1.5570381879806519 
v -32.295005798339844 25.872825622558594 -2.160947799682617 
v -32.214805603027344 25.987709045410156 -2.160947799682617 
v -32.295005798339844 25.872825622558594 -2.770109176635742 
v -32.214805603027344 25.987709045410156 -2.770109176635742 
v -32.295005798339844 25.872825622558594 -3.379270553588867 
v -32.214805603027344 25.987709045410156 -3.379270553588867 
v -32.241539001464844 25.829744338989258 -4.009437561035156 
v -32.161338806152344 25.947500228881836 -4.009437561035156 
v -32.077308654785156 25.70624351501465 -4.665861129760742 
v -31.997106552124023 25.823999404907227 -4.665861129760742 
v -31.81378746032715 25.510940551757812 -5.254016876220703 
v -31.737417221069336 25.62869644165039 -5.254016876220703 
v -25.034887313842773 20.467514038085938 -5.254016876220703 
v -24.9585018157959 20.58527183532715 -5.254016876220703 
v -24.775197982788086 20.2722110748291 -4.665861129760742 
v -24.694997787475586 20.38996696472168 -4.665861129760742 
v -24.6109676361084 20.148710250854492 -4.009437561035156 
v -24.5307674407959 20.26646614074707 -4.009437561035156 
v -24.5575008392334 20.108501434326172 -3.379270553588867 
v -24.4773006439209 20.223384857177734 -3.379270553588867 
v -24.5575008392334 20.108501434326172 -2.770109176635742 
v -24.4773006439209 20.223384857177734 -2.770109176635742 
v -24.5575008392334 20.108501434326172 -2.160947799682617 
v -24.4773006439209 20.223384857177734 -2.160947799682617 
v -24.5575008392334 20.108501434326172 -1.5517867803573608 
v -24.4773006439209 20.223384857177734 -1.5517867803573608 
v -24.5575008392334 20.108501434326172 -0.9478768110275269 
v -24.4773006439209 20.223384857177734 -0.9478768110275269 
v -24.5575008392334 20.108501434326172 -0.33871546387672424 
v -24.4773006439209 20.223384857177734 -0.33871546387672424 
v -24.5575008392334 20.108501434326172 0.27044591307640076 
v -24.4773006439209 20.223384857177734 0.27044591307640076 
v -24.6109676361084 20.148710250854492 0.900612473487854 
v -24.5307674407959 20.26646614074707 0.900612473487854 
v -24.775197982788086 20.2722110748291 1.557036280632019 
v -24.694997787475586 20.38996696472168 1.557036280632019 
v -25.034887313842773 20.467514038085938 2.1451919078826904 
v -24.9585018157959 20.58527183532715 2.1451919078826904 
v -29.80495262145996 24.01169776916504 3.699603319168091 
v -30.480932235717773 24.51431655883789 3.3635144233703613 
v -29.774389266967773 23.991594314575195 3.5630671977996826 
v -31.030874252319336 24.925029754638672 2.9434032440185547 
v -31.397512435913086 25.203624725341797 2.465526580810547 
v -31.470067977905273 25.25244903564453 2.575805902481079 
v -31.81378746032715 25.510940551757812 2.1451919078826904 
v -28.999120712280273 23.41429901123047 3.815134048461914 
v -27.578405380249023 22.357362747192383 3.6785976886749268 
v -28.20856285095215 22.828388214111328 3.820385217666626 
v -27.56696128845215 22.35161781311035 3.820385217666626 
v -27.017004013061523 21.940906524658203 3.5683186054229736 
v -26.98262596130371 21.92080307006836 3.699603319168091 
v -26.37921714782715 21.469881057739258 3.3635144233703613 
v -25.454992294311523 20.77770233154297 2.465526580810547 
v -25.821630477905273 21.05916976928711 2.9434032440185547 
v -25.382421493530273 20.7288761138916 2.575805902481079 
v -25.12654685974121 20.53070068359375 2.0611696243286133 
v -25.034887313842773 20.467514038085938 2.1451919078826904 
v -24.775197982788086 20.2722110748291 1.557036280632019 
v -24.72554588317871 20.22625732421875 0.869104266166687 
v -24.6109676361084 20.148710250854492 0.900612473487854 
v -24.5575008392334 20.108501434326172 0.27044591307640076 
v -24.5575008392334 20.108501434326172 -0.33871546387672424 
v -24.67207908630371 20.18604850769043 -0.9478768110275269 
v -24.5575008392334 20.108501434326172 -0.9478768110275269 
v -24.5575008392334 20.108501434326172 -1.5517867803573608 
v -24.72554588317871 20.22625732421875 -3.97792911529541 
v -24.5575008392334 20.108501434326172 -2.160947799682617 
v -24.5575008392334 20.108501434326172 -2.770109176635742 
v -24.5575008392334 20.108501434326172 -3.379270553588867 
v -24.6109676361084 20.148710250854492 -4.009437561035156 
v -25.12654685974121 20.53070068359375 -5.169994354248047 
v -24.775197982788086 20.2722110748291 -4.665861129760742 
v -25.034887313842773 20.467514038085938 -5.254016876220703 
v -25.454992294311523 20.77770233154297 -5.5743513107299805 
v -25.382421493530273 20.7288761138916 -5.684630393981934 
v -25.821630477905273 21.056297302246094 -6.052227973937988 
v -27.017004013061523 21.940906524658203 -6.677143096923828 
v -26.37921714782715 21.469881057739258 -6.472339630126953 
v -26.98262596130371 21.92080307006836 -6.808427810668945 
v -27.578405380249023 22.357362747192383 -6.787422180175781 
v -27.56696128845215 22.35161781311035 -6.9292097091674805 
v -28.20856285095215 22.828388214111328 -6.9292097091674805 
v -29.774389266967773 23.991594314575195 -6.671892166137695 
v -28.999120712280273 23.41429901123047 -6.923958778381348 
v -29.80495262145996 24.01169776916504 -6.808427810668945 
v -30.480932235717773 24.51431655883789 -6.472339630126953 
v -31.397512435913086 25.203624725341797 -5.5743513107299805 
v -31.030874252319336 24.925029754638672 -6.052227973937988 
v -31.470067977905273 25.25244903564453 -5.684630393981934 
v -31.72212791442871 25.44775390625 -5.169994354248047 
v -31.81378746032715 25.510940551757812 -5.254016876220703 
v -32.077308654785156 25.70624351501465 -4.665861129760742 
v -32.12696075439453 25.755069732666016 -3.97792911529541 
v -32.241539001464844 25.829744338989258 -4.009437561035156 
v -32.295005798339844 25.872825622558594 -3.379270553588867 
v -32.295005798339844 25.872825622558594 -2.770109176635742 
v -32.295005798339844 25.872825622558594 -2.160947799682617 
v -32.295005798339844 25.872825622558594 -1.5570381879806519 
v -32.12696075439453 25.755069732666016 0.869104266166687 
v -32.295005798339844 25.872825622558594 -0.9478768110275269 
v -32.295005798339844 25.872825622558594 -0.33871546387672424 
v -32.295005798339844 25.872825622558594 0.27044591307640076 
v -32.241539001464844 25.829744338989258 0.900612473487854 
v -31.72212791442871 25.44775390625 2.0611696243286133 
v -32.077308654785156 25.70624351501465 1.557036280632019 
v -24.4773006439209 20.223384857177734 -2.160947799682617 
v -24.4773006439209 20.223384857177734 -2.770109176635742 
v -24.59187889099121 20.303804397583008 -1.5517867803573608 
v -24.64534568786621 20.344013214111328 -3.97792911529541 
v -24.4773006439209 20.223384857177734 -3.379270553588867 
v -24.5307674407959 20.26646614074707 -4.009437561035156 
v -24.694997787475586 20.38996696472168 -4.665861129760742 
v -25.050161361694336 20.648456573486328 -5.169994354248047 
v -24.9585018157959 20.58527183532715 -5.254016876220703 
v -25.302221298217773 20.843761444091797 -5.684630393981934 
v -25.374792098999023 20.892587661743164 -5.5743513107299805 
v -25.7452449798584 21.174053192138672 -6.052227973937988 
v -26.29901695251465 21.587636947631836 -6.472339630126953 
v -26.94061851501465 22.058664321899414 -6.677143096923828 
v -26.9062557220459 22.038558959960938 -6.808427810668945 
v -27.490575790405273 22.469375610351562 -6.9292097091674805 
v -27.498205184936523 22.47511863708496 -6.787422180175781 
v -28.132177352905273 22.943273544311523 -6.9292097091674805 
v -28.9227352142334 23.53205680847168 -6.923958778381348 
v -29.69801902770996 24.109350204467773 -6.671892166137695 
v -29.728567123413086 24.12945556640625 -6.808427810668945 
v -30.4045467376709 24.629201889038086 -6.472339630126953 
v -30.95448875427246 25.039913177490234 -6.052227973937988 
v -31.317312240600586 25.31850814819336 -5.5743513107299805 
v -31.39369773864746 25.367334365844727 -5.684630393981934 
v -31.737417221069336 25.62869644165039 -5.254016876220703 
v -31.6457576751709 25.565509796142578 -5.169994354248047 
v -31.997106552124023 25.823999404907227 -4.665861129760742 
v -32.161338806152344 25.947500228881836 -4.009437561035156 
v -32.04676055908203 25.869953155517578 -3.97792911529541 
v -32.214805603027344 25.987709045410156 -3.379270553588867 
v -32.214805603027344 25.987709045410156 -2.770109176635742 
v -32.214805603027344 25.987709045410156 -2.160947799682617 
v -32.10022735595703 25.91016387939453 -2.160947799682617 
v -32.214805603027344 25.987709045410156 -1.5570381879806519 
v -32.10022735595703 25.91016387939453 -0.9478768110275269 
v -32.214805603027344 25.987709045410156 -0.9478768110275269 
v -32.214805603027344 25.987709045410156 -0.33871546387672424 
v -32.04676055908203 25.869953155517578 0.869104266166687 
v -32.214805603027344 25.987709045410156 0.27044591307640076 
v -32.161338806152344 25.947500228881836 0.900612473487854 
v -31.997106552124023 25.823999404907227 1.557036280632019 
v -31.6457576751709 25.565509796142578 2.0611696243286133 
v -31.737417221069336 25.62869644165039 2.1451919078826904 
v -31.39369773864746 25.370206832885742 2.575805902481079 
v -31.317312240600586 25.31850814819336 2.465526580810547 
v -30.95448875427246 25.039913177490234 2.9434032440185547 
v -30.4045467376709 24.629201889038086 3.3635144233703613 
v -29.69801902770996 24.109350204467773 3.5630671977996826 
v -29.728567123413086 24.12945556640625 3.699603319168091 
v -28.9227352142334 23.53205680847168 3.815134048461914 
v -28.132177352905273 22.943273544311523 3.820385217666626 
v -27.498205184936523 22.47511863708496 3.6785976886749268 
v -27.490575790405273 22.469375610351562 3.820385217666626 
v -26.9062557220459 22.038558959960938 3.699603319168091 
v -26.94061851501465 22.058664321899414 3.5683186054229736 
v -26.29901695251465 21.587636947631836 3.3635144233703613 
v -25.7452449798584 21.174053192138672 2.9434032440185547 
v -25.374792098999023 20.892587661743164 2.465526580810547 
v -25.302221298217773 20.843761444091797 2.575805902481079 
v -24.9585018157959 20.58527183532715 2.1451919078826904 
v -25.050161361694336 20.648456573486328 2.0611696243286133 
v -24.694997787475586 20.38996696472168 1.557036280632019 
v -24.5307674407959 20.26646614074707 0.900612473487854 
v -24.64534568786621 20.344013214111328 0.869104266166687 
v -24.4773006439209 20.223384857177734 0.27044591307640076 
v -24.4773006439209 20.223384857177734 -0.33871546387672424 
v -24.4773006439209 20.223384857177734 -0.9478768110275269 
v -24.4773006439209 20.223384857177734 -1.5517867803573608 
v 35.469825744628906 25.628068923950195 2.145278215408325 
v 35.54619598388672 25.51030921936035 2.145278215408325 
v 35.729515075683594 25.823379516601562 1.5571171045303345 
v 35.809715270996094 25.705617904663086 1.5571171045303345 
v 35.89373016357422 25.946884155273438 0.9006870985031128 
v 35.97393035888672 25.82912254333496 0.9006870985031128 
v 35.94719696044922 25.98709487915039 0.2705141007900238 
v 36.027381896972656 25.87220573425293 0.2705141007900238 
v 35.94719696044922 25.98709487915039 -0.33865299820899963 
v 36.027381896972656 25.87220573425293 -0.33865299820899963 
v 35.94719696044922 25.98709487915039 -0.9478195905685425 
v 36.027381896972656 25.87220573425293 -0.9478195905685425 
v 35.94719696044922 25.98709487915039 -1.556986689567566 
v 36.027381896972656 25.87220573425293 -1.556986689567566 
v 35.94719696044922 25.98709487915039 -2.160902500152588 
v 36.027381896972656 25.87220573425293 -2.160902500152588 
v 35.94719696044922 25.98709487915039 -2.7700695991516113 
v 36.027381896972656 25.87220573425293 -2.7700695991516113 
v 35.94719696044922 25.98709487915039 -3.3792362213134766 
v 36.027381896972656 25.87220573425293 -3.3792362213134766 
v 35.89373016357422 25.946884155273438 -4.0094099044799805 
v 35.97393035888672 25.82912254333496 -4.0094099044799805 
v 35.729515075683594 25.823379516601562 -4.665839195251465 
v 35.809715270996094 25.705617904663086 -4.665839195251465 
v 35.469825744628906 25.628068923950195 -5.254000663757324 
v 35.54619598388672 25.51030921936035 -5.254000663757324 
v 28.7675724029541 20.466726303100586 -5.254000663757324 
v 28.691186904907227 20.58448600769043 -5.254000663757324 
v 29.11509132385254 20.72809600830078 -5.684618949890137 
v 29.03489112854004 20.84298324584961 -5.684618949890137 
v 29.554269790649414 21.058399200439453 -6.052219390869141 
v 29.47788429260254 21.17328643798828 -6.052219390869141 
v 30.111841201782227 21.46912384033203 -6.472334861755371 
v 30.031641006469727 21.586883544921875 -6.472334861755371 
v 30.715234756469727 21.920059204101562 -6.808426856994629 
v 30.63884925842285 22.037818908691406 -6.808426856994629 
v 31.299524307250977 22.350889205932617 -6.923958778381348 
v 31.223154067993164 22.46864891052246 -6.9292097091674805 
v 31.941110610961914 22.827674865722656 -6.9292097091674805 
v 31.8647403717041 22.942562103271484 -6.9292097091674805 
v 32.73163604736328 23.413602828979492 -6.923958778381348 
v 32.655250549316406 23.531362533569336 -6.923958778381348 
v 33.537437438964844 24.01102066040039 -6.808426856994629 
v 33.46105194091797 24.128780364990234 -6.808426856994629 
v 34.21338653564453 24.513654708862305 -6.472334861755371 
v 34.13701629638672 24.628543853759766 -6.472334861755371 
v 34.76331329345703 24.924379348754883 -6.052219390869141 
v 34.68694305419922 25.039268493652344 -6.052219390869141 
v 35.202491760253906 25.25181007385254 -5.684618949890137 
v 35.126121520996094 25.36669921875 -5.684618949890137 
v 35.54619598388672 25.51030921936035 -5.254000663757324 
v 35.469825744628906 25.628068923950195 -5.254000663757324 
v 28.691186904907227 20.58448600769043 -5.254000663757324 
v 28.7675724029541 20.466726303100586 -5.254000663757324 
v 28.427682876586914 20.389175415039062 -4.665839195251465 
v 28.507883071899414 20.27141571044922 -4.665839195251465 
v 28.26346778869629 20.26567268371582 -4.0094099044799805 
v 28.34366798400879 20.147911071777344 -4.0094099044799805 
v 28.21000099182129 20.22258949279785 -3.3792362213134766 
v 28.29020118713379 20.10770034790039 -3.3792362213134766 
v 28.21000099182129 20.22258949279785 -2.7700695991516113 
v 28.29020118713379 20.10770034790039 -2.7700695991516113 
v 28.21000099182129 20.22258949279785 -2.160902500152588 
v 28.29020118713379 20.10770034790039 -2.160902500152588 
v 28.21000099182129 20.22258949279785 -1.551735281944275 
v 28.29020118713379 20.10770034790039 -1.551735281944275 
v 28.21000099182129 20.22258949279785 -0.9478195905685425 
v 28.29020118713379 20.10770034790039 -0.9478195905685425 
v 28.21000099182129 20.22258949279785 -0.33865299820899963 
v 28.29020118713379 20.10770034790039 -0.33865299820899963 
v 28.21000099182129 20.22258949279785 0.2705141007900238 
v 28.29020118713379 20.10770034790039 0.2705141007900238 
v 28.26346778869629 20.26567268371582 0.9006870985031128 
v 28.34366798400879 20.147911071777344 0.9006870985031128 
v 28.427682876586914 20.389175415039062 1.5571171045303345 
v 28.507883071899414 20.27141571044922 1.5571171045303345 
v 28.691186904907227 20.58448600769043 2.145278215408325 
v 28.7675724029541 20.4695987701416 2.145278215408325 
v 35.54619598388672 25.51030921936035 2.145278215408325 
v 35.469825744628906 25.628068923950195 2.145278215408325 
v 35.202491760253906 25.25181007385254 2.5758962631225586 
v 35.126121520996094 25.369571685791016 2.5758962631225586 
v 34.76331329345703 24.924379348754883 2.9434971809387207 
v 34.68694305419922 25.039268493652344 2.9434971809387207 
v 34.21338653564453 24.513654708862305 3.363612413406372 
v 34.13701629638672 24.628543853759766 3.363612413406372 
v 33.537437438964844 24.01102066040039 3.69970440864563 
v 33.46105194091797 24.128780364990234 3.69970440864563 
v 32.73163604736328 23.413602828979492 3.8152363300323486 
v 32.655250549316406 23.531362533569336 3.8152363300323486 
v 31.941110610961914 22.827674865722656 3.8204877376556396 
v 31.8647403717041 22.942562103271484 3.8204877376556396 
v 31.299524307250977 22.350889205932617 3.8204877376556396 
v 31.223154067993164 22.46864891052246 3.8204877376556396 
v 30.715234756469727 21.920059204101562 3.69970440864563 
v 30.63884925842285 22.037818908691406 3.69970440864563 
v 30.111841201782227 21.46912384033203 3.363612413406372 
v 30.031641006469727 21.586883544921875 3.363612413406372 
v 29.554269790649414 21.058399200439453 2.9434971809387207 
v 29.47788429260254 21.17328643798828 2.9434971809387207 
v 29.11509132385254 20.72809600830078 2.5758962631225586 
v 29.03489112854004 20.84298324584961 2.5758962631225586 
v 28.7675724029541 20.4695987701416 2.145278215408325 
v 28.691186904907227 20.58448600769043 2.145278215408325 
v 31.941110610961914 22.827674865722656 3.8204877376556396 
v 31.299524307250977 22.350889205932617 3.8204877376556396 
v 31.310983657836914 22.35663414001465 3.678698778152466 
v 30.715234756469727 21.920059204101562 3.69970440864563 
v 30.749597549438477 21.94016456604004 3.568418502807617 
v 30.111841201782227 21.46912384033203 3.363612413406372 
v 29.554269790649414 21.058399200439453 2.9434971809387207 
v 29.187646865844727 20.77692413330078 2.46561598777771 
v 29.11509132385254 20.72809600830078 2.5758962631225586 
v 28.7675724029541 20.4695987701416 2.145278215408325 
v 28.859216690063477 20.52991485595703 2.0612552165985107 
v 28.507883071899414 20.27141571044922 1.5571171045303345 
v 28.34366798400879 20.147911071777344 0.9006870985031128 
v 28.45823097229004 20.225460052490234 0.8691784143447876 
v 28.29020118713379 20.10770034790039 0.2705141007900238 
v 28.29020118713379 20.10770034790039 -0.33865299820899963 
v 28.29020118713379 20.10770034790039 -0.9478195905685425 
v 28.29020118713379 20.10770034790039 -1.551735281944275 
v 28.40476417541504 20.18524932861328 -2.160902500152588 
v 28.29020118713379 20.10770034790039 -2.160902500152588 
v 28.29020118713379 20.10770034790039 -2.7700695991516113 
v 28.45823097229004 20.225460052490234 -3.977900505065918 
v 28.29020118713379 20.10770034790039 -3.3792362213134766 
v 28.34366798400879 20.147911071777344 -4.0094099044799805 
v 28.507883071899414 20.27141571044922 -4.665839195251465 
v 28.859216690063477 20.52991485595703 -5.169978141784668 
v 28.7675724029541 20.466726303100586 -5.254000663757324 
v 29.11509132385254 20.72809600830078 -5.684618949890137 
v 29.187646865844727 20.77692413330078 -5.574338912963867 
v 29.554269790649414 21.058399200439453 -6.052219390869141 
v 30.111841201782227 21.46912384033203 -6.472334861755371 
v 30.749597549438477 21.94016456604004 -6.677141189575195 
v 30.715234756469727 21.920059204101562 -6.808426856994629 
v 31.299524307250977 22.350889205932617 -6.923958778381348 
v 31.310983657836914 22.35663414001465 -6.787421226501465 
v 31.941110610961914 22.827674865722656 -6.9292097091674805 
v 32.73163604736328 23.413602828979492 -6.923958778381348 
v 33.50688934326172 23.990915298461914 -6.671889305114746 
v 33.537437438964844 24.01102066040039 -6.808426856994629 
v 34.21338653564453 24.513654708862305 -6.472334861755371 
v 34.76331329345703 24.924379348754883 -6.052219390869141 
v 35.12993621826172 25.202983856201172 -5.574338912963867 
v 35.202491760253906 25.25181007385254 -5.684618949890137 
v 35.54619598388672 25.51030921936035 -5.254000663757324 
v 35.454551696777344 25.447120666503906 -5.169978141784668 
v 35.809715270996094 25.705617904663086 -4.665839195251465 
v 35.97393035888672 25.82912254333496 -4.0094099044799805 
v 35.859352111816406 25.75157356262207 -3.977900505065918 
v 36.027381896972656 25.87220573425293 -3.3792362213134766 
v 36.027381896972656 25.87220573425293 -2.7700695991516113 
v 35.912818908691406 25.791784286499023 -2.160902500152588 
v 36.027381896972656 25.87220573425293 -2.160902500152588 
v 36.027381896972656 25.87220573425293 -1.556986689567566 
v 35.912818908691406 25.791784286499023 0.2652626931667328 
v 36.027381896972656 25.87220573425293 -0.9478195905685425 
v 36.027381896972656 25.87220573425293 -0.33865299820899963 
v 36.027381896972656 25.87220573425293 0.2705141007900238 
v 35.97393035888672 25.82912254333496 0.9006870985031128 
v 35.809715270996094 25.705617904663086 1.5571171045303345 
v 35.454551696777344 25.447120666503906 2.0612552165985107 
v 35.54619598388672 25.51030921936035 2.145278215408325 
v 35.202491760253906 25.25181007385254 2.5758962631225586 
v 35.12993621826172 25.202983856201172 2.46561598777771 
v 34.76331329345703 24.924379348754883 2.9434971809387207 
v 34.21338653564453 24.513654708862305 3.363612413406372 
v 33.50688934326172 23.990915298461914 3.563167095184326 
v 33.537437438964844 24.01102066040039 3.69970440864563 
v 32.73163604736328 23.413602828979492 3.8152363300323486 
v 35.89373016357422 25.946884155273438 -4.0094099044799805 
v 35.729515075683594 25.823379516601562 -4.665839195251465 
v 35.832618713378906 25.909543991088867 -3.3739852905273438 
v 35.37816619873047 25.56488037109375 -5.169978141784668 
v 35.469825744628906 25.628068923950195 -5.254000663757324 
v 35.126121520996094 25.36669921875 -5.684618949890137 
v 35.04973602294922 25.31787109375 -5.574338912963867 
v 34.68694305419922 25.039268493652344 -6.052219390869141 
v 34.13701629638672 24.628543853759766 -6.472334861755371 
v 33.430503845214844 24.108675003051758 -6.671889305114746 
v 33.46105194091797 24.128780364990234 -6.808426856994629 
v 32.655250549316406 23.531362533569336 -6.923958778381348 
v 31.8647403717041 22.942562103271484 -6.9292097091674805 
v 31.230783462524414 22.474393844604492 -6.787421226501465 
v 31.223154067993164 22.46864891052246 -6.9292097091674805 
v 30.63884925842285 22.037818908691406 -6.808426856994629 
v 30.673227310180664 22.057924270629883 -6.677141189575195 
v 30.031641006469727 21.586883544921875 -6.472334861755371 
v 29.47788429260254 21.17328643798828 -6.052219390869141 
v 29.107446670532227 20.89181137084961 -5.574338912963867 
v 29.03489112854004 20.84298324584961 -5.684618949890137 
v 28.691186904907227 20.58448600769043 -5.254000663757324 
v 28.782846450805664 20.647674560546875 -5.169978141784668 
v 28.427682876586914 20.389175415039062 -4.665839195251465 
v 28.26346778869629 20.26567268371582 -4.0094099044799805 
v 28.37803077697754 20.34322166442871 -3.977900505065918 
v 28.21000099182129 20.22258949279785 -3.3792362213134766 
v 28.21000099182129 20.22258949279785 -2.7700695991516113 
v 28.21000099182129 20.22258949279785 -2.160902500152588 
v 28.21000099182129 20.22258949279785 -1.551735281944275 
v 28.37803077697754 20.34322166442871 0.8691784143447876 
v 28.21000099182129 20.22258949279785 -0.9478195905685425 
v 28.21000099182129 20.22258949279785 -0.33865299820899963 
v 28.21000099182129 20.22258949279785 0.2705141007900238 
v 28.26346778869629 20.26567268371582 0.9006870985031128 
v 28.427682876586914 20.389175415039062 1.5571171045303345 
v 28.782846450805664 20.647674560546875 2.0612552165985107 
v 28.691186904907227 20.58448600769043 2.145278215408325 
v 29.03489112854004 20.84298324584961 2.5758962631225586 
v 29.107446670532227 20.89181137084961 2.46561598777771 
v 29.47788429260254 21.17328643798828 2.9434971809387207 
v 30.031641006469727 21.586883544921875 3.363612413406372 
v 30.673227310180664 22.057924270629883 3.568418502807617 
v 30.63884925842285 22.037818908691406 3.69970440864563 
v 31.223154067993164 22.46864891052246 3.8204877376556396 
v 31.230783462524414 22.474393844604492 3.678698778152466 
v 31.8647403717041 22.942562103271484 3.8204877376556396 
v 32.655250549316406 23.531362533569336 3.8152363300323486 
v 33.430503845214844 24.108675003051758 3.563167095184326 
v 33.46105194091797 24.128780364990234 3.69970440864563 
v 34.13701629638672 24.628543853759766 3.363612413406372 
v 34.68694305419922 25.039268493652344 2.9434971809387207 
v 35.04973602294922 25.31787109375 2.46561598777771 
v 35.126121520996094 25.369571685791016 2.5758962631225586 
v 35.469825744628906 25.628068923950195 2.145278215408325 
v 35.37816619873047 25.56488037109375 2.0612552165985107 
v 35.729515075683594 25.823379516601562 1.5571171045303345 
v 35.89373016357422 25.946884155273438 0.9006870985031128 
v 35.779151916503906 25.869333267211914 0.8691784143447876 
v 35.94719696044922 25.98709487915039 0.2705141007900238 
v 35.94719696044922 25.98709487915039 -0.33865299820899963 
v 35.94719696044922 25.98709487915039 -0.9478195905685425 
v 35.94719696044922 25.98709487915039 -1.556986689567566 
v 35.94719696044922 25.98709487915039 -2.160902500152588 
v 35.94719696044922 25.98709487915039 -2.7700695991516113 
v 35.94719696044922 25.98709487915039 -3.3792362213134766 
v 31.433176040649414 22.51807403564453 -24.971698760986328 
v 31.387537002563477 22.650775909423828 -24.971698760986328 
v 31.8559513092041 22.835084915161133 -25.33695411682129 
v 31.810312271118164 22.965944290161133 -25.33695411682129 
v 32.31475067138672 23.176057815551758 -25.56620979309082 
v 32.26911163330078 23.308759689331055 -25.56620979309082 
v 32.790367126464844 23.531774520874023 -25.647809982299805 
v 32.74712371826172 23.66447639465332 -25.647809982299805 
v 33.26598358154297 23.88564682006836 -25.56620979309082 
v 33.222740173339844 24.018348693847656 -25.56620979309082 
v 33.72478485107422 24.22846221923828 -25.33695411682129 
v 33.681541442871094 24.361164093017578 -25.33695411682129 
v 34.147560119628906 24.543630599975586 -24.971698760986328 
v 34.10192108154297 24.676332473754883 -24.96781349182129 
v 34.147560119628906 24.543630599975586 -24.971698760986328 
v 34.10192108154297 24.676332473754883 -24.96781349182129 
v 34.517478942871094 24.81825065612793 -24.47821617126465 
v 34.471839904785156 24.952796936035156 -24.47821617126465 
v 34.815330505371094 25.043107986450195 -23.875934600830078 
v 34.77210235595703 25.175809860229492 -23.875934600830078 
v 35.038734436035156 25.21082878112793 -23.188167572021484 
v 34.99309539794922 25.343530654907227 -23.188167572021484 
v 35.178062438964844 25.314041137695312 -22.442115783691406 
v 35.132408142089844 25.446744918823242 -22.442115783691406 
v 35.226097106933594 25.35090446472168 -21.66886329650879 
v 35.18285369873047 25.483606338500977 -21.66886329650879 
v 35.178062438964844 25.314041137695312 -20.89949607849121 
v 35.132408142089844 25.446744918823242 -20.89949607849121 
v 35.038734436035156 25.21082878112793 -20.153444290161133 
v 34.99309539794922 25.343530654907227 -20.153444290161133 
v 34.815330505371094 25.043107986450195 -19.46567726135254 
v 34.77210235595703 25.175809860229492 -19.46567726135254 
v 34.517478942871094 24.81825065612793 -18.863393783569336 
v 34.471839904785156 24.952796936035156 -18.863393783569336 
v 34.147560119628906 24.543630599975586 -18.369911193847656 
v 34.10192108154297 24.676332473754883 -18.373798370361328 
v 34.147560119628906 24.543630599975586 -18.369911193847656 
v 34.10192108154297 24.676332473754883 -18.373798370361328 
v 33.72478485107422 24.22846221923828 -18.004657745361328 
v 33.681541442871094 24.361164093017578 -18.004657745361328 
v 33.26598358154297 23.88564682006836 -17.775402069091797 
v 33.222740173339844 24.018348693847656 -17.775402069091797 
v 32.790367126464844 23.531774520874023 -17.693801879882812 
v 32.74712371826172 23.66447639465332 -17.693801879882812 
v 32.31475067138672 23.176057815551758 -17.775402069091797 
v 32.26911163330078 23.308759689331055 -17.775402069091797 
v 31.8559513092041 22.835084915161133 -18.004657745361328 
v 31.810312271118164 22.965944290161133 -18.004657745361328 
v 31.433176040649414 22.51807403564453 -18.369911193847656 
v 31.387537002563477 22.650775909423828 -18.369911193847656 
v 31.433176040649414 22.51807403564453 -18.369911193847656 
v 31.387537002563477 22.650775909423828 -18.369911193847656 
v 31.063257217407227 22.243453979492188 -18.863393783569336 
v 31.020029067993164 22.374313354492188 -18.863393783569336 
v 30.765405654907227 22.018596649169922 -19.46567726135254 
v 30.71976661682129 22.15129852294922 -19.46567726135254 
v 30.542001724243164 21.850875854492188 -20.153444290161133 
v 30.496362686157227 21.983577728271484 -20.153444290161133 
v 30.40268898010254 21.747663497924805 -20.89949607849121 
v 30.3570499420166 21.8803653717041 -20.89949607849121 
v 30.354639053344727 21.710800170898438 -21.66886329650879 
v 30.30900001525879 21.843503952026367 -21.66886329650879 
v 30.40268898010254 21.747663497924805 -22.442115783691406 
v 30.3570499420166 21.8803653717041 -22.442115783691406 
v 30.542001724243164 21.850875854492188 -23.188167572021484 
v 30.496362686157227 21.983577728271484 -23.188167572021484 
v 30.765405654907227 22.018596649169922 -23.875934600830078 
v 30.71976661682129 22.15129852294922 -23.875934600830078 
v 31.063257217407227 22.243453979492188 -24.47821617126465 
v 31.020029067993164 22.374313354492188 -24.47821617126465 
v 31.433176040649414 22.51807403564453 -24.971698760986328 
v 31.387537002563477 22.650775909423828 -24.971698760986328 
v 30.765405654907227 22.018596649169922 -19.46567726135254 
v 30.88309669494629 22.059144973754883 -19.527847290039062 
v 31.063257217407227 22.243453979492188 -18.863393783569336 
v 31.92081642150879 22.857202529907227 -18.125112533569336 
v 31.433176040649414 22.51807403564453 -18.369911193847656 
v 31.8559513092041 22.835084915161133 -18.004657745361328 
v 30.542001724243164 21.850875854492188 -20.153444290161133 
v 30.40268898010254 21.747663497924805 -20.89949607849121 
v 30.48674964904785 21.756877899169922 -21.66886329650879 
v 30.354639053344727 21.710800170898438 -21.66886329650879 
v 30.40268898010254 21.747663497924805 -22.442115783691406 
v 30.542001724243164 21.850875854492188 -23.188167572021484 
v 30.88309669494629 22.059144973754883 -23.813762664794922 
v 30.765405654907227 22.018596649169922 -23.875934600830078 
v 31.063257217407227 22.243453979492188 -24.47821617126465 
v 31.433176040649414 22.51807403564453 -24.971698760986328 
v 31.92081642150879 22.857202529907227 -25.21649742126465 
v 31.8559513092041 22.835084915161133 -25.33695411682129 
v 32.31475067138672 23.176057815551758 -25.56620979309082 
v 32.790367126464844 23.531774520874023 -25.507925033569336 
v 32.790367126464844 23.531774520874023 -25.647809982299805 
v 33.26598358154297 23.88564682006836 -25.56620979309082 
v 33.659934997558594 24.206344604492188 -25.21649742126465 
v 33.72478485107422 24.22846221923828 -25.33695411682129 
v 34.147560119628906 24.543630599975586 -24.971698760986328 
v 34.517478942871094 24.81825065612793 -24.47821617126465 
v 34.695228576660156 25.002559661865234 -23.813762664794922 
v 34.815330505371094 25.043107986450195 -23.875934600830078 
v 35.038734436035156 25.21082878112793 -23.188167572021484 
v 35.178062438964844 25.314041137695312 -22.442115783691406 
v 35.09398651123047 25.306669235229492 -21.66886329650879 
v 35.226097106933594 25.35090446472168 -21.66886329650879 
v 35.178062438964844 25.314041137695312 -20.89949607849121 
v 35.038734436035156 25.21082878112793 -20.153444290161133 
v 34.695228576660156 25.002559661865234 -19.527847290039062 
v 34.815330505371094 25.043107986450195 -19.46567726135254 
v 34.517478942871094 24.81825065612793 -18.863393783569336 
v 34.147560119628906 24.543630599975586 -18.369911193847656 
v 33.659934997558594 24.206344604492188 -18.125112533569336 
v 33.72478485107422 24.22846221923828 -18.004657745361328 
v 33.26598358154297 23.88564682006836 -17.775402069091797 
v 32.790367126464844 23.531774520874023 -17.83368682861328 
v 32.790367126464844 23.531774520874023 -17.693801879882812 
v 32.31475067138672 23.176057815551758 -17.775402069091797 
v 34.10192108154297 24.676332473754883 -18.373798370361328 
v 34.471839904785156 24.952796936035156 -18.863393783569336 
v 33.614280700683594 24.339046478271484 -18.125112533569336 
v 34.652000427246094 25.13526153564453 -19.527847290039062 
v 34.77210235595703 25.175809860229492 -19.46567726135254 
v 34.99309539794922 25.343530654907227 -20.153444290161133 
v 35.132408142089844 25.446744918823242 -20.89949607849121 
v 35.04834747314453 25.43937110900879 -21.66886329650879 
v 35.18285369873047 25.483606338500977 -21.66886329650879 
v 35.132408142089844 25.446744918823242 -22.442115783691406 
v 34.99309539794922 25.343530654907227 -23.188167572021484 
v 34.652000427246094 25.13526153564453 -23.813762664794922 
v 34.77210235595703 25.175809860229492 -23.875934600830078 
v 34.471839904785156 24.952796936035156 -24.47821617126465 
v 34.10192108154297 24.676332473754883 -24.96781349182129 
v 33.614280700683594 24.339046478271484 -25.21649742126465 
v 33.681541442871094 24.361164093017578 -25.33695411682129 
v 33.222740173339844 24.018348693847656 -25.56620979309082 
v 32.74712371826172 23.66447639465332 -25.507925033569336 
v 32.74712371826172 23.66447639465332 -25.647809982299805 
v 32.26911163330078 23.308759689331055 -25.56620979309082 
v 31.87516212463379 22.989904403686523 -25.21649742126465 
v 31.810312271118164 22.965944290161133 -25.33695411682129 
v 31.387537002563477 22.650775909423828 -24.971698760986328 
v 31.020029067993164 22.374313354492188 -24.47821617126465 
v 30.839868545532227 22.19184684753418 -23.813762664794922 
v 30.71976661682129 22.15129852294922 -23.875934600830078 
v 30.496362686157227 21.983577728271484 -23.188167572021484 
v 30.3570499420166 21.8803653717041 -22.442115783691406 
v 30.441110610961914 21.88957977294922 -21.66886329650879 
v 30.30900001525879 21.843503952026367 -21.66886329650879 
v 30.3570499420166 21.8803653717041 -20.89949607849121 
v 30.496362686157227 21.983577728271484 -20.153444290161133 
v 30.839868545532227 22.19184684753418 -19.527847290039062 
v 30.71976661682129 22.15129852294922 -19.46567726135254 
v 31.020029067993164 22.374313354492188 -18.863393783569336 
v 31.387537002563477 22.650775909423828 -18.369911193847656 
v 31.87516212463379 22.989904403686523 -18.125112533569336 
v 31.810312271118164 22.965944290161133 -18.004657745361328 
v 32.26911163330078 23.308759689331055 -17.775402069091797 
v 32.74712371826172 23.66447639465332 -17.83368682861328 
v 32.74712371826172 23.66447639465332 -17.693801879882812 
v 33.222740173339844 24.018348693847656 -17.775402069091797 
v 33.681541442871094 24.361164093017578 -18.004657745361328 
v -27.6883602142334 22.623550415039062 -18.369911193847656 
v -27.733999252319336 22.49085235595703 -18.369911193847656 
v -27.320837020874023 22.347095489501953 -18.863393783569336 
v -27.36408042907715 22.21623992919922 -18.863393783569336 
v -27.020559310913086 22.124086380004883 -19.46567726135254 
v -27.066213607788086 21.99138832092285 -19.46567726135254 
v -26.797170639038086 21.956371307373047 -20.153444290161133 
v -26.842809677124023 21.823671340942383 -20.153444290161133 
v -26.6578426361084 21.853160858154297 -20.89949607849121 
v -26.703481674194336 21.720460891723633 -20.89949607849121 
v -26.609792709350586 21.816299438476562 -21.66886329650879 
v -26.655447006225586 21.68360137939453 -21.66886329650879 
v -26.6578426361084 21.853160858154297 -22.442115783691406 
v -26.703481674194336 21.720460891723633 -22.442115783691406 
v -26.797170639038086 21.956371307373047 -23.188167572021484 
v -26.842809677124023 21.823671340942383 -23.188167572021484 
v -27.020559310913086 22.124086380004883 -23.875934600830078 
v -27.066213607788086 21.99138832092285 -23.875934600830078 
v -27.320837020874023 22.347095489501953 -24.47821617126465 
v -27.36408042907715 22.21623992919922 -24.47821617126465 
v -27.6883602142334 22.623550415039062 -24.971698760986328 
v -27.733999252319336 22.49085235595703 -24.971698760986328 
v -30.40279197692871 24.649051666259766 -18.373798370361328 
v -30.44843101501465 24.516353607177734 -18.369911193847656 
v -29.982412338256836 24.333892822265625 -18.004657745361328 
v -30.02565574645996 24.20119285583496 -18.004657745361328 
v -29.523611068725586 23.991086959838867 -17.775402069091797 
v -29.56683921813965 23.858388900756836 -17.775402069091797 
v -29.0479793548584 23.637222290039062 -17.693801879882812 
v -29.091222763061523 23.50452423095703 -17.693801879882812 
v -28.5699520111084 23.281517028808594 -17.775402069091797 
v -28.615591049194336 23.14881706237793 -17.775402069091797 
v -28.111135482788086 22.938711166381836 -18.004657745361328 
v -28.156789779663086 22.806011199951172 -18.004657745361328 
v -27.6883602142334 22.623550415039062 -18.369911193847656 
v -27.733999252319336 22.49085235595703 -18.369911193847656 
v -30.44843101501465 24.516353607177734 -18.369911193847656 
v -30.40279197692871 24.649051666259766 -18.373798370361328 
v -30.8183650970459 24.790966033935547 -18.863393783569336 
v -30.77272605895996 24.925508499145508 -18.863393783569336 
v -31.11623191833496 25.015817642211914 -19.46567726135254 
v -31.072988510131836 25.148515701293945 -19.46567726135254 
v -31.339635848999023 25.181690216064453 -20.153444290161133 
v -31.293996810913086 25.316232681274414 -20.153444290161133 
v -31.47896385192871 25.2867431640625 -20.89949607849121 
v -31.43330955505371 25.419443130493164 -20.89949607849121 
v -31.52699851989746 25.323604583740234 -21.66886329650879 
v -31.481359481811523 25.4563045501709 -21.66886329650879 
v -31.47896385192871 25.2867431640625 -22.442115783691406 
v -31.43330955505371 25.419443130493164 -22.442115783691406 
v -31.339635848999023 25.181690216064453 -23.188167572021484 
v -31.293996810913086 25.316232681274414 -23.188167572021484 
v -31.11623191833496 25.015817642211914 -23.875934600830078 
v -31.072988510131836 25.148515701293945 -23.875934600830078 
v -30.8183650970459 24.790966033935547 -24.47821617126465 
v -30.77272605895996 24.925508499145508 -24.47821617126465 
v -30.44843101501465 24.516353607177734 -24.971698760986328 
v -30.40279197692871 24.649051666259766 -24.96781349182129 
v -30.44843101501465 24.516353607177734 -24.971698760986328 
v -30.40279197692871 24.649051666259766 -24.96781349182129 
v -30.02565574645996 24.20119285583496 -25.33695411682129 
v -29.982412338256836 24.333892822265625 -25.33695411682129 
v -29.56683921813965 23.858388900756836 -25.56620979309082 
v -29.523611068725586 23.991086959838867 -25.56620979309082 
v -29.091222763061523 23.50452423095703 -25.647809982299805 
v -29.0479793548584 23.637222290039062 -25.647809982299805 
v -28.615591049194336 23.14881706237793 -25.56620979309082 
v -28.5699520111084 23.281517028808594 -25.56620979309082 
v -28.156789779663086 22.806011199951172 -25.33695411682129 
v -28.111135482788086 22.938711166381836 -25.33695411682129 
v -27.733999252319336 22.49085235595703 -24.971698760986328 
v -27.6883602142334 22.623550415039062 -24.971698760986328 
v -26.609792709350586 21.816299438476562 -21.66886329650879 
v -26.741918563842773 21.862375259399414 -21.66886329650879 
v -26.6578426361084 21.853160858154297 -20.89949607849121 
v -27.140676498413086 22.164634704589844 -19.527847290039062 
v -26.797170639038086 21.956371307373047 -20.153444290161133 
v -27.020559310913086 22.124086380004883 -19.46567726135254 
v -26.6578426361084 21.853160858154297 -22.442115783691406 
v -26.797170639038086 21.956371307373047 -23.188167572021484 
v -27.140676498413086 22.164634704589844 -23.813762664794922 
v -27.020559310913086 22.124086380004883 -23.875934600830078 
v -27.320837020874023 22.347095489501953 -24.47821617126465 
v -27.6883602142334 22.623550415039062 -24.971698760986328 
v -28.176000595092773 22.962671279907227 -25.21649742126465 
v -28.111135482788086 22.938711166381836 -25.33695411682129 
v -28.5699520111084 23.281517028808594 -25.56620979309082 
v -29.0479793548584 23.637222290039062 -25.507925033569336 
v -29.0479793548584 23.637222290039062 -25.647809982299805 
v -29.523611068725586 23.991086959838867 -25.56620979309082 
v -29.915151596069336 24.31177520751953 -25.21649742126465 
v -29.982412338256836 24.333892822265625 -25.33695411682129 
v -30.40279197692871 24.649051666259766 -24.96781349182129 
v -30.77272605895996 24.925508499145508 -24.47821617126465 
v -30.9528865814209 25.107969284057617 -23.813762664794922 
v -31.072988510131836 25.148515701293945 -23.875934600830078 
v -31.293996810913086 25.316232681274414 -23.188167572021484 
v -31.43330955505371 25.419443130493164 -22.442115783691406 
v -31.349233627319336 25.412071228027344 -21.66886329650879 
v -31.481359481811523 25.4563045501709 -21.66886329650879 
v -31.43330955505371 25.419443130493164 -20.89949607849121 
v -31.293996810913086 25.316232681274414 -20.153444290161133 
v -30.9528865814209 25.107969284057617 -19.527847290039062 
v -31.072988510131836 25.148515701293945 -19.46567726135254 
v -30.77272605895996 24.925508499145508 -18.863393783569336 
v -30.40279197692871 24.649051666259766 -18.373798370361328 
v -29.915151596069336 24.31177520751953 -18.125112533569336 
v -29.982412338256836 24.333892822265625 -18.004657745361328 
v -29.523611068725586 23.991086959838867 -17.775402069091797 
v -29.0479793548584 23.637222290039062 -17.83368682861328 
v -29.0479793548584 23.637222290039062 -17.693801879882812 
v -28.5699520111084 23.281517028808594 -17.775402069091797 
v -28.176000595092773 22.962671279907227 -18.125112533569336 
v -28.111135482788086 22.938711166381836 -18.004657745361328 
v -27.6883602142334 22.623550415039062 -18.369911193847656 
v -27.320837020874023 22.347095489501953 -18.863393783569336 
v -29.960790634155273 24.1790771484375 -18.125112533569336 
v -30.8183650970459 24.790966033935547 -18.863393783569336 
v -30.996129989624023 24.975269317626953 -19.527847290039062 
v -31.11623191833496 25.015817642211914 -19.46567726135254 
v -31.339635848999023 25.181690216064453 -20.153444290161133 
v -31.47896385192871 25.2867431640625 -20.89949607849121 
v -31.394887924194336 25.27937126159668 -21.66886329650879 
v -31.52699851989746 25.323604583740234 -21.66886329650879 
v -31.47896385192871 25.2867431640625 -22.442115783691406 
v -31.339635848999023 25.181690216064453 -23.188167572021484 
v -30.996129989624023 24.975269317626953 -23.813762664794922 
v -31.11623191833496 25.015817642211914 -23.875934600830078 
v -30.8183650970459 24.790966033935547 -24.47821617126465 
v -30.44843101501465 24.516353607177734 -24.971698760986328 
v -29.960790634155273 24.1790771484375 -25.21649742126465 
v -30.02565574645996 24.20119285583496 -25.33695411682129 
v -29.56683921813965 23.858388900756836 -25.56620979309082 
v -29.091222763061523 23.50452423095703 -25.507925033569336 
v -29.091222763061523 23.50452423095703 -25.647809982299805 
v -28.615591049194336 23.14881706237793 -25.56620979309082 
v -28.22163963317871 22.829971313476562 -25.21649742126465 
v -28.156789779663086 22.806011199951172 -25.33695411682129 
v -27.733999252319336 22.49085235595703 -24.971698760986328 
v -27.36408042907715 22.21623992919922 -24.47821617126465 
v -27.18391990661621 22.03193473815918 -23.813762664794922 
v -27.066213607788086 21.99138832092285 -23.875934600830078 
v -26.842809677124023 21.823671340942383 -23.188167572021484 
v -26.703481674194336 21.720460891723633 -22.442115783691406 
v -26.78755760192871 21.729677200317383 -21.66886329650879 
v -26.655447006225586 21.68360137939453 -21.66886329650879 
v -26.703481674194336 21.720460891723633 -20.89949607849121 
v -26.842809677124023 21.823671340942383 -20.153444290161133 
v -27.18391990661621 22.03193473815918 -19.527847290039062 
v -27.066213607788086 21.99138832092285 -19.46567726135254 
v -27.36408042907715 22.21623992919922 -18.863393783569336 
v -27.733999252319336 22.49085235595703 -18.369911193847656 
v -28.22163963317871 22.829971313476562 -18.125112533569336 
v -28.156789779663086 22.806011199951172 -18.004657745361328 
v -28.615591049194336 23.14881706237793 -17.775402069091797 
v -29.091222763061523 23.50452423095703 -17.83368682861328 
v -29.091222763061523 23.50452423095703 -17.693801879882812 
v -29.56683921813965 23.858388900756836 -17.775402069091797 
v -30.02565574645996 24.20119285583496 -18.004657745361328 
v -30.44843101501465 24.516353607177734 -18.369911193847656 
v 31.388513565063477 22.65117645263672 15.258700370788574 
v 31.434152603149414 22.518474578857422 15.258700370788574 
v 31.021005630493164 22.374713897705078 15.752182960510254 
v 31.06424903869629 22.243854522705078 15.752182960510254 
v 30.72075843811035 22.15169906616211 16.35446548461914 
v 30.76639747619629 22.018997192382812 16.35446548461914 
v 30.49735450744629 21.983978271484375 17.042232513427734 
v 30.542993545532227 21.851276397705078 17.042232513427734 
v 30.358041763305664 21.880765914916992 17.788284301757812 
v 30.4036808013916 21.748062133789062 17.788284301757812 
v 30.310007095336914 21.843902587890625 18.56153678894043 
v 30.35564613342285 21.711200714111328 18.56153678894043 
v 30.358041763305664 21.880765914916992 19.330904006958008 
v 30.4036808013916 21.748062133789062 19.330904006958008 
v 30.49735450744629 21.983978271484375 20.076955795288086 
v 30.542993545532227 21.853118896484375 20.076955795288086 
v 30.72075843811035 22.15169906616211 20.76472282409668 
v 30.76639747619629 22.018997192382812 20.76472282409668 
v 31.021005630493164 22.374713897705078 21.367006301879883 
v 31.06424903869629 22.243854522705078 21.367006301879883 
v 31.388513565063477 22.65117645263672 21.860488891601562 
v 31.434152603149414 22.518474578857422 21.860488891601562 
v 34.10283660888672 24.676733016967773 15.262585639953613 
v 34.148475646972656 24.544029235839844 15.258700370788574 
v 33.682472229003906 24.36156463623047 14.893445014953613 
v 33.72571563720703 24.22886085510254 14.893445014953613 
v 33.22368621826172 24.018749237060547 14.664189338684082 
v 33.266929626464844 23.88604736328125 14.664189338684082 
v 32.748085021972656 23.66487693786621 14.582590103149414 
v 32.79131317138672 23.53217315673828 14.582590103149414 
v 32.27007293701172 23.309160232543945 14.664189338684082 
v 32.31330108642578 23.176456451416016 14.664189338684082 
v 31.811288833618164 22.966344833374023 14.893445014953613 
v 31.8569278717041 22.833642959594727 14.893445014953613 
v 31.388513565063477 22.65117645263672 15.258700370788574 
v 31.434152603149414 22.518474578857422 15.258700370788574 
v 34.148475646972656 24.544029235839844 15.258700370788574 
v 34.10283660888672 24.676733016967773 15.262585639953613 
v 34.518394470214844 24.81865119934082 15.752182960510254 
v 34.472755432128906 24.953195571899414 15.752182960510254 
v 34.816246032714844 25.043506622314453 16.35446548461914 
v 34.77300262451172 25.176210403442383 16.35446548461914 
v 35.039634704589844 25.21122932434082 17.042232513427734 
v 34.993995666503906 25.343931198120117 17.042232513427734 
v 35.17894744873047 25.314441680908203 17.788284301757812 
v 35.13330841064453 25.4471435546875 17.788284301757812 
v 35.22699737548828 25.351303100585938 18.55765151977539 
v 35.183753967285156 25.484006881713867 18.55765151977539 
v 35.17894744873047 25.314441680908203 19.330904006958008 
v 35.13330841064453 25.4471435546875 19.330904006958008 
v 35.039634704589844 25.21122932434082 20.076955795288086 
v 34.993995666503906 25.343931198120117 20.073070526123047 
v 34.816246032714844 25.043506622314453 20.76472282409668 
v 34.77300262451172 25.176210403442383 20.76083755493164 
v 34.518394470214844 24.820493698120117 21.367006301879883 
v 34.472755432128906 24.953195571899414 21.367006301879883 
v 34.148475646972656 24.544029235839844 21.85660171508789 
v 34.10283660888672 24.676733016967773 21.85660171508789 
v 34.148475646972656 24.544029235839844 21.85660171508789 
v 34.10283660888672 24.676733016967773 21.85660171508789 
v 33.72571563720703 24.22886085510254 22.22574234008789 
v 33.682472229003906 24.36156463623047 22.22574234008789 
v 33.266929626464844 23.88604736328125 22.454998016357422 
v 33.22368621826172 24.018749237060547 22.454998016357422 
v 32.79131317138672 23.53217315673828 22.536598205566406 
v 32.748085021972656 23.66487693786621 22.536598205566406 
v 32.315711975097656 23.176456451416016 22.454998016357422 
v 32.27007293701172 23.309160232543945 22.454998016357422 
v 31.8569278717041 22.835485458374023 22.22574234008789 
v 31.811288833618164 22.96818733215332 22.22574234008789 
v 31.434152603149414 22.518474578857422 21.860488891601562 
v 31.388513565063477 22.65117645263672 21.860488891601562 
v 34.77300262451172 25.176210403442383 20.76083755493164 
v 34.65290069580078 25.135662078857422 20.702552795410156 
v 34.472755432128906 24.953195571899414 21.367006301879883 
v 33.61522674560547 24.339447021484375 22.105287551879883 
v 34.10283660888672 24.676733016967773 21.85660171508789 
v 33.682472229003906 24.36156463623047 22.22574234008789 
v 34.993995666503906 25.343931198120117 20.073070526123047 
v 35.13330841064453 25.4471435546875 19.330904006958008 
v 35.04924774169922 25.43977165222168 18.55765151977539 
v 35.183753967285156 25.484006881713867 18.55765151977539 
v 35.13330841064453 25.4471435546875 17.788284301757812 
v 34.993995666503906 25.343931198120117 17.042232513427734 
v 34.65290069580078 25.135662078857422 16.416635513305664 
v 34.77300262451172 25.176210403442383 16.35446548461914 
v 34.472755432128906 24.953195571899414 15.752182960510254 
v 34.10283660888672 24.676733016967773 15.262585639953613 
v 33.61522674560547 24.339447021484375 15.013901710510254 
v 33.682472229003906 24.36156463623047 14.893445014953613 
v 33.22368621826172 24.018749237060547 14.664189338684082 
v 32.748085021972656 23.66487693786621 14.722475051879883 
v 32.748085021972656 23.66487693786621 14.582590103149414 
v 32.27007293701172 23.309160232543945 14.664189338684082 
v 31.87613868713379 22.990304946899414 15.013901710510254 
v 31.811288833618164 22.966344833374023 14.893445014953613 
v 31.388513565063477 22.65117645263672 15.258700370788574 
v 31.021005630493164 22.374713897705078 15.752182960510254 
v 30.84086036682129 22.19224739074707 16.416635513305664 
v 30.72075843811035 22.15169906616211 16.35446548461914 
v 30.49735450744629 21.983978271484375 17.042232513427734 
v 30.358041763305664 21.880765914916992 17.788284301757812 
v 30.44211769104004 21.88998031616211 18.56153678894043 
v 30.310007095336914 21.843902587890625 18.56153678894043 
v 30.358041763305664 21.880765914916992 19.330904006958008 
v 30.49735450744629 21.983978271484375 20.076955795288086 
v 30.84086036682129 22.19224739074707 20.702552795410156 
v 30.72075843811035 22.15169906616211 20.76472282409668 
v 31.021005630493164 22.374713897705078 21.367006301879883 
v 31.388513565063477 22.65117645263672 21.860488891601562 
v 31.87613868713379 22.990304946899414 22.105287551879883 
v 31.811288833618164 22.96818733215332 22.22574234008789 
v 32.27007293701172 23.309160232543945 22.454998016357422 
v 32.748085021972656 23.66487693786621 22.396713256835938 
v 32.748085021972656 23.66487693786621 22.536598205566406 
v 33.22368621826172 24.018749237060547 22.454998016357422 
v 31.921777725219727 22.857603073120117 22.105287551879883 
v 31.06424903869629 22.243854522705078 21.367006301879883 
v 30.88408851623535 22.059545516967773 20.702552795410156 
v 30.76639747619629 22.018997192382812 20.76472282409668 
v 30.542993545532227 21.853118896484375 20.076955795288086 
v 30.4036808013916 21.748062133789062 19.330904006958008 
v 30.487756729125977 21.757278442382812 18.56153678894043 
v 30.35564613342285 21.711200714111328 18.56153678894043 
v 30.4036808013916 21.748062133789062 17.788284301757812 
v 30.542993545532227 21.851276397705078 17.042232513427734 
v 30.88408851623535 22.059545516967773 16.416635513305664 
v 30.76639747619629 22.018997192382812 16.35446548461914 
v 31.06424903869629 22.243854522705078 15.752182960510254 
v 31.434152603149414 22.518474578857422 15.258700370788574 
v 31.921777725219727 22.857603073120117 15.013901710510254 
v 31.8569278717041 22.833642959594727 14.893445014953613 
v 32.31330108642578 23.176456451416016 14.664189338684082 
v 32.79131317138672 23.53217315673828 14.722475051879883 
v 32.79131317138672 23.53217315673828 14.582590103149414 
v 33.266929626464844 23.88604736328125 14.664189338684082 
v 33.660865783691406 24.206745147705078 15.013901710510254 
v 33.72571563720703 24.22886085510254 14.893445014953613 
v 34.148475646972656 24.544029235839844 15.258700370788574 
v 34.518394470214844 24.81865119934082 15.752182960510254 
v 34.696144104003906 25.002960205078125 16.416635513305664 
v 34.816246032714844 25.043506622314453 16.35446548461914 
v 35.039634704589844 25.21122932434082 17.042232513427734 
v 35.17894744873047 25.314441680908203 17.788284301757812 
v 35.094886779785156 25.307069778442383 18.55765151977539 
v 35.22699737548828 25.351303100585938 18.55765151977539 
v 35.17894744873047 25.314441680908203 19.330904006958008 
v 35.039634704589844 25.21122932434082 20.076955795288086 
v 34.696144104003906 25.002960205078125 20.702552795410156 
v 34.816246032714844 25.043506622314453 20.76472282409668 
v 34.518394470214844 24.820493698120117 21.367006301879883 
v 34.148475646972656 24.544029235839844 21.85660171508789 
v 33.660865783691406 24.206745147705078 22.105287551879883 
v 33.72571563720703 24.22886085510254 22.22574234008789 
v 33.266929626464844 23.88604736328125 22.454998016357422 
v 32.79131317138672 23.53217315673828 22.396713256835938 
v 32.79131317138672 23.53217315673828 22.536598205566406 
v 32.315711975097656 23.176456451416016 22.454998016357422 
v 31.8569278717041 22.835485458374023 22.22574234008789 
v 31.434152603149414 22.518474578857422 21.860488891601562 
v -27.70900535583496 22.583152770996094 21.860488891601562 
v -27.663366317749023 22.715850830078125 21.860488891601562 
v -28.13178062438965 22.900156021118164 22.22574234008789 
v -28.08614158630371 23.032854080200195 22.22574234008789 
v -28.59059715270996 23.241117477416992 22.454998016357422 
v -28.544958114624023 23.373815536499023 22.454998016357422 
v -29.066213607788086 23.596824645996094 22.536598205566406 
v -29.022985458374023 23.729522705078125 22.536598205566406 
v -29.541845321655273 23.950687408447266 22.454998016357422 
v -29.49860191345215 24.08338737487793 22.454998016357422 
v -30.000661849975586 24.293493270874023 22.22574234008789 
v -29.95741844177246 24.426191329956055 22.22574234008789 
v -30.423437118530273 24.608654022216797 21.85660171508789 
v -30.38019371032715 24.741352081298828 21.85660171508789 
v -30.423437118530273 24.608654022216797 21.85660171508789 
v -30.38019371032715 24.741352081298828 21.85660171508789 
v -30.793371200561523 24.88326644897461 21.367006301879883 
v -30.747716903686523 25.01780891418457 21.367006301879883 
v -31.091238021850586 25.108116149902344 20.76472282409668 
v -31.04799461364746 25.240816116333008 20.76083755493164 
v -31.314626693725586 25.275833129882812 20.076955795288086 
v -31.26898765563965 25.408533096313477 20.073070526123047 
v -31.453954696655273 25.379043579101562 19.330904006958008 
v -31.408315658569336 25.511743545532227 19.330904006958008 
v -31.502004623413086 25.415904998779297 18.55765151977539 
v -31.45876121520996 25.548603057861328 18.55765151977539 
v -31.453954696655273 25.379043579101562 17.788284301757812 
v -31.408315658569336 25.511743545532227 17.788284301757812 
v -31.314626693725586 25.273990631103516 17.042232513427734 
v -31.26898765563965 25.408533096313477 17.042232513427734 
v -31.091238021850586 25.108116149902344 16.35446548461914 
v -31.04799461364746 25.240816116333008 16.35446548461914 
v -30.793371200561523 24.88326644897461 15.752182960510254 
v -30.747716903686523 25.01780891418457 15.752182960510254 
v -30.423437118530273 24.608654022216797 15.258700370788574 
v -30.377798080444336 24.741352081298828 15.262585639953613 
v -30.423437118530273 24.608654022216797 15.258700370788574 
v -30.377798080444336 24.741352081298828 15.262585639953613 
v -30.000661849975586 24.293493270874023 14.893445014953613 
v -29.95741844177246 24.426191329956055 14.893445014953613 
v -29.541845321655273 23.950687408447266 14.664189338684082 
v -29.49860191345215 24.08338737487793 14.664189338684082 
v -29.066213607788086 23.596824645996094 14.582590103149414 
v -29.022985458374023 23.729522705078125 14.582590103149414 
v -28.59059715270996 23.241117477416992 14.664189338684082 
v -28.544958114624023 23.373815536499023 14.664189338684082 
v -28.13178062438965 22.898311614990234 14.893445014953613 
v -28.08614158630371 23.0310115814209 14.893445014953613 
v -27.70900535583496 22.583152770996094 15.258700370788574 
v -27.663366317749023 22.715850830078125 15.258700370788574 
v -27.70900535583496 22.583152770996094 15.258700370788574 
v -27.663366317749023 22.715850830078125 15.258700370788574 
v -27.33907127380371 22.30853843688965 15.752182960510254 
v -27.295827865600586 22.439395904541016 15.752182960510254 
v -27.04120445251465 22.083688735961914 16.35446548461914 
v -26.99556541442871 22.216386795043945 16.35446548461914 
v -26.817800521850586 21.915971755981445 17.042232513427734 
v -26.77216148376465 22.048669815063477 17.042232513427734 
v -26.67848777770996 21.812761306762695 17.788284301757812 
v -26.632848739624023 21.94546127319336 17.788284301757812 
v -26.63043785095215 21.77589988708496 18.56153678894043 
v -26.58479881286621 21.908599853515625 18.56153678894043 
v -26.67848777770996 21.812761306762695 19.330904006958008 
v -26.632848739624023 21.94546127319336 19.330904006958008 
v -26.817800521850586 21.915971755981445 20.076955795288086 
v -26.77216148376465 22.048669815063477 20.076955795288086 
v -27.04120445251465 22.083688735961914 20.76472282409668 
v -26.99556541442871 22.216386795043945 20.76472282409668 
v -27.341482162475586 22.30853843688965 21.367006301879883 
v -27.295827865600586 22.439395904541016 21.367006301879883 
v -27.70900535583496 22.583152770996094 21.860488891601562 
v -27.663366317749023 22.715850830078125 21.860488891601562 
v -30.000661849975586 24.293493270874023 22.22574234008789 
v -29.9357967376709 24.271377563476562 22.105287551879883 
v -29.541845321655273 23.950687408447266 22.454998016357422 
v -29.066213607788086 23.596824645996094 22.396713256835938 
v -29.066213607788086 23.596824645996094 22.536598205566406 
v -28.59059715270996 23.241117477416992 22.454998016357422 
v -30.423437118530273 24.608654022216797 21.85660171508789 
v -30.793371200561523 24.88326644897461 21.367006301879883 
v -30.971120834350586 25.067569732666016 20.702552795410156 
v -31.091238021850586 25.108116149902344 20.76472282409668 
v -31.314626693725586 25.275833129882812 20.076955795288086 
v -31.453954696655273 25.379043579101562 19.330904006958008 
v -31.3698787689209 25.371671676635742 18.55765151977539 
v -31.502004623413086 25.415904998779297 18.55765151977539 
v -31.453954696655273 25.379043579101562 17.788284301757812 
v -31.314626693725586 25.273990631103516 17.042232513427734 
v -30.971120834350586 25.067569732666016 16.416635513305664 
v -31.091238021850586 25.108116149902344 16.35446548461914 
v -30.793371200561523 24.88326644897461 15.752182960510254 
v -30.423437118530273 24.608654022216797 15.258700370788574 
v -29.9357967376709 24.271377563476562 15.013901710510254 
v -30.000661849975586 24.293493270874023 14.893445014953613 
v -29.541845321655273 23.950687408447266 14.664189338684082 
v -29.066213607788086 23.596824645996094 14.722475051879883 
v -29.066213607788086 23.596824645996094 14.582590103149414 
v -28.59059715270996 23.241117477416992 14.664189338684082 
v -28.196645736694336 22.922271728515625 15.013901710510254 
v -28.13178062438965 22.898311614990234 14.893445014953613 
v -27.70900535583496 22.583152770996094 15.258700370788574 
v -27.33907127380371 22.30853843688965 15.752182960510254 
v -27.158910751342773 22.124235153198242 16.416635513305664 
v -27.04120445251465 22.083688735961914 16.35446548461914 
v -26.817800521850586 21.915971755981445 17.042232513427734 
v -26.67848777770996 21.812761306762695 17.788284301757812 
v -26.762563705444336 21.821977615356445 18.56153678894043 
v -26.63043785095215 21.77589988708496 18.56153678894043 
v -26.67848777770996 21.812761306762695 19.330904006958008 
v -26.817800521850586 21.915971755981445 20.076955795288086 
v -27.16132164001465 22.124235153198242 20.702552795410156 
v -27.04120445251465 22.083688735961914 20.76472282409668 
v -27.341482162475586 22.30853843688965 21.367006301879883 
v -27.70900535583496 22.583152770996094 21.860488891601562 
v -28.196645736694336 22.922271728515625 22.105287551879883 
v -28.13178062438965 22.900156021118164 22.22574234008789 
v -27.663366317749023 22.715850830078125 15.258700370788574 
v -28.08614158630371 23.0310115814209 14.893445014953613 
v -28.1510066986084 23.054969787597656 15.013901710510254 
v -28.544958114624023 23.373815536499023 14.664189338684082 
v -29.022985458374023 23.729522705078125 14.722475051879883 
v -29.022985458374023 23.729522705078125 14.582590103149414 
v -29.49860191345215 24.08338737487793 14.664189338684082 
v -29.89015769958496 24.404075622558594 15.013901710510254 
v -29.95741844177246 24.426191329956055 14.893445014953613 
v -30.377798080444336 24.741352081298828 15.262585639953613 
v -30.747716903686523 25.01780891418457 15.752182960510254 
v -30.927892684936523 25.20026969909668 16.416635513305664 
v -31.04799461364746 25.240816116333008 16.35446548461914 
v -31.26898765563965 25.408533096313477 17.042232513427734 
v -31.408315658569336 25.511743545532227 17.788284301757812 
v -31.32423973083496 25.504369735717773 18.55765151977539 
v -31.45876121520996 25.548603057861328 18.55765151977539 
v -31.408315658569336 25.511743545532227 19.330904006958008 
v -31.26898765563965 25.408533096313477 20.073070526123047 
v -30.927892684936523 25.20026969909668 20.702552795410156 
v -31.04799461364746 25.240816116333008 20.76083755493164 
v -30.747716903686523 25.01780891418457 21.367006301879883 
v -30.38019371032715 24.741352081298828 21.85660171508789 
v -29.89015769958496 24.404075622558594 22.105287551879883 
v -29.95741844177246 24.426191329956055 22.22574234008789 
v -29.49860191345215 24.08338737487793 22.454998016357422 
v -29.022985458374023 23.729522705078125 22.396713256835938 
v -29.022985458374023 23.729522705078125 22.536598205566406 
v -28.544958114624023 23.373815536499023 22.454998016357422 
v -28.1510066986084 23.054969787597656 22.105287551879883 
v -28.08614158630371 23.032854080200195 22.22574234008789 
v -27.663366317749023 22.715850830078125 21.860488891601562 
v -27.295827865600586 22.439395904541016 21.367006301879883 
v -27.11566734313965 22.256935119628906 20.702552795410156 
v -26.99556541442871 22.216386795043945 20.76472282409668 
v -26.77216148376465 22.048669815063477 20.076955795288086 
v -26.632848739624023 21.94546127319336 19.330904006958008 
v -26.716909408569336 21.954675674438477 18.56153678894043 
v -26.58479881286621 21.908599853515625 18.56153678894043 
v -26.632848739624023 21.94546127319336 17.788284301757812 
v -26.77216148376465 22.048669815063477 17.042232513427734 
v -27.11566734313965 22.256935119628906 16.416635513305664 
v -26.99556541442871 22.216386795043945 16.35446548461914 
v -27.295827865600586 22.439395904541016 15.752182960510254 
v 12.226999282836914 34.15462875366211 -26.131553649902344 
v 13.919733047485352 32.40776443481445 23.920570373535156 
v 12.333627700805664 34.29848861694336 25.25704002380371 
v 24.84916114807129 21.179859161376953 23.920570373535156 
v 25.822153091430664 20.44000816345215 25.25704002380371 
v 25.688867568969727 20.316699981689453 -28.385208129882812 
v 24.982446670532227 21.30316734313965 -27.048738479614258 
v 13.100015640258789 33.250370025634766 -28.254180908203125 
v 14.466196060180664 31.846023559570312 -26.786685943603516 
v 12.873437881469727 33.47643280029297 -28.09695053100586 
v 13.973047256469727 32.4488639831543 23.920570373535156 
v 13.919733047485352 32.40776443481445 23.920570373535156 
v 13.973047256469727 32.4488639831543 -24.323387145996094 
v 13.919733047485352 32.40776443481445 -24.323387145996094 
v 25.688867568969727 20.316699981689453 -28.385208129882812 
v 25.7421817779541 20.357803344726562 -28.385208129882812 
v 25.822153091430664 20.44000816345215 25.25704002380371 
v 25.868799209594727 20.481111526489258 25.25704002380371 
v 12.300302505493164 34.07927322387695 -26.68186378479004 
v 12.346963882446289 34.12037658691406 -26.68186378479004 
v 12.406930923461914 33.96281814575195 -27.153560638427734 
v 12.453592300415039 34.00392150878906 -27.153560638427734 
v 12.226999282836914 34.15462875366211 -26.131553649902344 
v 12.273645401000977 34.19573211669922 -26.131553649902344 
v 12.300302505493164 34.07927322387695 -26.68186378479004 
v 12.346963882446289 34.12037658691406 -26.68186378479004 
v 25.822153091430664 20.44000816345215 25.25704002380371 
v 25.868799209594727 20.481111526489258 25.25704002380371 
v 12.333627700805664 34.29848861694336 25.25704002380371 
v 12.380273818969727 34.33959197998047 25.25704002380371 
v 12.873437881469727 33.47643280029297 -28.09695053100586 
v 12.926752090454102 33.52438735961914 -28.09695053100586 
v 13.100015640258789 33.250370025634766 -28.254180908203125 
v 13.153329849243164 33.291473388671875 -28.254180908203125 
v 12.333627700805664 34.29848861694336 25.25704002380371 
v 12.380273818969727 34.33959197998047 25.25704002380371 
v 12.226999282836914 34.15462875366211 -26.131553649902344 
v 12.273645401000977 34.19573211669922 -26.131553649902344 
v 14.126321792602539 32.45571517944336 -25.45021629333496 
v 14.179636001586914 32.49681854248047 -25.45021629333496 
v 13.919733047485352 32.40776443481445 -24.323387145996094 
v 13.973047256469727 32.4488639831543 -24.323387145996094 
v 12.926752090454102 33.52438735961914 -28.09695053100586 
v 12.873437881469727 33.47643280029297 -28.09695053100586 
v 12.760141372680664 33.68879699707031 -27.861103057861328 
v 12.713495254516602 33.64769744873047 -27.861103057861328 
v 12.553552627563477 33.81210708618164 -27.54663848876953 
v 12.600198745727539 33.85321044921875 -27.54663848876953 
v 12.713495254516602 33.64769744873047 -27.861103057861328 
v 12.760141372680664 33.68879699707031 -27.861103057861328 
v 24.982446670532227 21.30316734313965 -27.048738479614258 
v 25.02910804748535 21.344270706176758 -27.048738479614258 
v 14.466196060180664 31.846023559570312 -26.786685943603516 
v 14.512857437133789 31.887126922607422 -26.786685943603516 
v 25.02910804748535 21.344270706176758 -27.048738479614258 
v 24.982446670532227 21.30316734313965 -27.048738479614258 
v 24.895822525024414 21.22096061706543 23.920570373535156 
v 24.84916114807129 21.179859161376953 23.920570373535156 
v 24.895822525024414 21.22096061706543 23.920570373535156 
v 24.84916114807129 21.179859161376953 23.920570373535156 
v 13.973047256469727 32.4488639831543 23.920570373535156 
v 13.919733047485352 32.40776443481445 23.920570373535156 
v 13.919733047485352 32.40776443481445 23.920570373535156 
v 12.226999282836914 34.15462875366211 -26.131553649902344 
v 13.919733047485352 32.40776443481445 -24.323387145996094 
v 14.126321792602539 32.45571517944336 -25.45021629333496 
v 14.332910537719727 32.23649978637695 -26.236373901367188 
v 12.300302505493164 34.07927322387695 -26.68186378479004 
v 12.406930923461914 33.96281814575195 -27.153560638427734 
v 12.713495254516602 33.64769744873047 -27.861103057861328 
v 12.553552627563477 33.81210708618164 -27.54663848876953 
v 14.179636001586914 32.49681854248047 -25.45021629333496 
v 14.126321792602539 32.45571517944336 -25.45021629333496 
v 14.386224746704102 32.27760314941406 -26.2625789642334 
v 14.332910537719727 32.23649978637695 -26.236373901367188 
v 14.386224746704102 32.27760314941406 -26.2625789642334 
v 14.332910537719727 32.23649978637695 -26.236373901367188 
v 14.512857437133789 31.887126922607422 -26.786685943603516 
v 14.466196060180664 31.846023559570312 -26.786685943603516 
v 13.100015640258789 33.250370025634766 -28.254180908203125 
v 13.153329849243164 33.291473388671875 -28.254180908203125 
v 25.688867568969727 20.316699981689453 -28.385208129882812 
v 25.7421817779541 20.357803344726562 -28.385208129882812 
v 12.600198745727539 33.85321044921875 -27.54663848876953 
v 12.553552627563477 33.81210708618164 -27.54663848876953 
v 12.453592300415039 34.00392150878906 -27.153560638427734 
v 12.406930923461914 33.96281814575195 -27.153560638427734 
v 12.453592300415039 34.00392150878906 -27.153560638427734 
v 12.553552627563477 33.81210708618164 -27.54663848876953 
v 14.466196060180664 31.846023559570312 -26.786685943603516 
v 12.713495254516602 33.64769744873047 -27.861103057861328 
vn -0.733294665813446 -0.6799074411392212 0.002184694167226553 
vn -0.733294665813446 -0.6799074411392212 0.002184694167226553 
vn -0.733294665813446 -0.6799074411392212 0.002184694167226553 
vn -0.733294665813446 -0.6799074411392212 0.002184694167226553 
vn 0.029053686186671257 -0.026485934853553772 0.9992268681526184 
vn 0.029053686186671257 -0.026485934853553772 0.9992268681526184 
vn 0.029053686186671257 -0.026485934853553772 0.9992268681526184 
vn 0.029053686186671257 -0.026485934853553772 0.9992268681526184 
vn -0.733294665813446 -0.6799074411392212 0.002184694167226553 
vn -0.733294665813446 -0.6799074411392212 0.002184694167226553 
vn -0.733294665813446 -0.6799074411392212 0.002184694167226553 
vn -0.733294665813446 -0.6799074411392212 0.002184694167226553 
vn 0.31123897433280945 0.336626797914505 -0.888714075088501 
vn 0.31123897433280945 0.336626797914505 -0.888714075088501 
vn 0.31123897433280945 0.336626797914505 -0.888714075088501 
vn 0.31123897433280945 0.336626797914505 -0.888714075088501 
vn 0.5066381692886353 0.5159932374954224 -0.6907016038894653 
vn 0.5066381692886353 0.5159932374954224 -0.6907016038894653 
vn 0.5066381692886353 0.5159932374954224 -0.6907016038894653 
vn 0.5066381692886353 0.5159932374954224 -0.6907016038894653 
vn 0.733294665813446 0.6799074411392212 -0.002184694167226553 
vn 0.733294665813446 0.6799074411392212 -0.002184694167226553 
vn 0.733294665813446 0.6799074411392212 -0.002184694167226553 
vn 0.733294665813446 0.6799074411392212 -0.002184694167226553 
vn 0.5691182017326355 0.565111517906189 -0.5972883701324463 
vn 0.5691182017326355 0.565111517906189 -0.5972883701324463 
vn 0.5691182017326355 0.565111517906189 -0.5972883701324463 
vn 0.5691182017326355 0.565111517906189 -0.5972883701324463 
vn 0.7126576900482178 0.6779360771179199 -0.18033768236637115 
vn 0.7126576900482178 0.6779360771179199 -0.18033768236637115 
vn 0.7126576900482178 0.6779360771179199 -0.18033768236637115 
vn 0.7126576900482178 0.6779360771179199 -0.18033768236637115 
vn 0.6815420985221863 0.6561741828918457 -0.3239381015300751 
vn 0.6815420985221863 0.6561741828918457 -0.3239381015300751 
vn 0.6815420985221863 0.6561741828918457 -0.3239381015300751 
vn 0.6815420985221863 0.6561741828918457 -0.3239381015300751 
vn -0.027799472212791443 0.027799472212791443 -0.9992268681526184 
vn -0.027799472212791443 0.027799472212791443 -0.9992268681526184 
vn -0.027799472212791443 0.027799472212791443 -0.9992268681526184 
vn -0.027799472212791443 0.027799472212791443 -0.9992268681526184 
vn 0.733294665813446 0.6799074411392212 0.002184694167226553 
vn 0.733294665813446 0.6799074411392212 0.002184694167226553 
vn 0.733294665813446 0.6799074411392212 0.002184694167226553 
vn 0.733294665813446 0.6799074411392212 0.002184694167226553 
vn -0.7256510853767395 -0.6816387176513672 0.09380380809307098 
vn -0.7256510853767395 -0.6816387176513672 0.09380380809307098 
vn -0.7256510853767395 -0.6816387176513672 0.09380380809307098 
vn -0.7256510853767395 -0.6816387176513672 0.09380380809307098 
vn -0.021841906011104584 0.032688722014427185 -0.9992268681526184 
vn -0.021841906011104584 0.032688722014427185 -0.9992268681526184 
vn -0.021841906011104584 0.032688722014427185 -0.9992268681526184 
vn -0.021841906011104584 0.032688722014427185 -0.9992268681526184 
vn 0.017546063289046288 -0.04000099375844002 0.9990455508232117 
vn 0.017546063289046288 -0.04000099375844002 0.9990455508232117 
vn 0.017546063289046288 -0.04000099375844002 0.9990455508232117 
vn 0.017546063289046288 -0.04000099375844002 0.9990455508232117 
vn -0.5750790238380432 -0.5737462639808655 0.5831804275512695 
vn -0.5750790238380432 -0.5737462639808655 0.5831804275512695 
vn -0.5750790238380432 -0.5737462639808655 0.5831804275512695 
vn -0.5750790238380432 -0.5737462639808655 0.5831804275512695 
vn -0.7177039980888367 0.6963448524475098 0.002184694167226553 
vn -0.7092627286911011 0.7012543678283691 0.07203252613544464 
vn -0.7433379292488098 0.6686270833015442 0.01966099627315998 
vn -0.7352912425994873 0.673912525177002 0.07203252613544464 
vn -0.7582940459251404 0.651616096496582 0.01966099627315998 
vn -0.7433379292488098 0.6686270833015442 -0.01966099627315998 
vn -0.7735331058502197 0.6310080289840698 -0.058952588587999344 
vn -0.7553573846817017 0.6513420939445496 -0.07203252613544464 
vn -0.7030168771743774 0.7096928358078003 0.04586252197623253 
vn -0.6995859742164612 0.7089271545410156 0.08945280313491821 
vn -0.7147696018218994 0.6960780620574951 0.06767380982637405 
vn -0.7653660774230957 0.6400274038314819 0.06767380982637405 
vn -0.718932569026947 0.6935651302337646 0.04586252197623253 
vn -0.6849547624588013 0.727638840675354 0.03713129088282585 
vn -0.7223212122917175 0.6903115510940552 0.04149730131030083 
vn -0.7025333642959595 0.7092047929763794 0.058952588587999344 
vn -0.7177039980888367 0.6963448524475098 0.002184694167226553 
vn -0.6783190369606018 -0.6489866375923157 0.34452807903289795 
vn -0.6783190369606018 -0.6489866375923157 0.34452807903289795 
vn -0.6783190369606018 -0.6489866375923157 0.34452807903289795 
vn -0.6783190369606018 -0.6489866375923157 0.34452807903289795 
vn 0.6298762559890747 0.6138617396354675 -0.4758462607860565 
vn 0.6298762559890747 0.6138617396354675 -0.4758462607860565 
vn 0.6298762559890747 0.6138617396354675 -0.4758462607860565 
vn 0.6298762559890747 0.6138617396354675 -0.4758462607860565 
vn 0.6298762559890747 0.6138617396354675 -0.4758462607860565 
vn 0.6298762559890747 0.6138617396354675 -0.4758462607860565 
vn -0.07681753486394882 -1.010434627532959 0.0022231547627598047 
vn -0.07681753486394882 -1.010434627532959 0.0022231547627598047 
vn -0.07681753486394882 -1.010434627532959 0.0022231547627598047 
vn -0.07681753486394882 -1.010434627532959 0.0022231547627598047 
vn 3.15416882066058e-13 -1.0133228302001953 0.0022231547627598047 
vn 3.15416882066058e-13 -1.0133228302001953 0.0022231547627598047 
vn 3.15416882066058e-13 -1.0133228302001953 0.0022231547627598047 
vn 3.15416882066058e-13 -1.0133228302001953 0.0022231547627598047 
vn 1.018161654472351 0 0.0022231547627598047 
vn 1.018161654472351 0 0.0022231547627598047 
vn 1.018161654472351 0 0.0022231547627598047 
vn 1.018161654472351 0 0.0022231547627598047 
vn 0.25856491923332214 -0.9801027178764343 0.0022231547627598047 
vn 0.25856491923332214 -0.9801027178764343 0.0022231547627598047 
vn 0.25856491923332214 -0.9801027178764343 0.0022231547627598047 
vn 0.25856491923332214 -0.9801027178764343 0.0022231547627598047 
vn -0.04611857607960701 -1.0122827291488647 0.0022231547627598047 
vn -0.04611857607960701 -1.0122827291488647 0.0022231547627598047 
vn -0.04611857607960701 -1.0122827291488647 0.0022231547627598047 
vn -0.04611857607960701 -1.0122827291488647 0.0022231547627598047 
vn -0.43879249691963196 0.914390504360199 0.0022231547627598047 
vn -0.43879249691963196 0.914390504360199 0.0022231547627598047 
vn -0.43879249691963196 0.914390504360199 0.0022231547627598047 
vn -0.43879249691963196 0.914390504360199 0.0022231547627598047 
vn -0.25856491923332214 -0.9801027178764343 0.0022231547627598047 
vn -0.25856491923332214 -0.9801027178764343 0.0022231547627598047 
vn -0.25856491923332214 -0.9801027178764343 0.0022231547627598047 
vn -0.25856491923332214 -0.9801027178764343 0.0022231547627598047 
vn 0.9252792596817017 -0.42284706234931946 0.0022231547627598047 
vn 0.9252792596817017 -0.42284706234931946 0.0022231547627598047 
vn 0.9252792596817017 -0.42284706234931946 0.0022231547627598047 
vn 0.9252792596817017 -0.42284706234931946 0.0022231547627598047 
vn -0.3682241141796112 -0.944732666015625 0.0022231547627598047 
vn -0.3682241141796112 -0.944732666015625 0.0022231547627598047 
vn -0.3682241141796112 -0.944732666015625 0.0022231547627598047 
vn -0.3682241141796112 -0.944732666015625 0.0022231547627598047 
vn -0.6218489408493042 0.802367627620697 0.0022231547627598047 
vn -0.6218489408493042 0.802367627620697 0.0022231547627598047 
vn -0.6218489408493042 0.802367627620697 0.0022231547627598047 
vn -0.6218489408493042 0.802367627620697 0.0022231547627598047 
vn -0.4663415253162384 -0.9007834792137146 0.0022231547627598047 
vn -0.4663415253162384 -0.9007834792137146 0.0022231547627598047 
vn -0.4663415253162384 -0.9007834792137146 0.0022231547627598047 
vn -0.4663415253162384 -0.9007834792137146 0.0022231547627598047 
vn 1.0181325674057007 -0.007652445696294308 0.0022231547627598047 
vn 1.0181325674057007 -0.007652445696294308 0.0022231547627598047 
vn 1.0181325674057007 -0.007652445696294308 0.0022231547627598047 
vn 1.0181325674057007 -0.007652445696294308 0.0022231547627598047 
vn -0.5720373392105103 -0.8382716178894043 0.0022231547627598047 
vn -0.5720373392105103 -0.8382716178894043 0.0022231547627598047 
vn -0.5720373392105103 -0.8382716178894043 0.0022231547627598047 
vn -0.5720373392105103 -0.8382716178894043 0.0022231547627598047 
vn -0.6399527788162231 -0.7881414294242859 0.0022231547627598047 
vn -0.6399527788162231 -0.7881414294242859 0.0022231547627598047 
vn -0.6399527788162231 -0.7881414294242859 0.0022231547627598047 
vn -0.6399527788162231 -0.7881414294242859 0.0022231547627598047 
vn 0.6339542269706726 -0.7929288148880005 0.0022231547627598047 
vn 0.6339542269706726 -0.7929288148880005 0.0022231547627598047 
vn 0.6339542269706726 -0.7929288148880005 0.0022231547627598047 
vn 0.6339542269706726 -0.7929288148880005 0.0022231547627598047 
vn -1.0528967156692506e-13 1.0133228302001953 0.0022231547627598047 
vn -1.0528967156692506e-13 1.0133228302001953 0.0022231547627598047 
vn -1.0528967156692506e-13 1.0133228302001953 0.0022231547627598047 
vn -1.0528967156692506e-13 1.0133228302001953 0.0022231547627598047 
vn -1.018161654472351 -2.0957857031853738e-13 0.0022231547627598047 
vn -1.018161654472351 -2.0957857031853738e-13 0.0022231547627598047 
vn -1.018161654472351 -2.0957857031853738e-13 0.0022231547627598047 
vn -1.018161654472351 -2.0957857031853738e-13 0.0022231547627598047 
vn 3.15416882066058e-13 -1.0133228302001953 0.0022231547627598047 
vn 3.15416882066058e-13 -1.0133228302001953 0.0022231547627598047 
vn 3.15416882066058e-13 -1.0133228302001953 0.0022231547627598047 
vn 3.15416882066058e-13 -1.0133228302001953 0.0022231547627598047 
vn -0.26599445939064026 -0.9781313538551331 0.0022231547627598047 
vn -0.26599445939064026 -0.9781313538551331 0.0022231547627598047 
vn -0.26599445939064026 -0.9781313538551331 0.0022231547627598047 
vn -0.26599445939064026 -0.9781313538551331 0.0022231547627598047 
vn 0.0921424850821495 -1.0091646909713745 0.0022231547627598047 
vn 0.0921424850821495 -1.0091646909713745 0.0022231547627598047 
vn 0.0921424850821495 -1.0091646909713745 0.0022231547627598047 
vn 0.0921424850821495 -1.0091646909713745 0.0022231547627598047 
vn -1.0116360187530518 -0.11454243212938309 0.0022231547627598047 
vn -1.0116360187530518 -0.11454243212938309 0.0022231547627598047 
vn -1.0116360187530518 -0.11454243212938309 0.0022231547627598047 
vn -1.0116360187530518 -0.11454243212938309 0.0022231547627598047 
vn -1.0176970958709717 -0.030605416744947433 0.0022231547627598047 
vn -1.0176970958709717 -0.030605416744947433 0.0022231547627598047 
vn -1.0176970958709717 -0.030605416744947433 0.0022231547627598047 
vn -1.0176970958709717 -0.030605416744947433 0.0022231547627598047 
vn 0.030751563608646393 -1.0128605365753174 0.0022231547627598047 
vn 0.030751563608646393 -1.0128605365753174 0.0022231547627598047 
vn 0.030751563608646393 -1.0128605365753174 0.0022231547627598047 
vn 0.030751563608646393 -1.0128605365753174 0.0022231547627598047 
vn -0.11508939415216446 1.0068281888961792 0.0022231547627598047 
vn -0.11508939415216446 1.0068281888961792 0.0022231547627598047 
vn -0.11508939415216446 1.0068281888961792 0.0022231547627598047 
vn -0.11508939415216446 1.0068281888961792 0.0022231547627598047 
vn 0.02306520752608776 1.0130627155303955 0.0022231547627598047 
vn 0.02306520752608776 1.0130627155303955 0.0022231547627598047 
vn 0.02306520752608776 1.0130627155303955 0.0022231547627598047 
vn 0.02306520752608776 1.0130627155303955 0.0022231547627598047 
vn 0.5909712314605713 0.8251593112945557 0.0022231547627598047 
vn 0.5909712314605713 0.8251593112945557 0.0022231547627598047 
vn 0.5909712314605713 0.8251593112945557 0.0022231547627598047 
vn 0.5909712314605713 0.8251593112945557 0.0022231547627598047 
vn 0.13035523891448975 1.0049834251403809 0.0022231547627598047 
vn 0.13035523891448975 1.0049834251403809 0.0022231547627598047 
vn 0.13035523891448975 1.0049834251403809 0.0022231547627598047 
vn 0.13035523891448975 1.0049834251403809 0.0022231547627598047 
vn -0.6279194951057434 0.7976709604263306 0.0022231547627598047 
vn -0.6279194951057434 0.7976709604263306 0.0022231547627598047 
vn -0.6279194951057434 0.7976709604263306 0.0022231547627598047 
vn -0.6279194951057434 0.7976709604263306 0.0022231547627598047 
vn 0.8379305601119995 0.5756329298019409 0.0022231547627598047 
vn 0.8379305601119995 0.5756329298019409 0.0022231547627598047 
vn 0.8379305601119995 0.5756329298019409 0.0022231547627598047 
vn 0.8379305601119995 0.5756329298019409 0.0022231547627598047 
vn -0.9284614324569702 0.4158806800842285 0.0022231547627598047 
vn -0.9284614324569702 0.4158806800842285 0.0022231547627598047 
vn -0.9284614324569702 0.4158806800842285 0.0022231547627598047 
vn -0.9284614324569702 0.4158806800842285 0.0022231547627598047 
vn 1.018045425415039 0.015304453670978546 0.0022231547627598047 
vn 1.018045425415039 0.015304453670978546 0.0022231547627598047 
vn 1.018045425415039 0.015304453670978546 0.0022231547627598047 
vn 1.018045425415039 0.015304453670978546 0.0022231547627598047 
vn 0.9435743093490601 0.38070085644721985 0.0022231547627598047 
vn 0.9435743093490601 0.38070085644721985 0.0022231547627598047 
vn 0.9435743093490601 0.38070085644721985 0.0022231547627598047 
vn 0.9435743093490601 0.38070085644721985 0.0022231547627598047 
vn -1.018161654472351 -2.0957857031853738e-13 0.0022231547627598047 
vn -1.018161654472351 -2.0957857031853738e-13 0.0022231547627598047 
vn -1.018161654472351 -2.0957857031853738e-13 0.0022231547627598047 
vn -1.018161654472351 -2.0957857031853738e-13 0.0022231547627598047 
vn -1.0139836072921753 0.09170457720756531 0.0022231547627598047 
vn -1.0139836072921753 0.09170457720756531 0.0022231547627598047 
vn -1.0139836072921753 0.09170457720756531 0.0022231547627598047 
vn -1.0139836072921753 0.09170457720756531 0.0022231547627598047 
vn -0.21369288861751556 0.9907529950141907 0.0022231547627598047 
vn -0.21369288861751556 0.9907529950141907 0.0022231547627598047 
vn -0.21369288861751556 0.9907529950141907 0.0022231547627598047 
vn -0.21369288861751556 0.9907529950141907 0.0022231547627598047 
vn 0.32484927773475647 0.9603627920150757 0.0022231547627598047 
vn 0.32484927773475647 0.9603627920150757 0.0022231547627598047 
vn 0.32484927773475647 0.9603627920150757 0.0022231547627598047 
vn 0.32484927773475647 0.9603627920150757 0.0022231547627598047 
vn -1.0053846836090088 -0.16003009676933289 0.0022231547627598047 
vn -1.0053846836090088 -0.16003009676933289 0.0022231547627598047 
vn -1.0053846836090088 -0.16003009676933289 0.0022231547627598047 
vn -1.0053846836090088 -0.16003009676933289 0.0022231547627598047 
vn -0.8632688522338867 -0.5372676849365234 0.0022231547627598047 
vn -0.8632688522338867 -0.5372676849365234 0.0022231547627598047 
vn -0.8632688522338867 -0.5372676849365234 0.0022231547627598047 
vn -0.8632688522338867 -0.5372676849365234 0.0022231547627598047 
vn -0.007688987534493208 1.013293981552124 0.0022231547627598047 
vn -0.007688987534493208 1.013293981552124 0.0022231547627598047 
vn -0.007688987534493208 1.013293981552124 0.0022231547627598047 
vn -0.007688987534493208 1.013293981552124 0.0022231547627598047 
vn 1.0076984167099 0.14489944279193878 0.0022231547627598047 
vn 1.0076984167099 0.14489944279193878 0.0022231547627598047 
vn 1.0076984167099 0.14489944279193878 0.0022231547627598047 
vn 1.0076984167099 0.14489944279193878 0.0022231547627598047 
vn -0.2734088599681854 -0.9761043190956116 0.0022231547627598047 
vn -0.2734088599681854 -0.9761043190956116 0.0022231547627598047 
vn -0.2734088599681854 -0.9761043190956116 0.0022231547627598047 
vn -0.2734088599681854 -0.9761043190956116 0.0022231547627598047 
vn -0.06147506833076477 -1.0114740133285522 0.0022231547627598047 
vn -0.06147506833076477 -1.0114740133285522 0.0022231547627598047 
vn -0.06147506833076477 -1.0114740133285522 0.0022231547627598047 
vn -0.06147506833076477 -1.0114740133285522 0.0022231547627598047 
vn 0.8632688522338867 0.5372676849365234 0.0022231547627598047 
vn 0.8632688522338867 0.5372676849365234 0.0022231547627598047 
vn 0.8632688522338867 0.5372676849365234 0.0022231547627598047 
vn 0.8632688522338867 0.5372676849365234 0.0022231547627598047 
vn 3.15416882066058e-13 -1.0133228302001953 0.0022231547627598047 
vn 3.15416882066058e-13 -1.0133228302001953 0.0022231547627598047 
vn 3.15416882066058e-13 -1.0133228302001953 0.0022231547627598047 
vn 3.15416882066058e-13 -1.0133228302001953 0.0022231547627598047 
vn -0.1683821827173233 -0.9993695020675659 0.0022231547627598047 
vn -0.1683821827173233 -0.9993695020675659 0.0022231547627598047 
vn -0.1683821827173233 -0.9993695020675659 0.0022231547627598047 
vn -0.1683821827173233 -0.9993695020675659 0.0022231547627598047 
vn 1.018161654472351 0 0.0022231547627598047 
vn 1.018161654472351 0 0.0022231547627598047 
vn 1.018045425415039 0.015304453670978546 0.0022231547627598047 
vn 1.018045425415039 0.015304453670978546 0.0022231547627598047 
vn 1.018045425415039 0.015304453670978546 0.0022231547627598047 
vn 1.018045425415039 0.015304453670978546 0.0022231547627598047 
vn -1.0181325674057007 0.007652445696294308 0.0022231547627598047 
vn -1.0181325674057007 0.007652445696294308 0.0022231547627598047 
vn -1.0181325674057007 0.007652445696294308 0.0022231547627598047 
vn -1.0181325674057007 0.007652445696294308 0.0022231547627598047 
vn -1.0097824335098267 0.12973572313785553 0.0022231547627598047 
vn -1.0097824335098267 0.12973572313785553 0.0022231547627598047 
vn -1.0097824335098267 0.12973572313785553 0.0022231547627598047 
vn -1.0097824335098267 0.12973572313785553 0.0022231547627598047 
vn 0.9464361667633057 -0.3735981583595276 0.0022231547627598047 
vn 0.9464361667633057 -0.3735981583595276 0.0022231547627598047 
vn 0.9464361667633057 -0.3735981583595276 0.0022231547627598047 
vn 0.9464361667633057 -0.3735981583595276 0.0022231547627598047 
vn 0.26599445939064026 0.9781313538551331 0.0022231547627598047 
vn 0.26599445939064026 0.9781313538551331 0.0022231547627598047 
vn 0.26599445939064026 0.9781313538551331 0.0022231547627598047 
vn 0.26599445939064026 0.9781313538551331 0.0022231547627598047 
vn -0.9921430349349976 0.22761662304401398 0.0022231547627598047 
vn -0.9921430349349976 0.22761662304401398 0.0022231547627598047 
vn -0.9921430349349976 0.22761662304401398 0.0022231547627598047 
vn -0.9921430349349976 0.22761662304401398 0.0022231547627598047 
vn 3.15416882066058e-13 -1.0133228302001953 0.0022231547627598047 
vn 3.15416882066058e-13 -1.0133228302001953 0.0022231547627598047 
vn 3.15416882066058e-13 -1.0133228302001953 0.0022231547627598047 
vn 3.15416882066058e-13 -1.0133228302001953 0.0022231547627598047 
vn -0.9435743093490601 0.38070085644721985 0.0022231547627598047 
vn -0.9435743093490601 0.38070085644721985 0.0022231547627598047 
vn -0.9435743093490601 0.38070085644721985 0.0022231547627598047 
vn -0.9435743093490601 0.38070085644721985 0.0022231547627598047 
vn 0.5001766085624695 0.8826203942298889 0.0022231547627598047 
vn 0.5001766085624695 0.8826203942298889 0.0022231547627598047 
vn 0.5001766085624695 0.8826203942298889 0.0022231547627598047 
vn 0.5001766085624695 0.8826203942298889 0.0022231547627598047 
vn -0.8379305601119995 0.5756329298019409 0.0022231547627598047 
vn -0.8379305601119995 0.5756329298019409 0.0022231547627598047 
vn -0.8379305601119995 0.5756329298019409 0.0022231547627598047 
vn -0.8379305601119995 0.5756329298019409 0.0022231547627598047 
vn 0.6809020638465881 -0.753386914730072 0.0022231547627598047 
vn 0.6809020638465881 -0.753386914730072 0.0022231547627598047 
vn 0.6809020638465881 -0.753386914730072 0.0022231547627598047 
vn 0.6809020638465881 -0.753386914730072 0.0022231547627598047 
vn -0.5909712314605713 0.8251593112945557 0.0022231547627598047 
vn -0.5909712314605713 0.8251593112945557 0.0022231547627598047 
vn -0.5909712314605713 0.8251593112945557 0.0022231547627598047 
vn -0.5909712314605713 0.8251593112945557 0.0022231547627598047 
vn -0.030751563608646393 1.0128605365753174 0.0022231547627598047 
vn -0.030751563608646393 1.0128605365753174 0.0022231547627598047 
vn -0.030751563608646393 1.0128605365753174 0.0022231547627598047 
vn -0.030751563608646393 1.0128605365753174 0.0022231547627598047 
vn -0.32484927773475647 0.9603627920150757 0.0022231547627598047 
vn -0.32484927773475647 0.9603627920150757 0.0022231547627598047 
vn -0.32484927773475647 0.9603627920150757 0.0022231547627598047 
vn -0.32484927773475647 0.9603627920150757 0.0022231547627598047 
vn 0.5001766085624695 -0.8826203942298889 0.0022231547627598047 
vn 0.5001766085624695 -0.8826203942298889 0.0022231547627598047 
vn 0.5001766085624695 -0.8826203942298889 0.0022231547627598047 
vn 0.5001766085624695 -0.8826203942298889 0.0022231547627598047 
vn -0.11508939415216446 1.0068281888961792 0.0022231547627598047 
vn -0.11508939415216446 1.0068281888961792 0.0022231547627598047 
vn -0.11508939415216446 1.0068281888961792 0.0022231547627598047 
vn -0.11508939415216446 1.0068281888961792 0.0022231547627598047 
vn 0.007688987534493208 1.013293981552124 0.0022231547627598047 
vn 0.007688987534493208 1.013293981552124 0.0022231547627598047 
vn 0.007688987534493208 1.013293981552124 0.0022231547627598047 
vn 0.007688987534493208 1.013293981552124 0.0022231547627598047 
vn 1.0132588148117065 -0.09932299703359604 0.0022231547627598047 
vn 1.0132588148117065 -0.09932299703359604 0.0022231547627598047 
vn 1.0132588148117065 -0.09932299703359604 0.0022231547627598047 
vn 1.0132588148117065 -0.09932299703359604 0.0022231547627598047 
vn -2.1057985812988206e-13 0 -1.0176045894622803 
vn -2.1057985812988206e-13 0 -1.0176045894622803 
vn -2.1057985812988206e-13 0 -1.0176045894622803 
vn -2.1057985812988206e-13 0 -1.0176045894622803 
vn -2.1057985812988206e-13 0 -1.0176045894622803 
vn -2.1057985812988206e-13 0 -1.0176045894622803 
vn -0.00222437153570354 -0.0038344147615134716 -1.017594814300537 
vn -0.00222437153570354 -0.0038344147615134716 -1.017594814300537 
vn -2.1057985812988206e-13 0 -1.0176045894622803 
vn -2.1057985812988206e-13 0 -1.0176045894622803 
vn -2.1057985812988206e-13 0 -1.0176045894622803 
vn -2.1057985812988206e-13 0 -1.0176045894622803 
vn -2.1057985812988206e-13 0 -1.0176045894622803 
vn -2.1057985812988206e-13 0 -1.0176045894622803 
vn -2.1057985812988206e-13 0 -1.0176045894622803 
vn -2.1057985812988206e-13 0 -1.0176045894622803 
vn -2.1057985812988206e-13 0 -1.0176045894622803 
vn -2.1057985812988206e-13 0 -1.0176045894622803 
vn -2.1057985812988206e-13 0 -1.0176045894622803 
vn -2.1057985812988206e-13 0 -1.0176045894622803 
vn 2.1057985812988206e-13 4.334579592267555e-26 -1.0176045894622803 
vn -0.00222437153570354 -0.0038344147615134716 -1.017594814300537 
vn -0.00222437153570354 -0.0038344147615134716 -1.017594814300537 
vn -2.1057985812988206e-13 0 -1.0176045894622803 
vn -2.1057985812988206e-13 0 -1.0176045894622803 
vn -2.1057985812988206e-13 0 -1.0176045894622803 
vn -2.1057985812988206e-13 0 -1.0176045894622803 
vn -2.1057985812988206e-13 0 -1.0176045894622803 
vn -2.1057985812988206e-13 0 -1.0176045894622803 
vn -2.1057985812988206e-13 0 -1.0176045894622803 
vn -2.1057985812988206e-13 0 -1.0176045894622803 
vn -2.1057985812988206e-13 0 -1.0176045894622803 
vn -2.1057985812988206e-13 0 -1.0176045894622803 
vn -2.1057985812988206e-13 0 -1.0176045894622803 
vn -2.1057985812988206e-13 0 -1.0176045894622803 
vn -2.1057985812988206e-13 0 -1.0176045894622803 
vn -2.1057985812988206e-13 0 -1.0176045894622803 
vn -2.1057985812988206e-13 0 -1.0176045894622803 
vn -2.1057985812988206e-13 0 -1.0176045894622803 
vn -2.1057985812988206e-13 0 -1.0176045894622803 
vn -2.1057985812988206e-13 0 -1.0176045894622803 
vn -2.1057985812988206e-13 0 -1.0176045894622803 
vn -2.1057985812988206e-13 0 -1.0176045894622803 
vn -2.1057985812988206e-13 0 -1.0176045894622803 
vn -2.1057985812988206e-13 0 -1.0176045894622803 
vn -2.1057985812988206e-13 0 -1.0176045894622803 
vn -2.1057985812988206e-13 0 -1.0176045894622803 
vn -2.1057985812988206e-13 0 -1.0176045894622803 
vn -2.1057985812988206e-13 0 -1.0176045894622803 
vn -2.1057985812988206e-13 0 -1.0176045894622803 
vn -2.1057985812988206e-13 0 -1.0176045894622803 
vn -2.1057985812988206e-13 0 -1.0176045894622803 
vn -2.1057985812988206e-13 0 -1.0176045894622803 
vn -2.1057985812988206e-13 0 -1.0176045894622803 
vn -2.1057985812988206e-13 0 -1.0176045894622803 
vn -2.1057985812988206e-13 0 -1.0176045894622803 
vn -2.1057985812988206e-13 0 -1.0176045894622803 
vn -2.1057985812988206e-13 0 -1.0176045894622803 
vn -2.1057985812988206e-13 0 -1.0176045894622803 
vn -2.1057985812988206e-13 0 -1.0176045894622803 
vn -2.1057985812988206e-13 0 -1.0176045894622803 
vn -2.1057985812988206e-13 0 -1.0176045894622803 
vn -2.1057985812988206e-13 0 -1.0176045894622803 
vn -2.1057985812988206e-13 0 -1.0176045894622803 
vn 0 0 1.0176045894622803 
vn 0 0 1.0176045894622803 
vn 0 0 1.0176045894622803 
vn 0 0 1.0176045894622803 
vn 0 0 1.0176045894622803 
vn 0 0 1.0176045894622803 
vn 0 0 1.0176045894622803 
vn 0 0 1.0176045894622803 
vn 0 0 1.0176045894622803 
vn 0 0 1.0176045894622803 
vn 0.0013747373595833778 0.004210898652672768 1.017594814300537 
vn 0.0013747373595833778 0.004210898652672768 1.017594814300537 
vn 0 0 1.0176045894622803 
vn 0 0 1.0176045894622803 
vn 0 0 1.0176045894622803 
vn 0 0 1.0176045894622803 
vn 0 0 1.0176045894622803 
vn 0 0 1.0176045894622803 
vn 0 0 1.0176045894622803 
vn 0 0 1.0176045894622803 
vn 0 0 1.0176045894622803 
vn 0 0 1.0176045894622803 
vn 0 0 1.0176045894622803 
vn 0 0 1.0176045894622803 
vn 0 0 1.0176045894622803 
vn 0 0 1.0176045894622803 
vn 0 0 1.0176045894622803 
vn 0 0 1.0176045894622803 
vn 0 0 1.0176045894622803 
vn 0 0 1.0176045894622803 
vn 0 0 1.0176045894622803 
vn 0 0 1.0176045894622803 
vn 0 0 1.0176045894622803 
vn 0 0 1.0176045894622803 
vn 0 0 1.0176045894622803 
vn 0 0 1.0176045894622803 
vn 0 0 1.0176045894622803 
vn 0 0 1.0176045894622803 
vn 0 0 1.0176045894622803 
vn 0 0 1.0176045894622803 
vn 0 0 1.0176045894622803 
vn 0 0 1.0176045894622803 
vn 0 0 1.0176045894622803 
vn 0 0 1.0176045894622803 
vn 0 0 1.0176045894622803 
vn 0 0 1.0176045894622803 
vn 0 0 1.0176045894622803 
vn 0 0 1.0176045894622803 
vn 0 0 1.0176045894622803 
vn 0 0 1.0176045894622803 
vn 0 0 1.0176045894622803 
vn 0 0 1.0176045894622803 
vn 0 0 1.0176045894622803 
vn 0 0 1.0176045894622803 
vn 0 0 1.0176045894622803 
vn 0 0 1.0176045894622803 
vn 0 0 1.0176045894622803 
vn 0 0 1.0176045894622803 
vn 0 0 1.0176045894622803 
vn 0.0013747373595833778 0.004210898652672768 1.017594814300537 
vn 0.0013747373595833778 0.004210898652672768 1.017594814300537 
vn 0 0 1.0176045894622803 
vn 0 0 1.0176045894622803 
vn 0 0 1.0176045894622803 
vn 0.682970404624939 -0.4625932574272156 -0.5652954578399658 
vn 0.6356881856918335 -0.4338403046131134 -0.6385006904602051 
vn 0.5426817536354065 -0.3699941635131836 -0.7540562748908997 
vn 0.5047913193702698 -0.34154897928237915 -0.7927988767623901 
vn 0.4511646032333374 -0.3062910735607147 -0.838234007358551 
vn 0.4383839964866638 -0.29888513684272766 -0.8476362228393555 
vn 0.3983224332332611 -0.2706996500492096 -0.8763908743858337 
vn 0.37055641412734985 -0.2495885193347931 -0.8946471214294434 
vn 0.27317315340042114 -0.1853736937046051 -0.9439348578453064 
vn 0.20076510310173035 -0.1355700045824051 -0.9702134728431702 
vn 0.08819716423749924 -0.06407898664474487 -0.9940398335456848 
vn 0.04455427825450897 -0.035184163600206375 -0.9983872175216675 
vn 2.0682311115474694e-13 4.2775797696334704e-26 -1 
vn 2.0682311115474694e-13 4.2775797696334704e-26 -1 
vn -0.032688722014427185 0.021841906011104584 -0.9992268681526184 
vn -0.06356284022331238 0.04618110880255699 -0.9969087839126587 
vn -0.17098811268806458 0.11111631244421005 -0.9789873361587524 
vn -0.24202823638916016 0.1571749746799469 -0.9574540853500366 
vn -0.3518514931201935 0.2350996434688568 -0.9060511589050293 
vn -0.39379048347473145 0.2636904716491699 -0.8805659413337708 
vn -0.44265317916870117 0.29918134212493896 -0.8453097939491272 
vn -0.45327791571617126 0.3031548857688904 -0.838234007358551 
vn -0.5068979859352112 0.3384145200252533 -0.7927988767623901 
vn -0.5426817536354065 0.3699941635131836 -0.7540562748908997 
vn -0.6399166584014893 0.4275786578655243 -0.6385006904602051 
vn -0.682970404624939 0.4625932574272156 -0.5652954578399658 
vn 0.6833710074424744 -0.462001234292984 0.5652954578399658 
vn 0.6329723596572876 -0.4328569173812866 0.641857385635376 
vn 0.5430861711502075 -0.3694002628326416 0.7540562748908997 
vn 0.505190908908844 -0.3409576416015625 0.7927988767623901 
vn 0.4519660472869873 -0.3051072657108307 0.838234007358551 
vn 0.4391898512840271 -0.2976997196674347 0.8476362228393555 
vn 0.3991245627403259 -0.2695155739784241 0.8763908743858337 
vn 0.3713477849960327 -0.24840952455997467 0.8946471214294434 
vn 0.2739714980125427 -0.1841917484998703 0.9439348578453064 
vn 0.20155495405197144 -0.1343929022550583 0.9702134728431702 
vn 0.08906416594982147 -0.06286835670471191 0.9940398335456848 
vn 0.04549749568104744 -0.033955663442611694 0.9983872175216675 
vn 0 0 1 
vn 0 0 1 
vn -0.033425770699977875 0.020696360617876053 0.9992268681526184 
vn -0.0644177719950676 0.04498088359832764 0.9969087839126587 
vn -0.17173314094543457 0.10996133834123611 0.9789873361587524 
vn -0.24034130573272705 0.15974260866641998 0.9574540853500366 
vn -0.3543164134025574 0.2313680797815323 0.9060511589050293 
vn -0.396263986825943 0.25995856523513794 0.8805659413337708 
vn -0.4434489905834198 0.2980004847049713 0.8453097939491272 
vn -0.454061895608902 0.3019793629646301 0.838234007358551 
vn -0.505190908908844 0.3409576416015625 0.7927988767623901 
vn -0.5451987981796265 0.3662750720977783 0.7540562748908997 
vn -0.6382089257240295 0.4301234781742096 0.6385006904602051 
vn -0.685476541519165 0.45887142419815063 0.5652954578399658 
vn -0.6382089257240295 0.4301234781742096 0.6385006904602051 
vn -0.685476541519165 0.45887142419815063 0.5652954578399658 
vn -0.7510933876037598 0.5083892345428467 0.42118772864341736 
vn -0.7726775407791138 0.5222389101982117 0.36088213324546814 
vn -0.8052436113357544 0.5440034866333008 0.23588760197162628 
vn -0.8185919523239136 0.548100471496582 0.17173540592193604 
vn -0.8285223245620728 0.5553035736083984 0.07203252613544464 
vn -0.8266798257827759 0.5614460706710815 0.03713129088282585 
vn -0.8272483348846436 0.5618321895599365 0.002184694167226553 
vn -0.8272483348846436 0.5618321895599365 0.002184694167226553 
vn -0.8272483348846436 0.5618321895599365 0.002184694167226553 
vn -0.8272483348846436 0.5618321895599365 0.002184694167226553 
vn -0.8272483348846436 0.5618321895599365 -0.002184694167226553 
vn -0.8272483348846436 0.5618321895599365 -0.002184694167226553 
vn -0.8272483348846436 0.5618321895599365 -0.002184694167226553 
vn -0.8272483348846436 0.5618321895599365 -0.002184694167226553 
vn -0.8272483348846436 0.5618321895599365 -0.002184694167226553 
vn -0.8272483348846436 0.5618321895599365 -0.002184694167226553 
vn -0.8266798257827759 0.5614460706710815 -0.03713129088282585 
vn -0.8285223245620728 0.5553035736083984 -0.07203252613544464 
vn -0.8185919523239136 0.548100471496582 -0.17173540592193604 
vn -0.8052436113357544 0.5440034866333008 -0.23588760197162628 
vn -0.7743876576423645 0.51969975233078 -0.36088213324546814 
vn -0.7510933876037598 0.5083892345428467 -0.42118772864341736 
vn -0.682970404624939 0.4625932574272156 -0.5652954578399658 
vn -0.6399166584014893 0.4275786578655243 -0.6385006904602051 
vn 0.6356881856918335 -0.4338403046131134 -0.6385006904602051 
vn 0.682970404624939 -0.4625932574272156 -0.5652954578399658 
vn 0.7489714622497559 -0.5115101337432861 -0.42118772864341736 
vn 0.7701543569564819 -0.5259527564048767 -0.36088213324546814 
vn 0.8031250238418579 -0.5471263527870178 -0.23588760197162628 
vn 0.8143681883811951 -0.5543567538261414 -0.17173540592193604 
vn 0.824294924736023 -0.5615596175193787 -0.07203252613544464 
vn 0.8266798257827759 -0.5614460706710815 -0.03713129088282585 
vn 0.8272483348846436 -0.5618321895599365 -0.002184694167226553 
vn 0.8272483348846436 -0.5618321895599365 -0.002184694167226553 
vn 0.8272483348846436 -0.5618321895599365 -0.002184694167226553 
vn 0.8272483348846436 -0.5618321895599365 -0.002184694167226553 
vn 0.8272483348846436 -0.5618321895599365 -0.002184694167226553 
vn 0.8272483348846436 -0.5618321895599365 0.002184694167226553 
vn 0.8272483348846436 -0.5618321895599365 0.002184694167226553 
vn 0.8272483348846436 -0.5618321895599365 0.002184694167226553 
vn 0.8272483348846436 -0.5618321895599365 0.002184694167226553 
vn 0.8272483348846436 -0.5618321895599365 0.002184694167226553 
vn 0.8266798257827759 -0.5614460706710815 0.03713129088282585 
vn 0.824294924736023 -0.5615596175193787 0.07203252613544464 
vn 0.8143681883811951 -0.5543567538261414 0.17173540592193604 
vn 0.8031250238418579 -0.5471263527870178 0.23588760197162628 
vn 0.7705597281455994 -0.5253587365150452 0.36088213324546814 
vn 0.7489714622497559 -0.5115101337432861 0.42118772864341736 
vn 0.6833710074424744 -0.462001234292984 0.5652954578399658 
vn 0.6329723596572876 -0.4328569173812866 0.641857385635376 
vn -0.5926268100738525 -0.8054030537605286 -0.010923261754214764 
vn -0.5926268100738525 -0.8054030537605286 -0.010923261754214764 
vn -0.5926268100738525 -0.8054030537605286 -0.010923261754214764 
vn -0.5864492654800415 -0.8097472786903381 -0.01966099627315998 
vn -0.5802620649337769 -0.814075231552124 -0.024029340595006943 
vn -0.5802620649337769 -0.814075231552124 -0.024029340595006943 
vn -0.574097752571106 -0.8184340596199036 -0.024029340595006943 
vn -0.59871506690979 -0.8009352684020996 -0.006554040592163801 
vn -0.5987265110015869 -0.8009505867958069 -0.002184694167226553 
vn -0.5926607847213745 -0.8054491877555847 -0.002184694167226553 
vn -0.5926494598388672 -0.8054338097572327 0.006554040592163801 
vn -0.5926268100738525 -0.8054030537605286 0.010923261754214764 
vn -0.5925928950309753 -0.8053569197654724 0.0152922747656703 
vn -0.5864492654800415 -0.8097472786903381 0.01966099627315998 
vn -0.5863932967185974 -0.8096699714660645 0.024029340595006943 
vn -0.5863932967185974 -0.8096699714660645 0.024029340595006943 
vn -0.5802620649337769 -0.814075231552124 0.024029340595006943 
vn -0.580317497253418 -0.8141529560089111 0.01966099627315998 
vn -0.574097752571106 -0.8184340596199036 0.024029340595006943 
vn -0.574196457862854 -0.8185747265815735 0.0152922747656703 
vn -0.5680525302886963 -0.8229662179946899 0.006554040592163801 
vn -0.5618000030517578 -0.8272009491920471 0.010923261754214764 
vn -0.5680633783340454 -0.8229818940162659 0.002184694167226553 
vn -0.5680633783340454 -0.8229818940162659 0.002184694167226553 
vn -0.5618321895599365 -0.8272483348846436 0.002184694167226553 
vn -0.5618321895599365 -0.8272483348846436 0.002184694167226553 
vn -0.5680633783340454 -0.8229818940162659 -0.002184694167226553 
vn -0.5680633783340454 -0.8229818940162659 -0.002184694167226553 
vn -0.5742622017860413 -0.8186684846878052 -0.002184694167226553 
vn -0.5742622017860413 -0.8186684846878052 0.002184694167226553 
vn -0.5680633783340454 -0.8229818940162659 -0.002184694167226553 
vn -0.5742293000221252 -0.8186216354370117 -0.010923261754214764 
vn -0.5741525888442993 -0.8185122013092041 -0.01966099627315998 
vn -0.5803950428962708 -0.814261794090271 -0.010923261754214764 
vn -0.5802620649337769 -0.814075231552124 -0.024029340595006943 
vn -0.5863932967185974 -0.8096699714660645 -0.024029340595006943 
vn -0.5863932967185974 -0.8096699714660645 -0.024029340595006943 
vn -0.5864492654800415 -0.8097472786903381 -0.01966099627315998 
vn -0.5925928950309753 -0.8053569197654724 -0.0152922747656703 
vn -0.5926268100738525 -0.8054030537605286 -0.010923261754214764 
vn -0.5926268100738525 -0.8054030537605286 -0.010923261754214764 
vn -0.5926607847213745 -0.8054491877555847 -0.002184694167226553 
vn -0.5926607847213745 -0.8054491877555847 -0.002184694167226553 
vn -0.5987265110015869 -0.8009505867958069 0.002184694167226553 
vn -0.5926268100738525 -0.8054030537605286 0.010923261754214764 
vn -0.5926268100738525 -0.8054030537605286 0.010923261754214764 
vn -0.5926268100738525 -0.8054030537605286 0.010923261754214764 
vn -0.5864492654800415 -0.8097472786903381 0.01966099627315998 
vn -0.5863932967185974 -0.8096699714660645 0.024029340595006943 
vn -0.5863261222839355 -0.809577226638794 0.028397228568792343 
vn -0.5802620649337769 -0.814075231552124 0.024029340595006943 
vn -0.5741525888442993 -0.8185122013092041 0.01966099627315998 
vn -0.574097752571106 -0.8184340596199036 0.024029340595006943 
vn -0.5679983496665955 -0.822887659072876 0.0152922747656703 
vn -0.5680525302886963 -0.8229662179946899 0.006554040592163801 
vn -0.5618000030517578 -0.8272009491920471 0.010923261754214764 
vn -0.5680633783340454 -0.8229818940162659 0.002184694167226553 
vn -0.5742622017860413 -0.8186684846878052 -0.002184694167226553 
vn -0.5742622017860413 -0.8186684846878052 0.002184694167226553 
vn -0.5742622017860413 -0.8186684846878052 0.002184694167226553 
vn -0.5680633783340454 -0.8229818940162659 -0.002184694167226553 
vn -0.5742622017860413 -0.8186684846878052 0.002184694167226553 
vn -0.5742622017860413 -0.8186684846878052 -0.002184694167226553 
vn -0.5680633783340454 -0.8229818940162659 -0.002184694167226553 
vn -0.568030834197998 -0.8229347467422485 -0.010923261754214764 
vn -0.5741525888442993 -0.8185122013092041 -0.01966099627315998 
vn -0.5803950428962708 -0.814261794090271 -0.010923261754214764 
vn 0.5618321895599365 0.8272483348846436 0.002184694167226553 
vn 0.5680633783340454 0.8229818940162659 0.002184694167226553 
vn 0.5618321895599365 0.8272483348846436 -0.002184694167226553 
vn 0.5680525302886963 0.8229662179946899 0.006554040592163801 
vn 0.5680633783340454 0.8229818940162659 0.002184694167226553 
vn 0.5618000030517578 0.8272009491920471 0.010923261754214764 
vn 0.574196457862854 0.8185747265815735 0.0152922747656703 
vn 0.580317497253418 0.8141529560089111 0.01966099627315998 
vn 0.574097752571106 0.8184340596199036 0.024029340595006943 
vn 0.5802620649337769 0.814075231552124 0.024029340595006943 
vn 0.5863932967185974 0.8096699714660645 0.024029340595006943 
vn 0.5863932967185974 0.8096699714660645 0.024029340595006943 
vn 0.5864492654800415 0.8097472786903381 0.01966099627315998 
vn 0.5926268100738525 0.8054030537605286 0.010923261754214764 
vn 0.5925928950309753 0.8053569197654724 0.0152922747656703 
vn 0.5926494598388672 0.8054338097572327 0.006554040592163801 
vn 0.5987265110015869 0.8009505867958069 -0.002184694167226553 
vn 0.5926607847213745 0.8054491877555847 -0.002184694167226553 
vn 0.59871506690979 0.8009352684020996 -0.006554040592163801 
vn 0.5926268100738525 0.8054030537605286 -0.010923261754214764 
vn 0.5926268100738525 0.8054030537605286 -0.010923261754214764 
vn 0.5926268100738525 0.8054030537605286 -0.010923261754214764 
vn 0.5864492654800415 0.8097472786903381 -0.01966099627315998 
vn 0.5802620649337769 0.814075231552124 -0.024029340595006943 
vn 0.5802620649337769 0.814075231552124 -0.024029340595006943 
vn 0.574097752571106 0.8184340596199036 -0.024029340595006943 
vn 0.5741525888442993 0.8185122013092041 -0.01966099627315998 
vn 0.5803950428962708 0.814261794090271 -0.010923261754214764 
vn 0.568030834197998 0.8229347467422485 -0.010923261754214764 
vn 0.5680525302886963 0.8229662179946899 -0.006554040592163801 
vn 0.5680633783340454 0.8229818940162659 -0.002184694167226553 
vn 0.5742622017860413 0.8186684846878052 0.002184694167226553 
vn 0.5618321895599365 0.8272483348846436 -0.002184694167226553 
vn 0.5618321895599365 0.8272483348846436 -0.002184694167226553 
vn 0.5618321895599365 0.8272483348846436 0.002184694167226553 
vn 0.5618321895599365 0.8272483348846436 0.002184694167226553 
vn 0.5618321895599365 0.8272483348846436 0.002184694167226553 
vn 0.5680633783340454 0.8229818940162659 0.002184694167226553 
vn 0.5680525302886963 0.8229662179946899 0.006554040592163801 
vn 0.5680633783340454 0.8229818940162659 0.002184694167226553 
vn 0.5618000030517578 0.8272009491920471 0.010923261754214764 
vn 0.5679983496665955 0.822887659072876 0.0152922747656703 
vn 0.580317497253418 0.8141529560089111 0.01966099627315998 
vn 0.574097752571106 0.8184340596199036 0.024029340595006943 
vn 0.5802620649337769 0.814075231552124 0.024029340595006943 
vn 0.5863932967185974 0.8096699714660645 0.024029340595006943 
vn 0.5863261222839355 0.809577226638794 0.028397228568792343 
vn 0.5864492654800415 0.8097472786903381 0.01966099627315998 
vn 0.5926268100738525 0.8054030537605286 0.010923261754214764 
vn 0.5926268100738525 0.8054030537605286 0.010923261754214764 
vn 0.5926268100738525 0.8054030537605286 0.010923261754214764 
vn 0.5987265110015869 0.8009505867958069 0.002184694167226553 
vn 0.5926607847213745 0.8054491877555847 -0.002184694167226553 
vn 0.5926607847213745 0.8054491877555847 -0.002184694167226553 
vn 0.5926268100738525 0.8054030537605286 -0.010923261754214764 
vn 0.5925928950309753 0.8053569197654724 -0.0152922747656703 
vn 0.5925928950309753 0.8053569197654724 -0.0152922747656703 
vn 0.5864492654800415 0.8097472786903381 -0.01966099627315998 
vn 0.5863932967185974 0.8096699714660645 -0.024029340595006943 
vn 0.5863932967185974 0.8096699714660645 -0.024029340595006943 
vn 0.5802620649337769 0.814075231552124 -0.024029340595006943 
vn 0.5741525888442993 0.8185122013092041 -0.01966099627315998 
vn 0.5803950428962708 0.814261794090271 -0.010923261754214764 
vn 0.568030834197998 0.8229347467422485 -0.010923261754214764 
vn 0.5680525302886963 0.8229662179946899 -0.006554040592163801 
vn 0.5680633783340454 0.8229818940162659 -0.002184694167226553 
vn 0.5742622017860413 0.8186684846878052 0.002184694167226553 
vn 0.5680633783340454 0.8229818940162659 -0.002184694167226553 
vn 0.5618321895599365 0.8272483348846436 -0.002184694167226553 
vn 0.6360931992530823 0.4332462251186371 0.6385006904602051 
vn 0.6833710074424744 0.462001234292984 0.5652954578399658 
vn 0.7532023191452026 0.5052594542503357 0.42118772864341736 
vn 0.7747827768325806 0.5191105008125305 0.36088213324546814 
vn 0.8073500394821167 0.5408723950386047 0.23588760197162628 
vn 0.8185919523239136 0.548100471496582 0.17173540592193604 
vn 0.8285223245620728 0.5553035736083984 0.07203252613544464 
vn 0.8266798257827759 0.5614460706710815 0.03713129088282585 
vn 0.8272483348846436 0.5618321895599365 0.002184694167226553 
vn 0.8272483348846436 0.5618321895599365 0.002184694167226553 
vn 0.8272483348846436 0.5618321895599365 0.002184694167226553 
vn 0.8272483348846436 0.5618321895599365 0.002184694167226553 
vn 0.8272483348846436 0.5618321895599365 0.002184694167226553 
vn 0.8272483348846436 0.5618321895599365 0.002184694167226553 
vn 0.8272483348846436 0.5618321895599365 -0.002184694167226553 
vn 0.8272483348846436 0.5618321895599365 -0.002184694167226553 
vn 0.8272483348846436 0.5618321895599365 -0.002184694167226553 
vn 0.8272483348846436 0.5618321895599365 -0.002184694167226553 
vn 0.8266798257827759 0.5614460706710815 -0.03713129088282585 
vn 0.8285223245620728 0.5553035736083984 -0.07203252613544464 
vn 0.8185919523239136 0.548100471496582 -0.17173540592193604 
vn 0.8073500394821167 0.5408723950386047 -0.23588760197162628 
vn 0.7743876576423645 0.51969975233078 -0.36088213324546814 
vn 0.7532023191452026 0.5052594542503357 -0.42118772864341736 
vn 0.682970404624939 0.4625932574272156 -0.5652954578399658 
vn 0.6399166584014893 0.4275786578655243 -0.6385006904602051 
vn -0.682970404624939 -0.4625932574272156 -0.5652954578399658 
vn -0.6356881856918335 -0.4338403046131134 -0.6385006904602051 
vn -0.5426817536354065 -0.3699941635131836 -0.7540562748908997 
vn -0.5026652216911316 -0.34467029571533203 -0.7927988767623901 
vn -0.45327791571617126 -0.3031548857688904 -0.838234007358551 
vn -0.4405020475387573 -0.29575464129447937 -0.8476362228393555 
vn -0.3983224332332611 -0.2706996500492096 -0.8763908743858337 
vn -0.37265658378601074 -0.2464417666196823 -0.8946471214294434 
vn -0.27317315340042114 -0.1853736937046051 -0.9439348578453064 
vn -0.20285941660404205 -0.13241565227508545 -0.9702134728431702 
vn -0.08819716423749924 -0.06407898664474487 -0.9940398335456848 
vn -0.04680482670664787 -0.032129693776369095 -0.9983872175216675 
vn -2.0682311115474694e-13 0 -1 
vn -2.0682311115474694e-13 0 -1 
vn 0.032688722014427185 0.021841906011104584 -0.9992268681526184 
vn 0.06571978330612183 0.043056242167949677 -0.9969087839126587 
vn 0.16889311373233795 0.1142754852771759 -0.9789873361587524 
vn 0.24202823638916016 0.1571749746799469 -0.9574540853500366 
vn 0.3518514931201935 0.2350996434688568 -0.9060511589050293 
vn 0.39379048347473145 0.2636904716491699 -0.8805659413337708 
vn 0.44265317916870117 0.29918134212493896 -0.8453097939491272 
vn 0.4511646032333374 0.3062910735607147 -0.838234007358551 
vn 0.5047913193702698 0.34154897928237915 -0.7927988767623901 
vn 0.5426817536354065 0.3699941635131836 -0.7540562748908997 
vn 0.6399166584014893 0.4275786578655243 -0.6385006904602051 
vn 0.682970404624939 0.4625932574272156 -0.5652954578399658 
vn -0.6356881856918335 -0.4338403046131134 -0.6385006904602051 
vn -0.682970404624939 -0.4625932574272156 -0.5652954578399658 
vn -0.7510933876037598 -0.5083892345428467 -0.42118772864341736 
vn -0.7701543569564819 -0.5259527564048767 -0.36088213324546814 
vn -0.8052436113357544 -0.5440034866333008 -0.23588760197162628 
vn -0.8143681883811951 -0.5543567538261414 -0.17173540592193604 
vn -0.824294924736023 -0.5615596175193787 -0.07203252613544464 
vn -0.8266798257827759 -0.5614460706710815 -0.03713129088282585 
vn -0.8272483348846436 -0.5618321895599365 -0.002184694167226553 
vn -0.8272483348846436 -0.5618321895599365 -0.002184694167226553 
vn -0.8272483348846436 -0.5618321895599365 -0.002184694167226553 
vn -0.8272483348846436 -0.5618321895599365 -0.002184694167226553 
vn -0.8272483348846436 -0.5618321895599365 -0.002184694167226553 
vn -0.8272483348846436 -0.5618321895599365 -0.002184694167226553 
vn -0.8272483348846436 -0.5618321895599365 0.002184694167226553 
vn -0.8272483348846436 -0.5618321895599365 0.002184694167226553 
vn -0.8272483348846436 -0.5618321895599365 0.002184694167226553 
vn -0.8272483348846436 -0.5618321895599365 0.002184694167226553 
vn -0.8266798257827759 -0.5614460706710815 0.03713129088282585 
vn -0.824294924736023 -0.5615596175193787 0.07203252613544464 
vn -0.8143681883811951 -0.5543567538261414 0.17173540592193604 
vn -0.8052436113357544 -0.5440034866333008 0.23588760197162628 
vn -0.7726775407791138 -0.5222389101982117 0.36088213324546814 
vn -0.7510933876037598 -0.5083892345428467 0.42118772864341736 
vn -0.6812511682510376 -0.46512138843536377 0.5652954578399658 
vn -0.6382089257240295 -0.4301234781742096 0.6385006904602051 
vn 0.6833710074424744 0.462001234292984 0.5652954578399658 
vn 0.6360931992530823 0.4332462251186371 0.6385006904602051 
vn 0.5430861711502075 0.3694002628326416 0.7540562748908997 
vn 0.505190908908844 0.3409576416015625 0.7927988767623901 
vn 0.4519660472869873 0.3051072657108307 0.838234007358551 
vn 0.4434489905834198 0.2980004847049713 0.8453097939491272 
vn 0.3941839337348938 0.2631019353866577 0.8805659413337708 
vn 0.3522433042526245 0.23451219499111176 0.9060511589050293 
vn 0.24240317940711975 0.1565961092710495 0.9574540853500366 
vn 0.16968408226966858 0.1130976676940918 0.9789873361587524 
vn 0.06645532697439194 0.04191203787922859 0.9969087839126587 
vn 0.033425770699977875 0.020696360617876053 0.9992268681526184 
vn 0 0 1 
vn 0 0 1 
vn -0.0475795641541481 -0.03097086399793625 0.9983872175216675 
vn -0.08906416594982147 -0.06286835670471191 0.9940398335456848 
vn -0.19945105910301208 -0.13749592006206512 0.9702134728431702 
vn -0.2739714980125427 -0.1841917484998703 0.9439348578453064 
vn -0.3734268248081207 -0.24527306854724884 0.8946471214294434 
vn -0.3991245627403259 -0.2695155739784241 0.8763908743858337 
vn -0.4412899613380432 -0.2945776879787445 0.8476362228393555 
vn -0.44984865188598633 -0.30822059512138367 0.838234007358551 
vn -0.505190908908844 -0.3409576416015625 0.7927988767623901 
vn -0.5451987981796265 -0.3662750720977783 0.7540562748908997 
vn -0.6382089257240295 -0.4301234781742096 0.6385006904602051 
vn -0.6812511682510376 -0.46512138843536377 0.5652954578399658 
vn 0.5987265110015869 -0.8009505867958069 -0.002184694167226553 
vn 0.5926607847213745 -0.8054491877555847 0.002184694167226553 
vn 0.5926607847213745 -0.8054491877555847 0.002184694167226553 
vn 0.5926268100738525 -0.8054030537605286 0.010923261754214764 
vn 0.5925928950309753 -0.8053569197654724 0.0152922747656703 
vn 0.5926268100738525 -0.8054030537605286 0.010923261754214764 
vn 0.5864492654800415 -0.8097472786903381 0.01966099627315998 
vn 0.5863932967185974 -0.8096699714660645 0.024029340595006943 
vn 0.5863932967185974 -0.8096699714660645 0.024029340595006943 
vn 0.5802620649337769 -0.814075231552124 0.024029340595006943 
vn 0.5741525888442993 -0.8185122013092041 0.01966099627315998 
vn 0.5803950428962708 -0.814261794090271 0.010923261754214764 
vn 0.5742293000221252 -0.8186216354370117 0.010923261754214764 
vn 0.5680633783340454 -0.8229818940162659 0.002184694167226553 
vn 0.5680633783340454 -0.8229818940162659 0.002184694167226553 
vn 0.5742622017860413 -0.8186684846878052 0.002184694167226553 
vn 0.5742622017860413 -0.8186684846878052 -0.002184694167226553 
vn 0.5680633783340454 -0.8229818940162659 0.002184694167226553 
vn 0.5618321895599365 -0.8272483348846436 -0.002184694167226553 
vn 0.5618321895599365 -0.8272483348846436 -0.002184694167226553 
vn 0.5680633783340454 -0.8229818940162659 -0.002184694167226553 
vn 0.5680525302886963 -0.8229662179946899 -0.006554040592163801 
vn 0.5680633783340454 -0.8229818940162659 -0.002184694167226553 
vn 0.5618000030517578 -0.8272009491920471 -0.010923261754214764 
vn 0.574196457862854 -0.8185747265815735 -0.0152922747656703 
vn 0.580317497253418 -0.8141529560089111 -0.01966099627315998 
vn 0.574097752571106 -0.8184340596199036 -0.024029340595006943 
vn 0.5802620649337769 -0.814075231552124 -0.024029340595006943 
vn 0.5863932967185974 -0.8096699714660645 -0.024029340595006943 
vn 0.5863932967185974 -0.8096699714660645 -0.024029340595006943 
vn 0.5864492654800415 -0.8097472786903381 -0.01966099627315998 
vn 0.5926268100738525 -0.8054030537605286 -0.010923261754214764 
vn 0.5925928950309753 -0.8053569197654724 -0.0152922747656703 
vn 0.5926494598388672 -0.8054338097572327 -0.006554040592163801 
vn 0.5987265110015869 -0.8009505867958069 0.002184694167226553 
vn 0.5926607847213745 -0.8054491877555847 0.002184694167226553 
vn 0.59871506690979 -0.8009352684020996 0.006554040592163801 
vn 0.5926268100738525 -0.8054030537605286 0.010923261754214764 
vn 0.5926268100738525 -0.8054030537605286 0.010923261754214764 
vn 0.5926268100738525 -0.8054030537605286 0.010923261754214764 
vn 0.5864492654800415 -0.8097472786903381 0.01966099627315998 
vn 0.5802620649337769 -0.814075231552124 0.024029340595006943 
vn 0.5802620649337769 -0.814075231552124 0.024029340595006943 
vn 0.574097752571106 -0.8184340596199036 0.024029340595006943 
vn 0.5741525888442993 -0.8185122013092041 0.01966099627315998 
vn 0.5803617835044861 -0.8142151832580566 0.0152922747656703 
vn 0.568030834197998 -0.8229347467422485 0.010923261754214764 
vn 0.5680525302886963 -0.8229662179946899 0.006554040592163801 
vn 0.5680633783340454 -0.8229818940162659 0.002184694167226553 
vn 0.5680633783340454 -0.8229818940162659 0.002184694167226553 
vn 0.5618321895599365 -0.8272483348846436 0.002184694167226553 
vn 0.5618321895599365 -0.8272483348846436 -0.002184694167226553 
vn 0.5618321895599365 -0.8272483348846436 0.002184694167226553 
vn 0.5680633783340454 -0.8229818940162659 -0.002184694167226553 
vn 0.5618321895599365 -0.8272483348846436 0.002184694167226553 
vn 0.5618321895599365 -0.8272483348846436 0.002184694167226553 
vn 0.5618321895599365 -0.8272483348846436 -0.002184694167226553 
vn 0.5680525302886963 -0.8229662179946899 -0.006554040592163801 
vn 0.5803950428962708 -0.814261794090271 -0.010923261754214764 
vn 0.580317497253418 -0.8141529560089111 -0.01966099627315998 
vn 0.574097752571106 -0.8184340596199036 -0.024029340595006943 
vn 0.5801956057548523 -0.8139820098876953 -0.028397228568792343 
vn 0.5863932967185974 -0.8096699714660645 -0.024029340595006943 
vn 0.5863261222839355 -0.809577226638794 -0.028397228568792343 
vn 0.5864492654800415 -0.8097472786903381 -0.01966099627315998 
vn 0.5926268100738525 -0.8054030537605286 -0.010923261754214764 
vn 0.5926268100738525 -0.8054030537605286 -0.010923261754214764 
vn 0.5926268100738525 -0.8054030537605286 -0.010923261754214764 
vn -0.5680525302886963 0.8229662179946899 -0.006554040592163801 
vn -0.5803950428962708 0.814261794090271 -0.010923261754214764 
vn -0.5680633783340454 0.8229818940162659 -0.002184694167226553 
vn -0.580317497253418 0.8141529560089111 -0.01966099627315998 
vn -0.574097752571106 0.8184340596199036 -0.024029340595006943 
vn -0.5801956057548523 0.8139820098876953 -0.028397228568792343 
vn -0.5863932967185974 0.8096699714660645 -0.024029340595006943 
vn -0.5863261222839355 0.809577226638794 -0.028397228568792343 
vn -0.5864492654800415 0.8097472786903381 -0.01966099627315998 
vn -0.5926268100738525 0.8054030537605286 -0.010923261754214764 
vn -0.5926268100738525 0.8054030537605286 -0.010923261754214764 
vn -0.5926268100738525 0.8054030537605286 -0.010923261754214764 
vn -0.5987265110015869 0.8009505867958069 -0.002184694167226553 
vn -0.5926607847213745 0.8054491877555847 0.002184694167226553 
vn -0.5926607847213745 0.8054491877555847 0.002184694167226553 
vn -0.5926268100738525 0.8054030537605286 0.010923261754214764 
vn -0.5925928950309753 0.8053569197654724 0.0152922747656703 
vn -0.5926268100738525 0.8054030537605286 0.010923261754214764 
vn -0.5864492654800415 0.8097472786903381 0.01966099627315998 
vn -0.5863932967185974 0.8096699714660645 0.024029340595006943 
vn -0.5863932967185974 0.8096699714660645 0.024029340595006943 
vn -0.5802620649337769 0.814075231552124 0.024029340595006943 
vn -0.5741525888442993 0.8185122013092041 0.01966099627315998 
vn -0.5803950428962708 0.814261794090271 0.010923261754214764 
vn -0.568030834197998 0.8229347467422485 0.010923261754214764 
vn -0.5742622017860413 0.8186684846878052 0.002184694167226553 
vn -0.5680633783340454 0.8229818940162659 0.002184694167226553 
vn -0.5742622017860413 0.8186684846878052 -0.002184694167226553 
vn -0.5742622017860413 0.8186684846878052 0.002184694167226553 
vn -0.5742622017860413 0.8186684846878052 0.002184694167226553 
vn -0.5742512345314026 0.818652868270874 -0.006554040592163801 
vn -0.5742622017860413 0.8186684846878052 -0.002184694167226553 
vn -0.5742622017860413 0.8186684846878052 -0.002184694167226553 
vn -0.5680633783340454 0.8229818940162659 -0.002184694167226553 
vn -0.5618000030517578 0.8272009491920471 -0.010923261754214764 
vn -0.574196457862854 0.8185747265815735 -0.0152922747656703 
vn -0.580317497253418 0.8141529560089111 -0.01966099627315998 
vn -0.574097752571106 0.8184340596199036 -0.024029340595006943 
vn -0.5802620649337769 0.814075231552124 -0.024029340595006943 
vn -0.5863932967185974 0.8096699714660645 -0.024029340595006943 
vn -0.5863932967185974 0.8096699714660645 -0.024029340595006943 
vn -0.5864492654800415 0.8097472786903381 -0.01966099627315998 
vn -0.5926268100738525 0.8054030537605286 -0.010923261754214764 
vn -0.5925928950309753 0.8053569197654724 -0.0152922747656703 
vn -0.5926494598388672 0.8054338097572327 -0.006554040592163801 
vn -0.5987265110015869 0.8009505867958069 0.002184694167226553 
vn -0.5926607847213745 0.8054491877555847 0.002184694167226553 
vn -0.59871506690979 0.8009352684020996 0.006554040592163801 
vn -0.5926268100738525 0.8054030537605286 0.010923261754214764 
vn -0.5926268100738525 0.8054030537605286 0.010923261754214764 
vn -0.5926268100738525 0.8054030537605286 0.010923261754214764 
vn -0.5864492654800415 0.8097472786903381 0.01966099627315998 
vn -0.5863932967185974 0.8096699714660645 0.024029340595006943 
vn -0.5863932967185974 0.8096699714660645 0.024029340595006943 
vn -0.5802620649337769 0.814075231552124 0.024029340595006943 
vn -0.5741525888442993 0.8185122013092041 0.01966099627315998 
vn -0.5803950428962708 0.814261794090271 0.010923261754214764 
vn -0.568030834197998 0.8229347467422485 0.010923261754214764 
vn -0.5680633783340454 0.8229818940162659 0.002184694167226553 
vn -0.5680633783340454 0.8229818940162659 0.002184694167226553 
vn -0.5742622017860413 0.8186684846878052 0.002184694167226553 
vn -0.5742622017860413 0.8186684846878052 0.002184694167226553 
vn -0.5742622017860413 0.8186684846878052 0.002184694167226553 
vn -0.5680633783340454 0.8229818940162659 0.002184694167226553 
vn -0.5618321895599365 0.8272483348846436 -0.002184694167226553 
vn -0.5618321895599365 0.8272483348846436 -0.002184694167226553 
vn -0.6609029769897461 -0.22625771164894104 -0.715552031993866 
vn -0.6078183650970459 -0.21139799058437347 -0.7654199600219727 
vn -0.4984509348869324 -0.17069783806800842 -0.8499464392662048 
vn -0.4325110912322998 -0.15205736458301544 -0.888714075088501 
vn -0.2927311956882477 -0.10028426349163055 -0.9509214162826538 
vn -0.2138800323009491 -0.07068755477666855 -0.9742990136146545 
vn -0.045693326741456985 -0.014846661128103733 -0.9988451600074768 
vn 0.045693326741456985 0.014846661128103733 -0.9988451600074768 
vn 0.21266236901283264 0.0742705911397934 -0.9742990136146545 
vn 0.2939351797103882 0.09669848531484604 -0.9509214162826538 
vn 0.433750182390213 0.14848589897155762 -0.888714075088501 
vn 0.4984509348869324 0.17069783806800842 -0.8499464392662048 
vn 0.6125906705856323 0.20778030157089233 -0.762600839138031 
vn 0.6621167659759521 0.22268077731132507 -0.715552031993866 
vn 0.6125906705856323 0.20778030157089233 -0.762600839138031 
vn 0.6621167659759521 0.22268077731132507 -0.715552031993866 
vn 0.7473301887512207 0.2523546814918518 -0.6146662831306458 
vn 0.7854444980621338 0.2599731385707855 -0.5616858005523682 
vn 0.8416566848754883 0.28221210837364197 -0.46040233969688416 
vn 0.865276038646698 0.2894841432571411 -0.40926313400268555 
vn 0.9002929329872131 0.3040306568145752 -0.31150925159454346 
vn 0.9148017168045044 0.3043847680091858 -0.26549527049064636 
vn 0.9345666766166687 0.3115960955619812 -0.17173540592193604 
vn 0.9420458674430847 0.31164464354515076 -0.1242060661315918 
vn 0.947733998298645 0.31905397772789 -0.002184694167226553 
vn 0.947733998298645 0.31905397772789 -0.002184694167226553 
vn 0.9420458674430847 0.31164464354515076 0.1242060661315918 
vn 0.9345666766166687 0.3115960955619812 0.17173540592193604 
vn 0.914923369884491 0.3040188252925873 0.26549527049064636 
vn 0.9002929329872131 0.3040306568145752 0.31150925159454346 
vn 0.8653989434242249 0.2891165316104889 0.40926313400268555 
vn 0.8417801856994629 0.2818436324596405 0.46040233969688416 
vn 0.7855650186538696 0.25960874557495117 0.5616858005523682 
vn 0.7474551796913147 0.25198423862457275 0.6146662831306458 
vn 0.6622408032417297 0.22231164574623108 0.715552031993866 
vn 0.6127166152000427 0.2074086219072342 0.762600839138031 
vn 0.6622408032417297 0.22231164574623108 0.715552031993866 
vn 0.6127166152000427 0.2074086219072342 0.762600839138031 
vn 0.4987063705921173 0.16995011270046234 0.8499464392662048 
vn 0.4340052902698517 0.14773862063884735 0.888714075088501 
vn 0.29417160153388977 0.0959767997264862 0.9509214162826538 
vn 0.21292509138584137 0.07351399213075638 0.9742990136146545 
vn 0.04580574482679367 0.014496107585728168 0.9988451600074768 
vn -0.04456167668104172 -0.017959969118237495 0.9988451600074768 
vn -0.211673766374588 -0.07704295217990875 0.9742990136146545 
vn -0.29298582673072815 -0.09953786432743073 0.9509214162826538 
vn -0.43277886509895325 -0.1512935906648636 0.888714075088501 
vn -0.4987063705921173 -0.16995011270046234 0.8499464392662048 
vn -0.6091766357421875 -0.2074514776468277 0.7654199600219727 
vn -0.6598021984100342 -0.22944800555706024 0.715552031993866 
vn -0.6091766357421875 -0.2074514776468277 0.7654199600219727 
vn -0.6598021984100342 -0.22944800555706024 0.715552031993866 
vn -0.7462417483329773 -0.2555554509162903 0.6146662831306458 
vn -0.7819404602050781 -0.2703298032283783 0.5616858005523682 
vn -0.8381173610687256 -0.2925559878349304 0.46040233969688416 
vn -0.8629791736602783 -0.29626113176345825 0.40926313400268555 
vn -0.8990783095359802 -0.3076038956642151 0.31150925159454346 
vn -0.9112921953201294 -0.3147360682487488 0.26549527049064636 
vn -0.9321516752243042 -0.3187479078769684 0.17173540592193604 
vn -0.9371958374977112 -0.3259398639202118 0.1242060661315918 
vn -0.9452975392341614 -0.32620200514793396 0.002184694167226553 
vn -0.9452975392341614 -0.32620200514793396 0.002184694167226553 
vn -0.9371958374977112 -0.3259398639202118 -0.1242060661315918 
vn -0.9321516752243042 -0.3187479078769684 -0.17173540592193604 
vn -0.9123889803886414 -0.311542272567749 -0.26549527049064636 
vn -0.8990783095359802 -0.3076038956642151 -0.31150925159454346 
vn -0.8616148233413696 -0.3002059757709503 -0.40926313400268555 
vn -0.8392235040664673 -0.2893674969673157 -0.46040233969688416 
vn -0.783037543296814 -0.2671353220939636 -0.5616858005523682 
vn -0.744878888130188 -0.2595009505748749 -0.6146662831306458 
vn -0.6609029769897461 -0.22625771164894104 -0.715552031993866 
vn -0.6078183650970459 -0.21139799058437347 -0.7654199600219727 
vn 0.37884825468063354 -0.9170860648155212 0.1242060661315918 
vn 0.4474585950374603 -0.8906519412994385 0.08074574917554855 
vn 0.4910314083099365 -0.8655946850776672 0.0981530249118805 
vn 0.5501760840415955 -0.8297632932662964 0.09380380809307098 
vn 0.5377515554428101 -0.8383444547653198 0.08945280313491821 
vn 0.5310757160186768 -0.8368414044380188 0.1328723281621933 
vn 0.42069846391677856 -0.9046729207038879 0.06767380982637405 
vn 0.423910915851593 -0.9051110744476318 0.03276457265019417 
vn 0.4104039967060089 -0.9118802547454834 -0.006554040592163801 
vn 0.32620200514793396 -0.9452975392341614 0.002184694167226553 
vn 0.3963804244995117 -0.9175015091896057 -0.03276457265019417 
vn 0.4357987940311432 -0.8981113433837891 -0.058952588587999344 
vn 0.45920124650001526 -0.8833657503128052 -0.09380380809307098 
vn 0.37884825468063354 -0.9170860648155212 -0.1242060661315918 
vn 0.44768649339675903 -0.8861197233200073 -0.11986933648586273 
vn 0.5235124826431274 -0.8463454842567444 -0.0981530249118805 
vn 0.5552399754524231 -0.8258780241012573 -0.0981530249118805 
vn 0.5374336242675781 -0.8327724933624268 -0.1328723281621933 
vn 0.5844672918319702 -0.8089433908462524 -0.0633138045668602 
vn 0.5987265110015869 -0.8009505867958069 0.002184694167226553 
vn 0.5987265110015869 -0.8009505867958069 0.002184694167226553 
vn 0.5833784341812134 -0.8093762397766113 0.06767380982637405 
vn 0.5501760840415955 -0.8297632932662964 0.09380380809307098 
vn 0.5307595729827881 -0.8363432288169861 0.1372016966342926 
vn 0.5375354290008545 -0.8380074501037598 0.09380380809307098 
vn 0.4844488501548767 -0.8692958354949951 0.0981530249118805 
vn 0.43934327363967896 -0.8942793011665344 0.08510008454322815 
vn 0.3703315258026123 -0.919963002204895 0.12854042649269104 
vn 0.41371139883995056 -0.9075539708137512 0.07203252613544464 
vn 0.41706356406211853 -0.9082865715026855 0.03276457265019417 
vn 0.40350592136383057 -0.9149535894393921 -0.006554040592163801 
vn 0.31905397772789 -0.947733998298645 -0.002184694167226553 
vn 0.3824779689311981 -0.9233834743499756 -0.03276457265019417 
vn 0.4288809895515442 -0.9011395573616028 -0.0633138045668602 
vn 0.452492892742157 -0.8868207335472107 -0.09380380809307098 
vn 0.3703315258026123 -0.919963002204895 -0.12854042649269104 
vn 0.4474460184574127 -0.8856437802314758 -0.1242060661315918 
vn 0.5232818722724915 -0.8459726572036743 -0.10250037163496017 
vn 0.5549954175949097 -0.8255142569541931 -0.10250037163496017 
vn 0.5297387838363647 -0.8369901776313782 -0.1372016966342926 
vn 0.5833784341812134 -0.8093762397766113 -0.06767380982637405 
vn 0.5987265110015869 -0.8009505867958069 -0.002184694167226553 
vn 0.5987265110015869 -0.8009505867958069 -0.002184694167226553 
vn 0.5844672918319702 -0.8089433908462524 0.0633138045668602 
vn -0.5343558192253113 0.8400384783744812 0.09380380809307098 
vn -0.4844488501548767 0.8692958354949951 0.0981530249118805 
vn -0.5470276474952698 0.831842303276062 0.09380380809307098 
vn -0.44272908568382263 0.8926079273223877 0.08510008454322815 
vn -0.3738320469856262 0.9185461401939392 0.12854042649269104 
vn -0.41371139883995056 0.9075539708137512 0.07203252613544464 
vn -0.41706356406211853 0.9082865715026855 0.03276457265019417 
vn -0.40350592136383057 0.9149535894393921 -0.006554040592163801 
vn -0.31905397772789 0.947733998298645 0.002184694167226553 
vn -0.3824779689311981 0.9233834743499756 -0.03276457265019417 
vn -0.4254711866378784 0.9027544856071472 -0.0633138045668602 
vn -0.45585036277770996 0.8850995898246765 -0.09380380809307098 
vn -0.3738320469856262 0.9185461401939392 -0.12854042649269104 
vn -0.4474460184574127 0.8856437802314758 -0.1242060661315918 
vn -0.5232818722724915 0.8459726572036743 -0.10250037163496017 
vn -0.5549954175949097 0.8255142569541931 -0.10250037163496017 
vn -0.5297387838363647 0.8369901776313782 -0.1372016966342926 
vn -0.5833784341812134 0.8093762397766113 -0.06767380982637405 
vn -0.5987265110015869 0.8009505867958069 -0.002184694167226553 
vn -0.5987265110015869 0.8009505867958069 -0.002184694167226553 
vn -0.5814048647880554 0.811147153377533 0.0633138045668602 
vn -0.553316593170166 0.8276723623275757 0.09380380809307098 
vn -0.5342585444450378 0.8348129987716675 0.1328723281621933 
vn -0.5345706939697266 0.8403763175010681 0.08945280313491821 
vn -0.4910314083099365 0.8655946850776672 0.0981530249118805 
vn -0.4474585950374603 0.8906519412994385 0.08074574917554855 
vn -0.37884825468063354 0.9170860648155212 0.1242060661315918 
vn -0.42069846391677856 0.9046729207038879 0.06767380982637405 
vn -0.423910915851593 0.9051110744476318 0.03276457265019417 
vn -0.4104039967060089 0.9118802547454834 -0.006554040592163801 
vn -0.32620200514793396 0.9452975392341614 0.002184694167226553 
vn -0.3963804244995117 0.9175015091896057 -0.03276457265019417 
vn -0.4324003756046295 0.8997524976730347 -0.058952588587999344 
vn -0.45585036277770996 0.8850995898246765 -0.09380380809307098 
vn -0.37884825468063354 0.9170860648155212 -0.1242060661315918 
vn -0.44768649339675903 0.8861197233200073 -0.11986933648586273 
vn -0.5235124826431274 0.8463454842567444 -0.0981530249118805 
vn -0.5552399754524231 0.8258780241012573 -0.0981530249118805 
vn -0.5342585444450378 0.8348129987716675 -0.1328723281621933 
vn -0.5814048647880554 0.811147153377533 -0.0633138045668602 
vn -0.5987265110015869 0.8009505867958069 0.002184694167226553 
vn -0.5987265110015869 0.8009505867958069 0.002184694167226553 
vn -0.5833784341812134 0.8093762397766113 0.06767380982637405 
vn -0.5339404940605164 0.8343160152435303 0.1372016966342926 
vn 0.6091766357421875 -0.2074514776468277 0.7654199600219727 
vn 0.6598021984100342 -0.22944800555706024 0.715552031993866 
vn 0.7450112104415894 -0.2591208517551422 0.6146662831306458 
vn 0.7806997299194336 -0.273892343044281 0.5616858005523682 
vn 0.8393534421920776 -0.28899040818214417 0.46040233969688416 
vn 0.8629791736602783 -0.29626113176345825 0.40926313400268555 
vn 0.8978495001792908 -0.3111723065376282 0.31150925159454346 
vn 0.9100539088249207 -0.31829890608787537 0.26549527049064636 
vn 0.9321516752243042 -0.3187479078769684 0.17173540592193604 
vn 0.9371958374977112 -0.3259398639202118 0.1242060661315918 
vn 0.9450268745422363 -0.3261086046695709 0.024029340595006943 
vn 0.9450268745422363 -0.3261086046695709 -0.024029340595006943 
vn 0.9371958374977112 -0.3259398639202118 -0.1242060661315918 
vn 0.9321516752243042 -0.3187479078769684 -0.17173540592193604 
vn 0.9123889803886414 -0.311542272567749 -0.26549527049064636 
vn 0.8978495001792908 -0.3111723065376282 -0.31150925159454346 
vn 0.86285001039505 -0.29663708806037903 -0.40926313400268555 
vn 0.8392235040664673 -0.2893674969673157 -0.46040233969688416 
vn 0.783037543296814 -0.2671353220939636 -0.5616858005523682 
vn 0.744878888130188 -0.2595009505748749 -0.6146662831306458 
vn 0.6596699357032776 -0.22982802987098694 -0.715552031993866 
vn 0.6090492606163025 -0.207825168967247 -0.7654199600219727 
vn -0.6622408032417297 0.22231164574623108 0.715552031993866 
vn -0.6139150857925415 0.20383386313915253 0.762600839138031 
vn -0.4987063705921173 0.16995011270046234 0.8499464392662048 
vn -0.4352025091648102 0.144173726439476 0.888714075088501 
vn -0.29298582673072815 0.09953786432743073 0.9509214162826538 
vn -0.21411758661270142 0.06996472179889679 0.9742990136146545 
vn -0.04678100720047951 0.010947178117930889 0.9988451600074768 
vn 0.04580574482679367 -0.014496107585728168 0.9988451600074768 
vn 0.21292509138584137 -0.07351399213075638 0.9742990136146545 
vn 0.29175692796707153 -0.10308428853750229 0.9509214162826538 
vn 0.4340052902698517 -0.14773862063884735 0.888714075088501 
vn 0.4987063705921173 -0.16995011270046234 0.8499464392662048 
vn 0.6091766357421875 -0.2074514776468277 0.7654199600219727 
vn 0.6598021984100342 -0.22944800555706024 0.715552031993866 
vn -0.6139150857925415 0.20383386313915253 0.762600839138031 
vn -0.6622408032417297 0.22231164574623108 0.715552031993866 
vn -0.7486515641212463 0.24840722978115082 0.6146662831306458 
vn -0.7843731045722961 0.2631879150867462 0.5616858005523682 
vn -0.8405743837356567 0.2854195833206177 0.46040233969688416 
vn -0.8653989434242249 0.2891165316104889 0.40926313400268555 
vn -0.9014933109283447 0.3004525899887085 0.31150925159454346 
vn -0.9137269854545593 0.30759596824645996 0.26549527049064636 
vn -0.9345666766166687 0.3115960955619812 0.17173540592193604 
vn -0.9396480321884155 0.3188014626502991 0.1242060661315918 
vn -0.947733998298645 0.31905397772789 -0.002184694167226553 
vn -0.947733998298645 0.31905397772789 -0.002184694167226553 
vn -0.9420458674430847 0.31164464354515076 -0.1242060661315918 
vn -0.9345666766166687 0.3115960955619812 -0.17173540592193604 
vn -0.9148017168045044 0.3043847680091858 -0.26549527049064636 
vn -0.9014933109283447 0.3004525899887085 -0.31150925159454346 
vn -0.8664668202400208 0.28590017557144165 -0.40926313400268555 
vn -0.8416566848754883 0.28221210837364197 -0.46040233969688416 
vn -0.7854444980621338 0.2599731385707855 -0.5616858005523682 
vn -0.7473301887512207 0.2523546814918518 -0.6146662831306458 
vn -0.6633111834526062 0.2190973311662674 -0.715552031993866 
vn -0.6125906705856323 0.20778030157089233 -0.762600839138031 
vn -0.6633111834526062 0.2190973311662674 -0.715552031993866 
vn -0.6125906705856323 0.20778030157089233 -0.762600839138031 
vn -0.4984509348869324 0.17069783806800842 -0.8499464392662048 
vn -0.4349597990512848 0.14490434527397156 -0.888714075088501 
vn -0.2927311956882477 0.10028426349163055 -0.9509214162826538 
vn -0.2138800323009491 0.07068755477666855 -0.9742990136146545 
vn -0.045693326741456985 0.014846661128103733 -0.9988451600074768 
vn 0.045693326741456985 -0.014846661128103733 -0.9988451600074768 
vn 0.21266236901283264 -0.0742705911397934 -0.9742990136146545 
vn 0.29148346185684204 -0.10385505110025406 -0.9509214162826538 
vn 0.433750182390213 -0.14848589897155762 -0.888714075088501 
vn 0.4984509348869324 -0.17069783806800842 -0.8499464392662048 
vn 0.6090492606163025 -0.207825168967247 -0.7654199600219727 
vn 0.6596699357032776 -0.22982802987098694 -0.715552031993866 
vn 0.32620200514793396 0.9452975392341614 0.002184694167226553 
vn 0.4104039967060089 0.9118802547454834 0.006554040592163801 
vn 0.423910915851593 0.9051110744476318 -0.03276457265019417 
vn 0.44610854983329773 0.8909237384796143 -0.08510008454322815 
vn 0.42069846391677856 0.9046729207038879 -0.06767380982637405 
vn 0.37884825468063354 0.9170860648155212 -0.1242060661315918 
vn 0.3963804244995117 0.9175015091896057 0.03276457265019417 
vn 0.4357987940311432 0.8981113433837891 0.058952588587999344 
vn 0.45920124650001526 0.8833657503128052 0.09380380809307098 
vn 0.37884825468063354 0.9170860648155212 0.1242060661315918 
vn 0.44768649339675903 0.8861197233200073 0.11986933648586273 
vn 0.5235124826431274 0.8463454842567444 0.0981530249118805 
vn 0.5552399754524231 0.8258780241012573 0.0981530249118805 
vn 0.5310757160186768 0.8368414044380188 0.1328723281621933 
vn 0.5844672918319702 0.8089433908462524 0.0633138045668602 
vn 0.5987265110015869 0.8009505867958069 -0.002184694167226553 
vn 0.5987265110015869 0.8009505867958069 -0.002184694167226553 
vn 0.5833784341812134 0.8093762397766113 -0.06767380982637405 
vn 0.5501760840415955 0.8297632932662964 -0.09380380809307098 
vn 0.5297387838363647 0.8369901776313782 -0.1372016966342926 
vn 0.5311685800552368 0.842057466506958 -0.09380380809307098 
vn 0.4844488501548767 0.8692958354949951 -0.0981530249118805 
vn 0.43934327363967896 0.8942793011665344 -0.08510008454322815 
vn 0.3703315258026123 0.919963002204895 -0.12854042649269104 
vn 0.41371139883995056 0.9075539708137512 -0.07203252613544464 
vn 0.41706356406211853 0.9082865715026855 -0.03276457265019417 
vn 0.40350592136383057 0.9149535894393921 0.006554040592163801 
vn 0.31905397772789 0.947733998298645 0.002184694167226553 
vn 0.38944029808044434 0.9204687476158142 0.03276457265019417 
vn 0.4288809895515442 0.9011395573616028 0.0633138045668602 
vn 0.452492892742157 0.8868207335472107 0.09380380809307098 
vn 0.3703315258026123 0.919963002204895 0.12854042649269104 
vn 0.4474460184574127 0.8856437802314758 0.1242060661315918 
vn 0.5232818722724915 0.8459726572036743 0.10250037163496017 
vn 0.5549954175949097 0.8255142569541931 0.10250037163496017 
vn 0.5307595729827881 0.8363432288169861 0.1372016966342926 
vn 0.5833784341812134 0.8093762397766113 0.06767380982637405 
vn 0.5987265110015869 0.8009505867958069 0.002184694167226553 
vn 0.5987265110015869 0.8009505867958069 0.002184694167226553 
vn 0.5844672918319702 0.8089433908462524 -0.0633138045668602 
vn 0.5501760840415955 0.8297632932662964 -0.09380380809307098 
vn 0.5310757160186768 0.8368414044380188 -0.1328723281621933 
vn 0.5377515554428101 0.8383444547653198 -0.08945280313491821 
vn 0.4910314083099365 0.8655946850776672 -0.0981530249118805 
vn -0.5470276474952698 -0.831842303276062 -0.09380380809307098 
vn -0.4844488501548767 -0.8692958354949951 -0.0981530249118805 
vn -0.44272908568382263 -0.8926079273223877 -0.08510008454322815 
vn -0.3738320469856262 -0.9185461401939392 -0.12854042649269104 
vn -0.41371139883995056 -0.9075539708137512 -0.07203252613544464 
vn -0.41706356406211853 -0.9082865715026855 -0.03276457265019417 
vn -0.40350592136383057 -0.9149535894393921 0.006554040592163801 
vn -0.31905397772789 -0.947733998298645 -0.002184694167226553 
vn -0.3824779689311981 -0.9233834743499756 0.03276457265019417 
vn -0.4254711866378784 -0.9027544856071472 0.0633138045668602 
vn -0.45585036277770996 -0.8850995898246765 0.09380380809307098 
vn -0.3738320469856262 -0.9185461401939392 0.12854042649269104 
vn -0.4474460184574127 -0.8856437802314758 0.1242060661315918 
vn -0.5232818722724915 -0.8459726572036743 0.10250037163496017 
vn -0.5549954175949097 -0.8255142569541931 0.10250037163496017 
vn -0.5339404940605164 -0.8343160152435303 0.1372016966342926 
vn -0.5833784341812134 -0.8093762397766113 0.06767380982637405 
vn -0.5987265110015869 -0.8009505867958069 0.002184694167226553 
vn -0.5987265110015869 -0.8009505867958069 0.002184694167226553 
vn -0.5814048647880554 -0.811147153377533 -0.0633138045668602 
vn -0.553316593170166 -0.8276723623275757 -0.09380380809307098 
vn -0.5342585444450378 -0.8348129987716675 -0.1328723281621933 
vn -0.5345706939697266 -0.8403763175010681 -0.08945280313491821 
vn -0.4910314083099365 -0.8655946850776672 -0.0981530249118805 
vn -0.44289007782936096 -0.8929325342178345 -0.08074574917554855 
vn -0.37884825468063354 -0.9170860648155212 -0.1242060661315918 
vn -0.42069846391677856 -0.9046729207038879 -0.06767380982637405 
vn -0.423910915851593 -0.9051110744476318 -0.03276457265019417 
vn -0.4104039967060089 -0.9118802547454834 0.006554040592163801 
vn -0.32620200514793396 -0.9452975392341614 -0.002184694167226553 
vn -0.3963804244995117 -0.9175015091896057 0.03276457265019417 
vn -0.4324003756046295 -0.8997524976730347 0.058952588587999344 
vn -0.45585036277770996 -0.8850995898246765 0.09380380809307098 
vn -0.37884825468063354 -0.9170860648155212 0.1242060661315918 
vn -0.44768649339675903 -0.8861197233200073 0.11986933648586273 
vn -0.5235124826431274 -0.8463454842567444 0.0981530249118805 
vn -0.5552399754524231 -0.8258780241012573 0.0981530249118805 
vn -0.5342585444450378 -0.8348129987716675 0.1328723281621933 
vn -0.5814048647880554 -0.811147153377533 0.0633138045668602 
vn -0.5987265110015869 -0.8009505867958069 -0.002184694167226553 
vn -0.5987265110015869 -0.8009505867958069 -0.002184694167226553 
vn -0.5833784341812134 -0.8093762397766113 -0.06767380982637405 
vn -0.5297387838363647 -0.8369901776313782 -0.1372016966342926 
vn -0.5343558192253113 -0.8400384783744812 -0.09380380809307098 
vn -0.6125906705856323 -0.20778030157089233 -0.762600839138031 
vn -0.6609029769897461 -0.22625771164894104 -0.715552031993866 
vn -0.744878888130188 -0.2595009505748749 -0.6146662831306458 
vn -0.783037543296814 -0.2671353220939636 -0.5616858005523682 
vn -0.8392235040664673 -0.2893674969673157 -0.46040233969688416 
vn -0.8616148233413696 -0.3002059757709503 -0.40926313400268555 
vn -0.8990783095359802 -0.3076038956642151 -0.31150925159454346 
vn -0.9123889803886414 -0.311542272567749 -0.26549527049064636 
vn -0.9321516752243042 -0.3187479078769684 -0.17173540592193604 
vn -0.9371958374977112 -0.3259398639202118 -0.1242060661315918 
vn -0.9452975392341614 -0.32620200514793396 0.002184694167226553 
vn -0.9452975392341614 -0.32620200514793396 0.002184694167226553 
vn -0.9371958374977112 -0.3259398639202118 0.1242060661315918 
vn -0.9321516752243042 -0.3187479078769684 0.17173540592193604 
vn -0.9112921953201294 -0.3147360682487488 0.26549527049064636 
vn -0.8990783095359802 -0.3076038956642151 0.31150925159454346 
vn -0.8629791736602783 -0.29626113176345825 0.40926313400268555 
vn -0.8381173610687256 -0.2925559878349304 0.46040233969688416 
vn -0.7819404602050781 -0.2703298032283783 0.5616858005523682 
vn -0.7462417483329773 -0.2555554509162903 0.6146662831306458 
vn -0.6598021984100342 -0.22944800555706024 0.715552031993866 
vn -0.6114973425865173 -0.21097633242607117 0.762600839138031 
vn 0.6621167659759521 0.22268077731132507 -0.715552031993866 
vn 0.6125906705856323 0.20778030157089233 -0.762600839138031 
vn 0.4984509348869324 0.17069783806800842 -0.8499464392662048 
vn 0.433750182390213 0.14848589897155762 -0.888714075088501 
vn 0.2939351797103882 0.09669848531484604 -0.9509214162826538 
vn 0.21503734588623047 0.06708457320928574 -0.9742990136146545 
vn 0.045693326741456985 0.014846661128103733 -0.9988451600074768 
vn -0.045693326741456985 -0.014846661128103733 -0.9988451600074768 
vn -0.2138800323009491 -0.07068755477666855 -0.9742990136146545 
vn -0.2927311956882477 -0.10028426349163055 -0.9509214162826538 
vn -0.4325110912322998 -0.15205736458301544 -0.888714075088501 
vn -0.4984509348869324 -0.17069783806800842 -0.8499464392662048 
vn -0.6125906705856323 -0.20778030157089233 -0.762600839138031 
vn -0.6609029769897461 -0.22625771164894104 -0.715552031993866 
vn 0.6125906705856323 0.20778030157089233 -0.762600839138031 
vn 0.6621167659759521 0.22268077731132507 -0.715552031993866 
vn 0.7473301887512207 0.2523546814918518 -0.6146662831306458 
vn 0.7854444980621338 0.2599731385707855 -0.5616858005523682 
vn 0.8416566848754883 0.28221210837364197 -0.46040233969688416 
vn 0.865276038646698 0.2894841432571411 -0.40926313400268555 
vn 0.9002929329872131 0.3040306568145752 -0.31150925159454346 
vn 0.9148017168045044 0.3043847680091858 -0.26549527049064636 
vn 0.9345666766166687 0.3115960955619812 -0.17173540592193604 
vn 0.9420458674430847 0.31164464354515076 -0.1242060661315918 
vn 0.947733998298645 0.31905397772789 0.002184694167226553 
vn 0.947733998298645 0.31905397772789 0.002184694167226553 
vn 0.9420458674430847 0.31164464354515076 0.1242060661315918 
vn 0.9345666766166687 0.3115960955619812 0.17173540592193604 
vn 0.914923369884491 0.3040188252925873 0.26549527049064636 
vn 0.9002929329872131 0.3040306568145752 0.31150925159454346 
vn 0.8653989434242249 0.2891165316104889 0.40926313400268555 
vn 0.8417801856994629 0.2818436324596405 0.46040233969688416 
vn 0.7855650186538696 0.25960874557495117 0.5616858005523682 
vn 0.7474551796913147 0.25198423862457275 0.6146662831306458 
vn 0.6622408032417297 0.22231164574623108 0.715552031993866 
vn 0.6127166152000427 0.2074086219072342 0.762600839138031 
vn 0.6622408032417297 0.22231164574623108 0.715552031993866 
vn 0.6127166152000427 0.2074086219072342 0.762600839138031 
vn 0.4987063705921173 0.16995011270046234 0.8499464392662048 
vn 0.4340052902698517 0.14773862063884735 0.888714075088501 
vn 0.29417160153388977 0.0959767997264862 0.9509214162826538 
vn 0.21292509138584137 0.07351399213075638 0.9742990136146545 
vn 0.04580574482679367 0.014496107585728168 0.9988451600074768 
vn -0.04456167668104172 -0.017959969118237495 0.9988451600074768 
vn -0.211673766374588 -0.07704295217990875 0.9742990136146545 
vn -0.29298582673072815 -0.09953786432743073 0.9509214162826538 
vn -0.43277886509895325 -0.1512935906648636 0.888714075088501 
vn -0.4987063705921173 -0.16995011270046234 0.8499464392662048 
vn -0.6114973425865173 -0.21097633242607117 0.762600839138031 
vn -0.6598021984100342 -0.22944800555706024 0.715552031993866 
vn -0.3738320469856262 0.9185461401939392 0.12854042649269104 
vn -0.44272908568382263 0.8926079273223877 0.08510008454322815 
vn -0.4844488501548767 0.8692958354949951 0.0981530249118805 
vn -0.5470276474952698 0.831842303276062 0.09380380809307098 
vn -0.5343558192253113 0.8400384783744812 0.09380380809307098 
vn -0.5339404940605164 0.8343160152435303 0.1372016966342926 
vn -0.41371139883995056 0.9075539708137512 0.07203252613544464 
vn -0.41706356406211853 0.9082865715026855 0.03276457265019417 
vn -0.40350592136383057 0.9149535894393921 -0.006554040592163801 
vn -0.31905397772789 0.947733998298645 0.002184694167226553 
vn -0.38944029808044434 0.9204687476158142 -0.03276457265019417 
vn -0.4254711866378784 0.9027544856071472 -0.0633138045668602 
vn -0.45585036277770996 0.8850995898246765 -0.09380380809307098 
vn -0.3738320469856262 0.9185461401939392 -0.12854042649269104 
vn -0.4474460184574127 0.8856437802314758 -0.1242060661315918 
vn -0.5232818722724915 0.8459726572036743 -0.10250037163496017 
vn -0.5549954175949097 0.8255142569541931 -0.10250037163496017 
vn -0.5297387838363647 0.8369901776313782 -0.1372016966342926 
vn -0.5833784341812134 0.8093762397766113 -0.06767380982637405 
vn -0.5987265110015869 0.8009505867958069 -0.002184694167226553 
vn -0.5987265110015869 0.8009505867958069 -0.002184694167226553 
vn -0.5814048647880554 0.811147153377533 0.0633138045668602 
vn -0.5470276474952698 0.831842303276062 0.09380380809307098 
vn -0.5342585444450378 0.8348129987716675 0.1328723281621933 
vn -0.5345706939697266 0.8403763175010681 0.08945280313491821 
vn -0.4910314083099365 0.8655946850776672 0.0981530249118805 
vn -0.4474585950374603 0.8906519412994385 0.08074574917554855 
vn -0.37884825468063354 0.9170860648155212 0.1242060661315918 
vn -0.42069846391677856 0.9046729207038879 0.06767380982637405 
vn -0.423910915851593 0.9051110744476318 0.03276457265019417 
vn -0.4104039967060089 0.9118802547454834 -0.006554040592163801 
vn -0.32620200514793396 0.9452975392341614 0.002184694167226553 
vn -0.3963804244995117 0.9175015091896057 -0.03276457265019417 
vn -0.4324003756046295 0.8997524976730347 -0.058952588587999344 
vn -0.45585036277770996 0.8850995898246765 -0.09380380809307098 
vn -0.37884825468063354 0.9170860648155212 -0.1242060661315918 
vn -0.44768649339675903 0.8861197233200073 -0.11986933648586273 
vn -0.5235124826431274 0.8463454842567444 -0.0981530249118805 
vn -0.5552399754524231 0.8258780241012573 -0.0981530249118805 
vn -0.5342585444450378 0.8348129987716675 -0.1328723281621933 
vn -0.5814048647880554 0.811147153377533 -0.0633138045668602 
vn -0.5987265110015869 0.8009505867958069 0.002184694167226553 
vn -0.5987265110015869 0.8009505867958069 0.002184694167226553 
vn -0.5833784341812134 0.8093762397766113 0.06767380982637405 
vn 0.5501760840415955 -0.8297632932662964 0.09380380809307098 
vn 0.4910314083099365 -0.8655946850776672 0.0981530249118805 
vn 0.4474585950374603 -0.8906519412994385 0.08074574917554855 
vn 0.37884825468063354 -0.9170860648155212 0.1242060661315918 
vn 0.42069846391677856 -0.9046729207038879 0.06767380982637405 
vn 0.423910915851593 -0.9051110744476318 0.03276457265019417 
vn 0.4104039967060089 -0.9118802547454834 -0.006554040592163801 
vn 0.32620200514793396 -0.9452975392341614 0.002184694167226553 
vn 0.3963804244995117 -0.9175015091896057 -0.03276457265019417 
vn 0.4357987940311432 -0.8981113433837891 -0.058952588587999344 
vn 0.45920124650001526 -0.8833657503128052 -0.09380380809307098 
vn 0.37884825468063354 -0.9170860648155212 -0.1242060661315918 
vn 0.44768649339675903 -0.8861197233200073 -0.11986933648586273 
vn 0.5235124826431274 -0.8463454842567444 -0.0981530249118805 
vn 0.5552399754524231 -0.8258780241012573 -0.0981530249118805 
vn 0.5374336242675781 -0.8327724933624268 -0.1328723281621933 
vn 0.5844672918319702 -0.8089433908462524 -0.0633138045668602 
vn 0.5987265110015869 -0.8009505867958069 0.002184694167226553 
vn 0.5987265110015869 -0.8009505867958069 0.002184694167226553 
vn 0.5833784341812134 -0.8093762397766113 0.06767380982637405 
vn 0.5501760840415955 -0.8297632932662964 0.09380380809307098 
vn 0.5307595729827881 -0.8363432288169861 0.1372016966342926 
vn 0.5311685800552368 -0.842057466506958 0.09380380809307098 
vn 0.4844488501548767 -0.8692958354949951 0.0981530249118805 
vn 0.43934327363967896 -0.8942793011665344 0.08510008454322815 
vn 0.3703315258026123 -0.919963002204895 0.12854042649269104 
vn 0.41371139883995056 -0.9075539708137512 0.07203252613544464 
vn 0.41706356406211853 -0.9082865715026855 0.03276457265019417 
vn 0.40350592136383057 -0.9149535894393921 -0.006554040592163801 
vn 0.31905397772789 -0.947733998298645 0.002184694167226553 
vn 0.38944029808044434 -0.9204687476158142 -0.03276457265019417 
vn 0.4288809895515442 -0.9011395573616028 -0.0633138045668602 
vn 0.452492892742157 -0.8868207335472107 -0.09380380809307098 
vn 0.3703315258026123 -0.919963002204895 -0.12854042649269104 
vn 0.4474460184574127 -0.8856437802314758 -0.1242060661315918 
vn 0.5232818722724915 -0.8459726572036743 -0.10250037163496017 
vn 0.5549954175949097 -0.8255142569541931 -0.10250037163496017 
vn 0.5297387838363647 -0.8369901776313782 -0.1372016966342926 
vn 0.5833784341812134 -0.8093762397766113 -0.06767380982637405 
vn 0.5987265110015869 -0.8009505867958069 -0.002184694167226553 
vn 0.5987265110015869 -0.8009505867958069 -0.002184694167226553 
vn 0.5844672918319702 -0.8089433908462524 0.0633138045668602 
vn 0.5310757160186768 -0.8368414044380188 0.1328723281621933 
vn 0.5377515554428101 -0.8383444547653198 0.08945280313491821 
vn 0.6598021984100342 -0.22944800555706024 0.715552031993866 
vn 0.6091766357421875 -0.2074514776468277 0.7654199600219727 
vn 0.4987063705921173 -0.16995011270046234 0.8499464392662048 
vn 0.4340052902698517 -0.14773862063884735 0.888714075088501 
vn 0.29175692796707153 -0.10308428853750229 0.9509214162826538 
vn 0.21292509138584137 -0.07351399213075638 0.9742990136146545 
vn 0.04580574482679367 -0.014496107585728168 0.9988451600074768 
vn -0.04678100720047951 0.010947178117930889 0.9988451600074768 
vn -0.21411758661270142 0.06996472179889679 0.9742990136146545 
vn -0.29298582673072815 0.09953786432743073 0.9509214162826538 
vn -0.4352025091648102 0.144173726439476 0.888714075088501 
vn -0.4987063705921173 0.16995011270046234 0.8499464392662048 
vn -0.6139150857925415 0.20383386313915253 0.762600839138031 
vn -0.6622408032417297 0.22231164574623108 0.715552031993866 
vn -0.6139150857925415 0.20383386313915253 0.762600839138031 
vn -0.6622408032417297 0.22231164574623108 0.715552031993866 
vn -0.7486515641212463 0.24840722978115082 0.6146662831306458 
vn -0.7843731045722961 0.2631879150867462 0.5616858005523682 
vn -0.8405743837356567 0.2854195833206177 0.46040233969688416 
vn -0.8653989434242249 0.2891165316104889 0.40926313400268555 
vn -0.9014933109283447 0.3004525899887085 0.31150925159454346 
vn -0.9137269854545593 0.30759596824645996 0.26549527049064636 
vn -0.9345666766166687 0.3115960955619812 0.17173540592193604 
vn -0.9420458674430847 0.31164464354515076 0.1242060661315918 
vn -0.947733998298645 0.31905397772789 -0.002184694167226553 
vn -0.947733998298645 0.31905397772789 -0.002184694167226553 
vn -0.9420458674430847 0.31164464354515076 -0.1242060661315918 
vn -0.9345666766166687 0.3115960955619812 -0.17173540592193604 
vn -0.9148017168045044 0.3043847680091858 -0.26549527049064636 
vn -0.9014933109283447 0.3004525899887085 -0.31150925159454346 
vn -0.8640704154968262 0.29306313395500183 -0.40926313400268555 
vn -0.8416566848754883 0.28221210837364197 -0.46040233969688416 
vn -0.7854444980621338 0.2599731385707855 -0.5616858005523682 
vn -0.7473301887512207 0.2523546814918518 -0.6146662831306458 
vn -0.6633111834526062 0.2190973311662674 -0.715552031993866 
vn -0.6125906705856323 0.20778030157089233 -0.762600839138031 
vn -0.6633111834526062 0.2190973311662674 -0.715552031993866 
vn -0.6125906705856323 0.20778030157089233 -0.762600839138031 
vn -0.4984509348869324 0.17069783806800842 -0.8499464392662048 
vn -0.4349597990512848 0.14490434527397156 -0.888714075088501 
vn -0.2927311956882477 0.10028426349163055 -0.9509214162826538 
vn -0.2138800323009491 0.07068755477666855 -0.9742990136146545 
vn -0.045693326741456985 0.014846661128103733 -0.9988451600074768 
vn 0.045693326741456985 -0.014846661128103733 -0.9988451600074768 
vn 0.21266236901283264 -0.0742705911397934 -0.9742990136146545 
vn 0.29148346185684204 -0.10385505110025406 -0.9509214162826538 
vn 0.433750182390213 -0.14848589897155762 -0.888714075088501 
vn 0.4984509348869324 -0.17069783806800842 -0.8499464392662048 
vn 0.6125906705856323 -0.20778030157089233 -0.762600839138031 
vn 0.6596699357032776 -0.22982802987098694 -0.715552031993866 
vn 0.6125906705856323 -0.20778030157089233 -0.762600839138031 
vn 0.6596699357032776 -0.22982802987098694 -0.715552031993866 
vn 0.744878888130188 -0.2595009505748749 -0.6146662831306458 
vn 0.783037543296814 -0.2671353220939636 -0.5616858005523682 
vn 0.8392235040664673 -0.2893674969673157 -0.46040233969688416 
vn 0.86285001039505 -0.29663708806037903 -0.40926313400268555 
vn 0.8978495001792908 -0.3111723065376282 -0.31150925159454346 
vn 0.9123889803886414 -0.311542272567749 -0.26549527049064636 
vn 0.9321516752243042 -0.3187479078769684 -0.17173540592193604 
vn 0.9371958374977112 -0.3259398639202118 -0.1242060661315918 
vn 0.9452975392341614 -0.32620200514793396 0.002184694167226553 
vn 0.9452975392341614 -0.32620200514793396 0.002184694167226553 
vn 0.9371958374977112 -0.3259398639202118 0.1242060661315918 
vn 0.9321516752243042 -0.3187479078769684 0.17173540592193604 
vn 0.9100539088249207 -0.31829890608787537 0.26549527049064636 
vn 0.8978495001792908 -0.3111723065376282 0.31150925159454346 
vn 0.8629791736602783 -0.29626113176345825 0.40926313400268555 
vn 0.8393534421920776 -0.28899040818214417 0.46040233969688416 
vn 0.783164918422699 -0.2667616307735443 0.5616858005523682 
vn 0.7450112104415894 -0.2591208517551422 0.6146662831306458 
vn 0.6598021984100342 -0.22944800555706024 0.715552031993866 
vn 0.6091766357421875 -0.2074514776468277 0.7654199600219727 
vn -0.5297387838363647 -0.8369901776313782 -0.1372016966342926 
vn -0.5470276474952698 -0.831842303276062 -0.09380380809307098 
vn -0.5833784341812134 -0.8093762397766113 -0.06767380982637405 
vn -0.5987265110015869 -0.8009505867958069 -0.002184694167226553 
vn -0.5987265110015869 -0.8009505867958069 -0.002184694167226553 
vn -0.5814048647880554 -0.811147153377533 0.0633138045668602 
vn -0.5343558192253113 -0.8400384783744812 -0.09380380809307098 
vn -0.4844488501548767 -0.8692958354949951 -0.0981530249118805 
vn -0.44272908568382263 -0.8926079273223877 -0.08510008454322815 
vn -0.3738320469856262 -0.9185461401939392 -0.12854042649269104 
vn -0.41371139883995056 -0.9075539708137512 -0.07203252613544464 
vn -0.41706356406211853 -0.9082865715026855 -0.03276457265019417 
vn -0.40350592136383057 -0.9149535894393921 0.006554040592163801 
vn -0.31905397772789 -0.947733998298645 0.002184694167226553 
vn -0.3824779689311981 -0.9233834743499756 0.03276457265019417 
vn -0.4254711866378784 -0.9027544856071472 0.0633138045668602 
vn -0.45585036277770996 -0.8850995898246765 0.09380380809307098 
vn -0.3738320469856262 -0.9185461401939392 0.12854042649269104 
vn -0.4474460184574127 -0.8856437802314758 0.1242060661315918 
vn -0.5232818722724915 -0.8459726572036743 0.10250037163496017 
vn -0.5549954175949097 -0.8255142569541931 0.10250037163496017 
vn -0.5339404940605164 -0.8343160152435303 0.1372016966342926 
vn -0.5833784341812134 -0.8093762397766113 0.06767380982637405 
vn -0.5987265110015869 -0.8009505867958069 0.002184694167226553 
vn -0.5987265110015869 -0.8009505867958069 0.002184694167226553 
vn -0.5814048647880554 -0.811147153377533 -0.0633138045668602 
vn -0.5470276474952698 -0.831842303276062 -0.09380380809307098 
vn -0.5342585444450378 -0.8348129987716675 -0.1328723281621933 
vn -0.5345706939697266 -0.8403763175010681 -0.08945280313491821 
vn -0.4910314083099365 -0.8655946850776672 -0.0981530249118805 
vn -0.44289007782936096 -0.8929325342178345 -0.08074574917554855 
vn -0.37884825468063354 -0.9170860648155212 -0.1242060661315918 
vn -0.42069846391677856 -0.9046729207038879 -0.06767380982637405 
vn -0.423910915851593 -0.9051110744476318 -0.03276457265019417 
vn -0.4104039967060089 -0.9118802547454834 0.006554040592163801 
vn -0.32620200514793396 -0.9452975392341614 0.002184694167226553 
vn -0.3963804244995117 -0.9175015091896057 0.03276457265019417 
vn -0.4324003756046295 -0.8997524976730347 0.058952588587999344 
vn -0.45585036277770996 -0.8850995898246765 0.09380380809307098 
vn -0.37884825468063354 -0.9170860648155212 0.1242060661315918 
vn -0.44768649339675903 -0.8861197233200073 0.11986933648586273 
vn -0.5235124826431274 -0.8463454842567444 0.0981530249118805 
vn -0.5552399754524231 -0.8258780241012573 0.0981530249118805 
vn -0.5342585444450378 -0.8348129987716675 0.1328723281621933 
vn 0.5235124826431274 0.8463454842567444 0.0981530249118805 
vn 0.5374336242675781 0.8327724933624268 0.1328723281621933 
vn 0.5552399754524231 0.8258780241012573 0.0981530249118805 
vn 0.5844672918319702 0.8089433908462524 0.0633138045668602 
vn 0.5987265110015869 0.8009505867958069 -0.002184694167226553 
vn 0.5987265110015869 0.8009505867958069 -0.002184694167226553 
vn 0.5833784341812134 0.8093762397766113 -0.06767380982637405 
vn 0.5501760840415955 0.8297632932662964 -0.09380380809307098 
vn 0.5297387838363647 0.8369901776313782 -0.1372016966342926 
vn 0.5375354290008545 0.8380074501037598 -0.09380380809307098 
vn 0.4844488501548767 0.8692958354949951 -0.0981530249118805 
vn 0.43934327363967896 0.8942793011665344 -0.08510008454322815 
vn 0.3703315258026123 0.919963002204895 -0.12854042649269104 
vn 0.41371139883995056 0.9075539708137512 -0.07203252613544464 
vn 0.41706356406211853 0.9082865715026855 -0.03276457265019417 
vn 0.40350592136383057 0.9149535894393921 0.006554040592163801 
vn 0.31905397772789 0.947733998298645 0.002184694167226553 
vn 0.38944029808044434 0.9204687476158142 0.03276457265019417 
vn 0.4288809895515442 0.9011395573616028 0.0633138045668602 
vn 0.452492892742157 0.8868207335472107 0.09380380809307098 
vn 0.3703315258026123 0.919963002204895 0.12854042649269104 
vn 0.4474460184574127 0.8856437802314758 0.1242060661315918 
vn 0.5232818722724915 0.8459726572036743 0.10250037163496017 
vn 0.5487151741981506 0.8297019600868225 0.10250037163496017 
vn 0.5307595729827881 0.8363432288169861 0.1372016966342926 
vn 0.5833784341812134 0.8093762397766113 0.06767380982637405 
vn 0.5987265110015869 0.8009505867958069 0.002184694167226553 
vn 0.5987265110015869 0.8009505867958069 0.002184694167226553 
vn 0.5844672918319702 0.8089433908462524 -0.0633138045668602 
vn 0.5501760840415955 0.8297632932662964 -0.09380380809307098 
vn 0.5310757160186768 0.8368414044380188 -0.1328723281621933 
vn 0.5377515554428101 0.8383444547653198 -0.08945280313491821 
vn 0.4910314083099365 0.8655946850776672 -0.0981530249118805 
vn 0.44627076387405396 0.8912477493286133 -0.08074574917554855 
vn 0.37884825468063354 0.9170860648155212 -0.1242060661315918 
vn 0.42069846391677856 0.9046729207038879 -0.06767380982637405 
vn 0.423910915851593 0.9051110744476318 -0.03276457265019417 
vn 0.4104039967060089 0.9118802547454834 0.006554040592163801 
vn 0.32620200514793396 0.9452975392341614 0.002184694167226553 
vn 0.3963804244995117 0.9175015091896057 0.03276457265019417 
vn 0.4357987940311432 0.8981113433837891 0.058952588587999344 
vn 0.45920124650001526 0.8833657503128052 0.09380380809307098 
vn 0.37884825468063354 0.9170860648155212 0.1242060661315918 
vn 0.44768649339675903 0.8861197233200073 0.11986933648586273 
vn -0.6907731294631958 -0.7228041887283325 -0.01966099627315998 
vn -0.7344784140586853 -0.6770805716514587 0.04586252197623253 
vn -0.7310903668403625 -0.6763912439346313 0.08945280313491821 
vn -0.7147696018218994 -0.6960780620574951 0.06767380982637405 
vn -0.6657235622406006 -0.7431234121322632 0.06767380982637405 
vn -0.718932569026947 -0.6935651302337646 0.04586252197623253 
vn -0.747994601726532 -0.6626653671264648 0.03713129088282585 
vn -0.7118129134178162 -0.7011421918869019 0.04149730131030083 
vn -0.7339733242988586 -0.6766149401664734 0.058952588587999344 
vn -0.7177039980888367 -0.6963448524475098 0.002184694167226553 
vn 0.6574495434761047 -0.7534953951835632 0.002184694167226553 
vn 0.6574495434761047 -0.7534953951835632 0.002184694167226553 
vn 0.6574495434761047 -0.7534953951835632 0.002184694167226553 
vn 0.6574495434761047 -0.7534953951835632 0.002184694167226553 
vn 0.6574495434761047 -0.7534953951835632 0.002184694167226553 
vn 0.6574495434761047 -0.7534953951835632 0.002184694167226553 
vn 0.6574495434761047 -0.7534953951835632 0.002184694167226553 
vn 0.6574495434761047 -0.7534953951835632 0.002184694167226553 
vn -0.6354784965515137 0.7008788585662842 -0.3239381015300751 
vn -0.6354784965515137 0.7008788585662842 -0.3239381015300751 
vn -0.6354784965515137 0.7008788585662842 -0.3239381015300751 
vn -0.6354784965515137 0.7008788585662842 -0.3239381015300751 
vn -0.6529028415679932 0.7356603741645813 -0.18033768236637115 
vn -0.6529028415679932 0.7356603741645813 -0.18033768236637115 
vn -0.6529028415679932 0.7356603741645813 -0.18033768236637115 
vn -0.6529028415679932 0.7356603741645813 -0.18033768236637115 
vn 0.029053686186671257 0.026485934853553772 0.9992268681526184 
vn 0.029053686186671257 0.026485934853553772 0.9992268681526184 
vn 0.029053686186671257 0.026485934853553772 0.9992268681526184 
vn 0.029053686186671257 0.026485934853553772 0.9992268681526184 
vn -0.33013981580734253 0.3181115984916687 -0.888714075088501 
vn -0.33013981580734253 0.3181115984916687 -0.888714075088501 
vn -0.33013981580734253 0.3181115984916687 -0.888714075088501 
vn -0.33013981580734253 0.3181115984916687 -0.888714075088501 
vn -0.6574495434761047 0.7534953951835632 -0.002184694167226553 
vn -0.6574495434761047 0.7534953951835632 -0.002184694167226553 
vn -0.6574495434761047 0.7534953951835632 -0.002184694167226553 
vn -0.6574495434761047 0.7534953951835632 -0.002184694167226553 
vn 0.6579146981239319 -0.7472276091575623 0.09380380809307098 
vn 0.6579146981239319 -0.7472276091575623 0.09380380809307098 
vn 0.6579146981239319 -0.7472276091575623 0.09380380809307098 
vn 0.6579146981239319 -0.7472276091575623 0.09380380809307098 
vn -0.4984845221042633 0.5238744616508484 -0.6907016038894653 
vn -0.4984845221042633 0.5238744616508484 -0.6907016038894653 
vn -0.4984845221042633 0.5238744616508484 -0.6907016038894653 
vn -0.4984845221042633 0.5238744616508484 -0.6907016038894653 
vn -0.544658899307251 0.588721752166748 -0.5972883701324463 
vn -0.544658899307251 0.588721752166748 -0.5972883701324463 
vn -0.544658899307251 0.588721752166748 -0.5972883701324463 
vn -0.544658899307251 0.588721752166748 -0.5972883701324463 
vn 0.04131331294775009 0.014182877726852894 0.9990455508232117 
vn 0.04131331294775009 0.014182877726852894 0.9990455508232117 
vn 0.04131331294775009 0.014182877726852894 0.9990455508232117 
vn 0.04131331294775009 0.014182877726852894 0.9990455508232117 
vn -0.6574495434761047 0.7534953951835632 0.002184694167226553 
vn -0.6574495434761047 0.7534953951835632 0.002184694167226553 
vn -0.6574495434761047 0.7534953951835632 0.002184694167226553 
vn -0.6574495434761047 0.7534953951835632 0.002184694167226553 
vn -0.027799472212791443 -0.027799472212791443 -0.9992268681526184 
vn -0.027799472212791443 -0.027799472212791443 -0.9992268681526184 
vn -0.027799472212791443 -0.027799472212791443 -0.9992268681526184 
vn -0.027799472212791443 -0.027799472212791443 -0.9992268681526184 
vn -0.7344784140586853 -0.6770805716514587 0.04586252197623253 
vn -0.6907731294631958 -0.7228041887283325 -0.01966099627315998 
vn -0.6766908168792725 -0.7327352166175842 -0.07203252613544464 
vn -0.6526840329170227 -0.7553331255912781 -0.058952588587999344 
vn -0.6931555271148682 -0.7171797156333923 0.07203252613544464 
vn -0.6742216348648071 -0.7382673621177673 0.01966099627315998 
vn -0.6907731294631958 -0.7228041887283325 0.01966099627315998 
vn -0.7250041961669922 -0.6849673390388489 0.07203252613544464 
vn -0.7177039980888367 -0.6963448524475098 0.002184694167226553 
vn 0.6296570897102356 -0.6962990164756775 0.34452807903289795 
vn 0.6296570897102356 -0.6962990164756775 0.34452807903289795 
vn 0.6296570897102356 -0.6962990164756775 0.34452807903289795 
vn 0.6296570897102356 -0.6962990164756775 0.34452807903289795 
vn 0.5506224632263184 -0.5972566604614258 0.5831804275512695 
vn 0.5506224632263184 -0.5972566604614258 0.5831804275512695 
vn 0.5506224632263184 -0.5972566604614258 0.5831804275512695 
vn 0.5506224632263184 -0.5972566604614258 0.5831804275512695 
vn -0.032688722014427185 -0.021841906011104584 -0.9992268681526184 
vn -0.032688722014427185 -0.021841906011104584 -0.9992268681526184 
vn -0.032688722014427185 -0.021841906011104584 -0.9992268681526184 
vn -0.032688722014427185 -0.021841906011104584 -0.9992268681526184 
vn -0.591877818107605 0.6505774259567261 -0.4758462607860565 
vn -0.591877818107605 0.6505774259567261 -0.4758462607860565 
vn -0.591877818107605 0.6505774259567261 -0.4758462607860565 
vn -0.591877818107605 0.6505774259567261 -0.4758462607860565 
vn -0.591877818107605 0.6505774259567261 -0.4758462607860565 
vn -0.591877818107605 0.6505774259567261 -0.4758462607860565 
vn -0.7339733242988586 -0.6766149401664734 0.058952588587999344 
vn -0.7250041961669922 -0.6849673390388489 0.07203252613544464 
vt 0.4329736828804016 0.02652873285114765 
vt 0.43369367718696594 0.026423199102282524 
vt 0.4329736828804016 0.8038848042488098 
vt 0.43369367718696594 0.8037793040275574 
vt 0.7999603152275085 0.520423173904419 
vt 0.7992403507232666 0.5195789337158203 
vt 0.5834505558013916 0.7445752620697021 
vt 0.5828334093093872 0.7437310218811035 
vt 0.23806346952915192 0.8694208264350891 
vt 0.23734349012374878 0.8694208264350891 
vt 0.23610922694206238 0.005105533171445131 
vt 0.2352863848209381 0.005105533171445131 
vt 0.5910618305206299 0.747846782207489 
vt 0.5903418660163879 0.7471080422401428 
vt 0.5946617722511292 0.7440475821495056 
vt 0.5939417481422424 0.7433088421821594 
vt 0.5884904265403748 0.7504851222038269 
vt 0.5877704620361328 0.7497463822364807 
vt 0.5910618305206299 0.747846782207489 
vt 0.5903418660163879 0.7471080422401428 
vt 0.8625990152359009 0.02758406288921833 
vt 0.8617761731147766 0.02758406288921833 
vt 0.8642446994781494 0.8558070659637451 
vt 0.8634218573570251 0.8558070659637451 
vt 0.5858162045478821 0.7532289624214172 
vt 0.5850962400436401 0.752490222454071 
vt 0.5884904265403748 0.7504851222038269 
vt 0.5877704620361328 0.7497463822364807 
vt 0.8617761731147766 0.02758406288921833 
vt 0.8625990152359009 0.02758406288921833 
vt 0.8630104660987854 0.01871928945183754 
vt 0.8637304306030273 0.01871928945183754 
vt 0.8630104660987854 0.01871928945183754 
vt 0.8637304306030273 0.01871928945183754 
vt 0.8648618459701538 0.01122644729912281 
vt 0.8655818104743958 0.01122644729912281 
vt 0.025462184101343155 0.42428261041641235 
vt 0.02474219910800457 0.42354387044906616 
vt 0.20082995295524597 0.2426603138446808 
vt 0.20010997354984283 0.2419215887784958 
vt 0.8567363023757935 0.004999999888241291 
vt 0.8559134602546692 0.004999999888241291 
vt 0.8546791672706604 0.8263633251190186 
vt 0.8539592027664185 0.8263633251190186 
vt 0.43040230870246887 0.8219309449195862 
vt 0.42968234419822693 0.8219309449195862 
vt 0.43369367718696594 0.8037793040275574 
vt 0.4329736828804016 0.8038848042488098 
vt 0.5946617722511292 0.7440475821495056 
vt 0.5939417481422424 0.7433088421821594 
vt 0.7966689467430115 0.5348811745643616 
vt 0.7959489822387695 0.5341424345970154 
vt 0.19003018736839294 0.2347453385591507 
vt 0.1893101930618286 0.2340066134929657 
vt 0.025462184101343155 0.409402459859848 
vt 0.02474219910800457 0.40866371989250183 
vt 0.4246424436569214 0.8434596657752991 
vt 0.42392244935035706 0.8435652256011963 
vt 0.42700809240341187 0.8350170254707336 
vt 0.4261852502822876 0.8350170254707336 
vt 0.4565275013446808 0.8558070659637451 
vt 0.4537504017353058 0.8608726263046265 
vt 0.45889315009117126 0.8495805859565735 
vt 0.42700809240341187 0.8350170254707336 
vt 0.46074455976486206 0.8420877456665039 
vt 0.46187594532966614 0.8332229852676392 
vt 0.43040230870246887 0.8219309449195862 
vt 0.43369367718696594 0.8037793040275574 
vt 0.43369367718696594 0.026423199102282524 
vt 0.4602302610874176 0.004999999888241291 
vt 0.2521546185016632 0.02652873285114765 
vt 0.23610922694206238 0.005105533171445131 
vt 0.23806346952915192 0.8694208264350891 
vt 0.25009751319885254 0.8478920459747314 
vt 0.4473733901977539 0.8674156665802002 
vt 0.4246424436569214 0.8434596657752991 
vt 0.4510761797428131 0.8647773265838623 
vt 0.42700809240341187 0.8350170254707336 
vt 0.4261852502822876 0.8350170254707336 
vt 0.43040230870246887 0.8219309449195862 
vt 0.42968234419822693 0.8219309449195862 
vt 0.5850962400436401 0.752490222454071 
vt 0.5858162045478821 0.7532289624214172 
vt 0.5828334093093872 0.7548119425773621 
vt 0.8648618459701538 0.01122644729912281 
vt 0.8655818104743958 0.01122644729912281 
vt 0.8672274947166443 0.004999999888241291 
vt 0.41039398312568665 0.33082231879234314 
vt 0.41523849964141846 0.33082231879234314 
vt 0.41039398312568665 0.21266824007034302 
vt 0.41523849964141846 0.21266824007034302 
vt 0.41523849964141846 0.18750686943531036 
vt 0.41039398312568665 0.18750686943531036 
vt 0.41523849964141846 0.21266824007034302 
vt 0.41039398312568665 0.21266824007034302 
vt 0.34092143177986145 0.1203712448477745 
vt 0.34092143177986145 0.1155012995004654 
vt 0.26248136162757874 0.1203712448477745 
vt 0.26248136162757874 0.1155012995004654 
vt 0.4047248363494873 0.23597438633441925 
vt 0.3998803198337555 0.23597438633441925 
vt 0.4047248363494873 0.2706437408924103 
vt 0.3998803198337555 0.2706437408924103 
vt 0.3998803198337555 0.23597438633441925 
vt 0.4047248363494873 0.23597438633441925 
vt 0.3998803198337555 0.20049338042736053 
vt 0.4047248363494873 0.20049338042736053 
vt 0.3941081166267395 0.1924927681684494 
vt 0.3892636001110077 0.1924927681684494 
vt 0.3941081166267395 0.12790806591510773 
vt 0.3892636001110077 0.12790806591510773 
vt 0.3998803198337555 0.20049338042736053 
vt 0.4047248363494873 0.20049338042736053 
vt 0.3998803198337555 0.1890142410993576 
vt 0.4047248363494873 0.1890142410993576 
vt 0.34092143177986145 0.1155012995004654 
vt 0.34092143177986145 0.1203712448477745 
vt 0.34720900654792786 0.1155012995004654 
vt 0.34720900654792786 0.1203712448477745 
vt 0.3998803198337555 0.1890142410993576 
vt 0.4047248363494873 0.1890142410993576 
vt 0.3998803198337555 0.1776510328054428 
vt 0.4047248363494873 0.1776510328054428 
vt 0.3941081166267395 0.12790806591510773 
vt 0.3892636001110077 0.12790806591510773 
vt 0.3941081166267395 0.11979149281978607 
vt 0.38936668634414673 0.11979149281978607 
vt 0.3998803198337555 0.1776510328054428 
vt 0.4047248363494873 0.1776510328054428 
vt 0.3998803198337555 0.16675163805484772 
vt 0.4047248363494873 0.16675163805484772 
vt 0.16311705112457275 0.9065189957618713 
vt 0.16311705112457275 0.9113889932632446 
vt 0.2952592074871063 0.9065189957618713 
vt 0.2952592074871063 0.9113889932632446 
vt 0.3998803198337555 0.16675163805484772 
vt 0.4047248363494873 0.16675163805484772 
vt 0.3998803198337555 0.156200110912323 
vt 0.4047248363494873 0.156200110912323 
vt 0.3998803198337555 0.156200110912323 
vt 0.4047248363494873 0.156200110912323 
vt 0.3998803198337555 0.13683629035949707 
vt 0.4047248363494873 0.13683629035949707 
vt 0.18002134561538696 0.1771872341632843 
vt 0.18486587703227997 0.1771872341632843 
vt 0.18002134561538696 0.17254918813705444 
vt 0.18486587703227997 0.17254918813705444 
vt 0.38936668634414673 0.08129575848579407 
vt 0.3941081166267395 0.08129575848579407 
vt 0.38936668634414673 0.11979149281978607 
vt 0.3941081166267395 0.11979149281978607 
vt 0.004999999888241291 0.8798502683639526 
vt 0.004999999888241291 0.8749803304672241 
vt 0.2882500886917114 0.8798502683639526 
vt 0.2882500886917114 0.8749803304672241 
vt 0.3998803198337555 0.12802401185035706 
vt 0.4047248363494873 0.12802401185035706 
vt 0.3998803198337555 0.08790496736764908 
vt 0.4047248363494873 0.08790496736764908 
vt 0.4047248363494873 0.12802401185035706 
vt 0.3998803198337555 0.12802401185035706 
vt 0.4047248363494873 0.13683629035949707 
vt 0.3998803198337555 0.13683629035949707 
vt 0.41039398312568665 0.18750686943531036 
vt 0.41523849964141846 0.18750686943531036 
vt 0.41039398312568665 0.09451416879892349 
vt 0.41523849964141846 0.09451416879892349 
vt 0.2882500886917114 0.8798502683639526 
vt 0.2882500886917114 0.8749803304672241 
vt 0.4324520230293274 0.8798502683639526 
vt 0.4324520230293274 0.8749803304672241 
vt 0.12281472235918045 0.22345168888568878 
vt 0.12281472235918045 0.2283216267824173 
vt 0.0761217474937439 0.22345168888568878 
vt 0.0761217474937439 0.2283216267824173 
vt 0.18002134561538696 0.17254918813705444 
vt 0.18486587703227997 0.17254918813705444 
vt 0.18002134561538696 0.14715592563152313 
vt 0.18486587703227997 0.14715592563152313 
vt 0.13662678003311157 0.08952827751636505 
vt 0.14147129654884338 0.08952827751636505 
vt 0.13662678003311157 0.09312275797128677 
vt 0.14147129654884338 0.09312275797128677 
vt 0.13662678003311157 0.06970065832138062 
vt 0.14147129654884338 0.06970065832138062 
vt 0.13662678003311157 0.08952827751636505 
vt 0.14147129654884338 0.08952827751636505 
vt 0.42441216111183167 0.4500199258327484 
vt 0.41956764459609985 0.4500199258327484 
vt 0.42441216111183167 0.44190338253974915 
vt 0.41956764459609985 0.44190338253974915 
vt 0.11250722408294678 0.10170313715934753 
vt 0.10766270011663437 0.10170313715934753 
vt 0.11250722408294678 0.07086016982793808 
vt 0.10766270011663437 0.07086016982793808 
vt 0.14147129654884338 0.06610617786645889 
vt 0.13662678003311157 0.06610617786645889 
vt 0.14147129654884338 0.06285955011844635 
vt 0.13662678003311157 0.06285955011844635 
vt 0.004999999888241291 0.8855319023132324 
vt 0.004999999888241291 0.8902859091758728 
vt 0.014276750385761261 0.8855319023132324 
vt 0.014276750385761261 0.8902859091758728 
vt 0.02479040063917637 0.16118599474430084 
vt 0.02479040063917637 0.15631605684757233 
vt 0.029634924605488777 0.16118599474430084 
vt 0.029634924605488777 0.15631605684757233 
vt 0.09972592443227768 0.2103492170572281 
vt 0.09972592443227768 0.21510320901870728 
vt 0.13920365273952484 0.2103492170572281 
vt 0.13920365273952484 0.21510320901870728 
vt 0.014276750385761261 0.8855319023132324 
vt 0.014276750385761261 0.8902859091758728 
vt 0.02561499923467636 0.8855319023132324 
vt 0.02561499923467636 0.8902859091758728 
vt 0.03757169842720032 0.16118599474430084 
vt 0.03757169842720032 0.15631605684757233 
vt 0.10096282511949539 0.16118599474430084 
vt 0.10096282511949539 0.15631605684757233 
vt 0.03757169842720032 0.15631605684757233 
vt 0.03757169842720032 0.16118599474430084 
vt 0.029634924605488777 0.15631605684757233 
vt 0.029634924605488777 0.16118599474430084 
vt 0.13662678003311157 0.06610617786645889 
vt 0.14147129654884338 0.06610617786645889 
vt 0.13662678003311157 0.06970065832138062 
vt 0.14147129654884338 0.06970065832138062 
vt 0.41956764459609985 0.4500199258327484 
vt 0.42441216111183167 0.4500199258327484 
vt 0.41956764459609985 0.4587162733078003 
vt 0.42441216111183167 0.4587162733078003 
vt 0.10096282511949539 0.16118599474430084 
vt 0.10096282511949539 0.15631605684757233 
vt 0.10560119897127151 0.16118599474430084 
vt 0.10560119897127151 0.15631605684757233 
vt 0.10560119897127151 0.16118599474430084 
vt 0.10560119897127151 0.15631605684757233 
vt 0.10900267213582993 0.16118599474430084 
vt 0.10900267213582993 0.15631605684757233 
vt 0.3941081166267395 0.349026620388031 
vt 0.3892636001110077 0.349026620388031 
vt 0.3941081166267395 0.310878723859787 
vt 0.38936668634414673 0.310878723859787 
vt 0.06241277605295181 0.8902859091758728 
vt 0.06241277605295181 0.8855319023132324 
vt 0.02561499923467636 0.8902859091758728 
vt 0.02561499923467636 0.8855319023132324 
vt 0.09714905172586441 0.09451416879892349 
vt 0.10199357569217682 0.09451416879892349 
vt 0.09714905172586441 0.08767306059598923 
vt 0.10199357569217682 0.08767306059598923 
vt 0.09714905172586441 0.08767306059598923 
vt 0.10199357569217682 0.08767306059598923 
vt 0.09714905172586441 0.07062826305627823 
vt 0.10199357569217682 0.07062826305627823 
vt 0.2577399015426636 0.1155012995004654 
vt 0.2577399015426636 0.1203712448477745 
vt 0.26248136162757874 0.1155012995004654 
vt 0.26248136162757874 0.1203712448477745 
vt 0.09714905172586441 0.07062826305627823 
vt 0.10199357569217682 0.07062826305627823 
vt 0.09714905172586441 0.06784544140100479 
vt 0.10199357569217682 0.06784544140100479 
vt 0.09714905172586441 0.06784544140100479 
vt 0.10199357569217682 0.06784544140100479 
vt 0.09714905172586441 0.06425096094608307 
vt 0.10199357569217682 0.06425096094608307 
vt 0.4356473386287689 0.8902859091758728 
vt 0.4356473386287689 0.8855319023132324 
vt 0.11797019839286804 0.8902859091758728 
vt 0.11797019839286804 0.8855319023132324 
vt 0.06241277605295181 0.8902859091758728 
vt 0.06241277605295181 0.8855319023132324 
vt 0.004999999888241291 0.9008374214172363 
vt 0.004999999888241291 0.896083414554596 
vt 0.256296843290329 0.9008374214172363 
vt 0.256296843290329 0.896083414554596 
vt 0.256296843290329 0.9008374214172363 
vt 0.256296843290329 0.896083414554596 
vt 0.2686658501625061 0.9008374214172363 
vt 0.2686658501625061 0.896083414554596 
vt 0.4356473386287689 0.8855319023132324 
vt 0.4356473386287689 0.8902859091758728 
vt 0.43915191292762756 0.8855319023132324 
vt 0.43915191292762756 0.8902859091758728 
vt 0.3941081166267395 0.310878723859787 
vt 0.38936668634414673 0.310878723859787 
vt 0.3941081166267395 0.3009069561958313 
vt 0.3892636001110077 0.3009069561958313 
vt 0.2686658501625061 0.9008374214172363 
vt 0.2686658501625061 0.896083414554596 
vt 0.28082871437072754 0.9008374214172363 
vt 0.28082871437072754 0.896083414554596 
vt 0.3998803198337555 0.3603898286819458 
vt 0.4047248363494873 0.3603898286819458 
vt 0.3998803198337555 0.3202707767486572 
vt 0.4047248363494873 0.3202707767486572 
vt 0.28082871437072754 0.9008374214172363 
vt 0.28082871437072754 0.896083414554596 
vt 0.29216694831848145 0.9008374214172363 
vt 0.29216694831848145 0.896083414554596 
vt 0.3941081166267395 0.3009069561958313 
vt 0.3892636001110077 0.3009069561958313 
vt 0.3941081166267395 0.23806150257587433 
vt 0.3892636001110077 0.23806150257587433 
vt 0.29216694831848145 0.9008374214172363 
vt 0.29216694831848145 0.896083414554596 
vt 0.3014436960220337 0.9008374214172363 
vt 0.3014436960220337 0.896083414554596 
vt 0.3998803198337555 0.3202707767486572 
vt 0.4047248363494873 0.3202707767486572 
vt 0.3998803198337555 0.3114584982395172 
vt 0.4047248363494873 0.3114584982395172 
vt 0.42441216111183167 0.6840090751647949 
vt 0.41956764459609985 0.6840090751647949 
vt 0.42441216111183167 0.6760084629058838 
vt 0.41956764459609985 0.6760084629058838 
vt 0.3892636001110077 0.1924927681684494 
vt 0.3941081166267395 0.1924927681684494 
vt 0.3892636001110077 0.23806150257587433 
vt 0.3941081166267395 0.23806150257587433 
vt 0.42441216111183167 0.6760084629058838 
vt 0.41956764459609985 0.6760084629058838 
vt 0.42441216111183167 0.6673120856285095 
vt 0.41956764459609985 0.6673120856285095 
vt 0.3998803198337555 0.3114584982395172 
vt 0.4047248363494873 0.3114584982395172 
vt 0.3998803198337555 0.2706437408924103 
vt 0.4047248363494873 0.2706437408924103 
vt 0.42441216111183167 0.6673120856285095 
vt 0.41956764459609985 0.6673120856285095 
vt 0.42441216111183167 0.65861576795578 
vt 0.41956764459609985 0.65861576795578 
vt 0.42441216111183167 0.65861576795578 
vt 0.41956764459609985 0.65861576795578 
vt 0.42441216111183167 0.4587162733078003 
vt 0.41956764459609985 0.4587162733078003 
vt 0.16311705112457275 0.9113889932632446 
vt 0.16311705112457275 0.9065189957618713 
vt 0.004999999888241291 0.9113889932632446 
vt 0.004999999888241291 0.9065189957618713 
vt 0.5741801261901855 0.8876190185546875 
vt 0.5735617280006409 0.8320784568786621 
vt 0.5775816440582275 0.7972931861877441 
vt 0.5740770697593689 0.5143727660179138 
vt 0.5776847004890442 0.5140249133110046 
vt 0.5754170417785645 0.510894238948822 
vt 0.6156163215637207 0.5107782483100891 
vt 0.6161316633224487 0.5140249133110046 
vt 0.6242746114730835 0.5076475739479065 
vt 0.6242746114730835 0.5028935670852661 
vt 0.6887995600700378 0.4771524667739868 
vt 0.6651953458786011 0.47993528842926025 
vt 0.699828565120697 0.4708911180496216 
vt 0.734461784362793 0.4756450951099396 
vt 0.7352863550186157 0.47251442074775696 
vt 0.7468307614326477 0.47552916407585144 
vt 0.7972344756126404 0.5112420916557312 
vt 0.7581689953804016 0.47993528842926025 
vt 0.7690950036048889 0.48561689257621765 
vt 0.7796086072921753 0.49268990755081177 
vt 0.7989867329597473 0.5084592700004578 
vt 0.8072327375411987 0.5140249133110046 
vt 0.8077480792999268 0.5107782483100891 
vt 0.8453704714775085 0.5137929916381836 
vt 0.8478443026542664 0.510894238948822 
vt 0.8492873311042786 0.5575065016746521 
vt 0.8458858728408813 0.5532163381576538 
vt 0.8456797003746033 0.5579703450202942 
vt 0.8205294013023376 0.5539120435714722 
vt 0.8258892893791199 0.5575065016746521 
vt 0.8221786022186279 0.5583181977272034 
vt 0.8158910274505615 0.5575065016746521 
vt 0.8190863728523254 0.5607531666755676 
vt 0.8130049109458923 0.5638838410377502 
vt 0.8169217705726624 0.5656231045722961 
vt 0.8162002563476562 0.5735077261924744 
vt 0.8131080269813538 0.6422666907310486 
vt 0.8162002563476562 0.6370489001274109 
vt 0.8169217705726624 0.6415709853172302 
vt 0.8160971999168396 0.6471366286277771 
vt 0.8190863728523254 0.645049512386322 
vt 0.8258892893791199 0.646904706954956 
vt 0.8428966999053955 0.6479483246803284 
vt 0.8471227288246155 0.6511949300765991 
vt 0.8456797003746033 0.6479483246803284 
vt 0.8492873311042786 0.6485280394554138 
vt 0.8456797003746033 0.783263087272644 
vt 0.8481534719467163 0.8997938632965088 
vt 0.846504271030426 0.9122006297111511 
vt 0.8437212705612183 0.9243754744529724 
vt 0.8390828967094421 0.9357386827468872 
vt 0.8298061490058899 0.9414202570915222 
vt 0.8326922655105591 0.9450147747993469 
vt 0.824652373790741 0.9508122801780701 
vt 0.8158910274505615 0.9537110924720764 
vt 0.8073357939720154 0.954754650592804 
vt 0.7368324995040894 0.9500006437301636 
vt 0.7116822004318237 0.9500006437301636 
vt 0.6073703169822693 0.9537110924720764 
vt 0.5986089110374451 0.9508122801780701 
vt 0.5934551954269409 0.9414202570915222 
vt 0.5906721353530884 0.9450147747993469 
vt 0.5842815041542053 0.9357386827468872 
vt 0.5796431303024292 0.9243754744529724 
vt 0.5581004619598389 0.4798193573951721 
vt 0.5694386959075928 0.48422548174858093 
vt 0.5190350413322449 0.44851258397102356 
vt 0.5818076729774475 0.4841095209121704 
vt 0.5809831023216248 0.487240195274353 
vt 0.6164408922195435 0.4888635277748108 
vt 0.627366840839386 0.48260217905044556 
vt 0.6510741114616394 0.4798193573951721 
vt 0.6918917894363403 0.45686104893684387 
vt 0.6918917894363403 0.4521070420742035 
vt 0.7006531953811646 0.4489763677120209 
vt 0.7001377940177917 0.4457297623157501 
vt 0.7385847568511963 0.4457297623157501 
vt 0.740852415561676 0.44886043667793274 
vt 0.7421923875808716 0.44538190960884094 
vt 0.7386878728866577 0.16246145963668823 
vt 0.7427077889442444 0.12767615914344788 
vt 0.7419862747192383 0.07213562726974487 
vt 0.7366263270378113 0.035379160195589066 
vt 0.7319879531860352 0.024015963077545166 
vt 0.7227112054824829 0.018334364518523216 
vt 0.7255973219871521 0.014739884063601494 
vt 0.7176605463027954 0.008942333981394768 
vt 0.6045872569084167 0.009753990918397903 
vt 0.708899199962616 0.006043558940291405 
vt 0.5089336633682251 0.004999999888241291 
vt 0.5794369578361511 0.009753990918397903 
vt 0.486463338136673 0.018334364518523216 
vt 0.5002753734588623 0.006043558940291405 
vt 0.4915139973163605 0.008942333981394768 
vt 0.4835772216320038 0.014739884063601494 
vt 0.47718656063079834 0.024015963077545166 
vt 0.47048670053482056 0.17649152874946594 
vt 0.4725481867790222 0.035379160195589066 
vt 0.46976518630981445 0.04755401611328125 
vt 0.46811598539352417 0.05996077507734299 
vt 0.4669821560382843 0.31122657656669617 
vt 0.469146728515625 0.30855971574783325 
vt 0.4705897867679596 0.3118063509464264 
vt 0.47337278723716736 0.3118063509464264 
vt 0.5000692009925842 0.3126180171966553 
vt 0.4903801679611206 0.31284990906715393 
vt 0.4971831142902374 0.31470513343811035 
vt 0.4993476867675781 0.31818366050720215 
vt 0.5031614899635315 0.3174879550933838 
vt 0.5000692009925842 0.3227057456970215 
vt 0.5000692009925842 0.3862468898296356 
vt 0.5032645463943481 0.3958708345890045 
vt 0.4993476867675781 0.39413154125213623 
vt 0.4971831142902374 0.39900150895118713 
vt 0.500378429889679 0.4022481143474579 
vt 0.49409088492393494 0.4014364778995514 
vt 0.4957400858402252 0.4058426022529602 
vt 0.4903801679611206 0.4022481143474579 
vt 0.4705897867679596 0.40178433060646057 
vt 0.4703836143016815 0.40653830766677856 
vt 0.4669821560382843 0.4022481143474579 
vt 0.4707959294319153 0.4459616541862488 
vt 0.46832212805747986 0.44886043667793274 
vt 0.5085213780403137 0.4489763677120209 
vt 0.5090367794036865 0.4457297623157501 
vt 0.5172827243804932 0.451295405626297 
vt 0.5366608500480652 0.4670647382736206 
vt 0.5471745133399963 0.4741377532482147 
vt 0.4748435616493225 0.27926671504974365 
vt 0.4760960638523102 0.27740034461021423 
vt 0.4804317057132721 0.2834659814834595 
vt 0.48168420791625977 0.28159964084625244 
vt 0.4875613749027252 0.28878504037857056 
vt 0.4888139069080353 0.2869186997413635 
vt 0.4965216815471649 0.2955038845539093 
vt 0.4977741837501526 0.29363754391670227 
vt 0.5062527656555176 0.3026893138885498 
vt 0.5075052380561829 0.3008229732513428 
vt 0.515694797039032 0.30968812108039856 
vt 0.5169472694396973 0.30782175064086914 
vt 0.526003897190094 0.31734010577201843 
vt 0.527256429195404 0.3154737651348114 
vt 0.5388181209564209 0.32676514983177185 
vt 0.5399742722511292 0.3248988091945648 
vt 0.5517286062240601 0.3364701569080353 
vt 0.5529811382293701 0.33451047539711 
vt 0.5626158714294434 0.34449541568756104 
vt 0.5638683438301086 0.342629075050354 
vt 0.5714797973632812 0.3511209487915039 
vt 0.5727323293685913 0.3492546081542969 
vt 0.5786094665527344 0.3564400374889374 
vt 0.5798619985580444 0.35457366704940796 
vt 0.5841012597084045 0.3605459928512573 
vt 0.5853537917137146 0.3586796522140503 
vt 0.5841012597084045 0.34869471192359924 
vt 0.5853537917137146 0.3468283414840698 
vt 0.5785131454467773 0.3445887267589569 
vt 0.5798619985580444 0.3427223861217499 
vt 0.5714797973632812 0.3392696678638458 
vt 0.5727323293685913 0.3374033272266388 
vt 0.5625194907188416 0.3325508236885071 
vt 0.5637720227241516 0.33068448305130005 
vt 0.5526921153068542 0.3253653943538666 
vt 0.5539445877075195 0.32349905371665955 
vt 0.5433464050292969 0.3183666169643402 
vt 0.5445989370346069 0.3165002763271332 
vt 0.5329409241676331 0.31071460247039795 
vt 0.5341934561729431 0.3088482618331909 
vt 0.520223081111908 0.30128955841064453 
vt 0.521475613117218 0.2993299067020416 
vt 0.507312536239624 0.29167789220809937 
vt 0.508468747138977 0.28971824049949646 
vt 0.4964253306388855 0.28355929255485535 
vt 0.49758148193359375 0.2816929519176483 
vt 0.4874650537967682 0.2769337594509125 
vt 0.48871755599975586 0.27506741881370544 
vt 0.4804317057132721 0.2716147005558014 
vt 0.48168420791625977 0.26974835991859436 
vt 0.4748435616493225 0.26750874519348145 
vt 0.4760960638523102 0.265642374753952 
vt 0.1642201840877533 0.2879452109336853 
vt 0.1661471277475357 0.2879452109336853 
vt 0.16739964485168457 0.2974635660648346 
vt 0.16932658851146698 0.2974635660648346 
vt 0.1694229394197464 0.30810171365737915 
vt 0.1712535321712494 0.30810171365737915 
vt 0.17009736597537994 0.3181799650192261 
vt 0.17192795872688293 0.3181799650192261 
vt 0.17009736597537994 0.32807159423828125 
vt 0.17192795872688293 0.32807159423828125 
vt 0.17009736597537994 0.3377765715122223 
vt 0.17192795872688293 0.3377765715122223 
vt 0.17009736597537994 0.3475748896598816 
vt 0.17192795872688293 0.3475748896598816 
vt 0.17009736597537994 0.3573732078075409 
vt 0.17192795872688293 0.3573732078075409 
vt 0.17009736597537994 0.3671714961528778 
vt 0.17192795872688293 0.3671714961528778 
vt 0.17009736597537994 0.377063125371933 
vt 0.17192795872688293 0.377063125371933 
vt 0.1694229394197464 0.3871413767337799 
vt 0.1712535321712494 0.3871413767337799 
vt 0.16739964485168457 0.39777955412864685 
vt 0.16932658851146698 0.39777955412864685 
vt 0.1642201840877533 0.40729790925979614 
vt 0.1661471277475357 0.40729790925979614 
vt 0.1661471277475357 0.0313229002058506 
vt 0.1642201840877533 0.0313229002058506 
vt 0.16932658851146698 0.04084125533699989 
vt 0.16739964485168457 0.04084125533699989 
vt 0.1712535321712494 0.051479414105415344 
vt 0.1694229394197464 0.051479414105415344 
vt 0.17192795872688293 0.061557672917842865 
vt 0.17009736597537994 0.061557672917842865 
vt 0.17192795872688293 0.07135597616434097 
vt 0.17009736597537994 0.07135597616434097 
vt 0.17192795872688293 0.08115428686141968 
vt 0.17009736597537994 0.08115428686141968 
vt 0.17192795872688293 0.09095259010791779 
vt 0.17009736597537994 0.09095259010791779 
vt 0.17192795872688293 0.1007508933544159 
vt 0.17009736597537994 0.1007508933544159 
vt 0.17192795872688293 0.1105492040514946 
vt 0.17009736597537994 0.1105492040514946 
vt 0.17192795872688293 0.12044082581996918 
vt 0.17009736597537994 0.12044082581996918 
vt 0.1712535321712494 0.1305190771818161 
vt 0.1694229394197464 0.1305190771818161 
vt 0.16932658851146698 0.14106392860412598 
vt 0.16739964485168457 0.14106392860412598 
vt 0.1661471277475357 0.15058228373527527 
vt 0.1642201840877533 0.15067559480667114 
vt 0.19736361503601074 0.5913194417953491 
vt 0.19187183678150177 0.5804946422576904 
vt 0.19514763355255127 0.5917860269546509 
vt 0.18512752652168274 0.5715361833572388 
vt 0.1774197518825531 0.5656571984291077 
vt 0.17915399372577667 0.5644440650939941 
vt 0.17231334745883942 0.5589383244514465 
vt 0.19919422268867493 0.6042904853820801 
vt 0.19697822630405426 0.6272465586662292 
vt 0.19929055869579315 0.6169816255569458 
vt 0.19919422268867493 0.6273398399353027 
vt 0.1952439844608307 0.6362982988357544 
vt 0.19736361503601074 0.6367648839950562 
vt 0.19187183678150177 0.6465631723403931 
vt 0.1774197518825531 0.6614006161689758 
vt 0.18512752652168274 0.6555216312408447 
vt 0.1792503446340561 0.6626137495040894 
vt 0.17096449434757233 0.6667197346687317 
vt 0.17231334745883942 0.6682127714157104 
vt 0.1627749800682068 0.6724120378494263 
vt 0.15179139375686646 0.673158586025238 
vt 0.15217678248882294 0.6750249266624451 
vt 0.142060324549675 0.6758648157119751 
vt 0.1322329193353653 0.6758648157119751 
vt 0.12250185012817383 0.6739984750747681 
vt 0.12250185012817383 0.6758648157119751 
vt 0.11267443001270294 0.6758648157119751 
vt 0.07355746626853943 0.673158586025238 
vt 0.10284701734781265 0.6758648157119751 
vt 0.09311594814062119 0.6758648157119751 
vt 0.0832885354757309 0.6758648157119751 
vt 0.07317207753658295 0.6750249266624451 
vt 0.05438437685370445 0.6667197346687317 
vt 0.0625738874077797 0.6724120378494263 
vt 0.053035516291856766 0.6682127714157104 
vt 0.04792911559343338 0.6614006161689758 
vt 0.04609851911664009 0.6626137495040894 
vt 0.04022133722901344 0.6555216312408447 
vt 0.030104883015155792 0.6362982988357544 
vt 0.03338068723678589 0.6465631723403931 
vt 0.027985243126749992 0.6367648839950562 
vt 0.028370633721351624 0.6272465586662292 
vt 0.026058299466967583 0.6273398399353027 
vt 0.026058299466967583 0.6169816255569458 
vt 0.030201230198144913 0.5917860269546509 
vt 0.026154646649956703 0.6042904853820801 
vt 0.027985243126749992 0.5913194417953491 
vt 0.03347703441977501 0.5804946422576904 
vt 0.04792911559343338 0.5656571984291077 
vt 0.04022133722901344 0.5715361833572388 
vt 0.04609851911664009 0.5644440650939941 
vt 0.05438437685370445 0.5604314208030701 
vt 0.053035516291856766 0.5589383244514465 
vt 0.0625738874077797 0.5547390580177307 
vt 0.07355746626853943 0.5538992285728455 
vt 0.07317207753658295 0.5521261692047119 
vt 0.0832885354757309 0.5511929988861084 
vt 0.09311594814062119 0.5511929988861084 
vt 0.10284701734781265 0.5511929988861084 
vt 0.11267443001270294 0.5511929988861084 
vt 0.15179139375686646 0.5538992285728455 
vt 0.12250185012817383 0.5511929988861084 
vt 0.1322329193353653 0.5511929988861084 
vt 0.142060324549675 0.5511929988861084 
vt 0.15217678248882294 0.5521261692047119 
vt 0.17096449434757233 0.5604314208030701 
vt 0.1627749800682068 0.5547390580177307 
vt 0.7384495139122009 0.671012282371521 
vt 0.7481805682182312 0.671012282371521 
vt 0.7286220788955688 0.672878623008728 
vt 0.7677390575408936 0.6737185120582581 
vt 0.7580080032348633 0.671012282371521 
vt 0.7681244611740112 0.671852171421051 
vt 0.7787226438522339 0.6744650602340698 
vt 0.7869121432304382 0.6801573634147644 
vt 0.7882609963417053 0.6786643266677856 
vt 0.7951980233192444 0.6842633485794067 
vt 0.7933673858642578 0.6854764819145203 
vt 0.8010751605033875 0.6913554668426514 
vt 0.8079158067703247 0.700313925743103 
vt 0.8111916184425354 0.71067214012146 
vt 0.8133112788200378 0.7101122140884399 
vt 0.8152382373809814 0.7195372581481934 
vt 0.8129258751869202 0.7196305394172668 
vt 0.8152382373809814 0.7298954725265503 
vt 0.8151418566703796 0.742586612701416 
vt 0.8110952973365784 0.75509113073349 
vt 0.8133112788200378 0.7555577158927917 
vt 0.8078194856643677 0.7664757966995239 
vt 0.8010751605033875 0.7753409147262573 
vt 0.7933673858642578 0.7812198996543884 
vt 0.7951980233192444 0.782433032989502 
vt 0.7882609963417053 0.7879387736320496 
vt 0.7869121432304382 0.786445677280426 
vt 0.7787226438522339 0.7921380400657654 
vt 0.7681244611740112 0.7948442101478577 
vt 0.7677390575408936 0.7929778695106506 
vt 0.7580080032348633 0.7956840991973877 
vt 0.7481805682182312 0.7956840991973877 
vt 0.7384495139122009 0.7956840991973877 
vt 0.7384495139122009 0.7938177585601807 
vt 0.7286220788955688 0.7956840991973877 
vt 0.7187946438789368 0.7938177585601807 
vt 0.7187946438789368 0.7956840991973877 
vt 0.7090635895729065 0.7956840991973877 
vt 0.6895051002502441 0.7929778695106506 
vt 0.6992362141609192 0.7956840991973877 
vt 0.6891197562217712 0.7948442101478577 
vt 0.6785215139389038 0.7921380400657654 
vt 0.6703320145606995 0.786445677280426 
vt 0.6689831614494324 0.7879387736320496 
vt 0.6621425151824951 0.782433032989502 
vt 0.6638767719268799 0.7812198996543884 
vt 0.6561689972877502 0.7753409147262573 
vt 0.64942467212677 0.7664757966995239 
vt 0.6461488604545593 0.75509113073349 
vt 0.6439328789710999 0.7555577158927917 
vt 0.6421023011207581 0.742586612701416 
vt 0.6420059204101562 0.7298954725265503 
vt 0.6443182826042175 0.7196305394172668 
vt 0.6420059204101562 0.7195372581481934 
vt 0.6439328789710999 0.7101122140884399 
vt 0.6460525393486023 0.71067214012146 
vt 0.649328351020813 0.700313925743103 
vt 0.6561689972877502 0.6913554668426514 
vt 0.6638767719268799 0.6854764819145203 
vt 0.6620461940765381 0.6842633485794067 
vt 0.6689831614494324 0.6786643266677856 
vt 0.6703320145606995 0.6801573634147644 
vt 0.6785215139389038 0.6744650602340698 
vt 0.6891197562217712 0.671852171421051 
vt 0.6895051002502441 0.6737185120582581 
vt 0.6992362141609192 0.671012282371521 
vt 0.7090635895729065 0.671012282371521 
vt 0.7187946438789368 0.671012282371521 
vt 0.7286220788955688 0.671012282371521 
vt 0.18318742513656616 0.3928060531616211 
vt 0.1851140558719635 0.3928060531616211 
vt 0.1800277680158615 0.3832826018333435 
vt 0.18195439875125885 0.3832826018333435 
vt 0.17810115218162537 0.37267693877220154 
vt 0.17995071411132812 0.37267693877220154 
vt 0.17740756273269653 0.3625582754611969 
vt 0.1792571246623993 0.3625582754611969 
vt 0.17740756273269653 0.35271018743515015 
vt 0.1792571246623993 0.35271018743515015 
vt 0.17740756273269653 0.3429161608219147 
vt 0.1792571246623993 0.3429161608219147 
vt 0.17740756273269653 0.3331221640110016 
vt 0.1792571246623993 0.3331221640110016 
vt 0.17740756273269653 0.3233281672000885 
vt 0.1792571246623993 0.3233281672000885 
vt 0.17740756273269653 0.3135341703891754 
vt 0.1792571246623993 0.3135341703891754 
vt 0.17740756273269653 0.30374017357826233 
vt 0.1792571246623993 0.30374017357826233 
vt 0.17810115218162537 0.2936215102672577 
vt 0.17995071411132812 0.2936215102672577 
vt 0.1800277680158615 0.2830158472061157 
vt 0.18195439875125885 0.2830158472061157 
vt 0.18318742513656616 0.27349239587783813 
vt 0.1851140558719635 0.27349239587783813 
vt 0.17871767282485962 0.22349430620670319 
vt 0.1800277680158615 0.2253340631723404 
vt 0.17316900193691254 0.22766080498695374 
vt 0.17447911202907562 0.22950056195259094 
vt 0.16607904434204102 0.23296363651752472 
vt 0.16731208562850952 0.2348574995994568 
vt 0.15713952481746674 0.23961922526359558 
vt 0.15837256610393524 0.24151308834552765 
vt 0.14735229313373566 0.2468700408935547 
vt 0.14858533442020416 0.24876390397548676 
vt 0.13795039057731628 0.25379619002342224 
vt 0.1391834318637848 0.2556900382041931 
vt 0.12754663825035095 0.2614798843860626 
vt 0.12885674834251404 0.2633737325668335 
vt 0.11483094841241837 0.27094921469688416 
vt 0.11606398969888687 0.27284306287765503 
vt 0.10188406705856323 0.28058087825775146 
vt 0.10311710089445114 0.2824747562408447 
vt 0.09101793169975281 0.28864333033561707 
vt 0.09225096553564072 0.2905372083187103 
vt 0.08215547353029251 0.2952989339828491 
vt 0.08338851481676102 0.29713869094848633 
vt 0.07506551593542099 0.30054765939712524 
vt 0.0762985497713089 0.3024415075778961 
vt 0.0695168524980545 0.304714173078537 
vt 0.07074988633394241 0.30660802125930786 
vt 0.03244867920875549 0.37040430307388306 
vt 0.03052205964922905 0.37040430307388306 
vt 0.02928902395069599 0.36088085174560547 
vt 0.0273624025285244 0.36088085174560547 
vt 0.027285339310765266 0.35032930970191956 
vt 0.025435782968997955 0.35032930970191956 
vt 0.02659175544977188 0.3402106463909149 
vt 0.02474219910800457 0.3402106463909149 
vt 0.02659175544977188 0.3303625285625458 
vt 0.02474219910800457 0.3303625285625458 
vt 0.02659175544977188 0.3205685317516327 
vt 0.02474219910800457 0.3205685317516327 
vt 0.02659175544977188 0.3107745349407196 
vt 0.02474219910800457 0.3107745349407196 
vt 0.02659175544977188 0.3009805381298065 
vt 0.02474219910800457 0.3009805381298065 
vt 0.02659175544977188 0.29118654131889343 
vt 0.02474219910800457 0.29118654131889343 
vt 0.02659175544977188 0.2813384234905243 
vt 0.02474219910800457 0.2813384234905243 
vt 0.027285339310765266 0.27121976017951965 
vt 0.025435782968997955 0.27121976017951965 
vt 0.02928902395069599 0.26066821813583374 
vt 0.0273624025285244 0.26066821813583374 
vt 0.03244867920875549 0.25114476680755615 
vt 0.03052205964922905 0.25114476680755615 
vt 0.1720900982618332 0.21878668665885925 
vt 0.17085705697536469 0.21689282357692719 
vt 0.1665414273738861 0.222953200340271 
vt 0.1653084009885788 0.22105932235717773 
vt 0.1594514697790146 0.2282560169696808 
vt 0.15821842849254608 0.22636215388774872 
vt 0.1505890190601349 0.2348574995994568 
vt 0.14935597777366638 0.23296363651752472 
vt 0.13972288370132446 0.24291996657848358 
vt 0.13848984241485596 0.2410261034965515 
vt 0.12677599489688873 0.2525516450405121 
vt 0.12554295361042023 0.2506577670574188 
vt 0.11398323625326157 0.2620209753513336 
vt 0.11275020241737366 0.26012709736824036 
vt 0.10365655273199081 0.269704669713974 
vt 0.1024235188961029 0.26781079173088074 
vt 0.09425465017557144 0.27663081884384155 
vt 0.09302161633968353 0.2747369408607483 
vt 0.08446741849184036 0.28388160467147827 
vt 0.08323438465595245 0.2819877564907074 
vt 0.07552790641784668 0.2905372083187103 
vt 0.07429486513137817 0.2886974513530731 
vt 0.06843794137239456 0.2958400249481201 
vt 0.06712783873081207 0.2940002679824829 
vt 0.06288927793502808 0.30000653862953186 
vt 0.06157917529344559 0.29816678166389465 
vt 0.6559799909591675 0.1612672209739685 
vt 0.6559799909591675 0.15093211829662323 
vt 0.6536680459976196 0.151094451546669 
vt 0.6540533304214478 0.14151689410209656 
vt 0.6518955230712891 0.14205799996852875 
vt 0.6485817432403564 0.13172289729118347 
vt 0.6418771147727966 0.12279465794563293 
vt 0.634170651435852 0.11684250086545944 
vt 0.6359431147575378 0.1157061830163002 
vt 0.6290072798728943 0.11013279855251312 
vt 0.6276971697807312 0.11159378290176392 
vt 0.6195283532142639 0.10591218620538712 
vt 0.6088933944702148 0.10326077044010162 
vt 0.6084309816360474 0.10510052740573883 
vt 0.5987979173660278 0.10239499807357788 
vt 0.5889335870742798 0.10239499807357788 
vt 0.5791463851928711 0.10239499807357788 
vt 0.5693591237068176 0.10239499807357788 
vt 0.5595719218254089 0.10428886860609055 
vt 0.5595719218254089 0.10239499807357788 
vt 0.5497846603393555 0.10239499807357788 
vt 0.5302872657775879 0.10510052740573883 
vt 0.5399203896522522 0.10239499807357788 
vt 0.5298249125480652 0.10326077044010162 
vt 0.5192670226097107 0.10591218620538712 
vt 0.5110981464385986 0.11159378290176392 
vt 0.509710967540741 0.11013279855251312 
vt 0.502852201461792 0.1157061830163002 
vt 0.504547655582428 0.11684250086545944 
vt 0.4969182312488556 0.12279465794563293 
vt 0.4901365339756012 0.13172289729118347 
vt 0.4868227541446686 0.14205799996852875 
vt 0.4846649169921875 0.14151689410209656 
vt 0.48281538486480713 0.15093211829662323 
vt 0.4850502610206604 0.151094451546669 
vt 0.48273831605911255 0.1612672209739685 
vt 0.48281538486480713 0.17403730750083923 
vt 0.48689979314804077 0.18648271262645721 
vt 0.4846649169921875 0.18696971237659454 
vt 0.4901365339756012 0.197845920920372 
vt 0.4969182312488556 0.2067200392484665 
vt 0.504547655582428 0.21261808276176453 
vt 0.502852201461792 0.21380852162837982 
vt 0.509710967540741 0.2193818986415863 
vt 0.5110981464385986 0.21786680817604065 
vt 0.5192670226097107 0.2236025184392929 
vt 0.5298249125480652 0.22619982063770294 
vt 0.5302872657775879 0.22436006367206573 
vt 0.5399203896522522 0.22711969912052155 
vt 0.5497846603393555 0.22711969912052155 
vt 0.5595719218254089 0.22522583603858948 
vt 0.5595719218254089 0.22711969912052155 
vt 0.5693591237068176 0.22711969912052155 
vt 0.5986437797546387 0.22522583603858948 
vt 0.5791463851928711 0.22711969912052155 
vt 0.5889335870742798 0.22711969912052155 
vt 0.5987979173660278 0.22711969912052155 
vt 0.6088933944702148 0.22619982063770294 
vt 0.6195283532142639 0.2236025184392929 
vt 0.6276201009750366 0.21786680817604065 
vt 0.6290072798728943 0.2193818986415863 
vt 0.6358660459518433 0.21380852162837982 
vt 0.634170651435852 0.21261808276176453 
vt 0.641800045967102 0.2067200392484665 
vt 0.6485817432403564 0.197845920920372 
vt 0.6518184542655945 0.18648271262645721 
vt 0.6540533304214478 0.18696971237659454 
vt 0.6559029221534729 0.17403730750083923 
vt 0.1614551544189453 0.42180928587913513 
vt 0.1720130294561386 0.42440658807754517 
vt 0.15120553970336914 0.4227832853794098 
vt 0.18018190562725067 0.4301423132419586 
vt 0.18156906962394714 0.4286271929740906 
vt 0.18842783570289612 0.43420058488845825 
vt 0.18665534257888794 0.43539100885391235 
vt 0.1943618208169937 0.4412890672683716 
vt 0.2011435329914093 0.45010906457901 
vt 0.20438024401664734 0.4614722728729248 
vt 0.20653806626796722 0.4609852731227875 
vt 0.20846468210220337 0.47397181391716003 
vt 0.20846468210220337 0.4867418706417084 
vt 0.2062298059463501 0.49691465497016907 
vt 0.20846468210220337 0.49707698822021484 
vt 0.2066151350736618 0.5064921975135803 
vt 0.20445731282234192 0.5059511065483093 
vt 0.2011435329914093 0.5162321329116821 
vt 0.1943618208169937 0.525214433670044 
vt 0.18665534257888794 0.5311666131019592 
vt 0.18842783570289612 0.5323029160499573 
vt 0.18156906962394714 0.537876307964325 
vt 0.18018190562725067 0.5364153385162354 
vt 0.1720130294561386 0.5420969128608704 
vt 0.1614551544189453 0.5447483658790588 
vt 0.16099277138710022 0.5429086089134216 
vt 0.15128260850906372 0.5456141233444214 
vt 0.14149537682533264 0.5456141233444214 
vt 0.13170814514160156 0.5456141233444214 
vt 0.1218438446521759 0.5456141233444214 
vt 0.08277199417352676 0.5429086089134216 
vt 0.11205662041902542 0.5456141233444214 
vt 0.10226938873529434 0.5456141233444214 
vt 0.09248215705156326 0.5456141233444214 
vt 0.08230960369110107 0.5447483658790588 
vt 0.07175172865390778 0.5420969128608704 
vt 0.06358285993337631 0.5364153385162354 
vt 0.06219569221138954 0.537876307964325 
vt 0.05533692613244057 0.5323029160499573 
vt 0.05710941553115845 0.5311666131019592 
vt 0.04940293729305267 0.525214433670044 
vt 0.04262123256921768 0.5162321329116821 
vt 0.03938451036810875 0.5059511065483093 
vt 0.03714963421225548 0.5064921975135803 
vt 0.03530007600784302 0.49707698822021484 
vt 0.03753495588898659 0.49691465497016907 
vt 0.03530007600784302 0.4866877794265747 
vt 0.03530007600784302 0.47397181391716003 
vt 0.03938451036810875 0.4614722728729248 
vt 0.03722669929265976 0.4609852731227875 
vt 0.042698297649621964 0.45010906457901 
vt 0.04940293729305267 0.4412349462509155 
vt 0.05710941553115845 0.43539100885391235 
vt 0.05533692613244057 0.43420058488845825 
vt 0.06227275729179382 0.4286271929740906 
vt 0.06358285993337631 0.4301423132419586 
vt 0.07175172865390778 0.42440658807754517 
vt 0.08238667249679565 0.42180928587913513 
vt 0.08277199417352676 0.4235949218273163 
vt 0.09248215705156326 0.42088940739631653 
vt 0.10226938873529434 0.42088940739631653 
vt 0.11205662041902542 0.42088940739631653 
vt 0.12192091345787048 0.42088940739631653 
vt 0.13170814514160156 0.42088940739631653 
vt 0.14149537682533264 0.42088940739631653 
vt 0.15128260850906372 0.42088940739631653 
vt 0.11190402507781982 0.18004700541496277 
vt 0.11263515800237656 0.18219974637031555 
vt 0.10509537160396576 0.18513841927051544 
vt 0.1058264970779419 0.18725699186325073 
vt 0.0977383628487587 0.19063988327980042 
vt 0.0984237939119339 0.1927926391363144 
vt 0.0900614857673645 0.19634637236595154 
vt 0.0907469168305397 0.19849912822246552 
vt 0.08233890682458878 0.20208702981472015 
vt 0.08307003974914551 0.20420561730861664 
vt 0.07498189806938171 0.20758850872516632 
vt 0.07566733658313751 0.2097412496805191 
vt 0.06817324459552765 0.212679922580719 
vt 0.06890437006950378 0.21479849517345428 
vt 0.20046229660511017 0.26427751779556274 
vt 0.1983145922422409 0.26427751779556274 
vt 0.19602981209754944 0.272205114364624 
vt 0.19388210773468018 0.272205114364624 
vt 0.1924198567867279 0.28194373846054077 
vt 0.19027215242385864 0.28194373846054077 
vt 0.18972380459308624 0.2930150032043457 
vt 0.18757610023021698 0.2930150032043457 
vt 0.1880330592393875 0.3050088882446289 
vt 0.18588536977767944 0.3050088882446289 
vt 0.18743902444839478 0.3174469769001007 
vt 0.1852913200855255 0.3174469769001007 
vt 0.1880330592393875 0.3298850953578949 
vt 0.18588536977767944 0.3298850953578949 
vt 0.18972380459308624 0.3418789505958557 
vt 0.18757610023021698 0.3418789505958557 
vt 0.1924198567867279 0.35295024514198303 
vt 0.19027215242385864 0.35295024514198303 
vt 0.19602981209754944 0.3626888692378998 
vt 0.19388210773468018 0.3626888692378998 
vt 0.20046229660511017 0.37061643600463867 
vt 0.1983145922422409 0.37058225274086 
vt 0.12314517050981522 0.1861293613910675 
vt 0.12245973199605942 0.18401078879833221 
vt 0.11633650958538055 0.19122079014778137 
vt 0.11565107107162476 0.1890680342912674 
vt 0.10897950083017349 0.19672225415706635 
vt 0.10824836790561676 0.19456949830055237 
vt 0.1013026237487793 0.20242874324321747 
vt 0.10057149082422256 0.20031017065048218 
vt 0.0936257466673851 0.20816940069198608 
vt 0.09289461374282837 0.2060166597366333 
vt 0.0862230435013771 0.21367086470127106 
vt 0.08549191057682037 0.21151812374591827 
vt 0.07941438257694244 0.21876229345798492 
vt 0.07868325710296631 0.21660953760147095 
vt 0.06145597621798515 0.25112184882164 
vt 0.06360366940498352 0.25112184882164 
vt 0.05702349171042442 0.2590494155883789 
vt 0.059125494211912155 0.2590494155883789 
vt 0.05341353267431259 0.26878803968429565 
vt 0.055515535175800323 0.26878803968429565 
vt 0.05071748420596123 0.279859334230423 
vt 0.05281948670744896 0.279859334230423 
vt 0.049026742577552795 0.2918531894683838 
vt 0.05117444321513176 0.2918531894683838 
vt 0.04843270033597946 0.304291307926178 
vt 0.05058039724826813 0.304291307926178 
vt 0.049026742577552795 0.3167293965816498 
vt 0.05117444321513176 0.3167293965816498 
vt 0.05071748420596123 0.328723281621933 
vt 0.05281948670744896 0.328723281621933 
vt 0.05341353267431259 0.3397945463657379 
vt 0.055515535175800323 0.3397945463657379 
vt 0.05702349171042442 0.34953317046165466 
vt 0.059125494211912155 0.34953317046165466 
vt 0.06145597621798515 0.35746076703071594 
vt 0.06360366940498352 0.35746076703071594 
vt 0.3559647500514984 0.30644404888153076 
vt 0.355005145072937 0.3083575963973999 
vt 0.3656979501247406 0.3112621009349823 
vt 0.37757882475852966 0.32506701350212097 
vt 0.373649001121521 0.31720778346061707 
vt 0.3795437514781952 0.3240077495574951 
vt 0.34490638971328735 0.3028561472892761 
vt 0.3328884243965149 0.30060088634490967 
vt 0.3204592168331146 0.30193352699279785 
vt 0.3204592168331146 0.29981493949890137 
vt 0.30802997946739197 0.30060088634490967 
vt 0.29605770111083984 0.3028561472892761 
vt 0.2859589457511902 0.3083575963973999 
vt 0.28495365381240845 0.30644404888153076 
vt 0.27522045373916626 0.3112621009349823 
vt 0.2673150897026062 0.31720778346061707 
vt 0.2633395791053772 0.32506701350212097 
vt 0.26137465238571167 0.3240077495574951 
vt 0.25767332315444946 0.33138859272003174 
vt 0.25863292813301086 0.339076966047287 
vt 0.25639382004737854 0.339076966047287 
vt 0.25767332315444946 0.34673118591308594 
vt 0.2633395791053772 0.3530527353286743 
vt 0.26137465238571167 0.35411202907562256 
vt 0.2673150897026062 0.3609461486339569 
vt 0.27522045373916626 0.3668918311595917 
vt 0.2859589457511902 0.3697621822357178 
vt 0.28495365381240845 0.3717098832130432 
vt 0.29605770111083984 0.37529781460762024 
vt 0.30802997946739197 0.377518892288208 
vt 0.3204592168331146 0.3761862516403198 
vt 0.3204592168331146 0.3783048093318939 
vt 0.3328884243965149 0.377518892288208 
vt 0.34490638971328735 0.37529781460762024 
vt 0.355005145072937 0.3697621822357178 
vt 0.3559647500514984 0.3717098832130432 
vt 0.3656979501247406 0.3668918311595917 
vt 0.373649001121521 0.3609461486339569 
vt 0.37757882475852966 0.353086918592453 
vt 0.3795437514781952 0.35411202907562256 
vt 0.3832450807094574 0.34673118591308594 
vt 0.382285475730896 0.339076966047287 
vt 0.38457027077674866 0.339076966047287 
vt 0.3832450807094574 0.33138859272003174 
vt 0.3054710030555725 0.398807168006897 
vt 0.3134220540523529 0.3928614854812622 
vt 0.30154117941856384 0.40666642785072327 
vt 0.3241148591041565 0.3899569809436798 
vt 0.3231552541255951 0.38804343342781067 
vt 0.33421361446380615 0.38445553183555603 
vt 0.3461858928203583 0.3822002708911896 
vt 0.35866081714630127 0.38356709480285645 
vt 0.35866081714630127 0.38141435384750366 
vt 0.37109002470970154 0.3822002708911896 
vt 0.38306230306625366 0.38445553183555603 
vt 0.3931610584259033 0.3899569809436798 
vt 0.3941206634044647 0.38804343342781067 
vt 0.4038538634777069 0.3928614854812622 
vt 0.4118049144744873 0.398807168006897 
vt 0.41573473811149597 0.40666642785072327 
vt 0.4176996648311615 0.405607134103775 
vt 0.4214009940624237 0.41298797726631165 
vt 0.42048707604408264 0.4206763505935669 
vt 0.42272618412971497 0.4206763505935669 
vt 0.42144671082496643 0.42833057045936584 
vt 0.4157804250717163 0.4346863031387329 
vt 0.41774535179138184 0.43574559688568115 
vt 0.4118049144744873 0.4425455629825592 
vt 0.40389955043792725 0.44849124550819397 
vt 0.3931610584259033 0.451395720243454 
vt 0.39416638016700745 0.4533092975616455 
vt 0.38306230306625366 0.45689719915390015 
vt 0.37109002470970154 0.4591524600982666 
vt 0.35866081714630127 0.4578198194503784 
vt 0.35866081714630127 0.4599383771419525 
vt 0.3461858928203583 0.4591524600982666 
vt 0.33421361446380615 0.45689719915390015 
vt 0.3241148591041565 0.451395720243454 
vt 0.32310956716537476 0.4533092975616455 
vt 0.31337636709213257 0.44849124550819397 
vt 0.3054710030555725 0.4425455629825592 
vt 0.30154117941856384 0.4346863031387329 
vt 0.2995762526988983 0.43574559688568115 
vt 0.2958292067050934 0.42833057045936584 
vt 0.2967888414859772 0.4206763505935669 
vt 0.29454973340034485 0.4206763505935669 
vt 0.2958749234676361 0.41298797726631165 
vt 0.2995762526988983 0.405607134103775 
vt 0.17480093240737915 0.1416425257921219 
vt 0.17690949141979218 0.1415807157754898 
vt 0.17923767864704132 0.13366931676864624 
vt 0.1813901662826538 0.13366931676864624 
vt 0.1828397959470749 0.12396549433469772 
vt 0.18499226868152618 0.12396549433469772 
vt 0.18551941215991974 0.11284008622169495 
vt 0.18767189979553223 0.11284008622169495 
vt 0.1872326135635376 0.10091118514537811 
vt 0.18934117257595062 0.10091118514537811 
vt 0.18780368566513062 0.08842600882053375 
vt 0.1899561583995819 0.08842600882053375 
vt 0.1872326135635376 0.07600264251232147 
vt 0.18934117257595062 0.07600264251232147 
vt 0.18551941215991974 0.06401192396879196 
vt 0.18767189979553223 0.06401192396879196 
vt 0.1828397959470749 0.05294832959771156 
vt 0.18499226868152618 0.05294832959771156 
vt 0.17923767864704132 0.043182697147130966 
vt 0.1813901662826538 0.043182697147130966 
vt 0.17480093240737915 0.0352712981402874 
vt 0.17690949141979218 0.0352712981402874 
vt 0.02544505149126053 0.07872218638658524 
vt 0.02474219910800457 0.08082364499568939 
vt 0.032253921031951904 0.08379042148590088 
vt 0.031551070511341095 0.08595369756221771 
vt 0.039633858948946 0.08929131925106049 
vt 0.03893100842833519 0.09145458787679672 
vt 0.047321293503046036 0.09503944218158722 
vt 0.046618442982435226 0.09714090824127197 
vt 0.05500872805714607 0.10072576254606247 
vt 0.05430587753653526 0.1028890311717987 
vt 0.06238866597414017 0.10622665286064148 
vt 0.06168581545352936 0.10838992893695831 
vt 0.06919753551483154 0.1113567054271698 
vt 0.06845075637102127 0.11345816403627396 
vt 0.14712616801261902 0.03792903572320938 
vt 0.1492786407470703 0.03792903572320938 
vt 0.15160684287548065 0.04584043473005295 
vt 0.15371540188789368 0.04584043473005295 
vt 0.15520896017551422 0.055544257164001465 
vt 0.15736143290996552 0.055544257164001465 
vt 0.15788857638835907 0.06666966527700424 
vt 0.16004104912281036 0.06666966527700424 
vt 0.15955784916877747 0.07859856635332108 
vt 0.16171032190322876 0.07859856635332108 
vt 0.16017283499240875 0.09108374267816544 
vt 0.16228139400482178 0.09108374267816544 
vt 0.15955784916877747 0.10350710898637772 
vt 0.16171032190322876 0.10350710898637772 
vt 0.15788857638835907 0.11549782752990723 
vt 0.16004104912281036 0.11549782752990723 
vt 0.15520896017551422 0.12656141817569733 
vt 0.15736143290996552 0.12656141817569733 
vt 0.15160684287548065 0.13632705807685852 
vt 0.15371540188789368 0.13632705807685852 
vt 0.14712616801261902 0.1442384570837021 
vt 0.1492786407470703 0.1442384570837021 
vt 0.06919753551483154 0.12316199392080307 
vt 0.06849468499422073 0.1253252625465393 
vt 0.06238866597414017 0.11809375137090683 
vt 0.06168581545352936 0.12025702744722366 
vt 0.05500872805714607 0.11259286105632782 
vt 0.05430587753653526 0.11469431966543198 
vt 0.047321293503046036 0.10684473067522049 
vt 0.046618442982435226 0.10900800675153732 
vt 0.039633858948946 0.10115841776132584 
vt 0.03893100842833519 0.10325987637042999 
vt 0.032253921031951904 0.09565751999616623 
vt 0.031551070511341095 0.09775898605585098 
vt 0.02548898011445999 0.0905274748802185 
vt 0.02474219910800457 0.09269074350595474 
vt 0.3204668462276459 0.46304309368133545 
vt 0.3204668462276459 0.465144544839859 
vt 0.3080351650714874 0.463784784078598 
vt 0.2859392762184143 0.47157254815101624 
vt 0.2960427701473236 0.4660716652870178 
vt 0.2849728465080261 0.4696565270423889 
vt 0.3328985273838043 0.463784784078598 
vt 0.34489092230796814 0.4660716652870178 
vt 0.35499441623687744 0.47157254815101624 
vt 0.35596081614494324 0.4696565270423889 
vt 0.36571288108825684 0.47447752952575684 
vt 0.37366390228271484 0.4804110825061798 
vt 0.37757349014282227 0.4882606565952301 
vt 0.3795502781867981 0.4872099459171295 
vt 0.3832402527332306 0.49462687969207764 
vt 0.38231775164604187 0.5022910237312317 
vt 0.3845580816268921 0.5022910237312317 
vt 0.3832402527332306 0.5099552273750305 
vt 0.37757349014282227 0.5163214206695557 
vt 0.3795502781867981 0.5173721313476562 
vt 0.3736199736595154 0.524170994758606 
vt 0.36571288108825684 0.5301045179367065 
vt 0.35499441623687744 0.5330095291137695 
vt 0.35596081614494324 0.5349255800247192 
vt 0.34489092230796814 0.5385103821754456 
vt 0.3328985273838043 0.5407354831695557 
vt 0.3204668462276459 0.5393757224082947 
vt 0.3204668462276459 0.5415390133857727 
vt 0.3080351650714874 0.5407354831695557 
vt 0.2960427701473236 0.5385103821754456 
vt 0.2859392762184143 0.5330095291137695 
vt 0.2849728465080261 0.5349255800247192 
vt 0.2752207815647125 0.5301045179367065 
vt 0.26731371879577637 0.524170994758606 
vt 0.2633601725101471 0.5163214206695557 
vt 0.26138341426849365 0.5173721313476562 
vt 0.25769343972206116 0.5099552273750305 
vt 0.25865986943244934 0.5022910237312317 
vt 0.25637561082839966 0.5022910237312317 
vt 0.25769343972206116 0.49462687969207764 
vt 0.2633601725101471 0.4882606565952301 
vt 0.26138341426849365 0.4872099459171295 
vt 0.26731371879577637 0.4804110825061798 
vt 0.2752207815647125 0.47447752952575684 
vt 0.19070294499397278 0.4579748511314392 
vt 0.1787983924150467 0.44419169425964355 
vt 0.16812384128570557 0.44128674268722534 
vt 0.16909027099609375 0.43937069177627563 
vt 0.15802036225795746 0.43578583002090454 
vt 0.14602796733379364 0.4335607588291168 
vt 0.1335962861776352 0.4348587393760681 
vt 0.1335962861776352 0.43275725841522217 
vt 0.12112066894769669 0.4335607588291168 
vt 0.10917220264673233 0.43578583002090454 
vt 0.09906871616840363 0.44128674268722534 
vt 0.09805836528539658 0.43937069177627563 
vt 0.08835023641586304 0.44419169425964355 
vt 0.08039923012256622 0.45012524724006653 
vt 0.07644569128751755 0.4579748511314392 
vt 0.07451285421848297 0.45692411065101624 
vt 0.07077895104885101 0.46434104442596436 
vt 0.0717453733086586 0.4720052182674408 
vt 0.06950503587722778 0.4720052182674408 
vt 0.07077895104885101 0.47966939210891724 
vt 0.07644569128751755 0.4860355854034424 
vt 0.07451285421848297 0.48708632588386536 
vt 0.08039923012256622 0.49388518929481506 
vt 0.08835023641586304 0.49981871247291565 
vt 0.09906871616840363 0.5027236938476562 
vt 0.09805836528539658 0.504639744758606 
vt 0.10917220264673233 0.508224606513977 
vt 0.12112066894769669 0.5104496479034424 
vt 0.1335962861776352 0.5090898871421814 
vt 0.1335962861776352 0.5112531781196594 
vt 0.14602796733379364 0.5104496479034424 
vt 0.15802036225795746 0.508224606513977 
vt 0.1680799126625061 0.5027236938476562 
vt 0.16909027099609375 0.504639744758606 
vt 0.1787983924150467 0.49981871247291565 
vt 0.1867493987083435 0.49388518929481506 
vt 0.19070294499397278 0.4860355854034424 
vt 0.19263577461242676 0.48708632588386536 
vt 0.19636967778205872 0.47966939210891724 
vt 0.19540326297283173 0.4720052182674408 
vt 0.19764359295368195 0.4720052182674408 
vt 0.19636967778205872 0.46434104442596436 
vt 0.19263577461242676 0.45692411065101624 
vt 0.1867493987083435 0.45012524724006653 
vt 0.04777580499649048 0.3508791923522949 
vt 0.045662689954042435 0.3508791923522949 
vt 0.04333395138382912 0.34295955300331116 
vt 0.04122083634138107 0.34295955300331116 
vt 0.039711467921733856 0.33320626616477966 
vt 0.03759835287928581 0.33320626616477966 
vt 0.03703773021697998 0.3221265375614166 
vt 0.03492461517453194 0.3221265375614166 
vt 0.035355862230062485 0.31014952063560486 
vt 0.03324274718761444 0.31014952063560486 
vt 0.03475211560726166 0.2977043390274048 
vt 0.032639000564813614 0.2977043390274048 
vt 0.035355862230062485 0.2852591574192047 
vt 0.03324274718761444 0.2852591574192047 
vt 0.03703773021697998 0.27328214049339294 
vt 0.03492461517453194 0.27328214049339294 
vt 0.039711467921733856 0.2622024118900299 
vt 0.03759835287928581 0.2622024118900299 
vt 0.04333395138382912 0.2524491548538208 
vt 0.04122083634138107 0.2524491548538208 
vt 0.047818928956985474 0.24452948570251465 
vt 0.045662689954042435 0.24452948570251465 
vt 0.07020070403814316 0.06608357280492783 
vt 0.06951070576906204 0.06393785029649734 
vt 0.07701441645622253 0.061011869460344315 
vt 0.07628129422664642 0.058866146951913834 
vt 0.08438876271247864 0.055511023849248886 
vt 0.08365564048290253 0.053365301340818405 
vt 0.09206497669219971 0.049776095896959305 
vt 0.09137497842311859 0.04763037711381912 
vt 0.09974119067192078 0.04404117166996002 
vt 0.09905119240283966 0.04189544916152954 
vt 0.10715865343809128 0.038540322333574295 
vt 0.10642553120851517 0.03639460355043411 
vt 0.11392924934625626 0.033468618988990784 
vt 0.11323925107717514 0.0313229002058506 
vt 0.14256411790847778 0.0313229002058506 
vt 0.14040787518024445 0.0313229002058506 
vt 0.13812226057052612 0.03924255818128586 
vt 0.13596601784229279 0.03924255818128586 
vt 0.13449977338314056 0.04899583384394646 
vt 0.13234353065490723 0.04899583384394646 
vt 0.13182604312896729 0.0600755549967289 
vt 0.12966980040073395 0.0600755549967289 
vt 0.1301441788673401 0.07205257564783096 
vt 0.12798793613910675 0.07205257564783096 
vt 0.12954042851924896 0.08449775725603104 
vt 0.12738418579101562 0.08449775725603104 
vt 0.1301441788673401 0.09694293141365051 
vt 0.12798793613910675 0.09690392017364502 
vt 0.13182604312896729 0.10891995579004288 
vt 0.12966980040073395 0.10891995579004288 
vt 0.13449977338314056 0.11999967694282532 
vt 0.13234353065490723 0.11999967694282532 
vt 0.13812226057052612 0.12971393764019012 
vt 0.13596601784229279 0.12971393764019012 
vt 0.14256411790847778 0.13763359189033508 
vt 0.14040787518024445 0.13763359189033508 
vt 0.12052734196186066 0.0400618351995945 
vt 0.11979421973228455 0.03791611269116402 
vt 0.11371362209320068 0.04513353854417801 
vt 0.11302362382411957 0.04298781603574753 
vt 0.10633928328752518 0.05063438415527344 
vt 0.10564928501844406 0.048488665372133255 
vt 0.09866306930780411 0.05636930838227272 
vt 0.09797307103872299 0.05422358959913254 
vt 0.09098685532808304 0.06206522136926651 
vt 0.09025373309850693 0.05991950258612633 
vt 0.08361251652240753 0.06756606698036194 
vt 0.08287939429283142 0.06545936316251755 
vt 0.07679879665374756 0.07267678529024124 
vt 0.07606567442417145 0.07053106278181076 
vt 0.28629907965660095 0.03791611269116402 
vt 0.28724780678749084 0.039866767823696136 
vt 0.27655285596847534 0.042753737419843674 
vt 0.26469355821609497 0.05656437575817108 
vt 0.2686178982257843 0.04872274398803711 
vt 0.2627097964286804 0.055511023849248886 
vt 0.2973821461200714 0.03436592221260071 
vt 0.30937084555625916 0.03210316225886345 
vt 0.32179078459739685 0.033468618988990784 
vt 0.32179078459739685 0.0313229002058506 
vt 0.33421072363853455 0.03210316225886345 
vt 0.3461994230747223 0.03436592221260071 
vt 0.35633376240730286 0.039866767823696136 
vt 0.35728248953819275 0.03791611269116402 
vt 0.36702871322631836 0.042753737419843674 
vt 0.3749636709690094 0.04872274398803711 
vt 0.37888801097869873 0.05656437575817108 
vt 0.3808717727661133 0.055511023849248886 
vt 0.38458049297332764 0.06288449466228485 
vt 0.38363173604011536 0.07057008147239685 
vt 0.3858742415904999 0.07057008147239685 
vt 0.38458049297332764 0.07825566083192825 
vt 0.37888801097869873 0.08457577973604202 
vt 0.3808717727661133 0.08562913537025452 
vt 0.3749636709690094 0.09245643019676208 
vt 0.36702871322631836 0.09838642179965973 
vt 0.35633376240730286 0.10131239891052246 
vt 0.35728248953819275 0.10322404652833939 
vt 0.3461994230747223 0.10681325197219849 
vt 0.33421072363853455 0.10907600820064545 
vt 0.32179078459739685 0.10771054774522781 
vt 0.32179078459739685 0.1098562702536583 
vt 0.30932772159576416 0.10907600820064545 
vt 0.2973390221595764 0.10681325197219849 
vt 0.28724780678749084 0.10131239891052246 
vt 0.28625595569610596 0.10322404652833939 
vt 0.27655285596847534 0.09838642179965973 
vt 0.2686178982257843 0.09245643019676208 
vt 0.2646504342556 0.08457577973604202 
vt 0.2627097964286804 0.08562913537025452 
vt 0.25900107622146606 0.07825566083192825 
vt 0.25994983315467834 0.07057008147239685 
vt 0.2577073276042938 0.07057008147239685 
vt 0.25900107622146606 0.06288449466228485 
vt 0.3775942623615265 0.24082325398921967 
vt 0.3656918406486511 0.22701260447502136 
vt 0.3549968898296356 0.22412563860416412 
vt 0.3559887409210205 0.2222139984369278 
vt 0.34490567445755005 0.2186248004436493 
vt 0.3329169750213623 0.21636202931404114 
vt 0.3204539120197296 0.21772749722003937 
vt 0.3204539120197296 0.2155817747116089 
vt 0.3080339729785919 0.21636202931404114 
vt 0.2960452735424042 0.2186248004436493 
vt 0.285954087972641 0.22412563860416412 
vt 0.2849622070789337 0.2221749871969223 
vt 0.2752160131931305 0.22701260447502136 
vt 0.26732414960861206 0.2329816073179245 
vt 0.26335668563842773 0.24082325398921967 
vt 0.26137295365333557 0.23976989090442657 
vt 0.25766420364379883 0.24714337289333344 
vt 0.2586560845375061 0.25482895970344543 
vt 0.2563704550266266 0.25482895970344543 
vt 0.25766420364379883 0.26251453161239624 
vt 0.26335668563842773 0.26883465051651 
vt 0.26137295365333557 0.2698880136013031 
vt 0.26732414960861206 0.2766762971878052 
vt 0.2752160131931305 0.2826452851295471 
vt 0.285954087972641 0.28553226590156555 
vt 0.2849622070789337 0.2874829173088074 
vt 0.2960452735424042 0.29107213020324707 
vt 0.3080339729785919 0.29329586029052734 
vt 0.3204539120197296 0.2919304072856903 
vt 0.3204539120197296 0.2940761148929596 
vt 0.3329169750213623 0.29329586029052734 
vt 0.34490567445755005 0.29107213020324707 
vt 0.3549968898296356 0.28553226590156555 
vt 0.3559887409210205 0.2874829173088074 
vt 0.3656918406486511 0.2826452851295471 
vt 0.37362679839134216 0.27671530842781067 
vt 0.3775942623615265 0.26883465051651 
vt 0.37953490018844604 0.2698880136013031 
vt 0.3832436203956604 0.26251453161239624 
vt 0.3822948932647705 0.25482895970344543 
vt 0.38453736901283264 0.25482895970344543 
vt 0.3832436203956604 0.24714337289333344 
vt 0.37953490018844604 0.23976989090442657 
vt 0.37362679839134216 0.2329816073179245 
vt 0.06846468150615692 0.13848133385181427 
vt 0.0691905990242958 0.1363081932067871 
vt 0.06165224313735962 0.13341066241264343 
vt 0.062378156930208206 0.13123752176761627 
vt 0.05428140237927437 0.12789422273635864 
vt 0.055007316172122955 0.1257210671901703 
vt 0.04663136228919029 0.12215488404035568 
vt 0.047301437705755234 0.12003745883703232 
vt 0.03892548382282257 0.11641554534435272 
vt 0.039651401340961456 0.11429812014102936 
vt 0.03155464306473732 0.11095482110977173 
vt 0.032280560582876205 0.10878167301416397 
vt 0.02474219910800457 0.1058284267783165 
vt 0.025468116626143456 0.10371100157499313 
vt 0.4669926166534424 0.453810453414917 
vt 0.4691145420074463 0.453810453414917 
vt 0.47140395641326904 0.4617229104042053 
vt 0.4735817015171051 0.4617229104042053 
vt 0.47503355145454407 0.47147423028945923 
vt 0.4771554470062256 0.47147423028945923 
vt 0.47771385312080383 0.4825628399848938 
vt 0.47983574867248535 0.4825628399848938 
vt 0.4793890416622162 0.49454301595687866 
vt 0.4815109372138977 0.49454301595687866 
vt 0.4800032675266266 0.5069689154624939 
vt 0.4821251928806305 0.5069689154624939 
vt 0.4793890416622162 0.5193948745727539 
vt 0.4815109372138977 0.5193948745727539 
vt 0.47771385312080383 0.5313750505447388 
vt 0.47983574867248535 0.5313750505447388 
vt 0.47503355145454407 0.5424636602401733 
vt 0.4771554470062256 0.5424636602401733 
vt 0.47140395641326904 0.5522149801254272 
vt 0.4735817015171051 0.5522149801254272 
vt 0.4669926166534424 0.5601274371147156 
vt 0.4691145420074463 0.5601274371147156 
vt 0.0691905990242958 0.14951424300670624 
vt 0.06846468150615692 0.1516316682100296 
vt 0.062378156930208206 0.1443878412246704 
vt 0.061708081513643265 0.14656098186969757 
vt 0.055007316172122955 0.13892711699008942 
vt 0.05428140237927437 0.14104454219341278 
vt 0.04735727980732918 0.13318778574466705 
vt 0.04663136228919029 0.13530521094799042 
vt 0.039651401340961456 0.1274484395980835 
vt 0.03892548382282257 0.12962159514427185 
vt 0.032280560582876205 0.12193199247121811 
vt 0.03155464306473732 0.12410514056682587 
vt 0.025468116626143456 0.11686132103204727 
vt 0.02474219910800457 0.11903446912765503 
vt 0.14926473796367645 0.3064265549182892 
vt 0.14714282751083374 0.3063708245754242 
vt 0.15373191237449646 0.3143390119075775 
vt 0.15161000192165375 0.3143390119075775 
vt 0.1573614925146103 0.32403460144996643 
vt 0.15518373250961304 0.32403460144996643 
vt 0.16004179418087006 0.335123211145401 
vt 0.15791988372802734 0.335123211145401 
vt 0.1617169827222824 0.34710338711738586 
vt 0.1595950722694397 0.34710338711738586 
vt 0.16227537393569946 0.3595850467681885 
vt 0.16015347838401794 0.3595850467681885 
vt 0.1617169827222824 0.3720109760761261 
vt 0.1595950722694397 0.3720109760761261 
vt 0.16004179418087006 0.38399115204811096 
vt 0.15791988372802734 0.38399115204811096 
vt 0.1573614925146103 0.39507976174354553 
vt 0.15518373250961304 0.39507976174354553 
vt 0.15373191237449646 0.40483108162879944 
vt 0.15161000192165375 0.40483108162879944 
vt 0.14926473796367645 0.41274353861808777 
vt 0.14714282751083374 0.41274353861808777 
vt 0.379547655582428 0.15553218126296997 
vt 0.3775932788848877 0.15659089386463165 
vt 0.38323307037353516 0.16294316947460175 
vt 0.3822838068008423 0.1705770343542099 
vt 0.38457322120666504 0.1705770343542099 
vt 0.38323307037353516 0.17826662957668304 
vt 0.3736286461353302 0.14873413741588593 
vt 0.3656994104385376 0.142771914601326 
vt 0.35497817397117615 0.1398743838071823 
vt 0.35598328709602356 0.13797985017299652 
vt 0.3448711931705475 0.13435792922973633 
vt 0.33292150497436523 0.13212907314300537 
vt 0.3204692602157593 0.13346639275550842 
vt 0.3204692602157593 0.13134896755218506 
vt 0.30801698565483093 0.13212907314300537 
vt 0.2960672974586487 0.13435792922973633 
vt 0.28596031665802 0.1398743838071823 
vt 0.2849552035331726 0.13797985017299652 
vt 0.27523908019065857 0.142771914601326 
vt 0.26730984449386597 0.14873413741588593 
vt 0.26334524154663086 0.15659089386463165 
vt 0.2613908350467682 0.15553218126296997 
vt 0.257705420255661 0.16294316947460175 
vt 0.25865471363067627 0.1706327646970749 
vt 0.25636526942253113 0.1705770343542099 
vt 0.257705420255661 0.17826662957668304 
vt 0.26334524154663086 0.18461890518665314 
vt 0.2613908350467682 0.18567761778831482 
vt 0.26730984449386597 0.19247566163539886 
vt 0.27523908019065857 0.1984378844499588 
vt 0.28596031665802 0.20133541524410248 
vt 0.2849552035331726 0.20322994887828827 
vt 0.2960672974586487 0.20685186982154846 
vt 0.30801698565483093 0.2090807408094406 
vt 0.3204692602157593 0.20774342119693756 
vt 0.3204692602157593 0.20986083149909973 
vt 0.33292150497436523 0.2090807408094406 
vt 0.3448711931705475 0.20685186982154846 
vt 0.35497817397117615 0.20133541524410248 
vt 0.35598328709602356 0.20322994887828827 
vt 0.3656994104385376 0.1984378844499588 
vt 0.3736286461353302 0.19247566163539886 
vt 0.3775932788848877 0.18461890518665314 
vt 0.379547655582428 0.18567761778831482 
vt 0.1420055627822876 0.18562190234661102 
vt 0.14792457222938538 0.19241994619369507 
vt 0.1459701955318451 0.19347865879535675 
vt 0.15161000192165375 0.19977520406246185 
vt 0.15066072344779968 0.207464799284935 
vt 0.15289431810379028 0.207464799284935 
vt 0.15161000192165375 0.21515439450740814 
vt 0.14591434597969055 0.22150667011737823 
vt 0.14792457222938538 0.22256538271903992 
vt 0.1420055627822876 0.22936342656612396 
vt 0.134076327085495 0.2352699339389801 
vt 0.12335511296987534 0.23816746473312378 
vt 0.12436022609472275 0.24011772871017456 
vt 0.11324812471866608 0.24368390440940857 
vt 0.10124258697032928 0.24591277539730072 
vt 0.08884617686271667 0.24457545578479767 
vt 0.08884617686271667 0.24674861133098602 
vt 0.07639392465353012 0.24591277539730072 
vt 0.06438838690519333 0.24368390440940857 
vt 0.05428140237927437 0.23816746473312378 
vt 0.0533321276307106 0.24011772871017456 
vt 0.04361601918935776 0.2352699339389801 
vt 0.03568677976727486 0.22936342656612396 
vt 0.031722161918878555 0.22150667011737823 
vt 0.029767772182822227 0.22256538271903992 
vt 0.026026513427495956 0.21515439450740814 
vt 0.026975788176059723 0.207464799284935 
vt 0.02474219910800457 0.207464799284935 
vt 0.026026513427495956 0.19977520406246185 
vt 0.031722161918878555 0.19347865879535675 
vt 0.029767772182822227 0.19241994619369507 
vt 0.03563094139099121 0.18562190234661102 
vt 0.043560177087783813 0.1796596795320511 
vt 0.05428140237927437 0.1767621487379074 
vt 0.0533321276307106 0.17481188476085663 
vt 0.06438838690519333 0.17124569416046143 
vt 0.07639392465353012 0.16896110773086548 
vt 0.08884617686271667 0.17035415768623352 
vt 0.08884617686271667 0.16818100214004517 
vt 0.10124258697032928 0.16896110773086548 
vt 0.11324812471866608 0.17124569416046143 
vt 0.12335511296987534 0.1767621487379074 
vt 0.12436022609472275 0.17481188476085663 
vt 0.134076327085495 0.1796596795320511 
vt 0.22791023552417755 0.8331601023674011 
vt 0.19989480078220367 0.02651379257440567 
vt 0.2303367704153061 0.004999999888241291 
vt 0.018897421658039093 0.02651379257440567 
vt 0.006985345855355263 0.005120864138007164 
vt 0.004999999888241291 0.8694193363189697 
vt 0.02088276855647564 0.8479055166244507 
vt 0.2133510261774063 0.867485523223877 
vt 0.19074015319347382 0.8435544371604919 
vt 0.21710112690925598 0.8647056221961975 
vt 0.8392865061759949 0.9688904285430908 
vt 0.8393968343734741 0.9680443406105042 
vt 0.062023550271987915 0.9688904285430908 
vt 0.062023550271987915 0.9680443406105042 
vt 0.004999999888241291 0.9842401146888733 
vt 0.004999999888241291 0.9849653244018555 
vt 0.8693975806236267 0.9862948060035706 
vt 0.8692873120307922 0.9870200157165527 
vt 0.8946555852890015 0.9778343439102173 
vt 0.8947659134864807 0.9769883155822754 
vt 0.9022660851478577 0.9760213494300842 
vt 0.9022660851478577 0.9751753211021423 
vt 0.8858318328857422 0.9789221286773682 
vt 0.8859421610832214 0.978196918964386 
vt 0.8946555852890015 0.9778343439102173 
vt 0.8947659134864807 0.9769883155822754 
vt 0.6921502947807312 0.430441290140152 
vt 0.6930326819419861 0.4297161102294922 
vt 0.47486522793769836 0.20708461105823517 
vt 0.475637286901474 0.20635943114757538 
vt 0.6821132898330688 0.435638427734375 
vt 0.6813412308692932 0.4362427592277527 
vt 0.6784734725952148 0.43189164996147156 
vt 0.6777014136314392 0.43249598145484924 
vt 0.05761167034506798 0.9772300124168396 
vt 0.05772196501493454 0.9763839840888977 
vt 0.8858318328857422 0.9789221286773682 
vt 0.8859421610832214 0.978196918964386 
vt 0.043934840708971024 0.9714285731315613 
vt 0.04382454231381416 0.9721537232398987 
vt 0.062023550271987915 0.9680443406105042 
vt 0.062023550271987915 0.9688904285430908 
vt 0.6813412308692932 0.4362427592277527 
vt 0.6821132898330688 0.435638427734375 
vt 0.6839883327484131 0.43902263045310974 
vt 0.6847603917121887 0.43829745054244995 
vt 0.6874075531959534 0.4409564435482025 
vt 0.6865251660346985 0.4416816234588623 
vt 0.6847603917121887 0.43829745054244995 
vt 0.6839883327484131 0.43902263045310974 
vt 0.1941593587398529 0.20188745856285095 
vt 0.19493143260478973 0.20116227865219116 
vt 0.024743162095546722 0.03195267170667648 
vt 0.025515241548419 0.03134835138916969 
vt 0.8263817429542542 0.9920963048934937 
vt 0.8263817429542542 0.9929423332214355 
vt 0.004999999888241291 0.9942718148231506 
vt 0.004999999888241291 0.9949970245361328 
vt 0.024743162095546722 0.0556420162320137 
vt 0.025515241548419 0.05503769591450691 
vt 0.20077717304229736 0.2366962879896164 
vt 0.20165954530239105 0.2359711080789566 
vt 0.8393968343734741 0.9680443406105042 
vt 0.03257425129413605 0.9407290816307068 
vt 0.062023550271987915 0.9680443406105042 
vt 0.043934840708971024 0.9714285731315613 
vt 0.030809497460722923 0.9748127460479736 
vt 0.023750489577651024 0.9419377446174622 
vt 0.01625029370188713 0.9437506794929504 
vt 0.004999999888241291 0.9485852718353271 
vt 0.010073661804199219 0.9460471272468567 
vt 0.04382454231381416 0.9721537232398987 
vt 0.043934840708971024 0.9714285731315613 
vt 0.030809497460722923 0.975537896156311 
vt 0.030809497460722923 0.9748127460479736 
vt 0.030809497460722923 0.975537896156311 
vt 0.030809497460722923 0.9748127460479736 
vt 0.02231662906706333 0.9775925874710083 
vt 0.02231662906706333 0.9768674373626709 
vt 0.6784734725952148 0.43189164996147156 
vt 0.6777014136314392 0.43249598145484924 
vt 0.475637286901474 0.2235221117734909 
vt 0.47486522793769836 0.2241264283657074 
vt 0.6865251660346985 0.4416816234588623 
vt 0.6874075531959534 0.4409564435482025 
vt 0.6889516711235046 0.44409891963005066 
vt 0.9022660851478577 0.9760213494300842 
vt 0.9022660851478577 0.9751753211021423 
vt 0.9084427356719971 0.9737249612808228 
vt 0.02231662906706333 0.9768674373626709 
vt 0.2198585569858551 0.860837996006012 
s on 
f 1/1/1 2/2/2 3/3/3 
f 2/2/2 4/4/4 3/3/3 
f 3/3/3 4/4/4 4/4/4 
f 4/4/4 5/5/5 4/4/4 
f 4/4/4 5/5/5 5/5/5 
f 5/5/5 6/6/6 5/5/5 
f 5/5/5 6/6/6 7/7/7 
f 6/6/6 8/8/8 7/7/7 
f 7/7/7 8/8/8 8/8/8 
f 8/8/8 9/9/9 8/8/8 
f 8/8/8 9/9/9 9/9/9 
f 9/9/9 10/10/10 9/9/9 
f 9/9/9 10/10/10 11/11/11 
f 10/10/10 12/12/12 11/11/11 
f 11/11/11 12/12/12 12/12/12 
f 12/12/12 13/13/13 12/12/12 
f 12/12/12 13/13/13 13/13/13 
f 13/13/13 14/14/14 13/13/13 
f 13/13/13 14/14/14 15/15/15 
f 14/14/14 16/16/16 15/15/15 
f 15/15/15 16/16/16 16/16/16 
f 16/16/16 17/17/17 16/16/16 
f 16/16/16 17/17/17 17/17/17 
f 17/17/17 18/18/18 17/17/17 
f 17/17/17 18/18/18 19/19/19 
f 18/18/18 20/20/20 19/19/19 
f 19/19/19 20/20/20 20/20/20 
f 20/20/20 21/21/21 20/20/20 
f 20/20/20 21/21/21 21/21/21 
f 21/21/21 22/22/22 21/21/21 
f 21/21/21 22/22/22 23/23/23 
f 22/22/22 24/24/24 23/23/23 
f 23/23/23 24/24/24 24/24/24 
f 24/24/24 25/25/25 24/24/24 
f 24/24/24 25/25/25 25/25/25 
f 25/25/25 26/26/26 25/25/25 
f 25/25/25 26/26/26 27/27/27 
f 26/26/26 28/28/28 27/27/27 
f 27/27/27 28/28/28 28/28/28 
f 28/28/28 29/29/29 28/28/28 
f 28/28/28 29/29/29 29/29/29 
f 29/29/29 30/30/30 29/29/29 
f 29/29/29 30/30/30 31/31/31 
f 30/30/30 32/32/32 31/31/31 
f 31/31/31 32/32/32 32/32/32 
f 32/32/32 33/33/33 32/32/32 
f 32/32/32 33/33/33 33/33/33 
f 33/33/33 34/34/34 33/33/33 
f 33/33/33 34/34/34 35/35/35 
f 34/34/34 36/36/36 35/35/35 
f 35/35/35 36/36/36 36/36/36 
f 36/36/36 37/37/37 36/36/36 
f 36/36/36 37/37/37 37/37/37 
f 37/37/37 38/38/38 37/37/37 
f 37/37/37 38/38/38 39/39/39 
f 38/38/38 40/40/40 39/39/39 
f 39/39/39 40/40/40 40/40/40 
f 40/40/40 41/41/41 40/40/40 
f 40/40/40 41/41/41 41/41/41 
f 41/41/41 42/42/42 41/41/41 
f 41/41/41 42/42/42 43/43/43 
f 42/42/42 44/44/44 43/43/43 
f 43/43/43 44/44/44 44/44/44 
f 44/44/44 45/45/45 44/44/44 
f 44/44/44 45/45/45 45/45/45 
f 45/45/45 46/46/46 45/45/45 
f 45/45/45 46/46/46 47/47/47 
f 46/46/46 48/48/48 47/47/47 
f 47/47/47 48/48/48 48/48/48 
f 48/48/48 49/49/49 48/48/48 
f 48/48/48 49/49/49 49/49/49 
f 49/49/49 50/50/50 49/49/49 
f 49/49/49 50/50/50 51/51/51 
f 50/50/50 52/52/52 51/51/51 
f 51/51/51 52/52/52 52/52/52 
f 52/52/52 53/53/53 52/52/52 
f 52/52/52 53/53/53 53/53/53 
f 53/53/53 54/54/54 53/53/53 
f 53/53/53 54/54/54 55/55/55 
f 54/54/54 56/56/56 55/55/55 
f 55/55/55 56/56/56 56/56/56 
f 56/56/56 57/57/57 56/56/56 
f 56/56/56 57/57/57 57/57/57 
f 57/57/57 58/58/58 57/57/57 
f 57/57/57 58/58/58 59/59/59 
f 58/58/58 60/60/60 59/59/59 
f 59/59/59 60/60/60 60/60/60 
f 60/60/60 61/61/61 60/60/60 
f 60/60/60 61/61/61 61/61/61 
f 61/61/61 62/62/62 61/61/61 
f 61/61/61 62/62/62 63/63/63 
f 62/62/62 64/64/64 63/63/63 
f 63/63/63 64/64/64 65/65/65 
f 64/64/64 66/66/66 65/65/65 
f 65/65/65 66/66/66 66/66/66 
f 66/66/66 64/64/64 66/66/66 
f 66/66/66 64/64/64 64/64/64 
f 64/64/64 67/67/67 64/64/64 
f 64/64/64 67/67/67 66/66/66 
f 67/67/67 68/68/68 66/66/66 
f 66/66/66 68/68/68 69/69/69 
f 68/68/68 69/69/69 69/69/69 
f 69/69/69 69/69/69 66/66/66 
f 69/69/69 66/66/66 66/66/66 
f 66/66/66 66/66/66 66/66/66 
f 66/66/66 69/69/69 66/66/66 
f 66/66/66 69/69/69 70/70/70 
f 69/69/69 71/71/71 70/70/70 
f 70/70/70 71/71/71 72/72/72 
f 71/71/71 73/73/73 72/72/72 
f 72/72/72 73/73/73 73/73/73 
f 73/73/73 71/71/71 73/73/73 
f 73/73/73 71/71/71 71/71/71 
f 71/71/71 74/74/74 71/71/71 
f 71/71/71 74/74/74 73/73/73 
f 74/74/74 75/75/75 73/73/73 
f 73/73/73 75/75/75 75/75/75 
f 75/75/75 74/74/74 75/75/75 
f 75/75/75 74/74/74 74/74/74 
f 74/74/74 76/76/76 74/74/74 
f 74/74/74 76/76/76 75/75/75 
f 76/76/76 77/77/77 75/75/75 
f 75/75/75 77/77/77 77/77/77 
f 77/77/77 76/76/76 77/77/77 
f 77/77/77 76/76/76 62/62/62 
f 76/76/76 64/64/64 62/62/62 
f 62/62/62 64/64/64 64/64/64 
f 64/64/64 78/78/78 64/64/64 
f 64/64/64 78/78/78 78/78/78 
f 78/78/78 79/79/79 78/78/78 
f 78/78/78 79/79/79 80/80/80 
f 79/79/79 81/81/81 80/80/80 
f 80/80/80 81/81/81 81/81/81 
f 81/81/81 88/88/88 81/81/81 
f 81/81/81 88/88/88 88/88/88 
f 88/88/88 89/89/89 88/88/88 
f 88/88/88 89/89/89 90/90/90 
f 89/89/89 91/91/91 90/90/90 
f 90/90/90 91/91/91 91/91/91 
f 91/91/91 92/92/92 91/91/91 
f 91/91/91 92/92/92 92/92/92 
f 92/92/92 93/93/93 92/92/92 
f 92/92/92 93/93/93 94/94/94 
f 93/93/93 95/95/95 94/94/94 
f 94/94/94 95/95/95 95/95/95 
f 95/95/95 96/96/96 95/95/95 
f 95/95/95 96/96/96 96/96/96 
f 96/96/96 97/97/97 96/96/96 
f 96/96/96 97/97/97 98/98/98 
f 97/97/97 99/99/99 98/98/98 
f 98/98/98 99/99/99 99/99/99 
f 99/99/99 100/100/100 99/99/99 
f 99/99/99 100/100/100 100/100/100 
f 100/100/100 101/101/101 100/100/100 
f 100/100/100 101/101/101 102/102/102 
f 101/101/101 103/103/103 102/102/102 
f 102/102/102 103/103/103 103/103/103 
f 103/103/103 104/104/104 103/103/103 
f 103/103/103 104/104/104 104/104/104 
f 104/104/104 105/105/105 104/104/104 
f 104/104/104 105/105/105 106/106/106 
f 105/105/105 107/107/107 106/106/106 
f 106/106/106 107/107/107 107/107/107 
f 107/107/107 108/108/108 107/107/107 
f 107/107/107 108/108/108 108/108/108 
f 108/108/108 109/109/109 108/108/108 
f 108/108/108 109/109/109 110/110/110 
f 109/109/109 111/111/111 110/110/110 
f 110/110/110 111/111/111 111/111/111 
f 111/111/111 112/112/112 111/111/111 
f 111/111/111 112/112/112 112/112/112 
f 112/112/112 113/113/113 112/112/112 
f 112/112/112 113/113/113 114/114/114 
f 113/113/113 115/115/115 114/114/114 
f 114/114/114 115/115/115 115/115/115 
f 115/115/115 116/116/116 115/115/115 
f 115/115/115 116/116/116 116/116/116 
f 116/116/116 117/117/117 116/116/116 
f 116/116/116 117/117/117 118/118/118 
f 117/117/117 119/119/119 118/118/118 
f 118/118/118 119/119/119 119/119/119 
f 119/119/119 120/120/120 119/119/119 
f 119/119/119 120/120/120 120/120/120 
f 120/120/120 121/121/121 120/120/120 
f 120/120/120 121/121/121 122/122/122 
f 121/121/121 123/123/123 122/122/122 
f 122/122/122 123/123/123 123/123/123 
f 123/123/123 124/124/124 123/123/123 
f 123/123/123 124/124/124 124/124/124 
f 124/124/124 125/125/125 124/124/124 
f 124/124/124 125/125/125 126/126/126 
f 125/125/125 127/127/127 126/126/126 
f 126/126/126 127/127/127 127/127/127 
f 127/127/127 128/128/128 127/127/127 
f 127/127/127 128/128/128 128/128/128 
f 128/128/128 129/129/129 128/128/128 
f 128/128/128 129/129/129 130/130/130 
f 129/129/129 131/131/131 130/130/130 
f 130/130/130 131/131/131 131/131/131 
f 131/131/131 132/132/132 131/131/131 
f 131/131/131 132/132/132 132/132/132 
f 132/132/132 133/133/133 132/132/132 
f 132/132/132 133/133/133 134/134/134 
f 133/133/133 135/135/135 134/134/134 
f 134/134/134 135/135/135 135/135/135 
f 135/135/135 136/136/136 135/135/135 
f 135/135/135 136/136/136 136/136/136 
f 136/136/136 137/137/137 136/136/136 
f 136/136/136 137/137/137 138/138/138 
f 137/137/137 139/139/139 138/138/138 
f 138/138/138 139/139/139 139/139/139 
f 139/139/139 140/140/140 139/139/139 
f 139/139/139 140/140/140 140/140/140 
f 140/140/140 141/141/141 140/140/140 
f 140/140/140 141/141/141 142/142/142 
f 141/141/141 143/143/143 142/142/142 
f 142/142/142 143/143/143 143/143/143 
f 143/143/143 144/144/144 143/143/143 
f 143/143/143 144/144/144 144/144/144 
f 144/144/144 145/145/145 144/144/144 
f 144/144/144 145/145/145 146/146/146 
f 145/145/145 147/147/147 146/146/146 
f 146/146/146 147/147/147 147/147/147 
f 147/147/147 148/148/148 147/147/147 
f 147/147/147 148/148/148 148/148/148 
f 148/148/148 149/149/149 148/148/148 
f 148/148/148 149/149/149 150/150/150 
f 149/149/149 151/151/151 150/150/150 
f 150/150/150 151/151/151 151/151/151 
f 151/151/151 152/152/152 151/151/151 
f 151/151/151 152/152/152 152/152/152 
f 152/152/152 153/153/153 152/152/152 
f 152/152/152 153/153/153 154/154/154 
f 153/153/153 155/155/155 154/154/154 
f 154/154/154 155/155/155 155/155/155 
f 155/155/155 156/156/156 155/155/155 
f 155/155/155 156/156/156 156/156/156 
f 156/156/156 157/157/157 156/156/156 
f 156/156/156 157/157/157 158/158/158 
f 157/157/157 159/159/159 158/158/158 
f 158/158/158 159/159/159 159/159/159 
f 159/159/159 160/160/160 159/159/159 
f 159/159/159 160/160/160 160/160/160 
f 160/160/160 161/161/161 160/160/160 
f 160/160/160 161/161/161 162/162/162 
f 161/161/161 163/163/163 162/162/162 
f 162/162/162 163/163/163 163/163/163 
f 163/163/163 164/164/164 163/163/163 
f 163/163/163 164/164/164 164/164/164 
f 164/164/164 165/165/165 164/164/164 
f 164/164/164 165/165/165 166/166/166 
f 165/165/165 167/167/167 166/166/166 
f 166/166/166 167/167/167 167/167/167 
f 167/167/167 168/168/168 167/167/167 
f 167/167/167 168/168/168 168/168/168 
f 168/168/168 169/169/169 168/168/168 
f 168/168/168 169/169/169 170/170/170 
f 169/169/169 171/171/171 170/170/170 
f 170/170/170 171/171/171 171/171/171 
f 171/171/171 172/172/172 171/171/171 
f 171/171/171 172/172/172 172/172/172 
f 172/172/172 173/173/173 172/172/172 
f 172/172/172 173/173/173 174/174/174 
f 173/173/173 175/175/175 174/174/174 
f 174/174/174 175/175/175 175/175/175 
f 175/175/175 176/176/176 175/175/175 
f 175/175/175 176/176/176 176/176/176 
f 176/176/176 177/177/177 176/176/176 
f 176/176/176 177/177/177 178/178/178 
f 177/177/177 179/179/179 178/178/178 
f 178/178/178 179/179/179 179/179/179 
f 179/179/179 180/180/180 179/179/179 
f 179/179/179 180/180/180 180/180/180 
f 180/180/180 181/181/181 180/180/180 
f 180/180/180 181/181/181 182/182/182 
f 181/181/181 183/183/183 182/182/182 
f 182/182/182 183/183/183 183/183/183 
f 183/183/183 184/184/184 183/183/183 
f 183/183/183 184/184/184 184/184/184 
f 184/184/184 185/185/185 184/184/184 
f 184/184/184 185/185/185 186/186/186 
f 185/185/185 187/187/187 186/186/186 
f 186/186/186 187/187/187 187/187/187 
f 187/187/187 188/188/188 187/187/187 
f 187/187/187 188/188/188 188/188/188 
f 188/188/188 189/189/189 188/188/188 
f 188/188/188 189/189/189 190/190/190 
f 189/189/189 191/191/191 190/190/190 
f 190/190/190 191/191/191 191/191/191 
f 191/191/191 192/192/192 191/191/191 
f 191/191/191 192/192/192 192/192/192 
f 192/192/192 193/193/193 192/192/192 
f 192/192/192 193/193/193 194/194/194 
f 193/193/193 195/195/195 194/194/194 
f 194/194/194 195/195/195 195/195/195 
f 195/195/195 196/196/196 195/195/195 
f 195/195/195 196/196/196 196/196/196 
f 196/196/196 197/197/197 196/196/196 
f 196/196/196 197/197/197 198/198/198 
f 197/197/197 199/199/199 198/198/198 
f 198/198/198 199/199/199 199/199/199 
f 199/199/199 200/200/200 199/199/199 
f 199/199/199 200/200/200 200/200/200 
f 200/200/200 201/201/201 200/200/200 
f 200/200/200 201/201/201 202/202/202 
f 201/201/201 203/203/203 202/202/202 
f 202/202/202 203/203/203 203/203/203 
f 203/203/203 204/204/204 203/203/203 
f 203/203/203 204/204/204 204/204/204 
f 204/204/204 205/205/205 204/204/204 
f 204/204/204 205/205/205 206/206/206 
f 205/205/205 207/207/207 206/206/206 
f 206/206/206 207/207/207 207/207/207 
f 207/207/207 208/208/208 207/207/207 
f 207/207/207 208/208/208 208/208/208 
f 208/208/208 209/209/209 208/208/208 
f 208/208/208 209/209/209 210/210/210 
f 209/209/209 211/211/211 210/210/210 
f 210/210/210 211/211/211 211/211/211 
f 211/211/211 212/212/212 211/211/211 
f 211/211/211 212/212/212 212/212/212 
f 212/212/212 213/213/213 212/212/212 
f 212/212/212 213/213/213 214/214/214 
f 213/213/213 215/215/215 214/214/214 
f 214/214/214 215/215/215 215/215/215 
f 215/215/215 216/216/216 215/215/215 
f 215/215/215 216/216/216 216/216/216 
f 216/216/216 217/217/217 216/216/216 
f 216/216/216 217/217/217 218/218/218 
f 217/217/217 219/219/219 218/218/218 
f 218/218/218 219/219/219 219/219/219 
f 219/219/219 220/220/220 219/219/219 
f 219/219/219 220/220/220 220/220/220 
f 220/220/220 221/221/221 220/220/220 
f 220/220/220 221/221/221 222/222/222 
f 221/221/221 223/223/223 222/222/222 
f 222/222/222 223/223/223 223/223/223 
f 223/223/223 224/224/224 223/223/223 
f 223/223/223 224/224/224 224/224/224 
f 224/224/224 225/225/225 224/224/224 
f 224/224/224 225/225/225 226/226/226 
f 225/225/225 227/227/227 226/226/226 
f 226/226/226 227/227/227 227/227/227 
f 227/227/227 228/228/228 227/227/227 
f 227/227/227 228/228/228 228/228/228 
f 228/228/228 229/229/229 228/228/228 
f 228/228/228 229/229/229 230/230/230 
f 229/229/229 231/231/231 230/230/230 
f 230/230/230 231/231/231 231/231/231 
f 231/231/231 232/232/232 231/231/231 
f 231/231/231 232/232/232 232/232/232 
f 232/232/232 233/233/233 232/232/232 
f 232/232/232 233/233/233 234/234/234 
f 233/233/233 235/235/235 234/234/234 
f 234/234/234 235/235/235 235/235/235 
f 235/235/235 236/236/236 235/235/235 
f 235/235/235 236/236/236 236/236/236 
f 236/236/236 237/237/237 236/236/236 
f 236/236/236 237/237/237 238/238/238 
f 237/237/237 239/239/239 238/238/238 
f 238/238/238 239/239/239 239/239/239 
f 239/239/239 240/240/240 239/239/239 
f 239/239/239 240/240/240 240/240/240 
f 240/240/240 241/241/241 240/240/240 
f 240/240/240 241/241/241 242/242/242 
f 241/241/241 243/243/243 242/242/242 
f 242/242/242 243/243/243 243/243/243 
f 243/243/243 244/244/244 243/243/243 
f 243/243/243 244/244/244 244/244/244 
f 244/244/244 245/245/245 244/244/244 
f 244/244/244 245/245/245 246/246/246 
f 245/245/245 247/247/247 246/246/246 
f 246/246/246 247/247/247 247/247/247 
f 247/247/247 248/248/248 247/247/247 
f 247/247/247 248/248/248 248/248/248 
f 248/248/248 249/249/249 248/248/248 
f 248/248/248 249/249/249 250/250/250 
f 249/249/249 251/251/251 250/250/250 
f 250/250/250 251/251/251 251/251/251 
f 251/251/251 252/252/252 251/251/251 
f 251/251/251 252/252/252 252/252/252 
f 252/252/252 253/253/253 252/252/252 
f 252/252/252 253/253/253 254/254/254 
f 253/253/253 255/255/255 254/254/254 
f 254/254/254 255/255/255 255/255/255 
f 255/255/255 256/256/256 255/255/255 
f 255/255/255 256/256/256 256/256/256 
f 256/256/256 257/257/257 256/256/256 
f 256/256/256 257/257/257 258/258/258 
f 257/257/257 259/259/259 258/258/258 
f 258/258/258 259/259/259 259/259/259 
f 259/259/259 260/260/260 259/259/259 
f 259/259/259 260/260/260 260/260/260 
f 260/260/260 261/261/261 260/260/260 
f 260/260/260 261/261/261 262/262/262 
f 261/261/261 263/263/263 262/262/262 
f 262/262/262 263/263/263 263/263/263 
f 263/263/263 264/264/264 263/263/263 
f 263/263/263 264/264/264 264/264/264 
f 264/264/264 265/265/265 264/264/264 
f 264/264/264 265/265/265 266/266/266 
f 265/265/265 267/267/267 266/266/266 
f 266/266/266 267/267/267 267/267/267 
f 267/267/267 268/268/268 267/267/267 
f 267/267/267 268/268/268 268/268/268 
f 268/268/268 269/269/269 268/268/268 
f 268/268/268 269/269/269 270/270/270 
f 269/269/269 271/271/271 270/270/270 
f 270/270/270 271/271/271 272/272/272 
f 271/271/271 273/273/273 272/272/272 
f 272/272/272 273/273/273 273/273/273 
f 273/273/273 274/274/274 273/273/273 
f 273/273/273 274/274/274 274/274/274 
f 274/274/274 275/275/275 274/274/274 
f 274/274/274 275/275/275 276/276/276 
f 275/275/275 277/277/277 276/276/276 
f 276/276/276 277/277/277 277/277/277 
f 277/277/277 278/278/278 277/277/277 
f 277/277/277 278/278/278 278/278/278 
f 278/278/278 279/279/279 278/278/278 
f 278/278/278 279/279/279 280/280/280 
f 279/279/279 281/281/281 280/280/280 
f 280/280/280 281/281/281 281/281/281 
f 281/281/281 282/282/282 281/281/281 
f 281/281/281 282/282/282 282/282/282 
f 282/282/282 283/283/283 282/282/282 
f 282/282/282 283/283/283 284/284/284 
f 283/283/283 285/285/285 284/284/284 
f 284/284/284 285/285/285 285/285/285 
f 285/285/285 286/286/286 285/285/285 
f 285/285/285 286/286/286 286/286/286 
f 286/286/286 287/287/287 286/286/286 
f 286/286/286 287/287/287 288/288/288 
f 287/287/287 289/289/289 288/288/288 
f 288/288/288 289/289/289 289/289/289 
f 289/289/289 290/290/290 289/289/289 
f 289/289/289 290/290/290 290/290/290 
f 290/290/290 291/291/291 290/290/290 
f 290/290/290 291/291/291 292/292/292 
f 291/291/291 293/293/293 292/292/292 
f 292/292/292 293/293/293 293/293/293 
f 293/293/293 294/294/294 293/293/293 
f 293/293/293 294/294/294 294/294/294 
f 294/294/294 295/295/295 294/294/294 
f 294/294/294 295/295/295 296/296/296 
f 295/295/295 297/297/297 296/296/296 
f 296/296/296 297/297/297 297/297/297 
f 297/297/297 298/298/298 297/297/297 
f 297/297/297 298/298/298 298/298/298 
f 298/298/298 299/299/299 298/298/298 
f 298/298/298 299/299/299 300/300/300 
f 299/299/299 301/301/301 300/300/300 
f 300/300/300 301/301/301 301/301/301 
f 301/301/301 302/302/302 301/301/301 
f 301/301/301 302/302/302 302/302/302 
f 302/302/302 303/303/303 302/302/302 
f 302/302/302 303/303/303 304/304/304 
f 303/303/303 305/305/305 304/304/304 
f 304/304/304 305/305/305 305/305/305 
f 305/305/305 306/306/306 305/305/305 
f 305/305/305 306/306/306 306/306/306 
f 306/306/306 307/307/307 306/306/306 
f 306/306/306 307/307/307 308/308/308 
f 307/307/307 309/309/309 308/308/308 
f 308/308/308 309/309/309 309/309/309 
f 309/309/309 310/310/310 309/309/309 
f 309/309/309 310/310/310 310/310/310 
f 310/310/310 311/311/311 310/310/310 
f 310/310/310 311/311/311 312/312/312 
f 311/311/311 313/313/313 312/312/312 
f 312/312/312 313/313/313 313/313/313 
f 313/313/313 314/314/314 313/313/313 
f 313/313/313 314/314/314 314/314/314 
f 314/314/314 315/315/315 314/314/314 
f 314/314/314 315/315/315 316/316/316 
f 315/315/315 317/317/317 316/316/316 
f 316/316/316 317/317/317 317/317/317 
f 317/317/317 318/318/318 317/317/317 
f 317/317/317 318/318/318 318/318/318 
f 318/318/318 319/319/319 318/318/318 
f 318/318/318 319/319/319 320/320/320 
f 319/319/319 321/321/321 320/320/320 
f 320/320/320 321/321/321 321/321/321 
f 321/321/321 322/322/322 321/321/321 
f 321/321/321 322/322/322 322/322/322 
f 322/322/322 323/323/323 322/322/322 
f 322/322/322 323/323/323 324/324/324 
f 323/323/323 325/325/325 324/324/324 
f 324/324/324 325/325/325 325/325/325 
f 325/325/325 326/326/326 325/325/325 
f 325/325/325 326/326/326 326/326/326 
f 326/326/326 327/327/327 326/326/326 
f 326/326/326 327/327/327 328/328/328 
f 327/327/327 329/329/329 328/328/328 
f 328/328/328 329/329/329 329/329/329 
f 329/329/329 330/330/330 329/329/329 
f 329/329/329 330/330/330 330/330/330 
f 330/330/330 331/331/331 330/330/330 
f 330/330/330 331/331/331 332/332/332 
f 331/331/331 333/333/333 332/332/332 
f 332/332/332 333/333/333 333/333/333 
f 333/333/333 334/334/334 333/333/333 
f 333/333/333 334/334/334 334/334/334 
f 334/334/334 335/335/335 334/334/334 
f 334/334/334 335/335/335 336/336/336 
f 335/335/335 337/337/337 336/336/336 
f 336/336/336 337/337/337 337/337/337 
f 337/337/337 338/338/338 337/337/337 
f 337/337/337 338/338/338 338/338/338 
f 338/338/338 339/339/339 338/338/338 
f 338/338/338 339/339/339 340/340/340 
f 339/339/339 341/341/341 340/340/340 
f 340/340/340 341/341/341 341/341/341 
f 341/341/341 342/342/342 341/341/341 
f 341/341/341 342/342/342 342/342/342 
f 342/342/342 343/343/343 342/342/342 
f 342/342/342 343/343/343 344/344/344 
f 343/343/343 345/345/345 344/344/344 
f 344/344/344 345/345/345 346/346/346 
f 345/345/345 347/347/347 346/346/346 
f 346/346/346 347/347/347 348/348/348 
f 347/347/347 348/348/348 348/348/348 
f 348/348/348 348/348/348 346/346/346 
f 348/348/348 346/346/346 346/346/346 
f 346/346/346 346/346/346 346/346/346 
f 346/346/346 348/348/348 346/346/346 
f 346/346/346 348/348/348 349/349/349 
f 348/348/348 350/350/350 349/349/349 
f 349/349/349 350/350/350 350/350/350 
f 350/350/350 348/348/348 350/350/350 
f 350/350/350 348/348/348 348/348/348 
f 348/348/348 351/351/351 348/348/348 
f 348/348/348 351/351/351 350/350/350 
f 351/351/351 352/352/352 350/350/350 
f 350/350/350 352/352/352 352/352/352 
f 352/352/352 351/351/351 352/352/352 
f 352/352/352 351/351/351 351/351/351 
f 351/351/351 353/353/353 351/351/351 
f 351/351/351 353/353/353 352/352/352 
f 353/353/353 354/354/354 352/352/352 
f 352/352/352 354/354/354 355/355/355 
f 354/354/354 356/356/356 355/355/355 
f 355/355/355 356/356/356 357/357/357 
f 356/356/356 357/357/357 357/357/357 
f 357/357/357 357/357/357 355/355/355 
f 357/357/357 355/355/355 355/355/355 
f 355/355/355 355/355/355 355/355/355 
f 355/355/355 357/357/357 355/355/355 
f 355/355/355 357/357/357 358/358/358 
f 357/357/357 359/359/359 358/358/358 
f 358/358/358 359/359/359 360/360/360 
f 359/359/359 360/360/360 360/360/360 
f 360/360/360 360/360/360 360/360/360 
f 360/360/360 361/361/361 360/360/360 
f 360/360/360 361/361/361 358/358/358 
f 361/361/361 362/362/362 358/358/358 
f 358/358/358 362/362/362 363/363/363 
f 362/362/362 364/364/364 363/363/363 
f 363/363/363 364/364/364 365/365/365 
f 364/364/364 366/366/366 365/365/365 
f 365/365/365 366/366/366 367/367/367 
f 366/366/366 367/367/367 367/367/367 
f 367/367/367 367/367/367 365/365/365 
f 367/367/367 365/365/365 365/365/365 
f 365/365/365 365/365/365 365/365/365 
f 365/365/365 367/367/367 365/365/365 
f 365/365/365 367/367/367 368/368/368 
f 367/367/367 369/369/369 368/368/368 
f 368/368/368 369/369/369 370/370/370 
f 369/369/369 371/371/371 370/370/370 
f 370/370/370 371/371/371 372/372/372 
f 371/371/371 372/372/372 372/372/372 
f 372/372/372 372/372/372 370/370/370 
f 372/372/372 370/370/370 370/370/370 
f 370/370/370 370/370/370 370/370/370 
f 370/370/370 372/372/372 370/370/370 
f 370/370/370 372/372/372 373/373/373 
f 372/372/372 374/374/374 373/373/373 
f 373/373/373 374/374/374 375/375/375 
f 374/374/374 376/376/376 375/375/375 
f 375/375/375 376/376/376 377/377/377 
f 376/376/376 377/377/377 377/377/377 
f 377/377/377 377/377/377 375/375/375 
f 377/377/377 375/375/375 375/375/375 
f 375/375/375 375/375/375 375/375/375 
f 375/375/375 377/377/377 375/375/375 
f 375/375/375 377/377/377 378/378/378 
f 377/377/377 379/379/379 378/378/378 
f 378/378/378 379/379/379 380/380/380 
f 379/379/379 380/380/380 380/380/380 
f 380/380/380 380/380/380 378/378/378 
f 380/380/380 378/378/378 378/378/378 
f 378/378/378 378/378/378 378/378/378 
f 378/378/378 380/380/380 378/378/378 
f 378/378/378 380/380/380 381/381/381 
f 380/380/380 382/382/382 381/381/381 
f 381/381/381 382/382/382 383/383/383 
f 382/382/382 383/383/383 383/383/383 
f 383/383/383 383/383/383 383/383/383 
f 383/383/383 384/384/384 383/383/383 
f 383/383/383 384/384/384 381/381/381 
f 384/384/384 385/385/385 381/381/381 
f 381/381/381 385/385/385 385/385/385 
f 385/385/385 384/384/384 385/385/385 
f 385/385/385 384/384/384 384/384/384 
f 384/384/384 386/386/386 384/384/384 
f 384/384/384 386/386/386 385/385/385 
f 386/386/386 387/387/387 385/385/385 
f 385/385/385 387/387/387 388/388/388 
f 387/387/387 389/389/389 388/388/388 
f 388/388/388 389/389/389 390/390/390 
f 389/389/389 390/390/390 390/390/390 
f 390/390/390 390/390/390 390/390/390 
f 390/390/390 391/391/391 390/390/390 
f 390/390/390 391/391/391 388/388/388 
f 391/391/391 392/392/392 388/388/388 
f 388/388/388 392/392/392 393/393/393 
f 392/392/392 394/394/394 393/393/393 
f 393/393/393 394/394/394 395/395/395 
f 394/394/394 395/395/395 395/395/395 
f 395/395/395 395/395/395 395/395/395 
f 395/395/395 396/396/396 395/395/395 
f 395/395/395 396/396/396 393/393/393 
f 396/396/396 397/397/397 393/393/393 
f 393/393/393 397/397/397 398/398/398 
f 397/397/397 399/399/399 398/398/398 
f 398/398/398 399/399/399 399/399/399 
f 399/399/399 397/397/397 399/399/399 
f 399/399/399 397/397/397 397/397/397 
f 397/397/397 400/400/400 397/397/397 
f 397/397/397 400/400/400 399/399/399 
f 400/400/400 401/401/401 399/399/399 
f 399/399/399 401/401/401 402/402/402 
f 401/401/401 403/403/403 402/402/402 
f 402/402/402 403/403/403 404/404/404 
f 403/403/403 404/404/404 404/404/404 
f 404/404/404 404/404/404 402/402/402 
f 404/404/404 402/402/402 402/402/402 
f 402/402/402 402/402/402 402/402/402 
f 402/402/402 404/404/404 402/402/402 
f 402/402/402 404/404/404 344/344/344 
f 404/404/404 405/405/405 344/344/344 
f 344/344/344 405/405/405 342/342/342 
f 405/405/405 342/342/342 342/342/342 
f 342/342/342 342/342/342 406/406/406 
f 342/342/342 406/406/406 406/406/406 
f 406/406/406 406/406/406 406/406/406 
f 406/406/406 407/407/407 406/406/406 
f 406/406/406 407/407/407 408/408/408 
f 407/407/407 409/409/409 408/408/408 
f 408/408/408 409/409/409 409/409/409 
f 409/409/409 407/407/407 409/409/409 
f 409/409/409 407/407/407 407/407/407 
f 407/407/407 410/410/410 407/407/407 
f 407/407/407 410/410/410 409/409/409 
f 410/410/410 411/411/411 409/409/409 
f 409/409/409 411/411/411 412/412/412 
f 411/411/411 413/413/413 412/412/412 
f 412/412/412 413/413/413 414/414/414 
f 413/413/413 414/414/414 414/414/414 
f 414/414/414 414/414/414 412/412/412 
f 414/414/414 412/412/412 412/412/412 
f 412/412/412 412/412/412 412/412/412 
f 412/412/412 414/414/414 412/412/412 
f 412/412/412 414/414/414 415/415/415 
f 414/414/414 416/416/416 415/415/415 
f 415/415/415 416/416/416 417/417/417 
f 416/416/416 418/418/418 417/417/417 
f 417/417/417 418/418/418 418/418/418 
f 418/418/418 416/416/416 418/418/418 
f 418/418/418 416/416/416 416/416/416 
f 416/416/416 419/419/419 416/416/416 
f 416/416/416 419/419/419 418/418/418 
f 419/419/419 420/420/420 418/418/418 
f 418/418/418 420/420/420 421/421/421 
f 420/420/420 422/422/422 421/421/421 
f 421/421/421 422/422/422 423/423/423 
f 422/422/422 423/423/423 423/423/423 
f 423/423/423 423/423/423 423/423/423 
f 423/423/423 424/424/424 423/423/423 
f 423/423/423 424/424/424 421/421/421 
f 424/424/424 425/425/425 421/421/421 
f 421/421/421 425/425/425 426/426/426 
f 425/425/425 427/427/427 426/426/426 
f 426/426/426 427/427/427 428/428/428 
f 427/427/427 428/428/428 428/428/428 
f 428/428/428 428/428/428 426/426/426 
f 428/428/428 426/426/426 426/426/426 
f 426/426/426 426/426/426 426/426/426 
f 426/426/426 428/428/428 426/426/426 
f 426/426/426 428/428/428 429/429/429 
f 428/428/428 430/430/430 429/429/429 
f 429/429/429 430/430/430 431/431/431 
f 430/430/430 431/431/431 431/431/431 
f 431/431/431 431/431/431 429/429/429 
f 431/431/431 429/429/429 429/429/429 
f 429/429/429 429/429/429 429/429/429 
f 429/429/429 431/431/431 429/429/429 
f 429/429/429 431/431/431 432/432/432 
f 431/431/431 433/433/433 432/432/432 
f 432/432/432 433/433/433 433/433/433 
f 433/433/433 431/431/431 433/433/433 
f 433/433/433 431/431/431 431/431/431 
f 431/431/431 434/434/434 431/431/431 
f 431/431/431 434/434/434 433/433/433 
f 434/434/434 435/435/435 433/433/433 
f 433/433/433 435/435/435 436/436/436 
f 435/435/435 436/436/436 436/436/436 
f 436/436/436 436/436/436 436/436/436 
f 436/436/436 437/437/437 436/436/436 
f 436/436/436 437/437/437 433/433/433 
f 437/437/437 438/438/438 433/433/433 
f 433/433/433 438/438/438 438/438/438 
f 438/438/438 437/437/437 438/438/438 
f 438/438/438 437/437/437 437/437/437 
f 437/437/437 439/439/439 437/437/437 
f 437/437/437 439/439/439 438/438/438 
f 439/439/439 440/440/440 438/438/438 
f 438/438/438 440/440/440 441/441/441 
f 440/440/440 441/441/441 441/441/441 
f 441/441/441 441/441/441 441/441/441 
f 441/441/441 442/442/442 441/441/441 
f 441/441/441 442/442/442 438/438/438 
f 442/442/442 443/443/443 438/438/438 
f 438/438/438 443/443/443 443/443/443 
f 443/443/443 442/442/442 443/443/443 
f 443/443/443 442/442/442 442/442/442 
f 442/442/442 444/444/444 442/442/442 
f 442/442/442 444/444/444 443/443/443 
f 444/444/444 445/445/445 443/443/443 
f 443/443/443 445/445/445 446/446/446 
f 445/445/445 447/447/447 446/446/446 
f 446/446/446 447/447/447 448/448/448 
f 447/447/447 448/448/448 448/448/448 
f 448/448/448 448/448/448 448/448/448 
f 448/448/448 449/449/449 448/448/448 
f 448/448/448 449/449/449 446/446/446 
f 449/449/449 450/450/450 446/446/446 
f 446/446/446 450/450/450 450/450/450 
f 450/450/450 449/449/449 450/450/450 
f 450/450/450 449/449/449 449/449/449 
f 449/449/449 451/451/451 449/449/449 
f 449/449/449 451/451/451 450/450/450 
f 451/451/451 452/452/452 450/450/450 
f 450/450/450 452/452/452 453/453/453 
f 452/452/452 454/454/454 453/453/453 
f 453/453/453 454/454/454 455/455/455 
f 454/454/454 455/455/455 455/455/455 
f 455/455/455 455/455/455 453/453/453 
f 455/455/455 453/453/453 453/453/453 
f 453/453/453 453/453/453 453/453/453 
f 453/453/453 455/455/455 453/453/453 
f 453/453/453 455/455/455 456/456/456 
f 455/455/455 457/457/457 456/456/456 
f 456/456/456 457/457/457 458/458/458 
f 457/457/457 459/459/459 458/458/458 
f 458/458/458 459/459/459 460/460/460 
f 459/459/459 460/460/460 460/460/460 
f 460/460/460 460/460/460 458/458/458 
f 460/460/460 458/458/458 458/458/458 
f 458/458/458 458/458/458 458/458/458 
f 458/458/458 460/460/460 458/458/458 
f 458/458/458 460/460/460 461/461/461 
f 460/460/460 462/462/462 461/461/461 
f 461/461/461 462/462/462 463/463/463 
f 462/462/462 464/464/464 463/463/463 
f 463/463/463 464/464/464 465/465/465 
f 464/464/464 465/465/465 465/465/465 
f 465/465/465 465/465/465 463/463/463 
f 465/465/465 463/463/463 463/463/463 
f 463/463/463 463/463/463 463/463/463 
f 463/463/463 465/465/465 463/463/463 
f 463/463/463 465/465/465 466/466/466 
f 465/465/465 467/467/467 466/466/466 
f 466/466/466 467/467/467 408/408/408 
f 467/467/467 468/468/468 408/408/408 
f 408/408/408 468/468/468 469/469/469 
f 468/468/468 469/469/469 469/469/469 
f 469/469/469 469/469/469 470/470/470 
f 469/469/469 470/470/470 470/470/470 
f 470/470/470 470/470/470 470/470/470 
f 470/470/470 471/471/471 470/470/470 
f 470/470/470 471/471/471 472/472/472 
f 471/471/471 473/473/473 472/472/472 
f 472/472/472 473/473/473 474/474/474 
f 473/473/473 475/475/475 474/474/474 
f 474/474/474 475/475/475 476/476/476 
f 475/475/475 477/477/477 476/476/476 
f 476/476/476 477/477/477 478/478/478 
f 477/477/477 479/479/479 478/478/478 
f 478/478/478 479/479/479 480/480/480 
f 479/479/479 481/481/481 480/480/480 
f 480/480/480 481/481/481 482/482/482 
f 481/481/481 483/483/483 482/482/482 
f 482/482/482 483/483/483 484/484/484 
f 483/483/483 485/485/485 484/484/484 
f 484/484/484 485/485/485 486/486/486 
f 485/485/485 487/487/487 486/486/486 
f 486/486/486 487/487/487 488/488/488 
f 487/487/487 489/489/489 488/488/488 
f 488/488/488 489/489/489 490/490/490 
f 489/489/489 491/491/491 490/490/490 
f 490/490/490 491/491/491 492/492/492 
f 491/491/491 493/493/493 492/492/492 
f 492/492/492 493/493/493 494/494/494 
f 493/493/493 495/495/495 494/494/494 
f 494/494/494 495/495/495 495/495/495 
f 495/495/495 496/496/496 495/495/495 
f 495/495/495 496/496/496 496/496/496 
f 496/496/496 497/497/497 496/496/496 
f 496/496/496 497/497/497 498/498/498 
f 497/497/497 499/499/499 498/498/498 
f 498/498/498 499/499/499 500/500/500 
f 499/499/499 501/501/501 500/500/500 
f 500/500/500 501/501/501 502/502/502 
f 501/501/501 503/503/503 502/502/502 
f 502/502/502 503/503/503 504/504/504 
f 503/503/503 505/505/505 504/504/504 
f 504/504/504 505/505/505 506/506/506 
f 505/505/505 507/507/507 506/506/506 
f 506/506/506 507/507/507 508/508/508 
f 507/507/507 509/509/509 508/508/508 
f 508/508/508 509/509/509 510/510/510 
f 509/509/509 511/511/511 510/510/510 
f 510/510/510 511/511/511 512/512/512 
f 511/511/511 513/513/513 512/512/512 
f 512/512/512 513/513/513 514/514/514 
f 513/513/513 515/515/515 514/514/514 
f 514/514/514 515/515/515 516/516/516 
f 515/515/515 517/517/517 516/516/516 
f 516/516/516 517/517/517 518/518/518 
f 517/517/517 519/519/519 518/518/518 
f 518/518/518 519/519/519 520/520/520 
f 519/519/519 521/521/521 520/520/520 
f 520/520/520 521/521/521 521/521/521 
f 521/521/521 522/522/522 521/521/521 
f 521/521/521 522/522/522 522/522/522 
f 522/522/522 523/523/523 522/522/522 
f 522/522/522 523/523/523 524/524/524 
f 523/523/523 525/525/525 524/524/524 
f 524/524/524 525/525/525 526/526/526 
f 525/525/525 527/527/527 526/526/526 
f 526/526/526 527/527/527 528/528/528 
f 527/527/527 529/529/529 528/528/528 
f 528/528/528 529/529/529 530/530/530 
f 529/529/529 531/531/531 530/530/530 
f 530/530/530 531/531/531 532/532/532 
f 531/531/531 533/533/533 532/532/532 
f 532/532/532 533/533/533 534/534/534 
f 533/533/533 535/535/535 534/534/534 
f 534/534/534 535/535/535 536/536/536 
f 535/535/535 537/537/537 536/536/536 
f 536/536/536 537/537/537 538/538/538 
f 537/537/537 539/539/539 538/538/538 
f 538/538/538 539/539/539 540/540/540 
f 539/539/539 541/541/541 540/540/540 
f 540/540/540 541/541/541 542/542/542 
f 541/541/541 543/543/543 542/542/542 
f 542/542/542 543/543/543 544/544/544 
f 543/543/543 545/545/545 544/544/544 
f 544/544/544 545/545/545 546/546/546 
f 545/545/545 547/547/547 546/546/546 
f 546/546/546 547/547/547 547/547/547 
f 547/547/547 548/548/548 547/547/547 
f 547/547/547 548/548/548 548/548/548 
f 548/548/548 549/549/549 548/548/548 
f 548/548/548 549/549/549 550/550/550 
f 549/549/549 551/551/551 550/550/550 
f 550/550/550 551/551/551 552/552/552 
f 551/551/551 553/553/553 552/552/552 
f 552/552/552 553/553/553 554/554/554 
f 553/553/553 555/555/555 554/554/554 
f 554/554/554 555/555/555 556/556/556 
f 555/555/555 557/557/557 556/556/556 
f 556/556/556 557/557/557 558/558/558 
f 557/557/557 559/559/559 558/558/558 
f 558/558/558 559/559/559 560/560/560 
f 559/559/559 561/561/561 560/560/560 
f 560/560/560 561/561/561 562/562/562 
f 561/561/561 563/563/563 562/562/562 
f 562/562/562 563/563/563 564/564/564 
f 563/563/563 565/565/565 564/564/564 
f 564/564/564 565/565/565 566/566/566 
f 565/565/565 567/567/567 566/566/566 
f 566/566/566 567/567/567 568/568/568 
f 567/567/567 569/569/569 568/568/568 
f 568/568/568 569/569/569 570/570/570 
f 569/569/569 571/571/571 570/570/570 
f 570/570/570 571/571/571 572/572/572 
f 571/571/571 573/573/573 572/572/572 
f 572/572/572 573/573/573 573/573/573 
f 573/573/573 574/574/574 573/573/573 
f 573/573/573 574/574/574 574/574/574 
f 574/574/574 575/575/575 574/574/574 
f 574/574/574 575/575/575 576/576/576 
f 575/575/575 577/577/577 576/576/576 
f 576/576/576 577/577/577 578/578/578 
f 577/577/577 579/579/579 578/578/578 
f 578/578/578 579/579/579 580/580/580 
f 579/579/579 580/580/580 580/580/580 
f 580/580/580 580/580/580 574/574/574 
f 580/580/580 574/574/574 574/574/574 
f 574/574/574 574/574/574 574/574/574 
f 574/574/574 576/576/576 574/574/574 
f 574/574/574 576/576/576 581/581/581 
f 576/576/576 582/582/582 581/581/581 
f 581/581/581 582/582/582 583/583/583 
f 582/582/582 584/584/584 583/583/583 
f 583/583/583 584/584/584 584/584/584 
f 584/584/584 582/582/582 584/584/584 
f 584/584/584 582/582/582 582/582/582 
f 582/582/582 585/585/585 582/582/582 
f 582/582/582 585/585/585 584/584/584 
f 585/585/585 586/586/586 584/584/584 
f 584/584/584 586/586/586 586/586/586 
f 586/586/586 585/585/585 586/586/586 
f 586/586/586 585/585/585 587/587/587 
f 585/585/585 588/588/588 587/587/587 
f 587/587/587 588/588/588 589/589/589 
f 588/588/588 590/590/590 589/589/589 
f 589/589/589 590/590/590 590/590/590 
f 590/590/590 588/588/588 590/590/590 
f 590/590/590 588/588/588 588/588/588 
f 588/588/588 591/591/591 588/588/588 
f 588/588/588 591/591/591 590/590/590 
f 591/591/591 592/592/592 590/590/590 
f 590/590/590 592/592/592 592/592/592 
f 592/592/592 591/591/591 592/592/592 
f 592/592/592 591/591/591 593/593/593 
f 591/591/591 594/594/594 593/593/593 
f 593/593/593 594/594/594 595/595/595 
f 594/594/594 596/596/596 595/595/595 
f 595/595/595 596/596/596 596/596/596 
f 596/596/596 594/594/594 596/596/596 
f 596/596/596 594/594/594 597/597/597 
f 594/594/594 598/598/598 597/597/597 
f 597/597/597 598/598/598 599/599/599 
f 598/598/598 600/600/600 599/599/599 
f 599/599/599 600/600/600 600/600/600 
f 600/600/600 598/598/598 600/600/600 
f 600/600/600 598/598/598 598/598/598 
f 598/598/598 601/601/601 598/598/598 
f 598/598/598 601/601/601 600/600/600 
f 601/601/601 602/602/602 600/600/600 
f 600/600/600 602/602/602 602/602/602 
f 602/602/602 601/601/601 602/602/602 
f 602/602/602 601/601/601 603/603/603 
f 601/601/601 604/604/604 603/603/603 
f 603/603/603 604/604/604 604/604/604 
f 604/604/604 601/601/601 604/604/604 
f 604/604/604 601/601/601 605/605/605 
f 601/601/601 606/606/606 605/605/605 
f 605/605/605 606/606/606 607/607/607 
f 606/606/606 608/608/608 607/607/607 
f 607/607/607 608/608/608 608/608/608 
f 608/608/608 606/606/606 608/608/608 
f 608/608/608 606/606/606 606/606/606 
f 606/606/606 609/609/609 606/606/606 
f 606/606/606 609/609/609 608/608/608 
f 609/609/609 610/610/610 608/608/608 
f 608/608/608 610/610/610 610/610/610 
f 610/610/610 609/609/609 610/610/610 
f 610/610/610 609/609/609 611/611/611 
f 609/609/609 612/612/612 611/611/611 
f 611/611/611 612/612/612 613/613/613 
f 612/612/612 614/614/614 613/613/613 
f 613/613/613 614/614/614 614/614/614 
f 614/614/614 612/612/612 614/614/614 
f 614/614/614 612/612/612 612/612/612 
f 612/612/612 615/615/615 612/612/612 
f 612/612/612 615/615/615 614/614/614 
f 615/615/615 616/616/616 614/614/614 
f 614/614/614 616/616/616 616/616/616 
f 616/616/616 615/615/615 616/616/616 
f 616/616/616 615/615/615 617/617/617 
f 615/615/615 618/618/618 617/617/617 
f 617/617/617 618/618/618 619/619/619 
f 618/618/618 620/620/620 619/619/619 
f 619/619/619 620/620/620 620/620/620 
f 620/620/620 618/618/618 620/620/620 
f 620/620/620 618/618/618 621/621/621 
f 618/618/618 622/622/622 621/621/621 
f 621/621/621 622/622/622 623/623/623 
f 622/622/622 624/624/624 623/623/623 
f 623/623/623 624/624/624 624/624/624 
f 624/624/624 622/622/622 624/624/624 
f 624/624/624 622/622/622 622/622/622 
f 622/622/622 625/625/625 622/622/622 
f 622/622/622 625/625/625 624/624/624 
f 625/625/625 626/626/626 624/624/624 
f 624/624/624 626/626/626 626/626/626 
f 626/626/626 625/625/625 626/626/626 
f 626/626/626 625/625/625 627/627/627 
f 625/625/625 628/628/628 627/627/627 
f 627/627/627 628/628/628 629/629/629 
f 628/628/628 630/630/630 629/629/629 
f 629/629/629 630/630/630 630/630/630 
f 630/630/630 628/628/628 630/630/630 
f 630/630/630 628/628/628 631/631/631 
f 628/628/628 632/632/632 631/631/631 
f 631/631/631 632/632/632 632/632/632 
f 632/632/632 628/628/628 632/632/632 
f 632/632/632 628/628/628 633/633/633 
f 628/628/628 634/634/634 633/633/633 
f 633/633/633 634/634/634 635/635/635 
f 634/634/634 636/636/636 635/635/635 
f 635/635/635 636/636/636 636/636/636 
f 636/636/636 634/634/634 636/636/636 
f 636/636/636 634/634/634 637/637/637 
f 634/634/634 638/638/638 637/637/637 
f 637/637/637 638/638/638 638/638/638 
f 638/638/638 634/634/634 638/638/638 
f 638/638/638 634/634/634 634/634/634 
f 634/634/634 639/639/639 634/634/634 
f 634/634/634 639/639/639 638/638/638 
f 639/639/639 640/640/640 638/638/638 
f 638/638/638 640/640/640 640/640/640 
f 640/640/640 639/639/639 640/640/640 
f 640/640/640 639/639/639 580/580/580 
f 639/639/639 578/578/578 580/580/580 
f 580/580/580 578/578/578 578/578/578 
f 578/578/578 641/641/641 578/578/578 
f 578/578/578 641/641/641 641/641/641 
f 641/641/641 642/642/642 641/641/641 
f 641/641/641 642/642/642 643/643/643 
f 642/642/642 644/644/644 643/643/643 
f 643/643/643 644/644/644 644/644/644 
f 644/644/644 642/642/642 644/644/644 
f 644/644/644 642/642/642 642/642/642 
f 642/642/642 645/645/645 642/642/642 
f 642/642/642 645/645/645 644/644/644 
f 645/645/645 646/646/646 644/644/644 
f 644/644/644 646/646/646 647/647/647 
f 646/646/646 647/647/647 647/647/647 
f 647/647/647 647/647/647 644/644/644 
f 647/647/647 644/644/644 644/644/644 
f 644/644/644 644/644/644 644/644/644 
f 644/644/644 647/647/647 644/644/644 
f 644/644/644 647/647/647 648/648/648 
f 647/647/647 649/649/649 648/648/648 
f 648/648/648 649/649/649 650/650/650 
f 649/649/649 650/650/650 650/650/650 
f 650/650/650 650/650/650 648/648/648 
f 650/650/650 648/648/648 648/648/648 
f 648/648/648 648/648/648 648/648/648 
f 648/648/648 650/650/650 648/648/648 
f 648/648/648 650/650/650 651/651/651 
f 650/650/650 652/652/652 651/651/651 
f 651/651/651 652/652/652 653/653/653 
f 652/652/652 653/653/653 653/653/653 
f 653/653/653 653/653/653 651/651/651 
f 653/653/653 651/651/651 651/651/651 
f 651/651/651 651/651/651 651/651/651 
f 651/651/651 653/653/653 651/651/651 
f 651/651/651 653/653/653 654/654/654 
f 653/653/653 655/655/655 654/654/654 
f 654/654/654 655/655/655 656/656/656 
f 655/655/655 656/656/656 656/656/656 
f 656/656/656 656/656/656 654/654/654 
f 656/656/656 654/654/654 654/654/654 
f 654/654/654 654/654/654 654/654/654 
f 654/654/654 656/656/656 654/654/654 
f 654/654/654 656/656/656 657/657/657 
f 656/656/656 658/658/658 657/657/657 
f 657/657/657 658/658/658 659/659/659 
f 658/658/658 659/659/659 659/659/659 
f 659/659/659 659/659/659 657/657/657 
f 659/659/659 657/657/657 657/657/657 
f 657/657/657 657/657/657 657/657/657 
f 657/657/657 659/659/659 657/657/657 
f 657/657/657 659/659/659 660/660/660 
f 659/659/659 661/661/661 660/660/660 
f 660/660/660 661/661/661 662/662/662 
f 661/661/661 662/662/662 662/662/662 
f 662/662/662 662/662/662 662/662/662 
f 662/662/662 663/663/663 662/662/662 
f 662/662/662 663/663/663 660/660/660 
f 663/663/663 664/664/664 660/660/660 
f 660/660/660 664/664/664 664/664/664 
f 664/664/664 663/663/663 664/664/664 
f 664/664/664 663/663/663 663/663/663 
f 663/663/663 665/665/665 663/663/663 
f 663/663/663 665/665/665 664/664/664 
f 665/665/665 666/666/666 664/664/664 
f 664/664/664 666/666/666 667/667/667 
f 666/666/666 668/668/668 667/667/667 
f 667/667/667 668/668/668 669/669/669 
f 668/668/668 669/669/669 669/669/669 
f 669/669/669 669/669/669 667/667/667 
f 669/669/669 667/667/667 667/667/667 
f 667/667/667 667/667/667 667/667/667 
f 667/667/667 669/669/669 667/667/667 
f 667/667/667 669/669/669 670/670/670 
f 669/669/669 671/671/671 670/670/670 
f 670/670/670 671/671/671 672/672/672 
f 671/671/671 672/672/672 672/672/672 
f 672/672/672 672/672/672 672/672/672 
f 672/672/672 673/673/673 672/672/672 
f 672/672/672 673/673/673 670/670/670 
f 673/673/673 674/674/674 670/670/670 
f 670/670/670 674/674/674 674/674/674 
f 674/674/674 673/673/673 674/674/674 
f 674/674/674 673/673/673 673/673/673 
f 673/673/673 675/675/675 673/673/673 
f 673/673/673 675/675/675 674/674/674 
f 675/675/675 676/676/676 674/674/674 
f 674/674/674 676/676/676 676/676/676 
f 676/676/676 675/675/675 676/676/676 
f 676/676/676 675/675/675 675/675/675 
f 675/675/675 677/677/677 675/675/675 
f 675/675/675 677/677/677 676/676/676 
f 677/677/677 678/678/678 676/676/676 
f 676/676/676 678/678/678 679/679/679 
f 678/678/678 680/680/680 679/679/679 
f 679/679/679 680/680/680 681/681/681 
f 680/680/680 681/681/681 681/681/681 
f 681/681/681 681/681/681 681/681/681 
f 681/681/681 682/682/682 681/681/681 
f 681/681/681 682/682/682 679/679/679 
f 682/682/682 683/683/683 679/679/679 
f 679/679/679 683/683/683 683/683/683 
f 683/683/683 682/682/682 683/683/683 
f 683/683/683 682/682/682 682/682/682 
f 682/682/682 684/684/684 682/682/682 
f 682/682/682 684/684/684 683/683/683 
f 684/684/684 685/685/685 683/683/683 
f 683/683/683 685/685/685 686/686/686 
f 685/685/685 687/687/687 686/686/686 
f 686/686/686 687/687/687 688/688/688 
f 687/687/687 688/688/688 688/688/688 
f 688/688/688 688/688/688 686/686/686 
f 688/688/688 686/686/686 686/686/686 
f 686/686/686 686/686/686 686/686/686 
f 686/686/686 688/688/688 686/686/686 
f 686/686/686 688/688/688 689/689/689 
f 688/688/688 690/690/690 689/689/689 
f 689/689/689 690/690/690 691/691/691 
f 690/690/690 691/691/691 691/691/691 
f 691/691/691 691/691/691 691/691/691 
f 691/691/691 692/692/692 691/691/691 
f 691/691/691 692/692/692 689/689/689 
f 692/692/692 693/693/693 689/689/689 
f 689/689/689 693/693/693 693/693/693 
f 693/693/693 692/692/692 693/693/693 
f 693/693/693 692/692/692 692/692/692 
f 692/692/692 694/694/694 692/692/692 
f 692/692/692 694/694/694 693/693/693 
f 694/694/694 695/695/695 693/693/693 
f 693/693/693 695/695/695 696/696/696 
f 695/695/695 697/697/697 696/696/696 
f 696/696/696 697/697/697 698/698/698 
f 697/697/697 698/698/698 698/698/698 
f 698/698/698 698/698/698 696/696/696 
f 698/698/698 696/696/696 696/696/696 
f 696/696/696 696/696/696 696/696/696 
f 696/696/696 698/698/698 696/696/696 
f 696/696/696 698/698/698 699/699/699 
f 698/698/698 700/700/700 699/699/699 
f 699/699/699 700/700/700 701/701/701 
f 700/700/700 701/701/701 701/701/701 
f 701/701/701 701/701/701 699/699/699 
f 701/701/701 699/699/699 699/699/699 
f 699/699/699 699/699/699 699/699/699 
f 699/699/699 701/701/701 699/699/699 
f 699/699/699 701/701/701 702/702/702 
f 701/701/701 703/703/703 702/702/702 
f 702/702/702 703/703/703 704/704/704 
f 703/703/703 704/704/704 704/704/704 
f 704/704/704 704/704/704 702/702/702 
f 704/704/704 702/702/702 702/702/702 
f 702/702/702 702/702/702 702/702/702 
f 702/702/702 704/704/704 702/702/702 
f 702/702/702 704/704/704 705/705/705 
f 704/704/704 706/706/706 705/705/705 
f 705/705/705 706/706/706 707/707/707 
f 706/706/706 707/707/707 707/707/707 
f 707/707/707 707/707/707 707/707/707 
f 707/707/707 708/708/708 707/707/707 
f 707/707/707 708/708/708 705/705/705 
f 708/708/708 643/643/643 705/705/705 
f 705/705/705 643/643/643 643/643/643 
f 643/643/643 708/708/708 643/643/643 
f 643/643/643 708/708/708 708/708/708 
f 708/708/708 709/709/709 708/708/708 
f 708/708/708 709/709/709 643/643/643 
f 709/709/709 641/641/641 643/643/643 
f 643/643/643 641/641/641 641/641/641 
f 641/641/641 710/710/710 641/641/641 
f 641/641/641 710/710/710 710/710/710 
f 710/710/710 711/711/711 710/710/710 
f 710/710/710 711/711/711 712/712/712 
f 711/711/711 713/713/713 712/712/712 
f 712/712/712 713/713/713 714/714/714 
f 713/713/713 715/715/715 714/714/714 
f 714/714/714 715/715/715 716/716/716 
f 715/715/715 717/717/717 716/716/716 
f 716/716/716 717/717/717 718/718/718 
f 717/717/717 719/719/719 718/718/718 
f 718/718/718 719/719/719 720/720/720 
f 719/719/719 721/721/721 720/720/720 
f 720/720/720 721/721/721 722/722/722 
f 721/721/721 723/723/723 722/722/722 
f 722/722/722 723/723/723 724/724/724 
f 723/723/723 725/725/725 724/724/724 
f 724/724/724 725/725/725 726/726/726 
f 725/725/725 727/727/727 726/726/726 
f 726/726/726 727/727/727 728/728/728 
f 727/727/727 729/729/729 728/728/728 
f 728/728/728 729/729/729 730/730/730 
f 729/729/729 731/731/731 730/730/730 
f 730/730/730 731/731/731 732/732/732 
f 731/731/731 733/733/733 732/732/732 
f 732/732/732 733/733/733 734/734/734 
f 733/733/733 735/735/735 734/734/734 
f 734/734/734 735/735/735 735/735/735 
f 735/735/735 736/736/736 735/735/735 
f 735/735/735 736/736/736 736/736/736 
f 736/736/736 737/737/737 736/736/736 
f 736/736/736 737/737/737 738/738/738 
f 737/737/737 739/739/739 738/738/738 
f 738/738/738 739/739/739 740/740/740 
f 739/739/739 741/741/741 740/740/740 
f 740/740/740 741/741/741 742/742/742 
f 741/741/741 743/743/743 742/742/742 
f 742/742/742 743/743/743 744/744/744 
f 743/743/743 745/745/745 744/744/744 
f 744/744/744 745/745/745 746/746/746 
f 745/745/745 747/747/747 746/746/746 
f 746/746/746 747/747/747 748/748/748 
f 747/747/747 749/749/749 748/748/748 
f 748/748/748 749/749/749 750/750/750 
f 749/749/749 751/751/751 750/750/750 
f 750/750/750 751/751/751 752/752/752 
f 751/751/751 753/753/753 752/752/752 
f 752/752/752 753/753/753 754/754/754 
f 753/753/753 755/755/755 754/754/754 
f 754/754/754 755/755/755 756/756/756 
f 755/755/755 757/757/757 756/756/756 
f 756/756/756 757/757/757 758/758/758 
f 757/757/757 759/759/759 758/758/758 
f 758/758/758 759/759/759 760/760/760 
f 759/759/759 761/761/761 760/760/760 
f 760/760/760 761/761/761 761/761/761 
f 761/761/761 762/762/762 761/761/761 
f 761/761/761 762/762/762 762/762/762 
f 762/762/762 763/763/763 762/762/762 
f 762/762/762 763/763/763 764/764/764 
f 763/763/763 765/765/765 764/764/764 
f 764/764/764 765/765/765 766/766/766 
f 765/765/765 767/767/767 766/766/766 
f 766/766/766 767/767/767 768/768/768 
f 767/767/767 769/769/769 768/768/768 
f 768/768/768 769/769/769 770/770/770 
f 769/769/769 771/771/771 770/770/770 
f 770/770/770 771/771/771 772/772/772 
f 771/771/771 773/773/773 772/772/772 
f 772/772/772 773/773/773 774/774/774 
f 773/773/773 775/775/775 774/774/774 
f 774/774/774 775/775/775 776/776/776 
f 775/775/775 777/777/777 776/776/776 
f 776/776/776 777/777/777 778/778/778 
f 777/777/777 779/779/779 778/778/778 
f 778/778/778 779/779/779 780/780/780 
f 779/779/779 781/781/781 780/780/780 
f 780/780/780 781/781/781 782/782/782 
f 781/781/781 783/783/783 782/782/782 
f 782/782/782 783/783/783 784/784/784 
f 783/783/783 785/785/785 784/784/784 
f 784/784/784 785/785/785 786/786/786 
f 785/785/785 787/787/787 786/786/786 
f 786/786/786 787/787/787 787/787/787 
f 787/787/787 788/788/788 787/787/787 
f 787/787/787 788/788/788 788/788/788 
f 788/788/788 789/789/789 788/788/788 
f 788/788/788 789/789/789 790/790/790 
f 789/789/789 791/791/791 790/790/790 
f 790/790/790 791/791/791 792/792/792 
f 791/791/791 793/793/793 792/792/792 
f 792/792/792 793/793/793 794/794/794 
f 793/793/793 795/795/795 794/794/794 
f 794/794/794 795/795/795 796/796/796 
f 795/795/795 797/797/797 796/796/796 
f 796/796/796 797/797/797 798/798/798 
f 797/797/797 799/799/799 798/798/798 
f 798/798/798 799/799/799 800/800/800 
f 799/799/799 801/801/801 800/800/800 
f 800/800/800 801/801/801 802/802/802 
f 801/801/801 803/803/803 802/802/802 
f 802/802/802 803/803/803 804/804/804 
f 803/803/803 805/805/805 804/804/804 
f 804/804/804 805/805/805 806/806/806 
f 805/805/805 807/807/807 806/806/806 
f 806/806/806 807/807/807 808/808/808 
f 807/807/807 809/809/809 808/808/808 
f 808/808/808 809/809/809 810/810/810 
f 809/809/809 811/811/811 810/810/810 
f 810/810/810 811/811/811 812/812/812 
f 811/811/811 813/813/813 812/812/812 
f 812/812/812 813/813/813 813/813/813 
f 813/813/813 814/814/814 813/813/813 
f 813/813/813 814/814/814 814/814/814 
f 814/814/814 815/815/815 814/814/814 
f 814/814/814 815/815/815 816/816/816 
f 815/815/815 817/817/817 816/816/816 
f 816/816/816 817/817/817 818/818/818 
f 817/817/817 819/819/819 818/818/818 
f 818/818/818 819/819/819 820/820/820 
f 819/819/819 820/820/820 820/820/820 
f 820/820/820 820/820/820 818/818/818 
f 820/820/820 818/818/818 818/818/818 
f 818/818/818 818/818/818 818/818/818 
f 818/818/818 820/820/820 818/818/818 
f 818/818/818 820/820/820 821/821/821 
f 820/820/820 822/822/822 821/821/821 
f 821/821/821 822/822/822 823/823/823 
f 822/822/822 823/823/823 823/823/823 
f 823/823/823 823/823/823 821/821/821 
f 823/823/823 821/821/821 821/821/821 
f 821/821/821 821/821/821 821/821/821 
f 821/821/821 823/823/823 821/821/821 
f 821/821/821 823/823/823 824/824/824 
f 823/823/823 825/825/825 824/824/824 
f 824/824/824 825/825/825 826/826/826 
f 825/825/825 826/826/826 826/826/826 
f 826/826/826 826/826/826 824/824/824 
f 826/826/826 824/824/824 824/824/824 
f 824/824/824 824/824/824 824/824/824 
f 824/824/824 826/826/826 824/824/824 
f 824/824/824 826/826/826 827/827/827 
f 826/826/826 828/828/828 827/827/827 
f 827/827/827 828/828/828 829/829/829 
f 828/828/828 829/829/829 829/829/829 
f 829/829/829 829/829/829 829/829/829 
f 829/829/829 830/830/830 829/829/829 
f 829/829/829 830/830/830 827/827/827 
f 830/830/830 831/831/831 827/827/827 
f 827/827/827 831/831/831 832/832/832 
f 831/831/831 833/833/833 832/832/832 
f 832/832/832 833/833/833 834/834/834 
f 833/833/833 834/834/834 834/834/834 
f 834/834/834 834/834/834 832/832/832 
f 834/834/834 832/832/832 832/832/832 
f 832/832/832 832/832/832 832/832/832 
f 832/832/832 834/834/834 832/832/832 
f 832/832/832 834/834/834 835/835/835 
f 834/834/834 836/836/836 835/835/835 
f 835/835/835 836/836/836 837/837/837 
f 836/836/836 837/837/837 837/837/837 
f 837/837/837 837/837/837 837/837/837 
f 837/837/837 838/838/838 837/837/837 
f 837/837/837 838/838/838 835/835/835 
f 838/838/838 839/839/839 835/835/835 
f 835/835/835 839/839/839 839/839/839 
f 839/839/839 838/838/838 839/839/839 
f 839/839/839 838/838/838 838/838/838 
f 838/838/838 840/840/840 838/838/838 
f 838/838/838 840/840/840 839/839/839 
f 840/840/840 841/841/841 839/839/839 
f 839/839/839 841/841/841 842/842/842 
f 841/841/841 843/843/843 842/842/842 
f 842/842/842 843/843/843 844/844/844 
f 843/843/843 844/844/844 844/844/844 
f 844/844/844 844/844/844 842/842/842 
f 844/844/844 842/842/842 842/842/842 
f 842/842/842 842/842/842 842/842/842 
f 842/842/842 844/844/844 842/842/842 
f 842/842/842 844/844/844 845/845/845 
f 844/844/844 846/846/846 845/845/845 
f 845/845/845 846/846/846 847/847/847 
f 846/846/846 847/847/847 847/847/847 
f 847/847/847 847/847/847 845/845/845 
f 847/847/847 845/845/845 845/845/845 
f 845/845/845 845/845/845 845/845/845 
f 845/845/845 847/847/847 845/845/845 
f 845/845/845 847/847/847 848/848/848 
f 847/847/847 849/849/849 848/848/848 
f 848/848/848 849/849/849 850/850/850 
f 849/849/849 850/850/850 850/850/850 
f 850/850/850 850/850/850 848/848/848 
f 850/850/850 848/848/848 848/848/848 
f 848/848/848 848/848/848 848/848/848 
f 848/848/848 850/850/850 848/848/848 
f 848/848/848 850/850/850 851/851/851 
f 850/850/850 852/852/852 851/851/851 
f 851/851/851 852/852/852 853/853/853 
f 852/852/852 853/853/853 853/853/853 
f 853/853/853 853/853/853 853/853/853 
f 853/853/853 854/854/854 853/853/853 
f 853/853/853 854/854/854 851/851/851 
f 854/854/854 855/855/855 851/851/851 
f 851/851/851 855/855/855 855/855/855 
f 855/855/855 854/854/854 855/855/855 
f 855/855/855 854/854/854 854/854/854 
f 854/854/854 856/856/856 854/854/854 
f 854/854/854 856/856/856 855/855/855 
f 856/856/856 857/857/857 855/855/855 
f 855/855/855 857/857/857 858/858/858 
f 857/857/857 859/859/859 858/858/858 
f 858/858/858 859/859/859 860/860/860 
f 859/859/859 860/860/860 860/860/860 
f 860/860/860 860/860/860 858/858/858 
f 860/860/860 858/858/858 858/858/858 
f 858/858/858 858/858/858 858/858/858 
f 858/858/858 860/860/860 858/858/858 
f 858/858/858 860/860/860 861/861/861 
f 860/860/860 862/862/862 861/861/861 
f 861/861/861 862/862/862 863/863/863 
f 862/862/862 863/863/863 863/863/863 
f 863/863/863 863/863/863 861/861/861 
f 863/863/863 861/861/861 861/861/861 
f 861/861/861 861/861/861 861/861/861 
f 861/861/861 863/863/863 861/861/861 
f 861/861/861 863/863/863 864/864/864 
f 863/863/863 865/865/865 864/864/864 
f 864/864/864 865/865/865 866/866/866 
f 865/865/865 866/866/866 866/866/866 
f 866/866/866 866/866/866 864/864/864 
f 866/866/866 864/864/864 864/864/864 
f 864/864/864 864/864/864 864/864/864 
f 864/864/864 866/866/866 864/864/864 
f 864/864/864 866/866/866 867/867/867 
f 866/866/866 868/868/868 867/867/867 
f 867/867/867 868/868/868 869/869/869 
f 868/868/868 869/869/869 869/869/869 
f 869/869/869 869/869/869 869/869/869 
f 869/869/869 870/870/870 869/869/869 
f 869/869/869 870/870/870 867/867/867 
f 870/870/870 871/871/871 867/867/867 
f 867/867/867 871/871/871 872/872/872 
f 871/871/871 872/872/872 872/872/872 
f 872/872/872 872/872/872 867/867/867 
f 872/872/872 867/867/867 867/867/867 
f 867/867/867 867/867/867 867/867/867 
f 867/867/867 872/872/872 867/867/867 
f 867/867/867 872/872/872 873/873/873 
f 872/872/872 874/874/874 873/873/873 
f 873/873/873 874/874/874 875/875/875 
f 874/874/874 875/875/875 875/875/875 
f 875/875/875 875/875/875 873/873/873 
f 875/875/875 873/873/873 873/873/873 
f 873/873/873 873/873/873 873/873/873 
f 873/873/873 875/875/875 873/873/873 
f 873/873/873 875/875/875 876/876/876 
f 875/875/875 877/877/877 876/876/876 
f 876/876/876 877/877/877 878/878/878 
f 877/877/877 878/878/878 878/878/878 
f 878/878/878 878/878/878 876/876/876 
f 878/878/878 876/876/876 876/876/876 
f 876/876/876 876/876/876 876/876/876 
f 876/876/876 878/878/878 876/876/876 
f 876/876/876 878/878/878 879/879/879 
f 878/878/878 880/880/880 879/879/879 
f 879/879/879 880/880/880 881/881/881 
f 880/880/880 881/881/881 881/881/881 
f 881/881/881 881/881/881 881/881/881 
f 881/881/881 814/814/814 881/881/881 
f 881/881/881 814/814/814 879/879/879 
f 814/814/814 816/816/816 879/879/879 
f 879/879/879 816/816/816 816/816/816 
f 816/816/816 882/882/882 816/816/816 
f 816/816/816 882/882/882 882/882/882 
f 882/882/882 883/883/883 882/882/882 
f 882/882/882 883/883/883 884/884/884 
f 883/883/883 885/885/885 884/884/884 
f 884/884/884 885/885/885 885/885/885 
f 885/885/885 883/883/883 885/885/885 
f 885/885/885 883/883/883 883/883/883 
f 883/883/883 886/886/886 883/883/883 
f 883/883/883 886/886/886 885/885/885 
f 886/886/886 887/887/887 885/885/885 
f 885/885/885 887/887/887 888/888/888 
f 887/887/887 889/889/889 888/888/888 
f 888/888/888 889/889/889 890/890/890 
f 889/889/889 890/890/890 890/890/890 
f 890/890/890 890/890/890 888/888/888 
f 890/890/890 888/888/888 888/888/888 
f 888/888/888 888/888/888 888/888/888 
f 888/888/888 890/890/890 888/888/888 
f 888/888/888 890/890/890 891/891/891 
f 890/890/890 892/892/892 891/891/891 
f 891/891/891 892/892/892 893/893/893 
f 892/892/892 893/893/893 893/893/893 
f 893/893/893 893/893/893 893/893/893 
f 893/893/893 894/894/894 893/893/893 
f 893/893/893 894/894/894 891/891/891 
f 894/894/894 895/895/895 891/891/891 
f 891/891/891 895/895/895 895/895/895 
f 895/895/895 894/894/894 895/895/895 
f 895/895/895 894/894/894 894/894/894 
f 894/894/894 896/896/896 894/894/894 
f 894/894/894 896/896/896 895/895/895 
f 896/896/896 897/897/897 895/895/895 
f 895/895/895 897/897/897 898/898/898 
f 897/897/897 899/899/899 898/898/898 
f 898/898/898 899/899/899 900/900/900 
f 899/899/899 900/900/900 900/900/900 
f 900/900/900 900/900/900 898/898/898 
f 900/900/900 898/898/898 898/898/898 
f 898/898/898 898/898/898 898/898/898 
f 898/898/898 900/900/900 898/898/898 
f 898/898/898 900/900/900 901/901/901 
f 900/900/900 902/902/902 901/901/901 
f 901/901/901 902/902/902 903/903/903 
f 902/902/902 903/903/903 903/903/903 
f 903/903/903 903/903/903 901/901/901 
f 903/903/903 901/901/901 901/901/901 
f 901/901/901 901/901/901 901/901/901 
f 901/901/901 903/903/903 901/901/901 
f 901/901/901 903/903/903 904/904/904 
f 903/903/903 905/905/905 904/904/904 
f 904/904/904 905/905/905 906/906/906 
f 905/905/905 906/906/906 906/906/906 
f 906/906/906 906/906/906 904/904/904 
f 906/906/906 904/904/904 904/904/904 
f 904/904/904 904/904/904 904/904/904 
f 904/904/904 906/906/906 904/904/904 
f 904/904/904 906/906/906 907/907/907 
f 906/906/906 908/908/908 907/907/907 
f 907/907/907 908/908/908 909/909/909 
f 908/908/908 909/909/909 909/909/909 
f 909/909/909 909/909/909 909/909/909 
f 909/909/909 910/910/910 909/909/909 
f 909/909/909 910/910/910 907/907/907 
f 910/910/910 911/911/911 907/907/907 
f 907/907/907 911/911/911 912/912/912 
f 911/911/911 913/913/913 912/912/912 
f 912/912/912 913/913/913 914/914/914 
f 913/913/913 914/914/914 914/914/914 
f 914/914/914 914/914/914 914/914/914 
f 914/914/914 915/915/915 914/914/914 
f 914/914/914 915/915/915 912/912/912 
f 915/915/915 916/916/916 912/912/912 
f 912/912/912 916/916/916 917/917/917 
f 916/916/916 917/917/917 917/917/917 
f 917/917/917 917/917/917 912/912/912 
f 917/917/917 912/912/912 912/912/912 
f 912/912/912 912/912/912 912/912/912 
f 912/912/912 917/917/917 912/912/912 
f 912/912/912 917/917/917 918/918/918 
f 917/917/917 919/919/919 918/918/918 
f 918/918/918 919/919/919 920/920/920 
f 919/919/919 920/920/920 920/920/920 
f 920/920/920 920/920/920 918/918/918 
f 920/920/920 918/918/918 918/918/918 
f 918/918/918 918/918/918 918/918/918 
f 918/918/918 920/920/920 918/918/918 
f 918/918/918 920/920/920 921/921/921 
f 920/920/920 922/922/922 921/921/921 
f 921/921/921 922/922/922 923/923/923 
f 922/922/922 923/923/923 923/923/923 
f 923/923/923 923/923/923 921/921/921 
f 923/923/923 921/921/921 921/921/921 
f 921/921/921 921/921/921 921/921/921 
f 921/921/921 923/923/923 921/921/921 
f 921/921/921 923/923/923 924/924/924 
f 923/923/923 925/925/925 924/924/924 
f 924/924/924 925/925/925 926/926/926 
f 925/925/925 926/926/926 926/926/926 
f 926/926/926 926/926/926 924/924/924 
f 926/926/926 924/924/924 924/924/924 
f 924/924/924 924/924/924 924/924/924 
f 924/924/924 926/926/926 924/924/924 
f 924/924/924 926/926/926 927/927/927 
f 926/926/926 928/928/928 927/927/927 
f 927/927/927 928/928/928 929/929/929 
f 928/928/928 929/929/929 929/929/929 
f 929/929/929 929/929/929 927/927/927 
f 929/929/929 927/927/927 927/927/927 
f 927/927/927 927/927/927 927/927/927 
f 927/927/927 929/929/929 927/927/927 
f 927/927/927 929/929/929 930/930/930 
f 929/929/929 931/931/931 930/930/930 
f 930/930/930 931/931/931 932/932/932 
f 931/931/931 932/932/932 932/932/932 
f 932/932/932 932/932/932 932/932/932 
f 932/932/932 933/933/933 932/932/932 
f 932/932/932 933/933/933 930/930/930 
f 933/933/933 934/934/934 930/930/930 
f 930/930/930 934/934/934 934/934/934 
f 934/934/934 933/933/933 934/934/934 
f 934/934/934 933/933/933 933/933/933 
f 933/933/933 935/935/935 933/933/933 
f 933/933/933 935/935/935 934/934/934 
f 935/935/935 936/936/936 934/934/934 
f 934/934/934 936/936/936 937/937/937 
f 936/936/936 938/938/938 937/937/937 
f 937/937/937 938/938/938 939/939/939 
f 938/938/938 939/939/939 939/939/939 
f 939/939/939 939/939/939 937/937/937 
f 939/939/939 937/937/937 937/937/937 
f 937/937/937 937/937/937 937/937/937 
f 937/937/937 939/939/939 937/937/937 
f 937/937/937 939/939/939 940/940/940 
f 939/939/939 941/941/941 940/940/940 
f 940/940/940 941/941/941 942/942/942 
f 941/941/941 942/942/942 942/942/942 
f 942/942/942 942/942/942 942/942/942 
f 942/942/942 943/943/943 942/942/942 
f 942/942/942 943/943/943 940/940/940 
f 943/943/943 944/944/944 940/940/940 
f 940/940/940 944/944/944 945/945/945 
f 944/944/944 945/945/945 945/945/945 
f 945/945/945 945/945/945 940/940/940 
f 945/945/945 940/940/940 940/940/940 
f 940/940/940 940/940/940 940/940/940 
f 940/940/940 945/945/945 940/940/940 
f 940/940/940 945/945/945 884/884/884 
f 945/945/945 946/946/946 884/884/884 
f 884/884/884 946/946/946 947/947/947 
f 946/946/946 947/947/947 947/947/947 
f 947/947/947 947/947/947 948/948/948 
f 947/947/947 948/948/948 948/948/948 
f 948/948/948 948/948/948 948/948/948 
f 948/948/948 949/949/949 948/948/948 
f 948/948/948 949/949/949 950/950/950 
f 949/949/949 951/951/951 950/950/950 
f 950/950/950 951/951/951 952/952/952 
f 951/951/951 953/953/953 952/952/952 
f 952/952/952 953/953/953 954/954/954 
f 953/953/953 955/955/955 954/954/954 
f 954/954/954 955/955/955 956/956/956 
f 955/955/955 957/957/957 956/956/956 
f 956/956/956 957/957/957 958/958/958 
f 957/957/957 959/959/959 958/958/958 
f 958/958/958 959/959/959 960/960/960 
f 959/959/959 961/961/961 960/960/960 
f 960/960/960 961/961/961 961/961/961 
f 961/961/961 962/962/962 961/961/961 
f 961/961/961 962/962/962 962/962/962 
f 962/962/962 963/963/963 962/962/962 
f 962/962/962 963/963/963 964/964/964 
f 963/963/963 965/965/965 964/964/964 
f 964/964/964 965/965/965 966/966/966 
f 965/965/965 967/967/967 966/966/966 
f 966/966/966 967/967/967 968/968/968 
f 967/967/967 969/969/969 968/968/968 
f 968/968/968 969/969/969 970/970/970 
f 969/969/969 971/971/971 970/970/970 
f 970/970/970 971/971/971 972/972/972 
f 971/971/971 973/973/973 972/972/972 
f 972/972/972 973/973/973 974/974/974 
f 973/973/973 975/975/975 974/974/974 
f 974/974/974 975/975/975 976/976/976 
f 975/975/975 977/977/977 976/976/976 
f 976/976/976 977/977/977 978/978/978 
f 977/977/977 979/979/979 978/978/978 
f 978/978/978 979/979/979 980/980/980 
f 979/979/979 981/981/981 980/980/980 
f 980/980/980 981/981/981 982/982/982 
f 981/981/981 983/983/983 982/982/982 
f 982/982/982 983/983/983 983/983/983 
f 983/983/983 984/984/984 983/983/983 
f 983/983/983 984/984/984 984/984/984 
f 984/984/984 985/985/985 984/984/984 
f 984/984/984 985/985/985 986/986/986 
f 985/985/985 987/987/987 986/986/986 
f 986/986/986 987/987/987 988/988/988 
f 987/987/987 989/989/989 988/988/988 
f 988/988/988 989/989/989 990/990/990 
f 989/989/989 991/991/991 990/990/990 
f 990/990/990 991/991/991 992/992/992 
f 991/991/991 993/993/993 992/992/992 
f 992/992/992 993/993/993 994/994/994 
f 993/993/993 995/995/995 994/994/994 
f 994/994/994 995/995/995 996/996/996 
f 995/995/995 997/997/997 996/996/996 
f 996/996/996 997/997/997 997/997/997 
f 997/997/997 998/998/998 997/997/997 
f 997/997/997 998/998/998 998/998/998 
f 998/998/998 999/999/999 998/998/998 
f 998/998/998 999/999/999 1000/1000/1000 
f 999/999/999 1001/1001/1001 1000/1000/1000 
f 1000/1000/1000 1001/1001/1001 1002/1002/1002 
f 1001/1001/1001 1003/1003/1003 1002/1002/1002 
f 1002/1002/1002 1003/1003/1003 1004/1004/1004 
f 1003/1003/1003 1005/1005/1005 1004/1004/1004 
f 1004/1004/1004 1005/1005/1005 1006/1006/1006 
f 1005/1005/1005 1007/1007/1007 1006/1006/1006 
f 1006/1006/1006 1007/1007/1007 1008/1008/1008 
f 1007/1007/1007 1009/1009/1009 1008/1008/1008 
f 1008/1008/1008 1009/1009/1009 1010/1010/1010 
f 1009/1009/1009 1011/1011/1011 1010/1010/1010 
f 1010/1010/1010 1011/1011/1011 1012/1012/1012 
f 1011/1011/1011 1013/1013/1013 1012/1012/1012 
f 1012/1012/1012 1013/1013/1013 1014/1014/1014 
f 1013/1013/1013 1015/1015/1015 1014/1014/1014 
f 1014/1014/1014 1015/1015/1015 1016/1016/1016 
f 1015/1015/1015 1017/1017/1017 1016/1016/1016 
f 1016/1016/1016 1017/1017/1017 1018/1018/1018 
f 1017/1017/1017 1019/1019/1019 1018/1018/1018 
f 1018/1018/1018 1019/1019/1019 1019/1019/1019 
f 1019/1019/1019 1020/1020/1020 1019/1019/1019 
f 1019/1019/1019 1020/1020/1020 1020/1020/1020 
f 1020/1020/1020 1021/1021/1021 1020/1020/1020 
f 1020/1020/1020 1021/1021/1021 1022/1022/1022 
f 1021/1021/1021 1023/1023/1023 1022/1022/1022 
f 1022/1022/1022 1023/1023/1023 1024/1024/1024 
f 1023/1023/1023 1025/1025/1025 1024/1024/1024 
f 1024/1024/1024 1025/1025/1025 1025/1025/1025 
f 1025/1025/1025 1020/1020/1020 1025/1025/1025 
f 1025/1025/1025 1020/1020/1020 1020/1020/1020 
f 1020/1020/1020 1026/1026/1026 1020/1020/1020 
f 1020/1020/1020 1026/1026/1026 1021/1021/1021 
f 1026/1026/1026 1027/1027/1027 1021/1021/1021 
f 1021/1021/1021 1027/1027/1027 1028/1028/1028 
f 1027/1027/1027 1029/1029/1029 1028/1028/1028 
f 1028/1028/1028 1029/1029/1029 1030/1030/1030 
f 1029/1029/1029 1030/1030/1030 1030/1030/1030 
f 1030/1030/1030 1030/1030/1030 1030/1030/1030 
f 1030/1030/1030 1031/1031/1031 1030/1030/1030 
f 1030/1030/1030 1031/1031/1031 1028/1028/1028 
f 1031/1031/1031 1032/1032/1032 1028/1028/1028 
f 1028/1028/1028 1032/1032/1032 1032/1032/1032 
f 1032/1032/1032 1031/1031/1031 1032/1032/1032 
f 1032/1032/1032 1031/1031/1031 1031/1031/1031 
f 1031/1031/1031 1033/1033/1033 1031/1031/1031 
f 1031/1031/1031 1033/1033/1033 1032/1032/1032 
f 1033/1033/1033 1034/1034/1034 1032/1032/1032 
f 1032/1032/1032 1034/1034/1034 1035/1035/1035 
f 1034/1034/1034 1035/1035/1035 1035/1035/1035 
f 1035/1035/1035 1035/1035/1035 1032/1032/1032 
f 1035/1035/1035 1032/1032/1032 1032/1032/1032 
f 1032/1032/1032 1032/1032/1032 1032/1032/1032 
f 1032/1032/1032 1035/1035/1035 1032/1032/1032 
f 1032/1032/1032 1035/1035/1035 1036/1036/1036 
f 1035/1035/1035 1037/1037/1037 1036/1036/1036 
f 1036/1036/1036 1037/1037/1037 1038/1038/1038 
f 1037/1037/1037 1038/1038/1038 1038/1038/1038 
f 1038/1038/1038 1038/1038/1038 1036/1036/1036 
f 1038/1038/1038 1036/1036/1036 1036/1036/1036 
f 1036/1036/1036 1036/1036/1036 1036/1036/1036 
f 1036/1036/1036 1038/1038/1038 1036/1036/1036 
f 1036/1036/1036 1038/1038/1038 1039/1039/1039 
f 1038/1038/1038 1040/1040/1040 1039/1039/1039 
f 1039/1039/1039 1040/1040/1040 1041/1041/1041 
f 1040/1040/1040 1041/1041/1041 1041/1041/1041 
f 1041/1041/1041 1041/1041/1041 1039/1039/1039 
f 1041/1041/1041 1039/1039/1039 1039/1039/1039 
f 1039/1039/1039 1039/1039/1039 1039/1039/1039 
f 1039/1039/1039 1041/1041/1041 1039/1039/1039 
f 1039/1039/1039 1041/1041/1041 1042/1042/1042 
f 1041/1041/1041 1043/1043/1043 1042/1042/1042 
f 1042/1042/1042 1043/1043/1043 1044/1044/1044 
f 1043/1043/1043 1044/1044/1044 1044/1044/1044 
f 1044/1044/1044 1044/1044/1044 1044/1044/1044 
f 1044/1044/1044 1045/1045/1045 1044/1044/1044 
f 1044/1044/1044 1045/1045/1045 1042/1042/1042 
f 1045/1045/1045 1046/1046/1046 1042/1042/1042 
f 1042/1042/1042 1046/1046/1046 1046/1046/1046 
f 1046/1046/1046 1045/1045/1045 1046/1046/1046 
f 1046/1046/1046 1045/1045/1045 1045/1045/1045 
f 1045/1045/1045 1047/1047/1047 1045/1045/1045 
f 1045/1045/1045 1047/1047/1047 1046/1046/1046 
f 1047/1047/1047 1048/1048/1048 1046/1046/1046 
f 1046/1046/1046 1048/1048/1048 1049/1049/1049 
f 1048/1048/1048 1049/1049/1049 1049/1049/1049 
f 1049/1049/1049 1049/1049/1049 1046/1046/1046 
f 1049/1049/1049 1046/1046/1046 1046/1046/1046 
f 1046/1046/1046 1046/1046/1046 1046/1046/1046 
f 1046/1046/1046 1049/1049/1049 1046/1046/1046 
f 1046/1046/1046 1049/1049/1049 1050/1050/1050 
f 1049/1049/1049 1051/1051/1051 1050/1050/1050 
f 1050/1050/1050 1051/1051/1051 1052/1052/1052 
f 1051/1051/1051 1052/1052/1052 1052/1052/1052 
f 1052/1052/1052 1052/1052/1052 1052/1052/1052 
f 1052/1052/1052 1053/1053/1053 1052/1052/1052 
f 1052/1052/1052 1053/1053/1053 1050/1050/1050 
f 1053/1053/1053 1054/1054/1054 1050/1050/1050 
f 1050/1050/1050 1054/1054/1054 1054/1054/1054 
f 1054/1054/1054 1053/1053/1053 1054/1054/1054 
f 1054/1054/1054 1053/1053/1053 1053/1053/1053 
f 1053/1053/1053 1055/1055/1055 1053/1053/1053 
f 1053/1053/1053 1055/1055/1055 1054/1054/1054 
f 1055/1055/1055 1056/1056/1056 1054/1054/1054 
f 1054/1054/1054 1056/1056/1056 1057/1057/1057 
f 1056/1056/1056 1057/1057/1057 1057/1057/1057 
f 1057/1057/1057 1057/1057/1057 1054/1054/1054 
f 1057/1057/1057 1054/1054/1054 1054/1054/1054 
f 1054/1054/1054 1054/1054/1054 1054/1054/1054 
f 1054/1054/1054 1057/1057/1057 1054/1054/1054 
f 1054/1054/1054 1057/1057/1057 1058/1058/1058 
f 1057/1057/1057 1059/1059/1059 1058/1058/1058 
f 1058/1058/1058 1059/1059/1059 1060/1060/1060 
f 1059/1059/1059 1060/1060/1060 1060/1060/1060 
f 1060/1060/1060 1060/1060/1060 1058/1058/1058 
f 1060/1060/1060 1058/1058/1058 1058/1058/1058 
f 1058/1058/1058 1058/1058/1058 1058/1058/1058 
f 1058/1058/1058 1060/1060/1060 1058/1058/1058 
f 1058/1058/1058 1060/1060/1060 1061/1061/1061 
f 1060/1060/1060 1062/1062/1062 1061/1061/1061 
f 1061/1061/1061 1062/1062/1062 1063/1063/1063 
f 1062/1062/1062 1063/1063/1063 1063/1063/1063 
f 1063/1063/1063 1063/1063/1063 1061/1061/1061 
f 1063/1063/1063 1061/1061/1061 1061/1061/1061 
f 1061/1061/1061 1061/1061/1061 1061/1061/1061 
f 1061/1061/1061 1063/1063/1063 1061/1061/1061 
f 1061/1061/1061 1063/1063/1063 1023/1023/1023 
f 1063/1063/1063 1025/1025/1025 1023/1023/1023 
f 1023/1023/1023 1025/1025/1025 1025/1025/1025 
f 1025/1025/1025 1064/1064/1064 1025/1025/1025 
f 1025/1025/1025 1064/1064/1064 1064/1064/1064 
f 1064/1064/1064 1065/1065/1065 1064/1064/1064 
f 1064/1064/1064 1065/1065/1065 1066/1066/1066 
f 1065/1065/1065 1067/1067/1067 1066/1066/1066 
f 1066/1066/1066 1067/1067/1067 1067/1067/1067 
f 1067/1067/1067 1065/1065/1065 1067/1067/1067 
f 1067/1067/1067 1065/1065/1065 1065/1065/1065 
f 1065/1065/1065 1068/1068/1068 1065/1065/1065 
f 1065/1065/1065 1068/1068/1068 1067/1067/1067 
f 1068/1068/1068 1069/1069/1069 1067/1067/1067 
f 1067/1067/1067 1069/1069/1069 1070/1070/1070 
f 1069/1069/1069 1070/1070/1070 1070/1070/1070 
f 1070/1070/1070 1070/1070/1070 1067/1067/1067 
f 1070/1070/1070 1067/1067/1067 1067/1067/1067 
f 1067/1067/1067 1067/1067/1067 1067/1067/1067 
f 1067/1067/1067 1070/1070/1070 1067/1067/1067 
f 1067/1067/1067 1070/1070/1070 1071/1071/1071 
f 1070/1070/1070 1072/1072/1072 1071/1071/1071 
f 1071/1071/1071 1072/1072/1072 1073/1073/1073 
f 1072/1072/1072 1073/1073/1073 1073/1073/1073 
f 1073/1073/1073 1073/1073/1073 1073/1073/1073 
f 1073/1073/1073 1074/1074/1074 1073/1073/1073 
f 1073/1073/1073 1074/1074/1074 1071/1071/1071 
f 1074/1074/1074 1075/1075/1075 1071/1071/1071 
f 1071/1071/1071 1075/1075/1075 1075/1075/1075 
f 1075/1075/1075 1074/1074/1074 1075/1075/1075 
f 1075/1075/1075 1074/1074/1074 1074/1074/1074 
f 1074/1074/1074 1076/1076/1076 1074/1074/1074 
f 1074/1074/1074 1076/1076/1076 1075/1075/1075 
f 1076/1076/1076 1077/1077/1077 1075/1075/1075 
f 1075/1075/1075 1077/1077/1077 1078/1078/1078 
f 1077/1077/1077 1078/1078/1078 1078/1078/1078 
f 1078/1078/1078 1078/1078/1078 1075/1075/1075 
f 1078/1078/1078 1075/1075/1075 1075/1075/1075 
f 1075/1075/1075 1075/1075/1075 1075/1075/1075 
f 1075/1075/1075 1078/1078/1078 1075/1075/1075 
f 1075/1075/1075 1078/1078/1078 1079/1079/1079 
f 1078/1078/1078 1080/1080/1080 1079/1079/1079 
f 1079/1079/1079 1080/1080/1080 1081/1081/1081 
f 1080/1080/1080 1081/1081/1081 1081/1081/1081 
f 1081/1081/1081 1081/1081/1081 1079/1079/1079 
f 1081/1081/1081 1079/1079/1079 1079/1079/1079 
f 1079/1079/1079 1079/1079/1079 1079/1079/1079 
f 1079/1079/1079 1081/1081/1081 1079/1079/1079 
f 1079/1079/1079 1081/1081/1081 1082/1082/1082 
f 1081/1081/1081 1083/1083/1083 1082/1082/1082 
f 1082/1082/1082 1083/1083/1083 1084/1084/1084 
f 1083/1083/1083 1084/1084/1084 1084/1084/1084 
f 1084/1084/1084 1084/1084/1084 1082/1082/1082 
f 1084/1084/1084 1082/1082/1082 1082/1082/1082 
f 1082/1082/1082 1082/1082/1082 1082/1082/1082 
f 1082/1082/1082 1084/1084/1084 1082/1082/1082 
f 1082/1082/1082 1084/1084/1084 1085/1085/1085 
f 1084/1084/1084 1086/1086/1086 1085/1085/1085 
f 1085/1085/1085 1086/1086/1086 1087/1087/1087 
f 1086/1086/1086 1087/1087/1087 1087/1087/1087 
f 1087/1087/1087 1087/1087/1087 1087/1087/1087 
f 1087/1087/1087 1088/1088/1088 1087/1087/1087 
f 1087/1087/1087 1088/1088/1088 1085/1085/1085 
f 1088/1088/1088 1089/1089/1089 1085/1085/1085 
f 1085/1085/1085 1089/1089/1089 1089/1089/1089 
f 1089/1089/1089 1088/1088/1088 1089/1089/1089 
f 1089/1089/1089 1088/1088/1088 1088/1088/1088 
f 1088/1088/1088 1090/1090/1090 1088/1088/1088 
f 1088/1088/1088 1090/1090/1090 1089/1089/1089 
f 1090/1090/1090 1091/1091/1091 1089/1089/1089 
f 1089/1089/1089 1091/1091/1091 1092/1092/1092 
f 1091/1091/1091 1092/1092/1092 1092/1092/1092 
f 1092/1092/1092 1092/1092/1092 1089/1089/1089 
f 1092/1092/1092 1089/1089/1089 1089/1089/1089 
f 1089/1089/1089 1089/1089/1089 1089/1089/1089 
f 1089/1089/1089 1092/1092/1092 1089/1089/1089 
f 1089/1089/1089 1092/1092/1092 1093/1093/1093 
f 1092/1092/1092 1094/1094/1094 1093/1093/1093 
f 1093/1093/1093 1094/1094/1094 1095/1095/1095 
f 1094/1094/1094 1095/1095/1095 1095/1095/1095 
f 1095/1095/1095 1095/1095/1095 1095/1095/1095 
f 1095/1095/1095 1096/1096/1096 1095/1095/1095 
f 1095/1095/1095 1096/1096/1096 1093/1093/1093 
f 1096/1096/1096 1097/1097/1097 1093/1093/1093 
f 1093/1093/1093 1097/1097/1097 1097/1097/1097 
f 1097/1097/1097 1096/1096/1096 1097/1097/1097 
f 1097/1097/1097 1096/1096/1096 1096/1096/1096 
f 1096/1096/1096 1098/1098/1098 1096/1096/1096 
f 1096/1096/1096 1098/1098/1098 1097/1097/1097 
f 1098/1098/1098 1099/1099/1099 1097/1097/1097 
f 1097/1097/1097 1099/1099/1099 1100/1100/1100 
f 1099/1099/1099 1100/1100/1100 1100/1100/1100 
f 1100/1100/1100 1100/1100/1100 1097/1097/1097 
f 1100/1100/1100 1097/1097/1097 1097/1097/1097 
f 1097/1097/1097 1097/1097/1097 1097/1097/1097 
f 1097/1097/1097 1100/1100/1100 1097/1097/1097 
f 1097/1097/1097 1100/1100/1100 1101/1101/1101 
f 1100/1100/1100 1102/1102/1102 1101/1101/1101 
f 1101/1101/1101 1102/1102/1102 1103/1103/1103 
f 1102/1102/1102 1103/1103/1103 1103/1103/1103 
f 1103/1103/1103 1103/1103/1103 1101/1101/1101 
f 1103/1103/1103 1101/1101/1101 1101/1101/1101 
f 1101/1101/1101 1101/1101/1101 1101/1101/1101 
f 1101/1101/1101 1103/1103/1103 1101/1101/1101 
f 1101/1101/1101 1103/1103/1103 1104/1104/1104 
f 1103/1103/1103 1105/1105/1105 1104/1104/1104 
f 1104/1104/1104 1105/1105/1105 1106/1106/1106 
f 1105/1105/1105 1106/1106/1106 1106/1106/1106 
f 1106/1106/1106 1106/1106/1106 1104/1104/1104 
f 1106/1106/1106 1104/1104/1104 1104/1104/1104 
f 1104/1104/1104 1104/1104/1104 1104/1104/1104 
f 1104/1104/1104 1106/1106/1106 1104/1104/1104 
f 1104/1104/1104 1106/1106/1106 1066/1066/1066 
f 1106/1106/1106 1107/1107/1107 1066/1066/1066 
f 1066/1066/1066 1107/1107/1107 1064/1064/1064 
f 1107/1107/1107 1064/1064/1064 1064/1064/1064 
f 1064/1064/1064 1064/1064/1064 1108/1108/1108 
f 1064/1064/1064 1108/1108/1108 1108/1108/1108 
f 1108/1108/1108 1108/1108/1108 1108/1108/1108 
f 1108/1108/1108 1109/1109/1109 1108/1108/1108 
f 1108/1108/1108 1109/1109/1109 1110/1110/1110 
f 1109/1109/1109 1111/1111/1111 1110/1110/1110 
f 1110/1110/1110 1111/1111/1111 1112/1112/1112 
f 1111/1111/1111 1113/1113/1113 1112/1112/1112 
f 1112/1112/1112 1113/1113/1113 1114/1114/1114 
f 1113/1113/1113 1115/1115/1115 1114/1114/1114 
f 1114/1114/1114 1115/1115/1115 1116/1116/1116 
f 1115/1115/1115 1117/1117/1117 1116/1116/1116 
f 1116/1116/1116 1117/1117/1117 1118/1118/1118 
f 1117/1117/1117 1119/1119/1119 1118/1118/1118 
f 1118/1118/1118 1119/1119/1119 1120/1120/1120 
f 1119/1119/1119 1121/1121/1121 1120/1120/1120 
f 1120/1120/1120 1121/1121/1121 1122/1122/1122 
f 1121/1121/1121 1123/1123/1123 1122/1122/1122 
f 1122/1122/1122 1123/1123/1123 1124/1124/1124 
f 1123/1123/1123 1125/1125/1125 1124/1124/1124 
f 1124/1124/1124 1125/1125/1125 1126/1126/1126 
f 1125/1125/1125 1127/1127/1127 1126/1126/1126 
f 1126/1126/1126 1127/1127/1127 1128/1128/1128 
f 1127/1127/1127 1129/1129/1129 1128/1128/1128 
f 1128/1128/1128 1129/1129/1129 1129/1129/1129 
f 1129/1129/1129 1130/1130/1130 1129/1129/1129 
f 1129/1129/1129 1130/1130/1130 1130/1130/1130 
f 1130/1130/1130 1131/1131/1131 1130/1130/1130 
f 1130/1130/1130 1131/1131/1131 1132/1132/1132 
f 1131/1131/1131 1133/1133/1133 1132/1132/1132 
f 1132/1132/1132 1133/1133/1133 1134/1134/1134 
f 1133/1133/1133 1135/1135/1135 1134/1134/1134 
f 1134/1134/1134 1135/1135/1135 1136/1136/1136 
f 1135/1135/1135 1137/1137/1137 1136/1136/1136 
f 1136/1136/1136 1137/1137/1137 1138/1138/1138 
f 1137/1137/1137 1139/1139/1139 1138/1138/1138 
f 1138/1138/1138 1139/1139/1139 1140/1140/1140 
f 1139/1139/1139 1141/1141/1141 1140/1140/1140 
f 1140/1140/1140 1141/1141/1141 1142/1142/1142 
f 1141/1141/1141 1143/1143/1143 1142/1142/1142 
f 1142/1142/1142 1143/1143/1143 1143/1143/1143 
f 1143/1143/1143 1144/1144/1144 1143/1143/1143 
f 1143/1143/1143 1144/1144/1144 1144/1144/1144 
f 1144/1144/1144 1145/1145/1145 1144/1144/1144 
f 1144/1144/1144 1145/1145/1145 1146/1146/1146 
f 1145/1145/1145 1147/1147/1147 1146/1146/1146 
f 1146/1146/1146 1147/1147/1147 1148/1148/1148 
f 1147/1147/1147 1149/1149/1149 1148/1148/1148 
f 1148/1148/1148 1149/1149/1149 1150/1150/1150 
f 1149/1149/1149 1151/1151/1151 1150/1150/1150 
f 1150/1150/1150 1151/1151/1151 1152/1152/1152 
f 1151/1151/1151 1153/1153/1153 1152/1152/1152 
f 1152/1152/1152 1153/1153/1153 1154/1154/1154 
f 1153/1153/1153 1155/1155/1155 1154/1154/1154 
f 1154/1154/1154 1155/1155/1155 1156/1156/1156 
f 1155/1155/1155 1157/1157/1157 1156/1156/1156 
f 1156/1156/1156 1157/1157/1157 1158/1158/1158 
f 1157/1157/1157 1159/1159/1159 1158/1158/1158 
f 1158/1158/1158 1159/1159/1159 1160/1160/1160 
f 1159/1159/1159 1161/1161/1161 1160/1160/1160 
f 1160/1160/1160 1161/1161/1161 1162/1162/1162 
f 1161/1161/1161 1163/1163/1163 1162/1162/1162 
f 1162/1162/1162 1163/1163/1163 1164/1164/1164 
f 1163/1163/1163 1165/1165/1165 1164/1164/1164 
f 1164/1164/1164 1165/1165/1165 1165/1165/1165 
f 1165/1165/1165 1166/1166/1166 1165/1165/1165 
f 1165/1165/1165 1166/1166/1166 1166/1166/1166 
f 1166/1166/1166 1167/1167/1167 1166/1166/1166 
f 1166/1166/1166 1167/1167/1167 1168/1168/1168 
f 1167/1167/1167 1169/1169/1169 1168/1168/1168 
f 1168/1168/1168 1169/1169/1169 1170/1170/1170 
f 1169/1169/1169 1171/1171/1171 1170/1170/1170 
f 1170/1170/1170 1171/1171/1171 1172/1172/1172 
f 1171/1171/1171 1173/1173/1173 1172/1172/1172 
f 1172/1172/1172 1173/1173/1173 1174/1174/1174 
f 1173/1173/1173 1175/1175/1175 1174/1174/1174 
f 1174/1174/1174 1175/1175/1175 1176/1176/1176 
f 1175/1175/1175 1177/1177/1177 1176/1176/1176 
f 1176/1176/1176 1177/1177/1177 1178/1178/1178 
f 1177/1177/1177 1179/1179/1179 1178/1178/1178 
f 1178/1178/1178 1179/1179/1179 1179/1179/1179 
f 1179/1179/1179 1180/1180/1180 1179/1179/1179 
f 1179/1179/1179 1180/1180/1180 1180/1180/1180 
f 1180/1180/1180 1181/1181/1181 1180/1180/1180 
f 1180/1180/1180 1181/1181/1181 1182/1182/1182 
f 1181/1181/1181 1183/1183/1183 1182/1182/1182 
f 1182/1182/1182 1183/1183/1183 1184/1184/1184 
f 1183/1183/1183 1185/1185/1185 1184/1184/1184 
f 1184/1184/1184 1185/1185/1185 1185/1185/1185 
f 1185/1185/1185 1180/1180/1180 1185/1185/1185 
f 1185/1185/1185 1180/1180/1180 1180/1180/1180 
f 1180/1180/1180 1186/1186/1186 1180/1180/1180 
f 1180/1180/1180 1186/1186/1186 1181/1181/1181 
f 1186/1186/1186 1187/1187/1187 1181/1181/1181 
f 1181/1181/1181 1187/1187/1187 1188/1188/1188 
f 1187/1187/1187 1189/1189/1189 1188/1188/1188 
f 1188/1188/1188 1189/1189/1189 1190/1190/1190 
f 1189/1189/1189 1190/1190/1190 1190/1190/1190 
f 1190/1190/1190 1190/1190/1190 1190/1190/1190 
f 1190/1190/1190 1191/1191/1191 1190/1190/1190 
f 1190/1190/1190 1191/1191/1191 1188/1188/1188 
f 1191/1191/1191 1192/1192/1192 1188/1188/1188 
f 1188/1188/1188 1192/1192/1192 1192/1192/1192 
f 1192/1192/1192 1191/1191/1191 1192/1192/1192 
f 1192/1192/1192 1191/1191/1191 1191/1191/1191 
f 1191/1191/1191 1193/1193/1193 1191/1191/1191 
f 1191/1191/1191 1193/1193/1193 1192/1192/1192 
f 1193/1193/1193 1194/1194/1194 1192/1192/1192 
f 1192/1192/1192 1194/1194/1194 1195/1195/1195 
f 1194/1194/1194 1196/1196/1196 1195/1195/1195 
f 1195/1195/1195 1196/1196/1196 1197/1197/1197 
f 1196/1196/1196 1197/1197/1197 1197/1197/1197 
f 1197/1197/1197 1197/1197/1197 1195/1195/1195 
f 1197/1197/1197 1195/1195/1195 1195/1195/1195 
f 1195/1195/1195 1195/1195/1195 1195/1195/1195 
f 1195/1195/1195 1197/1197/1197 1195/1195/1195 
f 1195/1195/1195 1197/1197/1197 1198/1198/1198 
f 1197/1197/1197 1199/1199/1199 1198/1198/1198 
f 1198/1198/1198 1199/1199/1199 1200/1200/1200 
f 1199/1199/1199 1200/1200/1200 1200/1200/1200 
f 1200/1200/1200 1200/1200/1200 1200/1200/1200 
f 1200/1200/1200 1201/1201/1201 1200/1200/1200 
f 1200/1200/1200 1201/1201/1201 1198/1198/1198 
f 1201/1201/1201 1202/1202/1202 1198/1198/1198 
f 1198/1198/1198 1202/1202/1202 1202/1202/1202 
f 1202/1202/1202 1201/1201/1201 1202/1202/1202 
f 1202/1202/1202 1201/1201/1201 1201/1201/1201 
f 1201/1201/1201 1203/1203/1203 1201/1201/1201 
f 1201/1201/1201 1203/1203/1203 1202/1202/1202 
f 1203/1203/1203 1204/1204/1204 1202/1202/1202 
f 1202/1202/1202 1204/1204/1204 1205/1205/1205 
f 1204/1204/1204 1205/1205/1205 1205/1205/1205 
f 1205/1205/1205 1205/1205/1205 1202/1202/1202 
f 1205/1205/1205 1202/1202/1202 1202/1202/1202 
f 1202/1202/1202 1202/1202/1202 1202/1202/1202 
f 1202/1202/1202 1205/1205/1205 1202/1202/1202 
f 1202/1202/1202 1205/1205/1205 1206/1206/1206 
f 1205/1205/1205 1207/1207/1207 1206/1206/1206 
f 1206/1206/1206 1207/1207/1207 1208/1208/1208 
f 1207/1207/1207 1208/1208/1208 1208/1208/1208 
f 1208/1208/1208 1208/1208/1208 1208/1208/1208 
f 1208/1208/1208 1209/1209/1209 1208/1208/1208 
f 1208/1208/1208 1209/1209/1209 1206/1206/1206 
f 1209/1209/1209 1210/1210/1210 1206/1206/1206 
f 1206/1206/1206 1210/1210/1210 1210/1210/1210 
f 1210/1210/1210 1209/1209/1209 1210/1210/1210 
f 1210/1210/1210 1209/1209/1209 1209/1209/1209 
f 1209/1209/1209 1211/1211/1211 1209/1209/1209 
f 1209/1209/1209 1211/1211/1211 1210/1210/1210 
f 1211/1211/1211 1212/1212/1212 1210/1210/1210 
f 1210/1210/1210 1212/1212/1212 1213/1213/1213 
f 1212/1212/1212 1213/1213/1213 1213/1213/1213 
f 1213/1213/1213 1213/1213/1213 1210/1210/1210 
f 1213/1213/1213 1210/1210/1210 1210/1210/1210 
f 1210/1210/1210 1210/1210/1210 1210/1210/1210 
f 1210/1210/1210 1213/1213/1213 1210/1210/1210 
f 1210/1210/1210 1213/1213/1213 1214/1214/1214 
f 1213/1213/1213 1215/1215/1215 1214/1214/1214 
f 1214/1214/1214 1215/1215/1215 1216/1216/1216 
f 1215/1215/1215 1216/1216/1216 1216/1216/1216 
f 1216/1216/1216 1216/1216/1216 1214/1214/1214 
f 1216/1216/1216 1214/1214/1214 1214/1214/1214 
f 1214/1214/1214 1214/1214/1214 1214/1214/1214 
f 1214/1214/1214 1216/1216/1216 1214/1214/1214 
f 1214/1214/1214 1216/1216/1216 1217/1217/1217 
f 1216/1216/1216 1218/1218/1218 1217/1217/1217 
f 1217/1217/1217 1218/1218/1218 1219/1219/1219 
f 1218/1218/1218 1219/1219/1219 1219/1219/1219 
f 1219/1219/1219 1219/1219/1219 1217/1217/1217 
f 1219/1219/1219 1217/1217/1217 1217/1217/1217 
f 1217/1217/1217 1217/1217/1217 1217/1217/1217 
f 1217/1217/1217 1219/1219/1219 1217/1217/1217 
f 1217/1217/1217 1219/1219/1219 1220/1220/1220 
f 1219/1219/1219 1221/1221/1221 1220/1220/1220 
f 1220/1220/1220 1221/1221/1221 1222/1222/1222 
f 1221/1221/1221 1222/1222/1222 1222/1222/1222 
f 1222/1222/1222 1222/1222/1222 1222/1222/1222 
f 1222/1222/1222 1223/1223/1223 1222/1222/1222 
f 1222/1222/1222 1223/1223/1223 1220/1220/1220 
f 1223/1223/1223 1183/1183/1183 1220/1220/1220 
f 1220/1220/1220 1183/1183/1183 1183/1183/1183 
f 1183/1183/1183 1224/1224/1224 1183/1183/1183 
f 1183/1183/1183 1224/1224/1224 1224/1224/1224 
f 1224/1224/1224 1225/1225/1225 1224/1224/1224 
f 1224/1224/1224 1225/1225/1225 1226/1226/1226 
f 1225/1225/1225 1227/1227/1227 1226/1226/1226 
f 1226/1226/1226 1227/1227/1227 1228/1228/1228 
f 1227/1227/1227 1228/1228/1228 1228/1228/1228 
f 1228/1228/1228 1228/1228/1228 1228/1228/1228 
f 1228/1228/1228 1229/1229/1229 1228/1228/1228 
f 1228/1228/1228 1229/1229/1229 1226/1226/1226 
f 1229/1229/1229 1230/1230/1230 1226/1226/1226 
f 1226/1226/1226 1230/1230/1230 1230/1230/1230 
f 1230/1230/1230 1229/1229/1229 1230/1230/1230 
f 1230/1230/1230 1229/1229/1229 1229/1229/1229 
f 1229/1229/1229 1231/1231/1231 1229/1229/1229 
f 1229/1229/1229 1231/1231/1231 1230/1230/1230 
f 1231/1231/1231 1232/1232/1232 1230/1230/1230 
f 1230/1230/1230 1232/1232/1232 1233/1233/1233 
f 1232/1232/1232 1233/1233/1233 1233/1233/1233 
f 1233/1233/1233 1233/1233/1233 1230/1230/1230 
f 1233/1233/1233 1230/1230/1230 1230/1230/1230 
f 1230/1230/1230 1230/1230/1230 1230/1230/1230 
f 1230/1230/1230 1233/1233/1233 1230/1230/1230 
f 1230/1230/1230 1233/1233/1233 1234/1234/1234 
f 1233/1233/1233 1235/1235/1235 1234/1234/1234 
f 1234/1234/1234 1235/1235/1235 1236/1236/1236 
f 1235/1235/1235 1236/1236/1236 1236/1236/1236 
f 1236/1236/1236 1236/1236/1236 1236/1236/1236 
f 1236/1236/1236 1237/1237/1237 1236/1236/1236 
f 1236/1236/1236 1237/1237/1237 1234/1234/1234 
f 1237/1237/1237 1238/1238/1238 1234/1234/1234 
f 1234/1234/1234 1238/1238/1238 1238/1238/1238 
f 1238/1238/1238 1237/1237/1237 1238/1238/1238 
f 1238/1238/1238 1237/1237/1237 1237/1237/1237 
f 1237/1237/1237 1239/1239/1239 1237/1237/1237 
f 1237/1237/1237 1239/1239/1239 1238/1238/1238 
f 1239/1239/1239 1240/1240/1240 1238/1238/1238 
f 1238/1238/1238 1240/1240/1240 1241/1241/1241 
f 1240/1240/1240 1242/1242/1242 1241/1241/1241 
f 1241/1241/1241 1242/1242/1242 1243/1243/1243 
f 1242/1242/1242 1243/1243/1243 1243/1243/1243 
f 1243/1243/1243 1243/1243/1243 1241/1241/1241 
f 1243/1243/1243 1241/1241/1241 1241/1241/1241 
f 1241/1241/1241 1241/1241/1241 1241/1241/1241 
f 1241/1241/1241 1243/1243/1243 1241/1241/1241 
f 1241/1241/1241 1243/1243/1243 1244/1244/1244 
f 1243/1243/1243 1245/1245/1245 1244/1244/1244 
f 1244/1244/1244 1245/1245/1245 1246/1246/1246 
f 1245/1245/1245 1246/1246/1246 1246/1246/1246 
f 1246/1246/1246 1246/1246/1246 1246/1246/1246 
f 1246/1246/1246 1247/1247/1247 1246/1246/1246 
f 1246/1246/1246 1247/1247/1247 1244/1244/1244 
f 1247/1247/1247 1248/1248/1248 1244/1244/1244 
f 1244/1244/1244 1248/1248/1248 1248/1248/1248 
f 1248/1248/1248 1247/1247/1247 1248/1248/1248 
f 1248/1248/1248 1247/1247/1247 1247/1247/1247 
f 1247/1247/1247 1249/1249/1249 1247/1247/1247 
f 1247/1247/1247 1249/1249/1249 1248/1248/1248 
f 1249/1249/1249 1250/1250/1250 1248/1248/1248 
f 1248/1248/1248 1250/1250/1250 1251/1251/1251 
f 1250/1250/1250 1251/1251/1251 1251/1251/1251 
f 1251/1251/1251 1251/1251/1251 1248/1248/1248 
f 1251/1251/1251 1248/1248/1248 1248/1248/1248 
f 1248/1248/1248 1248/1248/1248 1248/1248/1248 
f 1248/1248/1248 1251/1251/1251 1248/1248/1248 
f 1248/1248/1248 1251/1251/1251 1252/1252/1252 
f 1251/1251/1251 1253/1253/1253 1252/1252/1252 
f 1252/1252/1252 1253/1253/1253 1254/1254/1254 
f 1253/1253/1253 1254/1254/1254 1254/1254/1254 
f 1254/1254/1254 1254/1254/1254 1254/1254/1254 
f 1254/1254/1254 1255/1255/1255 1254/1254/1254 
f 1254/1254/1254 1255/1255/1255 1252/1252/1252 
f 1255/1255/1255 1256/1256/1256 1252/1252/1252 
f 1252/1252/1252 1256/1256/1256 1256/1256/1256 
f 1256/1256/1256 1255/1255/1255 1256/1256/1256 
f 1256/1256/1256 1255/1255/1255 1255/1255/1255 
f 1255/1255/1255 1257/1257/1257 1255/1255/1255 
f 1255/1255/1255 1257/1257/1257 1256/1256/1256 
f 1257/1257/1257 1258/1258/1258 1256/1256/1256 
f 1256/1256/1256 1258/1258/1258 1259/1259/1259 
f 1258/1258/1258 1259/1259/1259 1259/1259/1259 
f 1259/1259/1259 1259/1259/1259 1256/1256/1256 
f 1259/1259/1259 1256/1256/1256 1256/1256/1256 
f 1256/1256/1256 1256/1256/1256 1256/1256/1256 
f 1256/1256/1256 1259/1259/1259 1256/1256/1256 
f 1256/1256/1256 1259/1259/1259 1260/1260/1260 
f 1259/1259/1259 1261/1261/1261 1260/1260/1260 
f 1260/1260/1260 1261/1261/1261 1262/1262/1262 
f 1261/1261/1261 1262/1262/1262 1262/1262/1262 
f 1262/1262/1262 1262/1262/1262 1260/1260/1260 
f 1262/1262/1262 1260/1260/1260 1260/1260/1260 
f 1260/1260/1260 1260/1260/1260 1260/1260/1260 
f 1260/1260/1260 1262/1262/1262 1260/1260/1260 
f 1260/1260/1260 1262/1262/1262 1263/1263/1263 
f 1262/1262/1262 1264/1264/1264 1263/1263/1263 
f 1263/1263/1263 1264/1264/1264 1265/1265/1265 
f 1264/1264/1264 1265/1265/1265 1265/1265/1265 
f 1265/1265/1265 1265/1265/1265 1263/1263/1263 
f 1265/1265/1265 1263/1263/1263 1263/1263/1263 
f 1263/1263/1263 1263/1263/1263 1263/1263/1263 
f 1263/1263/1263 1265/1265/1265 1263/1263/1263 
f 1263/1263/1263 1265/1265/1265 1224/1224/1224 
f 1265/1265/1265 1266/1266/1266 1224/1224/1224 
f 1224/1224/1224 1266/1266/1266 1267/1267/1267 
f 1266/1266/1266 1267/1267/1267 1267/1267/1267 
f 1267/1267/1267 1267/1267/1267 1268/1268/1268 
f 1267/1267/1267 1268/1268/1268 1268/1268/1268 
f 1268/1268/1268 1268/1268/1268 1268/1268/1268 
f 1268/1268/1268 1269/1269/1269 1268/1268/1268 
f 1268/1268/1268 1269/1269/1269 1270/1270/1270 
f 1269/1269/1269 1271/1271/1271 1270/1270/1270 
f 1270/1270/1270 1271/1271/1271 1272/1272/1272 
f 1271/1271/1271 1273/1273/1273 1272/1272/1272 
f 1272/1272/1272 1273/1273/1273 1274/1274/1274 
f 1273/1273/1273 1275/1275/1275 1274/1274/1274 
f 1274/1274/1274 1275/1275/1275 1276/1276/1276 
f 1275/1275/1275 1277/1277/1277 1276/1276/1276 
f 1276/1276/1276 1277/1277/1277 1278/1278/1278 
f 1277/1277/1277 1279/1279/1279 1278/1278/1278 
f 1278/1278/1278 1279/1279/1279 1280/1280/1280 
f 1279/1279/1279 1281/1281/1281 1280/1280/1280 
f 1280/1280/1280 1281/1281/1281 1282/1282/1282 
f 1281/1281/1281 1283/1283/1283 1282/1282/1282 
f 1282/1282/1282 1283/1283/1283 1284/1284/1284 
f 1283/1283/1283 1285/1285/1285 1284/1284/1284 
f 1284/1284/1284 1285/1285/1285 1286/1286/1286 
f 1285/1285/1285 1287/1287/1287 1286/1286/1286 
f 1286/1286/1286 1287/1287/1287 1288/1288/1288 
f 1287/1287/1287 1289/1289/1289 1288/1288/1288 
f 1288/1288/1288 1289/1289/1289 1289/1289/1289 
f 1289/1289/1289 1290/1290/1290 1289/1289/1289 
f 1289/1289/1289 1290/1290/1290 1290/1290/1290 
f 1290/1290/1290 1291/1291/1291 1290/1290/1290 
f 1290/1290/1290 1291/1291/1291 1292/1292/1292 
f 1291/1291/1291 1293/1293/1293 1292/1292/1292 
f 1292/1292/1292 1293/1293/1293 1294/1294/1294 
f 1293/1293/1293 1295/1295/1295 1294/1294/1294 
f 1294/1294/1294 1295/1295/1295 1296/1296/1296 
f 1295/1295/1295 1297/1297/1297 1296/1296/1296 
f 1296/1296/1296 1297/1297/1297 1298/1298/1298 
f 1297/1297/1297 1299/1299/1299 1298/1298/1298 
f 1298/1298/1298 1299/1299/1299 1300/1300/1300 
f 1299/1299/1299 1301/1301/1301 1300/1300/1300 
f 1300/1300/1300 1301/1301/1301 1302/1302/1302 
f 1301/1301/1301 1303/1303/1303 1302/1302/1302 
f 1302/1302/1302 1303/1303/1303 1303/1303/1303 
f 1303/1303/1303 1304/1304/1304 1303/1303/1303 
f 1303/1303/1303 1304/1304/1304 1304/1304/1304 
f 1304/1304/1304 1305/1305/1305 1304/1304/1304 
f 1304/1304/1304 1305/1305/1305 1306/1306/1306 
f 1305/1305/1305 1307/1307/1307 1306/1306/1306 
f 1306/1306/1306 1307/1307/1307 1308/1308/1308 
f 1307/1307/1307 1309/1309/1309 1308/1308/1308 
f 1308/1308/1308 1309/1309/1309 1310/1310/1310 
f 1309/1309/1309 1311/1311/1311 1310/1310/1310 
f 1310/1310/1310 1311/1311/1311 1312/1312/1312 
f 1311/1311/1311 1313/1313/1313 1312/1312/1312 
f 1312/1312/1312 1313/1313/1313 1314/1314/1314 
f 1313/1313/1313 1315/1315/1315 1314/1314/1314 
f 1314/1314/1314 1315/1315/1315 1316/1316/1316 
f 1315/1315/1315 1317/1317/1317 1316/1316/1316 
f 1316/1316/1316 1317/1317/1317 1318/1318/1318 
f 1317/1317/1317 1319/1319/1319 1318/1318/1318 
f 1318/1318/1318 1319/1319/1319 1320/1320/1320 
f 1319/1319/1319 1321/1321/1321 1320/1320/1320 
f 1320/1320/1320 1321/1321/1321 1322/1322/1322 
f 1321/1321/1321 1323/1323/1323 1322/1322/1322 
f 1322/1322/1322 1323/1323/1323 1324/1324/1324 
f 1323/1323/1323 1325/1325/1325 1324/1324/1324 
f 1324/1324/1324 1325/1325/1325 1325/1325/1325 
f 1325/1325/1325 1326/1326/1326 1325/1325/1325 
f 1325/1325/1325 1326/1326/1326 1326/1326/1326 
f 1326/1326/1326 1327/1327/1327 1326/1326/1326 
f 1326/1326/1326 1327/1327/1327 1328/1328/1328 
f 1327/1327/1327 1329/1329/1329 1328/1328/1328 
f 1328/1328/1328 1329/1329/1329 1330/1330/1330 
f 1329/1329/1329 1331/1331/1331 1330/1330/1330 
f 1330/1330/1330 1331/1331/1331 1332/1332/1332 
f 1331/1331/1331 1333/1333/1333 1332/1332/1332 
f 1332/1332/1332 1333/1333/1333 1334/1334/1334 
f 1333/1333/1333 1335/1335/1335 1334/1334/1334 
f 1334/1334/1334 1335/1335/1335 1336/1336/1336 
f 1335/1335/1335 1337/1337/1337 1336/1336/1336 
f 1336/1336/1336 1337/1337/1337 1338/1338/1338 
f 1337/1337/1337 1339/1339/1339 1338/1338/1338 
f 1338/1338/1338 1339/1339/1339 1339/1339/1339 
f 1339/1339/1339 1340/1340/1340 1339/1339/1339 
f 1339/1339/1339 1340/1340/1340 1340/1340/1340 
f 1340/1340/1340 1341/1341/1341 1340/1340/1340 
f 1340/1340/1340 1341/1341/1341 1342/1342/1342 
f 1341/1341/1341 1343/1343/1343 1342/1342/1342 
f 1342/1342/1342 1343/1343/1343 1344/1344/1344 
f 1343/1343/1343 1345/1345/1345 1344/1344/1344 
f 1344/1344/1344 1345/1345/1345 1345/1345/1345 
f 1345/1345/1345 1340/1340/1340 1345/1345/1345 
f 1345/1345/1345 1340/1340/1340 1340/1340/1340 
f 1340/1340/1340 1346/1346/1346 1340/1340/1340 
f 1340/1340/1340 1346/1346/1346 1341/1341/1341 
f 1346/1346/1346 1347/1347/1347 1341/1341/1341 
f 1341/1341/1341 1347/1347/1347 1348/1348/1348 
f 1347/1347/1347 1349/1349/1349 1348/1348/1348 
f 1348/1348/1348 1349/1349/1349 1350/1350/1350 
f 1349/1349/1349 1350/1350/1350 1350/1350/1350 
f 1350/1350/1350 1350/1350/1350 1350/1350/1350 
f 1350/1350/1350 1351/1351/1351 1350/1350/1350 
f 1350/1350/1350 1351/1351/1351 1348/1348/1348 
f 1351/1351/1351 1352/1352/1352 1348/1348/1348 
f 1348/1348/1348 1352/1352/1352 1352/1352/1352 
f 1352/1352/1352 1351/1351/1351 1352/1352/1352 
f 1352/1352/1352 1351/1351/1351 1351/1351/1351 
f 1351/1351/1351 1353/1353/1353 1351/1351/1351 
f 1351/1351/1351 1353/1353/1353 1352/1352/1352 
f 1353/1353/1353 1354/1354/1354 1352/1352/1352 
f 1352/1352/1352 1354/1354/1354 1355/1355/1355 
f 1354/1354/1354 1355/1355/1355 1355/1355/1355 
f 1355/1355/1355 1355/1355/1355 1352/1352/1352 
f 1355/1355/1355 1352/1352/1352 1352/1352/1352 
f 1352/1352/1352 1352/1352/1352 1352/1352/1352 
f 1352/1352/1352 1355/1355/1355 1352/1352/1352 
f 1352/1352/1352 1355/1355/1355 1356/1356/1356 
f 1355/1355/1355 1357/1357/1357 1356/1356/1356 
f 1356/1356/1356 1357/1357/1357 1358/1358/1358 
f 1357/1357/1357 1358/1358/1358 1358/1358/1358 
f 1358/1358/1358 1358/1358/1358 1356/1356/1356 
f 1358/1358/1358 1356/1356/1356 1356/1356/1356 
f 1356/1356/1356 1356/1356/1356 1356/1356/1356 
f 1356/1356/1356 1358/1358/1358 1356/1356/1356 
f 1356/1356/1356 1358/1358/1358 1359/1359/1359 
f 1358/1358/1358 1360/1360/1360 1359/1359/1359 
f 1359/1359/1359 1360/1360/1360 1361/1361/1361 
f 1360/1360/1360 1361/1361/1361 1361/1361/1361 
f 1361/1361/1361 1361/1361/1361 1359/1359/1359 
f 1361/1361/1361 1359/1359/1359 1359/1359/1359 
f 1359/1359/1359 1359/1359/1359 1359/1359/1359 
f 1359/1359/1359 1361/1361/1361 1359/1359/1359 
f 1359/1359/1359 1361/1361/1361 1362/1362/1362 
f 1361/1361/1361 1363/1363/1363 1362/1362/1362 
f 1362/1362/1362 1363/1363/1363 1364/1364/1364 
f 1363/1363/1363 1364/1364/1364 1364/1364/1364 
f 1364/1364/1364 1364/1364/1364 1364/1364/1364 
f 1364/1364/1364 1365/1365/1365 1364/1364/1364 
f 1364/1364/1364 1365/1365/1365 1362/1362/1362 
f 1365/1365/1365 1366/1366/1366 1362/1362/1362 
f 1362/1362/1362 1366/1366/1366 1366/1366/1366 
f 1366/1366/1366 1365/1365/1365 1366/1366/1366 
f 1366/1366/1366 1365/1365/1365 1365/1365/1365 
f 1365/1365/1365 1367/1367/1367 1365/1365/1365 
f 1365/1365/1365 1367/1367/1367 1366/1366/1366 
f 1367/1367/1367 1368/1368/1368 1366/1366/1366 
f 1366/1366/1366 1368/1368/1368 1369/1369/1369 
f 1368/1368/1368 1369/1369/1369 1369/1369/1369 
f 1369/1369/1369 1369/1369/1369 1366/1366/1366 
f 1369/1369/1369 1366/1366/1366 1366/1366/1366 
f 1366/1366/1366 1366/1366/1366 1366/1366/1366 
f 1366/1366/1366 1369/1369/1369 1366/1366/1366 
f 1366/1366/1366 1369/1369/1369 1370/1370/1370 
f 1369/1369/1369 1371/1371/1371 1370/1370/1370 
f 1370/1370/1370 1371/1371/1371 1372/1372/1372 
f 1371/1371/1371 1372/1372/1372 1372/1372/1372 
f 1372/1372/1372 1372/1372/1372 1372/1372/1372 
f 1372/1372/1372 1373/1373/1373 1372/1372/1372 
f 1372/1372/1372 1373/1373/1373 1370/1370/1370 
f 1373/1373/1373 1374/1374/1374 1370/1370/1370 
f 1370/1370/1370 1374/1374/1374 1374/1374/1374 
f 1374/1374/1374 1373/1373/1373 1374/1374/1374 
f 1374/1374/1374 1373/1373/1373 1373/1373/1373 
f 1373/1373/1373 1375/1375/1375 1373/1373/1373 
f 1373/1373/1373 1375/1375/1375 1374/1374/1374 
f 1375/1375/1375 1376/1376/1376 1374/1374/1374 
f 1374/1374/1374 1376/1376/1376 1377/1377/1377 
f 1376/1376/1376 1377/1377/1377 1377/1377/1377 
f 1377/1377/1377 1377/1377/1377 1374/1374/1374 
f 1377/1377/1377 1374/1374/1374 1374/1374/1374 
f 1374/1374/1374 1374/1374/1374 1374/1374/1374 
f 1374/1374/1374 1377/1377/1377 1374/1374/1374 
f 1374/1374/1374 1377/1377/1377 1378/1378/1378 
f 1377/1377/1377 1379/1379/1379 1378/1378/1378 
f 1378/1378/1378 1379/1379/1379 1380/1380/1380 
f 1379/1379/1379 1380/1380/1380 1380/1380/1380 
f 1380/1380/1380 1380/1380/1380 1378/1378/1378 
f 1380/1380/1380 1378/1378/1378 1378/1378/1378 
f 1378/1378/1378 1378/1378/1378 1378/1378/1378 
f 1378/1378/1378 1380/1380/1380 1378/1378/1378 
f 1378/1378/1378 1380/1380/1380 1381/1381/1381 
f 1380/1380/1380 1382/1382/1382 1381/1381/1381 
f 1381/1381/1381 1382/1382/1382 1383/1383/1383 
f 1382/1382/1382 1383/1383/1383 1383/1383/1383 
f 1383/1383/1383 1383/1383/1383 1381/1381/1381 
f 1383/1383/1383 1381/1381/1381 1381/1381/1381 
f 1381/1381/1381 1381/1381/1381 1381/1381/1381 
f 1381/1381/1381 1383/1383/1383 1381/1381/1381 
f 1381/1381/1381 1383/1383/1383 1343/1343/1343 
f 1383/1383/1383 1345/1345/1345 1343/1343/1343 
f 1343/1343/1343 1345/1345/1345 1345/1345/1345 
f 1345/1345/1345 1384/1384/1384 1345/1345/1345 
f 1345/1345/1345 1384/1384/1384 1384/1384/1384 
f 1384/1384/1384 1385/1385/1385 1384/1384/1384 
f 1384/1384/1384 1385/1385/1385 1386/1386/1386 
f 1385/1385/1385 1387/1387/1387 1386/1386/1386 
f 1386/1386/1386 1387/1387/1387 1388/1388/1388 
f 1387/1387/1387 1388/1388/1388 1388/1388/1388 
f 1388/1388/1388 1388/1388/1388 1388/1388/1388 
f 1388/1388/1388 1389/1389/1389 1388/1388/1388 
f 1388/1388/1388 1389/1389/1389 1386/1386/1386 
f 1389/1389/1389 1390/1390/1390 1386/1386/1386 
f 1386/1386/1386 1390/1390/1390 1390/1390/1390 
f 1390/1390/1390 1389/1389/1389 1390/1390/1390 
f 1390/1390/1390 1389/1389/1389 1389/1389/1389 
f 1389/1389/1389 1391/1391/1391 1389/1389/1389 
f 1389/1389/1389 1391/1391/1391 1390/1390/1390 
f 1391/1391/1391 1392/1392/1392 1390/1390/1390 
f 1390/1390/1390 1392/1392/1392 1393/1393/1393 
f 1392/1392/1392 1393/1393/1393 1393/1393/1393 
f 1393/1393/1393 1393/1393/1393 1390/1390/1390 
f 1393/1393/1393 1390/1390/1390 1390/1390/1390 
f 1390/1390/1390 1390/1390/1390 1390/1390/1390 
f 1390/1390/1390 1393/1393/1393 1390/1390/1390 
f 1390/1390/1390 1393/1393/1393 1394/1394/1394 
f 1393/1393/1393 1395/1395/1395 1394/1394/1394 
f 1394/1394/1394 1395/1395/1395 1396/1396/1396 
f 1395/1395/1395 1396/1396/1396 1396/1396/1396 
f 1396/1396/1396 1396/1396/1396 1396/1396/1396 
f 1396/1396/1396 1397/1397/1397 1396/1396/1396 
f 1396/1396/1396 1397/1397/1397 1394/1394/1394 
f 1397/1397/1397 1398/1398/1398 1394/1394/1394 
f 1394/1394/1394 1398/1398/1398 1398/1398/1398 
f 1398/1398/1398 1397/1397/1397 1398/1398/1398 
f 1398/1398/1398 1397/1397/1397 1397/1397/1397 
f 1397/1397/1397 1399/1399/1399 1397/1397/1397 
f 1397/1397/1397 1399/1399/1399 1398/1398/1398 
f 1399/1399/1399 1400/1400/1400 1398/1398/1398 
f 1398/1398/1398 1400/1400/1400 1401/1401/1401 
f 1400/1400/1400 1402/1402/1402 1401/1401/1401 
f 1401/1401/1401 1402/1402/1402 1403/1403/1403 
f 1402/1402/1402 1403/1403/1403 1403/1403/1403 
f 1403/1403/1403 1403/1403/1403 1401/1401/1401 
f 1403/1403/1403 1401/1401/1401 1401/1401/1401 
f 1401/1401/1401 1401/1401/1401 1401/1401/1401 
f 1401/1401/1401 1403/1403/1403 1401/1401/1401 
f 1401/1401/1401 1403/1403/1403 1404/1404/1404 
f 1403/1403/1403 1405/1405/1405 1404/1404/1404 
f 1404/1404/1404 1405/1405/1405 1406/1406/1406 
f 1405/1405/1405 1406/1406/1406 1406/1406/1406 
f 1406/1406/1406 1406/1406/1406 1406/1406/1406 
f 1406/1406/1406 1407/1407/1407 1406/1406/1406 
f 1406/1406/1406 1407/1407/1407 1404/1404/1404 
f 1407/1407/1407 1408/1408/1408 1404/1404/1404 
f 1404/1404/1404 1408/1408/1408 1408/1408/1408 
f 1408/1408/1408 1407/1407/1407 1408/1408/1408 
f 1408/1408/1408 1407/1407/1407 1407/1407/1407 
f 1407/1407/1407 1409/1409/1409 1407/1407/1407 
f 1407/1407/1407 1409/1409/1409 1408/1408/1408 
f 1409/1409/1409 1410/1410/1410 1408/1408/1408 
f 1408/1408/1408 1410/1410/1410 1411/1411/1411 
f 1410/1410/1410 1411/1411/1411 1411/1411/1411 
f 1411/1411/1411 1411/1411/1411 1408/1408/1408 
f 1411/1411/1411 1408/1408/1408 1408/1408/1408 
f 1408/1408/1408 1408/1408/1408 1408/1408/1408 
f 1408/1408/1408 1411/1411/1411 1408/1408/1408 
f 1408/1408/1408 1411/1411/1411 1412/1412/1412 
f 1411/1411/1411 1413/1413/1413 1412/1412/1412 
f 1412/1412/1412 1413/1413/1413 1414/1414/1414 
f 1413/1413/1413 1414/1414/1414 1414/1414/1414 
f 1414/1414/1414 1414/1414/1414 1414/1414/1414 
f 1414/1414/1414 1415/1415/1415 1414/1414/1414 
f 1414/1414/1414 1415/1415/1415 1412/1412/1412 
f 1415/1415/1415 1416/1416/1416 1412/1412/1412 
f 1412/1412/1412 1416/1416/1416 1416/1416/1416 
f 1416/1416/1416 1415/1415/1415 1416/1416/1416 
f 1416/1416/1416 1415/1415/1415 1415/1415/1415 
f 1415/1415/1415 1417/1417/1417 1415/1415/1415 
f 1415/1415/1415 1417/1417/1417 1416/1416/1416 
f 1417/1417/1417 1418/1418/1418 1416/1416/1416 
f 1416/1416/1416 1418/1418/1418 1419/1419/1419 
f 1418/1418/1418 1419/1419/1419 1419/1419/1419 
f 1419/1419/1419 1419/1419/1419 1416/1416/1416 
f 1419/1419/1419 1416/1416/1416 1416/1416/1416 
f 1416/1416/1416 1416/1416/1416 1416/1416/1416 
f 1416/1416/1416 1419/1419/1419 1416/1416/1416 
f 1416/1416/1416 1419/1419/1419 1420/1420/1420 
f 1419/1419/1419 1421/1421/1421 1420/1420/1420 
f 1420/1420/1420 1421/1421/1421 1422/1422/1422 
f 1421/1421/1421 1422/1422/1422 1422/1422/1422 
f 1422/1422/1422 1422/1422/1422 1420/1420/1420 
f 1422/1422/1422 1420/1420/1420 1420/1420/1420 
f 1420/1420/1420 1420/1420/1420 1420/1420/1420 
f 1420/1420/1420 1422/1422/1422 1420/1420/1420 
f 1420/1420/1420 1422/1422/1422 1423/1423/1423 
f 1422/1422/1422 1424/1424/1424 1423/1423/1423 
f 1423/1423/1423 1424/1424/1424 1425/1425/1425 
f 1424/1424/1424 1425/1425/1425 1425/1425/1425 
f 1425/1425/1425 1425/1425/1425 1423/1423/1423 
f 1425/1425/1425 1423/1423/1423 1423/1423/1423 
f 1423/1423/1423 1423/1423/1423 1423/1423/1423 
f 1423/1423/1423 1425/1425/1425 1423/1423/1423 
f 1423/1423/1423 1425/1425/1425 1384/1384/1384 
f 1425/1425/1425 1426/1426/1426 1384/1384/1384 
f 1384/1384/1384 1426/1426/1426 1427/1427/1427 
f 1426/1426/1426 1427/1427/1427 1427/1427/1427 
f 1427/1427/1427 1427/1427/1427 1428/1428/1428 
f 1427/1427/1427 1428/1428/1428 1428/1428/1428 
f 1428/1428/1428 1428/1428/1428 1428/1428/1428 
f 1428/1428/1428 1429/1429/1429 1428/1428/1428 
f 1428/1428/1428 1429/1429/1429 1430/1430/1430 
f 1429/1429/1429 1431/1431/1431 1430/1430/1430 
f 1430/1430/1430 1431/1431/1431 1432/1432/1432 
f 1431/1431/1431 1433/1433/1433 1432/1432/1432 
f 1432/1432/1432 1433/1433/1433 1434/1434/1434 
f 1433/1433/1433 1435/1435/1435 1434/1434/1434 
f 1434/1434/1434 1435/1435/1435 1436/1436/1436 
f 1435/1435/1435 1437/1437/1437 1436/1436/1436 
f 1436/1436/1436 1437/1437/1437 1438/1438/1438 
f 1437/1437/1437 1439/1439/1439 1438/1438/1438 
f 1438/1438/1438 1439/1439/1439 1440/1440/1440 
f 1439/1439/1439 1441/1441/1441 1440/1440/1440 
f 1440/1440/1440 1441/1441/1441 1441/1441/1441 
f 1441/1441/1441 1442/1442/1442 1441/1441/1441 
f 1441/1441/1441 1442/1442/1442 1442/1442/1442 
f 1442/1442/1442 1443/1443/1443 1442/1442/1442 
f 1442/1442/1442 1443/1443/1443 1444/1444/1444 
f 1443/1443/1443 1445/1445/1445 1444/1444/1444 
f 1444/1444/1444 1445/1445/1445 1446/1446/1446 
f 1445/1445/1445 1447/1447/1447 1446/1446/1446 
f 1446/1446/1446 1447/1447/1447 1448/1448/1448 
f 1447/1447/1447 1449/1449/1449 1448/1448/1448 
f 1448/1448/1448 1449/1449/1449 1450/1450/1450 
f 1449/1449/1449 1451/1451/1451 1450/1450/1450 
f 1450/1450/1450 1451/1451/1451 1452/1452/1452 
f 1451/1451/1451 1453/1453/1453 1452/1452/1452 
f 1452/1452/1452 1453/1453/1453 1454/1454/1454 
f 1453/1453/1453 1455/1455/1455 1454/1454/1454 
f 1454/1454/1454 1455/1455/1455 1456/1456/1456 
f 1455/1455/1455 1457/1457/1457 1456/1456/1456 
f 1456/1456/1456 1457/1457/1457 1458/1458/1458 
f 1457/1457/1457 1459/1459/1459 1458/1458/1458 
f 1458/1458/1458 1459/1459/1459 1460/1460/1460 
f 1459/1459/1459 1461/1461/1461 1460/1460/1460 
f 1460/1460/1460 1461/1461/1461 1462/1462/1462 
f 1461/1461/1461 1463/1463/1463 1462/1462/1462 
f 1462/1462/1462 1463/1463/1463 1463/1463/1463 
f 1463/1463/1463 1464/1464/1464 1463/1463/1463 
f 1463/1463/1463 1464/1464/1464 1464/1464/1464 
f 1464/1464/1464 1465/1465/1465 1464/1464/1464 
f 1464/1464/1464 1465/1465/1465 1466/1466/1466 
f 1465/1465/1465 1467/1467/1467 1466/1466/1466 
f 1466/1466/1466 1467/1467/1467 1468/1468/1468 
f 1467/1467/1467 1469/1469/1469 1468/1468/1468 
f 1468/1468/1468 1469/1469/1469 1470/1470/1470 
f 1469/1469/1469 1471/1471/1471 1470/1470/1470 
f 1470/1470/1470 1471/1471/1471 1472/1472/1472 
f 1471/1471/1471 1473/1473/1473 1472/1472/1472 
f 1472/1472/1472 1473/1473/1473 1474/1474/1474 
f 1473/1473/1473 1475/1475/1475 1474/1474/1474 
f 1474/1474/1474 1475/1475/1475 1476/1476/1476 
f 1475/1475/1475 1477/1477/1477 1476/1476/1476 
f 1476/1476/1476 1477/1477/1477 1477/1477/1477 
f 1477/1477/1477 1478/1478/1478 1477/1477/1477 
f 1477/1477/1477 1478/1478/1478 1478/1478/1478 
f 1478/1478/1478 1479/1479/1479 1478/1478/1478 
f 1478/1478/1478 1479/1479/1479 1480/1480/1480 
f 1479/1479/1479 1481/1481/1481 1480/1480/1480 
f 1480/1480/1480 1481/1481/1481 1482/1482/1482 
f 1481/1481/1481 1483/1483/1483 1482/1482/1482 
f 1482/1482/1482 1483/1483/1483 1484/1484/1484 
f 1483/1483/1483 1485/1485/1485 1484/1484/1484 
f 1484/1484/1484 1485/1485/1485 1486/1486/1486 
f 1485/1485/1485 1487/1487/1487 1486/1486/1486 
f 1486/1486/1486 1487/1487/1487 1488/1488/1488 
f 1487/1487/1487 1489/1489/1489 1488/1488/1488 
f 1488/1488/1488 1489/1489/1489 1490/1490/1490 
f 1489/1489/1489 1491/1491/1491 1490/1490/1490 
f 1490/1490/1490 1491/1491/1491 1492/1492/1492 
f 1491/1491/1491 1493/1493/1493 1492/1492/1492 
f 1492/1492/1492 1493/1493/1493 1494/1494/1494 
f 1493/1493/1493 1495/1495/1495 1494/1494/1494 
f 1494/1494/1494 1495/1495/1495 1496/1496/1496 
f 1495/1495/1495 1497/1497/1497 1496/1496/1496 
f 1496/1496/1496 1497/1497/1497 1498/1498/1498 
f 1497/1497/1497 1499/1499/1499 1498/1498/1498 
f 1498/1498/1498 1499/1499/1499 1499/1499/1499 
f 1499/1499/1499 1500/1500/1500 1499/1499/1499 
f 1499/1499/1499 1500/1500/1500 1500/1500/1500 
f 1500/1500/1500 1501/1501/1501 1500/1500/1500 
f 1500/1500/1500 1501/1501/1501 1502/1502/1502 
f 1501/1501/1501 1503/1503/1503 1502/1502/1502 
f 1502/1502/1502 1503/1503/1503 1504/1504/1504 
f 1503/1503/1503 1505/1505/1505 1504/1504/1504 
f 1504/1504/1504 1505/1505/1505 1505/1505/1505 
f 1505/1505/1505 1500/1500/1500 1505/1505/1505 
f 1505/1505/1505 1500/1500/1500 1500/1500/1500 
f 1500/1500/1500 1506/1506/1506 1500/1500/1500 
f 1500/1500/1500 1506/1506/1506 1501/1501/1501 
f 1506/1506/1506 1507/1507/1507 1501/1501/1501 
f 1501/1501/1501 1507/1507/1507 1508/1508/1508 
f 1507/1507/1507 1509/1509/1509 1508/1508/1508 
f 1508/1508/1508 1509/1509/1509 1510/1510/1510 
f 1509/1509/1509 1510/1510/1510 1510/1510/1510 
f 1510/1510/1510 1510/1510/1510 1510/1510/1510 
f 1510/1510/1510 1511/1511/1511 1510/1510/1510 
f 1510/1510/1510 1511/1511/1511 1508/1508/1508 
f 1511/1511/1511 1512/1512/1512 1508/1508/1508 
f 1508/1508/1508 1512/1512/1512 1512/1512/1512 
f 1512/1512/1512 1511/1511/1511 1512/1512/1512 
f 1512/1512/1512 1511/1511/1511 1511/1511/1511 
f 1511/1511/1511 1513/1513/1513 1511/1511/1511 
f 1511/1511/1511 1513/1513/1513 1512/1512/1512 
f 1513/1513/1513 1514/1514/1514 1512/1512/1512 
f 1512/1512/1512 1514/1514/1514 1515/1515/1515 
f 1514/1514/1514 1515/1515/1515 1515/1515/1515 
f 1515/1515/1515 1515/1515/1515 1512/1512/1512 
f 1515/1515/1515 1512/1512/1512 1512/1512/1512 
f 1512/1512/1512 1512/1512/1512 1512/1512/1512 
f 1512/1512/1512 1515/1515/1515 1512/1512/1512 
f 1512/1512/1512 1515/1515/1515 1516/1516/1516 
f 1515/1515/1515 1517/1517/1517 1516/1516/1516 
f 1516/1516/1516 1517/1517/1517 1518/1518/1518 
f 1517/1517/1517 1518/1518/1518 1518/1518/1518 
f 1518/1518/1518 1518/1518/1518 1518/1518/1518 
f 1518/1518/1518 1519/1519/1519 1518/1518/1518 
f 1518/1518/1518 1519/1519/1519 1516/1516/1516 
f 1519/1519/1519 1520/1520/1520 1516/1516/1516 
f 1516/1516/1516 1520/1520/1520 1520/1520/1520 
f 1520/1520/1520 1519/1519/1519 1520/1520/1520 
f 1520/1520/1520 1519/1519/1519 1519/1519/1519 
f 1519/1519/1519 1521/1521/1521 1519/1519/1519 
f 1519/1519/1519 1521/1521/1521 1520/1520/1520 
f 1521/1521/1521 1522/1522/1522 1520/1520/1520 
f 1520/1520/1520 1522/1522/1522 1523/1523/1523 
f 1522/1522/1522 1524/1524/1524 1523/1523/1523 
f 1523/1523/1523 1524/1524/1524 1525/1525/1525 
f 1524/1524/1524 1525/1525/1525 1525/1525/1525 
f 1525/1525/1525 1525/1525/1525 1523/1523/1523 
f 1525/1525/1525 1523/1523/1523 1523/1523/1523 
f 1523/1523/1523 1523/1523/1523 1523/1523/1523 
f 1523/1523/1523 1525/1525/1525 1523/1523/1523 
f 1523/1523/1523 1525/1525/1525 1526/1526/1526 
f 1525/1525/1525 1527/1527/1527 1526/1526/1526 
f 1526/1526/1526 1527/1527/1527 1528/1528/1528 
f 1527/1527/1527 1528/1528/1528 1528/1528/1528 
f 1528/1528/1528 1528/1528/1528 1528/1528/1528 
f 1528/1528/1528 1529/1529/1529 1528/1528/1528 
f 1528/1528/1528 1529/1529/1529 1526/1526/1526 
f 1529/1529/1529 1530/1530/1530 1526/1526/1526 
f 1526/1526/1526 1530/1530/1530 1530/1530/1530 
f 1530/1530/1530 1529/1529/1529 1530/1530/1530 
f 1530/1530/1530 1529/1529/1529 1529/1529/1529 
f 1529/1529/1529 1531/1531/1531 1529/1529/1529 
f 1529/1529/1529 1531/1531/1531 1530/1530/1530 
f 1531/1531/1531 1532/1532/1532 1530/1530/1530 
f 1530/1530/1530 1532/1532/1532 1533/1533/1533 
f 1532/1532/1532 1533/1533/1533 1533/1533/1533 
f 1533/1533/1533 1533/1533/1533 1530/1530/1530 
f 1533/1533/1533 1530/1530/1530 1530/1530/1530 
f 1530/1530/1530 1530/1530/1530 1530/1530/1530 
f 1530/1530/1530 1533/1533/1533 1530/1530/1530 
f 1530/1530/1530 1533/1533/1533 1534/1534/1534 
f 1533/1533/1533 1535/1535/1535 1534/1534/1534 
f 1534/1534/1534 1535/1535/1535 1536/1536/1536 
f 1535/1535/1535 1536/1536/1536 1536/1536/1536 
f 1536/1536/1536 1536/1536/1536 1536/1536/1536 
f 1536/1536/1536 1537/1537/1537 1536/1536/1536 
f 1536/1536/1536 1537/1537/1537 1534/1534/1534 
f 1537/1537/1537 1538/1538/1538 1534/1534/1534 
f 1534/1534/1534 1538/1538/1538 1538/1538/1538 
f 1538/1538/1538 1537/1537/1537 1538/1538/1538 
f 1538/1538/1538 1537/1537/1537 1537/1537/1537 
f 1537/1537/1537 1539/1539/1539 1537/1537/1537 
f 1537/1537/1537 1539/1539/1539 1538/1538/1538 
f 1539/1539/1539 1540/1540/1540 1538/1538/1538 
f 1538/1538/1538 1540/1540/1540 1541/1541/1541 
f 1540/1540/1540 1541/1541/1541 1541/1541/1541 
f 1541/1541/1541 1541/1541/1541 1538/1538/1538 
f 1541/1541/1541 1538/1538/1538 1538/1538/1538 
f 1538/1538/1538 1538/1538/1538 1538/1538/1538 
f 1538/1538/1538 1541/1541/1541 1538/1538/1538 
f 1538/1538/1538 1541/1541/1541 1542/1542/1542 
f 1541/1541/1541 1543/1543/1543 1542/1542/1542 
f 1542/1542/1542 1543/1543/1543 1505/1505/1505 
f 1543/1543/1543 1505/1505/1505 1505/1505/1505 
f 1505/1505/1505 1505/1505/1505 1544/1544/1544 
f 1505/1505/1505 1544/1544/1544 1544/1544/1544 
f 1544/1544/1544 1544/1544/1544 1544/1544/1544 
f 1544/1544/1544 1545/1545/1545 1544/1544/1544 
f 1544/1544/1544 1545/1545/1545 1546/1546/1546 
f 1545/1545/1545 1547/1547/1547 1546/1546/1546 
f 1546/1546/1546 1547/1547/1547 1548/1548/1548 
f 1547/1547/1547 1549/1549/1549 1548/1548/1548 
f 1548/1548/1548 1549/1549/1549 1550/1550/1550 
f 1549/1549/1549 1550/1550/1550 1550/1550/1550 
f 1550/1550/1550 1550/1550/1550 1548/1548/1548 
f 1550/1550/1550 1548/1548/1548 1548/1548/1548 
f 1548/1548/1548 1548/1548/1548 1548/1548/1548 
f 1548/1548/1548 1550/1550/1550 1548/1548/1548 
f 1548/1548/1548 1550/1550/1550 1551/1551/1551 
f 1550/1550/1550 1552/1552/1552 1551/1551/1551 
f 1551/1551/1551 1552/1552/1552 1553/1553/1553 
f 1552/1552/1552 1553/1553/1553 1553/1553/1553 
f 1553/1553/1553 1553/1553/1553 1553/1553/1553 
f 1553/1553/1553 1554/1554/1554 1553/1553/1553 
f 1553/1553/1553 1554/1554/1554 1551/1551/1551 
f 1554/1554/1554 1555/1555/1555 1551/1551/1551 
f 1551/1551/1551 1555/1555/1555 1555/1555/1555 
f 1555/1555/1555 1554/1554/1554 1555/1555/1555 
f 1555/1555/1555 1554/1554/1554 1554/1554/1554 
f 1554/1554/1554 1556/1556/1556 1554/1554/1554 
f 1554/1554/1554 1556/1556/1556 1555/1555/1555 
f 1556/1556/1556 1557/1557/1557 1555/1555/1555 
f 1555/1555/1555 1557/1557/1557 1558/1558/1558 
f 1557/1557/1557 1558/1558/1558 1558/1558/1558 
f 1558/1558/1558 1558/1558/1558 1555/1555/1555 
f 1558/1558/1558 1555/1555/1555 1555/1555/1555 
f 1555/1555/1555 1555/1555/1555 1555/1555/1555 
f 1555/1555/1555 1558/1558/1558 1555/1555/1555 
f 1555/1555/1555 1558/1558/1558 1559/1559/1559 
f 1558/1558/1558 1560/1560/1560 1559/1559/1559 
f 1559/1559/1559 1560/1560/1560 1561/1561/1561 
f 1560/1560/1560 1561/1561/1561 1561/1561/1561 
f 1561/1561/1561 1561/1561/1561 1561/1561/1561 
f 1561/1561/1561 1562/1562/1562 1561/1561/1561 
f 1561/1561/1561 1562/1562/1562 1559/1559/1559 
f 1562/1562/1562 1563/1563/1563 1559/1559/1559 
f 1559/1559/1559 1563/1563/1563 1563/1563/1563 
f 1563/1563/1563 1562/1562/1562 1563/1563/1563 
f 1563/1563/1563 1562/1562/1562 1562/1562/1562 
f 1562/1562/1562 1564/1564/1564 1562/1562/1562 
f 1562/1562/1562 1564/1564/1564 1563/1563/1563 
f 1564/1564/1564 1565/1565/1565 1563/1563/1563 
f 1563/1563/1563 1565/1565/1565 1566/1566/1566 
f 1565/1565/1565 1566/1566/1566 1566/1566/1566 
f 1566/1566/1566 1566/1566/1566 1563/1563/1563 
f 1566/1566/1566 1563/1563/1563 1563/1563/1563 
f 1563/1563/1563 1563/1563/1563 1563/1563/1563 
f 1563/1563/1563 1566/1566/1566 1563/1563/1563 
f 1563/1563/1563 1566/1566/1566 1567/1567/1567 
f 1566/1566/1566 1568/1568/1568 1567/1567/1567 
f 1567/1567/1567 1568/1568/1568 1569/1569/1569 
f 1568/1568/1568 1569/1569/1569 1569/1569/1569 
f 1569/1569/1569 1569/1569/1569 1567/1567/1567 
f 1569/1569/1569 1567/1567/1567 1567/1567/1567 
f 1567/1567/1567 1567/1567/1567 1567/1567/1567 
f 1567/1567/1567 1569/1569/1569 1567/1567/1567 
f 1567/1567/1567 1569/1569/1569 1570/1570/1570 
f 1569/1569/1569 1571/1571/1571 1570/1570/1570 
f 1570/1570/1570 1571/1571/1571 1572/1572/1572 
f 1571/1571/1571 1572/1572/1572 1572/1572/1572 
f 1572/1572/1572 1572/1572/1572 1570/1570/1570 
f 1572/1572/1572 1570/1570/1570 1570/1570/1570 
f 1570/1570/1570 1570/1570/1570 1570/1570/1570 
f 1570/1570/1570 1572/1572/1572 1570/1570/1570 
f 1570/1570/1570 1572/1572/1572 1573/1573/1573 
f 1572/1572/1572 1574/1574/1574 1573/1573/1573 
f 1573/1573/1573 1574/1574/1574 1575/1575/1575 
f 1574/1574/1574 1575/1575/1575 1575/1575/1575 
f 1575/1575/1575 1575/1575/1575 1575/1575/1575 
f 1575/1575/1575 1576/1576/1576 1575/1575/1575 
f 1575/1575/1575 1576/1576/1576 1573/1573/1573 
f 1576/1576/1576 1577/1577/1577 1573/1573/1573 
f 1573/1573/1573 1577/1577/1577 1577/1577/1577 
f 1577/1577/1577 1576/1576/1576 1577/1577/1577 
f 1577/1577/1577 1576/1576/1576 1576/1576/1576 
f 1576/1576/1576 1578/1578/1578 1576/1576/1576 
f 1576/1576/1576 1578/1578/1578 1577/1577/1577 
f 1578/1578/1578 1579/1579/1579 1577/1577/1577 
f 1577/1577/1577 1579/1579/1579 1580/1580/1580 
f 1579/1579/1579 1580/1580/1580 1580/1580/1580 
f 1580/1580/1580 1580/1580/1580 1577/1577/1577 
f 1580/1580/1580 1577/1577/1577 1577/1577/1577 
f 1577/1577/1577 1577/1577/1577 1577/1577/1577 
f 1577/1577/1577 1580/1580/1580 1577/1577/1577 
f 1577/1577/1577 1580/1580/1580 1581/1581/1581 
f 1580/1580/1580 1582/1582/1582 1581/1581/1581 
f 1581/1581/1581 1582/1582/1582 1583/1583/1583 
f 1582/1582/1582 1583/1583/1583 1583/1583/1583 
f 1583/1583/1583 1583/1583/1583 1583/1583/1583 
f 1583/1583/1583 1584/1584/1584 1583/1583/1583 
f 1583/1583/1583 1584/1584/1584 1581/1581/1581 
f 1584/1584/1584 1585/1585/1585 1581/1581/1581 
f 1581/1581/1581 1585/1585/1585 1585/1585/1585 
f 1585/1585/1585 1584/1584/1584 1585/1585/1585 
f 1585/1585/1585 1584/1584/1584 1584/1584/1584 
f 1584/1584/1584 1586/1586/1586 1584/1584/1584 
f 1584/1584/1584 1586/1586/1586 1585/1585/1585 
f 1586/1586/1586 1587/1587/1587 1585/1585/1585 
f 1585/1585/1585 1587/1587/1587 1544/1544/1544 
f 1587/1587/1587 1544/1544/1544 1544/1544/1544 
f 1544/1544/1544 1544/1544/1544 1588/1588/1588 
f 1544/1544/1544 1588/1588/1588 1588/1588/1588 
f 1588/1588/1588 1588/1588/1588 1588/1588/1588 
f 1588/1588/1588 1589/1589/1589 1588/1588/1588 
f 1588/1588/1588 1589/1589/1589 1590/1590/1590 
f 1589/1589/1589 1591/1591/1591 1590/1590/1590 
f 1590/1590/1590 1591/1591/1591 1592/1592/1592 
f 1591/1591/1591 1593/1593/1593 1592/1592/1592 
f 1592/1592/1592 1593/1593/1593 1593/1593/1593 
f 1593/1593/1593 1591/1591/1591 1593/1593/1593 
f 1593/1593/1593 1591/1591/1591 1591/1591/1591 
f 1591/1591/1591 1594/1594/1594 1591/1591/1591 
f 1591/1591/1591 1594/1594/1594 1593/1593/1593 
f 1594/1594/1594 1595/1595/1595 1593/1593/1593 
f 1593/1593/1593 1595/1595/1595 1595/1595/1595 
f 1595/1595/1595 1594/1594/1594 1595/1595/1595 
f 1595/1595/1595 1594/1594/1594 1594/1594/1594 
f 1594/1594/1594 1596/1596/1596 1594/1594/1594 
f 1594/1594/1594 1596/1596/1596 1595/1595/1595 
f 1596/1596/1596 1597/1597/1597 1595/1595/1595 
f 1595/1595/1595 1597/1597/1597 1597/1597/1597 
f 1597/1597/1597 1598/1598/1598 1597/1597/1597 
f 1597/1597/1597 1598/1598/1598 1598/1598/1598 
f 1598/1598/1598 1599/1599/1599 1598/1598/1598 
f 1598/1598/1598 1599/1599/1599 1600/1600/1600 
f 1599/1599/1599 1601/1601/1601 1600/1600/1600 
f 1600/1600/1600 1601/1601/1601 1601/1601/1601 
f 1601/1601/1601 1602/1602/1602 1601/1601/1601 
f 1601/1601/1601 1602/1602/1602 1602/1602/1602 
f 1602/1602/1602 1603/1603/1603 1602/1602/1602 
f 1602/1602/1602 1603/1603/1603 1604/1604/1604 
f 1603/1603/1603 1605/1605/1605 1604/1604/1604 
f 1604/1604/1604 1605/1605/1605 1605/1605/1605 
f 1605/1605/1605 1606/1606/1606 1605/1605/1605 
f 1605/1605/1605 1606/1606/1606 1606/1606/1606 
f 1606/1606/1606 1607/1607/1607 1606/1606/1606 
f 1606/1606/1606 1607/1607/1607 1608/1608/1608 
f 1607/1607/1607 1609/1609/1609 1608/1608/1608 
f 1608/1608/1608 1609/1609/1609 1609/1609/1609 
f 1609/1609/1609 1610/1610/1610 1609/1609/1609 
f 1609/1609/1609 1610/1610/1610 1610/1610/1610 
f 1610/1610/1610 1611/1611/1611 1610/1610/1610 
f 1610/1610/1610 1611/1611/1611 1612/1612/1612 
f 1611/1611/1611 1613/1613/1613 1612/1612/1612 
f 1612/1612/1612 1613/1613/1613 1613/1613/1613 
f 1613/1613/1613 1614/1614/1614 1613/1613/1613 
f 1613/1613/1613 1614/1614/1614 1614/1614/1614 
f 1614/1614/1614 1615/1615/1615 1614/1614/1614 
f 1614/1614/1614 1615/1615/1615 1616/1616/1616 
f 1615/1615/1615 1617/1617/1617 1616/1616/1616 
f 1616/1616/1616 1617/1617/1617 1617/1617/1617 
f 1617/1617/1617 1618/1618/1618 1617/1617/1617 
f 1617/1617/1617 1618/1618/1618 1618/1618/1618 
f 1618/1618/1618 1619/1619/1619 1618/1618/1618 
f 1618/1618/1618 1619/1619/1619 1620/1620/1620 
f 1619/1619/1619 1621/1621/1621 1620/1620/1620 
f 1620/1620/1620 1621/1621/1621 1621/1621/1621 
f 1621/1621/1621 1622/1622/1622 1621/1621/1621 
f 1621/1621/1621 1622/1622/1622 1622/1622/1622 
f 1622/1622/1622 1623/1623/1623 1622/1622/1622 
f 1622/1622/1622 1623/1623/1623 1624/1624/1624 
f 1623/1623/1623 1625/1625/1625 1624/1624/1624 
f 1624/1624/1624 1625/1625/1625 1625/1625/1625 
f 1625/1625/1625 1626/1626/1626 1625/1625/1625 
f 1625/1625/1625 1626/1626/1626 1626/1626/1626 
f 1626/1626/1626 1627/1627/1627 1626/1626/1626 
f 1626/1626/1626 1627/1627/1627 1628/1628/1628 
f 1627/1627/1627 1629/1629/1629 1628/1628/1628 
f 1628/1628/1628 1629/1629/1629 1629/1629/1629 
f 1629/1629/1629 1630/1630/1630 1629/1629/1629 
f 1629/1629/1629 1630/1630/1630 1630/1630/1630 
f 1630/1630/1630 1631/1631/1631 1630/1630/1630 
f 1630/1630/1630 1631/1631/1631 1632/1632/1632 
f 1631/1631/1631 1633/1633/1633 1632/1632/1632 
f 1632/1632/1632 1633/1633/1633 1633/1633/1633 
f 1633/1633/1633 1634/1634/1634 1633/1633/1633 
f 1633/1633/1633 1634/1634/1634 1634/1634/1634 
f 1634/1634/1634 1635/1635/1635 1634/1634/1634 
f 1634/1634/1634 1635/1635/1635 1636/1636/1636 
f 1635/1635/1635 1637/1637/1637 1636/1636/1636 
f 1636/1636/1636 1637/1637/1637 1637/1637/1637 
f 1637/1637/1637 1638/1638/1638 1637/1637/1637 
f 1637/1637/1637 1638/1638/1638 1638/1638/1638 
f 1638/1638/1638 1639/1639/1639 1638/1638/1638 
f 1638/1638/1638 1639/1639/1639 1640/1640/1640 
f 1639/1639/1639 1641/1641/1641 1640/1640/1640 
f 1640/1640/1640 1641/1641/1641 1641/1641/1641 
f 1641/1641/1641 1642/1642/1642 1641/1641/1641 
f 1641/1641/1641 1642/1642/1642 1642/1642/1642 
f 1642/1642/1642 1643/1643/1643 1642/1642/1642 
f 1642/1642/1642 1643/1643/1643 1644/1644/1644 
f 1643/1643/1643 1645/1645/1645 1644/1644/1644 
f 1644/1644/1644 1645/1645/1645 1645/1645/1645 
f 1645/1645/1645 1646/1646/1646 1645/1645/1645 
f 1645/1645/1645 1646/1646/1646 1646/1646/1646 
f 1646/1646/1646 1647/1647/1647 1646/1646/1646 
f 1646/1646/1646 1647/1647/1647 1648/1648/1648 
f 1647/1647/1647 1649/1649/1649 1648/1648/1648 
f 1648/1648/1648 1649/1649/1649 1649/1649/1649 
f 1649/1649/1649 1650/1650/1650 1649/1649/1649 
f 1649/1649/1649 1650/1650/1650 1650/1650/1650 
f 1650/1650/1650 1651/1651/1651 1650/1650/1650 
f 1650/1650/1650 1651/1651/1651 1652/1652/1652 
f 1651/1651/1651 1653/1653/1653 1652/1652/1652 
f 1652/1652/1652 1653/1653/1653 1653/1653/1653 
f 1653/1653/1653 1651/1651/1651 1653/1653/1653 
f 1653/1653/1653 1651/1651/1651 1654/1654/1654 
f 1651/1651/1651 1655/1655/1655 1654/1654/1654 
f 1654/1654/1654 1655/1655/1655 1656/1656/1656 
f 1655/1655/1655 1656/1656/1656 1656/1656/1656 
f 1656/1656/1656 1656/1656/1656 1654/1654/1654 
f 1656/1656/1656 1654/1654/1654 1654/1654/1654 
f 1654/1654/1654 1654/1654/1654 1654/1654/1654 
f 1654/1654/1654 1656/1656/1656 1654/1654/1654 
f 1654/1654/1654 1656/1656/1656 1657/1657/1657 
f 1656/1656/1656 1658/1658/1658 1657/1657/1657 
f 1657/1657/1657 1658/1658/1658 1658/1658/1658 
f 1658/1658/1658 1659/1659/1659 1658/1658/1658 
f 1658/1658/1658 1659/1659/1659 1659/1659/1659 
f 1659/1659/1659 1660/1660/1660 1659/1659/1659 
f 1659/1659/1659 1660/1660/1660 1661/1661/1661 
f 1660/1660/1660 1662/1662/1662 1661/1661/1661 
f 1661/1661/1661 1662/1662/1662 1662/1662/1662 
f 1662/1662/1662 1663/1663/1663 1662/1662/1662 
f 1662/1662/1662 1663/1663/1663 1663/1663/1663 
f 1663/1663/1663 1664/1664/1664 1663/1663/1663 
f 1663/1663/1663 1664/1664/1664 1665/1665/1665 
f 1664/1664/1664 1666/1666/1666 1665/1665/1665 
f 1665/1665/1665 1666/1666/1666 1666/1666/1666 
f 1666/1666/1666 1667/1667/1667 1666/1666/1666 
f 1666/1666/1666 1667/1667/1667 1667/1667/1667 
f 1667/1667/1667 1668/1668/1668 1667/1667/1667 
f 1667/1667/1667 1668/1668/1668 1669/1669/1669 
f 1668/1668/1668 1670/1670/1670 1669/1669/1669 
f 82/82/82 83/83/83 84/84/84 
f 85/85/85 86/86/86 87/87/87 
f 469/469/469 406/406/406 408/408/408 
f 947/947/947 882/882/882 884/884/884 
f 1224/1224/1224 1267/1267/1267 1225/1225/1225 
f 1223/1223/1223 1185/1185/1185 1183/1183/1183 
f 1384/1384/1384 1427/1427/1427 1385/1385/1385 
f 1503/1503/1503 1542/1542/1542 1505/1505/1505 
f 1544/1544/1544 1546/1546/1546 1585/1585/1585 
f 1671/1671/1671 1672/1672/1672 1673/1673/1673 
f 1674/1674/1674 1675/1675/1675 1676/1676/1676 
f 1654/1654/1654 1657/1657/1657 1677/1677/1677 
f 1678/1678/1678 1597/1597/1597 1596/1596/1596 

